time,px,py,pz,vx,vy,vz,ax,ay,az
0.0,3.0,0.0,1.5,-0.0,1.0,0.0,-0.3333333432674408,-0.0,0.0
0.01,2.999983310699463,0.00999998115003109,1.5,-0.003333327127620578,0.9999944567680359,0.0,-0.33333149552345276,-0.0011111090425401926,0.0
0.02,2.9999332427978516,0.019999852403998375,1.5,-0.006666617467999458,0.9999777674674988,0.0,-0.33332592248916626,-0.0022222057450562716,0.0
0.03,2.999850034713745,0.029999500140547752,1.5,-0.009999833069741726,0.9999499917030334,0.0,-0.3333166539669037,-0.003333277767524123,0.0
0.04,2.9997334480285645,0.03999881446361542,1.5,-0.013332937844097614,0.9999111294746399,0.0,-0.33330368995666504,-0.004444312769919634,0.0
0.05,2.9995832443237305,0.049997683614492416,1.5,-0.01666589453816414,0.9998611211776733,0.0,-0.3332870304584503,-0.005555298179388046,0.0
0.06,2.9994001388549805,0.05999600142240524,1.5,-0.019998665899038315,0.9998000264167786,0.0,-0.3332666754722595,-0.006666222121566534,0.0
0.07,2.999183416366577,0.06999364495277405,1.5,-0.023331215605139732,0.9997277855873108,0.0,-0.33324259519577026,-0.00777707202360034,0.0
0.08,2.9989333152770996,0.07999052107334137,1.5,-0.026663506403565407,0.9996444582939148,0.0,-0.33321481943130493,-0.008887835778295994,0.0
0.09,2.998650074005127,0.08998650312423706,1.5,-0.029995501041412354,0.9995500445365906,0.0,-0.3331833481788635,-0.009998500347137451,0.0
0.1,2.99833345413208,0.09998147934675217,1.5,-0.03332716226577759,0.9994444847106934,0.0,-0.33314815163612366,-0.011109053157269955,0.0
0.11,2.997983455657959,0.10997535288333893,1.5,-0.036658450961112976,0.9993278384208679,0.0,-0.3331092894077301,-0.012219483964145184,0.0
0.12,2.9976003170013428,0.1199680045247078,1.5,-0.03998933359980583,0.9992001056671143,0.0,-0.3330667018890381,-0.013329777866601944,0.0
0.13,2.9971837997436523,0.1299593150615692,1.5,-0.04331977292895317,0.9990612864494324,0.0,-0.33302041888237,-0.014439924620091915,0.0
0.14,2.9967339038848877,0.13994918763637543,1.5,-0.04664973169565201,0.9989113211631775,0.0,-0.33297044038772583,-0.015549910254776478,0.0
0.15,2.996250867843628,0.14993751049041748,1.5,-0.04997916892170906,0.9987502694129944,0.0,-0.3329167664051056,-0.016659723594784737,0.0
0.16,2.995734453201294,0.15992416441440582,1.5,-0.05330805480480194,0.9985781311988831,0.0,-0.3328593671321869,-0.017769351601600647,0.0
0.17,2.9951846599578857,0.1699090301990509,1.5,-0.05663634464144707,0.9983948469161987,0.0,-0.3327983021736145,-0.01887878216803074,0.0
0.18,2.9946017265319824,0.17989201843738556,1.5,-0.059964004904031754,0.998200535774231,0.0,-0.33273351192474365,-0.019988002255558968,0.0
0.19,2.993985414505005,0.18987300992012024,1.5,-0.06329100579023361,0.997995138168335,0.0,-0.33266502618789673,-0.021097000688314438,0.0
0.2,2.993335723876953,0.1998518854379654,1.5,-0.06661729514598846,0.997778594493866,0.0,-0.3325928747653961,-0.022205764427781105,0.0
0.21,2.9926528930664062,0.20982854068279266,1.5,-0.06994284689426422,0.9975510239601135,0.0,-0.33251699805259705,-0.023314282298088074,0.0
0.22,2.9919369220733643,0.2198028713464737,1.5,-0.0732676237821579,0.9973123073577881,0.0,-0.3324374258518219,-0.0244225412607193,0.0
0.23,2.991187572479248,0.22977475821971893,1.5,-0.07659158110618591,0.9970625638961792,0.0,-0.33235418796539307,-0.025530528277158737,0.0
0.24,2.9904050827026367,0.23974408209323883,1.5,-0.07991469651460648,0.9968017339706421,0.0,-0.33226722478866577,-0.026638232171535492,0.0
0.25,2.9895894527435303,0.24971075356006622,1.5,-0.08323691785335541,0.996529757976532,0.0,-0.3321765959262848,-0.02774563804268837,0.0
0.26,2.9887404441833496,0.25967463850975037,1.5,-0.08655821532011032,0.9962468147277832,0.0,-0.33208227157592773,-0.028852738440036774,0.0
0.27,2.987858295440674,0.2696356475353241,1.5,-0.08987855166196823,0.9959527254104614,0.0,-0.3319842517375946,-0.02995951659977436,0.0
0.28,2.986942768096924,0.27959364652633667,1.5,-0.09319788962602615,0.9956476092338562,0.0,-0.3318825364112854,-0.031065961346030235,0.0
0.29,2.985994338989258,0.2895485758781433,1.5,-0.0965161845088005,0.9953314065933228,0.0,-0.3317771255970001,-0.0321720615029335,0.0
0.3,2.9850125312805176,0.2995002567768097,1.5,-0.0998334139585495,0.9950041770935059,0.0,-0.33166804909706116,-0.033277805894613266,0.0
0.31,2.9839975833892822,0.30944859981536865,1.5,-0.10314953327178955,0.9946658611297607,0.0,-0.3315552771091461,-0.034383177757263184,0.0
0.32,2.9829494953155518,0.319393515586853,1.5,-0.10646451264619827,0.9943165183067322,0.0,-0.3314388394355774,-0.03548816964030266,0.0
0.33,2.981868267059326,0.32933491468429565,1.5,-0.10977829992771149,0.9939560890197754,0.0,-0.3313187062740326,-0.036592766642570496,0.0
0.34,2.9807538986206055,0.3392726182937622,1.5,-0.1130908727645874,0.9935846328735352,0.0,-0.3311948776245117,-0.0376969575881958,0.0
0.35000000000000003,2.9796063899993896,0.3492065668106079,1.5,-0.11640218645334244,0.9932021498680115,0.0,-0.33106738328933716,-0.03880072757601738,0.0
0.36,2.978425979614258,0.3591366112232208,1.5,-0.11971220374107361,0.9928086400032043,0.0,-0.3309362232685089,-0.039904069155454636,0.0
0.37,2.9772121906280518,0.3690626919269562,1.5,-0.12302089482545853,0.9924041032791138,0.0,-0.3308013677597046,-0.041006967425346375,0.0
0.38,2.9759654998779297,0.378984659910202,1.5,-0.1263282150030136,0.991988480091095,0.0,-0.3306628465652466,-0.0421094074845314,0.0
0.39,2.9746856689453125,0.3889024257659912,1.5,-0.12963414192199707,0.9915618896484375,0.0,-0.3305206298828125,-0.04321138188242912,0.0
0.4,2.9733726978302,0.3988158702850342,1.5,-0.13293862342834473,0.9911242723464966,0.0,-0.33037474751472473,-0.04431287571787834,0.0
0.41000000000000003,2.972026824951172,0.4087248742580414,1.5,-0.1362416297197342,0.9906756281852722,0.0,-0.3302251994609833,-0.045413874089717865,0.0
0.42,2.9706480503082275,0.41862934827804565,1.5,-0.13954311609268188,0.9902160167694092,0.0,-0.33007198572158813,-0.046514373272657394,0.0
0.43,2.969236135482788,0.42852917313575745,1.5,-0.14284305274486542,0.9897453784942627,0.0,-0.3299151062965393,-0.04761435091495514,0.0
0.44,2.9677910804748535,0.4384241998195648,1.5,-0.1461414098739624,0.9892637133598328,0.0,-0.3297545611858368,-0.0487138032913208,0.0
0.45,2.966313123703003,0.4483143985271454,1.5,-0.14943812787532806,0.9887710809707642,0.0,-0.3295903503894806,-0.04981271177530289,0.0
0.46,2.9648022651672363,0.4581995904445648,1.5,-0.1527332067489624,0.9882674813270569,0.0,-0.3294224739074707,-0.0509110651910305,0.0
0.47000000000000003,2.9632585048675537,0.46807971596717834,1.5,-0.15602657198905945,0.9877528548240662,0.0,-0.3292509615421295,-0.05200885608792305,0.0
0.48,2.961681842803955,0.477954626083374,1.5,-0.159318208694458,0.9872272610664368,0.0,-0.32907575368881226,-0.053106069564819336,0.0
0.49,2.9600722789764404,0.4878242313861847,1.5,-0.1626080721616745,0.9866907596588135,0.0,-0.3288969099521637,-0.054202690720558167,0.0
0.5,2.9584298133850098,0.4976884126663208,1.5,-0.16589613258838654,0.9861432313919067,0.0,-0.32871440052986145,-0.055298712104558945,0.0
0.51,2.956754207611084,0.5075470209121704,1.5,-0.16918234527111053,0.9855847954750061,0.0,-0.3285282552242279,-0.05639411509037018,0.0
0.52,2.9550459384918213,0.5174000859260559,1.5,-0.1724666804075241,0.985015332698822,0.0,-0.3283384442329407,-0.05748889595270157,0.0
0.53,2.9533050060272217,0.5272473096847534,1.5,-0.17574910819530487,0.984434962272644,0.0,-0.32814499735832214,-0.058583036065101624,0.0
0.54,2.951531171798706,0.5370886921882629,1.5,-0.17902956902980804,0.9838436841964722,0.0,-0.3279478847980499,-0.05967652425169945,0.0
0.55,2.9497244358062744,0.5469241738319397,1.5,-0.18230804800987244,0.9832414388656616,0.0,-0.3277471661567688,-0.060769349336624146,0.0
0.56,2.947885036468506,0.5567535161972046,1.5,-0.18558450043201447,0.9826282858848572,0.0,-0.327542781829834,-0.06186150014400482,0.0
0.5700000000000001,2.9460127353668213,0.5665766596794128,1.5,-0.18885889649391174,0.9820042252540588,0.0,-0.3273347318172455,-0.06295296549797058,0.0
0.58,2.9441077709198,0.5763935446739197,1.5,-0.1921311914920807,0.9813692569732666,0.0,-0.32712307572364807,-0.06404373049736023,0.0
0.59,2.9421701431274414,0.5862040519714355,1.5,-0.19540134072303772,0.9807233810424805,0.0,-0.32690778374671936,-0.06513378024101257,0.0
0.6,2.940199851989746,0.5960080027580261,1.5,-0.19866932928562164,0.9800665974617004,0.0,-0.32668885588645935,-0.06622310727834702,0.0
0.61,2.9381966590881348,0.6058053374290466,1.5,-0.20193511247634888,0.9793989062309265,0.0,-0.32646629214286804,-0.06731170415878296,0.0
0.62,2.9361610412597656,0.6155959367752075,1.5,-0.20519864559173584,0.9787203669548035,0.0,-0.3262401223182678,-0.06839954853057861,0.0
0.63,2.9340927600860596,0.6253796815872192,1.5,-0.20845989882946014,0.9780309200286865,0.0,-0.3260103166103363,-0.06948663294315338,0.0
0.64,2.9319918155670166,0.635156512260437,1.5,-0.2117188423871994,0.9773306250572205,0.0,-0.3257768750190735,-0.07057294994592667,0.0
0.65,2.929858446121216,0.6449262499809265,1.5,-0.21497543156147003,0.9766194820404053,0.0,-0.32553982734680176,-0.07165847718715668,0.0
0.66,2.927692413330078,0.6546888947486877,1.5,-0.21822962164878845,0.9758974313735962,0.0,-0.32529914379119873,-0.07274320721626282,0.0
0.67,2.9254937171936035,0.6644442081451416,1.5,-0.22148139774799347,0.9751645922660828,0.0,-0.3250548541545868,-0.07382713258266449,0.0
0.68,2.92326283454895,0.6741921305656433,1.5,-0.2247307151556015,0.9744209051132202,0.0,-0.32480695843696594,-0.0749102383852005,0.0
0.6900000000000001,2.92099928855896,0.6839325428009033,1.5,-0.22797752916812897,0.9736663699150085,0.0,-0.3245554566383362,-0.07599250972270966,0.0
0.7000000000000001,2.918703079223633,0.6936654448509216,1.5,-0.23122180998325348,0.9729010462760925,0.0,-0.3243003487586975,-0.07707393169403076,0.0
0.71,2.916374683380127,0.7033905386924744,1.5,-0.23446351289749146,0.9721249341964722,0.0,-0.3240416347980499,-0.07815450429916382,0.0
0.72,2.9140138626098633,0.7131078839302063,1.5,-0.2377026230096817,0.9713379740715027,0.0,-0.32377931475639343,-0.07923420518636703,0.0
0.73,2.911620616912842,0.7228173017501831,1.5,-0.24093909561634064,0.9705402255058289,0.0,-0.3235134184360504,-0.08031303435564041,0.0
0.74,2.9091951847076416,0.7325186729431152,1.5,-0.24417288601398468,0.9697316884994507,0.0,-0.3232439160346985,-0.08139096200466156,0.0
0.75,2.9067373275756836,0.7422118782997131,1.5,-0.24740396440029144,0.9689124226570129,0.0,-0.32297080755233765,-0.08246798813343048,0.0
0.76,2.9042470455169678,0.751896858215332,1.5,-0.25063228607177734,0.9680823683738708,0.0,-0.3226941227912903,-0.08354409784078598,0.0
0.77,2.9017245769500732,0.7615734934806824,1.5,-0.25385782122612,0.9672415256500244,0.0,-0.3224138617515564,-0.08461927622556686,0.0
0.78,2.899169921875,0.7712416648864746,1.5,-0.2570805549621582,0.9663899540901184,0.0,-0.3221299946308136,-0.08569351583719254,0.0
0.79,2.896583080291748,0.7809012532234192,1.5,-0.2603004276752472,0.9655276536941528,0.0,-0.3218425512313843,-0.0867668092250824,0.0
0.8,2.8939640522003174,0.7905521988868713,1.5,-0.2635173797607422,0.9646546244621277,0.0,-0.3215515613555908,-0.08783913403749466,0.0
0.81,2.891312599182129,0.8001943230628967,1.5,-0.2667314410209656,0.9637709259986877,0.0,-0.32125696539878845,-0.08891047537326813,0.0
0.8200000000000001,2.888629198074341,0.8098275661468506,1.5,-0.2699425220489502,0.9628764390945435,0.0,-0.32095882296562195,-0.0899808406829834,0.0
0.8300000000000001,2.885913848876953,0.8194518089294434,1.5,-0.27315059304237366,0.9619712829589844,0.0,-0.3206571042537689,-0.09105020016431808,0.0
0.84,2.8831663131713867,0.8290669322013855,1.5,-0.27635565400123596,0.9610554575920105,0.0,-0.32035180926322937,-0.09211854636669159,0.0
0.85,2.8803868293762207,0.8386728763580322,1.5,-0.27955761551856995,0.960128903388977,0.0,-0.3200429677963257,-0.09318587183952332,0.0
0.86,2.877575159072876,0.8482694625854492,1.5,-0.282756507396698,0.9591917395591736,0.0,-0.31973057985305786,-0.09425216168165207,0.0
0.87,2.8747315406799316,0.8578566908836365,1.5,-0.28595221042633057,0.9582438468933105,0.0,-0.3194146156311035,-0.09531740844249725,0.0
0.88,2.871856212615967,0.8674343228340149,1.5,-0.2891447842121124,0.9572854042053223,0.0,-0.3190951347351074,-0.09638158977031708,0.0
0.89,2.8689486980438232,0.8770023584365845,1.5,-0.29233410954475403,0.9563162326812744,0.0,-0.3187720775604248,-0.09744470566511154,0.0
0.9,2.866009473800659,0.8865606188774109,1.5,-0.29552021622657776,0.9553365111351013,0.0,-0.31844550371170044,-0.09850673377513885,0.0
0.91,2.8630383014678955,0.8961090445518494,1.5,-0.29870301485061646,0.9543461203575134,0.0,-0.31811538338661194,-0.09956767410039902,0.0
0.92,2.8600354194641113,0.9056475162506104,1.5,-0.3018825054168701,0.9533451199531555,0.0,-0.3177817165851593,-0.10062750428915024,0.0
0.93,2.8570008277893066,0.9151759147644043,1.5,-0.30505862832069397,0.9523335695266724,0.0,-0.3174445331096649,-0.10168620944023132,0.0
0.9400000000000001,2.8539342880249023,0.9246941208839417,1.5,-0.308231383562088,0.9513114094734192,0.0,-0.3171038031578064,-0.10274379700422287,0.0
0.9500000000000001,2.8508360385894775,0.9342020750045776,1.5,-0.31140071153640747,0.9502786993980408,0.0,-0.31675955653190613,-0.10380023717880249,0.0
0.96,2.8477063179016113,0.9436996579170227,1.5,-0.31456655263900757,0.9492354393005371,0.0,-0.3164117932319641,-0.10485552251338959,0.0
0.97,2.8445448875427246,0.9531867504119873,1.5,-0.3177289366722107,0.9481815695762634,0.0,-0.31606054306030273,-0.10590963810682297,0.0
0.98,2.8413517475128174,0.9626632928848267,1.5,-0.3208877742290497,0.9471172094345093,0.0,-0.3157057464122772,-0.10696258395910263,0.0
0.99,2.8381271362304688,0.9721291065216064,1.5,-0.32404303550720215,0.9460423588752747,0.0,-0.31534743309020996,-0.10801434516906738,0.0
1.0,2.8348708152770996,0.9815840721130371,1.5,-0.3271946907043457,0.9449569582939148,0.0,-0.3149856626987457,-0.10906489938497543,0.0
1.01,2.831583261489868,0.9910281896591187,1.5,-0.33034273982048035,0.9438610672950745,0.0,-0.31462034583091736,-0.11011424660682678,0.0
1.02,2.828263998031616,1.000461220741272,1.5,-0.3334870934486389,0.9427546858787537,0.0,-0.31425154209136963,-0.11116236448287964,0.0
1.03,2.824913501739502,1.0098832845687866,1.5,-0.3366277515888214,0.9416378140449524,0.0,-0.3138792812824249,-0.112209253013134,0.0
1.04,2.8215315341949463,1.019294023513794,1.5,-0.33976465463638306,0.9405105113983154,0.0,-0.3135035037994385,-0.11325488984584808,0.0
1.05,2.818118095397949,1.028693437576294,1.5,-0.34289780259132385,0.939372718334198,0.0,-0.31312423944473267,-0.11429926753044128,0.0
1.06,2.81467342376709,1.038081407546997,1.5,-0.346027135848999,0.9382244944572449,0.0,-0.3127414882183075,-0.11534237861633301,0.0
1.07,2.811197519302368,1.0474579334259033,1.5,-0.3491526246070862,0.937065839767456,0.0,-0.31235527992248535,-0.11638420820236206,0.0
1.08,2.807690382003784,1.056822657585144,1.5,-0.35227423906326294,0.9358968138694763,0.0,-0.31196561455726624,-0.11742474138736725,0.0
1.09,2.804152250289917,1.0661758184432983,1.5,-0.3553919196128845,0.9347173571586609,0.0,-0.31157246232032776,-0.11846397817134857,0.0
1.1,2.8005826473236084,1.0755170583724976,1.5,-0.3585056662559509,0.9335275292396545,0.0,-0.3111758530139923,-0.11950188875198364,0.0
1.11,2.7969820499420166,1.0848462581634521,1.5,-0.3616154193878174,0.9323273301124573,0.0,-0.3107757866382599,-0.12053848057985306,0.0
1.12,2.7933504581451416,1.0941635370254517,1.5,-0.3647211790084839,0.9311167597770691,0.0,-0.3103722631931305,-0.12157372385263443,0.0
1.1300000000000001,2.7896876335144043,1.103468656539917,1.5,-0.3678228557109833,0.9298958778381348,0.0,-0.3099652826786041,-0.12260761857032776,0.0
1.1400000000000001,2.785993814468384,1.112761378288269,1.5,-0.37092047929763794,0.9286646246910095,0.0,-0.3095548748970032,-0.12364015728235245,0.0
1.1500000000000001,2.782269239425659,1.1220418214797974,1.5,-0.3740139603614807,0.9274230599403381,0.0,-0.30914103984832764,-0.1246713176369667,0.0
1.16,2.7785136699676514,1.1313098669052124,1.5,-0.3771032691001892,0.9261712431907654,0.0,-0.3087237477302551,-0.12570109963417053,0.0
1.17,2.7747271060943604,1.140565276145935,1.5,-0.3801884055137634,0.9249090552330017,0.0,-0.30830302834510803,-0.12672947347164154,0.0
1.18,2.7709097862243652,1.1498079299926758,1.5,-0.383269339799881,0.9236366152763367,0.0,-0.30787888169288635,-0.12775644659996033,0.0
1.19,2.767061710357666,1.1590379476547241,1.5,-0.3863459825515747,0.9223539233207703,0.0,-0.3074513077735901,-0.1287819892168045,0.0
1.2,2.7631828784942627,1.1682549715042114,1.5,-0.3894183337688446,0.9210609793663025,0.0,-0.3070203363895416,-0.12980611622333527,0.0
1.21,2.7592735290527344,1.1774591207504272,1.5,-0.3924863636493683,0.9197578430175781,0.0,-0.3065859377384186,-0.13082879781723022,0.0
1.22,2.755333185195923,1.1866501569747925,1.5,-0.39555004239082336,0.9184443950653076,0.0,-0.30614814162254333,-0.13185001909732819,0.0
1.23,2.7513625621795654,1.1958279609680176,1.5,-0.39860934019088745,0.9171208143234253,0.0,-0.3057069480419159,-0.13286978006362915,0.0
1.24,2.747361183166504,1.2049925327301025,1.5,-0.4016641676425934,0.9157870411872864,0.0,-0.30526235699653625,-0.13388806581497192,0.0
1.25,2.7433292865753174,1.2141436338424683,1.5,-0.40471455454826355,0.9144430756568909,0.0,-0.3048143684864044,-0.1349048614501953,0.0
1.26,2.739266872406006,1.2232813835144043,1.5,-0.4077604413032532,0.9130889177322388,0.0,-0.3043629825115204,-0.13592015206813812,0.0
1.27,2.7351739406585693,1.232405424118042,1.5,-0.41080179810523987,0.9117246866226196,0.0,-0.30390822887420654,-0.13693393766880035,0.0
1.28,2.731050729751587,1.241515874862671,1.5,-0.41383859515190125,0.9103502631187439,0.0,-0.3034500777721405,-0.1379462033510208,0.0
1.29,2.7268972396850586,1.2506123781204224,1.5,-0.4168708026409149,0.9089657664299011,0.0,-0.30298858880996704,-0.1389569342136383,0.0
1.3,2.7227134704589844,1.259695053100586,1.5,-0.4198983609676361,0.9075711369514465,0.0,-0.3025237023830414,-0.13996611535549164,0.0
1.31,2.718499183654785,1.268763780593872,1.5,-0.4229212701320648,0.9061664342880249,0.0,-0.3020554780960083,-0.140973761677742,0.0
1.32,2.7142550945281982,1.2778184413909912,1.5,-0.4259394705295563,0.9047516584396362,0.0,-0.3015838861465454,-0.14197982847690582,0.0
1.33,2.7099804878234863,1.2868587970733643,1.5,-0.4289529323577881,0.9033268690109253,0.0,-0.3011089563369751,-0.1429843157529831,0.0
1.34,2.7056758403778076,1.2958848476409912,1.5,-0.43196162581443787,0.9018920063972473,0.0,-0.300630658864975,-0.14398720860481262,0.0
1.35,2.701341390609741,1.304896593093872,1.5,-0.4349655210971832,0.9004471302032471,0.0,-0.30014902353286743,-0.1449885070323944,0.0
1.36,2.696976661682129,1.3138937950134277,1.5,-0.4379645884037018,0.8989922404289246,0.0,-0.29966408014297485,-0.14598819613456726,0.0
1.37,2.692582130432129,1.3228764533996582,1.5,-0.44095879793167114,0.8975273370742798,0.0,-0.29917576909065247,-0.14698626101016998,0.0
1.3800000000000001,2.688157558441162,1.3318443298339844,1.5,-0.4439481198787689,0.8960524797439575,0.0,-0.29868417978286743,-0.14798270165920258,0.0
1.3900000000000001,2.6837031841278076,1.3407974243164062,1.5,-0.44693246483802795,0.8945676684379578,0.0,-0.2981892228126526,-0.14897748827934265,0.0
1.4000000000000001,2.6792187690734863,1.3497356176376343,1.5,-0.449911892414093,0.8930729627609253,0.0,-0.2976909875869751,-0.1499706208705902,0.0
1.41,2.6747047901153564,1.3586589097976685,1.5,-0.45288628339767456,0.8915683031082153,0.0,-0.2971894145011902,-0.15096209943294525,0.0
1.42,2.670161247253418,1.3675669431686401,1.5,-0.45585566759109497,0.8900536894798279,0.0,-0.2966845631599426,-0.1519518792629242,0.0
1.43,2.6655876636505127,1.3764599561691284,1.5,-0.4588199555873871,0.8885292410850525,0.0,-0.2961764335632324,-0.15293999016284943,0.0
1.44,2.660984754562378,1.385337471961975,1.5,-0.4617791771888733,0.8869948983192444,0.0,-0.2956649661064148,-0.15392638742923737,0.0
1.45,2.6563522815704346,1.3941997289657593,1.5,-0.4647332429885864,0.8854507207870483,0.0,-0.2951502501964569,-0.1549110859632492,0.0
1.46,2.6516900062561035,1.4030464887619019,1.5,-0.4676821827888489,0.8838967084884644,0.0,-0.294632226228714,-0.15589405596256256,0.0
1.47,2.646998643875122,1.4118776321411133,1.5,-0.4706258773803711,0.8823328614234924,0.0,-0.2941109538078308,-0.15687529742717743,0.0
1.48,2.642277717590332,1.4206931591033936,1.5,-0.47356438636779785,0.8807591795921326,0.0,-0.293586403131485,-0.15785479545593262,0.0
1.49,2.6375272274017334,1.4294928312301636,1.5,-0.4764975905418396,0.8791757822036743,0.0,-0.2930586040019989,-0.15883253514766693,0.0
1.5,2.6327476501464844,1.4382766485214233,1.5,-0.4794255495071411,0.8775825500488281,0.0,-0.29252752661705017,-0.15980851650238037,0.0
1.51,2.627938747406006,1.4470444917678833,1.5,-0.48234814405441284,0.8759796023368835,0.0,-0.2919932007789612,-0.16078270971775055,0.0
1.52,2.623100757598877,1.4557961225509644,1.5,-0.4852654039859772,0.8743669390678406,0.0,-0.29145562648773193,-0.16175512969493866,0.0
1.53,2.6182334423065186,1.4645317792892456,1.5,-0.48817723989486694,0.8727445006370544,0.0,-0.2909148335456848,-0.16272574663162231,0.0
1.54,2.613337278366089,1.4732509851455688,1.5,-0.49108368158340454,0.8711124062538147,0.0,-0.29037079215049744,-0.1636945605278015,0.0
1.55,2.6084117889404297,1.4819539785385132,1.5,-0.4939846396446228,0.8694705963134766,0.0,-0.2898235321044922,-0.16466155648231506,0.0
1.56,2.603457450866699,1.49064040184021,1.5,-0.4968801438808441,0.8678191900253296,0.0,-0.28927305340766907,-0.16562671959400177,0.0
1.57,2.5984742641448975,1.4993102550506592,1.5,-0.4997701048851013,0.8661580681800842,0.0,-0.2887193560600281,-0.16659003496170044,0.0
1.58,2.5934622287750244,1.5079635381698608,1.5,-0.502654492855072,0.8644874095916748,0.0,-0.2881624698638916,-0.16755150258541107,0.0
1.59,2.588421106338501,1.5166000127792358,1.5,-0.5055333375930786,0.8628070950508118,0.0,-0.28760236501693726,-0.16851110756397247,0.0
1.6,2.5833516120910645,1.5252196788787842,1.5,-0.5084065794944763,0.8611171841621399,0.0,-0.28703904151916504,-0.16946884989738464,0.0
1.61,2.5782530307769775,1.5338222980499268,1.5,-0.5112740993499756,0.8594176769256592,0.0,-0.2864725589752197,-0.1704246997833252,0.0
1.62,2.5731260776519775,1.5424079895019531,1.5,-0.514136016368866,0.8577086925506592,0.0,-0.28590288758277893,-0.17137865722179413,0.0
1.6300000000000001,2.5679705142974854,1.5509765148162842,1.5,-0.5169921517372131,0.8559901118278503,0.0,-0.28533005714416504,-0.17233072221279144,0.0
1.6400000000000001,2.562786102294922,1.5595277547836304,1.5,-0.5198425650596619,0.8542620539665222,0.0,-0.28475403785705566,-0.17328086495399475,0.0
1.6500000000000001,2.5575735569000244,1.5680617094039917,1.5,-0.5226872563362122,0.8525245189666748,0.0,-0.2841748297214508,-0.17422907054424286,0.0
1.6600000000000001,2.5523324012756348,1.5765782594680786,1.5,-0.5255260467529297,0.8507775068283081,0.0,-0.28359249234199524,-0.17517535388469696,0.0
1.67,2.547063112258911,1.585077166557312,1.5,-0.528359055519104,0.8490210175514221,0.0,-0.2830069959163666,-0.17611968517303467,0.0
1.68,2.5417654514312744,1.5935585498809814,1.5,-0.5311862230300903,0.8472551107406616,0.0,-0.2824183702468872,-0.17706206440925598,0.0
1.69,2.5364394187927246,1.6020222902297974,1.5,-0.5340074300765991,0.8454797863960266,0.0,-0.28182658553123474,-0.1780024766921997,0.0
1.7,2.531085252761841,1.6104681491851807,1.5,-0.5368227362632751,0.8436950445175171,0.0,-0.28123170137405396,-0.17894090712070465,0.0
1.71,2.525702953338623,1.6188961267471313,1.5,-0.5396320223808289,0.8419010043144226,0.0,-0.2806336581707001,-0.1798773556947708,0.0
1.72,2.5202925205230713,1.6273061037063599,1.5,-0.5424354076385498,0.8400975465774536,0.0,-0.28003251552581787,-0.1808117926120758,0.0
1.73,2.5148541927337646,1.6356980800628662,1.5,-0.5452327132225037,0.8382847309112549,0.0,-0.27942824363708496,-0.18174423277378082,0.0
1.74,2.509387969970703,1.6440718173980713,1.5,-0.5480239391326904,0.836462676525116,0.0,-0.27882087230682373,-0.18267464637756348,0.0
1.75,2.5038938522338867,1.652427315711975,1.5,-0.5508090853691101,0.8346312642097473,0.0,-0.27821043133735657,-0.18360303342342377,0.0
1.76,2.4983718395233154,1.660764455795288,1.5,-0.5535881519317627,0.8327906131744385,0.0,-0.2775968611240387,-0.1845293790102005,0.0
1.77,2.4928219318389893,1.6690831184387207,1.5,-0.5563610196113586,0.8309406638145447,0.0,-0.2769802212715149,-0.18545366823673248,0.0
1.78,2.4872446060180664,1.6773831844329834,1.5,-0.5591277480125427,0.8290815353393555,0.0,-0.27636051177978516,-0.1863759160041809,0.0
1.79,2.4816393852233887,1.6856646537780762,1.5,-0.5618882179260254,0.8272131681442261,0.0,-0.2757377326488495,-0.1872960776090622,0.0
1.8,2.4760067462921143,1.6939274072647095,1.5,-0.5646424889564514,0.8253356218338013,0.0,-0.2751118838787079,-0.18821415305137634,0.0
1.81,2.470346689224243,1.7021713256835938,1.5,-0.5673904418945312,0.823448896408081,0.0,-0.27448296546936035,-0.18913015723228455,0.0
1.82,2.4646589756011963,1.710396409034729,1.5,-0.5701321363449097,0.8215529918670654,0.0,-0.2738510072231293,-0.19004404544830322,0.0
1.83,2.458944082260132,1.7186024188995361,1.5,-0.5728674530982971,0.819648027420044,0.0,-0.27321600914001465,-0.19095581769943237,0.0
1.84,2.4532017707824707,1.7267893552780151,1.5,-0.5755964517593384,0.817733883857727,0.0,-0.2725779712200165,-0.191865473985672,0.0
1.85,2.447432041168213,1.734956979751587,1.5,-0.5783190131187439,0.8158107399940491,0.0,-0.27193689346313477,-0.1927729994058609,0.0
1.86,2.4416353702545166,1.7431055307388306,1.5,-0.5810351371765137,0.8138784766197205,0.0,-0.2712928056716919,-0.19367839395999908,0.0
1.87,2.4358115196228027,1.751234531402588,1.5,-0.5837448835372925,0.811937153339386,0.0,-0.27064570784568787,-0.19458161294460297,0.0
1.8800000000000001,2.4299604892730713,1.759344220161438,1.5,-0.586448073387146,0.8099868297576904,0.0,-0.2699955999851227,-0.19548268616199493,0.0
1.8900000000000001,2.4240825176239014,1.7674342393875122,1.5,-0.589144766330719,0.8080275058746338,0.0,-0.2693425118923187,-0.1963815838098526,0.0
1.9000000000000001,2.418177604675293,1.7755047082901,1.5,-0.5918349027633667,0.8060591816902161,0.0,-0.2686864137649536,-0.19727830588817596,0.0
1.9100000000000001,2.412245750427246,1.7835553884506226,1.5,-0.5945184826850891,0.8040819764137268,0.0,-0.26802730560302734,-0.19817282259464264,0.0
1.92,2.40628719329834,1.7915862798690796,1.5,-0.5971954464912415,0.8020957708358765,0.0,-0.2673652470111847,-0.19906514883041382,0.0
1.93,2.400301933288574,1.7995972633361816,1.5,-0.5998657941818237,0.8001006245613098,0.0,-0.26670020818710327,-0.19995525479316711,0.0
1.94,2.394289970397949,1.8075883388519287,1.5,-0.6025294065475464,0.7980966567993164,0.0,-0.26603221893310547,-0.20084314048290253,0.0
1.95,2.388251304626465,1.8155592679977417,1.5,-0.605186402797699,0.7960838079452515,0.0,-0.2653612792491913,-0.20172880589962006,0.0
1.96,2.3821861743927,1.823509931564331,1.5,-0.6078366637229919,0.794062077999115,0.0,-0.26468735933303833,-0.20261222124099731,0.0
1.97,2.3760945796966553,1.8314404487609863,1.5,-0.6104801297187805,0.7920315861701965,0.0,-0.2640105187892914,-0.2034933865070343,0.0
1.98,2.369976758956909,1.8393505811691284,1.5,-0.6131168603897095,0.7899922132492065,0.0,-0.26333075761795044,-0.20437228679656982,0.0
1.99,2.363832473754883,1.8472402095794678,1.5,-0.6157467365264893,0.7879441380500793,0.0,-0.2626480460166931,-0.20524892210960388,0.0
2.0,2.357661724090576,1.855109453201294,1.5,-0.6183698177337646,0.7858872413635254,0.0,-0.2619624137878418,-0.2061232626438141,0.0
2.0100000000000002,2.3514649868011475,1.8629579544067383,1.5,-0.6209859848022461,0.7838216423988342,0.0,-0.26127389073371887,-0.20699532330036163,0.0
2.02,2.3452420234680176,1.8707858324050903,1.5,-0.6235952973365784,0.7817473411560059,0.0,-0.26058244705200195,-0.20786508917808533,0.0
2.0300000000000002,2.3389930725097656,1.878592848777771,1.5,-0.6261976361274719,0.7796643972396851,0.0,-0.2598881125450134,-0.20873254537582397,0.0
2.04,2.3327181339263916,1.8863791227340698,1.5,-0.6287930011749268,0.7775726914405823,0.0,-0.2591909170150757,-0.20959767699241638,0.0
2.05,2.3264172077178955,1.8941442966461182,1.5,-0.6313814520835876,0.7754724025726318,0.0,-0.25849080085754395,-0.21046048402786255,0.0
2.06,2.3200905323028564,1.9018884897232056,1.5,-0.6339628100395203,0.7733635306358337,0.0,-0.2577878534793854,-0.2113209366798401,0.0
2.07,2.3137381076812744,1.9096115827560425,1.5,-0.6365371942520142,0.7712460160255432,0.0,-0.2570820152759552,-0.2121790647506714,0.0
2.08,2.3073599338531494,1.9173133373260498,1.5,-0.6391044855117798,0.769119918346405,0.0,-0.2563733160495758,-0.21303482353687286,0.0
2.09,2.3009560108184814,1.924993872642517,1.5,-0.6416646242141724,0.766985297203064,0.0,-0.2556617856025696,-0.21388821303844452,0.0
2.1,2.2945265769958496,1.9326530694961548,1.5,-0.6442176699638367,0.7648422122001648,0.0,-0.25494739413261414,-0.21473923325538635,0.0
2.11,2.288071632385254,1.9402906894683838,1.5,-0.6467635631561279,0.762690544128418,0.0,-0.25423017144203186,-0.21558785438537598,0.0
2.12,2.2815914154052734,1.9479068517684937,1.5,-0.6493023037910461,0.760530412197113,0.0,-0.25351014733314514,-0.21643409132957458,0.0
2.13,2.275085687637329,1.9555013179779053,1.5,-0.6518337726593018,0.7583618760108948,0.0,-0.2527872920036316,-0.21727792918682098,0.0
2.14,2.2685546875,1.9630740880966187,1.5,-0.6543580293655396,0.7561848759651184,0.0,-0.2520616352558136,-0.21811933815479279,0.0
2.15,2.261998414993286,1.9706249237060547,1.5,-0.6568750143051147,0.7539994716644287,0.0,-0.25133317708969116,-0.21895833313465118,0.0
2.16,2.2554171085357666,1.9781540632247925,1.5,-0.6593846678733826,0.7518057227134705,0.0,-0.2506019175052643,-0.2197948843240738,0.0
2.17,2.2488107681274414,1.9856610298156738,1.5,-0.6618870496749878,0.7496036291122437,0.0,-0.24986787140369415,-0.2206290066242218,0.0
2.18,2.2421793937683105,1.9931460618972778,1.5,-0.6643820405006409,0.7473931312561035,0.0,-0.24913105368614197,-0.22146067023277283,0.0
2.19,2.235523223876953,2.0006089210510254,1.5,-0.6668696403503418,0.7451744079589844,0.0,-0.24839146435260773,-0.22228987514972687,0.0
2.2,2.22884202003479,2.008049488067627,1.5,-0.6693498492240906,0.7429473400115967,0.0,-0.24764911830425262,-0.22311660647392273,0.0
2.21,2.2221362590789795,2.015467882156372,1.5,-0.6718226075172424,0.7407121062278748,0.0,-0.24690403044223785,-0.2239408642053604,0.0
2.22,2.2154057025909424,2.0228636264801025,1.5,-0.6742879152297974,0.738468587398529,0.0,-0.24615618586540222,-0.22476263344287872,0.0
2.23,2.208650588989258,2.0302371978759766,1.5,-0.6767457127571106,0.7362168431282043,0.0,-0.24540561437606812,-0.22558191418647766,0.0
2.24,2.2018706798553467,2.037588119506836,1.5,-0.6791960000991821,0.7339569330215454,0.0,-0.24465231597423553,-0.22639867663383484,0.0
2.25,2.1950666904449463,2.0449163913726807,1.5,-0.681638777256012,0.7316888570785522,0.0,-0.24389629065990448,-0.22721292078495026,0.0
2.2600000000000002,2.1882381439208984,2.0522217750549316,1.5,-0.6840739250183105,0.7294126749038696,0.0,-0.24313755333423615,-0.2280246466398239,0.0
2.27,2.181385040283203,2.059504508972168,1.5,-0.6865015029907227,0.7271283864974976,0.0,-0.24237613379955292,-0.22883383929729462,0.0
2.2800000000000002,2.1745080947875977,2.0667643547058105,1.5,-0.6889214515686035,0.724835991859436,0.0,-0.2416120022535324,-0.22964048385620117,0.0
2.29,2.167606830596924,2.0740013122558594,1.5,-0.6913337111473083,0.7225356101989746,0.0,-0.240845188498497,-0.23044458031654358,0.0
2.3000000000000003,2.1606814861297607,2.0812149047851562,1.5,-0.6937383413314819,0.7202271223068237,0.0,-0.2400757074356079,-0.23124611377716064,0.0
2.31,2.1537320613861084,2.0884056091308594,1.5,-0.6961352229118347,0.717910647392273,0.0,-0.2393035590648651,-0.23204508423805237,0.0
2.32,2.146758794784546,2.0955731868743896,1.5,-0.6985244154930115,0.715586245059967,0.0,-0.23852874338626862,-0.23284146189689636,0.0
2.33,2.139761447906494,2.102717399597168,1.5,-0.7009057998657227,0.7132538557052612,0.0,-0.2377512902021408,-0.23363526165485382,0.0
2.34,2.1327404975891113,2.1098382472991943,1.5,-0.703279435634613,0.7109135389328003,0.0,-0.2369711846113205,-0.23442646861076355,0.0
2.35,2.1256959438323975,2.1169357299804688,1.5,-0.7056452035903931,0.708565354347229,0.0,-0.23618844151496887,-0.23521506786346436,0.0
2.36,2.1186277866363525,2.124009609222412,1.5,-0.7080031633377075,0.7062092423439026,0.0,-0.23540307581424713,-0.23600105941295624,0.0
2.37,2.1115360260009766,2.1310598850250244,1.5,-0.7103532552719116,0.7038453221321106,0.0,-0.23461510241031647,-0.236784428358078,0.0
2.38,2.1044206619262695,2.1380863189697266,1.5,-0.7126954793930054,0.701473593711853,0.0,-0.23382452130317688,-0.23756515979766846,0.0
2.39,2.0972821712493896,2.1450891494750977,1.5,-0.715029776096344,0.6990939974784851,0.0,-0.23303134739398956,-0.2383432537317276,0.0
2.4,2.0901200771331787,2.1520683765411377,1.5,-0.7173560857772827,0.6967067122459412,0.0,-0.23223556578159332,-0.23911869525909424,0.0
2.41,2.082934856414795,2.1590232849121094,1.5,-0.7196744680404663,0.6943116784095764,0.0,-0.23143722116947174,-0.23989148437976837,0.0
2.42,2.0757267475128174,2.16595458984375,1.5,-0.7219848036766052,0.6919088959693909,0.0,-0.23063629865646362,-0.2406616061925888,0.0
2.43,2.068495273590088,2.1728615760803223,1.5,-0.7242871522903442,0.6894984245300293,0.0,-0.22983281314373016,-0.24142906069755554,0.0
2.44,2.0612409114837646,2.1797444820404053,1.5,-0.7265814542770386,0.6870803236961365,0.0,-0.22902677953243256,-0.2421938180923462,0.0
2.45,2.0539636611938477,2.18660306930542,1.5,-0.7288677096366882,0.6846545934677124,0.0,-0.2282181829214096,-0.24295589327812195,0.0
2.46,2.046663522720337,2.1934375762939453,1.5,-0.7311458587646484,0.6822212338447571,0.0,-0.2274070680141449,-0.24371527135372162,0.0
2.47,2.0393407344818115,2.2002475261688232,1.5,-0.7334158420562744,0.6797802448272705,0.0,-0.22659341990947723,-0.244471937417984,0.0
2.48,2.0319952964782715,2.207033157348633,1.5,-0.7356777191162109,0.677331805229187,0.0,-0.2257772535085678,-0.24522589147090912,0.0
2.49,2.024627208709717,2.213794231414795,1.5,-0.7379313707351685,0.6748757362365723,0.0,-0.22495858371257782,-0.24597711861133575,0.0
2.5,2.0172367095947266,2.2205305099487305,1.5,-0.7401768565177917,0.6724122166633606,0.0,-0.22413741052150726,-0.24672561883926392,0.0
2.5100000000000002,2.009823799133301,2.2272422313690186,1.5,-0.742414116859436,0.669941246509552,0.0,-0.22331374883651733,-0.2474713772535324,0.0
2.52,2.0023884773254395,2.233929395675659,1.5,-0.7446430921554565,0.6674628257751465,0.0,-0.22248761355876923,-0.24821437895298004,0.0
2.5300000000000002,1.9949309825897217,2.240591526031494,1.5,-0.746863842010498,0.664976954460144,0.0,-0.22165898978710175,-0.2489546239376068,0.0
2.54,1.987451195716858,2.2472288608551025,1.5,-0.7490763068199158,0.6624837517738342,0.0,-0.22082790732383728,-0.24969209730625153,0.0
2.5500000000000003,1.9799494743347168,2.2538411617279053,1.5,-0.7512804269790649,0.6599831581115723,0.0,-0.21999438107013702,-0.2504267990589142,0.0
2.56,1.9724256992340088,2.2604284286499023,1.5,-0.7534761428833008,0.6574752330780029,0.0,-0.21915841102600098,-0.2511587142944336,0.0
2.57,1.9648799896240234,2.2669906616210938,1.5,-0.7556635737419128,0.6549599766731262,0.0,-0.21831999719142914,-0.25188785791397095,0.0
2.58,1.9573123455047607,2.2735276222229004,1.5,-0.7578425407409668,0.6524374485015869,0.0,-0.2174791544675827,-0.25261420011520386,0.0
2.59,1.9497231245040894,2.2800393104553223,1.5,-0.7600131630897522,0.6499077081680298,0.0,-0.21663589775562286,-0.25333771109580994,0.0
2.6,1.9421122074127197,2.2865257263183594,1.5,-0.7621752619743347,0.6473706960678101,0.0,-0.21579024195671082,-0.2540584206581116,0.0
2.61,1.9344795942306519,2.2929868698120117,1.5,-0.7643289566040039,0.6448265314102173,0.0,-0.21494218707084656,-0.2547762989997864,0.0
2.62,1.9268256425857544,2.299422264099121,1.5,-0.7664741277694702,0.6422752141952515,0.0,-0.2140917330980301,-0.25549137592315674,0.0
2.63,1.9191502332687378,2.3058323860168457,1.5,-0.7686107754707336,0.6397167444229126,0.0,-0.2132389098405838,-0.2562035918235779,0.0
2.64,1.9114534854888916,2.3122165203094482,1.5,-0.7707388997077942,0.6371511220932007,0.0,-0.2123837172985077,-0.2569129467010498,0.0
2.65,1.9037353992462158,2.318575382232666,1.5,-0.7728584408760071,0.6345784664154053,0.0,-0.21152615547180176,-0.2576194703578949,0.0
2.66,1.895996332168579,2.3249082565307617,1.5,-0.7749693989753723,0.6319987773895264,0.0,-0.2106662541627884,-0.25832313299179077,0.0
2.67,1.8882360458374023,2.3312151432037354,1.5,-0.7770717740058899,0.629412055015564,0.0,-0.2098040133714676,-0.25902390480041504,0.0
2.68,1.8804548978805542,2.337496519088745,1.5,-0.7791654467582703,0.6268182992935181,0.0,-0.20893943309783936,-0.2597218155860901,0.0
2.69,1.8726527690887451,2.3437516689300537,1.5,-0.781250536441803,0.6242176294326782,0.0,-0.20807252824306488,-0.26041683554649353,0.0
2.7,1.8648298978805542,2.3499808311462402,1.5,-0.7833269238471985,0.6216099858283997,0.0,-0.20720332860946655,-0.26110896468162537,0.0
2.71,1.8569862842559814,2.3561837673187256,1.5,-0.7853946089744568,0.6189954280853271,0.0,-0.20633180439472198,-0.2617982029914856,0.0
2.72,1.8491220474243164,2.362360715866089,1.5,-0.7874535322189331,0.6163740158081055,0.0,-0.20545800030231476,-0.26248452067375183,0.0
2.73,1.8412373065948486,2.368511199951172,1.5,-0.7895037531852722,0.6137457489967346,0.0,-0.20458191633224487,-0.2631679177284241,0.0
2.74,1.8333319425582886,2.3746354579925537,1.5,-0.7915451526641846,0.6111106872558594,0.0,-0.20370355248451233,-0.2638483941555023,0.0
2.75,1.8254064321517944,2.3807334899902344,1.5,-0.7935777902603149,0.608468770980835,0.0,-0.20282292366027832,-0.2645259201526642,0.0
2.7600000000000002,1.8174604177474976,2.3868048191070557,1.5,-0.7956016063690186,0.6058201789855957,0.0,-0.20194005966186523,-0.26520052552223206,0.0
2.77,1.8094943761825562,2.3928496837615967,1.5,-0.7976166009902954,0.603164792060852,0.0,-0.20105493068695068,-0.26587221026420593,0.0
2.7800000000000002,1.8015081882476807,2.3988680839538574,1.5,-0.7996227145195007,0.6005027294158936,0.0,-0.20016758143901825,-0.26654091477394104,0.0
2.79,1.7935019731521606,2.404859781265259,1.5,-0.8016199469566345,0.5978339910507202,0.0,-0.19927799701690674,-0.2672066390514374,0.0
2.8000000000000003,1.7854758501052856,2.410824775695801,1.5,-0.803608238697052,0.595158576965332,0.0,-0.19838620722293854,-0.26786941289901733,0.0
2.81,1.7774298191070557,2.4167630672454834,1.5,-0.805587649345398,0.5924766063690186,0.0,-0.19749219715595245,-0.2685292065143585,0.0
2.82,1.7693641185760498,2.4226744174957275,1.5,-0.8075581192970276,0.589788019657135,0.0,-0.19659601151943207,-0.26918601989746094,0.0
2.83,1.7612786293029785,2.428558826446533,1.5,-0.8095195889472961,0.5870928764343262,0.0,-0.1956976354122162,-0.2698398530483246,0.0
2.84,1.7531737089157104,2.4344160556793213,1.5,-0.8114720582962036,0.5843912363052368,0.0,-0.194797083735466,-0.2704906761646271,0.0
2.85,1.745049238204956,2.44024658203125,1.5,-0.81341552734375,0.5816830992698669,0.0,-0.19389435648918152,-0.2711384892463684,0.0
2.86,1.7369054555892944,2.446049690246582,1.5,-0.8153499364852905,0.5789684653282166,0.0,-0.1929894983768463,-0.27178332209587097,0.0
2.87,1.728742241859436,2.4518258571624756,1.5,-0.8172752857208252,0.5762474536895752,0.0,-0.192082479596138,-0.2724250853061676,0.0
2.88,1.7205599546432495,2.4575746059417725,1.5,-0.819191575050354,0.5735200047492981,0.0,-0.19117332994937897,-0.27306386828422546,0.0
2.89,1.7123584747314453,2.4632961750030518,1.5,-0.8210987448692322,0.57078617811203,0.0,-0.1902620494365692,-0.2736995816230774,0.0
2.9,1.7041380405426025,2.4689903259277344,1.5,-0.8229967951774597,0.5680460333824158,0.0,-0.18934866786003113,-0.2743322551250458,0.0
2.91,1.6958986520767212,2.4746570587158203,1.5,-0.8248857259750366,0.5652995109558105,0.0,-0.18843317031860352,-0.274961918592453,0.0
2.92,1.6876403093338013,2.4802963733673096,1.5,-0.8267654776573181,0.5625467896461487,0.0,-0.18751558661460876,-0.2755884826183319,0.0
2.93,1.6793633699417114,2.485908031463623,1.5,-0.8286359906196594,0.5597877502441406,0.0,-0.18659591674804688,-0.27621200680732727,0.0
2.94,1.6710675954818726,2.4914920330047607,1.5,-0.8304973840713501,0.5570225715637207,0.0,-0.18567417562007904,-0.2768324613571167,0.0
2.95,1.6627533435821533,2.4970483779907227,1.5,-0.8323494791984558,0.5542511343955994,0.0,-0.18475037813186646,-0.2774498462677002,0.0
2.96,1.6544207334518433,2.502577066421509,1.5,-0.8341923952102661,0.5514735579490662,0.0,-0.18382452428340912,-0.27806413173675537,0.0
2.97,1.6460695266723633,2.50807785987854,1.5,-0.8360259532928467,0.5486898422241211,0.0,-0.18289661407470703,-0.2786753177642822,0.0
2.98,1.6377002000808716,2.5135509967803955,1.5,-0.8378502726554871,0.5459000468254089,0.0,-0.18196669220924377,-0.27928343415260315,0.0
2.99,1.6293126344680786,2.518996000289917,1.5,-0.8396652936935425,0.5431042313575745,0.0,-0.18103472888469696,-0.27988842129707336,0.0
3.0,1.620906949043274,2.5244128704071045,1.5,-0.8414709568023682,0.5403022766113281,0.0,-0.18010076880455017,-0.28049033880233765,0.0
3.0100000000000002,1.612483263015747,2.529801845550537,1.5,-0.8432673215866089,0.537494421005249,0.0,-0.1791647970676422,-0.28108909726142883,0.0
3.02,1.604041576385498,2.535162925720215,1.5,-0.8450542688369751,0.5346805453300476,0.0,-0.17822684347629547,-0.2816847562789917,0.0
3.0300000000000002,1.595582127571106,2.5404956340789795,1.5,-0.8468318581581116,0.5318607091903687,0.0,-0.17728690803050995,-0.28227728605270386,0.0
3.04,1.5871050357818604,2.545799970626831,1.5,-0.8486000299453735,0.5290349721908569,0.0,-0.17634500563144684,-0.2828666567802429,0.0
3.0500000000000003,1.5786101818084717,2.5510761737823486,1.5,-0.8503587245941162,0.5262033939361572,0.0,-0.17540113627910614,-0.2834528982639313,0.0
3.06,1.570097804069519,2.556324005126953,1.5,-0.8521080017089844,0.5233659744262695,0.0,-0.17445531487464905,-0.2840360105037689,0.0
3.0700000000000003,1.561568021774292,2.5615434646606445,1.5,-0.853847861289978,0.5205227136611938,0.0,-0.17350755631923676,-0.2846159338951111,0.0
3.08,1.55302095413208,2.566734552383423,1.5,-0.8555781841278076,0.517673671245575,0.0,-0.17255787551403046,-0.28519272804260254,0.0
3.09,1.5444564819335938,2.571897029876709,1.5,-0.8572989702224731,0.5148188471794128,0.0,-0.17160628736019135,-0.2857663333415985,0.0
3.1,1.5358749628067017,2.577030897140503,1.5,-0.8590102791786194,0.5119583010673523,0.0,-0.17065277695655823,-0.286336749792099,0.0
3.11,1.5272763967514038,2.5821361541748047,1.5,-0.8607120513916016,0.5090920925140381,0.0,-0.1696973741054535,-0.2869040071964264,0.0
3.12,1.5186607837677002,2.587212562561035,1.5,-0.8624042272567749,0.506220281124115,0.0,-0.16874007880687714,-0.2874680757522583,0.0
3.13,1.51002836227417,2.5922605991363525,1.5,-0.8640868067741394,0.5033427476882935,0.0,-0.16778092086315155,-0.2880289554595947,0.0
3.14,1.5013790130615234,2.5972795486450195,1.5,-0.8657598495483398,0.5004596710205078,0.0,-0.16681990027427673,-0.2885866165161133,0.0
3.15,1.4927130937576294,2.6022696495056152,1.5,-0.8674232363700867,0.49757105112075806,0.0,-0.16585701704025269,-0.28914108872413635,0.0
3.16,1.4840306043624878,2.6072309017181396,1.5,-0.8690769672393799,0.4946768879890442,0.0,-0.1648922860622406,-0.28969231247901917,0.0
3.17,1.4753316640853882,2.6121633052825928,1.5,-0.8707210421562195,0.4917772114276886,0.0,-0.16392573714256287,-0.2902403473854065,0.0
3.18,1.4666162729263306,2.6170663833618164,1.5,-0.8723554611206055,0.48887208104133606,0.0,-0.1629573553800583,-0.29078516364097595,0.0
3.19,1.4578845500946045,2.6219406127929688,1.5,-0.8739802241325378,0.48596152663230896,0.0,-0.16198717057704926,-0.29132673144340515,0.0
3.2,1.4491366147994995,2.6267857551574707,1.5,-0.875595211982727,0.4830455482006073,0.0,-0.16101518273353577,-0.2918650805950165,0.0
3.21,1.4403727054595947,2.631601572036743,1.5,-0.8772004842758179,0.48012423515319824,0.0,-0.16004140675067902,-0.29240018129348755,0.0
3.22,1.4315927028656006,2.636388063430786,1.5,-0.8787960410118103,0.4771975576877594,0.0,-0.1590658575296402,-0.29293200373649597,0.0
3.23,1.4227968454360962,2.6411454677581787,1.5,-0.8803818225860596,0.47426560521125793,0.0,-0.1580885350704193,-0.2934606075286865,0.0
3.24,1.4139851331710815,2.6458733081817627,1.5,-0.8819578289985657,0.47132837772369385,0.0,-0.15710945427417755,-0.29398593306541443,0.0
3.25,1.4051576852798462,2.6505720615386963,1.5,-0.8835240006446838,0.4683859050273895,0.0,-0.1561286300420761,-0.2945080101490021,0.0
3.2600000000000002,1.3963146209716797,2.655241012573242,1.5,-0.8850803971290588,0.46543821692466736,0.0,-0.15514607727527618,-0.2950267791748047,0.0
3.27,1.3874560594558716,2.6598806381225586,1.5,-0.8866268992424011,0.4624853730201721,0.0,-0.15416179597377777,-0.29554229974746704,0.0
3.2800000000000002,1.3785821199417114,2.6644906997680664,1.5,-0.8881636261940002,0.4595273733139038,0.0,-0.15317578613758087,-0.29605454206466675,0.0
3.29,1.3696928024291992,2.6690711975097656,1.5,-0.8896903991699219,0.4565642774105072,0.0,-0.15218809247016907,-0.2965634763240814,0.0
3.3000000000000003,1.360788345336914,2.6736221313476562,1.5,-0.8912073373794556,0.4535961151123047,0.0,-0.15119870007038116,-0.29706913232803345,0.0
3.31,1.351868748664856,2.678143262863159,1.5,-0.8927143812179565,0.45062291622161865,0.0,-0.15020763874053955,-0.29757145047187805,0.0
3.3200000000000003,1.3429341316223145,2.6826345920562744,1.5,-0.8942115306854248,0.4476447105407715,0.0,-0.14921490848064423,-0.29807049036026,0.0
3.33,1.3339844942092896,2.687096118927002,1.5,-0.8956986665725708,0.44466152787208557,0.0,-0.1482205092906952,-0.29856622219085693,0.0
3.34,1.32502019405365,2.691527843475342,1.5,-0.8971759080886841,0.4416733980178833,0.0,-0.14722445607185364,-0.2990586459636688,0.0
3.35,1.316041111946106,2.695929527282715,1.5,-0.8986431956291199,0.43868035078048706,0.0,-0.14622677862644196,-0.2995477318763733,0.0
3.36,1.3070473670959473,2.7003014087677,1.5,-0.9001004695892334,0.4356824457645416,0.0,-0.14522747695446014,-0.30003347992897034,0.0
3.37,1.2980390787124634,2.7046432495117188,1.5,-0.9015477299690247,0.432679682970047,0.0,-0.1442265659570694,-0.30051589012145996,0.0
3.38,1.2890163660049438,2.7089548110961914,1.5,-0.9029849767684937,0.42967215180397034,0.0,-0.14322404563426971,-0.30099499225616455,0.0
3.39,1.2799794673919678,2.7132365703582764,1.5,-0.9044122099876404,0.42665982246398926,0.0,-0.1422199308872223,-0.30147072672843933,0.0
3.4,1.2709282636642456,2.7174880504608154,1.5,-0.9058293700218201,0.42364272475242615,0.0,-0.1412142515182495,-0.3019431233406067,0.0
3.41,1.261862874031067,2.7217094898223877,1.5,-0.9072364568710327,0.42062094807624817,0.0,-0.14020699262619019,-0.30241215229034424,0.0
3.42,1.2527835369110107,2.725900411605835,1.5,-0.9086334705352783,0.4175944924354553,0.0,-0.1391981691122055,-0.30287784337997437,0.0
3.43,1.2436902523040771,2.7300612926483154,1.5,-0.9100204110145569,0.4145634174346924,0.0,-0.13818781077861786,-0.3033401370048523,0.0
3.44,1.2345831394195557,2.734191656112671,1.5,-0.9113972187042236,0.41152772307395935,0.0,-0.13717590272426605,-0.3037990927696228,0.0
3.45,1.2254623174667358,2.7382917404174805,1.5,-0.9127639532089233,0.4084874391555786,0.0,-0.13616247475147247,-0.3042546510696411,0.0
3.46,1.2163279056549072,2.742361545562744,1.5,-0.9141204953193665,0.40544262528419495,0.0,-0.13514754176139832,-0.3047068417072296,0.0
3.47,1.2071799039840698,2.7464005947113037,1.5,-0.9154669046401978,0.40239331126213074,0.0,-0.13413110375404358,-0.3051556348800659,0.0
3.48,1.1980185508728027,2.7504093647003174,1.5,-0.9168031215667725,0.3993395268917084,0.0,-0.13311317563056946,-0.30560103058815,0.0
3.49,1.1888439655303955,2.754387378692627,1.5,-0.9181291460990906,0.39628130197525024,0.0,-0.13209377229213715,-0.3060430586338043,0.0
3.5,1.1796560287475586,2.7583348751068115,1.5,-0.9194449782371521,0.39321866631507874,0.0,-0.13107289373874664,-0.30648165941238403,0.0
3.5100000000000002,1.1704550981521606,2.762251853942871,1.5,-0.920750617980957,0.3901516795158386,0.0,-0.13005055487155914,-0.30691686272621155,0.0
3.52,1.161241054534912,2.7661378383636475,1.5,-0.9220460057258606,0.3870803415775299,0.0,-0.12902678549289703,-0.30734866857528687,0.0
3.5300000000000002,1.152014136314392,2.769993305206299,1.5,-0.9233311414718628,0.38400471210479736,0.0,-0.12800157070159912,-0.3077770471572876,0.0
3.54,1.1427744626998901,2.773818016052246,1.5,-0.9246060252189636,0.3809248208999634,0.0,-0.1269749402999878,-0.30820199847221375,0.0
3.5500000000000003,1.1335220336914062,2.7776119709014893,1.5,-0.9258705973625183,0.37784069776535034,0.0,-0.12594689428806305,-0.3086235523223877,0.0
3.56,1.1242570877075195,2.781374931335449,1.5,-0.9271249175071716,0.37475237250328064,0.0,-0.12491745501756668,-0.3090416491031647,0.0
3.5700000000000003,1.11497962474823,2.785106897354126,1.5,-0.9283689856529236,0.37165987491607666,0.0,-0.12388662248849869,-0.30945631861686707,0.0
3.58,1.1056897640228271,2.7888081073760986,1.5,-0.9296026825904846,0.3685632646083832,0.0,-0.12285441905260086,-0.3098675608634949,0.0
3.59,1.0963876247406006,2.792478084564209,1.5,-0.9308260679244995,0.3654625415802002,0.0,-0.1218208447098732,-0.3102753460407257,0.0
3.6,1.0870732069015503,2.7961173057556152,1.5,-0.9320390820503235,0.3623577654361725,0.0,-0.1207859218120575,-0.31067970395088196,0.0
3.61,1.077746868133545,2.799725294113159,1.5,-0.9332417845726013,0.35924893617630005,0.0,-0.11974965035915375,-0.31108057498931885,0.0
3.62,1.068408489227295,2.80330228805542,1.5,-0.9344340562820435,0.35613614320755005,0.0,-0.11871205270290375,-0.31147801876068115,0.0
3.63,1.0590581893920898,2.8068480491638184,1.5,-0.9356160163879395,0.3530193865299225,0.0,-0.11767313629388809,-0.3118720054626465,0.0
3.64,1.0496962070465088,2.8103625774383545,1.5,-0.9367875456809998,0.34989872574806213,0.0,-0.11663290858268738,-0.31226250529289246,0.0
3.65,1.0403225421905518,2.8138458728790283,1.5,-0.9379486441612244,0.346774160861969,0.0,-0.1155913844704628,-0.31264954805374146,0.0
3.66,1.0309371948242188,2.817298173904419,1.5,-0.9390993714332581,0.34364575147628784,0.0,-0.11454857885837555,-0.3130331039428711,0.0
3.67,1.0215405225753784,2.820718765258789,1.5,-0.9402396082878113,0.3405134975910187,0.0,-0.11350450664758682,-0.31341320276260376,0.0
3.68,1.0121325254440308,2.824108362197876,1.5,-0.9413694143295288,0.33737748861312866,0.0,-0.11245916783809662,-0.31378981471061707,0.0
3.69,1.0027132034301758,2.8274664878845215,1.5,-0.9424887895584106,0.3342377245426178,0.0,-0.11141257733106613,-0.314162939786911,0.0
3.7,0.9932827353477478,2.8307931423187256,1.5,-0.943597674369812,0.33109423518180847,0.0,-0.11036475002765656,-0.3145325779914856,0.0
3.71,0.9838412404060364,2.8340883255004883,1.5,-0.9446960687637329,0.32794708013534546,0.0,-0.10931569337844849,-0.31489869952201843,0.0
3.72,0.974388837814331,2.8373520374298096,1.5,-0.9457839727401733,0.32479628920555115,0.0,-0.10826542973518372,-0.3152613341808319,0.0
3.73,0.9649256467819214,2.8405842781066895,1.5,-0.9468613862991333,0.32164186239242554,0.0,-0.10721395909786224,-0.31562045216560364,0.0
3.74,0.9554516673088074,2.843784809112549,1.5,-0.947928249835968,0.3184838891029358,0.0,-0.10616129636764526,-0.315976083278656,0.0
3.75,0.9459670782089233,2.846953868865967,1.5,-0.9489846229553223,0.3153223693370819,0.0,-0.10510745644569397,-0.3163281977176666,0.0
3.7600000000000002,0.9364719986915588,2.8500912189483643,1.5,-0.9500304460525513,0.3121573328971863,0.0,-0.10405244678258896,-0.3166767954826355,0.0
3.77,0.9269664883613586,2.8531970977783203,1.5,-0.9510656595230103,0.3089888393878937,0.0,-0.10299628227949142,-0.3170218765735626,0.0
3.7800000000000002,0.9174507260322571,2.8562710285186768,1.5,-0.952090322971344,0.3058169186115265,0.0,-0.10193897038698196,-0.317363440990448,0.0
3.79,0.9079247713088989,2.8593132495880127,1.5,-0.9531044363975525,0.3026415705680847,0.0,-0.10088052600622177,-0.3177014887332916,0.0
3.8000000000000003,0.898388683795929,2.862323760986328,1.5,-0.954107940196991,0.2994628846645355,0.0,-0.09982096403837204,-0.3180359899997711,0.0
3.81,0.8888426423072815,2.865302562713623,1.5,-0.9551008343696594,0.2962808609008789,0.0,-0.09876029193401337,-0.3183669447898865,0.0
3.8200000000000003,0.8792867064476013,2.8682494163513184,1.5,-0.9560831785202026,0.29309555888175964,0.0,-0.09769852459430695,-0.3186943829059601,0.0
3.83,0.869720995426178,2.871164560317993,1.5,-0.9570547938346863,0.2899070084095001,0.0,-0.09663566201925278,-0.31901827454566956,0.0
3.84,0.860145628452301,2.8740475177764893,1.5,-0.9580158591270447,0.28671520948410034,0.0,-0.09557173401117325,-0.3193386197090149,0.0
3.85,0.85056072473526,2.876898765563965,1.5,-0.9589662551879883,0.2835202217102051,0.0,-0.09450674802064896,-0.3196554183959961,0.0
3.86,0.8409663438796997,2.879718065261841,1.5,-0.9599059820175171,0.2803221046924591,0.0,-0.0934407040476799,-0.31996867060661316,0.0
3.87,0.8313626050949097,2.882505178451538,1.5,-0.9608350396156311,0.2771208882331848,0.0,-0.09237362444400787,-0.3202783465385437,0.0
3.88,0.8217496871948242,2.8852603435516357,1.5,-0.9617534875869751,0.2739165723323822,0.0,-0.09130551666021347,-0.3205844759941101,0.0
3.89,0.8121275901794434,2.887983560562134,1.5,-0.9626611471176147,0.27070918679237366,0.0,-0.09023639559745789,-0.3208870589733124,0.0
3.9,0.8024964928627014,2.890674591064453,1.5,-0.9635581970214844,0.26749882102012634,0.0,-0.08916627615690231,-0.3211860656738281,0.0
3.91,0.7928564548492432,2.8933334350585938,1.5,-0.9644445180892944,0.26428547501564026,0.0,-0.08809516578912735,-0.32148149609565735,0.0
3.92,0.7832076549530029,2.8959603309631348,1.5,-0.9653201103210449,0.2610692083835602,0.0,-0.08702307194471359,-0.32177335023880005,0.0
3.93,0.7735500931739807,2.898554801940918,1.5,-0.9661849737167358,0.2578500211238861,0.0,-0.08595000952482224,-0.3220616579055786,0.0
3.94,0.7638839483261108,2.9011173248291016,1.5,-0.9670391082763672,0.2546280026435852,0.0,-0.08487599343061447,-0.32234635949134827,0.0
3.95,0.7542093396186829,2.9036474227905273,1.5,-0.9678824543952942,0.2514031231403351,0.0,-0.0838010385632515,-0.3226274847984314,0.0
3.96,0.7445263266563416,2.9061453342437744,1.5,-0.9687150716781616,0.2481754571199417,0.0,-0.0827251523733139,-0.322905033826828,0.0
3.97,0.7348350882530212,2.9086108207702637,1.5,-0.9695369601249695,0.24494503438472748,0.0,-0.0816483423113823,-0.3231789767742157,0.0
3.98,0.7251356244087219,2.911044120788574,1.5,-0.970348060131073,0.24171188473701477,0.0,-0.08057063072919846,-0.32344934344291687,0.0
3.99,0.7154281735420227,2.913445234298706,1.5,-0.9711483716964722,0.23847605288028717,0.0,-0.07949201762676239,-0.3237161338329315,0.0
4.0,0.7057127356529236,2.915813684463501,1.5,-0.971937894821167,0.23523756861686707,0.0,-0.07841252535581589,-0.32397928833961487,0.0
4.01,0.6959894299507141,2.918149948120117,1.5,-0.9727166295051575,0.23199647665023804,0.0,-0.07733216136693954,-0.3242388665676117,0.0
4.0200000000000005,0.6862584352493286,2.9204535484313965,1.5,-0.9734845161437988,0.22875280678272247,0.0,-0.07625093311071396,-0.3244948387145996,0.0
4.03,0.6765198111534119,2.922724962234497,1.5,-0.9742416143417358,0.22550658881664276,0.0,-0.07516886293888092,-0.3247472047805786,0.0
4.04,0.6667736172676086,2.9249637126922607,1.5,-0.9749879240989685,0.22225788235664368,0.0,-0.07408595830202103,-0.3249959647655487,0.0
4.05,0.6570200324058533,2.9271700382232666,1.5,-0.975723385810852,0.21900668740272522,0.0,-0.07300222665071487,-0.3252411186695099,0.0
4.0600000000000005,0.6472591757774353,2.9293439388275146,1.5,-0.9764479398727417,0.21575306355953217,0.0,-0.07191769033670425,-0.32548266649246216,0.0
4.07,0.6374911665916443,2.931485176086426,1.5,-0.977161705493927,0.2124970406293869,0.0,-0.07083234935998917,-0.32572057843208313,0.0
4.08,0.6277160048484802,2.93359375,1.5,-0.9778646230697632,0.209238663315773,0.0,-0.0697462186217308,-0.3259548544883728,0.0
4.09,0.6179338693618774,2.9356698989868164,1.5,-0.9785566329956055,0.20597796142101288,0.0,-0.06865932047367096,-0.32618555426597595,0.0
4.1,0.6081448793411255,2.937713384628296,1.5,-0.9792377948760986,0.2027149647474289,0.0,-0.06757165491580963,-0.3264125883579254,0.0
4.11,0.5983491539955139,2.9397242069244385,1.5,-0.9799080491065979,0.19944971799850464,0.0,-0.06648323684930801,-0.32663601636886597,0.0
4.12,0.5885467529296875,2.941702365875244,1.5,-0.980567455291748,0.1961822658777237,0.0,-0.0653940886259079,-0.3268558084964752,0.0
4.13,0.5787378549575806,2.943647861480713,1.5,-0.9812159538269043,0.19291262328624725,0.0,-0.06430420279502869,-0.32707199454307556,0.0
4.14,0.5689225196838379,2.9455606937408447,1.5,-0.9818535447120667,0.1896408349275589,0.0,-0.06321360915899277,-0.3272845149040222,0.0
4.15,0.5591008067131042,2.9474406242370605,1.5,-0.9824802279472351,0.1863669455051422,0.0,-0.06212231144309044,-0.3274933993816376,0.0
4.16,0.5492729544639587,2.9492878913879395,1.5,-0.9830960035324097,0.1830909699201584,0.0,-0.061030324548482895,-0.32769864797592163,0.0
4.17,0.5394389033317566,2.9511024951934814,1.5,-0.9837008118629456,0.1798129826784134,0.0,-0.05993765965104103,-0.3279002606868744,0.0
4.18,0.5295989513397217,2.9528841972351074,1.5,-0.9842947125434875,0.17653298377990723,0.0,-0.05884432792663574,-0.32809823751449585,0.0
4.19,0.519753098487854,2.9546329975128174,1.5,-0.9848777055740356,0.17325101792812347,0.0,-0.057750340551137924,-0.328292578458786,0.0
4.2,0.5099014043807983,2.9563491344451904,1.5,-0.9854497313499451,0.1699671447277069,0.0,-0.05665571615099907,-0.3284832537174225,0.0
4.21,0.5000441074371338,2.9580323696136475,1.5,-0.9860107898712158,0.16668137907981873,0.0,-0.055560458451509476,-0.3286702632904053,0.0
4.22,0.49018123745918274,2.9596827030181885,1.5,-0.9865609407424927,0.1633937507867813,0.0,-0.05446458235383034,-0.32885363698005676,0.0
4.23,0.48031294345855713,2.9613003730773926,1.5,-0.9871001243591309,0.16010430455207825,0.0,-0.05336810275912285,-0.32903337478637695,0.0
4.24,0.47043928503990173,2.9628849029541016,1.5,-0.9876282811164856,0.1568130999803543,0.0,-0.052271030843257904,-0.32920944690704346,0.0
4.25,0.4605604112148285,2.9644365310668945,1.5,-0.9881455302238464,0.1535201370716095,0.0,-0.0511733777821064,-0.3293818533420563,0.0
4.26,0.45067641139030457,2.9659552574157715,1.5,-0.9886517524719238,0.1502254754304886,0.0,-0.05007515847682953,-0.3295505940914154,0.0
4.2700000000000005,0.4407874047756195,2.9674410820007324,1.5,-0.9891470074653625,0.14692912995815277,0.0,-0.04897638037800789,-0.32971566915512085,0.0
4.28,0.43089351058006287,2.9688937664031982,1.5,-0.9896312952041626,0.14363117516040802,0.0,-0.047877054661512375,-0.329877108335495,0.0
4.29,0.4209948182106018,2.970313787460327,1.5,-0.9901045560836792,0.14033161103725433,0.0,-0.04677720367908478,-0.33003485202789307,0.0
4.3,0.4110914468765259,2.971700429916382,1.5,-0.9905668497085571,0.1370304822921753,0.0,-0.0456768274307251,-0.33018893003463745,0.0
4.3100000000000005,0.40118351578712463,2.9730541706085205,1.5,-0.9910181164741516,0.13372783362865448,0.0,-0.04457594454288483,-0.33033937215805054,0.0
4.32,0.39127111434936523,2.974375009536743,1.5,-0.9914583563804626,0.13042370975017548,0.0,-0.04347456991672516,-0.33048611879348755,0.0
4.33,0.3813543915748596,2.9756627082824707,1.5,-0.9918875694274902,0.12711812555789948,0.0,-0.04237271100282669,-0.3306291997432709,0.0
4.34,0.37143340706825256,2.9769175052642822,1.5,-0.9923058152198792,0.12381114065647125,0.0,-0.04127037897706032,-0.3307686150074005,0.0
4.3500000000000005,0.361508309841156,2.9781389236450195,1.5,-0.9927129745483398,0.120502769947052,0.0,-0.040167588740587234,-0.3309043347835541,0.0
4.36,0.3515791893005371,2.979327440261841,1.5,-0.9931091666221619,0.1171930655837059,0.0,-0.039064355194568634,-0.33103638887405396,0.0
4.37,0.3416461646556854,2.980482816696167,1.5,-0.9934942722320557,0.11388205736875534,0.0,-0.037960685789585114,-0.33116474747657776,0.0
4.38,0.3317093253135681,2.981605052947998,1.5,-0.993868350982666,0.1105697825551033,0.0,-0.03685659170150757,-0.3312894403934479,0.0
4.39,0.3217688202857971,2.982694149017334,1.5,-0.9942314028739929,0.10725627839565277,0.0,-0.03575209155678749,-0.3314104676246643,0.0
4.4,0.3118247389793396,2.983750104904175,1.5,-0.9945834279060364,0.10394158214330673,0.0,-0.03464719280600548,-0.33152779936790466,0.0
4.41,0.3018772006034851,2.9847731590270996,1.5,-0.9949243664741516,0.10062573105096817,0.0,-0.03354191035032272,-0.33164143562316895,0.0
4.42,0.2919262945652008,2.98576283454895,1.5,-0.9952542185783386,0.09730876237154007,0.0,-0.03243625536561012,-0.33175140619277954,0.0
4.43,0.28197214007377625,2.9867191314697266,1.5,-0.995573103427887,0.09399072080850601,0.0,-0.03133023902773857,-0.33185768127441406,0.0
4.44,0.27201488614082336,2.987642526626587,1.5,-0.9958808422088623,0.09067162126302719,0.0,-0.030223874375224113,-0.3319602906703949,0.0
4.45,0.26205456256866455,2.988532543182373,1.5,-0.9961775541305542,0.08735152333974838,0.0,-0.029117174446582794,-0.33205917477607727,0.0
4.46,0.25209134817123413,2.989389657974243,1.5,-0.9964631795883179,0.08403044939041138,0.0,-0.02801015041768551,-0.33215439319610596,0.0
4.47,0.24212534725666046,2.99021315574646,1.5,-0.9967377781867981,0.08070845156908035,0.0,-0.0269028153270483,-0.33224591612815857,0.0
4.48,0.2321566343307495,2.9910037517547607,1.5,-0.9970012307167053,0.0773855447769165,0.0,-0.025795182213187218,-0.3323337435722351,0.0
4.49,0.22218535840511322,2.9917609691619873,1.5,-0.9972536563873291,0.0740617886185646,0.0,-0.024687262251973152,-0.33241787552833557,0.0
4.5,0.21221160888671875,2.9924850463867188,1.5,-0.9974949955940247,0.07073719799518585,0.0,-0.023579066619277,-0.33249834179878235,0.0
4.51,0.20223549008369446,2.993175745010376,1.5,-0.997725248336792,0.06741183251142502,0.0,-0.022470610216259956,-0.33257508277893066,0.0
4.5200000000000005,0.1922571361064911,2.993833303451538,1.5,-0.9979444146156311,0.0640857145190239,0.0,-0.021361904218792915,-0.3326481282711029,0.0
4.53,0.1822766363620758,2.994457483291626,1.5,-0.998152494430542,0.06075888127088547,0.0,-0.020252959802746773,-0.3327174782752991,0.0
4.54,0.17229412496089935,2.9950482845306396,1.5,-0.9983494281768799,0.05743137374520302,0.0,-0.019143791869282722,-0.33278316259384155,0.0
4.55,0.1623096913099289,2.995605945587158,1.5,-0.9985353350639343,0.05410322919487953,0.0,-0.01803440973162651,-0.33284512162208557,0.0
4.5600000000000005,0.15232345461845398,2.9961304664611816,1.5,-0.9987101554870605,0.05077448487281799,0.0,-0.01692482829093933,-0.3329033851623535,0.0
4.57,0.14233551919460297,2.996621608734131,1.5,-0.9988738298416138,0.04744517430663109,0.0,-0.01581505872309208,-0.3329579532146454,0.0
4.58,0.1323460191488266,2.997079372406006,1.5,-0.9990264177322388,0.0441153384745121,0.0,-0.014705113135278225,-0.3330088257789612,0.0
4.59,0.12235503643751144,2.9975037574768066,1.5,-0.9991679191589355,0.040785010904073715,0.0,-0.013595003634691238,-0.3330559730529785,0.0
4.6000000000000005,0.11236269026994705,2.9978950023651123,1.5,-0.9992983341217041,0.037454232573509216,0.0,-0.012484743259847164,-0.33309945464134216,0.0
4.61,0.10236910730600357,2.9982528686523438,1.5,-0.9994176626205444,0.03412303328514099,0.0,-0.011374345049262047,-0.33313921093940735,0.0
4.62,0.09237437695264816,2.99857759475708,1.5,-0.9995258450508118,0.03079145960509777,0.0,-0.010263819247484207,-0.33317527174949646,0.0
4.63,0.08237862586975098,2.998868703842163,1.5,-0.9996229410171509,0.027459541335701942,0.0,-0.009153180755674839,-0.3332076370716095,0.0
4.64,0.07238195836544037,2.999126672744751,1.5,-0.999708890914917,0.02412731945514679,0.0,-0.008042439818382263,-0.33323630690574646,0.0
4.65,0.062384482473134995,2.9993512630462646,1.5,-0.9997837543487549,0.020794827491044998,0.0,-0.006931609474122524,-0.33326125144958496,0.0
4.66,0.052386317402124405,2.999542474746704,1.5,-0.9998475313186646,0.01746210642158985,0.0,-0.005820701830089092,-0.3332825005054474,0.0
4.67,0.042387571185827255,2.9997005462646484,1.5,-0.9999001622200012,0.014129189774394035,0.0,-0.004709729924798012,-0.33330005407333374,0.0
4.68,0.0323883518576622,2.9998252391815186,1.5,-0.9999417066574097,0.010796116665005684,0.0,-0.003598705632612109,-0.333313912153244,0.0
4.69,0.022388773038983345,2.9999165534973145,1.5,-0.9999721646308899,0.007462924346327782,0.0,-0.002487641293555498,-0.33332404494285583,0.0
4.7,0.012388945557177067,2.999974489212036,1.5,-0.9999914765357971,0.004129648208618164,0.0,-0.001376549480482936,-0.3333304822444916,0.0
4.71,0.0023889802396297455,2.9999990463256836,1.5,-0.9999997019767761,0.0007963267271406949,0.0,-0.0002654422423802316,-0.33333322405815125,0.0
4.72,-0.007611011620610952,2.999990463256836,1.5,-0.9999967813491821,-0.002537003718316555,0.0,0.0008456679643131793,-0.33333227038383484,0.0
4.73,-0.01761091873049736,2.999948263168335,1.5,-0.9999827742576599,-0.005870305933058262,0.0,0.001956768799573183,-0.33332759141921997,0.0
4.74,-0.02761062979698181,2.999872922897339,1.5,-0.9999576210975647,-0.009203542955219746,0.0,0.0030678478069603443,-0.33331921696662903,0.0
4.75,-0.03761003538966179,2.9997642040252686,1.5,-0.999921441078186,-0.012536678463220596,0.0,0.004178892821073532,-0.333307147026062,0.0
4.76,-0.04760902002453804,2.999622106552124,1.5,-0.9998740553855896,-0.01586967334151268,0.0,0.005289891269057989,-0.33329135179519653,0.0
4.7700000000000005,-0.05760747939348221,2.9994468688964844,1.5,-0.9998156428337097,-0.019202493131160736,0.0,0.006400831043720245,-0.333271861076355,0.0
4.78,-0.06760529428720474,2.9992382526397705,1.5,-0.9997460246086121,-0.02253509871661663,0.0,0.0075116995722055435,-0.33324867486953735,0.0
4.79,-0.07760236412286758,2.9989962577819824,1.5,-0.999665379524231,-0.025867454707622528,0.0,0.008622484281659126,-0.33322179317474365,0.0
4.8,-0.08759856969118118,2.99872088432312,1.5,-0.9995735883712769,-0.029199521988630295,0.0,0.009733173996210098,-0.3331911861896515,0.0
4.8100000000000005,-0.09759379923343658,2.9984121322631836,1.5,-0.9994707107543945,-0.032531265169382095,0.0,0.010843755677342415,-0.33315691351890564,0.0
4.82,-0.10758794099092484,2.998070240020752,1.5,-0.999356746673584,-0.035862646996974945,0.0,0.011954216286540031,-0.33311891555786133,0.0
4.83,-0.11758089810609818,2.997694969177246,1.5,-0.9992316365242004,-0.03919363021850586,0.0,0.013064543716609478,-0.33307722210884094,0.0
4.84,-0.12757253646850586,2.997286319732666,1.5,-0.9990954399108887,-0.04252418130636215,0.0,0.01417472679167986,-0.3330318033695221,0.0
4.8500000000000005,-0.13756276667118073,2.996844530105591,1.5,-0.9989481568336487,-0.04585425555706024,0.0,0.015284751541912556,-0.33298271894454956,0.0
4.86,-0.14755146205425262,2.9963691234588623,1.5,-0.9987897276878357,-0.04918382316827774,0.0,0.016394607722759247,-0.33292990922927856,0.0
4.87,-0.1575385183095932,2.9958608150482178,1.5,-0.9986202716827393,-0.052512843161821365,0.0,0.01750428043305874,-0.3328734040260315,0.0
4.88,-0.1675238311290741,2.99531888961792,1.5,-0.9984396696090698,-0.05584127828478813,0.0,0.01861375942826271,-0.33281323313713074,0.0
4.89,-0.17750728130340576,2.994743824005127,1.5,-0.9982479810714722,-0.05916909500956535,0.0,0.019723031669855118,-0.3327493369579315,0.0
4.9,-0.18748874962329865,2.994135618209839,1.5,-0.9980452060699463,-0.06249625235795975,0.0,0.020832084119319916,-0.3326817452907562,0.0
4.91,-0.19746814668178558,2.9934940338134766,1.5,-0.9978313446044922,-0.06582271307706833,0.0,0.02194090560078621,-0.33261045813560486,0.0
4.92,-0.20744535326957703,2.99281907081604,1.5,-0.9976063966751099,-0.06914845108985901,0.0,0.023049483075737953,-0.33253544569015503,0.0
4.93,-0.21742023527622223,2.9921109676361084,1.5,-0.9973703622817993,-0.07247341424226761,0.0,0.024157803505659103,-0.3324567675590515,0.0
4.94,-0.22739271819591522,2.9913697242736816,1.5,-0.9971232414245605,-0.07579757273197174,0.0,0.025265857577323914,-0.3323743939399719,0.0
4.95,-0.23736266791820526,2.9905951023101807,1.5,-0.9968650341033936,-0.07912088930606842,0.0,0.02637363038957119,-0.33228835463523865,0.0
4.96,-0.247329980134964,2.9897873401641846,1.5,-0.9965957403182983,-0.08244332671165466,0.0,0.027481108903884888,-0.3321985900402069,0.0
4.97,-0.25729453563690186,2.9889461994171143,1.5,-0.9963154196739197,-0.08576484769582748,0.0,0.02858828194439411,-0.3321051299571991,0.0
4.98,-0.2672562599182129,2.988071918487549,1.5,-0.9960240125656128,-0.0890854150056839,0.0,0.029695138335227966,-0.3320080041885376,0.0
4.99,-0.27721497416496277,2.9871644973754883,1.5,-0.9957215189933777,-0.09240499883890152,0.0,0.030801665037870407,-0.3319071829319,0.0
5.0,-0.2871706485748291,2.9862239360809326,1.5,-0.9954079389572144,-0.09572354704141617,0.0,0.03190784901380539,-0.3318026661872864,0.0
5.01,-0.29712310433387756,2.9852499961853027,1.5,-0.9950833320617676,-0.09904103726148605,0.0,0.03301367908716202,-0.33169445395469666,0.0
5.0200000000000005,-0.3070722818374634,2.984243154525757,1.5,-0.9947476983070374,-0.1023574247956276,0.0,0.0341191403567791,-0.33158257603645325,0.0
5.03,-0.3170180320739746,2.9832029342651367,1.5,-0.9944009780883789,-0.1056726723909378,0.0,0.035224225372076035,-0.33146700263023376,0.0
5.04,-0.3269602656364441,2.9821295738220215,1.5,-0.994043231010437,-0.1089867502450943,0.0,0.03632891923189163,-0.3313477337360382,0.0
5.05,-0.3368988633155823,2.981023073196411,1.5,-0.9936743974685669,-0.11229962110519409,0.0,0.0374332070350647,-0.33122479915618896,0.0
5.0600000000000005,-0.3468337059020996,2.9798836708068848,1.5,-0.9932945370674133,-0.115611232817173,0.0,0.038537077605724335,-0.33109816908836365,0.0
5.07,-0.35676470398902893,2.978710889816284,1.5,-0.9929036498069763,-0.11892157047986984,0.0,0.03964052349328995,-0.33096787333488464,0.0
5.08,-0.3666917383670807,2.9775052070617676,1.5,-0.9925017356872559,-0.12223058193922043,0.0,0.04074352607131004,-0.33083391189575195,0.0
5.09,-0.3766147196292877,2.976266384124756,1.5,-0.992088794708252,-0.12553822994232178,0.0,0.041846077889204025,-0.3306962549686432,0.0
5.1000000000000005,-0.3865334689617157,2.974994421005249,1.5,-0.9916648268699646,-0.1288444995880127,0.0,0.0429481640458107,-0.33055493235588074,0.0
5.11,-0.39644795656204224,2.973689556121826,1.5,-0.9912298321723938,-0.1321493238210678,0.0,0.04404977336525917,-0.3304099440574646,0.0
5.12,-0.4063580334186554,2.972351551055908,1.5,-0.9907838106155396,-0.13545268774032593,0.0,0.04515089467167854,-0.3302612602710724,0.0
5.13,-0.416263610124588,2.970980405807495,1.5,-0.9903268218040466,-0.13875453174114227,0.0,0.04625151306390762,-0.3301089406013489,0.0
5.14,-0.42616453766822815,2.969576358795166,1.5,-0.9898588061332703,-0.14205484092235565,0.0,0.047351617366075516,-0.3299529254436493,0.0
5.15,-0.43606075644493103,2.968139410018921,1.5,-0.9893797636032104,-0.14535358548164368,0.0,0.04845119267702103,-0.329793244600296,0.0
5.16,-0.44595208764076233,2.9666693210601807,1.5,-0.988889753818512,-0.14865070581436157,0.0,0.04955023527145386,-0.32962992787361145,0.0
5.17,-0.45583850145339966,2.9651663303375244,1.5,-0.9883887767791748,-0.15194617211818695,0.0,0.05064872279763222,-0.3294629156589508,0.0
5.18,-0.4657198488712311,2.963630437850952,1.5,-0.9878767728805542,-0.15523993968963623,0.0,0.05174664780497551,-0.32929226756095886,0.0
5.19,-0.47559601068496704,2.9620614051818848,1.5,-0.9873538613319397,-0.15853199362754822,0.0,0.05284399911761284,-0.32911795377731323,0.0
5.2,-0.485466867685318,2.9604597091674805,1.5,-0.9868199229240417,-0.16182228922843933,0.0,0.05394076555967331,-0.3289399743080139,0.0
5.21,-0.49533236026763916,2.95882511138916,1.5,-0.9862750172615051,-0.165110781788826,0.0,0.05503692850470543,-0.3287583291530609,0.0
5.22,-0.5051923394203186,2.957157611846924,1.5,-0.9857192039489746,-0.1683974415063858,0.0,0.0561324842274189,-0.3285730481147766,0.0
5.23,-0.5150467157363892,2.9554572105407715,1.5,-0.9851523637771606,-0.1716822385787964,0.0,0.05722741410136223,-0.328384131193161,0.0
5.24,-0.5248953700065613,2.953723907470703,1.5,-0.9845746159553528,-0.17496511340141296,0.0,0.05832170695066452,-0.3281915485858917,0.0
5.25,-0.5347381830215454,2.951957941055298,1.5,-0.983985960483551,-0.17824605107307434,0.0,0.05941535159945488,-0.32799533009529114,0.0
5.26,-0.544575035572052,2.9501590728759766,1.5,-0.9833863377571106,-0.18152500689029694,0.0,0.06050833687186241,-0.32779544591903687,0.0
5.2700000000000005,-0.5544058680534363,2.9483273029327393,1.5,-0.9827758073806763,-0.18480195105075836,0.0,0.06160065159201622,-0.3275919258594513,0.0
5.28,-0.5642305016517639,2.946462869644165,1.5,-0.9821543097496033,-0.18807683885097504,0.0,0.06269227713346481,-0.3273847699165344,0.0
5.29,-0.5740489363670349,2.944565773010254,1.5,-0.9815219640731812,-0.19134964048862457,0.0,0.06378321349620819,-0.32717397809028625,0.0
5.3,-0.5838609337806702,2.942636013031006,1.5,-0.9808786511421204,-0.1946203112602234,0.0,0.06487343460321426,-0.3269595503807068,0.0
5.3100000000000005,-0.5936664342880249,2.940673351287842,1.5,-0.9802244901657104,-0.1978888213634491,0.0,0.06596294045448303,-0.326741486787796,0.0
5.32,-0.6034653782844543,2.93867826461792,1.5,-0.9795594215393066,-0.20115512609481812,0.0,0.0670517086982727,-0.32651978731155396,0.0
5.33,-0.6132575869560242,2.936650276184082,1.5,-0.9788834452629089,-0.20441919565200806,0.0,0.06813973188400269,-0.326294481754303,0.0
5.34,-0.6230430006980896,2.9345898628234863,1.5,-0.9781966209411621,-0.20768100023269653,0.0,0.06922700256109238,-0.3260655403137207,0.0
5.3500000000000005,-0.6328215003013611,2.9324967861175537,1.5,-0.9774988889694214,-0.21094049513339996,0.0,0.07031349837779999,-0.32583296298980713,0.0
5.36,-0.6425929665565491,2.930371046066284,1.5,-0.9767903685569763,-0.21419765055179596,0.0,0.07139921933412552,-0.32559677958488464,0.0
5.37,-0.652357280254364,2.928212881088257,1.5,-0.9760709404945374,-0.21745242178440094,0.0,0.07248414307832718,-0.32535696029663086,0.0
5.38,-0.6621143221855164,2.9260220527648926,1.5,-0.9753406643867493,-0.22070477902889252,0.0,0.07356826215982437,-0.32511356472969055,0.0
5.39,-0.6718640327453613,2.9237985610961914,1.5,-0.9745995402336121,-0.2239546775817871,0.0,0.0746515616774559,-0.32486653327941895,0.0
5.4,-0.6816062927246094,2.9215428829193115,1.5,-0.9738476276397705,-0.22720208764076233,0.0,0.07573403418064117,-0.32461586594581604,0.0
5.41,-0.691340982913971,2.9192545413970947,1.5,-0.9730848670005798,-0.2304469794034958,0.0,0.076815664768219,-0.3243616223335266,0.0
5.42,-0.7010679244995117,2.916934013366699,1.5,-0.9723113179206848,-0.2336893081665039,0.0,0.07789643853902817,-0.32410377264022827,0.0
5.43,-0.7107871174812317,2.914580821990967,1.5,-0.9715269804000854,-0.2369290441274643,0.0,0.0789763480424881,-0.323842316865921,0.0
5.44,-0.7204984426498413,2.9121954441070557,1.5,-0.970731794834137,-0.24016614258289337,0.0,0.08005538582801819,-0.32357725501060486,0.0
5.45,-0.7302017211914062,2.9097776412963867,1.5,-0.9699258804321289,-0.24340058863162994,0.0,0.08113352954387665,-0.3233086168766022,0.0
5.46,-0.7398969531059265,2.90732741355896,1.5,-0.9691091179847717,-0.24663230776786804,0.0,0.08221077173948288,-0.3230363726615906,0.0
5.47,-0.749583899974823,2.9048449993133545,1.5,-0.968281626701355,-0.24986129999160767,0.0,0.08328709751367569,-0.32276055216789246,0.0
5.48,-0.7592625021934509,2.902330160140991,1.5,-0.9674434065818787,-0.25308752059936523,0.0,0.08436249941587448,-0.3224811255931854,0.0
5.49,-0.7689327001571655,2.899783134460449,1.5,-0.966594398021698,-0.25631090998649597,0.0,0.08543696999549866,-0.32219812273979187,0.0
5.5,-0.7785943746566772,2.8972039222717285,1.5,-0.9657346606254578,-0.2595314681529999,0.0,0.08651048690080643,-0.3219115436077118,0.0
5.51,-0.7882474064826965,2.894592523574829,1.5,-0.964864194393158,-0.2627491354942322,0.0,0.0875830426812172,-0.3216213881969452,0.0
5.5200000000000005,-0.7978916168212891,2.891948938369751,1.5,-0.9639829993247986,-0.2659638822078705,0.0,0.08865462243556976,-0.32132765650749207,0.0
5.53,-0.8075270056724548,2.8892734050750732,1.5,-0.9630910754203796,-0.2691756784915924,0.0,0.08972522616386414,-0.3210303783416748,0.0
5.54,-0.8171533942222595,2.8865654468536377,1.5,-0.9621884822845459,-0.2723844647407532,0.0,0.09079482406377792,-0.32072949409484863,0.0
5.55,-0.8267707228660583,2.8838255405426025,1.5,-0.9612752199172974,-0.2755902409553528,0.0,0.09186341613531113,-0.3204250633716583,0.0
5.5600000000000005,-0.8363788723945618,2.8810536861419678,1.5,-0.9603512287139893,-0.27879294753074646,0.0,0.09293098747730255,-0.3201170861721039,0.0
5.57,-0.8459777235984802,2.8782496452331543,1.5,-0.9594165682792664,-0.2819925844669342,0.0,0.093997523188591,-0.3198055326938629,0.0
5.58,-0.8555671572685242,2.8754138946533203,1.5,-0.9584712982177734,-0.28518906235694885,0.0,0.09506302326917648,-0.3194904327392578,0.0
5.59,-0.8651471138000488,2.8725459575653076,1.5,-0.9575153589248657,-0.2883823812007904,0.0,0.0961274579167366,-0.3191717863082886,0.0
5.6000000000000005,-0.8747174739837646,2.8696463108062744,1.5,-0.9565487504005432,-0.2915724813938141,0.0,0.09719082713127136,-0.3188495934009552,0.0
5.61,-0.8842780590057373,2.8667144775390625,1.5,-0.9555715322494507,-0.2947593629360199,0.0,0.09825311601161957,-0.3185238242149353,0.0
5.62,-0.8938288688659668,2.86375093460083,1.5,-0.9545837044715881,-0.2979429364204407,0.0,0.09931431710720062,-0.31819456815719604,0.0
5.63,-0.9033697247505188,2.860755681991577,1.5,-0.9535852074623108,-0.3011232316493988,0.0,0.10037440806627274,-0.31786173582077026,0.0
5.64,-0.9129005074501038,2.8577284812927246,1.5,-0.952576220035553,-0.3043001592159271,0.0,0.10143338888883591,-0.31752538681030273,0.0
5.65,-0.9224211573600769,2.8546698093414307,1.5,-0.9515565633773804,-0.30747371912002563,0.0,0.10249124467372894,-0.31718552112579346,0.0
5.66,-0.9319316148757935,2.851579189300537,1.5,-0.9505263566970825,-0.31064388155937195,0.0,0.10354795306921005,-0.31684213876724243,0.0
5.67,-0.9414317011833191,2.848456859588623,1.5,-0.9494855999946594,-0.3138105571269989,0.0,0.10460352152585983,-0.31649520993232727,0.0
5.68,-0.9509212970733643,2.8453028202056885,1.5,-0.9484342932701111,-0.3169737756252289,0.0,0.1056579202413559,-0.31614476442337036,0.0
5.69,-0.9604003429412842,2.8421173095703125,1.5,-0.9473724365234375,-0.3201334476470947,0.0,0.10671114921569824,-0.3157908320426941,0.0
5.7,-0.9698687195777893,2.838900327682495,1.5,-0.9463000893592834,-0.32328957319259644,0.0,0.10776318609714508,-0.3154333531856537,0.0
5.71,-0.9793263077735901,2.8356516361236572,1.5,-0.9452171921730042,-0.32644209265708923,0.0,0.10881403088569641,-0.3150723874568939,0.0
5.72,-0.988772988319397,2.832371473312378,1.5,-0.9441238045692444,-0.3295910060405731,0.0,0.10986366868019104,-0.3147079348564148,0.0
5.73,-0.99820876121521,2.8290598392486572,1.5,-0.9430199265480042,-0.3327362537384033,0.0,0.11091208457946777,-0.3143399655818939,0.0
5.74,-1.0076333284378052,2.825716733932495,1.5,-0.9419055581092834,-0.33587780594825745,0.0,0.11195926368236542,-0.3139685392379761,0.0
5.75,-1.0170468091964722,2.8223421573638916,1.5,-0.940780758857727,-0.3390156030654907,0.0,0.11300519853830338,-0.3135935962200165,0.0
5.76,-1.0264489650726318,2.818936347961426,1.5,-0.9396454691886902,-0.34214964509010315,0.0,0.11404988169670105,-0.3132151663303375,0.0
5.7700000000000005,-1.0358396768569946,2.8154993057250977,1.5,-0.9384997487068176,-0.34527990221977234,0.0,0.11509329825639725,-0.3128332495689392,0.0
5.78,-1.0452189445495605,2.812030792236328,1.5,-0.9373435974121094,-0.3484063148498535,0.0,0.11613543331623077,-0.3124478757381439,0.0
5.79,-1.0545865297317505,2.8085310459136963,1.5,-0.9361770749092102,-0.3515288531780243,0.0,0.11717627942562103,-0.3120590150356293,0.0
5.8,-1.0639424324035645,2.8050003051757812,1.5,-0.9350000619888306,-0.3546474874019623,0.0,0.11821582168340683,-0.31166669726371765,0.0
5.8100000000000005,-1.073286533355713,2.801438331604004,1.5,-0.9338127374649048,-0.3577621579170227,0.0,0.11925405263900757,-0.31127092242240906,0.0
5.82,-1.0826185941696167,2.7978451251983643,1.5,-0.9326150417327881,-0.36087289452552795,0.0,0.12029095739126205,-0.3108716607093811,0.0
5.83,-1.0919387340545654,2.7942206859588623,1.5,-0.9314069151878357,-0.3639795780181885,0.0,0.12132652848958969,-0.31046897172927856,0.0
5.84,-1.10124671459198,2.7905654907226562,1.5,-0.9301884770393372,-0.36708223819732666,0.0,0.12236075103282928,-0.31006282567977905,0.0
5.8500000000000005,-1.1105425357818604,2.786879062652588,1.5,-0.9289597272872925,-0.3701808452606201,0.0,0.12339361011981964,-0.30965325236320496,0.0
5.86,-1.1198259592056274,2.7831618785858154,1.5,-0.9277206063270569,-0.3732753098011017,0.0,0.12442509829998016,-0.3092401921749115,0.0
5.87,-1.1290968656539917,2.7794137001037598,1.5,-0.9264712333679199,-0.37636563181877136,0.0,0.12545520067214966,-0.30882373452186584,0.0
5.88,-1.1383552551269531,2.775634527206421,1.5,-0.9252115488052368,-0.3794517517089844,0.0,0.12648391723632812,-0.3084038496017456,0.0
5.89,-1.1476011276245117,2.771824598312378,1.5,-0.9239415526390076,-0.3825336992740631,0.0,0.12751123309135437,-0.3079805076122284,0.0
5.9,-1.1568341255187988,2.767983913421631,1.5,-0.922661304473877,-0.385611355304718,0.0,0.128537118434906,-0.307553768157959,0.0
5.91,-1.1660542488098145,2.7641124725341797,1.5,-0.921370804309845,-0.3886847496032715,0.0,0.12956158816814423,-0.307123601436615,0.0
5.92,-1.1752614974975586,2.7602102756500244,1.5,-0.9200700521469116,-0.39175382256507874,0.0,0.13058461248874664,-0.3066900372505188,0.0
5.93,-1.1844556331634521,2.756277322769165,1.5,-0.9187591075897217,-0.3948185443878174,0.0,0.13160617649555206,-0.306253045797348,0.0
5.94,-1.1936366558074951,2.7523138523101807,1.5,-0.9174379706382751,-0.39787888526916504,0.0,0.13262629508972168,-0.30581265687942505,0.0
5.95,-1.2028043270111084,2.7483198642730713,1.5,-0.9161065816879272,-0.40093478560447693,0.0,0.1336449235677719,-0.3053688704967499,0.0
5.96,-1.2119587659835815,2.744295120239258,1.5,-0.9147650599479675,-0.40398624539375305,0.0,0.13466207683086395,-0.3049216866493225,0.0
5.97,-1.221099615097046,2.7402400970458984,1.5,-0.9134133458137512,-0.40703320503234863,0.0,0.1356777399778366,-0.30447113513946533,0.0
5.98,-1.230226993560791,2.736154556274414,1.5,-0.9120514988899231,-0.41007566452026367,0.0,0.1366918832063675,-0.30401715636253357,0.0
5.99,-1.2393406629562378,2.7320384979248047,1.5,-0.9106795191764832,-0.413113534450531,0.0,0.1377045065164566,-0.3035598397254944,0.0
6.0,-1.2484405040740967,2.7278923988342285,1.5,-0.9092974066734314,-0.416146844625473,0.0,0.13871560990810394,-0.3030991554260254,0.0
6.01,-1.2575265169143677,2.7237157821655273,1.5,-0.9079052209854126,-0.41917550563812256,0.0,0.13972516357898712,-0.3026350736618042,0.0
6.0200000000000005,-1.2665985822677612,2.7195088863372803,1.5,-0.906502902507782,-0.4221995174884796,0.0,0.14073318243026733,-0.3021676540374756,0.0
6.03,-1.2756565809249878,2.7152717113494873,1.5,-0.9050905704498291,-0.4252188503742218,0.0,0.141739621758461,-0.30169686675071716,0.0
6.04,-1.2847003936767578,2.7110044956207275,1.5,-0.9036681652069092,-0.42823344469070435,0.0,0.14274448156356812,-0.30122271180152893,0.0
6.05,-1.2937299013137817,2.706707000732422,1.5,-0.9022356867790222,-0.43124330043792725,0.0,0.14374776184558868,-0.3007452189922333,0.0
6.0600000000000005,-1.30274498462677,2.7023794651031494,1.5,-0.900793194770813,-0.4342483580112457,0.0,0.1447494477033615,-0.3002643883228302,0.0
6.07,-1.3117457628250122,2.6980221271514893,1.5,-0.8993406891822815,-0.437248557806015,0.0,0.1457495242357254,-0.2997802197933197,0.0
6.08,-1.3207318782806396,2.693634510040283,1.5,-0.8978782296180725,-0.4402439296245575,0.0,0.14674797654151917,-0.29929274320602417,0.0
6.09,-1.3297032117843628,2.6892173290252686,1.5,-0.8964057564735413,-0.4432344138622284,0.0,0.1477448046207428,-0.29880189895629883,0.0
6.1000000000000005,-1.3386598825454712,2.684769868850708,1.5,-0.8949233293533325,-0.4462199807167053,0.0,0.1487399935722351,-0.29830777645111084,0.0
6.11,-1.3476016521453857,2.680292844772339,1.5,-0.8934309482574463,-0.4492005705833435,0.0,0.1497335135936737,-0.29781031608581543,0.0
6.12,-1.3565285205841064,2.675786018371582,1.5,-0.8919286727905273,-0.45217615365982056,0.0,0.15072539448738098,-0.297309547662735,0.0
6.13,-1.3654402494430542,2.6712493896484375,1.5,-0.8904164433479309,-0.4551467299461365,0.0,0.15171557664871216,-0.2968054711818695,0.0
6.140000000000001,-1.374336838722229,2.6666829586029053,1.5,-0.8888943195343018,-0.45811226963996887,0.0,0.15270408987998962,-0.2962981164455414,0.0
6.15,-1.3832180500030518,2.6620872020721436,1.5,-0.8873623609542847,-0.4610726833343506,0.0,0.153690904378891,-0.2957874536514282,0.0
6.16,-1.392084002494812,2.657461643218994,1.5,-0.8858205080032349,-0.464028000831604,0.0,0.15467600524425507,-0.2952735126018524,0.0
6.17,-1.4009344577789307,2.652806520462036,1.5,-0.8842688798904419,-0.46697816252708435,0.0,0.15565937757492065,-0.29475629329681396,0.0
6.18,-1.4097692966461182,2.6481220722198486,1.5,-0.8827073574066162,-0.46992310881614685,0.0,0.15664103627204895,-0.29423579573631287,0.0
6.19,-1.4185885190963745,2.6434080600738525,1.5,-0.8811360597610474,-0.4728628695011139,0.0,0.15762095153331757,-0.2937120199203491,0.0
6.2,-1.4273920059204102,2.638664722442627,1.5,-0.8795549273490906,-0.4757973551750183,0.0,0.1585991084575653,-0.29318496584892273,0.0
6.21,-1.4361796379089355,2.633892297744751,1.5,-0.8779640793800354,-0.4787265360355377,0.0,0.15957552194595337,-0.29265469312667847,0.0
6.22,-1.4449512958526611,2.6290903091430664,1.5,-0.8763634562492371,-0.4816504120826721,0.0,0.16055014729499817,-0.29212114214897156,0.0
6.23,-1.4537068605422974,2.6242592334747314,1.5,-0.8747530579566956,-0.4845689535140991,0.0,0.1615229845046997,-0.2915843427181244,0.0
6.24,-1.4624463319778442,2.619398832321167,1.5,-0.8731330037117004,-0.48748210072517395,0.0,0.16249403357505798,-0.29104432463645935,0.0
6.25,-1.4711694717407227,2.6145095825195312,1.5,-0.8715031743049622,-0.4903898239135742,0.0,0.1634632796049118,-0.29050105810165405,0.0
6.26,-1.4798762798309326,2.609591245651245,1.5,-0.869863748550415,-0.4932921230792999,0.0,0.16443070769309998,-0.2899545729160309,0.0
6.2700000000000005,-1.4885667562484741,2.6046438217163086,1.5,-0.8682146072387695,-0.4961889088153839,0.0,0.1653963029384613,-0.28940486907958984,0.0
6.28,-1.4972405433654785,2.5996673107147217,1.5,-0.8665558099746704,-0.49908021092414856,0.0,0.1663600653409958,-0.28885194659233093,0.0
6.29,-1.505897879600525,2.5946621894836426,1.5,-0.8648874163627625,-0.5019659399986267,0.0,0.16732197999954224,-0.28829580545425415,0.0
6.3,-1.514538288116455,2.589627981185913,1.5,-0.8632093667984009,-0.5048460960388184,0.0,0.16828203201293945,-0.2877364456653595,0.0
6.3100000000000005,-1.5231620073318481,2.5845651626586914,1.5,-0.8615217804908752,-0.5077206492424011,0.0,0.16924022138118744,-0.28717392683029175,0.0
6.32,-1.5317686796188354,2.5794737339019775,1.5,-0.8598245978355408,-0.510589599609375,0.0,0.1701965183019638,-0.28660818934440613,0.0
6.33,-1.5403584241867065,2.5743534564971924,1.5,-0.8581178188323975,-0.5134528279304504,0.0,0.17115093767642975,-0.286039263010025,0.0
6.34,-1.5489310026168823,2.569204568862915,1.5,-0.8564015626907349,-0.5163103342056274,0.0,0.17210344970226288,-0.2854671776294708,0.0
6.3500000000000005,-1.5574864149093628,2.5640273094177246,1.5,-0.8546757698059082,-0.519162118434906,0.0,0.1730540543794632,-0.28489193320274353,0.0
6.36,-1.5660245418548584,2.558821439743042,1.5,-0.8529404997825623,-0.5220081806182861,0.0,0.1740027219057083,-0.28431349992752075,0.0
6.37,-1.5745452642440796,2.5535871982574463,1.5,-0.8511956930160522,-0.5248484015464783,0.0,0.17494946718215942,-0.2837319076061249,0.0
6.38,-1.5830484628677368,2.5483245849609375,1.5,-0.8494415283203125,-0.5276827812194824,0.0,0.17589426040649414,-0.2831471562385559,0.0
6.390000000000001,-1.5915340185165405,2.5430335998535156,1.5,-0.8476778268814087,-0.5305113196372986,0.0,0.17683711647987366,-0.28255927562713623,0.0
6.4,-1.6000019311904907,2.5377142429351807,1.5,-0.8459047675132751,-0.533333957195282,0.0,0.1777779906988144,-0.28196826577186584,0.0
6.41,-1.6084520816802979,2.5323667526245117,1.5,-0.8441222906112671,-0.5361506938934326,0.0,0.17871689796447754,-0.28137409687042236,0.0
6.42,-1.6168843507766724,2.526991367340088,1.5,-0.8423304557800293,-0.5389614701271057,0.0,0.1796538233757019,-0.2807767987251282,0.0
6.43,-1.6252986192703247,2.521587610244751,1.5,-0.840529203414917,-0.5417662262916565,0.0,0.1805887371301651,-0.28017640113830566,0.0
6.44,-1.6336948871612549,2.516155958175659,1.5,-0.8387186527252197,-0.544564962387085,0.0,0.18152165412902832,-0.27957287430763245,0.0
6.45,-1.6420730352401733,2.5106964111328125,1.5,-0.8368988037109375,-0.5473576784133911,0.0,0.18245255947113037,-0.2789662778377533,0.0
6.46,-1.650432825088501,2.505208969116211,1.5,-0.8350695967674255,-0.5501442551612854,0.0,0.18338142335414886,-0.27835655212402344,0.0
6.47,-1.6587743759155273,2.4996933937072754,1.5,-0.8332311511039734,-0.5529248118400574,0.0,0.184308260679245,-0.27774372696876526,0.0
6.48,-1.6670974493026733,2.494150400161743,1.5,-0.831383466720581,-0.5556991696357727,0.0,0.18523304164409637,-0.27712783217430115,0.0
6.49,-1.675402045249939,2.488579511642456,1.5,-0.8295265436172485,-0.5584673285484314,0.0,0.1861557811498642,-0.2765088379383087,0.0
6.5,-1.6836879253387451,2.482980966567993,1.5,-0.8276603817939758,-0.5612292885780334,0.0,0.18707643449306488,-0.27588677406311035,0.0
6.51,-1.6919552087783813,2.4773550033569336,1.5,-0.8257849812507629,-0.5639850497245789,0.0,0.18799501657485962,-0.27526167035102844,0.0
6.5200000000000005,-1.7002036571502686,2.4717013835906982,1.5,-0.8239004611968994,-0.5667345523834229,0.0,0.18891151249408722,-0.2746334969997406,0.0
6.53,-1.7084331512451172,2.466020345687866,1.5,-0.8220067620277405,-0.5694777369499207,0.0,0.1898259073495865,-0.2740022540092468,0.0
6.54,-1.7166436910629272,2.4603118896484375,1.5,-0.8201039433479309,-0.5722145438194275,0.0,0.19073818624019623,-0.2733679711818695,0.0
6.55,-1.7248351573944092,2.454576015472412,1.5,-0.8181920051574707,-0.5749450922012329,0.0,0.19164834916591644,-0.27273067831993103,0.0
6.5600000000000005,-1.733007550239563,2.448812961578369,1.5,-0.8162710070610046,-0.5776692032814026,0.0,0.19255639612674713,-0.2720903158187866,0.0
6.57,-1.7411606311798096,2.4430227279663086,1.5,-0.8143408894538879,-0.5803868770599365,0.0,0.1934622824192047,-0.27144697308540344,0.0
6.58,-1.7492942810058594,2.4372053146362305,1.5,-0.8124017715454102,-0.5830981135368347,0.0,0.19436603784561157,-0.2708005905151367,0.0
6.59,-1.757408618927002,2.4313607215881348,1.5,-0.8104535937309265,-0.5858028531074524,0.0,0.19526761770248413,-0.27015119791030884,0.0
6.6000000000000005,-1.7655034065246582,2.4254891872406006,1.5,-0.8084964156150818,-0.5885010957717896,0.0,0.19616703689098358,-0.2694987952709198,0.0
6.61,-1.7735785245895386,2.419590711593628,1.5,-0.806530237197876,-0.5911928415298462,0.0,0.19706428050994873,-0.268843412399292,0.0
6.62,-1.781633973121643,2.413665294647217,1.5,-0.8045551180839539,-0.5938779711723328,0.0,0.1979593187570572,-0.2681850492954254,0.0
6.63,-1.7896695137023926,2.4077131748199463,1.5,-0.8025710582733154,-0.596556544303894,0.0,0.19885216653347015,-0.2675236761569977,0.0
6.640000000000001,-1.7976852655410767,2.4017343521118164,1.5,-0.8005781173706055,-0.5992284417152405,0.0,0.19974280893802643,-0.26685935258865356,0.0
6.65,-1.8056811094284058,2.395728588104248,1.5,-0.7985762357711792,-0.6018937230110168,0.0,0.20063123106956482,-0.26619207859039307,0.0
6.66,-1.8136568069458008,2.3896963596343994,1.5,-0.7965654730796814,-0.6045522689819336,0.0,0.20151741802692413,-0.2655218243598938,0.0
6.67,-1.8216123580932617,2.3836376667022705,1.5,-0.7945458889007568,-0.6072041392326355,0.0,0.20240136981010437,-0.26484861969947815,0.0
6.68,-1.829547643661499,2.3775522708892822,1.5,-0.7925174236297607,-0.609849214553833,0.0,0.20328307151794434,-0.2641724944114685,0.0
6.69,-1.8374626636505127,2.3714406490325928,1.5,-0.7904801964759827,-0.6124875545501709,0.0,0.20416252315044403,-0.2634934186935425,0.0
6.7,-1.8453572988510132,2.365302562713623,1.5,-0.7884342074394226,-0.6151190996170044,0.0,0.20503969490528107,-0.2628113925457001,0.0
6.71,-1.8532313108444214,2.359138250350952,1.5,-0.7863794565200806,-0.6177437901496887,0.0,0.20591460168361664,-0.26212647557258606,0.0
6.72,-1.8610848188400269,2.35294771194458,1.5,-0.7843159437179565,-0.6203616261482239,0.0,0.20678719878196716,-0.26143863797187805,0.0
6.73,-1.8689175844192505,2.346731185913086,1.5,-0.7822437286376953,-0.6229725480079651,0.0,0.20765751600265503,-0.26074790954589844,0.0
6.74,-1.8767297267913818,2.3404884338378906,1.5,-0.7801628112792969,-0.6255765557289124,0.0,0.20852552354335785,-0.26005426049232483,0.0
6.75,-1.8845208883285522,2.3342196941375732,1.5,-0.7780731916427612,-0.6281736493110657,0.0,0.20939120650291443,-0.2593577206134796,0.0
6.76,-1.8922910690307617,2.327924966812134,1.5,-0.7759749889373779,-0.6307637095451355,0.0,0.21025456488132477,-0.2586583197116852,0.0
6.7700000000000005,-1.9000403881072998,2.3216042518615723,1.5,-0.7738680839538574,-0.6333467960357666,0.0,0.21111559867858887,-0.25795602798461914,0.0
6.78,-1.9077684879302979,2.315258026123047,1.5,-0.771752655506134,-0.6359227895736694,0.0,0.21197427809238434,-0.2572508752346039,0.0
6.79,-1.9154753684997559,2.3088858127593994,1.5,-0.769628643989563,-0.6384918093681335,0.0,0.21283060312271118,-0.2565428912639618,0.0
6.8,-1.9231610298156738,2.302488088607788,1.5,-0.7674960494041443,-0.6410536766052246,0.0,0.2136845588684082,-0.2558320164680481,0.0
6.8100000000000005,-1.9308252334594727,2.296064853668213,1.5,-0.7653549313545227,-0.6436083912849426,0.0,0.2145361453294754,-0.25511831045150757,0.0
6.82,-1.938468098640442,2.289616107940674,1.5,-0.763205349445343,-0.6461560130119324,0.0,0.2153853476047516,-0.2544017732143402,0.0
6.83,-1.9460893869400024,2.283141851425171,1.5,-0.7610472440719604,-0.6486964225769043,0.0,0.21623215079307556,-0.253682404756546,0.0
6.84,-1.9536889791488647,2.276642084121704,1.5,-0.7588807344436646,-0.6512296795845032,0.0,0.21707655489444733,-0.2529602348804474,0.0
6.8500000000000005,-1.9612668752670288,2.2701172828674316,1.5,-0.7567057013511658,-0.6537556648254395,0.0,0.2179185450077057,-0.2522352337837219,0.0
6.86,-1.9688230752944946,2.2635669708251953,1.5,-0.7545223236083984,-0.6562743782997131,0.0,0.21875812113285065,-0.2515074610710144,0.0
6.87,-1.976357340812683,2.2569916248321533,1.5,-0.7523306012153625,-0.6587857604026794,0.0,0.21959525346755981,-0.25077685713768005,0.0
6.88,-1.9838696718215942,2.2503912448883057,1.5,-0.7501304745674133,-0.6612898707389832,0.0,0.22042995691299438,-0.25004348158836365,0.0
6.890000000000001,-1.9913599491119385,2.2437660694122314,1.5,-0.7479220032691956,-0.6637866497039795,0.0,0.22126221656799316,-0.24930733442306519,0.0
6.9,-1.9988280534744263,2.2371156215667725,1.5,-0.7457051873207092,-0.6662760376930237,0.0,0.22209200263023376,-0.24856840074062347,0.0
6.91,-2.0062739849090576,2.230440378189087,1.5,-0.7434801459312439,-0.668757975101471,0.0,0.22291933000087738,-0.2478267252445221,0.0
6.92,-2.013697624206543,2.223740577697754,1.5,-0.7412468194961548,-0.6712325215339661,0.0,0.22374418377876282,-0.24708227813243866,0.0
6.93,-2.0210988521575928,2.2170157432556152,1.5,-0.7390052676200867,-0.6736996173858643,0.0,0.22456654906272888,-0.24633508920669556,0.0
6.94,-2.028477668762207,2.210266590118408,1.5,-0.7367554903030396,-0.6761592626571655,0.0,0.22538641095161438,-0.24558517336845398,0.0
6.95,-2.0358340740203857,2.2034926414489746,1.5,-0.7344975471496582,-0.6786113381385803,0.0,0.2262037694454193,-0.24483251571655273,0.0
6.96,-2.0431675910949707,2.1966943740844727,1.5,-0.7322314381599426,-0.6810559034347534,0.0,0.22701862454414368,-0.2440771460533142,0.0
6.97,-2.05047869682312,2.1898715496063232,1.5,-0.7299572229385376,-0.6834928393363953,0.0,0.22783096134662628,-0.2433190643787384,0.0
6.98,-2.0577666759490967,2.1830244064331055,1.5,-0.7276748418807983,-0.6859222650527954,0.0,0.22864075005054474,-0.24255827069282532,0.0
6.99,-2.0650320053100586,2.1761531829833984,1.5,-0.7253844141960144,-0.6883440017700195,0.0,0.22944800555706024,-0.24179479479789734,0.0
7.0,-2.0722744464874268,2.169257640838623,1.5,-0.723085880279541,-0.6907581686973572,0.0,0.2302527129650116,-0.24102862179279327,0.0
7.01,-2.079493761062622,2.1623380184173584,1.5,-0.7207793593406677,-0.693164587020874,0.0,0.2310548573732376,-0.2402597814798355,0.0
7.0200000000000005,-2.0866899490356445,2.1553943157196045,1.5,-0.7184647917747498,-0.6955633163452148,0.0,0.23185443878173828,-0.23948825895786285,0.0
7.03,-2.093863010406494,2.1484267711639404,1.5,-0.7161422371864319,-0.6979543566703796,0.0,0.23265144228935242,-0.2387140840291977,0.0
7.04,-2.101012706756592,2.141435384750366,1.5,-0.7138117551803589,-0.7003375887870789,0.0,0.23344586789608002,-0.23793725669384003,0.0
7.05,-2.1081392765045166,2.134420156478882,1.5,-0.7114733457565308,-0.7027130722999573,0.0,0.2342376857995987,-0.23715777695178986,0.0
7.0600000000000005,-2.1152422428131104,2.1273810863494873,1.5,-0.7091270089149475,-0.7050807476043701,0.0,0.23502691090106964,-0.23637567460536957,0.0
7.07,-2.122321844100952,2.1203184127807617,1.5,-0.7067728042602539,-0.7074405550956726,0.0,0.23581352829933167,-0.23559093475341797,0.0
7.08,-2.129377603530884,2.113232374191284,1.5,-0.7044107913970947,-0.7097925543785095,0.0,0.23659752309322357,-0.23480358719825745,0.0
7.09,-2.1364099979400635,2.1061227321624756,1.5,-0.7020409107208252,-0.7121366262435913,0.0,0.23737888038158417,-0.234013631939888,0.0
7.1000000000000005,-2.143418550491333,2.098989486694336,1.5,-0.6996632218360901,-0.7144728302955627,0.0,0.23815760016441345,-0.23322106897830963,0.0
7.11,-2.1504032611846924,2.0918331146240234,1.5,-0.6972777247428894,-0.7168010473251343,0.0,0.23893368244171143,-0.23242591321468353,0.0
7.12,-2.1573638916015625,2.084653615951538,1.5,-0.6948845386505127,-0.7191213369369507,0.0,0.2397071123123169,-0.2316281795501709,0.0
7.13,-2.1643009185791016,2.077450752258301,1.5,-0.6924836039543152,-0.7214336395263672,0.0,0.24047787487506866,-0.23082786798477173,0.0
7.140000000000001,-2.1712136268615723,2.0702250003814697,1.5,-0.6900749802589417,-0.723737895488739,0.0,0.24124595522880554,-0.23002499341964722,0.0
7.15,-2.1781022548675537,2.062976121902466,1.5,-0.6876586675643921,-0.7260341048240662,0.0,0.24201136827468872,-0.22921957075595856,0.0
7.16,-2.184966802597046,2.055704355239868,1.5,-0.685234785079956,-0.7283222675323486,0.0,0.2427740842103958,-0.22841158509254456,0.0
7.17,-2.1918070316314697,2.0484097003936768,1.5,-0.682803213596344,-0.7306023240089417,0.0,0.24353410303592682,-0.2276010811328888,0.0
7.18,-2.198622941970825,2.0410921573638916,1.5,-0.6803640723228455,-0.7328742742538452,0.0,0.24429142475128174,-0.22678802907466888,0.0
7.19,-2.205414295196533,2.033752202987671,1.5,-0.6779174208641052,-0.7351380586624146,0.0,0.24504601955413818,-0.2259724736213684,0.0
7.2,-2.2121810913085938,2.0263895988464355,1.5,-0.6754631996154785,-0.7373937368392944,0.0,0.24579790234565735,-0.22515439987182617,0.0
7.21,-2.218923568725586,2.0190043449401855,1.5,-0.6730014681816101,-0.7396411299705505,0.0,0.24654705822467804,-0.22433382272720337,0.0
7.22,-2.2256412506103516,2.0115966796875,1.5,-0.6705322265625,-0.7418803572654724,0.0,0.24729345738887787,-0.2235107421875,0.0
7.23,-2.2323341369628906,2.004166841506958,1.5,-0.6680555939674377,-0.7441113591194153,0.0,0.24803711473941803,-0.22268520295619965,0.0
7.24,-2.239002227783203,1.9967145919799805,1.5,-0.6655715107917786,-0.7463340759277344,0.0,0.24877803027629852,-0.22185717523097992,0.0
7.25,-2.245645523071289,1.9892401695251465,1.5,-0.6630800366401672,-0.7485485076904297,0.0,0.24951617419719696,-0.22102667391300201,0.0
7.26,-2.2522637844085693,1.981743574142456,1.5,-0.6605811715126038,-0.7507545948028564,0.0,0.25025153160095215,-0.22019372880458832,0.0
7.2700000000000005,-2.258857011795044,1.9742250442504883,1.5,-0.6580750346183777,-0.7529523968696594,0.0,0.2509841322898865,-0.21935833990573883,0.0
7.28,-2.265425205230713,1.9666845798492432,1.5,-0.6555615067481995,-0.7551417350769043,0.0,0.25171393156051636,-0.21852050721645355,0.0
7.29,-2.271968364715576,1.9591223001480103,1.5,-0.6530407667160034,-0.7573227882385254,0.0,0.2524409294128418,-0.21768024563789368,0.0
7.3,-2.2784860134124756,1.9515382051467896,1.5,-0.6505126953125,-0.7594953775405884,0.0,0.2531651258468628,-0.2168375700712204,0.0
7.3100000000000005,-2.2849786281585693,1.9439324140548706,1.5,-0.6479774713516235,-0.7616595029830933,0.0,0.25388649106025696,-0.21599248051643372,0.0
7.32,-2.29144549369812,1.936305046081543,1.5,-0.6454349756240845,-0.7638152241706848,0.0,0.2546050548553467,-0.21514500677585602,0.0
7.33,-2.2978873252868652,1.9286561012268066,1.5,-0.6428853869438171,-0.7659624218940735,0.0,0.25532078742980957,-0.21429511904716492,0.0
7.34,-2.3043034076690674,1.9209858179092407,1.5,-0.640328586101532,-0.7681010961532593,0.0,0.25603368878364563,-0.213442862033844,0.0
7.3500000000000005,-2.3106937408447266,1.9132940769195557,1.5,-0.6377646923065186,-0.7702312469482422,0.0,0.25674375891685486,-0.21258823573589325,0.0
7.36,-2.317058563232422,1.9055812358856201,1.5,-0.6351937055587769,-0.7723528742790222,0.0,0.2574509382247925,-0.21173124015331268,0.0
7.37,-2.323397636413574,1.897847056388855,1.5,-0.6326156854629517,-0.7744658589363098,0.0,0.25815528631210327,-0.2108718901872635,0.0
7.38,-2.3297109603881836,1.890091896057129,1.5,-0.630030632019043,-0.7765702605247498,0.0,0.25885677337646484,-0.21001021564006805,0.0
7.390000000000001,-2.335998296737671,1.882315754890442,1.5,-0.6274385452270508,-0.778666079044342,0.0,0.2595553696155548,-0.209146186709404,0.0
7.4,-2.342259645462036,1.874518632888794,1.5,-0.6248395442962646,-0.7807531952857971,0.0,0.26025107502937317,-0.20827984809875488,0.0
7.41,-2.3484950065612793,1.8667006492614746,1.5,-0.6222335696220398,-0.7828316688537598,0.0,0.2609438896179199,-0.20741118490695953,0.0
7.42,-2.3547041416168213,1.858862042427063,1.5,-0.619620680809021,-0.7849014401435852,0.0,0.26163381338119507,-0.20654022693634033,0.0
7.43,-2.360887289047241,1.8510026931762695,1.5,-0.6170008778572083,-0.7869624495506287,0.0,0.2623208165168762,-0.20566695928573608,0.0
7.44,-2.36704421043396,1.8431227207183838,1.5,-0.6143742799758911,-0.7890147566795349,0.0,0.26300492882728577,-0.20479142665863037,0.0
7.45,-2.3731749057769775,1.8352223634719849,1.5,-0.6117408275604248,-0.7910583019256592,0.0,0.26368609070777893,-0.2039135992527008,0.0
7.46,-2.379279136657715,1.8273016214370728,1.5,-0.6091005206108093,-0.7930930256843567,0.0,0.2643643319606781,-0.20303352177143097,0.0
7.47,-2.385356903076172,1.819360613822937,1.5,-0.606453537940979,-0.7951189279556274,0.0,0.2650396525859833,-0.20215117931365967,0.0
7.48,-2.3914079666137695,1.8113993406295776,1.5,-0.6037997603416443,-0.7971360087394714,0.0,0.26571202278137207,-0.2012665867805481,0.0
7.49,-2.397432804107666,1.8034179210662842,1.5,-0.6011393070220947,-0.7991442680358887,0.0,0.2663814127445221,-0.20037975907325745,0.0
7.5,-2.403430938720703,1.7954164743423462,1.5,-0.5984721183776855,-0.8011435866355896,0.0,0.2670478820800781,-0.1994907110929489,0.0
7.51,-2.4094021320343018,1.7873950004577637,1.5,-0.5957983732223511,-0.8031340837478638,0.0,0.267711341381073,-0.1985994428396225,0.0
7.5200000000000005,-2.41534686088562,1.7793537378311157,1.5,-0.5931179523468018,-0.8051155805587769,0.0,0.2683718800544739,-0.1977059692144394,0.0
7.53,-2.4212646484375,1.771292805671692,1.5,-0.5904309153556824,-0.8070881962776184,0.0,0.2690293788909912,-0.1968103051185608,0.0
7.54,-2.4271554946899414,1.7632120847702026,1.5,-0.5877373218536377,-0.8090518116950989,0.0,0.26968392729759216,-0.1959124505519867,0.0
7.55,-2.4330191612243652,1.7551116943359375,1.5,-0.5850372314453125,-0.8110064268112183,0.0,0.27033546566963196,-0.1950124204158783,0.0
7.5600000000000005,-2.4388561248779297,1.7469919919967651,1.5,-0.5823306441307068,-0.8129520416259766,0.0,0.270984023809433,-0.1941102147102356,0.0
7.57,-2.4446659088134766,1.7388527393341064,1.5,-0.5796175599098206,-0.814888596534729,0.0,0.27162954211235046,-0.19320586323738098,0.0
7.58,-2.450448513031006,1.7306941747665405,1.5,-0.5768980979919434,-0.8168161511421204,0.0,0.2722720503807068,-0.19229935109615326,0.0
7.59,-2.4562036991119385,1.722516417503357,1.5,-0.5741721391677856,-0.8187345862388611,0.0,0.27291151881217957,-0.191390722990036,0.0
7.6000000000000005,-2.4619319438934326,1.7143195867538452,1.5,-0.5714398622512817,-0.820643961429596,0.0,0.2735479772090912,-0.19047994911670685,0.0
7.61,-2.467632532119751,1.7061035633087158,1.5,-0.5687012076377869,-0.8225442171096802,0.0,0.27418139576911926,-0.18956705927848816,0.0
7.62,-2.4733059406280518,1.6978687047958374,1.5,-0.5659562349319458,-0.824435293674469,0.0,0.2748117744922638,-0.18865208327770233,0.0
7.63,-2.4789516925811768,1.6896148920059204,1.5,-0.5632049441337585,-0.8263172507286072,0.0,0.2754390835762024,-0.18773499131202698,0.0
7.640000000000001,-2.484570026397705,1.681342363357544,1.5,-0.5604474544525146,-0.8281899690628052,0.0,0.27606332302093506,-0.18681581318378448,0.0
7.65,-2.4901607036590576,1.673051118850708,1.5,-0.5576837062835693,-0.8300535082817078,0.0,0.2766845226287842,-0.18589457869529724,0.0
7.66,-2.4957234859466553,1.6647413969039917,1.5,-0.5549137592315674,-0.8319078683853149,0.0,0.277302622795105,-0.18497125804424286,0.0
7.67,-2.5012588500976562,1.6564130783081055,1.5,-0.5521376729011536,-0.8337529301643372,0.0,0.27791765332221985,-0.18404589593410492,0.0
7.68,-2.5067663192749023,1.6480662822723389,1.5,-0.5493554472923279,-0.8355887532234192,0.0,0.2785295844078064,-0.18311847746372223,0.0
7.69,-2.5122458934783936,1.639701247215271,1.5,-0.5465670824050903,-0.837415337562561,0.0,0.279138445854187,-0.18218903243541718,0.0
7.7,-2.51769757270813,1.6313180923461914,1.5,-0.5437726974487305,-0.8392325639724731,0.0,0.2797441780567169,-0.18125756084918976,0.0
7.71,-2.5231213569641113,1.6229166984558105,1.5,-0.5409722328186035,-0.8410404324531555,0.0,0.2803468108177185,-0.18032407760620117,0.0
7.72,-2.528517007827759,1.6144973039627075,1.5,-0.5381657481193542,-0.8428390026092529,0.0,0.2809463441371918,-0.17938858270645142,0.0
7.73,-2.5338847637176514,1.6060599088668823,1.5,-0.5353533029556274,-0.8446282148361206,0.0,0.28154274821281433,-0.17845110595226288,0.0
7.74,-2.539224147796631,1.597604751586914,1.5,-0.5325348973274231,-0.8464080691337585,0.0,0.2821360230445862,-0.17751163244247437,0.0
7.75,-2.5445353984832764,1.5891318321228027,1.5,-0.529710590839386,-0.8481784462928772,0.0,0.28272613883018494,-0.17657019197940826,0.0
7.76,-2.549818277359009,1.5806411504745483,1.5,-0.5268803834915161,-0.8499394655227661,0.0,0.28331315517425537,-0.17562679946422577,0.0
7.7700000000000005,-2.5550730228424072,1.5721330642700195,1.5,-0.5240443348884583,-0.8516910076141357,0.0,0.2838969826698303,-0.17468143999576569,0.0
7.78,-2.5602991580963135,1.5636074542999268,1.5,-0.5212024450302124,-0.8534330725669861,0.0,0.28447768092155457,-0.1737341582775116,0.0
7.79,-2.5654969215393066,1.5550644397735596,1.5,-0.5183547735214233,-0.8551656603813171,0.0,0.2850552201271057,-0.1727849394083023,0.0
7.8,-2.5706663131713867,1.5465041399002075,1.5,-0.5155013799667358,-0.8568887710571289,0.0,0.2856295704841614,-0.17183378338813782,0.0
7.8100000000000005,-2.5758070945739746,1.5379266738891602,1.5,-0.5126422047615051,-0.8586023449897766,0.0,0.28620076179504395,-0.1708807349205017,0.0
7.82,-2.580919027328491,1.5293320417404175,1.5,-0.5097773671150208,-0.8603063821792603,0.0,0.2867687940597534,-0.16992579400539398,0.0
7.83,-2.5860025882720947,1.5207206010818481,1.5,-0.5069068670272827,-0.8620008230209351,0.0,0.287333607673645,-0.16896894574165344,0.0
7.84,-2.591057300567627,1.512092113494873,1.5,-0.504030704498291,-0.8636857271194458,0.0,0.28789523243904114,-0.16801023483276367,0.0
7.8500000000000005,-2.596083164215088,1.5034468173980713,1.5,-0.5011489391326904,-0.8653610348701477,0.0,0.2884536683559418,-0.16704964637756348,0.0
7.86,-2.6010801792144775,1.494784951210022,1.5,-0.49826163053512573,-0.8670267462730408,0.0,0.2890089154243469,-0.16608721017837524,0.0
7.87,-2.606048345565796,1.4861063957214355,1.5,-0.4953687787055969,-0.8686828017234802,0.0,0.2895609140396118,-0.16512292623519897,0.0
7.88,-2.610987424850464,1.4774112701416016,1.5,-0.4924704432487488,-0.8703292012214661,0.0,0.2901097238063812,-0.16415680944919586,0.0
7.890000000000001,-2.6158976554870605,1.4686998128890991,1.5,-0.4895665943622589,-0.8719658851623535,0.0,0.29065531492233276,-0.1631888747215271,0.0
7.9,-2.620778799057007,1.4599720239639282,1.5,-0.48665735125541687,-0.8735929727554321,0.0,0.29119765758514404,-0.1622191071510315,0.0
7.91,-2.6256308555603027,1.4512280225753784,1.5,-0.4837426543235779,-0.8752102851867676,0.0,0.29173675179481506,-0.16124755144119263,0.0
7.92,-2.630453586578369,1.4424678087234497,1.5,-0.4808226227760315,-0.8768178820610046,0.0,0.2922726273536682,-0.1602742075920105,0.0
7.930000000000001,-2.635247230529785,1.4336916208267212,1.5,-0.4778972268104553,-0.8784157633781433,0.0,0.2928052544593811,-0.1592990756034851,0.0
7.94,-2.6400115489959717,1.4248995780944824,1.5,-0.47496652603149414,-0.8800038695335388,0.0,0.29333463311195374,-0.15832217037677765,0.0
7.95,-2.6447465419769287,1.4160916805267334,1.5,-0.47203055024147034,-0.8815822005271912,0.0,0.2938607335090637,-0.15734350681304932,0.0
7.96,-2.6494522094726562,1.4072679281234741,1.5,-0.4690893292427063,-0.8831507563591003,0.0,0.29438358545303345,-0.1563630998134613,0.0
7.97,-2.654128313064575,1.3984286785125732,1.5,-0.4661428928375244,-0.8847094774246216,0.0,0.2949031591415405,-0.1553809642791748,0.0
7.98,-2.6587750911712646,1.3895738124847412,1.5,-0.46319127082824707,-0.8862583637237549,0.0,0.29541945457458496,-0.15439708530902863,0.0
7.99,-2.6633920669555664,1.3807034492492676,1.5,-0.46023449301719666,-0.8877974152565002,0.0,0.29593247175216675,-0.15341150760650635,0.0
8.0,-2.6679797172546387,1.3718178272247314,1.5,-0.45727261900901794,-0.8893265724182129,0.0,0.2964421808719635,-0.15242421627044678,0.0
8.01,-2.6725375652313232,1.3629170656204224,1.5,-0.4543056786060333,-0.8908458948135376,0.0,0.2969486117362976,-0.1514352262020111,0.0
8.02,-2.677065849304199,1.3540010452270508,1.5,-0.4513336718082428,-0.8923552632331848,0.0,0.29745176434516907,-0.15044455230236053,0.0
8.03,-2.6815643310546875,1.3450698852539062,1.5,-0.44835665822029114,-0.8938547372817993,0.0,0.2979515790939331,-0.14945220947265625,0.0
8.040000000000001,-2.686033010482788,1.3361239433288574,1.5,-0.44537463784217834,-0.8953443169593811,0.0,0.2984481155872345,-0.14845821261405945,0.0
8.05,-2.690471649169922,1.3271631002426147,1.5,-0.4423877000808716,-0.8968238830566406,0.0,0.29894131422042847,-0.14746256172657013,0.0
8.06,-2.694880723953247,1.3181874752044678,1.5,-0.43939581513404846,-0.8982935547828674,0.0,0.299431174993515,-0.1464652717113495,0.0
8.07,-2.6992595195770264,1.309197187423706,1.5,-0.43639907240867615,-0.899753212928772,0.0,0.29991772770881653,-0.14546635746955872,0.0
8.08,-2.703608512878418,1.3001924753189087,1.5,-0.43339747190475464,-0.9012028574943542,0.0,0.300400972366333,-0.144465833902359,0.0
8.09,-2.7079274654388428,1.2911732196807861,1.5,-0.4303910732269287,-0.902642548084259,0.0,0.3008808493614197,-0.14346368610858917,0.0
8.1,-2.712216377258301,1.2821396589279175,1.5,-0.42737987637519836,-0.9040721654891968,0.0,0.3013573884963989,-0.1424599587917328,0.0
8.11,-2.716475248336792,1.2730917930603027,1.5,-0.4243639409542084,-0.9054917097091675,0.0,0.30183055996894836,-0.14145465195178986,0.0
8.120000000000001,-2.720703601837158,1.264029860496521,1.5,-0.42134326696395874,-0.9069012403488159,0.0,0.30230042338371277,-0.14044776558876038,0.0
8.13,-2.7249019145965576,1.2549538612365723,1.5,-0.4183179438114166,-0.9083006381988525,0.0,0.302766889333725,-0.13943931460380554,0.0
8.14,-2.729069948196411,1.245863914489746,1.5,-0.41528794169425964,-0.9096900224685669,0.0,0.30323001742362976,-0.13842931389808655,0.0
8.15,-2.7332077026367188,1.2367600202560425,1.5,-0.41225335001945496,-0.9110692739486694,0.0,0.30368974804878235,-0.1374177783727646,0.0
8.16,-2.7373151779174805,1.22764253616333,1.5,-0.40921416878700256,-0.9124383330345154,0.0,0.3041461110115051,-0.13640472292900085,0.0
8.17,-2.741391897201538,1.2185113430023193,1.5,-0.40617042779922485,-0.9137973189353943,0.0,0.3045991063117981,-0.13539014756679535,0.0
8.18,-2.745438575744629,1.2093665599822998,1.5,-0.4031221866607666,-0.9151461720466614,0.0,0.30504873394966125,-0.13437406718730927,0.0
8.19,-2.7494544982910156,1.2002084255218506,1.5,-0.4000694751739502,-0.9164848327636719,0.0,0.30549493432044983,-0.1333564966917038,0.0
8.2,-2.7534399032592773,1.1910369396209717,1.5,-0.397012323141098,-0.9178133010864258,0.0,0.3059377670288086,-0.13233743607997894,0.0
8.21,-2.757394790649414,1.1818522214889526,1.5,-0.3939507305622101,-0.9191315770149231,0.0,0.3063771724700928,-0.1313169151544571,0.0
8.22,-2.7613189220428467,1.172654390335083,1.5,-0.39088478684425354,-0.920439600944519,0.0,0.30681321024894714,-0.13029491901397705,0.0
8.23,-2.765212297439575,1.1634434461593628,1.5,-0.3878144919872284,-0.9217374324798584,0.0,0.30724582076072693,-0.1292714923620224,0.0
8.24,-2.7690751552581787,1.154219627380371,1.5,-0.38473987579345703,-0.9230250716209412,0.0,0.30767500400543213,-0.12824662029743195,0.0
8.25,-2.772907018661499,1.144982933998108,1.5,-0.38166099786758423,-0.9243023991584778,0.0,0.30810078978538513,-0.12722033262252808,0.0
8.26,-2.7767083644866943,1.1357336044311523,1.5,-0.37857785820961,-0.9255694150924683,0.0,0.30852314829826355,-0.1261926293373108,0.0
8.27,-2.7804787158966064,1.1264716386795044,1.5,-0.37549054622650146,-0.9268262386322021,0.0,0.3089420795440674,-0.1251635104417801,0.0
8.28,-2.7842180728912354,1.1171971559524536,1.5,-0.3723990321159363,-0.9280726909637451,0.0,0.30935758352279663,-0.12413301318883896,0.0
8.290000000000001,-2.78792667388916,1.10791015625,1.5,-0.3693034052848816,-0.9293088912963867,0.0,0.3097696304321289,-0.1231011301279068,0.0
8.3,-2.7916042804718018,1.0986109972000122,1.5,-0.3662036657333374,-0.9305347204208374,0.0,0.3101782500743866,-0.1220678836107254,0.0
8.31,-2.795250654220581,1.0892995595932007,1.5,-0.3630998432636261,-0.9317502379417419,0.0,0.3105834126472473,-0.12103328108787537,0.0
8.32,-2.7988662719726562,1.079975962638855,1.5,-0.35999199748039246,-0.9329553842544556,0.0,0.31098511815071106,-0.11999733746051788,0.0
8.33,-2.80245041847229,1.0706404447555542,1.5,-0.35688015818595886,-0.9341501593589783,0.0,0.3113833963871002,-0.11896005272865295,0.0
8.34,-2.8060038089752197,1.0612930059432983,1.5,-0.3537643551826477,-0.9353345632553101,0.0,0.31177818775177,-0.11792144924402237,0.0
8.35,-2.809525728225708,1.051933765411377,1.5,-0.35064461827278137,-0.9365085959434509,0.0,0.31216952204704285,-0.11688153445720673,0.0
8.36,-2.813016653060913,1.0425628423690796,1.5,-0.34752097725868225,-0.9376721978187561,0.0,0.3125573992729187,-0.11584032326936722,0.0
8.370000000000001,-2.8164761066436768,1.0331803560256958,1.5,-0.34439346194267273,-0.9388254284858704,0.0,0.3129417896270752,-0.11479782313108444,0.0
8.38,-2.8199045658111572,1.0237864255905151,1.5,-0.3412621319293976,-0.9399681687355042,0.0,0.3133227229118347,-0.11375404894351959,0.0
8.39,-2.8233015537261963,1.0143810510635376,1.5,-0.3381270170211792,-0.9411004781723022,0.0,0.3137001693248749,-0.11270900815725327,0.0
8.4,-2.826667070388794,1.0049644708633423,1.5,-0.33498814702033997,-0.9422223567962646,0.0,0.3140740990638733,-0.11166271567344666,0.0
8.41,-2.83000111579895,0.9955366849899292,1.5,-0.33184555172920227,-0.9433337450027466,0.0,0.31444457173347473,-0.11061518639326096,0.0
8.42,-2.833303928375244,0.9860978126525879,1.5,-0.3286992609500885,-0.944434642791748,0.0,0.3148115575313568,-0.10956642031669617,0.0
8.43,-2.8365752696990967,0.9766480326652527,1.5,-0.32554933428764343,-0.945525050163269,0.0,0.31517502665519714,-0.10851644724607468,0.0
8.44,-2.8398149013519287,0.9671873450279236,1.5,-0.32239577174186707,-0.9466049671173096,0.0,0.3155349791049957,-0.10746525973081589,0.0
8.45,-2.8430230617523193,0.9577159285545349,1.5,-0.3192386329174042,-0.9476743340492249,0.0,0.31589144468307495,-0.10641288012266159,0.0
8.46,-2.8461997509002686,0.9482339024543762,1.5,-0.31607797741889954,-0.9487332105636597,0.0,0.3162443935871124,-0.10535932332277298,0.0
8.47,-2.8493447303771973,0.9387413263320923,1.5,-0.31291377544403076,-0.9497815370559692,0.0,0.31659385561943054,-0.10430458933115005,0.0
8.48,-2.8524580001831055,0.9292383193969727,1.5,-0.3097460865974426,-0.9508193135261536,0.0,0.3169397711753845,-0.1032487004995346,0.0
8.49,-2.855539560317993,0.9197249412536621,1.5,-0.3065750002861023,-0.9518464803695679,0.0,0.31728217005729675,-0.10219166427850723,0.0
8.5,-2.8585894107818604,0.9102014303207397,1.5,-0.303400456905365,-0.9528631567955017,0.0,0.31762105226516724,-0.10113348811864853,0.0
8.51,-2.861607551574707,0.9006677269935608,1.5,-0.30022257566452026,-0.9538691639900208,0.0,0.3179563879966736,-0.10007419437170029,0.0
8.52,-2.864593744277954,0.8911240696907043,1.5,-0.2970413565635681,-0.9548646211624146,0.0,0.3182882070541382,-0.0990137830376625,0.0
8.53,-2.8675482273101807,0.8815704584121704,1.5,-0.29385682940483093,-0.9558494687080383,0.0,0.31861647963523865,-0.09795227646827698,0.0
8.540000000000001,-2.8704710006713867,0.8720070719718933,1.5,-0.2906690239906311,-0.9568236470222473,0.0,0.318941205739975,-0.0968896746635437,0.0
8.55,-2.873361825942993,0.8624340295791626,1.5,-0.2874779999256134,-0.9577872157096863,0.0,0.31926241517066956,-0.09582600742578506,0.0
8.56,-2.876220464706421,0.852851390838623,1.5,-0.2842837870121002,-0.9587401747703552,0.0,0.3195800483226776,-0.09476126730442047,0.0
8.57,-2.879047393798828,0.8432592749595642,1.5,-0.28108641505241394,-0.9596824645996094,0.0,0.3198941648006439,-0.09369547665119171,0.0
8.58,-2.8818421363830566,0.8336578011512756,1.5,-0.27788591384887695,-0.9606140851974487,0.0,0.3202047049999237,-0.09262864291667938,0.0
8.59,-2.8846051692962646,0.8240470290184021,1.5,-0.27468234300613403,-0.9615350365638733,0.0,0.32051166892051697,-0.09156078100204468,0.0
8.6,-2.887335777282715,0.8144271373748779,1.5,-0.2714757025241852,-0.9624453186988831,0.0,0.3208150863647461,-0.0904918983578682,0.0
8.61,-2.8900346755981445,0.8047981262207031,1.5,-0.26826605200767517,-0.9633448719978333,0.0,0.3211149573326111,-0.08942201733589172,0.0
8.620000000000001,-2.8927011489868164,0.7951602339744568,1.5,-0.2650534212589264,-0.9642337560653687,0.0,0.32141125202178955,-0.08835113793611526,0.0
8.63,-2.8953356742858887,0.7855135202407837,1.5,-0.26183784008026123,-0.9651119112968445,0.0,0.3217039704322815,-0.08727928251028061,0.0
8.64,-2.8979380130767822,0.7758580446243286,1.5,-0.2586193382740021,-0.9659793376922607,0.0,0.3219931125640869,-0.08620645105838776,0.0
8.65,-2.900507926940918,0.7661939859390259,1.5,-0.2553979754447937,-0.9668360352516174,0.0,0.3222786784172058,-0.0851326659321785,0.0
8.66,-2.903045892715454,0.7565213441848755,1.5,-0.2521737813949585,-0.9676819443702698,0.0,0.3225606679916382,-0.08405792713165283,0.0
8.67,-2.9055514335632324,0.7468403577804565,1.5,-0.24894678592681885,-0.9685171842575073,0.0,0.32283905148506165,-0.08298226445913315,0.0
8.68,-2.908024787902832,0.7371510863304138,1.5,-0.24571701884269714,-0.9693415760993958,0.0,0.3231138586997986,-0.08190567046403885,0.0
8.69,-2.910465717315674,0.7274535894393921,1.5,-0.24248452484607697,-0.9701552987098694,0.0,0.323385089635849,-0.08082817494869232,0.0
8.700000000000001,-2.912874460220337,0.7177479863166809,1.5,-0.2392493337392807,-0.9709581732749939,0.0,0.3236527144908905,-0.07974977791309357,0.0
8.71,-2.915250778198242,0.7080344557762146,1.5,-0.23601147532463074,-0.9717502593994141,0.0,0.3239167630672455,-0.07867049425840378,0.0
8.72,-2.9175946712493896,0.6983129978179932,1.5,-0.23277100920677185,-0.9725315570831299,0.0,0.32417720556259155,-0.07759033888578415,0.0
8.73,-2.9199061393737793,0.6885838508605957,1.5,-0.22952795028686523,-0.9733020663261414,0.0,0.3244340121746063,-0.07650931924581528,0.0
8.74,-2.922185182571411,0.6788470149040222,1.5,-0.22628234326839447,-0.9740617275238037,0.0,0.32468724250793457,-0.07542744278907776,0.0
8.75,-2.924431800842285,0.669102668762207,1.5,-0.22303421795368195,-0.9748106002807617,0.0,0.3249368667602539,-0.07434473931789398,0.0
8.76,-2.9266459941864014,0.6593508124351501,1.5,-0.21978361904621124,-0.9755486249923706,0.0,0.32518288493156433,-0.07326120138168335,0.0
8.77,-2.9288275241851807,0.6495916843414307,1.5,-0.21653056144714355,-0.9762758612632751,0.0,0.32542526721954346,-0.07217685878276825,0.0
8.78,-2.930976629257202,0.6398253440856934,1.5,-0.21327511966228485,-0.9769921898841858,0.0,0.32566407322883606,-0.07109170407056808,0.0
8.790000000000001,-2.9330930709838867,0.6300519108772278,1.5,-0.21001729369163513,-0.9776976704597473,0.0,0.325899213552475,-0.07000576704740524,0.0
8.8,-2.9351768493652344,0.6202714443206787,1.5,-0.20675714313983917,-0.9783923029899597,0.0,0.32613077759742737,-0.06891904771327972,0.0
8.81,-2.937228202819824,0.6104840636253357,1.5,-0.20349469780921936,-0.9790760278701782,0.0,0.3263586759567261,-0.06783156841993332,0.0
8.82,-2.939246654510498,0.6006899476051331,1.5,-0.20022998750209808,-0.9797489047050476,0.0,0.32658296823501587,-0.06674332916736603,0.0
8.83,-2.941232681274414,0.5908891558647156,1.5,-0.19696304202079773,-0.9804109334945679,0.0,0.32680362462997437,-0.06565435230731964,0.0
8.84,-2.943186044692993,0.581081748008728,1.5,-0.19369392096996307,-0.9810619950294495,0.0,0.32702067494392395,-0.06456463783979416,0.0
8.85,-2.9451065063476562,0.5712679624557495,1.5,-0.1904226541519165,-0.9817022085189819,0.0,0.32723405957221985,-0.06347421556711197,0.0
8.86,-2.9469945430755615,0.5614477396011353,1.5,-0.1871492564678192,-0.9823315143585205,0.0,0.32744383811950684,-0.06238308548927307,0.0
8.870000000000001,-2.948849678039551,0.5516213774681091,1.5,-0.18387378752231598,-0.9829498529434204,0.0,0.32764995098114014,-0.06129126250743866,0.0
8.88,-2.950671911239624,0.5417888164520264,1.5,-0.180596262216568,-0.9835572838783264,0.0,0.32785242795944214,-0.06019875779747963,0.0
8.89,-2.9524614810943604,0.5319502353668213,1.5,-0.17731674015522003,-0.9841538071632385,0.0,0.32805126905441284,-0.059105582535266876,0.0
8.9,-2.9542181491851807,0.5221057534217834,1.5,-0.17403525114059448,-0.9847394227981567,0.0,0.32824647426605225,-0.058011751621961594,0.0
8.91,-2.955942153930664,0.5122554898262024,1.5,-0.17075182497501373,-0.9853140711784363,0.0,0.32843801379203796,-0.05691727623343468,0.0
8.92,-2.9576332569122314,0.5023995041847229,1.5,-0.16746650636196136,-0.9858777523040771,0.0,0.3286259174346924,-0.05582216754555702,0.0
8.93,-2.959291458129883,0.4925379753112793,1.5,-0.16417932510375977,-0.9864305257797241,0.0,0.3288101553916931,-0.05472644045948982,0.0
8.94,-2.9609169960021973,0.48267093300819397,1.5,-0.16089031100273132,-0.9869722723960876,0.0,0.32899075746536255,-0.05363010615110397,0.0
8.950000000000001,-2.9625093936920166,0.47279855608940125,1.5,-0.1575995236635208,-0.9875031113624573,0.0,0.3291676938533783,-0.05253317207098007,0.0
8.96,-2.96406888961792,0.4629209339618683,1.5,-0.15430697798728943,-0.9880229830741882,0.0,0.32934099435806274,-0.05143565684556961,0.0
8.97,-2.9655954837799072,0.45303812623023987,1.5,-0.15101271867752075,-0.9885318279266357,0.0,0.3295105993747711,-0.050337571650743484,0.0
8.98,-2.9670891761779785,0.4431503117084503,1.5,-0.14771677553653717,-0.9890297055244446,0.0,0.3296765685081482,-0.04923892393708229,0.0
8.99,-2.9685497283935547,0.4332575798034668,1.5,-0.14441919326782227,-0.9895166158676147,0.0,0.3298388719558716,-0.04813973233103752,0.0
9.0,-2.969977378845215,0.42336001992225647,1.5,-0.14112000167369843,-0.9899924993515015,0.0,0.3299975097179413,-0.047040004283189774,0.0
9.01,-2.971372127532959,0.4134577512741089,1.5,-0.13781926035881042,-0.9904574155807495,0.0,0.3301524519920349,-0.04593975096940994,0.0
9.02,-2.972733974456787,0.403550922870636,1.5,-0.13451696932315826,-0.9909113049507141,0.0,0.33030375838279724,-0.04483899101614952,0.0
9.03,-2.974062442779541,0.39363956451416016,1.5,-0.13121318817138672,-0.9913541674613953,0.0,0.3304513990879059,-0.043737731873989105,0.0
9.040000000000001,-2.975358247756958,0.3837238550186157,1.5,-0.12790796160697937,-0.9917860627174377,0.0,0.33059534430503845,-0.04263598471879959,0.0
9.05,-2.976620674133301,0.37380388379096985,1.5,-0.12460129708051682,-0.992206871509552,0.0,0.33073562383651733,-0.04153376445174217,0.0
9.06,-2.9778501987457275,0.3638797700405121,1.5,-0.12129325419664383,-0.9926167130470276,0.0,0.33087223768234253,-0.04043108597397804,0.0
9.07,-2.979046583175659,0.3539516031742096,1.5,-0.1179838627576828,-0.9930155277252197,0.0,0.33100515604019165,-0.0393279567360878,0.0
9.08,-2.9802098274230957,0.34401950240135193,1.5,-0.11467316746711731,-0.9934032559394836,0.0,0.3311344385147095,-0.03822438791394234,0.0
9.09,-2.981339931488037,0.33408355712890625,1.5,-0.11136119067668915,-0.9937800168991089,0.0,0.33125999569892883,-0.03712039440870285,0.0
9.1,-2.9824371337890625,0.3241439163684845,1.5,-0.1080479770898819,-0.9941456913948059,0.0,0.3313818871974945,-0.03601599112153053,0.0
9.11,-2.9835009574890137,0.3142006993293762,1.5,-0.10473356395959854,-0.9945003390312195,0.0,0.3315001130104065,-0.03491118922829628,0.0
9.120000000000001,-2.9845316410064697,0.3042539656162262,1.5,-0.10141798853874207,-0.9948439002037048,0.0,0.3316146433353424,-0.03380599617958069,0.0
9.13,-2.9855294227600098,0.294303834438324,1.5,-0.09810128062963486,-0.9951764345169067,0.0,0.33172547817230225,-0.03270042687654495,0.0
9.14,-2.9864938259124756,0.2843504548072815,1.5,-0.0947834923863411,-0.9954978823661804,0.0,0.3318326473236084,-0.031594496220350266,0.0
9.15,-2.9874250888824463,0.2743939161300659,1.5,-0.09146463871002197,-0.9958083033561707,0.0,0.3319361209869385,-0.030488213524222374,0.0
9.16,-2.9883229732513428,0.2644343376159668,1.5,-0.08814477920532227,-0.9961076974868774,0.0,0.3320358991622925,-0.02938159368932247,0.0
9.17,-2.9891879558563232,0.2544718086719513,1.5,-0.08482393622398376,-0.9963959455490112,0.0,0.3321319818496704,-0.028274646028876305,0.0
9.18,-2.9900195598602295,0.24450644850730896,1.5,-0.08150215446949005,-0.9966731667518616,0.0,0.33222439885139465,-0.027167383581399918,0.0
9.19,-2.9908180236816406,0.23453837633132935,1.5,-0.07817946374416351,-0.9969393014907837,0.0,0.33231309056282043,-0.026059821248054504,0.0
9.200000000000001,-2.9915831089019775,0.224567711353302,1.5,-0.07485590130090714,-0.9971943497657776,0.0,0.33239811658859253,-0.024951966479420662,0.0
9.21,-2.9923150539398193,0.2145945280790329,1.5,-0.0715315118432045,-0.9974383115768433,0.0,0.33247944712638855,-0.023843837901949883,0.0
9.22,-2.993013620376587,0.20461897552013397,1.5,-0.06820632517337799,-0.9976712465286255,0.0,0.3325570821762085,-0.022735441103577614,0.0
9.23,-2.9936790466308594,0.1946411430835724,1.5,-0.0648803785443306,-0.9978930354118347,0.0,0.33263102173805237,-0.021626794710755348,0.0
9.24,-2.9943113327026367,0.1846611499786377,1.5,-0.0615537166595459,-0.9981037974357605,0.0,0.33270126581192017,-0.020517906174063683,0.0
9.25,-2.99491024017334,0.17467910051345825,1.5,-0.05822636932134628,-0.9983034133911133,0.0,0.3327678143978119,-0.01940879039466381,0.0
9.26,-2.9954757690429688,0.1646951138973236,1.5,-0.054898373782634735,-0.9984919428825378,0.0,0.33283063769340515,-0.018299458548426628,0.0
9.27,-2.9960081577301025,0.15470930933952332,1.5,-0.05156976729631424,-0.9986693859100342,0.0,0.3328897953033447,-0.01718992367386818,0.0
9.28,-2.996507167816162,0.14472177624702454,1.5,-0.04824059084057808,-0.9988357424736023,0.0,0.3329452574253082,-0.01608019694685936,0.0
9.290000000000001,-2.9969730377197266,0.13473263382911682,1.5,-0.04491087421774864,-0.9989910125732422,0.0,0.33299699425697327,-0.014970292337238789,0.0
9.3,-2.997405529022217,0.12474198639392853,1.5,-0.04158066213130951,-0.9991351366043091,0.0,0.33304503560066223,-0.013860221020877361,0.0
9.31,-2.997804641723633,0.1147499606013298,1.5,-0.03824998810887337,-0.9992681741714478,0.0,0.3330894112586975,-0.012749996036291122,0.0
9.32,-2.9981703758239746,0.104756660759449,1.5,-0.0349188856780529,-0.9993901252746582,0.0,0.3331300616264343,-0.011639628559350967,0.0
9.33,-2.9985029697418213,0.09476219862699509,1.5,-0.031587399542331696,-0.9995009899139404,0.0,0.3331669867038727,-0.010529132559895515,0.0
9.34,-2.9988021850585938,0.0847666785120964,1.5,-0.028255559504032135,-0.9996007084846497,0.0,0.33320024609565735,-0.009418520145118237,0.0
9.35,-2.999068021774292,0.07477021962404251,1.5,-0.024923406541347504,-0.9996893405914307,0.0,0.33322978019714355,-0.008307801559567451,0.0
9.36,-2.999300718307495,0.06477292627096176,1.5,-0.021590976044535637,-0.9997668862342834,0.0,0.3332556188106537,-0.007196991704404354,0.0
9.370000000000001,-2.999499797821045,0.05477491766214371,1.5,-0.01825830526649952,-0.9998332858085632,0.0,0.33327776193618774,-0.00608610175549984,0.0
9.38,-2.9996657371520996,0.044776298105716705,1.5,-0.01492543239146471,-0.9998885989189148,0.0,0.3332962095737457,-0.004975144285708666,0.0
9.39,-2.999798536300659,0.03477718308568001,1.5,-0.01159239374101162,-0.9999328255653381,0.0,0.33331093192100525,-0.0038641314022243023,0.0
9.4,-2.9998977184295654,0.02477767877280712,1.5,-0.008259226568043232,-0.9999659061431885,0.0,0.3333219587802887,-0.0027530754450708628,0.0
9.41,-2.9999635219573975,0.014777900651097298,1.5,-0.004925967194139957,-0.9999878406524658,0.0,0.33332929015159607,-0.0016419889871031046,0.0
9.42,-2.9999961853027344,0.004777958616614342,1.5,-0.0015926528722047806,-0.9999987483024597,0.0,0.333332896232605,-0.0005308843101374805,0.0
9.43,-2.999995470046997,-0.005222036503255367,1.5,0.0017406789120286703,-0.9999985098838806,0.0,0.3333328366279602,0.0005802263040095568,0.0
9.44,-2.9999613761901855,-0.01522197388112545,1.5,0.005073991138488054,-0.9999871253967285,0.0,0.33332905173301697,0.0016913304571062326,0.0
9.450000000000001,-2.9998939037323,-0.025221742689609528,1.5,0.008407247252762318,-0.9999646544456482,0.0,0.33332154154777527,0.0028024157509207726,0.0
9.46,-2.999793291091919,-0.03522123023867607,1.5,0.011740409769117832,-0.9999310970306396,0.0,0.3333103656768799,0.0039134700782597065,0.0
9.47,-2.9996590614318848,-0.045220326632261276,1.5,0.0150734419003129,-0.9998863935470581,0.0,0.33329546451568604,0.0050244806334376335,0.0
9.48,-2.9994916915893555,-0.05521892011165619,1.5,0.018406307324767113,-0.9998306035995483,0.0,0.3332768678665161,0.006135435774922371,0.0
9.49,-2.999290943145752,-0.06521689891815186,1.5,0.021738966926932335,-0.9997636675834656,0.0,0.33325454592704773,0.007246322464197874,0.0
9.5,-2.9990570545196533,-0.07521415501832962,1.5,0.025071386247873306,-0.9996856451034546,0.0,0.33322855830192566,0.00835712905973196,0.0
9.51,-2.9987895488739014,-0.08521057665348053,1.5,0.028403526172041893,-0.9995965361595154,0.0,0.3331988453865051,0.009467842057347298,0.0
9.52,-2.9984889030456543,-0.09520605206489563,1.5,0.03173534944653511,-0.9994962811470032,0.0,0.3331654369831085,0.010578449815511703,0.0
9.53,-2.998154878616333,-0.10520046949386597,1.5,0.03506682068109512,-0.9993849992752075,0.0,0.33312833309173584,0.011688941158354282,0.0
9.540000000000001,-2.9977874755859375,-0.11519371718168259,1.5,0.038397904485464096,-0.9992625117301941,0.0,0.3330875039100647,0.01279930118471384,0.0
9.55,-2.997386932373047,-0.12518568336963654,1.5,0.041728559881448746,-0.9991289973258972,0.0,0.33304300904273987,0.013909519650042057,0.0
9.56,-2.996953010559082,-0.13517625629901886,1.5,0.045058753341436386,-0.9989843368530273,0.0,0.3329947888851166,0.015019584447145462,0.0
9.57,-2.996485710144043,-0.1451653242111206,1.5,0.048388443887233734,-0.9988285899162292,0.0,0.3329428732395172,0.01612948067486286,0.0
9.58,-2.995985269546509,-0.1551527976989746,1.5,0.051717597991228104,-0.9986617565155029,0.0,0.3328872621059418,0.017239198088645935,0.0
9.59,-2.9954514503479004,-0.16513852775096893,1.5,0.05504617467522621,-0.9984838366508484,0.0,0.33282792568206787,0.018348725512623787,0.0
9.6,-2.9948842525482178,-0.1751224249601364,1.5,0.05837414413690567,-0.9982947707176208,0.0,0.3327649235725403,0.019458048045635223,0.0
9.61,-2.99428391456604,-0.1851043850183487,1.5,0.0617014616727829,-0.9980946779251099,0.0,0.3326982259750366,0.02056715451180935,0.0
9.620000000000001,-2.993650197982788,-0.19508428871631622,1.5,0.06502809375524521,-0.9978834390640259,0.0,0.3326278030872345,0.02167603187263012,0.0
9.63,-2.992983341217041,-0.20506201684474945,1.5,0.06835400313138962,-0.9976611137390137,0.0,0.3325537145137787,0.02278466895222664,0.0
9.64,-2.9922831058502197,-0.21503746509552002,1.5,0.07167915999889374,-0.997427761554718,0.0,0.3324759006500244,0.023893052712082863,0.0
9.65,-2.9915497303009033,-0.22501052916049957,1.5,0.07500351220369339,-0.9971832633018494,0.0,0.33239442110061646,0.025001170113682747,0.0
9.66,-2.990783214569092,-0.23498110473155975,1.5,0.07832702994346619,-0.9969277381896973,0.0,0.3323092460632324,0.026109011843800545,0.0
9.67,-2.989983320236206,-0.24494905769824982,1.5,0.08164968341588974,-0.9966610670089722,0.0,0.3322203755378723,0.027216561138629913,0.0
9.68,-2.989150047302246,-0.2549142837524414,1.5,0.08497142791748047,-0.9963833689689636,0.0,0.33212780952453613,0.028323808684945107,0.0
9.69,-2.98828387260437,-0.26487669348716736,1.5,0.08829222619533539,-0.9960946440696716,0.0,0.3320315480232239,0.02943074330687523,0.0
9.700000000000001,-2.98738431930542,-0.27483615279197693,1.5,0.09161204844713211,-0.9957947731018066,0.0,0.33193159103393555,0.030537348240613937,0.0
9.71,-2.9864516258239746,-0.28479254245758057,1.5,0.09493084996938705,-0.9954838752746582,0.0,0.33182796835899353,0.031643614172935486,0.0
9.72,-2.985485792160034,-0.2947457730770111,1.5,0.09824859350919724,-0.9951618909835815,0.0,0.33172062039375305,0.03274952992796898,0.0
9.73,-2.9844865798950195,-0.3046957552433014,1.5,0.10156524926424026,-0.9948288798332214,0.0,0.3316096365451813,0.03385508432984352,0.0
9.74,-2.983454465866089,-0.3146423101425171,1.5,0.10488077253103256,-0.9944847822189331,0.0,0.33149492740631104,0.03496025875210762,0.0
9.75,-2.982388973236084,-0.3245854079723358,1.5,0.10819513350725174,-0.9941296577453613,0.0,0.3313765525817871,0.03606504574418068,0.0
9.76,-2.981290578842163,-0.33452486991882324,1.5,0.11150829493999481,-0.9937635064125061,0.0,0.3312545120716095,0.037169430404901505,0.0
9.77,-2.980158805847168,-0.3444606363773346,1.5,0.1148202121257782,-0.9933862686157227,0.0,0.3311287760734558,0.0382734052836895,0.0
9.78,-2.978994131088257,-0.35439255833625793,1.5,0.11813085526227951,-0.9929980635643005,0.0,0.33099934458732605,0.03937695175409317,0.0
9.790000000000001,-2.9777963161468506,-0.3643205463886261,1.5,0.12144018709659576,-0.9925987720489502,0.0,0.3308662474155426,0.04048006236553192,0.0
9.8,-2.976565361022949,-0.3742445111274719,1.5,0.12474817037582397,-0.9921884536743164,0.0,0.33072948455810547,0.04158272221684456,0.0
9.81,-2.9753012657165527,-0.38416430354118347,1.5,0.12805476784706116,-0.9917671084403992,0.0,0.33058902621269226,0.04268492013216019,0.0
9.82,-2.9740042686462402,-0.3940798044204712,1.5,0.13135993480682373,-0.9913347363471985,0.0,0.33044490218162537,0.04378664493560791,0.0
9.83,-2.9726741313934326,-0.4039909541606903,1.5,0.1346636563539505,-0.9908913373947144,0.0,0.3302971124649048,0.044887881726026535,0.0
9.84,-2.97131085395813,-0.4138976037502289,1.5,0.1379658728837967,-0.9904369711875916,0.0,0.3301456570625305,0.045988623052835464,0.0
9.85,-2.969914674758911,-0.42379966378211975,1.5,0.14126655459403992,-0.9899715781211853,0.0,0.32999053597450256,0.047088850289583206,0.0
9.86,-2.9684855937957764,-0.433696985244751,1.5,0.1445656716823578,-0.9894952178001404,0.0,0.3298317492008209,0.04818855598568916,0.0
9.870000000000001,-2.9670233726501465,-0.4435895085334778,1.5,0.14786317944526672,-0.989007830619812,0.0,0.3296692669391632,0.04928772523999214,0.0
9.88,-2.9655282497406006,-0.4534771144390106,1.5,0.15115903317928314,-0.988509476184845,0.0,0.3295031487941742,0.050386346876621246,0.0
9.89,-2.9640002250671387,-0.46335968375205994,1.5,0.15445321798324585,-0.9880000948905945,0.0,0.3293333649635315,0.05148440971970558,0.0
9.9,-2.9624392986297607,-0.4732370972633362,1.5,0.15774568915367126,-0.9874797463417053,0.0,0.3291599154472351,0.052581898868083954,0.0
9.91,-2.960845470428467,-0.4831092357635498,1.5,0.161036416888237,-0.9869484901428223,0.0,0.3289828300476074,0.05367880314588547,0.0
9.92,-2.9592185020446777,-0.49297600984573364,1.5,0.16432534158229828,-0.9864062070846558,0.0,0.32880207896232605,0.05477511137723923,0.0
9.93,-2.9575588703155518,-0.5028373003005981,1.5,0.16761243343353271,-0.9858529567718506,0.0,0.328617662191391,0.05587081238627434,0.0
9.94,-2.9558663368225098,-0.5126930475234985,1.5,0.1708976775407791,-0.9852887988090515,0.0,0.32842957973480225,0.056965891271829605,0.0
9.950000000000001,-2.9541409015655518,-0.5225430727005005,1.5,0.1741810142993927,-0.9847136735916138,0.0,0.3282378911972046,0.05806034058332443,0.0
9.96,-2.952382802963257,-0.5323872566223145,1.5,0.17746242880821228,-0.9841275811195374,0.0,0.32804253697395325,0.05915414169430733,0.0
9.97,-2.950591802597046,-0.5422255992889404,1.5,0.18074186146259308,-0.983530580997467,0.0,0.3278435170650482,0.06024728715419769,0.0
9.98,-2.948767900466919,-0.5520578622817993,1.5,0.1840192824602127,-0.9829226136207581,0.0,0.3276408910751343,0.061339762061834335,0.0
9.99,-2.946911334991455,-0.5618839859962463,1.5,0.18729466199874878,-0.9823037981987,0.0,0.32743459939956665,0.06243155524134636,0.0
10.0,-2.9450221061706543,-0.5717039108276367,1.5,0.1905679702758789,-0.9816740155220032,0.0,0.3272246718406677,0.06352265179157257,0.0
10.01,-2.9430999755859375,-0.5815174579620361,1.5,0.1938391476869583,-0.9810333251953125,0.0,0.3270111083984375,0.06461305171251297,0.0
10.02,-2.941145181655884,-0.591324508190155,1.5,0.1971081793308258,-0.9803817272186279,0.0,0.326793909072876,0.06570272147655487,0.0
10.03,-2.939157724380493,-0.6011250615119934,1.5,0.2003750056028366,-0.9797192811965942,0.0,0.32657310366630554,0.06679166853427887,0.0
10.040000000000001,-2.9371378421783447,-0.6109188795089722,1.5,0.20363962650299072,-0.9790459275245667,0.0,0.3263486325740814,0.06787987053394318,0.0
10.05,-2.9350850582122803,-0.6207059025764465,1.5,0.20690196752548218,-0.9783616662025452,0.0,0.3261205554008484,0.06896732747554779,0.0
10.06,-2.932999610900879,-0.6304860711097717,1.5,0.21016202867031097,-0.9776665568351746,0.0,0.32588884234428406,0.07005400955677032,0.0
10.07,-2.9308817386627197,-0.6402592062950134,1.5,0.21341973543167114,-0.9769605994224548,0.0,0.3256535232067108,0.07113990932703018,0.0
10.08,-2.9287314414978027,-0.6500252485275269,1.5,0.21667508780956268,-0.976243793964386,0.0,0.32541459798812866,0.07222502678632736,0.0
10.09,-2.9265482425689697,-0.6597840785980225,1.5,0.21992801129817963,-0.9755160808563232,0.0,0.3251720368862152,0.07330933958292007,0.0
10.1,-2.924332857131958,-0.6695355176925659,1.5,0.22317850589752197,-0.9747775793075562,0.0,0.32492586970329285,0.07439283281564713,0.0
10.11,-2.9220848083496094,-0.6792795658111572,1.5,0.22642652690410614,-0.9740282297134399,0.0,0.3246760964393616,0.07547550648450851,0.0
10.120000000000001,-2.919804334640503,-0.6890160441398621,1.5,0.22967201471328735,-0.9732680916786194,0.0,0.324422687292099,0.07655733823776245,0.0
10.13,-2.9174911975860596,-0.6987448930740356,1.5,0.2329149693250656,-0.9724971055984497,0.0,0.3241657018661499,0.07763832062482834,0.0
10.14,-2.9151458740234375,-0.7084659337997437,1.5,0.23615531623363495,-0.9717153310775757,0.0,0.3239051103591919,0.07871843874454498,0.0
10.15,-2.9127681255340576,-0.7181791663169861,1.5,0.23939305543899536,-0.9709227681159973,0.0,0.323640912771225,0.07979768514633179,0.0
10.16,-2.910358190536499,-0.7278843522071838,1.5,0.24262812733650208,-0.9701193571090698,0.0,0.32337310910224915,0.08087604492902756,0.0
10.17,-2.9079155921936035,-0.7375814914703369,1.5,0.2458605021238327,-0.9693052172660828,0.0,0.3231017291545868,0.0819535031914711,0.0
10.18,-2.9054408073425293,-0.7472704648971558,1.5,0.24909014999866486,-0.9684802889823914,0.0,0.3228267729282379,0.08303005248308182,0.0
10.19,-2.9029338359832764,-0.756951093673706,1.5,0.25231704115867615,-0.9676446318626404,0.0,0.3225482106208801,0.08410567790269852,0.0
10.200000000000001,-2.9003946781158447,-0.766623318195343,1.5,0.2555411159992218,-0.9667981863021851,0.0,0.3222660720348358,0.08518036454916,0.0
10.21,-2.8978230953216553,-0.7762870192527771,1.5,0.25876232981681824,-0.9659410119056702,0.0,0.3219803273677826,0.08625411242246628,0.0
10.22,-2.895219326019287,-0.7859420776367188,1.5,0.26198068261146545,-0.9650731086730957,0.0,0.32169103622436523,0.08732689917087555,0.0
10.23,-2.8925833702087402,-0.7955884337425232,1.5,0.26519614458084106,-0.9641944766044617,0.0,0.32139816880226135,0.08839871734380722,0.0
10.24,-2.8899154663085938,-0.8052259683609009,1.5,0.2684086561203003,-0.9633051156997681,0.0,0.32110172510147095,0.0894695520401001,0.0
10.25,-2.8872153759002686,-0.8148545026779175,1.5,0.27161815762519836,-0.9624050855636597,0.0,0.320801705121994,0.09053938835859299,0.0
10.26,-2.8844830989837646,-0.824474036693573,1.5,0.27482467889785767,-0.9614943861961365,0.0,0.32049810886383057,0.09160822629928589,0.0
10.27,-2.881718873977661,-0.8340843319892883,1.5,0.27802813053131104,-0.9605729579925537,0.0,0.320190966129303,0.09267603605985641,0.0
10.28,-2.878922462463379,-0.8436854481697083,1.5,0.2812284827232361,-0.9596408605575562,0.0,0.31988027691841125,0.09374282509088516,0.0
10.290000000000001,-2.876094341278076,-0.8532771468162537,1.5,0.2844257056713104,-0.9586980938911438,0.0,0.3195660412311554,0.09480857104063034,0.0
10.3,-2.8732340335845947,-0.8628593683242798,1.5,0.28761979937553406,-0.9577446579933167,0.0,0.319248229265213,0.09587325900793076,0.0
10.31,-2.8703417778015137,-0.8724319934844971,1.5,0.2908106744289398,-0.9567806124687195,0.0,0.3189268708229065,0.09693688899278641,0.0
10.32,-2.867417812347412,-0.8819949626922607,1.5,0.2939983010292053,-0.9558059573173523,0.0,0.31860196590423584,0.0979994386434555,0.0
10.33,-2.864461898803711,-0.8915480971336365,1.5,0.29718267917633057,-0.9548206329345703,0.0,0.31827354431152344,0.09906090050935745,0.0
10.34,-2.8614742755889893,-0.9010913372039795,1.5,0.30036377906799316,-0.9538246989250183,0.0,0.3179415762424469,0.10012125968933105,0.0
10.35,-2.858454704284668,-0.9106245636940002,1.5,0.30354151129722595,-0.9528182148933411,0.0,0.3176060616970062,0.10118050128221512,0.0
10.36,-2.855403423309326,-0.9201476573944092,1.5,0.30671587586402893,-0.9518011212348938,0.0,0.3172670304775238,0.10223862528800964,0.0
10.370000000000001,-2.852320432662964,-0.9296604990959167,1.5,0.3098868429660797,-0.9507734179496765,0.0,0.31692448258399963,0.10329561680555344,0.0
10.38,-2.849205732345581,-0.939163088798523,1.5,0.3130543529987335,-0.9497352242469788,0.0,0.3165784180164337,0.1043514534831047,0.0
10.39,-2.8460593223571777,-0.9486551880836487,1.5,0.31621840596199036,-0.948686420917511,0.0,0.31622880697250366,0.10540613532066345,0.0
10.4,-2.842881202697754,-0.958136796951294,1.5,0.31937891244888306,-0.947627067565918,0.0,0.31587570905685425,0.10645963996648788,0.0
10.41,-2.8396716117858887,-0.9676076769828796,1.5,0.322535902261734,-0.9465572237968445,0.0,0.3155190646648407,0.107511967420578,0.0
10.42,-2.836430549621582,-0.9770678877830505,1.5,0.32568928599357605,-0.9454768300056458,0.0,0.3151589632034302,0.10856309533119202,0.0
10.43,-2.833158016204834,-0.9865171909332275,1.5,0.3288390636444092,-0.9443859457969666,0.0,0.3147953152656555,0.10961302369832993,0.0
10.44,-2.8298537731170654,-0.9959555864334106,1.5,0.3319851756095886,-0.9432845711708069,0.0,0.3144282102584839,0.11066173017024994,0.0
10.450000000000001,-2.8265182971954346,-1.0053828954696655,1.5,0.3351276218891144,-0.9421727657318115,0.0,0.3140575885772705,0.11170920729637146,0.0
10.46,-2.8231513500213623,-1.0147989988327026,1.5,0.3382663428783417,-0.9410504102706909,0.0,0.31368348002433777,0.1127554401755333,0.0
10.47,-2.8197529315948486,-1.0242037773132324,1.5,0.34140127897262573,-0.9399176239967346,0.0,0.31330588459968567,0.11380042880773544,0.0
10.48,-2.8163232803344727,-1.0335973501205444,1.5,0.34453243017196655,-0.9387744069099426,0.0,0.3129248023033142,0.11484414339065552,0.0
10.49,-2.8128623962402344,-1.0429792404174805,1.5,0.34765976667404175,-0.9376207590103149,0.0,0.3125402629375458,0.11588658392429352,0.0
10.5,-2.8093700408935547,-1.0523496866226196,1.5,0.35078322887420654,-0.9364566802978516,0.0,0.312152236700058,0.11692774295806885,0.0
10.51,-2.805846691131592,-1.0617083311080933,1.5,0.35390278697013855,-0.9352822303771973,0.0,0.31176072359085083,0.11796759814023972,0.0
10.52,-2.8022921085357666,-1.071055293083191,1.5,0.35701844096183777,-0.9340973496437073,0.0,0.3113657832145691,0.11900614202022552,0.0
10.53,-2.798706293106079,-1.0803903341293335,1.5,0.36013010144233704,-0.9329020977020264,0.0,0.310967355966568,0.12004336714744568,0.0
10.540000000000001,-2.7950894832611084,-1.0897133350372314,1.5,0.36323776841163635,-0.9316964745521545,0.0,0.3105655014514923,0.12107925862073898,0.0
10.55,-2.7914414405822754,-1.0990241765975952,1.5,0.36634141206741333,-0.9304805397987366,0.0,0.31016016006469727,0.12211380153894424,0.0
10.56,-2.7877626419067383,-1.1083228588104248,1.5,0.3694409728050232,-0.9292542338371277,0.0,0.30975139141082764,0.12314698845148087,0.0
10.57,-2.784052610397339,-1.1176092624664307,1.5,0.37253642082214355,-0.9280175566673279,0.0,0.3093391954898834,0.12417880445718765,0.0
10.58,-2.7803118228912354,-1.1268831491470337,1.5,0.375627726316452,-0.9267706274986267,0.0,0.30892354249954224,0.125209242105484,0.0
10.59,-2.7765402793884277,-1.1361446380615234,1.5,0.3787148594856262,-0.9255133867263794,0.0,0.30850446224212646,0.12623828649520874,0.0
10.6,-2.772737503051758,-1.1453933715820312,1.5,0.38179782032966614,-0.9242458939552307,0.0,0.3080819547176361,0.12726593017578125,0.0
10.61,-2.768904209136963,-1.1546294689178467,1.5,0.3848764896392822,-0.9229680895805359,0.0,0.30765601992607117,0.12829217314720154,0.0
10.620000000000001,-2.765040159225464,-1.1638528108596802,1.5,0.38795092701911926,-0.9216800332069397,0.0,0.30722668766975403,0.12931697070598602,0.0
10.63,-2.7611453533172607,-1.173063039779663,1.5,0.3910210132598877,-0.9203817248344421,0.0,0.3067939281463623,0.1303403377532959,0.0
10.64,-2.7572197914123535,-1.1822603940963745,1.5,0.3940867781639099,-0.919073224067688,0.0,0.306357741355896,0.13136225938796997,0.0
10.65,-2.753263473510742,-1.1914445161819458,1.5,0.39714816212654114,-0.9177545309066772,0.0,0.3059181571006775,0.13238272070884705,0.0
10.66,-2.749276638031006,-1.200615406036377,1.5,0.400205135345459,-0.9164255857467651,0.0,0.3054752051830292,0.13340170681476593,0.0
10.67,-2.7452595233917236,-1.2097729444503784,1.5,0.40325766801834106,-0.9150864481925964,0.0,0.3050288259983063,0.13441921770572662,0.0
10.68,-2.7412116527557373,-1.2189171314239502,1.5,0.4063057005405426,-0.9137371778488159,0.0,0.30457907915115356,0.13543523848056793,0.0
10.69,-2.737133264541626,-1.2280477285385132,1.5,0.4093492329120636,-0.9123777747154236,0.0,0.30412593483924866,0.13644973933696747,0.0
10.700000000000001,-2.7330245971679688,-1.2371646165847778,1.5,0.4123882055282593,-0.9110082387924194,0.0,0.30366939306259155,0.13746273517608643,0.0
10.71,-2.7288856506347656,-1.2462677955627441,1.5,0.41542261838912964,-0.9096285104751587,0.0,0.303209513425827,0.13847419619560242,0.0
10.72,-2.7247161865234375,-1.2553571462631226,1.5,0.4184523820877075,-0.9082387089729309,0.0,0.3027462363243103,0.13948412239551544,0.0
10.73,-2.7205164432525635,-1.2644325494766235,1.5,0.4214775264263153,-0.9068388342857361,0.0,0.30227962136268616,0.1404925137758255,0.0
10.74,-2.7162866592407227,-1.2734938859939575,1.5,0.42449796199798584,-0.9054288864135742,0.0,0.3018096387386322,0.141499325633049,0.0
10.75,-2.712026596069336,-1.2825411558151245,1.5,0.4275136888027191,-0.9040088653564453,0.0,0.30133628845214844,0.14250457286834717,0.0
10.76,-2.7077364921569824,-1.2915740013122559,1.5,0.43052467703819275,-0.9025788307189941,0.0,0.30085960030555725,0.14350822567939758,0.0
10.77,-2.703416109085083,-1.3005926609039307,1.5,0.43353089690208435,-0.9011387228965759,0.0,0.30037957429885864,0.14451029896736145,0.0
10.78,-2.699065923690796,-1.3095967769622803,1.5,0.43653225898742676,-0.8996886014938354,0.0,0.2998962104320526,0.1455107480287552,0.0
10.790000000000001,-2.694685459136963,-1.3185863494873047,1.5,0.43952879309654236,-0.8982285261154175,0.0,0.29940950870513916,0.14650960266590118,0.0
10.8,-2.690275192260742,-1.327561378479004,1.5,0.4425204396247864,-0.8967584371566772,0.0,0.2989194691181183,0.14750681817531586,0.0
10.81,-2.685835123062134,-1.3365215063095093,1.5,0.4455071687698364,-0.8952783942222595,0.0,0.2984261214733124,0.1485023945569992,0.0
10.82,-2.6813650131225586,-1.3454668521881104,1.5,0.4484889507293701,-0.8937883973121643,0.0,0.29792946577072144,0.14949631690979004,0.0
10.83,-2.676865339279175,-1.3543972969055176,1.5,0.45146575570106506,-0.8922884464263916,0.0,0.29742947220802307,0.15048858523368835,0.0
10.84,-2.6723358631134033,-1.3633126020431519,1.5,0.4544375240802765,-0.8907786011695862,0.0,0.29692620038986206,0.15147918462753296,0.0
10.85,-2.667776584625244,-1.3722127676010132,1.5,0.4574042558670044,-0.889258861541748,0.0,0.296419620513916,0.15246808528900146,0.0
10.86,-2.6631877422332764,-1.3810977935791016,1.5,0.4603659212589264,-0.8877292275428772,0.0,0.2959097623825073,0.15345530211925507,0.0
10.870000000000001,-2.6585693359375,-1.3899673223495483,1.5,0.4633224606513977,-0.8861897587776184,0.0,0.2953965961933136,0.15444082021713257,0.0
10.88,-2.653921365737915,-1.398821473121643,1.5,0.46627384424209595,-0.8846404552459717,0.0,0.2948801517486572,0.15542460978031158,0.0
10.89,-2.6492438316345215,-1.4076601266860962,1.5,0.46922004222869873,-0.8830812573432922,0.0,0.2943604290485382,0.1564066857099533,0.0
10.9,-2.6445369720458984,-1.4164830446243286,1.5,0.47216102480888367,-0.8815122842788696,0.0,0.29383742809295654,0.15738701820373535,0.0
10.91,-2.639800548553467,-1.4252903461456299,1.5,0.47509679198265076,-0.8799335360527039,0.0,0.2933111786842346,0.15836559236049652,0.0
10.92,-2.6350350379943848,-1.434081792831421,1.5,0.47802725434303284,-0.8783450126647949,0.0,0.29278168082237244,0.15934240818023682,0.0
10.93,-2.6302402019500732,-1.4428571462631226,1.5,0.4809524118900299,-0.8767467141151428,0.0,0.2922489047050476,0.16031746566295624,0.0
10.94,-2.6254160404205322,-1.451616644859314,1.5,0.4838722050189972,-0.8751386404037476,0.0,0.2917128801345825,0.1612907350063324,0.0
10.950000000000001,-2.620562791824341,-1.4603599309921265,1.5,0.4867866635322571,-0.8735209107398987,0.0,0.29117363691329956,0.1622622162103653,0.0
10.96,-2.61568021774292,-1.46908700466156,1.5,0.48969566822052,-0.8718934059143066,0.0,0.29063114523887634,0.16323189437389374,0.0
10.97,-2.6107687950134277,-1.4777977466583252,1.5,0.4925992488861084,-0.870256245136261,0.0,0.29008543491363525,0.16419975459575653,0.0
10.98,-2.605828285217285,-1.4864921569824219,1.5,0.49549737572669983,-0.8686094284057617,0.0,0.2895364761352539,0.16516579687595367,0.0
10.99,-2.6008589267730713,-1.495169997215271,1.5,0.49838998913764954,-0.8669529557228088,0.0,0.2889843285083771,0.16612999141216278,0.0
11.0,-2.595860481262207,-1.503831148147583,1.5,0.5012770295143127,-0.8652868270874023,0.0,0.2884289622306824,0.16709235310554504,0.0
11.01,-2.5908334255218506,-1.512475609779358,1.5,0.5041585564613342,-0.863611102104187,0.0,0.2878703773021698,0.16805285215377808,0.0
11.02,-2.5857772827148438,-1.5211033821105957,1.5,0.507034420967102,-0.8619257807731628,0.0,0.28730860352516174,0.16901148855686188,0.0
11.03,-2.580692768096924,-1.5297141075134277,1.5,0.509904682636261,-0.8602308630943298,0.0,0.2867436408996582,0.16996823251247406,0.0
11.040000000000001,-2.5755794048309326,-1.5383079051971436,1.5,0.5127692818641663,-0.8585264086723328,0.0,0.2861754894256592,0.17092309892177582,0.0
11.05,-2.57043719291687,-1.5468846559524536,1.5,0.5156282186508179,-0.8568124175071716,0.0,0.2856041491031647,0.17187607288360596,0.0
11.06,-2.5652668476104736,-1.5554441213607788,1.5,0.5184813737869263,-0.8550888895988464,0.0,0.28502964973449707,0.1728271245956421,0.0
11.07,-2.560067653656006,-1.5639864206314087,1.5,0.5213288068771362,-0.853355884552002,0.0,0.284451961517334,0.1737762689590454,0.0
11.08,-2.554840087890625,-1.5725111961364746,1.5,0.5241703987121582,-0.8516134023666382,0.0,0.2838711440563202,0.17472347617149353,0.0
11.09,-2.54958438873291,-1.5810185670852661,1.5,0.527006208896637,-0.8498614430427551,0.0,0.2832871377468109,0.17566873133182526,0.0
11.1,-2.544300079345703,-1.5895084142684937,1.5,0.529836118221283,-0.8481000065803528,0.0,0.2827000021934509,0.17661204934120178,0.0
11.11,-2.538987636566162,-1.5979806184768677,1.5,0.532660186290741,-0.8463292121887207,0.0,0.28210973739624023,0.17755340039730072,0.0
11.120000000000001,-2.533646821975708,-1.606434941291809,1.5,0.5354783535003662,-0.8445489406585693,0.0,0.28151631355285645,0.17849276959896088,0.0
11.13,-2.528278112411499,-1.6148715019226074,1.5,0.5382905006408691,-0.842759370803833,0.0,0.28091979026794434,0.17943017184734344,0.0
11.14,-2.522881031036377,-1.6232901811599731,1.5,0.5410966873168945,-0.8409603834152222,0.0,0.2803201377391815,0.18036557734012604,0.0
11.15,-2.5174560546875,-1.6316907405853271,1.5,0.5438969135284424,-0.8391520380973816,0.0,0.279717355966568,0.18129897117614746,0.0
11.16,-2.512003183364868,-1.6400731801986694,1.5,0.5466910600662231,-0.837334394454956,0.0,0.27911147475242615,0.18223035335540771,0.0
11.17,-2.5065224170684814,-1.6484373807907104,1.5,0.5494791269302368,-0.8355074524879456,0.0,0.278502494096756,0.1831597089767456,0.0
11.18,-2.50101375579834,-1.6567832231521606,1.5,0.5522611141204834,-0.8336712121963501,0.0,0.2778904139995575,0.18408702313899994,0.0
11.19,-2.4954771995544434,-1.66511070728302,1.5,0.5550369024276733,-0.8318257331848145,0.0,0.2772752344608307,0.1850123107433319,0.0
11.200000000000001,-2.489912986755371,-1.673419713973999,1.5,0.5578065514564514,-0.8299709558486938,0.0,0.27665698528289795,0.18593552708625793,0.0
11.21,-2.484321117401123,-1.681710124015808,1.5,0.5605700612068176,-0.8281069993972778,0.0,0.2760356664657593,0.1868566870689392,0.0
11.22,-2.478701591491699,-1.6899818181991577,1.5,0.5633273124694824,-0.8262338638305664,0.0,0.2754112780094147,0.18777576088905334,0.0
11.23,-2.4730544090270996,-1.6982347965240479,1.5,0.566078245639801,-0.8243514895439148,0.0,0.27478381991386414,0.18869274854660034,0.0
11.24,-2.4673800468444824,-1.7064688205718994,1.5,0.568822979927063,-0.8224599957466125,0.0,0.27415332198143005,0.1896076500415802,0.0
11.25,-2.4616780281066895,-1.714684009552002,1.5,0.571561336517334,-0.8205593824386597,0.0,0.2735197842121124,0.19052043557167053,0.0
11.26,-2.455948829650879,-1.7228800058364868,1.5,0.574293315410614,-0.8186495900154114,0.0,0.27288320660591125,0.19143110513687134,0.0
11.27,-2.4501922130584717,-1.7310569286346436,1.5,0.5770189762115479,-0.8167307376861572,0.0,0.27224358916282654,0.19233965873718262,0.0
11.28,-2.444408416748047,-1.739214539527893,1.5,0.579738199710846,-0.8148028254508972,0.0,0.2716009318828583,0.19324606657028198,0.0
11.290000000000001,-2.4385974407196045,-1.747352957725525,1.5,0.5824509859085083,-0.8128658533096313,0.0,0.27095526456832886,0.19415032863616943,0.0
11.3,-2.4327595233917236,-1.7554718255996704,1.5,0.5851572751998901,-0.8109198212623596,0.0,0.27030661702156067,0.19505243003368378,0.0
11.31,-2.426894426345825,-1.7635712623596191,1.5,0.5878571271896362,-0.8089647889137268,0.0,0.26965492963790894,0.195952370762825,0.0
11.32,-2.4210023880004883,-1.7716511487960815,1.5,0.5905503630638123,-0.8070007562637329,0.0,0.26900026202201843,0.19685012102127075,0.0
11.33,-2.415083408355713,-1.7797112464904785,1.5,0.5932371020317078,-0.8050277829170227,0.0,0.2683425843715668,0.1977456957101822,0.0
11.34,-2.409137487411499,-1.7877516746520996,1.5,0.5959172248840332,-0.8030458688735962,0.0,0.26768195629119873,0.19863907992839813,0.0
11.35,-2.403165102005005,-1.7957721948623657,1.5,0.5985907316207886,-0.8010550141334534,0.0,0.2670183479785919,0.1995302438735962,0.0
11.36,-2.3971657752990723,-1.8037726879119873,1.5,0.6012575626373291,-0.799055278301239,0.0,0.26635175943374634,0.20041918754577637,0.0
11.370000000000001,-2.3911399841308594,-1.811753273010254,1.5,0.6039177775382996,-0.7970466613769531,0.0,0.2656822204589844,0.20130591094493866,0.0
11.38,-2.385087490081787,-1.8197135925292969,1.5,0.6065711975097656,-0.7950291633605957,0.0,0.26500973105430603,0.20219039916992188,0.0
11.39,-2.3790085315704346,-1.8276537656784058,1.5,0.6092179417610168,-0.7930028438568115,0.0,0.2643342912197113,0.203072652220726,0.0
11.4,-2.3729031085968018,-1.835573673248291,1.5,0.6118578910827637,-0.7909677028656006,0.0,0.2636559009552002,0.2039526253938675,0.0
11.41,-2.3667714595794678,-1.843473196029663,1.5,0.6144910454750061,-0.7889237999916077,0.0,0.2629745900630951,0.2048303484916687,0.0
11.42,-2.3606133460998535,-1.8513520956039429,1.5,0.6171173453330994,-0.7868711352348328,0.0,0.262290358543396,0.20570579171180725,0.0
11.43,-2.354429006576538,-1.85921049118042,1.5,0.6197368502616882,-0.7848097085952759,0.0,0.2616032361984253,0.20657895505428314,0.0
11.44,-2.3482186794281006,-1.8670482635498047,1.5,0.6223494410514832,-0.782739520072937,0.0,0.2609131932258606,0.207449808716774,0.0
11.450000000000001,-2.341982126235962,-1.8748652935028076,1.5,0.6249551177024841,-0.7806606888771057,0.0,0.2602202296257019,0.20831836760044098,0.0
11.46,-2.335719585418701,-1.8826614618301392,1.5,0.6275538206100464,-0.7785731554031372,0.0,0.259524405002594,0.20918460190296173,0.0
11.47,-2.3294310569763184,-1.8904367685317993,1.5,0.6301455497741699,-0.776477038860321,0.0,0.2588256597518921,0.21004852652549744,0.0
11.48,-2.3231165409088135,-1.898190975189209,1.5,0.6327303051948547,-0.7743722200393677,0.0,0.25812408328056335,0.2109101116657257,0.0
11.49,-2.3167765140533447,-1.9059242010116577,1.5,0.635308027267456,-0.7722588181495667,0.0,0.257419615983963,0.21176934242248535,0.0
11.5,-2.310410499572754,-1.9136360883712769,1.5,0.6378787159919739,-0.770136833190918,0.0,0.25671228766441345,0.21262623369693756,0.0
11.51,-2.304018974304199,-1.9213268756866455,1.5,0.6404423117637634,-0.7680063247680664,0.0,0.2560020983219147,0.21348075568675995,0.0
11.52,-2.2976016998291016,-1.928996205329895,1.5,0.6429987549781799,-0.7658672332763672,0.0,0.25528907775878906,0.21433290839195251,0.0
11.53,-2.29115891456604,-1.936644196510315,1.5,0.6455480456352234,-0.7637196779251099,0.0,0.2545732259750366,0.21518269181251526,0.0
11.540000000000001,-2.2846908569335938,-1.9442706108093262,1.5,0.6480901837348938,-0.7615635991096497,0.0,0.25385454297065735,0.2160300612449646,0.0
11.55,-2.2781972885131836,-1.9518754482269287,1.5,0.6506251096725464,-0.7593990564346313,0.0,0.25313302874565125,0.21687504649162292,0.0
11.56,-2.2716782093048096,-1.959458589553833,1.5,0.6531528234481812,-0.7572261095046997,0.0,0.2524086833000183,0.21771761775016785,0.0
11.57,-2.26513409614563,-1.9670199155807495,1.5,0.6556733250617981,-0.75504469871521,0.0,0.2516815662384033,0.21855776011943817,0.0
11.58,-2.2585649490356445,-1.9745594263076782,1.5,0.6581864953041077,-0.7528549432754517,0.0,0.2509516477584839,0.2193954885005951,0.0
11.59,-2.2519705295562744,-1.9820770025253296,1.5,0.6606923341751099,-0.75065678358078,0.0,0.25021892786026,0.22023077309131622,0.0
11.6,-2.2453510761260986,-1.989572525024414,1.5,0.6631908416748047,-0.7484503388404846,0.0,0.24948345124721527,0.22106361389160156,0.0
11.61,-2.238706588745117,-1.9970459938049316,1.5,0.6656819581985474,-0.7462355494499207,0.0,0.24874518811702728,0.22189399600028992,0.0
11.620000000000001,-2.232037305831909,-2.0044972896575928,1.5,0.6681657433509827,-0.7440124750137329,0.0,0.24800415337085724,0.2227219045162201,0.0
11.63,-2.2253434658050537,-2.0119261741638184,1.5,0.670642077922821,-0.7417811155319214,0.0,0.24726037681102753,0.22354735434055328,0.0
11.64,-2.2186245918273926,-2.0193328857421875,1.5,0.6731109619140625,-0.7395415306091309,0.0,0.24651384353637695,0.2243703156709671,0.0
11.65,-2.211881160736084,-2.026716947555542,1.5,0.6755723357200623,-0.7372937202453613,0.0,0.2457645684480667,0.22519077360630035,0.0
11.66,-2.205113172531128,-2.034078598022461,1.5,0.6780261993408203,-0.7350377440452576,0.0,0.245012566447258,0.22600874304771423,0.0
11.67,-2.1983206272125244,-2.0414175987243652,1.5,0.6804725527763367,-0.7327735424041748,0.0,0.244257852435112,0.22682419419288635,0.0
11.68,-2.1915037631988525,-2.048734188079834,1.5,0.6829113364219666,-0.7305012345314026,0.0,0.24350041151046753,0.2276371270418167,0.0
11.69,-2.1846625804901123,-2.05602765083313,1.5,0.68534255027771,-0.7282208204269409,0.0,0.24274027347564697,0.22844752669334412,0.0
11.700000000000001,-2.1777968406677246,-2.063298463821411,1.5,0.6877661347389221,-0.7259323000907898,0.0,0.24197743833065033,0.22925539314746857,0.0
11.71,-2.1709072589874268,-2.0705463886260986,1.5,0.690182089805603,-0.723635733127594,0.0,0.2412119060754776,0.23006069660186768,0.0
11.72,-2.1639933586120605,-2.0777711868286133,1.5,0.6925904154777527,-0.7213311195373535,0.0,0.24044370651245117,0.23086346685886383,0.0
11.73,-2.157055377960205,-2.084972858428955,1.5,0.6949909925460815,-0.7190184593200684,0.0,0.23967282474040985,0.23166365921497345,0.0
11.74,-2.1500935554504395,-2.092151403427124,1.5,0.6973838210105896,-0.7166978120803833,0.0,0.23889927566051483,0.23246127367019653,0.0
11.75,-2.1431076526641846,-2.09930682182312,1.5,0.6997689604759216,-0.7143692374229431,0.0,0.2381230741739273,0.23325631022453308,0.0
11.76,-2.1360981464385986,-2.1064388751983643,1.5,0.7021462917327881,-0.7120327353477478,0.0,0.23734423518180847,0.2340487688779831,0.0
11.77,-2.1290647983551025,-2.1135475635528564,1.5,0.704515814781189,-0.7096883058547974,0.0,0.23656275868415833,0.234838604927063,0.0
11.78,-2.1220078468322754,-2.1206326484680176,1.5,0.7068775296211243,-0.7073359489440918,0.0,0.23577864468097687,0.23562584817409515,0.0
11.790000000000001,-2.114927291870117,-2.1276941299438477,1.5,0.7092313766479492,-0.7049757838249207,0.0,0.2349919229745865,0.2364104688167572,0.0
11.8,-2.107823371887207,-2.1347320079803467,1.5,0.7115773558616638,-0.7026077508926392,0.0,0.234202578663826,0.23719245195388794,0.0
11.81,-2.100695848464966,-2.1417462825775146,1.5,0.7139154076576233,-0.7002319097518921,0.0,0.23341064155101776,0.23797181248664856,0.0
11.82,-2.0935449600219727,-2.1487367153167725,1.5,0.7162455916404724,-0.6978483200073242,0.0,0.2326161116361618,0.23874852061271667,0.0
11.83,-2.0863709449768066,-2.15570330619812,1.5,0.7185677289962769,-0.6954569816589355,0.0,0.23181898891925812,0.23952257633209229,0.0
11.84,-2.0791735649108887,-2.1626458168029785,1.5,0.7208819389343262,-0.6930578947067261,0.0,0.2310192883014679,0.2402939796447754,0.0
11.85,-2.071953296661377,-2.1695644855499268,1.5,0.7231881022453308,-0.6906511187553406,0.0,0.23021703958511353,0.2410627007484436,0.0
11.86,-2.0647099018096924,-2.1764588356018066,1.5,0.7254862785339355,-0.688236653804779,0.0,0.22941221296787262,0.24182875454425812,0.0
11.870000000000001,-2.057443618774414,-2.1833291053771973,1.5,0.7277763485908508,-0.6858145594596863,0.0,0.22860483825206757,0.24259212613105774,0.0
11.88,-2.050154447555542,-2.1901750564575195,1.5,0.7300583720207214,-0.6833847761154175,0.0,0.22779493033885956,0.24335278570652008,0.0
11.89,-2.042842388153076,-2.1969966888427734,1.5,0.7323322296142578,-0.680947482585907,0.0,0.2269824892282486,0.24411074817180634,0.0
11.9,-2.0355076789855957,-2.203794002532959,1.5,0.7345979809761047,-0.67850261926651,0.0,0.22616752982139587,0.2448659986257553,0.0
11.91,-2.0281505584716797,-2.210566759109497,1.5,0.7368555665016174,-0.6760501861572266,0.0,0.2253500521183014,0.245618537068367,0.0
11.92,-2.020770788192749,-2.2173149585723877,1.5,0.7391049861907959,-0.6735902428627014,0.0,0.22453008592128754,0.24636833369731903,0.0
11.93,-2.0133683681488037,-2.224038600921631,1.5,0.7413461804389954,-0.6711227893829346,0.0,0.22370760142803192,0.2471153885126114,0.0
11.94,-2.005943775177002,-2.2307374477386475,1.5,0.7435791492462158,-0.6686479449272156,0.0,0.22288264334201813,0.24785971641540527,0.0
11.950000000000001,-1.9984968900680542,-2.2374114990234375,1.5,0.7458038330078125,-0.6661656498908997,0.0,0.22205521166324615,0.2486012727022171,0.0
11.96,-1.9910277128219604,-2.244060754776001,1.5,0.7480202317237854,-0.6636759042739868,0.0,0.221225306391716,0.24934007227420807,0.0
11.97,-1.9835364818572998,-2.250684976577759,1.5,0.7502283453941345,-0.6611788272857666,0.0,0.22039294242858887,0.2500761151313782,0.0
11.98,-1.9760231971740723,-2.257284164428711,1.5,0.7524281144142151,-0.658674418926239,0.0,0.21955813467502594,0.25080937147140503,0.0
11.99,-1.9684879779815674,-2.2638585567474365,1.5,0.7546194791793823,-0.656162679195404,0.0,0.21872088313102722,0.25153982639312744,0.0
12.0,-1.9609308242797852,-2.2704074382781982,1.5,0.756802499294281,-0.6536436080932617,0.0,0.2178812026977539,0.2522675096988678,0.0
12.01,-1.9533519744873047,-2.2769312858581543,1.5,0.7589771151542664,-0.6511173248291016,0.0,0.2170391082763672,0.2529923617839813,0.0
12.02,-1.9457513093948364,-2.2834298610687256,1.5,0.7611432671546936,-0.6485837697982788,0.0,0.21619459986686707,0.2537144124507904,0.0
12.030000000000001,-1.9381290674209595,-2.289902925491333,1.5,0.7633009552955627,-0.646043062210083,0.0,0.21534767746925354,0.25443366169929504,0.0
12.040000000000001,-1.9304853677749634,-2.2963507175445557,1.5,0.7654502391815186,-0.6434951424598694,0.0,0.214498370885849,0.25515007972717285,0.0
12.05,-1.9228200912475586,-2.3027727603912354,1.5,0.7675909399986267,-0.6409400701522827,0.0,0.21364668011665344,0.25586363673210144,0.0
12.06,-1.9151335954666138,-2.3091695308685303,1.5,0.769723117351532,-0.638377845287323,0.0,0.21279262006282806,0.2565743923187256,0.0
12.07,-1.9074257612228394,-2.315540313720703,1.5,0.7718467712402344,-0.6358085870742798,0.0,0.21193619072437286,0.2572822570800781,0.0
12.08,-1.899696707725525,-2.321885585784912,1.5,0.7739618420600891,-0.6332322359085083,0.0,0.21107740700244904,0.25798729062080383,0.0
12.09,-1.89194655418396,-2.328204870223999,1.5,0.7760683298110962,-0.6306488513946533,0.0,0.21021628379821777,0.25868943333625793,0.0
12.1,-1.8841753005981445,-2.334498405456543,1.5,0.7781661748886108,-0.6280584335327148,0.0,0.20935280621051788,0.2593887150287628,0.0
12.11,-1.8763831853866577,-2.340766191482544,1.5,0.7802553772926331,-0.6254610419273376,0.0,0.20848701894283295,0.2600851356983185,0.0
12.120000000000001,-1.8685702085494995,-2.3470077514648438,1.5,0.7823359370231628,-0.6228567361831665,0.0,0.20761892199516296,0.26077863574028015,0.0
12.13,-1.8607364892959595,-2.3532233238220215,1.5,0.7844077348709106,-0.6202455163002014,0.0,0.20674850046634674,0.2614692449569702,0.0
12.14,-1.8528821468353271,-2.359412670135498,1.5,0.786470890045166,-0.6176273822784424,0.0,0.20587578415870667,0.26215696334838867,0.0
12.15,-1.8450071811676025,-2.3655757904052734,1.5,0.7885252833366394,-0.6150023937225342,0.0,0.20500078797340393,0.26284176111221313,0.0
12.16,-1.8371115922927856,-2.3717126846313477,1.5,0.790570855140686,-0.6123705506324768,0.0,0.20412351191043854,0.2635236382484436,0.0
12.17,-1.8291957378387451,-2.3778231143951416,1.5,0.7926077246665955,-0.609731912612915,0.0,0.20324397087097168,0.2642025649547577,0.0
12.18,-1.8212594985961914,-2.3839073181152344,1.5,0.7946357727050781,-0.6070864796638489,0.0,0.20236216485500336,0.2648785710334778,0.0
12.19,-1.8133031129837036,-2.3899648189544678,1.5,0.7966549396514893,-0.6044343709945679,0.0,0.20147812366485596,0.2655516564846039,0.0
12.200000000000001,-1.8053264617919922,-2.395995855331421,1.5,0.7986652851104736,-0.6017754673957825,0.0,0.2005918323993683,0.2662217617034912,0.0
12.21,-1.7973297834396362,-2.4020004272460938,1.5,0.8006668090820312,-0.599109947681427,0.0,0.19970330595970154,0.26688891649246216,0.0
12.22,-1.7893131971359253,-2.407978057861328,1.5,0.8026593923568726,-0.5964376926422119,0.0,0.1988125741481781,0.2675531208515167,0.0
12.23,-1.7812765836715698,-2.413928985595703,1.5,0.8046430349349976,-0.5937588810920715,0.0,0.19791962206363678,0.2682143449783325,0.0
12.24,-1.7732203006744385,-2.4198532104492188,1.5,0.8066177368164062,-0.5910734534263611,0.0,0.19702447950839996,0.26887258887290955,0.0
12.25,-1.7651443481445312,-2.425750494003296,1.5,0.8085834980010986,-0.5883814096450806,0.0,0.19612714648246765,0.2695278227329254,0.0
12.26,-1.7570487260818481,-2.4316208362579346,1.5,0.8105402588844299,-0.5856828689575195,0.0,0.19522762298583984,0.2701801061630249,0.0
12.27,-1.7489335536956787,-2.4374642372131348,1.5,0.8124880790710449,-0.582977831363678,0.0,0.19432595372200012,0.27082934975624084,0.0
12.280000000000001,-1.7407989501953125,-2.4432804584503174,1.5,0.8144267797470093,-0.5802662968635559,0.0,0.1934221088886261,0.271475613117218,0.0
12.290000000000001,-1.732645034790039,-2.4490694999694824,1.5,0.8163564801216125,-0.5775483250617981,0.0,0.19251611828804016,0.27211883664131165,0.0
12.3,-1.7244718074798584,-2.45483136177063,1.5,0.81827712059021,-0.5748239755630493,0.0,0.1916079819202423,0.2727590501308441,0.0
12.31,-1.7162795066833496,-2.4605658054351807,1.5,0.8201886415481567,-0.5720931887626648,0.0,0.19069772958755493,0.27339622378349304,0.0
12.32,-1.7080681324005127,-2.466273069381714,1.5,0.8220910429954529,-0.5693560242652893,0.0,0.18978534638881683,0.2740303575992584,0.0
12.33,-1.6998376846313477,-2.4719529151916504,1.5,0.8239843249320984,-0.5666125416755676,0.0,0.1888708621263504,0.27466145157814026,0.0
12.34,-1.6915884017944336,-2.4776053428649902,1.5,0.8258684873580933,-0.5638628005981445,0.0,0.18795427680015564,0.27528947591781616,0.0
12.35,-1.68332040309906,-2.4832303524017334,1.5,0.827743411064148,-0.56110680103302,0.0,0.18703559041023254,0.2759144604206085,0.0
12.36,-1.6750335693359375,-2.4888274669647217,1.5,0.8296091556549072,-0.5583445429801941,0.0,0.1861148476600647,0.27653640508651733,0.0
12.370000000000001,-1.6667282581329346,-2.4943971633911133,1.5,0.8314657211303711,-0.5555760860443115,0.0,0.1851920187473297,0.2771552503108978,0.0
12.38,-1.6584043502807617,-2.49993896484375,1.5,0.83331298828125,-0.5528014302253723,0.0,0.18426714837551117,0.27777099609375,0.0
12.39,-1.6500619649887085,-2.505453109741211,1.5,0.8351510167121887,-0.5500206351280212,0.0,0.18334022164344788,0.27838367223739624,0.0
12.4,-1.641701340675354,-2.510939359664917,1.5,0.8369798064231873,-0.5472337603569031,0.0,0.18241125345230103,0.27899327874183655,0.0
12.41,-1.6333224773406982,-2.516397714614868,1.5,0.838799238204956,-0.5444408059120178,0.0,0.181480273604393,0.27959975600242615,0.0
12.42,-1.6249253749847412,-2.5218281745910645,1.5,0.8406094312667847,-0.5416417717933655,0.0,0.18054726719856262,0.2802031338214874,0.0
12.43,-1.616510272026062,-2.5272305011749268,1.5,0.8424102067947388,-0.5388367772102356,0.0,0.17961224913597107,0.2808034121990204,0.0
12.44,-1.6080771684646606,-2.532604932785034,1.5,0.8442016243934631,-0.5360257625579834,0.0,0.17867524921894073,0.28140056133270264,0.0
12.450000000000001,-1.5996263027191162,-2.5379509925842285,1.5,0.8459836840629578,-0.5332087278366089,0.0,0.17773625254631042,0.2819945812225342,0.0
12.46,-1.5911575555801392,-2.543269157409668,1.5,0.8477563858032227,-0.5303858518600464,0.0,0.17679528892040253,0.2825854420661926,0.0
12.47,-1.5826711654663086,-2.5485587120056152,1.5,0.8495196104049683,-0.5275570750236511,0.0,0.17585235834121704,0.28317320346832275,0.0
12.48,-1.574167251586914,-2.5538201332092285,1.5,0.8512734174728394,-0.5247223973274231,0.0,0.17490746080875397,0.2837578058242798,0.0
12.49,-1.565645694732666,-2.5590531826019287,1.5,0.8530177474021912,-0.5218819379806519,0.0,0.1739606410264969,0.2843392491340637,0.0
12.5,-1.557106852531433,-2.564257860183716,1.5,0.8547526001930237,-0.5190356373786926,0.0,0.1730118691921234,0.28491753339767456,0.0
12.51,-1.5485507249832153,-2.5694339275360107,1.5,0.8564779758453369,-0.5161835551261902,0.0,0.17206119000911713,0.2854926586151123,0.0
12.52,-1.5399773120880127,-2.5745813846588135,1.5,0.8581938147544861,-0.5133258104324341,0.0,0.17110858857631683,0.28606459498405457,0.0
12.530000000000001,-1.5313868522644043,-2.579700469970703,1.5,0.8599001169204712,-0.5104622840881348,0.0,0.17015409469604492,0.28663337230682373,0.0
12.540000000000001,-1.5227793455123901,-2.5847907066345215,1.5,0.8615968823432922,-0.5075931549072266,0.0,0.1691977083683014,0.2871989607810974,0.0
12.55,-1.5141549110412598,-2.5898523330688477,1.5,0.8632841110229492,-0.5047183036804199,0.0,0.16823944449424744,0.2877613604068756,0.0
12.56,-1.5055137872695923,-2.5948851108551025,1.5,0.8649616837501526,-0.5018379092216492,0.0,0.16727930307388306,0.2883205711841583,0.0
12.57,-1.4968557357788086,-2.599889039993286,1.5,0.8666296601295471,-0.49895191192626953,0.0,0.16631731390953064,0.28887656331062317,0.0
12.58,-1.4881811141967773,-2.6048641204833984,1.5,0.8682880401611328,-0.49606040120124817,0.0,0.165353462100029,0.28942933678627014,0.0
12.59,-1.479490041732788,-2.6098101139068604,1.5,0.8699367046356201,-0.4931633472442627,0.0,0.1643877774477005,0.28997892141342163,0.0
12.6,-1.4707825183868408,-2.614727258682251,1.5,0.8715757727622986,-0.4902608096599579,0.0,0.16342027485370636,0.29052525758743286,0.0
12.61,-1.4620585441589355,-2.619615316390991,1.5,0.8732051253318787,-0.4873528480529785,0.0,0.16245095431804657,0.2910683751106262,0.0
12.620000000000001,-1.4533183574676514,-2.624474287033081,1.5,0.8748247623443604,-0.4844394624233246,0.0,0.16147981584072113,0.2916082739830017,0.0
12.63,-1.4445620775222778,-2.6293041706085205,1.5,0.8764347434043884,-0.4815206825733185,0.0,0.16050690412521362,0.29214489459991455,0.0
12.64,-1.435789704322815,-2.6341047286987305,1.5,0.8780348896980286,-0.478596568107605,0.0,0.15953218936920166,0.2926782965660095,0.0
12.65,-1.4270014762878418,-2.638875961303711,1.5,0.8796253800392151,-0.47566714882850647,0.0,0.15855571627616882,0.29320845007896423,0.0
12.66,-1.4181972742080688,-2.643618106842041,1.5,0.8812060356140137,-0.47273242473602295,0.0,0.15757746994495392,0.2937353551387787,0.0
12.67,-1.4093773365020752,-2.6483306884765625,1.5,0.8827769160270691,-0.4697924554347992,0.0,0.15659748017787933,0.2942589819431305,0.0
12.68,-1.4005417823791504,-2.6530139446258545,1.5,0.8843379616737366,-0.4668472409248352,0.0,0.15561574697494507,0.29477933049201965,0.0
12.69,-1.3916906118392944,-2.657667636871338,1.5,0.8858892321586609,-0.46389687061309814,0.0,0.15463228523731232,0.29529640078544617,0.0
12.700000000000001,-1.3828239440917969,-2.6622917652130127,1.5,0.8874306082725525,-0.460941344499588,0.0,0.15364710986614227,0.29581019282341003,0.0
12.71,-1.3739420175552368,-2.666886329650879,1.5,0.8889621496200562,-0.4579806625843048,0.0,0.15266022086143494,0.29632070660591125,0.0
12.72,-1.3650448322296143,-2.6714513301849365,1.5,0.8904837965965271,-0.4550149440765381,0.0,0.1516716480255127,0.29682794213294983,0.0
12.73,-1.3561323881149292,-2.6759867668151855,1.5,0.8919955492019653,-0.45204412937164307,0.0,0.15068137645721436,0.29733186960220337,0.0
12.74,-1.3472049236297607,-2.680492401123047,1.5,0.8934974074363708,-0.4490683078765869,0.0,0.1496894359588623,0.2978324890136719,0.0
12.75,-1.3382624387741089,-2.6849679946899414,1.5,0.8949893712997437,-0.44608747959136963,0.0,0.14869582653045654,0.29832980036735535,0.0
12.76,-1.3293051719665527,-2.6894140243530273,1.5,0.8964713215827942,-0.4431017339229584,0.0,0.14770057797431946,0.2988237738609314,0.0
12.77,-1.3203331232070923,-2.6938300132751465,1.5,0.897943377494812,-0.4401110112667084,0.0,0.14670367538928986,0.2993144690990448,0.0
12.780000000000001,-1.3113462924957275,-2.698216199874878,1.5,0.8994054198265076,-0.4371154308319092,0.0,0.14570514857769012,0.2998017966747284,0.0
12.790000000000001,-1.3023450374603271,-2.7025723457336426,1.5,0.9008574485778809,-0.4341149926185608,0.0,0.14470499753952026,0.30028581619262695,0.0
12.8,-1.2933292388916016,-2.7068984508514404,1.5,0.9022995233535767,-0.4311097264289856,0.0,0.14370325207710266,0.3007664978504181,0.0
12.81,-1.2842990159988403,-2.7111945152282715,1.5,0.9037315249443054,-0.42809969186782837,0.0,0.14269989728927612,0.3012438416481018,0.0
12.82,-1.2752546072006226,-2.7154605388641357,1.5,0.9051535129547119,-0.4250848591327667,0.0,0.14169496297836304,0.3017178177833557,0.0
12.83,-1.2661960124969482,-2.719696283340454,1.5,0.9065654277801514,-0.4220653474330902,0.0,0.1406884491443634,0.3021884858608246,0.0
12.84,-1.257123351097107,-2.7239017486572266,1.5,0.9079672694206238,-0.41904112696647644,0.0,0.13968037068843842,0.30265575647354126,0.0
12.85,-1.2480367422103882,-2.728076934814453,1.5,0.9093590378761292,-0.4160122275352478,0.0,0.13867074251174927,0.3031196594238281,0.0
12.86,-1.238936185836792,-2.732222080230713,1.5,0.9107406735420227,-0.41297873854637146,0.0,0.13765957951545715,0.30358022451400757,0.0
12.870000000000001,-1.2298219203948975,-2.7363367080688477,1.5,0.9121121764183044,-0.409940630197525,0.0,0.13664688169956207,0.3040373921394348,0.0
12.88,-1.2206939458847046,-2.7404208183288574,1.5,0.9134736061096191,-0.40689799189567566,0.0,0.13563266396522522,0.30449119210243225,0.0
12.89,-1.2115525007247925,-2.7444746494293213,1.5,0.9148248434066772,-0.40385082364082336,0.0,0.1346169412136078,0.3049416244029999,0.0
12.9,-1.2023974657058716,-2.748497724533081,1.5,0.9161659479141235,-0.4007991850376129,0.0,0.13359972834587097,0.3053886592388153,0.0
12.91,-1.1932291984558105,-2.752490520477295,1.5,0.9174968600273132,-0.3977430760860443,0.0,0.13258102536201477,0.30583226680755615,0.0
12.92,-1.1840475797653198,-2.7564525604248047,1.5,0.9188175797462463,-0.39468252658843994,0.0,0.13156084716320038,0.3062725067138672,0.0
12.93,-1.1748528480529785,-2.7603840827941895,1.5,0.9201280474662781,-0.39161762595176697,0.0,0.130539208650589,0.306709349155426,0.0
12.94,-1.1656451225280762,-2.764285087585449,1.5,0.9214283227920532,-0.3885483741760254,0.0,0.1295161247253418,0.3071427643299103,0.0
12.950000000000001,-1.1564244031906128,-2.768155097961426,1.5,0.922718346118927,-0.3854747712612152,0.0,0.1284915953874588,0.30757278203964233,0.0
12.96,-1.147190809249878,-2.7719945907592773,1.5,0.9239981770515442,-0.3823969066143036,0.0,0.1274656355381012,0.3079993724822998,0.0
12.97,-1.1379444599151611,-2.7758030891418457,1.5,0.9252676963806152,-0.3793148100376129,0.0,0.12643827497959137,0.3084225654602051,0.0
12.98,-1.128685474395752,-2.77958083152771,1.5,0.9265269041061401,-0.3762284815311432,0.0,0.12540949881076813,0.3088423013687134,0.0
12.99,-1.1194138526916504,-2.783327579498291,1.5,0.9277758598327637,-0.3731379806995392,0.0,0.12437932193279266,0.3092586100101471,0.0
13.0,-1.110129952430725,-2.787043571472168,1.5,0.9290145039558411,-0.3700433075428009,0.0,0.12334777414798737,0.3096714913845062,0.0
13.01,-1.1008336544036865,-2.7907283306121826,1.5,0.9302428364753723,-0.3669445514678955,0.0,0.12231484800577164,0.31008094549179077,0.0
13.02,-1.0915250778198242,-2.794382333755493,1.5,0.9314607977867126,-0.363841712474823,0.0,0.12128057330846786,0.31048694252967834,0.0
13.030000000000001,-1.0822044610977173,-2.7980053424835205,1.5,0.9326684474945068,-0.36073482036590576,0.0,0.12024494260549545,0.31088948249816895,0.0
13.040000000000001,-1.0728718042373657,-2.8015971183776855,1.5,0.9338656663894653,-0.3576239347457886,0.0,0.11920797824859619,0.3112885653972626,0.0
13.05,-1.063527226448059,-2.8051576614379883,1.5,0.9350525736808777,-0.35450905561447144,0.0,0.11816968768835068,0.31168419122695923,0.0
13.06,-1.0541707277297974,-2.808687210083008,1.5,0.9362290501594543,-0.3513902723789215,0.0,0.1171300858259201,0.3120763599872589,0.0
13.07,-1.0448026657104492,-2.812185525894165,1.5,0.9373951554298401,-0.3482675552368164,0.0,0.11608918011188507,0.3124650716781616,0.0
13.08,-1.035422921180725,-2.81565260887146,1.5,0.9385508298873901,-0.3451409637928009,0.0,0.11504699289798737,0.31285029649734497,0.0
13.09,-1.0260316133499146,-2.8190882205963135,1.5,0.9396961331367493,-0.3420105576515198,0.0,0.11400351673364639,0.31323203444480896,0.0
13.1,-1.0166289806365967,-2.822492837905884,1.5,0.9408309459686279,-0.338876336812973,0.0,0.11295878142118454,0.313610315322876,0.0
13.11,-1.0072150230407715,-2.8258657455444336,1.5,0.9419552683830261,-0.3357383608818054,0.0,0.1119127869606018,0.31398507952690125,0.0
13.120000000000001,-0.9977899789810181,-2.829207420349121,1.5,0.9430691599845886,-0.33259665966033936,0.0,0.11086554825305939,0.31435638666152954,0.0
13.13,-0.9883537292480469,-2.8325178623199463,1.5,0.9441725611686707,-0.32945123314857483,0.0,0.10981708019971848,0.3147242069244385,0.0
13.14,-0.978906512260437,-2.835796594619751,1.5,0.945265531539917,-0.326302170753479,0.0,0.10876739025115967,0.31508851051330566,0.0
13.15,-0.969448447227478,-2.8390438556671143,1.5,0.9463479518890381,-0.3231494724750519,0.0,0.10771649330854416,0.3154492974281311,0.0
13.16,-0.9599795937538147,-2.842259407043457,1.5,0.9474198222160339,-0.31999319791793823,0.0,0.10666440427303314,0.31580662727355957,0.0
13.17,-0.9505000710487366,-2.8454437255859375,1.5,0.9484812021255493,-0.31683337688446045,0.0,0.10561112314462662,0.3161604106426239,0.0
13.18,-0.9410099983215332,-2.8485960960388184,1.5,0.9495320320129395,-0.31367000937461853,0.0,0.10455667227506638,0.3165106773376465,0.0
13.19,-0.9315094947814941,-2.851716995239258,1.5,0.9505723714828491,-0.31050315499305725,0.0,0.10350105166435242,0.3168574571609497,0.0
13.200000000000001,-0.9219986200332642,-2.8548061847686768,1.5,0.9516021013259888,-0.3073328733444214,0.0,0.10244429111480713,0.3172006905078888,0.0
13.21,-0.9124774932861328,-2.857863664627075,1.5,0.9526212215423584,-0.30415916442871094,0.0,0.10138639062643051,0.31754040718078613,0.0
13.22,-0.9029462337493896,-2.860889434814453,1.5,0.9536297917366028,-0.3009820878505707,0.0,0.10032735764980316,0.3178766071796417,0.0
13.23,-0.8934049010276794,-2.8638832569122314,1.5,0.9546277523040771,-0.2978016436100006,0.0,0.09926721453666687,0.3182092607021332,0.0
13.24,-0.8838536739349365,-2.8668453693389893,1.5,0.9556151628494263,-0.2946178913116455,0.0,0.09820596873760223,0.3185383677482605,0.0
13.25,-0.8742926716804504,-2.8697757720947266,1.5,0.9565919041633606,-0.29143089056015015,0.0,0.09714362770318985,0.31886395812034607,0.0
13.26,-0.8647218942642212,-2.872673988342285,1.5,0.9575580358505249,-0.2882406413555145,0.0,0.09608021378517151,0.3191860020160675,0.0
13.27,-0.8551415205001831,-2.8755404949188232,1.5,0.9585134983062744,-0.28504717350006104,0.0,0.09501572698354721,0.3195044994354248,0.0
13.280000000000001,-0.8455516695976257,-2.8783750534057617,1.5,0.9594582915306091,-0.28185054659843445,0.0,0.09395018219947815,0.31981945037841797,0.0
13.290000000000001,-0.8359524011611938,-2.8811774253845215,1.5,0.9603924751281738,-0.27865079045295715,0.0,0.09288360178470612,0.3201308250427246,0.0
13.3,-0.826343834400177,-2.8839478492736816,1.5,0.9613159894943237,-0.2754479646682739,0.0,0.09181598573923111,0.3204386532306671,0.0
13.31,-0.8167260885238647,-2.886686325073242,1.5,0.9622287750244141,-0.2722420394420624,0.0,0.09074734896421432,0.3207429349422455,0.0
13.32,-0.8070992827415466,-2.889392852783203,1.5,0.9631309509277344,-0.2690331041812897,0.0,0.08967769891023636,0.32104364037513733,0.0
13.33,-0.7974635362625122,-2.8920669555664062,1.5,0.9640223383903503,-0.2658211886882782,0.0,0.088607057929039,0.32134079933166504,0.0
13.34,-0.7878189086914062,-2.8947091102600098,1.5,0.9649030566215515,-0.26260629296302795,0.0,0.08753543347120285,0.32163435220718384,0.0
13.35,-0.7781655192375183,-2.8973190784454346,1.5,0.9657730460166931,-0.2593885064125061,0.0,0.0864628329873085,0.3219243586063385,0.0
13.36,-0.7685034871101379,-2.8998968601226807,1.5,0.9666323065757751,-0.25616782903671265,0.0,0.08538927137851715,0.32221078872680664,0.0
13.370000000000001,-0.7588328719139099,-2.902442455291748,1.5,0.9674808382987976,-0.25294429063796997,0.0,0.08431476354598999,0.32249361276626587,0.0
13.38,-0.7491539120674133,-2.9049558639526367,1.5,0.9683186411857605,-0.24971796572208405,0.0,0.08323932439088821,0.3227728605270386,0.0
13.39,-0.7394665479660034,-2.9074368476867676,1.5,0.969145655632019,-0.24648885428905487,0.0,0.08216295391321182,0.32304853200912476,0.0
13.4,-0.7297710180282593,-2.9098856449127197,1.5,0.9699618816375732,-0.24325700104236603,0.0,0.08108566701412201,0.3233206272125244,0.0
13.41,-0.7200673818588257,-2.912302017211914,1.5,0.9707673192024231,-0.2400224506855011,0.0,0.08000748604536057,0.32358911633491516,0.0
13.42,-0.7103556990623474,-2.9146859645843506,1.5,0.9715620279312134,-0.23678523302078247,0.0,0.07892841100692749,0.323853999376297,0.0
13.43,-0.7006361484527588,-2.9170377254486084,1.5,0.9723458886146545,-0.23354537785053253,0.0,0.07784846425056458,0.3241153061389923,0.0
13.44,-0.6909088492393494,-2.9193570613861084,1.5,0.9731189608573914,-0.23030294477939606,0.0,0.07676764577627182,0.3243730068206787,0.0
13.450000000000001,-0.6811738014221191,-2.9216437339782715,1.5,0.9738812446594238,-0.22705793380737305,0.0,0.07568597793579102,0.3246270716190338,0.0
13.46,-0.6714312434196472,-2.9238979816436768,1.5,0.9746326804161072,-0.22381040453910828,0.0,0.07460346817970276,0.3248775601387024,0.0
13.47,-0.6616811752319336,-2.9261200428009033,1.5,0.9753733277320862,-0.22056040167808533,0.0,0.07352013140916824,0.32512444257736206,0.0
13.48,-0.6519237756729126,-2.928309202194214,1.5,0.9761031270027161,-0.2173079401254654,0.0,0.07243597507476807,0.32536768913269043,0.0
13.49,-0.6421591639518738,-2.9304661750793457,1.5,0.976822018623352,-0.21405304968357086,0.0,0.07135102152824402,0.3256073594093323,0.0
13.5,-0.6323873996734619,-2.9325902462005615,1.5,0.9775301218032837,-0.2107958048582077,0.0,0.0702652633190155,0.32584336400032043,0.0
13.51,-0.6226086020469666,-2.9346821308135986,1.5,0.9782273173332214,-0.20753620564937592,0.0,0.06917873024940491,0.32607579231262207,0.0
13.52,-0.6128228902816772,-2.9367411136627197,1.5,0.9789136648178101,-0.20427429676055908,0.0,0.06809142976999283,0.32630455493927,0.0
13.530000000000001,-0.6030303835868835,-2.938767433166504,1.5,0.9795891642570496,-0.20101012289524078,0.0,0.06700337678194046,0.32652971148490906,0.0
13.540000000000001,-0.5932311415672302,-2.9407613277435303,1.5,0.9802537560462952,-0.1977437138557434,0.0,0.0659145712852478,0.3267512619495392,0.0
13.55,-0.5834253430366516,-2.9427223205566406,1.5,0.9809074401855469,-0.19447511434555054,0.0,0.06482503563165665,0.3269691467285156,0.0
13.56,-0.5736130475997925,-2.944650650024414,1.5,0.9815502762794495,-0.19120433926582336,0.0,0.06373477727174759,0.32718342542648315,0.0
13.57,-0.5637943744659424,-2.9465465545654297,1.5,0.9821821451187134,-0.18793144822120667,0.0,0.06264381855726242,0.327394038438797,0.0
13.58,-0.5539694428443909,-2.94840931892395,1.5,0.9828031063079834,-0.18465647101402283,0.0,0.06155215948820114,0.32760104537010193,0.0
13.59,-0.5441383123397827,-2.950239658355713,1.5,0.9834131598472595,-0.18137943744659424,0.0,0.060459814965724945,0.3278043866157532,0.0
13.6,-0.534301221370697,-2.9520368576049805,1.5,0.9840123057365417,-0.17810039222240448,0.0,0.059366799890995026,0.3280041217803955,0.0
13.61,-0.524458110332489,-2.9538016319274902,1.5,0.9846005439758301,-0.17481938004493713,0.0,0.05827312543988228,0.32820016145706177,0.0
13.620000000000001,-0.5146092176437378,-2.955533266067505,1.5,0.985177755355835,-0.1715364009141922,0.0,0.0571788027882576,0.3283925950527191,0.0
13.63,-0.5047546029090881,-2.9572322368621826,1.5,0.9857441186904907,-0.16825152933597565,0.0,0.05608384311199188,0.3285813629627228,0.0
13.64,-0.4948943853378296,-2.9588983058929443,1.5,0.986299455165863,-0.16496479511260986,0.0,0.05498826503753662,0.32876649498939514,0.0
13.65,-0.4850286543369293,-2.96053147315979,1.5,0.9868438839912415,-0.16167621314525604,0.0,0.053892072290182114,0.3289479613304138,0.0
13.66,-0.4751575291156769,-2.962131977081299,1.5,0.9873772859573364,-0.15838584303855896,0.0,0.052795279771089554,0.3291257619857788,0.0
13.67,-0.4652811288833618,-2.9636993408203125,1.5,0.9878997802734375,-0.155093714594841,0.0,0.051697906106710434,0.3292999267578125,0.0
13.68,-0.4553995728492737,-2.96523380279541,1.5,0.9884112477302551,-0.15179985761642456,0.0,0.050599951297044754,0.3294704258441925,0.0
13.69,-0.44551295042037964,-2.966735363006592,1.5,0.9889117479324341,-0.1485043168067932,0.0,0.049501437693834305,0.3296372592449188,0.0
13.700000000000001,-0.43562138080596924,-2.9682037830352783,1.5,0.9894012808799744,-0.14520712196826935,0.0,0.04840237647294998,0.32980042695999146,0.0
13.71,-0.42572495341300964,-2.969639301300049,1.5,0.9898797869682312,-0.14190831780433655,0.0,0.04730277508497238,0.3299599289894104,0.0
13.72,-0.4158238172531128,-2.9710419178009033,1.5,0.9903473258018494,-0.1386079341173172,0.0,0.0462026447057724,0.33011576533317566,0.0
13.73,-0.40591806173324585,-2.972411632537842,1.5,0.9908038377761841,-0.13530601561069489,0.0,0.04510200396180153,0.3302679657936096,0.0
13.74,-0.396007776260376,-2.973748207092285,1.5,0.9912493824958801,-0.132002592086792,0.0,0.044000864028930664,0.3304164707660675,0.0
13.75,-0.3860931098461151,-2.9750516414642334,1.5,0.9916839003562927,-0.1286976933479309,0.0,0.0428992323577404,0.3305612802505493,0.0
13.76,-0.37617412209510803,-2.9763221740722656,1.5,0.9921073317527771,-0.1253913789987564,0.0,0.041797127574682236,0.33070245385169983,0.0
13.77,-0.36625099182128906,-2.9775593280792236,1.5,0.9925197958946228,-0.12208366394042969,0.0,0.04069455340504646,0.33083993196487427,0.0
13.780000000000001,-0.356323778629303,-2.9787638187408447,1.5,0.9929212331771851,-0.11877459287643433,0.0,0.039591532200574875,0.330973744392395,0.0
13.790000000000001,-0.34639260172843933,-2.9799349308013916,1.5,0.9933116436004639,-0.11546420305967331,0.0,0.03848806768655777,0.3311038911342621,0.0
13.8,-0.33645758032798767,-2.9810729026794434,1.5,0.9936910271644592,-0.11215252429246902,0.0,0.03738417476415634,0.3312303423881531,0.0
13.81,-0.32651883363723755,-2.982177972793579,1.5,0.9940593242645264,-0.10883960872888565,0.0,0.036279868334531784,0.331353098154068,0.0
13.82,-0.31657642126083374,-2.9832499027252197,1.5,0.9944165945053101,-0.10552547872066498,0.0,0.03517515957355499,0.3314721882343292,0.0
13.83,-0.30663052201271057,-2.984288454055786,1.5,0.9947628378868103,-0.10221017152070999,0.0,0.03407005965709686,0.33158761262893677,0.0
13.84,-0.2966812252998352,-2.9852941036224365,1.5,0.9950979948043823,-0.09889373928308487,0.0,0.03296457976102829,0.33169934153556824,0.0
13.85,-0.2867285907268524,-2.9862663745880127,1.5,0.9954221248626709,-0.0955761969089508,0.0,0.03185873478651047,0.33180737495422363,0.0
13.86,-0.27677279710769653,-2.9872055053710938,1.5,0.9957351684570312,-0.09225760400295258,0.0,0.030752534046769142,0.33191171288490295,0.0
13.870000000000001,-0.2668139338493347,-2.9881114959716797,1.5,0.9960371851921082,-0.08893797546625137,0.0,0.029645992442965508,0.3320123851299286,0.0
13.88,-0.25685209035873413,-2.9889843463897705,1.5,0.9963281154632568,-0.08561736345291138,0.0,0.028539123013615608,0.33210936188697815,0.0
13.89,-0.2468874156475067,-2.989823818206787,1.5,0.9966079592704773,-0.08229580521583557,0.0,0.02743193507194519,0.33220264315605164,0.0
13.9,-0.23691998422145844,-2.9906301498413086,1.5,0.9968767166137695,-0.07897332310676575,0.0,0.0263244416564703,0.33229222893714905,0.0
13.91,-0.22694991528987885,-2.991403341293335,1.5,0.9971344470977783,-0.07564996927976608,0.0,0.025216657668352127,0.3323781490325928,0.0
13.92,-0.2169773280620575,-2.992143154144287,1.5,0.9973810911178589,-0.07232577353715897,0.0,0.02410859242081642,0.33246034383773804,0.0
13.93,-0.20700232684612274,-2.992849826812744,1.5,0.9976165890693665,-0.06900077313184738,0.0,0.023000258952379227,0.3325388729572296,0.0
13.94,-0.19702503085136414,-2.993523120880127,1.5,0.9978410601615906,-0.06567501276731491,0.0,0.021891670301556587,0.33261367678642273,0.0
13.950000000000001,-0.18704554438591003,-2.9941632747650146,1.5,0.9980544447898865,-0.062348514795303345,0.0,0.0207828376442194,0.33268481492996216,0.0
13.96,-0.1770639717578888,-2.994770050048828,1.5,0.9982567429542542,-0.05902132764458656,0.0,0.019673775881528854,0.3327522277832031,0.0
13.97,-0.16708044707775116,-2.9953436851501465,1.5,0.9984478950500488,-0.055693481117486954,0.0,0.0185644943267107,0.3328159749507904,0.0
13.98,-0.1570950597524643,-2.9958839416503906,1.5,0.9986280202865601,-0.0523650199174881,0.0,0.017455006018280983,0.3328759968280792,0.0
13.99,-0.14710792899131775,-2.9963910579681396,1.5,0.9987969994544983,-0.049035973846912384,0.0,0.016345323994755745,0.33293232321739197,0.0
14.0,-0.13711915910243988,-2.9968647956848145,1.5,0.9989548921585083,-0.045706383883953094,0.0,0.015235461294651031,0.332984983921051,0.0
14.01,-0.12712885439395905,-2.997305154800415,1.5,0.9991016983985901,-0.042376287281513214,0.0,0.014125429093837738,0.3330339193344116,0.0
14.02,-0.11713715642690659,-2.9977123737335205,1.5,0.9992374181747437,-0.03904571756720543,0.0,0.013015239499509335,0.33307912945747375,0.0
14.030000000000001,-0.10714414715766907,-2.9980859756469727,1.5,0.999362051486969,-0.03571471571922302,0.0,0.011904905550181866,0.3331206738948822,0.0
14.040000000000001,-0.09714995324611664,-2.998426675796509,1.5,0.9994755387306213,-0.03238331899046898,0.0,0.010794439353048801,0.3331584930419922,0.0
14.05,-0.08715467900037766,-2.9987337589263916,1.5,0.9995779395103455,-0.029051559045910835,0.0,0.009683853015303612,0.3331926465034485,0.0
14.06,-0.07715842872858047,-2.9990077018737793,1.5,0.9996691942214966,-0.025719476863741875,0.0,0.008573159575462341,0.3332230746746063,0.0
14.07,-0.06716132909059525,-2.9992480278015137,1.5,0.9997493624687195,-0.022387109696865082,0.0,0.0074623702093958855,0.3332497775554657,0.0
14.08,-0.057163480669260025,-2.999455451965332,1.5,0.9998184442520142,-0.019054492935538292,0.0,0.006351497955620289,0.3332728147506714,0.0
14.09,-0.047164998948574066,-2.999629259109497,1.5,0.9998763799667358,-0.01572166569530964,0.0,0.005240555386990309,0.3332921266555786,0.0
14.1,-0.037165991961956024,-2.999769687652588,1.5,0.9999232292175293,-0.012388663366436958,0.0,0.004129554610699415,0.33330774307250977,0.0
14.11,-0.027166569605469704,-2.9998769760131836,1.5,0.9999589920043945,-0.009055523201823235,0.0,0.003018507733941078,0.33331966400146484,0.0
14.120000000000001,-0.017166847363114357,-2.999950885772705,1.5,0.9999836087226868,-0.005722282454371452,0.0,0.0019074274459853768,0.33332788944244385,0.0
14.13,-0.007166934199631214,-2.9999914169311523,1.5,0.9999971389770508,-0.0023889781441539526,0.0,0.0007963260286487639,0.3333323895931244,0.0
14.14,0.0028330583591014147,-2.9999985694885254,1.5,0.9999995827674866,0.0009443528251722455,0.0,-0.00031478426535613835,0.33333319425582886,0.0
14.15,0.012833019718527794,-2.9999725818634033,1.5,0.9999908804893494,0.0042776730842888355,0.0,-0.0014258910669013858,0.33333027362823486,0.0
14.16,0.0228328388184309,-2.999913215637207,1.5,0.9999710321426392,0.007610945962369442,0.0,-0.002536982065066695,0.3333236873149872,0.0
14.17,0.03283240273594856,-2.9998202323913574,1.5,0.9999400973320007,0.010944134555757046,0.0,-0.0036480447743088007,0.33331337571144104,0.0
14.18,0.042831603437662125,-2.9996941089630127,1.5,0.9998980760574341,0.014277201145887375,0.0,-0.004759067203849554,0.3332993686199188,0.0
14.19,0.052830327302217484,-2.999534845352173,1.5,0.9998449087142944,0.017610108479857445,0.0,-0.005870036315172911,0.33328163623809814,0.0
14.200000000000001,0.06282846629619598,-2.9993419647216797,1.5,0.9997806549072266,0.020942822098731995,0.0,-0.0069809406995773315,0.3332602381706238,0.0
14.21,0.07282590121030807,-2.9991159439086914,1.5,0.9997053146362305,0.02427530102431774,0.0,-0.008091767318546772,0.33323511481285095,0.0
14.22,0.0828225314617157,-2.998856544494629,1.5,0.9996188282966614,0.027607511729002,0.0,-0.009202503599226475,0.33320626616477966,0.0
14.23,0.0928182452917099,-2.998563766479492,1.5,0.9995212554931641,0.030939415097236633,0.0,-0.010313138365745544,0.3331737518310547,0.0
14.24,0.10281292349100113,-2.9982378482818604,1.5,0.9994125962257385,0.03427097573876381,0.0,-0.011423657648265362,0.33313751220703125,0.0
14.25,0.11280646175146103,-2.997878313064575,1.5,0.99929279088974,0.037602152675390244,0.0,-0.012534051202237606,0.3330976068973541,0.0
14.26,0.12279874086380005,-2.997485637664795,1.5,0.9991618990898132,0.04093291237950325,0.0,-0.013644305057823658,0.33305397629737854,0.0
14.27,0.13278965651988983,-2.9970598220825195,1.5,0.9990199208259583,0.04426322132349014,0.0,-0.014754406176507473,0.3330066204071045,0.0
14.280000000000001,0.14277909696102142,-2.996600389480591,1.5,0.9988667964935303,0.04759303480386734,0.0,-0.01586434431374073,0.33295559883117676,0.0
14.290000000000001,0.15276695787906647,-2.996107816696167,1.5,0.9987026453018188,0.050922319293022156,0.0,-0.016974106431007385,0.33290088176727295,0.0
14.3,0.1627531200647354,-2.995581865310669,1.5,0.9985273480415344,0.054251037538051605,0.0,-0.018083680421113968,0.3328424394130707,0.0
14.31,0.1727374643087387,-2.995022773742676,1.5,0.9983409643173218,0.057579156011343,0.0,-0.019193051382899284,0.33278030157089233,0.0
14.32,0.1827199012041092,-2.9944303035736084,1.5,0.9981434941291809,0.060906633734703064,0.0,-0.020302211865782738,0.3327144980430603,0.0
14.33,0.19270029664039612,-2.993804693222046,1.5,0.997934877872467,0.0642334371805191,0.0,-0.021411145105957985,0.3326449692249298,0.0
14.34,0.20267856121063232,-2.993145704269409,1.5,0.9977152347564697,0.06755951792001724,0.0,-0.02251983992755413,0.33257174491882324,0.0
14.35,0.21265457570552826,-2.9924535751342773,1.5,0.9974845051765442,0.07088485360145569,0.0,-0.02362828515470028,0.3324948251247406,0.0
14.36,0.22262822091579437,-2.9917280673980713,1.5,0.9972426891326904,0.07420940697193146,0.0,-0.024736467748880386,0.3324142396450043,0.0
14.370000000000001,0.2325993925333023,-2.99096941947937,1.5,0.9969897866249084,0.07753312587738037,0.0,-0.025844376534223557,0.3323299288749695,0.0
14.38,0.2425679713487625,-2.9901773929595947,1.5,0.9967257976531982,0.08085598796606064,0.0,-0.026951996609568596,0.3322419226169586,0.0
14.39,0.25253385305404663,-2.989352226257324,1.5,0.9964507222175598,0.08417795598506927,0.0,-0.02805931866168976,0.33215025067329407,0.0
14.4,0.2624969482421875,-2.9884939193725586,1.5,0.9961646199226379,0.0874989852309227,0.0,-0.02916632778942585,0.33205488324165344,0.0
14.41,0.2724571228027344,-2.9876022338867188,1.5,0.9958674311637878,0.09081903845071793,0.0,-0.030273012816905975,0.33195579051971436,0.0
14.42,0.2824142575263977,-2.986677408218384,1.5,0.9955591559410095,0.09413808584213257,0.0,-0.03137936070561409,0.33185306191444397,0.0
14.43,0.2923682630062103,-2.9857194423675537,1.5,0.9952398538589478,0.09745609015226364,0.0,-0.03248536214232445,0.3317466080188751,0.0
14.44,0.3023190200328827,-2.9847283363342285,1.5,0.9949094653129578,0.10077300667762756,0.0,-0.033591002225875854,0.3316364884376526,0.0
14.450000000000001,0.31226640939712524,-2.983704090118408,1.5,0.9945679903030396,0.10408880561590195,0.0,-0.034696269780397415,0.331522673368454,0.0
14.46,0.3222103416919708,-2.9826464653015137,1.5,0.9942155480384827,0.10740344971418381,0.0,-0.035801149904727936,0.3314051628112793,0.0
14.47,0.3321506977081299,-2.981555938720703,1.5,0.9938519597053528,0.11071689426898956,0.0,-0.03690563142299652,0.3312839865684509,0.0
14.48,0.34208735823631287,-2.9804322719573975,1.5,0.9934774041175842,0.11402911692857742,0.0,-0.038009706884622574,0.33115914463996887,0.0
14.49,0.3520202040672302,-2.9792754650115967,1.5,0.9930918216705322,0.11734006553888321,0.0,-0.0391133576631546,0.33103060722351074,0.0
14.5,0.3619491457939148,-2.978085517883301,1.5,0.992695152759552,0.12064971774816513,0.0,-0.04021657258272171,0.33089837431907654,0.0
14.51,0.371874064207077,-2.9768624305725098,1.5,0.9922874569892883,0.12395802140235901,0.0,-0.041319340467453,0.33076247572898865,0.0
14.52,0.38179486989974976,-2.9756062030792236,1.5,0.9918687343597412,0.12726494669914246,0.0,-0.042421650141477585,0.33062291145324707,0.0
14.530000000000001,0.39171141386032104,-2.9743170738220215,1.5,0.9914390444755554,0.13057047128677368,0.0,-0.04352349042892456,0.3304796814918518,0.0
14.540000000000001,0.40162360668182373,-2.972994804382324,1.5,0.9909982681274414,0.1338745355606079,0.0,-0.044624846428632736,0.33033275604248047,0.0
14.55,0.41153132915496826,-2.971639633178711,1.5,0.9905465245246887,0.13717710971832275,0.0,-0.04572570323944092,0.33018216490745544,0.0
14.56,0.4214344918727875,-2.9702513217926025,1.5,0.9900837540626526,0.14047816395759583,0.0,-0.04682605341076851,0.3300279378890991,0.0
14.57,0.4313329756259918,-2.968830108642578,1.5,0.9896100163459778,0.14377765357494354,0.0,-0.047925885766744614,0.3298700153827667,0.0
14.58,0.44122666120529175,-2.9673757553100586,1.5,0.9891252517700195,0.14707554876804352,0.0,-0.04902518540620804,0.32970842719078064,0.0
14.59,0.4511154294013977,-2.965888500213623,1.5,0.9886295199394226,0.15037181973457336,0.0,-0.05012393742799759,0.32954317331314087,0.0
14.6,0.4609992206096649,-2.9643683433532715,1.5,0.9881227612495422,0.1536664068698883,0.0,-0.05122213438153267,0.3293742537498474,0.0
14.61,0.47087785601615906,-2.962815284729004,1.5,0.987605094909668,0.15695928037166595,0.0,-0.052319761365652084,0.32920169830322266,0.0
14.620000000000001,0.48075127601623535,-2.961229085922241,1.5,0.9870764017105103,0.16025042533874512,0.0,-0.05341680720448494,0.3290254771709442,0.0
14.63,0.49061936140060425,-2.9596102237701416,1.5,0.9865367412567139,0.16353978216648102,0.0,-0.05451326072216034,0.3288455903530121,0.0
14.64,0.5004819631576538,-2.957958459854126,1.5,0.9859861135482788,0.16682732105255127,0.0,-0.05560910701751709,0.32866203784942627,0.0
14.65,0.5103390216827393,-2.9562737941741943,1.5,0.9854245781898499,0.17011301219463348,0.0,-0.056704338639974594,0.32847484946250916,0.0
14.66,0.520190417766571,-2.9545562267303467,1.5,0.9848520159721375,0.17339681088924408,0.0,-0.05779893696308136,0.32828402519226074,0.0
14.67,0.5300360321998596,-2.952805757522583,1.5,0.9842686057090759,0.17667868733406067,0.0,-0.05889289453625679,0.32808953523635864,0.0
14.68,0.5398757457733154,-2.9510226249694824,1.5,0.983674168586731,0.17995858192443848,0.0,-0.05998619645833969,0.32789140939712524,0.0
14.69,0.5497094988822937,-2.949206590652466,1.5,0.9830688834190369,0.1832364946603775,0.0,-0.06107883155345917,0.32768961787223816,0.0
14.700000000000001,0.5595371127128601,-2.9473578929901123,1.5,0.9824526309967041,0.18651236593723297,0.0,-0.062170788645744324,0.3274841904640198,0.0
14.71,0.5693585276603699,-2.9454762935638428,1.5,0.9818254709243774,0.1897861659526825,0.0,-0.06326205283403397,0.3272751569747925,0.0
14.72,0.5791735649108887,-2.9435620307922363,1.5,0.9811874032020569,0.1930578649044037,0.0,-0.0643526166677475,0.3270624577999115,0.0
14.73,0.5889822244644165,-2.941615104675293,1.5,0.9805383682250977,0.19632740318775177,0.0,-0.06544246524572372,0.3268461227416992,0.0
14.74,0.598784327507019,-2.9396355152130127,1.5,0.9798785448074341,0.19959476590156555,0.0,-0.06653159111738205,0.326626181602478,0.0
14.75,0.6085797548294067,-2.9376232624053955,1.5,0.9792077541351318,0.20285992324352264,0.0,-0.06761997193098068,0.32640257477760315,0.0
14.76,0.6183684468269348,-2.9355783462524414,1.5,0.9785261154174805,0.20612281560897827,0.0,-0.06870760023593903,0.32617536187171936,0.0
14.77,0.628150224685669,-2.9335007667541504,1.5,0.97783362865448,0.20938341319561005,0.0,-0.06979446858167648,0.32594454288482666,0.0
14.780000000000001,0.6379250884056091,-2.9313907623291016,1.5,0.9771302342414856,0.21264168620109558,0.0,-0.07088056206703186,0.32571008801460266,0.0
14.790000000000001,0.6476927995681763,-2.929248094558716,1.5,0.9764159917831421,0.2158976048231125,0.0,-0.07196586579084396,0.32547199726104736,0.0
14.8,0.6574533581733704,-2.927072763442993,1.5,0.9756909012794495,0.21915112435817719,0.0,-0.0730503723025322,0.32523030042648315,0.0
14.81,0.6672065854072571,-2.9248650074005127,1.5,0.9749550223350525,0.2224022001028061,0.0,-0.07413406670093536,0.32498499751091003,0.0
14.82,0.6769524216651917,-2.9226248264312744,1.5,0.9742082357406616,0.22565080225467682,0.0,-0.07521693408489227,0.324736088514328,0.0
14.83,0.6866907477378845,-2.920351982116699,1.5,0.9734506607055664,0.22889690101146698,0.0,-0.07629896700382233,0.3244835436344147,0.0
14.84,0.6964213848114014,-2.918046712875366,1.5,0.9726822972297668,0.2321404665708542,0.0,-0.07738015800714493,0.3242274224758148,0.0
14.85,0.7061443328857422,-2.9157092571258545,1.5,0.9719030857086182,0.23538143932819366,0.0,-0.07846047729253769,0.32396769523620605,0.0
14.86,0.7158594131469727,-2.913339138031006,1.5,0.9711130857467651,0.23861980438232422,0.0,-0.07953993231058121,0.3237043619155884,0.0
14.870000000000001,0.725566565990448,-2.9109368324279785,1.5,0.9703122973442078,0.24185551702976227,0.0,-0.08061850816011429,0.3234374225139618,0.0
14.88,0.7352656126022339,-2.9085021018981934,1.5,0.969500720500946,0.24508854746818542,0.0,-0.08169618248939514,0.3231669068336487,0.0
14.89,0.7449565529823303,-2.9060349464416504,1.5,0.96867835521698,0.2483188509941101,0.0,-0.08277294784784317,0.32289278507232666,0.0
14.9,0.7546391487121582,-2.903535842895508,1.5,0.9678452610969543,0.25154638290405273,0.0,-0.08384879678487778,0.3226150870323181,0.0
14.91,0.7643133997917175,-2.9010040760040283,1.5,0.9670013785362244,0.2547711431980133,0.0,-0.08492371439933777,0.32233378291130066,0.0
14.92,0.773979127407074,-2.898440361022949,1.5,0.9661467671394348,0.25799304246902466,0.0,-0.08599768579006195,0.32204893231391907,0.0
14.93,0.7836362719535828,-2.8958442211151123,1.5,0.9652814269065857,0.2612121105194092,0.0,-0.08707070350646973,0.32176047563552856,0.0
14.94,0.7932847142219543,-2.893216133117676,1.5,0.964405357837677,0.2644282579421997,0.0,-0.0881427526473999,0.32146844267845154,0.0
14.950000000000001,0.802924394607544,-2.8905556201934814,1.5,0.9635185599327087,0.26764145493507385,0.0,-0.08921381831169128,0.3211728632450104,0.0
14.96,0.8125550746917725,-2.8878631591796875,1.5,0.9626210927963257,0.2708517014980316,0.0,-0.09028390049934387,0.3208737075328827,0.0
14.97,0.8221767544746399,-2.885138750076294,1.5,0.9617128968238831,0.27405890822410583,0.0,-0.09135297685861588,0.3205709755420685,0.0
14.98,0.8317893147468567,-2.8823821544647217,1.5,0.9607940316200256,0.2772631049156189,0.0,-0.0924210324883461,0.32026466727256775,0.0
14.99,0.8413925766944885,-2.8795933723449707,1.5,0.9598644971847534,0.28046420216560364,0.0,-0.09348806738853455,0.31995484232902527,0.0
15.0,0.8509865403175354,-2.876772880554199,1.5,0.9589242935180664,0.28366219997406006,0.0,-0.09455405920743942,0.3196414113044739,0.0
15.01,0.860571026802063,-2.873920202255249,1.5,0.9579734206199646,0.286857008934021,0.0,-0.09561900794506073,0.31932446360588074,0.0
15.02,0.8701459765434265,-2.871035575866699,1.5,0.957011878490448,0.29004865884780884,0.0,-0.09668289124965668,0.31900396943092346,0.0
15.030000000000001,0.8797112703323364,-2.868119239807129,1.5,0.9560397267341614,0.2932370901107788,0.0,-0.09774569422006607,0.31867992877960205,0.0
15.040000000000001,0.8892667293548584,-2.865170955657959,1.5,0.9550569653511047,0.29642224311828613,0.0,-0.09880741685628891,0.3183523416519165,0.0
15.05,0.8988123536109924,-2.8621907234191895,1.5,0.9540635943412781,0.2996041178703308,0.0,-0.0998680368065834,0.3180212080478668,0.0
15.06,0.9083479642868042,-2.8591787815093994,1.5,0.9530596137046814,0.30278265476226807,0.0,-0.10092755407094955,0.3176865577697754,0.0
15.07,0.9178735017776489,-2.856135129928589,1.5,0.9520450830459595,0.3059578537940979,0.0,-0.10198594629764557,0.3173483610153198,0.0
15.08,0.9273888468742371,-2.853059768676758,1.5,0.9510199427604675,0.30912962555885315,0.0,-0.10304320603609085,0.3170066475868225,0.0
15.09,0.936893880367279,-2.8499526977539062,1.5,0.9499841928482056,0.3122979700565338,0.0,-0.1040993183851242,0.31666138768196106,0.0
15.1,0.9463884830474854,-2.846813917160034,1.5,0.9489379525184631,0.3154628276824951,0.0,-0.10515427589416504,0.31631264090538025,0.0
15.11,0.9558725953102112,-2.8436434268951416,1.5,0.9478811025619507,0.31862419843673706,0.0,-0.10620806366205215,0.3159603774547577,0.0
15.120000000000001,0.965346097946167,-2.8404412269592285,1.5,0.9468137621879578,0.32178202271461487,0.0,-0.10726067423820496,0.3156045973300934,0.0
15.13,0.9748088717460632,-2.837207794189453,1.5,0.9457359313964844,0.32493627071380615,0.0,-0.10831209272146225,0.31524530053138733,0.0
15.14,0.9842607975006104,-2.8339426517486572,1.5,0.9446475505828857,0.3280869126319885,0.0,-0.10936230421066284,0.3148825168609619,0.0
15.15,0.9937017560005188,-2.83064603805542,1.5,0.9435486793518066,0.3312339186668396,0.0,-0.11041130870580673,0.31451621651649475,0.0
15.16,1.0031317472457886,-2.827317953109741,1.5,0.9424393177032471,0.3343772292137146,0.0,-0.11145907640457153,0.3141464293003082,0.0
15.17,1.0125504732131958,-2.823958396911621,1.5,0.941319465637207,0.3375168442726135,0.0,-0.11250561475753784,0.31377315521240234,0.0
15.18,1.0219581127166748,-2.8205676078796387,1.5,0.9401891827583313,0.3406526744365692,0.0,-0.11355089396238327,0.3133963942527771,0.0
15.19,1.031354308128357,-2.817145347595215,1.5,0.9390484690666199,0.34378474950790405,0.0,-0.11459492146968842,0.3130161464214325,0.0
15.200000000000001,1.0407389402389526,-2.8136918544769287,1.5,0.9378973245620728,0.34691300988197327,0.0,-0.11563766747713089,0.3126324415206909,0.0
15.21,1.0501121282577515,-2.8102071285247803,1.5,0.9367357492446899,0.3500373959541321,0.0,-0.1166791319847107,0.31224524974823,0.0
15.22,1.0594736337661743,-2.8066911697387695,1.5,0.9355637431144714,0.3531579077243805,0.0,-0.11771930009126663,0.3118545711040497,0.0
15.23,1.0688234567642212,-2.8031439781188965,1.5,0.934381365776062,0.35627448558807373,0.0,-0.11875815689563751,0.3114604353904724,0.0
15.24,1.0781612396240234,-2.7995657920837402,1.5,0.9331885576248169,0.3593870997428894,0.0,-0.11979569494724274,0.31106287240982056,0.0
15.25,1.0874871015548706,-2.7959563732147217,1.5,0.9319854378700256,0.3624957203865051,0.0,-0.12083190679550171,0.31066182255744934,0.0
15.26,1.0968009233474731,-2.792315721511841,1.5,0.9307719469070435,0.3656003177165985,0.0,-0.12186677008867264,0.31025731563568115,0.0
15.27,1.1061025857925415,-2.788644313812256,1.5,0.9295480847358704,0.36870086193084717,0.0,-0.12290028482675552,0.3098493814468384,0.0
15.280000000000001,1.1153918504714966,-2.7849419116973877,1.5,0.9283139705657959,0.3717972934246063,0.0,-0.12393242865800858,0.30943799018859863,0.0
15.290000000000001,1.124668836593628,-2.7812082767486572,1.5,0.9270694851875305,0.374889612197876,0.0,-0.1249632015824318,0.3090231418609619,0.0
15.3,1.133933186531067,-2.7774441242218018,1.5,0.925814688205719,0.37797772884368896,0.0,-0.1259925812482834,0.308604896068573,0.0
15.31,1.143185019493103,-2.773648738861084,1.5,0.9245496392250061,0.3810616731643677,0.0,-0.12702056765556335,0.3081831932067871,0.0
15.32,1.1524242162704468,-2.769822835922241,1.5,0.9232742786407471,0.38414138555526733,0.0,-0.1280471384525299,0.307758092880249,0.0
15.33,1.161650538444519,-2.7659659385681152,1.5,0.9219886660575867,0.38721683621406555,0.0,-0.12907227873802185,0.30732956528663635,0.0
15.34,1.1708638668060303,-2.7620785236358643,1.5,0.9206928610801697,0.39028796553611755,0.0,-0.13009598851203918,0.3068976104259491,0.0
15.35,1.18006432056427,-2.758160352706909,1.5,0.9193867444992065,0.39335477352142334,0.0,-0.13111825287342072,0.30646225810050964,0.0
15.36,1.1892516613006592,-2.75421142578125,1.5,0.9180704951286316,0.39641720056533813,0.0,-0.13213907182216644,0.3060234785079956,0.0
15.370000000000001,1.1984256505966187,-2.750231981277466,1.5,0.9167439937591553,0.39947524666786194,0.0,-0.13315841555595398,0.30558133125305176,0.0
15.38,1.2075865268707275,-2.7462220191955566,1.5,0.9154072999954224,0.4025288224220276,0.0,-0.13417626917362213,0.3051357567310333,0.0
15.39,1.2167338132858276,-2.7421813011169434,1.5,0.9140604734420776,0.4055779278278351,0.0,-0.1351926475763321,0.3046868145465851,0.0
15.4,1.2258676290512085,-2.738110303878784,1.5,0.9127034544944763,0.4086225628852844,0.0,-0.13620752096176147,0.30423447489738464,0.0
15.41,1.2349878549575806,-2.734009027481079,1.5,0.9113363027572632,0.41166260838508606,0.0,-0.13722087442874908,0.3037787675857544,0.0
15.42,1.2440943717956543,-2.729877233505249,1.5,0.909959077835083,0.41469812393188477,0.0,-0.13823270797729492,0.30331969261169434,0.0
15.43,1.2531870603561401,-2.725714921951294,1.5,0.9085716605186462,0.417728990316391,0.0,-0.1392430067062378,0.3028572201728821,0.0
15.44,1.262265682220459,-2.721522569656372,1.5,0.9071741700172424,0.4207552373409271,0.0,-0.1402517557144165,0.3023914098739624,0.0
15.450000000000001,1.27133047580719,-2.7172999382019043,1.5,0.9057666659355164,0.4237768054008484,0.0,-0.14125894010066986,0.3019222021102905,0.0
15.46,1.2803810834884644,-2.7130470275878906,1.5,0.9043490290641785,0.4267936944961548,0.0,-0.14226455986499786,0.3014496862888336,0.0
15.47,1.2894173860549927,-2.70876407623291,1.5,0.9029213786125183,0.42980578541755676,0.0,-0.14326860010623932,0.3009737730026245,0.0
15.48,1.298439383506775,-2.704451084136963,1.5,0.9014836549758911,0.4328131377696991,0.0,-0.14427104592323303,0.30049455165863037,0.0
15.49,1.307447075843811,-2.7001078128814697,1.5,0.9000359177589417,0.435815691947937,0.0,-0.145271897315979,0.3000119924545288,0.0
15.5,1.3164401054382324,-2.695734739303589,1.5,0.8985782265663147,0.43881335854530334,0.0,-0.14627112448215485,0.29952606558799744,0.0
15.51,1.3254185914993286,-2.691331624984741,1.5,0.8971105217933655,0.44180619716644287,0.0,-0.14726872742176056,0.29903683066368103,0.0
15.52,1.3343822956085205,-2.6868984699249268,1.5,0.8956328630447388,0.44479408860206604,0.0,-0.14826470613479614,0.2985442876815796,0.0
15.530000000000001,1.343331217765808,-2.6824357509613037,1.5,0.8941452503204346,0.44777706265449524,0.0,-0.14925901591777802,0.2980484068393707,0.0
15.540000000000001,1.3522651195526123,-2.677942991256714,1.5,0.8926476836204529,0.4507550597190857,0.0,-0.15025168657302856,0.29754921793937683,0.0
15.55,1.3611841201782227,-2.6734206676483154,1.5,0.8911402225494385,0.453728049993515,0.0,-0.1512426733970642,0.2970467209815979,0.0
15.56,1.37008798122406,-2.6688685417175293,1.5,0.8896228075027466,0.4566959738731384,0.0,-0.15223199129104614,0.2965409457683563,0.0
15.57,1.378976583480835,-2.6642866134643555,1.5,0.8880955576896667,0.4596588611602783,0.0,-0.15321961045265198,0.2960318624973297,0.0
15.58,1.3878498077392578,-2.659675359725952,1.5,0.886558473110199,0.46261659264564514,0.0,-0.1542055308818817,0.29551947116851807,0.0
15.59,1.3967076539993286,-2.655034303665161,1.5,0.8850114941596985,0.46556922793388367,0.0,-0.15518973767757416,0.29500383138656616,0.0
15.6,1.4055500030517578,-2.6503639221191406,1.5,0.8834546804428101,0.46851667761802673,0.0,-0.1561722308397293,0.2944848835468292,0.0
15.610000000000001,1.4143767356872559,-2.6456639766693115,1.5,0.8818880319595337,0.47145891189575195,0.0,-0.1571529656648636,0.293962687253952,0.0
15.620000000000001,1.4231877326965332,-2.640934705734253,1.5,0.8803116083145142,0.47439590096473694,0.0,-0.15813197195529938,0.2934372127056122,0.0
15.63,1.4319829940795898,-2.636176109313965,1.5,0.8787254095077515,0.4773276448249817,0.0,-0.1591092199087143,0.2929084599018097,0.0
15.64,1.4407621622085571,-2.6313881874084473,1.5,0.8771294355392456,0.48025408387184143,0.0,-0.16008469462394714,0.29237648844718933,0.0
15.65,1.4495254755020142,-2.6265711784362793,1.5,0.8755236864089966,0.4831751585006714,0.0,-0.16105838119983673,0.2918412387371063,0.0
15.66,1.4582726955413818,-2.621724843978882,1.5,0.873908281326294,0.48609089851379395,0.0,-0.16203029453754425,0.29130274057388306,0.0
15.67,1.467003583908081,-2.616849422454834,1.5,0.8722831010818481,0.48900121450424194,0.0,-0.16300040483474731,0.2907610237598419,0.0
15.68,1.4757182598114014,-2.6119446754455566,1.5,0.8706482648849487,0.4919061064720154,0.0,-0.16396869719028473,0.2902160882949829,0.0
15.69,1.4844166040420532,-2.607011318206787,1.5,0.8690037131309509,0.4948055148124695,0.0,-0.1649351716041565,0.28966790437698364,0.0
15.700000000000001,1.4930983781814575,-2.602048635482788,1.5,0.8673495650291443,0.49769943952560425,0.0,-0.16589981317520142,0.2891165316104889,0.0
15.71,1.5017634630203247,-2.597057342529297,1.5,0.865685760974884,0.5005878210067749,0.0,-0.1668626070022583,0.2885619103908539,0.0
15.72,1.5104119777679443,-2.5920369625091553,1.5,0.8640123009681702,0.5034706592559814,0.0,-0.16782355308532715,0.2880041003227234,0.0
15.73,1.5190436840057373,-2.5869877338409424,1.5,0.8623293042182922,0.5063478946685791,0.0,-0.16878263652324677,0.2874431014060974,0.0
15.74,1.5276585817337036,-2.5819098949432373,1.5,0.8606366515159607,0.5092195272445679,0.0,-0.16973984241485596,0.28687888383865356,0.0
15.75,1.5362564325332642,-2.57680344581604,1.5,0.8589345216751099,0.512085497379303,0.0,-0.17069515585899353,0.2863115072250366,0.0
15.76,1.544837236404419,-2.5716683864593506,1.5,0.8572227954864502,0.5149457454681396,0.0,-0.17164857685565948,0.2857409119606018,0.0
15.77,1.5534008741378784,-2.56650447845459,1.5,0.8555015325546265,0.5178002715110779,0.0,-0.17260009050369263,0.2851671874523163,0.0
15.780000000000001,1.561947226524353,-2.561312437057495,1.5,0.8537707924842834,0.5206490755081177,0.0,-0.17354969680309296,0.2845902740955353,0.0
15.790000000000001,1.5704762935638428,-2.556091547012329,1.5,0.8520305156707764,0.5234920978546143,0.0,-0.17449736595153809,0.2840101718902588,0.0
15.8,1.5789878368377686,-2.550842523574829,1.5,0.8502808213233948,0.5263292789459229,0.0,-0.17544308304786682,0.2834269404411316,0.0
15.81,1.5874818563461304,-2.545565128326416,1.5,0.8485217094421387,0.5291606187820435,0.0,-0.17638686299324036,0.2828405499458313,0.0
15.82,1.5959582328796387,-2.54025936126709,1.5,0.8467531204223633,0.5319860577583313,0.0,-0.1773286908864975,0.2822510302066803,0.0
15.83,1.604416847229004,-2.5349254608154297,1.5,0.8449751138687134,0.5348055958747864,0.0,-0.17826853692531586,0.2816583812236786,0.0
15.84,1.612857699394226,-2.5295631885528564,1.5,0.8431877493858337,0.5376192331314087,0.0,-0.17920641601085663,0.2810625731945038,0.0
15.85,1.621280550956726,-2.5241730213165283,1.5,0.8413909673690796,0.5404268503189087,0.0,-0.18014228343963623,0.28046366572380066,0.0
15.860000000000001,1.6296855211257935,-2.518754720687866,1.5,0.8395848870277405,0.5432285070419312,0.0,-0.18107616901397705,0.2798616290092468,0.0
15.870000000000001,1.6380722522735596,-2.513308525085449,1.5,0.8377695083618164,0.5460240840911865,0.0,-0.1820080280303955,0.2792564928531647,0.0
15.88,1.646440863609314,-2.5078341960906982,1.5,0.8359447717666626,0.5488135814666748,0.0,-0.1829378753900528,0.2786482572555542,0.0
15.89,1.6547911167144775,-2.5023322105407715,1.5,0.8341107368469238,0.5515970587730408,0.0,-0.18386568129062653,0.2780369222164154,0.0
15.9,1.6631230115890503,-2.49680233001709,1.5,0.8322674632072449,0.5543743371963501,0.0,-0.1847914457321167,0.2774224877357483,0.0
15.91,1.6714364290237427,-2.4912447929382324,1.5,0.830414891242981,0.5571454763412476,0.0,-0.18571515381336212,0.27680498361587524,0.0
15.92,1.6797312498092651,-2.48565936088562,1.5,0.8285531401634216,0.5599104166030884,0.0,-0.1866368055343628,0.2761843800544739,0.0
15.93,1.6880074739456177,-2.480046510696411,1.5,0.8266821503639221,0.5626691579818726,0.0,-0.18755638599395752,0.27556073665618896,0.0
15.94,1.6962648630142212,-2.4744060039520264,1.5,0.824802041053772,0.5654216408729553,0.0,-0.1884738802909851,0.27493399381637573,0.0
15.950000000000001,1.7045034170150757,-2.468738079071045,1.5,0.8229126930236816,0.5681678056716919,0.0,-0.18938927352428436,0.27430424094200134,0.0
15.96,1.7127231359481812,-2.463042736053467,1.5,0.8210142254829407,0.570907711982727,0.0,-0.19030256569385529,0.273671418428421,0.0
15.97,1.7209237813949585,-2.457319974899292,1.5,0.8191066384315491,0.5736412405967712,0.0,-0.19121374189853668,0.27303555607795715,0.0
15.98,1.7291052341461182,-2.4515700340270996,1.5,0.8171899914741516,0.5763683915138245,0.0,-0.19212280213832855,0.27239665389060974,0.0
15.99,1.7372674942016602,-2.4457926750183105,1.5,0.8152642250061035,0.5790891647338867,0.0,-0.1930297166109085,0.27175474166870117,0.0
16.0,1.745410442352295,-2.439988136291504,1.5,0.8133293986320496,0.5818035006523132,0.0,-0.19393450021743774,0.27110978960990906,0.0
16.01,1.7535340785980225,-2.434156656265259,1.5,0.8113855123519897,0.5845113396644592,0.0,-0.19483712315559387,0.2704618573188782,0.0
16.02,1.7616381645202637,-2.428297996520996,1.5,0.8094326853752136,0.5872127413749695,0.0,-0.1957375705242157,0.26981088519096375,0.0
16.03,1.7697227001190186,-2.422412395477295,1.5,0.8074707984924316,0.5899075865745544,0.0,-0.19663585722446442,0.26915693283081055,0.0
16.04,1.7777875661849976,-2.4164998531341553,1.5,0.8054999709129333,0.5925958156585693,0.0,-0.19753195345401764,0.2684999704360962,0.0
16.05,1.7858326435089111,-2.410560369491577,1.5,0.803520143032074,0.5952775478363037,0.0,-0.19842584431171417,0.26784005761146545,0.0
16.06,1.7938579320907593,-2.4045944213867188,1.5,0.8015314340591431,0.597952663898468,0.0,-0.1993175446987152,0.26717713475227356,0.0
16.07,1.801863193511963,-2.398601531982422,1.5,0.7995337843894958,0.6006211042404175,0.0,-0.20020702481269836,0.2665112614631653,0.0
16.080000000000002,1.8098485469818115,-2.3925819396972656,1.5,0.7975273132324219,0.6032828688621521,0.0,-0.20109428465366364,0.2658424377441406,0.0
16.09,1.817813754081726,-2.386535882949829,1.5,0.7955119609832764,0.6059378981590271,0.0,-0.20197930932044983,0.2651706337928772,0.0
16.1,1.8257588148117065,-2.380463123321533,1.5,0.7934877276420593,0.6085862517356873,0.0,-0.20286208391189575,0.2644959092140198,0.0
16.11,1.8336834907531738,-2.374364137649536,1.5,0.7914546728134155,0.611227810382843,0.0,-0.2037426084280014,0.26381823420524597,0.0
16.12,1.841587781906128,-2.368238687515259,1.5,0.7894128561019897,0.6138626337051392,0.0,-0.2046208679676056,0.2631376385688782,0.0
16.13,1.8494716882705688,-2.362086772918701,1.5,0.787362277507782,0.6164905428886414,0.0,-0.2054968625307083,0.262454092502594,0.0
16.14,1.857335090637207,-2.3559088706970215,1.5,0.7853029370307922,0.6191116571426392,0.0,-0.20637056231498718,0.2617676556110382,0.0
16.15,1.8651777505874634,-2.3497047424316406,1.5,0.7832348942756653,0.6217259168624878,0.0,-0.2072419673204422,0.2610782980918884,0.0
16.16,1.872999668121338,-2.3434743881225586,1.5,0.7811580896377563,0.6243332624435425,0.0,-0.20811107754707336,0.26038604974746704,0.0
16.17,1.8808008432388306,-2.3372180461883545,1.5,0.7790727019309998,0.6269336342811584,0.0,-0.20897787809371948,0.25969088077545166,0.0
16.18,1.8885811567306519,-2.3309357166290283,1.5,0.7769785523414612,0.6295270323753357,0.0,-0.20984235405921936,0.25899285078048706,0.0
16.19,1.8963403701782227,-2.32462739944458,1.5,0.774875819683075,0.6321134567260742,0.0,-0.2107044905424118,0.25829192996025085,0.0
16.2,1.9040786027908325,-2.318293571472168,1.5,0.7727645039558411,0.6346928477287292,0.0,-0.21156428754329681,0.25758814811706543,0.0
16.21,1.911795735359192,-2.311933755874634,1.5,0.7706445455551147,0.6372652053833008,0.0,-0.2124217450618744,0.2568815052509308,0.0
16.22,1.9194915294647217,-2.3055481910705566,1.5,0.7685160636901855,0.639830470085144,0.0,-0.21327683329582214,0.2561720311641693,0.0
16.23,1.9271659851074219,-2.2991371154785156,1.5,0.7663789987564087,0.642388641834259,0.0,-0.21412955224514008,0.25545966625213623,0.0
16.240000000000002,1.934818983078003,-2.2927005290985107,1.5,0.7642334699630737,0.644939661026001,0.0,-0.214979887008667,0.2547444999217987,0.0
16.25,1.9424506425857544,-2.286238193511963,1.5,0.7620794177055359,0.6474835276603699,0.0,-0.2158278524875641,0.25402647256851196,0.0
16.26,1.9500606060028076,-2.2797508239746094,1.5,0.7599169015884399,0.650020182132721,0.0,-0.21667340397834778,0.2533056437969208,0.0
16.27,1.9576488733291626,-2.273237943649292,1.5,0.7577459812164307,0.6525496244430542,0.0,-0.21751654148101807,0.25258198380470276,0.0
16.28,1.9652154445648193,-2.26669979095459,1.5,0.7555665969848633,0.6550718545913696,0.0,-0.21835727989673615,0.2518555223941803,0.0
16.29,1.9727602005004883,-2.260136604309082,1.5,0.7533788681030273,0.6575867533683777,0.0,-0.21919557452201843,0.2511262893676758,0.0
16.3,1.9802830219268799,-2.2535481452941895,1.5,0.7511826753616333,0.6600943207740784,0.0,-0.22003145515918732,0.25039422512054443,0.0
16.31,1.9877839088439941,-2.246934652328491,1.5,0.7489781975746155,0.6625946164131165,0.0,-0.22086487710475922,0.24965940415859222,0.0
16.32,1.995262622833252,-2.2402961254119873,1.5,0.7467654347419739,0.6650875210762024,0.0,-0.22169584035873413,0.24892181158065796,0.0
16.330000000000002,2.0027191638946533,-2.233633041381836,1.5,0.7445443272590637,0.6675730347633362,0.0,-0.22252434492111206,0.24818143248558044,0.0
16.34,2.0101535320281982,-2.2269446849823,1.5,0.7423149347305298,0.6700511574745178,0.0,-0.2233503758907318,0.24743831157684326,0.0
16.35,2.0175654888153076,-2.2202320098876953,1.5,0.7400773167610168,0.6725218296051025,0.0,-0.22417393326759338,0.24669243395328522,0.0
16.36,2.0249550342559814,-2.213494300842285,1.5,0.7378314733505249,0.6749849915504456,0.0,-0.22499500215053558,0.2459438145160675,0.0
16.37,2.0323219299316406,-2.2067322731018066,1.5,0.735577404499054,0.6774406433105469,0.0,-0.22581355273723602,0.24519246816635132,0.0
16.38,2.0396664142608643,-2.1999456882476807,1.5,0.7333152294158936,0.6798888444900513,0.0,-0.2266296148300171,0.24443839490413666,0.0
16.39,2.0469882488250732,-2.1931345462799072,1.5,0.7310448288917542,0.6823294162750244,0.0,-0.2274431437253952,0.24368160963058472,0.0
16.4,2.0542874336242676,-2.1862990856170654,1.5,0.7287663221359253,0.6847624778747559,0.0,-0.22825415432453156,0.2429221123456955,0.0
16.41,2.061563491821289,-2.1794393062591553,1.5,0.7264797687530518,0.6871878504753113,0.0,-0.22906261682510376,0.2421599179506302,0.0
16.42,2.068816900253296,-2.1725552082061768,1.5,0.7241851091384888,0.6896056532859802,0.0,-0.229868546128273,0.24139504134655,0.0
16.43,2.07604718208313,-2.165647268295288,1.5,0.7218824028968811,0.6920157670974731,0.0,-0.23067191243171692,0.2406274676322937,0.0
16.44,2.08325457572937,-2.158715009689331,1.5,0.7195716500282288,0.69441819190979,0.0,-0.23147273063659668,0.23985722661018372,0.0
16.45,2.0904386043548584,-2.151758909225464,1.5,0.7172529697418213,0.6968128681182861,0.0,-0.2322709560394287,0.23908431828022003,0.0
16.46,2.097599506378174,-2.1447787284851074,1.5,0.7149262428283691,0.6991998553276062,0.0,-0.2330666184425354,0.23830875754356384,0.0
16.47,2.1047372817993164,-2.13777494430542,1.5,0.7125916481018066,0.7015790343284607,0.0,-0.23385968804359436,0.23753054440021515,0.0
16.48,2.111851453781128,-2.1307473182678223,1.5,0.7102490663528442,0.7039504647254944,0.0,-0.2346501499414444,0.23674969375133514,0.0
16.490000000000002,2.1189420223236084,-2.1236958503723145,1.5,0.7078986167907715,0.7063140273094177,0.0,-0.2354380190372467,0.23596620559692383,0.0
16.5,2.126009225845337,-2.1166210174560547,1.5,0.7055402994155884,0.7086697816848755,0.0,-0.2362232655286789,0.2351801097393036,0.0
16.51,2.1330528259277344,-2.109522581100464,1.5,0.7031741738319397,0.7110176086425781,0.0,-0.23700587451457977,0.23439139127731323,0.0
16.52,2.140072822570801,-2.102400541305542,1.5,0.7008002400398254,0.7133575677871704,0.0,-0.23778586089611053,0.23360006511211395,0.0
16.53,2.147068977355957,-2.0952553749084473,1.5,0.6984184980392456,0.7156895995140076,0.0,-0.23856320977210999,0.23280616104602814,0.0
16.54,2.154041051864624,-2.0880868434906006,1.5,0.6960289478302002,0.7180137038230896,0.0,-0.23933790624141693,0.2320096492767334,0.0
16.55,2.16098952293396,-2.080895185470581,1.5,0.6936317086219788,0.7203298211097717,0.0,-0.24010993540287018,0.23121057450771332,0.0
16.56,2.1679136753082275,-2.0736804008483887,1.5,0.6912267804145813,0.7226378917694092,0.0,-0.24087929725646973,0.2304089218378067,0.0
16.57,2.174813985824585,-2.0664424896240234,1.5,0.6888141632080078,0.7249379754066467,0.0,-0.24164599180221558,0.22960472106933594,0.0
16.580000000000002,2.181689977645874,-2.0591816902160645,1.5,0.6863938570022583,0.7272300124168396,0.0,-0.24241000413894653,0.22879795730113983,0.0
16.59,2.188541889190674,-2.0518977642059326,1.5,0.6839659810066223,0.729513943195343,0.0,-0.2431713044643402,0.22798864543437958,0.0
16.6,2.195369243621826,-2.0445914268493652,1.5,0.6815304160118103,0.731789767742157,0.0,-0.243929922580719,0.22717681527137756,0.0
16.61,2.20217227935791,-2.037262201309204,1.5,0.6790873408317566,0.7340574860572815,0.0,-0.2446858137845993,0.2263624519109726,0.0
16.62,2.208950996398926,-2.0299103260040283,1.5,0.6766367554664612,0.736316978931427,0.0,-0.24543900787830353,0.22554558515548706,0.0
16.63,2.215705156326294,-2.022535800933838,1.5,0.6741786003112793,0.7385683655738831,0.0,-0.24618946015834808,0.22472620010375977,0.0
16.64,2.2224345207214355,-2.015138864517212,1.5,0.6717129349708557,0.7408115267753601,0.0,-0.24693717062473297,0.2239043116569519,0.0
16.65,2.2291393280029297,-2.0077195167541504,1.5,0.66923987865448,0.7430464625358582,0.0,-0.24768215417861938,0.22307994961738586,0.0
16.66,2.2358193397521973,-2.0002779960632324,1.5,0.6667593121528625,0.7452731132507324,0.0,-0.24842436611652374,0.22225311398506165,0.0
16.67,2.2424745559692383,-1.9928141832351685,1.5,0.664271354675293,0.7474914789199829,0.0,-0.24916383624076843,0.22142378985881805,0.0
16.68,2.2491047382354736,-1.985328197479248,1.5,0.661776065826416,0.7497015595436096,0.0,-0.24990051984786987,0.22059202194213867,0.0
16.69,2.2557098865509033,-1.9778201580047607,1.5,0.6592733860015869,0.7519033551216125,0.0,-0.25063443183898926,0.2197577953338623,0.0
16.7,2.2622902393341064,-1.970290184020996,1.5,0.6567633748054504,0.7540967464447021,0.0,-0.2513655722141266,0.21892112493515015,0.0
16.71,2.268845319747925,-1.962738275527954,1.5,0.6542460918426514,0.7562817335128784,0.0,-0.2520939111709595,0.2180820256471634,0.0
16.72,2.2753751277923584,-1.9551645517349243,1.5,0.6517214775085449,0.7584583759307861,0.0,-0.2528194487094879,0.21724049746990204,0.0
16.73,2.2818796634674072,-1.9475691318511963,1.5,0.6491897106170654,0.7606265544891357,0.0,-0.2535421848297119,0.21639657020568848,0.0
16.740000000000002,2.2883589267730713,-1.93995201587677,1.5,0.6466506719589233,0.7627862691879272,0.0,-0.2542620897293091,0.2155502289533615,0.0
16.75,2.2948126792907715,-1.9323134422302246,1.5,0.6441044807434082,0.7649375200271606,0.0,-0.2549791932106018,0.21470148861408234,0.0
16.76,2.301240921020508,-1.9246532917022705,1.5,0.6415510773658752,0.7670803070068359,0.0,-0.2556934356689453,0.21385036408901215,0.0
16.77,2.3076436519622803,-1.9169718027114868,1.5,0.638990581035614,0.7692145109176636,0.0,-0.256404846906662,0.21299687027931213,0.0
16.78,2.3140206336975098,-1.9092689752578735,1.5,0.6364229917526245,0.7713402509689331,0.0,-0.25711339712142944,0.2121410071849823,0.0
16.79,2.3203721046447754,-1.9015450477600098,1.5,0.6338483691215515,0.7734573483467102,0.0,-0.25781911611557007,0.21128277480602264,0.0
16.8,2.326697587966919,-1.893799901008606,1.5,0.6312666535377502,0.7755658626556396,0.0,-0.2585219740867615,0.21042221784591675,0.0
16.81,2.3329973220825195,-1.8860337734222412,1.5,0.6286779046058655,0.7776657938957214,0.0,-0.2592219412326813,0.20955930650234222,0.0
16.82,2.339271068572998,-1.8782466650009155,1.5,0.626082181930542,0.7797570824623108,0.0,-0.25991901755332947,0.20869407057762146,0.0
16.830000000000002,2.3455190658569336,-1.8704386949539185,1.5,0.6234795451164246,0.7818396687507629,0.0,-0.26061323285102844,0.20782651007175446,0.0
16.84,2.351740837097168,-1.86260986328125,1.5,0.6208699345588684,0.7839135527610779,0.0,-0.2613045275211334,0.2069566547870636,0.0
16.85,2.357936382293701,-1.8547604084014893,1.5,0.6182534694671631,0.7859787940979004,0.0,-0.2619929313659668,0.2060844898223877,0.0
16.86,2.364105701446533,-1.8468903303146362,1.5,0.6156300902366638,0.7880352735519409,0.0,-0.2626784145832062,0.20521003007888794,0.0
16.87,2.370249032974243,-1.8389997482299805,1.5,0.6129999160766602,0.7900829911231995,0.0,-0.26336100697517395,0.20433330535888672,0.0
16.88,2.3763656616210938,-1.831088662147522,1.5,0.6103628873825073,0.792121946811676,0.0,-0.26404064893722534,0.20345430076122284,0.0
16.89,2.382456064224243,-1.8231573104858398,1.5,0.6077191233634949,0.7941520810127258,0.0,-0.26471734046936035,0.2025730311870575,0.0
16.9,2.3885200023651123,-1.815205693244934,1.5,0.605068564414978,0.7961733937263489,0.0,-0.26539111137390137,0.20168952643871307,0.0
16.91,2.394557476043701,-1.8072339296340942,1.5,0.6024112701416016,0.7981858253479004,0.0,-0.2660619616508484,0.2008037567138672,0.0
16.92,2.4005682468414307,-1.7992420196533203,1.5,0.5997473001480103,0.8001894354820251,0.0,-0.26672980189323425,0.1999157816171646,0.0
16.93,2.40655255317688,-1.7912300825119019,1.5,0.5970767140388489,0.8021841645240784,0.0,-0.2673947215080261,0.19902557134628296,0.0
16.94,2.4125099182128906,-1.783198356628418,1.5,0.5943994522094727,0.8041699528694153,0.0,-0.2680566608905792,0.19813314080238342,0.0
16.95,2.418440341949463,-1.775146722793579,1.5,0.5917155742645264,0.8061468005180359,0.0,-0.26871559023857117,0.1972385197877884,0.0
16.96,2.424344062805176,-1.7670754194259644,1.5,0.5890251398086548,0.8081147074699402,0.0,-0.26937156915664673,0.19634170830249786,0.0
16.97,2.43022084236145,-1.7589844465255737,1.5,0.5863281488418579,0.8100736141204834,0.0,-0.27002453804016113,0.19544272124767303,0.0
16.98,2.436070680618286,-1.7508740425109863,1.5,0.5836246609687805,0.8120235800743103,0.0,-0.27067452669143677,0.1945415586233139,0.0
16.990000000000002,2.4418933391571045,-1.7427440881729126,1.5,0.5809146761894226,0.8139644265174866,0.0,-0.27132147550582886,0.19363822042942047,0.0
17.0,2.4476890563964844,-1.734594702720642,1.5,0.578198254108429,0.8158963322639465,0.0,-0.2719654440879822,0.19273275136947632,0.0
17.01,2.4534573554992676,-1.726426124572754,1.5,0.5754753947257996,0.8178191184997559,0.0,-0.27260637283325195,0.19182512164115906,0.0
17.02,2.459198474884033,-1.718238353729248,1.5,0.5727460980415344,0.8197327852249146,0.0,-0.2732442617416382,0.19091537594795227,0.0
17.03,2.464912176132202,-1.710031509399414,1.5,0.5700104832649231,0.8216373920440674,0.0,-0.27387914061546326,0.19000349938869476,0.0
17.04,2.4705986976623535,-1.7018057107925415,1.5,0.5672685503959656,0.8235328793525696,0.0,-0.2745109498500824,0.18908952176570892,0.0
17.05,2.476257562637329,-1.6935608386993408,1.5,0.5645202994346619,0.8254191875457764,0.0,-0.275139719247818,0.18817342817783356,0.0
17.06,2.481889009475708,-1.6852972507476807,1.5,0.5617657899856567,0.8272963166236877,0.0,-0.27576544880867004,0.18725524842739105,0.0
17.07,2.487492799758911,-1.677014946937561,1.5,0.5590050220489502,0.8291642665863037,0.0,-0.27638810873031616,0.1863349974155426,0.0
17.080000000000002,2.4930691719055176,-1.6687140464782715,1.5,0.5562379956245422,0.8310230374336243,0.0,-0.27700766921043396,0.1854126751422882,0.0
17.09,2.498617649078369,-1.660394549369812,1.5,0.5534648299217224,0.8328725099563599,0.0,-0.2776241898536682,0.18448828160762787,0.0
17.1,2.504138469696045,-1.6520565748214722,1.5,0.5506855249404907,0.8347128033638,0.0,-0.27823758125305176,0.18356184661388397,0.0
17.11,2.509631395339966,-1.643700361251831,1.5,0.5479001402854919,0.8365437388420105,0.0,-0.27884793281555176,0.18263337016105652,0.0
17.12,2.515096426010132,-1.6353257894515991,1.5,0.5451086163520813,0.8383654356002808,0.0,-0.27945515513420105,0.1817028671503067,0.0
17.13,2.520533323287964,-1.6269330978393555,1.5,0.5423110127449036,0.8401778340339661,0.0,-0.280059278011322,0.18077033758163452,0.0
17.14,2.52594256401062,-1.6185222864151,1.5,0.5395074486732483,0.8419808745384216,0.0,-0.2806602716445923,0.17983581125736237,0.0
17.150000000000002,2.5313236713409424,-1.6100934743881226,1.5,0.5366978049278259,0.8437744975090027,0.0,-0.28125816583633423,0.17889927327632904,0.0
17.16,2.5366764068603516,-1.6016467809677124,1.5,0.5338822603225708,0.8455588221549988,0.0,-0.28185293078422546,0.17796075344085693,0.0
17.17,2.542001247406006,-1.5931823253631592,1.5,0.5310607552528381,0.8473337292671204,0.0,-0.282444566488266,0.17702025175094604,0.0
17.18,2.547297716140747,-1.584700107574463,1.5,0.5282334089279175,0.8490992188453674,0.0,-0.2830330729484558,0.17607779800891876,0.0
17.19,2.552565813064575,-1.5762003660202026,1.5,0.5254001021385193,0.85085529088974,0.0,-0.28361842036247253,0.1751333773136139,0.0
17.2,2.5578055381774902,-1.5676831007003784,1.5,0.5225610136985779,0.8526018857955933,0.0,-0.28420063853263855,0.17418700456619263,0.0
17.21,2.5630171298980713,-1.5591483116149902,1.5,0.5197161436080933,0.8543390035629272,0.0,-0.2847796678543091,0.17323870956897736,0.0
17.22,2.568199872970581,-1.5505963563919067,1.5,0.5168654322624207,0.8560666441917419,0.0,-0.2853555381298065,0.17228847742080688,0.0
17.23,2.5733542442321777,-1.5420271158218384,1.5,0.5140089988708496,0.8577847480773926,0.0,-0.28592824935913086,0.1713363379240036,0.0
17.240000000000002,2.5784800052642822,-1.5334407091140747,1.5,0.5111469030380249,0.8594933748245239,0.0,-0.2864978015422821,0.1703822910785675,0.0
17.25,2.5835771560668945,-1.5248372554779053,1.5,0.5082790851593018,0.8611924052238464,0.0,-0.2870641350746155,0.1694263517856598,0.0
17.26,2.5886456966400146,-1.5162168741226196,1.5,0.505405604839325,0.8628818988800049,0.0,-0.28762730956077576,0.16846853494644165,0.0
17.27,2.5936853885650635,-1.5075796842575073,1.5,0.5025265216827393,0.8645617961883545,0.0,-0.28818726539611816,0.16750884056091309,0.0
17.28,2.598696231842041,-1.4989256858825684,1.5,0.49964189529418945,0.8662320375442505,0.0,-0.2887440323829651,0.16654729843139648,0.0
17.29,2.6036782264709473,-1.4902549982070923,1.5,0.49675166606903076,0.8678927421569824,0.0,-0.28929758071899414,0.16558389365673065,0.0
17.3,2.608631134033203,-1.4815678596496582,1.5,0.49385595321655273,0.869543731212616,0.0,-0.2898479104042053,0.16461864113807678,0.0
17.31,2.6135551929473877,-1.4728641510009766,1.5,0.490954726934433,0.8711850643157959,0.0,-0.29039502143859863,0.16365157067775726,0.0
17.32,2.618450164794922,-1.4641441106796265,1.5,0.4880480468273163,0.8728167414665222,0.0,-0.2909389138221741,0.1626826822757721,0.0
17.330000000000002,2.6233162879943848,-1.4554078578948975,1.5,0.485135942697525,0.8744387626647949,0.0,-0.29147958755493164,0.16171199083328247,0.0
17.34,2.628153085708618,-1.4466553926467896,1.5,0.482218474149704,0.8760510087013245,0.0,-0.29201701283454895,0.1607394963502884,0.0
17.35,2.632960557937622,-1.4378868341445923,1.5,0.47929564118385315,0.8776535391807556,0.0,-0.2925511598587036,0.15976521372795105,0.0
17.36,2.6377389430999756,-1.4291024208068848,1.5,0.4763674736022949,0.8792462944984436,0.0,-0.2930820882320404,0.15878915786743164,0.0
17.37,2.6424880027770996,-1.4203020334243774,1.5,0.4734340012073517,0.8808292746543884,0.0,-0.29360976815223694,0.15781132876873016,0.0
17.38,2.647207498550415,-1.4114857912063599,1.5,0.4704952836036682,0.8824025392532349,0.0,-0.2941341698169708,0.156831756234169,0.0
17.39,2.651897668838501,-1.4026539325714111,1.5,0.4675513207912445,0.8839659094810486,0.0,-0.29465532302856445,0.15585044026374817,0.0
17.400000000000002,2.6565585136413574,-1.3938065767288208,1.5,0.46460217237472534,0.8855195045471191,0.0,-0.29517316818237305,0.15486739575862885,0.0
17.41,2.6611897945404053,-1.3849436044692993,1.5,0.4616478681564331,0.8870632648468018,0.0,-0.2956877648830414,0.15388262271881104,0.0
17.42,2.6657915115356445,-1.3760652542114258,1.5,0.4586884379386902,0.8885971903800964,0.0,-0.2961990535259247,0.15289615094661713,0.0
17.43,2.670363664627075,-1.3671717643737793,1.5,0.45572391152381897,0.8901211619377136,0.0,-0.29670706391334534,0.15190796554088593,0.0
17.44,2.674906015396118,-1.3582628965377808,1.5,0.45275431871414185,0.8916352987289429,0.0,-0.29721176624298096,0.15091809630393982,0.0
17.45,2.6794185638427734,-1.3493390083312988,1.5,0.4497796893119812,0.8931395411491394,0.0,-0.29771319031715393,0.14992655813694,0.0
17.46,2.68390154838562,-1.3404000997543335,1.5,0.4468000531196594,0.8946338295936584,0.0,-0.2982112765312195,0.14893335103988647,0.0
17.47,2.6883544921875,-1.3314464092254639,1.5,0.4438154697418213,0.8961182236671448,0.0,-0.2987060546875,0.14793848991394043,0.0
17.48,2.6927778720855713,-1.3224778175354004,1.5,0.4408259391784668,0.8975926041603088,0.0,-0.2991975247859955,0.14694197475910187,0.0
17.490000000000002,2.697171211242676,-1.3134945631027222,1.5,0.4378315210342407,0.8990570306777954,0.0,-0.29968568682670593,0.14594383537769318,0.0
17.5,2.7015345096588135,-1.3044967651367188,1.5,0.43483224511146545,0.9005115032196045,0.0,-0.3001704812049866,0.14494408667087555,0.0
17.51,2.7058677673339844,-1.2954844236373901,1.5,0.431828111410141,0.9019559025764465,0.0,-0.3006519675254822,0.1439427137374878,0.0
17.52,2.7101709842681885,-1.2864576578140259,1.5,0.4288192093372345,0.9033903479576111,0.0,-0.30113011598587036,0.1429397314786911,0.0
17.53,2.714444160461426,-1.2774165868759155,1.5,0.42580553889274597,0.9048147201538086,0.0,-0.30160489678382874,0.14193518459796906,0.0
17.54,2.718687057495117,-1.2683613300323486,1.5,0.4227871298789978,0.9062290191650391,0.0,-0.3020763397216797,0.14092904329299927,0.0
17.55,2.722899913787842,-1.2592920064926147,1.5,0.4197640120983124,0.9076333045959473,0.0,-0.30254441499710083,0.13992133736610413,0.0
17.56,2.7270822525024414,-1.2502087354660034,1.5,0.4167362451553345,0.9090274572372437,0.0,-0.30300915241241455,0.13891208171844482,0.0
17.57,2.731234550476074,-1.2411115169525146,1.5,0.4137038588523865,0.910411536693573,0.0,-0.3034704923629761,0.13790127635002136,0.0
17.580000000000002,2.735356330871582,-1.2320005893707275,1.5,0.4106668531894684,0.9117854833602905,0.0,-0.3039284944534302,0.13688895106315613,0.0
17.59,2.739447832107544,-1.2228758335113525,1.5,0.407625287771225,0.9131492972373962,0.0,-0.3043830990791321,0.13587509095668793,0.0
17.6,2.743508815765381,-1.2137376070022583,1.5,0.40457919239997864,0.9145029783248901,0.0,-0.3048343360424042,0.13485972583293915,0.0
17.61,2.747539520263672,-1.2045857906341553,1.5,0.40152862668037415,0.9158464670181274,0.0,-0.3052821457386017,0.13384287059307098,0.0
17.62,2.751539468765259,-1.195420742034912,1.5,0.3984735608100891,0.9171798229217529,0.0,-0.3057266175746918,0.13282452523708344,0.0
17.63,2.7555088996887207,-1.1862422227859497,1.5,0.3954140841960907,0.9185029864311218,0.0,-0.3061676621437073,0.1318046897649765,0.0
17.64,2.7594478130340576,-1.1770507097244263,1.5,0.3923502266407013,0.9198158979415894,0.0,-0.3066053092479706,0.13078340888023376,0.0
17.650000000000002,2.7633559703826904,-1.1678459644317627,1.5,0.3892819881439209,0.9211186170578003,0.0,-0.3070395290851593,0.12976066768169403,0.0
17.66,2.767233371734619,-1.1586283445358276,1.5,0.3862094581127167,0.9224111437797546,0.0,-0.3074703812599182,0.1287364810705185,0.0
17.67,2.7710800170898438,-1.149397850036621,1.5,0.38313260674476624,0.9236933588981628,0.0,-0.30789777636528015,0.12771086394786835,0.0
17.68,2.7748959064483643,-1.140154480934143,1.5,0.38005149364471436,0.9249653220176697,0.0,-0.3083217740058899,0.12668383121490479,0.0
17.69,2.7786810398101807,-1.1308984756469727,1.5,0.3769661784172058,0.9262270331382751,0.0,-0.30874234437942505,0.125655397772789,0.0
17.7,2.782435178756714,-1.1216299533843994,1.5,0.3738766610622406,0.9274784326553345,0.0,-0.3091594874858856,0.1246255561709404,0.0
17.71,2.786158561706543,-1.112349033355713,1.5,0.3707830011844635,0.9287195205688477,0.0,-0.3095731735229492,0.12359433621168137,0.0
17.72,2.789850950241089,-1.1030555963516235,1.5,0.3676851987838745,0.9299502968788147,0.0,-0.30998343229293823,0.1225617378950119,0.0
17.73,2.7935123443603516,-1.09375,1.5,0.3645833432674408,0.9311707615852356,0.0,-0.31039026379585266,0.1215277835726738,0.0
17.740000000000002,2.797142505645752,-1.0844322443008423,1.5,0.36147740483283997,0.9323808550834656,0.0,-0.31079360842704773,0.12049247324466705,0.0
17.75,2.8007419109344482,-1.07510244846344,1.5,0.3583674728870392,0.9335805773735046,0.0,-0.3111935257911682,0.11945582926273346,0.0
17.76,2.804309844970703,-1.0657607316970825,1.5,0.35525354743003845,0.9347699880599976,0.0,-0.3115899860858917,0.11841785162687302,0.0
17.77,2.807846784591675,-1.05640709400177,1.5,0.35213568806648254,0.9359489679336548,0.0,-0.31198298931121826,0.11737856268882751,0.0
17.78,2.8113527297973633,-1.0470417737960815,1.5,0.34901392459869385,0.9371175169944763,0.0,-0.31237250566482544,0.11633796989917755,0.0
17.79,2.8148272037506104,-1.037664771080017,1.5,0.34588825702667236,0.9382756948471069,0.0,-0.31275856494903564,0.11529608815908432,0.0
17.8,2.818270444869995,-1.0282762050628662,1.5,0.34275874495506287,0.9394234418869019,0.0,-0.3131411671638489,0.11425291746854782,0.0
17.81,2.8216822147369385,-1.018876314163208,1.5,0.33962544798851013,0.9405607581138611,0.0,-0.31352025270462036,0.11320848017930984,0.0
17.82,2.8250629901885986,-1.0094650983810425,1.5,0.33648836612701416,0.9416876435279846,0.0,-0.3138958811759949,0.11216278374195099,0.0
17.830000000000002,2.8284120559692383,-1.0000425577163696,1.5,0.33334752917289734,0.9428040385246277,0.0,-0.31426799297332764,0.11111584305763245,0.0
17.84,2.8317298889160156,-0.9906090497970581,1.5,0.33020299673080444,0.9439099431037903,0.0,-0.3146366477012634,0.11006767302751541,0.0
17.85,2.8350160121917725,-0.9811644554138184,1.5,0.32705482840538025,0.9450053572654724,0.0,-0.31500178575515747,0.10901827365159988,0.0
17.86,2.838270902633667,-0.9717089533805847,1.5,0.32390299439430237,0.9460902810096741,0.0,-0.31536343693733215,0.10796765983104706,0.0
17.87,2.841494083404541,-0.9622426629066467,1.5,0.3207475543022156,0.9471647143363953,0.0,-0.3157215714454651,0.10691585391759872,0.0
17.88,2.8446857929229736,-0.952765703201294,1.5,0.31758856773376465,0.9482285976409912,0.0,-0.31607621908187866,0.10586285591125488,0.0
17.89,2.847846031188965,-0.9432781338691711,1.5,0.3144260346889496,0.9492819905281067,0.0,-0.3164273202419281,0.10480868071317673,0.0
17.900000000000002,2.8509743213653564,-0.9337800741195679,1.5,0.31126004457473755,0.9503247737884521,0.0,-0.3167749345302582,0.10375334322452545,0.0
17.91,2.8540711402893066,-0.9242717027664185,1.5,0.30809056758880615,0.9513570070266724,0.0,-0.3171190023422241,0.10269685089588165,0.0
17.92,2.8571362495422363,-0.9147529602050781,1.5,0.30491766333580017,0.9523786902427673,0.0,-0.3174595832824707,0.10163921862840652,0.0
17.93,2.8601694107055664,-0.9052241444587708,1.5,0.3017413914203644,0.9533898234367371,0.0,-0.31779661774635315,0.10058046132326126,0.0
17.94,2.863170862197876,-0.8956852555274963,1.5,0.2985617518424988,0.9543903470039368,0.0,-0.31813010573387146,0.09952057898044586,0.0
17.95,2.866140604019165,-0.8861363530158997,1.5,0.29537877440452576,0.9553802013397217,0.0,-0.318460077047348,0.09845959395170212,0.0
17.96,2.8690786361694336,-0.8765776753425598,1.5,0.2921925485134125,0.9563595056533813,0.0,-0.31878650188446045,0.09739752113819122,0.0
17.97,2.8719844818115234,-0.8670092225074768,1.5,0.28900307416915894,0.9573281407356262,0.0,-0.31910938024520874,0.09633435308933258,0.0
17.98,2.8748586177825928,-0.8574311137199402,1.5,0.2858103811740875,0.9582861661911011,0.0,-0.3194287419319153,0.09527012705802917,0.0
17.990000000000002,2.8777008056640625,-0.8478435277938843,1.5,0.28261449933052063,0.9592335820198059,0.0,-0.3197445273399353,0.09420483559370041,0.0
18.0,2.8805108070373535,-0.8382465243339539,1.5,0.279415488243103,0.9601702690124512,0.0,-0.3200567662715912,0.09313850104808807,0.0
18.01,2.883289098739624,-0.8286401629447937,1.5,0.2762133777141571,0.9610963463783264,0.0,-0.32036545872688293,0.09207113087177277,0.0
18.02,2.886035203933716,-0.8190246224403381,1.5,0.27300819754600525,0.9620116949081421,0.0,-0.32067057490348816,0.09100273251533508,0.0
18.03,2.888749122619629,-0.8093999624252319,1.5,0.26979997754096985,0.962916374206543,0.0,-0.32097211480140686,0.08993332833051682,0.0
18.04,2.8914310932159424,-0.7997663021087646,1.5,0.2665887773036957,0.963810384273529,0.0,-0.3212701082229614,0.08886292576789856,0.0
18.05,2.894080877304077,-0.7901237607002258,1.5,0.26337459683418274,0.9646936655044556,0.0,-0.32156455516815186,0.08779153227806091,0.0
18.06,2.896698474884033,-0.780472457408905,1.5,0.2601574957370758,0.9655662178993225,0.0,-0.3218553960323334,0.08671916276216507,0.0
18.07,2.8992841243743896,-0.7708125114440918,1.5,0.25693750381469727,0.9664280414581299,0.0,-0.32214266061782837,0.08564583212137222,0.0
18.080000000000002,2.9018373489379883,-0.7611439228057861,1.5,0.2537146508693695,0.9672791361808777,0.0,-0.32242637872695923,0.08457154780626297,0.0
18.09,2.904358386993408,-0.7514669299125671,1.5,0.2504889965057373,0.9681194424629211,0.0,-0.3227064907550812,0.0834963247179985,0.0
18.1,2.9068470001220703,-0.7417815923690796,1.5,0.24726052582263947,0.968949019908905,0.0,-0.3229829967021942,0.08242017775774002,0.0
18.11,2.909303665161133,-0.732088029384613,1.5,0.24402932822704315,0.9697678685188293,0.0,-0.3232559561729431,0.08134311437606812,0.0
18.12,2.9117276668548584,-0.7223863005638123,1.5,0.24079541862010956,0.9705758690834045,0.0,-0.3235253095626831,0.08026514202356339,0.0
18.13,2.9141194820404053,-0.7126765251159668,1.5,0.23755884170532227,0.9713731408119202,0.0,-0.3237910568714142,0.07918628305196762,0.0
18.14,2.9164788722991943,-0.7029588222503662,1.5,0.23431961238384247,0.9721596240997314,0.0,-0.32405319809913635,0.07810653746128082,0.0
18.150000000000002,2.9188058376312256,-0.6932333707809448,1.5,0.23107779026031494,0.9729352593421936,0.0,-0.324311763048172,0.07702592760324478,0.0
18.16,2.921100378036499,-0.6835001707077026,1.5,0.22783339023590088,0.9737001061439514,0.0,-0.32456672191619873,0.0759444609284401,0.0
18.17,2.9233624935150146,-0.673759400844574,1.5,0.22458647191524506,0.9744541645050049,0.0,-0.32481804490089417,0.07486215233802795,0.0
18.18,2.9255921840667725,-0.6640111207962036,1.5,0.22133705019950867,0.9751973748207092,0.0,-0.3250657916069031,0.07377901673316956,0.0
18.19,2.9277892112731934,-0.6542555093765259,1.5,0.2180851697921753,0.9759297370910645,0.0,-0.3253099024295807,0.0726950541138649,0.0
18.2,2.9299538135528564,-0.6444925665855408,1.5,0.21483086049556732,0.9766512513160706,0.0,-0.3255504369735718,0.07161028683185577,0.0
18.21,2.9320857524871826,-0.6347224712371826,1.5,0.21157416701316833,0.9773619174957275,0.0,-0.3257873058319092,0.07052472233772278,0.0
18.22,2.934185266494751,-0.624945342540741,1.5,0.20831511914730072,0.9780617356300354,0.0,-0.32602059841156006,0.0694383755326271,0.0
18.23,2.9362521171569824,-0.6151612997055054,1.5,0.20505376160144806,0.9787507057189941,0.0,-0.32625022530555725,0.06835125386714935,0.0
18.240000000000002,2.938286304473877,-0.6053704023361206,1.5,0.20179012417793274,0.979428768157959,0.0,-0.3264762759208679,0.06726337969303131,0.0
18.25,2.9402878284454346,-0.5955727696418762,1.5,0.19852425158023834,0.9800959825515747,0.0,-0.3266986608505249,0.06617475301027298,0.0
18.26,2.9422569274902344,-0.5857685208320618,1.5,0.19525617361068726,0.9807522892951965,0.0,-0.326917439699173,0.06508538872003555,0.0
18.27,2.944193124771118,-0.5759577751159668,1.5,0.19198592007160187,0.9813976883888245,0.0,-0.32713255286216736,0.06399530917406082,0.0
18.28,2.946096658706665,-0.5661405920982361,1.5,0.18871353566646576,0.9820321798324585,0.0,-0.32734405994415283,0.06290450692176819,0.0
18.29,2.947967290878296,-0.556317150592804,1.5,0.18543905019760132,0.9826557636260986,0.0,-0.327551931142807,0.06181301549077034,0.0
18.3,2.94980525970459,-0.5464875102043152,1.5,0.18216250836849213,0.9832684397697449,0.0,-0.3277561366558075,0.060720834881067276,0.0
18.31,2.951610565185547,-0.5366517901420593,1.5,0.17888393998146057,0.9838702082633972,0.0,-0.3279567360877991,0.05962797999382019,0.0
18.32,2.953382968902588,-0.5268101692199707,1.5,0.17560337483882904,0.9844610095024109,0.0,-0.32815366983413696,0.05853446200489998,0.0
18.330000000000002,2.955122709274292,-0.5169626474380493,1.5,0.1723208725452423,0.9850408434867859,0.0,-0.32834696769714355,0.057440292090177536,0.0
18.34,2.956829309463501,-0.5071093440055847,1.5,0.16903644800186157,0.985609769821167,0.0,-0.32853659987449646,0.056345485150814056,0.0
18.35,2.958503246307373,-0.4972504675388336,1.5,0.1657501608133316,0.9861677885055542,0.0,-0.32872259616851807,0.055250052362680435,0.0
18.36,2.960144281387329,-0.4873860478401184,1.5,0.1624620109796524,0.986714780330658,0.0,-0.328904926776886,0.05415400490164757,0.0
18.37,2.9617526531219482,-0.47751620411872864,1.5,0.15917207300662994,0.9872508645057678,0.0,-0.3290836215019226,0.05305735766887665,0.0
18.38,2.9633278846740723,-0.46764105558395386,1.5,0.15588036179542542,0.9877759218215942,0.0,-0.32925865054130554,0.05196011811494827,0.0
18.39,2.9648702144622803,-0.4577607214450836,1.5,0.1525869071483612,0.9882900714874268,0.0,-0.3294300138950348,0.050862301141023636,0.0
18.400000000000002,2.9663796424865723,-0.4478752911090851,1.5,0.1492917686700821,0.9887931942939758,0.0,-0.32959774136543274,0.04976392164826393,0.0
18.41,2.967855930328369,-0.4379849135875702,1.5,0.14599496126174927,0.9892853498458862,0.0,-0.3297617733478546,0.048664987087249756,0.0
18.42,2.969299554824829,-0.42808961868286133,1.5,0.1426965445280075,0.9897664785385132,0.0,-0.3299221694469452,0.0475655160844326,0.0
18.43,2.970710039138794,-0.4181896150112152,1.5,0.139396533370018,0.9902366399765015,0.0,-0.3300788700580597,0.04646551236510277,0.0
18.44,2.9720873832702637,-0.4082849323749542,1.5,0.13609497249126434,0.9906957745552063,0.0,-0.3302319347858429,0.045364994555711746,0.0
18.45,2.9734318256378174,-0.3983757197856903,1.5,0.1327919065952301,0.9911439418792725,0.0,-0.33038130402565,0.044263970106840134,0.0
18.46,2.974743127822876,-0.388462096452713,1.5,0.12948736548423767,0.9915810823440552,0.0,-0.33052703738212585,0.043162453919649124,0.0
18.47,2.9760215282440186,-0.3785441517829895,1.5,0.12618137896060944,0.9920071959495544,0.0,-0.3306690752506256,0.04206046089529991,0.0
18.48,2.977266788482666,-0.36862197518348694,1.5,0.12287399172782898,0.9924222826957703,0.0,-0.3308074176311493,0.04095799848437309,0.0
18.490000000000002,2.9784791469573975,-0.35869574546813965,1.5,0.11956524103879929,0.9928263425827026,0.0,-0.3309421241283417,0.03985508158802986,0.0
18.5,2.9796581268310547,-0.34876549243927,1.5,0.11625516414642334,0.9932193756103516,0.0,-0.331073135137558,0.03875172138214111,0.0
18.51,2.980804204940796,-0.3388313949108124,1.5,0.11294379085302353,0.993601381778717,0.0,-0.3312004506587982,0.03764793276786804,0.0
18.52,2.981916904449463,-0.3288935124874115,1.5,0.10963116586208344,0.9939723610877991,0.0,-0.33132410049438477,0.036543723195791245,0.0
18.53,2.982996702194214,-0.31895196437835693,1.5,0.10631732642650604,0.9943322539329529,0.0,-0.3314440846443176,0.035439107567071915,0.0
18.54,2.9840433597564697,-0.3090068995952606,1.5,0.10300230234861374,0.9946811199188232,0.0,-0.3315603733062744,0.034334100782871246,0.0
18.55,2.9850568771362305,-0.29905837774276733,1.5,0.09968613088130951,0.9950189590454102,0.0,-0.3316729664802551,0.033228710293769836,0.0
18.56,2.986037015914917,-0.289106547832489,1.5,0.09636884927749634,0.9953457117080688,0.0,-0.33178189396858215,0.03212295100092888,0.0
18.57,2.9869842529296875,-0.2791514992713928,1.5,0.0930505022406578,0.9956613779067993,0.0,-0.3318871259689331,0.03101683408021927,0.0
18.580000000000002,2.987898111343384,-0.2691933512687683,1.5,0.0897311195731163,0.9959660172462463,0.0,-0.331988662481308,0.0299103744328022,0.0
18.59,2.988778829574585,-0.25923222303390503,1.5,0.08641073852777481,0.9962595701217651,0.0,-0.3320865333080292,0.02880358137190342,0.0
18.6,2.989626407623291,-0.24926820397377014,1.5,0.08308940380811691,0.9965420961380005,0.0,-0.3321807086467743,0.02769646793603897,0.0
18.61,2.990440607070923,-0.2393014281988144,1.5,0.0797671377658844,0.9968135356903076,0.0,-0.33227118849754333,0.0265890471637249,0.0
18.62,2.9912216663360596,-0.22933197021484375,1.5,0.07644399255514145,0.9970738887786865,0.0,-0.3323579728603363,0.0254813302308321,0.0
18.63,2.991969347000122,-0.21935997903347015,1.5,0.07311999052762985,0.9973231554031372,0.0,-0.3324410617351532,0.024373332038521767,0.0
18.64,2.9926841259002686,-0.20938554406166077,1.5,0.06979518383741379,0.9975613355636597,0.0,-0.332520455121994,0.023265061900019646,0.0
18.650000000000002,2.9933652877807617,-0.19940878450870514,1.5,0.06646959483623505,0.9977884292602539,0.0,-0.33259615302085876,0.02215653285384178,0.0
18.66,2.9940133094787598,-0.18942981958389282,1.5,0.0631432756781578,0.9980044960975647,0.0,-0.33266815543174744,0.02104775793850422,0.0
18.67,2.9946281909942627,-0.17944873869419098,1.5,0.05981624498963356,0.9982094168663025,0.0,-0.33273646235466003,0.019938748329877853,0.0
18.68,2.9952096939086914,-0.16946566104888916,1.5,0.056488554924726486,0.9984032511711121,0.0,-0.33280107378959656,0.01882951892912388,0.0
18.69,2.995758056640625,-0.15948070585727692,1.5,0.05316023528575897,0.9985859990119934,0.0,-0.332861989736557,0.01772007904946804,0.0
18.7,2.9962730407714844,-0.1494939774274826,1.5,0.0498313270509243,0.9987576603889465,0.0,-0.3329192101955414,0.016610441729426384,0.0
18.71,2.9967546463012695,-0.13950559496879578,1.5,0.04650186374783516,0.9989181756973267,0.0,-0.3329727351665497,0.015500621870160103,0.0
18.72,2.9972028732299805,-0.1295156627893448,1.5,0.04317188635468483,0.9990676641464233,0.0,-0.3330225646495819,0.014390628784894943,0.0
18.73,2.9976179599761963,-0.1195242777466774,1.5,0.0398414246737957,0.999206006526947,0.0,-0.3330686688423157,0.01328047551214695,0.0
18.740000000000002,2.997999906539917,-0.10953157395124435,1.5,0.03651052340865135,0.9993332624435425,0.0,-0.33311107754707336,0.012170175090432167,0.0
18.75,2.9983482360839844,-0.09953764826059341,1.5,0.03317921608686447,0.9994494318962097,0.0,-0.33314982056617737,0.01105973869562149,0.0
18.76,2.9986634254455566,-0.08954261988401413,1.5,0.029847539961338043,0.999554455280304,0.0,-0.3331848084926605,0.00994918029755354,0.0
18.77,2.9989452362060547,-0.07954660058021545,1.5,0.026515532284975052,0.99964839220047,0.0,-0.33321613073349,0.008838511072099209,0.0
18.78,2.9991936683654785,-0.06954968720674515,1.5,0.023183230310678482,0.9997312426567078,0.0,-0.3332437574863434,0.007727743126451969,0.0
18.79,2.9994089603424072,-0.05955201014876366,1.5,0.01985066942870617,0.9998029470443726,0.0,-0.3332676589488983,0.006616889964789152,0.0
18.8,2.9995906352996826,-0.04955366626381874,1.5,0.016517888754606247,0.9998635649681091,0.0,-0.3332878649234772,0.0055059632286429405,0.0
18.81,2.999739170074463,-0.03955477476119995,1.5,0.0131849255412817,0.9999130964279175,0.0,-0.33330434560775757,0.004394975025206804,0.0
18.82,2.999854326248169,-0.029555443674325943,1.5,0.00985181424766779,0.9999514818191528,0.0,-0.3333171606063843,0.0032839381601661444,0.0
18.830000000000002,2.99993634223938,-0.01955578289926052,1.5,0.006518594454973936,0.99997878074646,0.0,-0.3333262503147125,0.002172864740714431,0.0
18.84,2.9999847412109375,-0.009555905126035213,1.5,0.003185301786288619,0.9999949336051941,0.0,-0.3333316445350647,0.001061767223291099,0.0
18.85,3.0,0.0004440784687176347,1.5,-0.00014802615623921156,1.0,0.0,-0.3333333432674408,-4.9342052079737186e-05,0.0
18.86,2.9999818801879883,0.010444057174026966,1.5,-0.0034813524689525366,0.9999939203262329,0.0,-0.33333131670951843,-0.0011604508617892861,0.0
18.87,2.9999303817749023,0.02044392004609108,1.5,-0.006814640015363693,0.9999767541885376,0.0,-0.33332559466362,-0.0022715467493981123,0.0
18.88,2.999845504760742,0.030443556606769562,1.5,-0.010147851891815662,0.9999485015869141,0.0,-0.3333161771297455,-0.003382617374882102,0.0
18.89,2.999727487564087,0.040442854166030884,1.5,-0.013480951078236103,0.9999091029167175,0.0,-0.3333030343055725,-0.0044936505146324635,0.0
18.900000000000002,2.9995758533477783,0.05044170096516609,1.5,-0.01681390032172203,0.9998586177825928,0.0,-0.33328622579574585,-0.005604633595794439,0.0
18.91,2.9993910789489746,0.06043998897075653,1.5,-0.02014666236937046,0.9997970461845398,0.0,-0.3332656919956207,-0.006715554278343916,0.0
18.92,2.9991729259490967,0.07043760269880295,1.5,-0.023479200899600983,0.9997243285179138,0.0,-0.33324143290519714,-0.00782640092074871,0.0
18.93,2.9989216327667236,0.08043444156646729,1.5,-0.026811478659510612,0.9996405243873596,0.0,-0.3332135081291199,-0.008937159553170204,0.0
18.94,2.9986367225646973,0.0904303789138794,1.5,-0.030143460258841515,0.9995455741882324,0.0,-0.33318185806274414,-0.010047819465398788,0.0
18.95,2.998318672180176,0.10042531043291092,1.5,-0.033475104719400406,0.999439537525177,0.0,-0.33314651250839233,-0.011158368550240993,0.0
18.96,2.99796724319458,0.1104191318154335,1.5,-0.0368063785135746,0.9993224143981934,0.0,-0.33310747146606445,-0.0122687928378582,0.0
18.97,2.99758243560791,0.12041172385215759,1.5,-0.040137242525815964,0.9991942048072815,0.0,-0.3330647349357605,-0.013379080221056938,0.0
18.98,2.997164487838745,0.13040298223495483,1.5,-0.04346765950322151,0.9990548491477966,0.0,-0.3330182731151581,-0.014489219523966312,0.0
18.990000000000002,2.996713161468506,0.14039278030395508,1.5,-0.04679759591817856,0.9989044070243835,0.0,-0.332968145608902,-0.015599198639392853,0.0
19.0,2.9962284564971924,0.15038102865219116,1.5,-0.05012701079249382,0.9987428784370422,0.0,-0.3329142928123474,-0.01670900359749794,0.0
19.01,2.995710611343384,0.16036760807037354,1.5,-0.05345586687326431,0.9985702037811279,0.0,-0.3328567445278168,-0.017818622291088104,0.0
19.02,2.995159387588501,0.17035239934921265,1.5,-0.05678413063287735,0.9983865022659302,0.0,-0.33279550075531006,-0.01892804354429245,0.0
19.03,2.994575023651123,0.18033529818058014,1.5,-0.06011176481842995,0.9981916546821594,0.0,-0.33273056149482727,-0.020037254318594933,0.0
19.04,2.993957281112671,0.19031620025634766,1.5,-0.06343872845172882,0.9979857206344604,0.0,-0.332661896944046,-0.021146243438124657,0.0
19.05,2.9933061599731445,0.20029497146606445,1.5,-0.06676498800516129,0.9977687001228333,0.0,-0.3325895667076111,-0.022254997864365578,0.0
19.06,2.992621898651123,0.21027153730392456,1.5,-0.07009050995111465,0.9975406527519226,0.0,-0.3325135409832001,-0.023363502696156502,0.0
19.07,2.9919044971466064,0.22024574875831604,1.5,-0.07341524958610535,0.997301459312439,0.0,-0.332433819770813,-0.024471750482916832,0.0
19.080000000000002,2.9911537170410156,0.23021751642227173,1.5,-0.07673917710781097,0.9970511794090271,0.0,-0.33235040307044983,-0.025579724460840225,0.0
19.09,2.9903695583343506,0.24018673598766327,1.5,-0.08006224781274796,0.9967898726463318,0.0,-0.3322632908821106,-0.026687415316700935,0.0
19.1,2.9895522594451904,0.2501532733440399,1.5,-0.0833844244480133,0.9965174794197083,0.0,-0.3321724832057953,-0.027794810011982918,0.0
19.11,2.988701820373535,0.2601170539855957,1.5,-0.08670568466186523,0.9962339997291565,0.0,-0.3320779800415039,-0.02890189364552498,0.0
19.12,2.9878182411193848,0.2700779139995575,1.5,-0.09002597630023956,0.9959394335746765,0.0,-0.33197981119155884,-0.03000865876674652,0.0
19.13,2.98690128326416,0.2800357937812805,1.5,-0.0933452695608139,0.9956337809562683,0.0,-0.3318779468536377,-0.031115088611841202,0.0
19.14,2.9859514236450195,0.2899905741214752,1.5,-0.09666351974010468,0.9953171014785767,0.0,-0.3317723870277405,-0.032221175730228424,0.0
19.150000000000002,2.9849681854248047,0.29994210600852966,1.5,-0.09998070448637009,0.9949893951416016,0.0,-0.3316631317138672,-0.033326901495456696,0.0
19.16,2.9839518070220947,0.3098903298377991,1.5,-0.10329677164554596,0.9946506023406982,0.0,-0.3315501809120178,-0.03443225845694542,0.0
19.17,2.9829022884368896,0.3198350667953491,1.5,-0.1066116914153099,0.9943007230758667,0.0,-0.33143356442451477,-0.0355372317135334,0.0
19.18,2.9818196296691895,0.3297762870788574,1.5,-0.10992543399333954,0.9939398169517517,0.0,-0.33131328225135803,-0.03664181008934975,0.0
19.19,2.980703592300415,0.33971384167671204,1.5,-0.11323794722557068,0.9935678839683533,0.0,-0.3311893045902252,-0.03774598240852356,0.0
19.2,2.9795546531677246,0.3496476113796234,1.5,-0.11654920130968094,0.9931849241256714,0.0,-0.33106163144111633,-0.038849733769893646,0.0
19.21,2.978372812271118,0.3595775067806244,1.5,-0.11985916644334793,0.9927908778190613,0.0,-0.33093029260635376,-0.03995305672287941,0.0
19.22,2.9771575927734375,0.3695034086704254,1.5,-0.12316779792308807,0.9923858642578125,0.0,-0.3307952880859375,-0.04105593264102936,0.0
19.23,2.975909471511841,0.37942519783973694,1.5,-0.12647506594657898,0.9919697642326355,0.0,-0.33065658807754517,-0.042158354073762894,0.0
19.240000000000002,2.97462797164917,0.3893427550792694,1.5,-0.12978091835975647,0.9915426969528198,0.0,-0.33051422238349915,-0.04326030611991882,0.0
19.25,2.973313808441162,0.39925599098205566,1.5,-0.13308534026145935,0.9911046028137207,0.0,-0.33036819100379944,-0.04436177760362625,0.0
19.26,2.97196626663208,0.40916481614112854,1.5,-0.13638827204704285,0.9906554818153381,0.0,-0.33021849393844604,-0.04546275734901428,0.0
19.27,2.970586061477661,0.4190690815448761,1.5,-0.13968968391418457,0.9901953339576721,0.0,-0.3300651013851166,-0.04656323045492172,0.0
19.28,2.969172477722168,0.4289686679840088,1.5,-0.14298956096172333,0.9897242188453674,0.0,-0.3299080729484558,-0.047663185745477676,0.0
19.29,2.967726230621338,0.43886351585388184,1.5,-0.14628784358501434,0.9892420768737793,0.0,-0.32974734902381897,-0.04876261204481125,0.0
19.3,2.9662468433380127,0.4487534761428833,1.5,-0.14958450198173523,0.9887489676475525,0.0,-0.32958298921585083,-0.049861498177051544,0.0
19.31,2.9647345542907715,0.458638459444046,1.5,-0.1528794914484024,0.9882448315620422,0.0,-0.3294149339199066,-0.05095982924103737,0.0
19.32,2.9631893634796143,0.46851834654808044,1.5,-0.15617278218269348,0.9877297282218933,0.0,-0.3292432427406311,-0.05205759406089783,0.0
19.330000000000002,2.961611032485962,0.478393018245697,1.5,-0.15946434438228607,0.9872037172317505,0.0,-0.3290678858757019,-0.053154781460762024,0.0
19.34,2.9600000381469727,0.4882623851299286,1.5,-0.1627541333436966,0.9866666793823242,0.0,-0.3288888931274414,-0.054251376539468765,0.0
19.35,2.9583559036254883,0.4981263279914856,1.5,-0.16604210436344147,0.9861186742782593,0.0,-0.3287062346935272,-0.055347368121147156,0.0
19.36,2.956679105758667,0.5079846978187561,1.5,-0.1693282425403595,0.9855597019195557,0.0,-0.32851991057395935,-0.0564427450299263,0.0
19.37,2.9549694061279297,0.5178374648094177,1.5,-0.1726124882698059,0.9849898219108582,0.0,-0.3283299505710602,-0.0575374960899353,0.0
19.38,2.9532268047332764,0.5276844501495361,1.5,-0.1758948266506195,0.984408974647522,0.0,-0.3281363248825073,-0.05863161012530327,0.0
19.39,2.951451539993286,0.5375255942344666,1.5,-0.1791752129793167,0.9838171601295471,0.0,-0.32793906331062317,-0.059725068509578705,0.0
19.400000000000002,2.94964337348938,0.5473607778549194,1.5,-0.18245360255241394,0.9832144379615784,0.0,-0.3277381658554077,-0.060817863792181015,0.0
19.41,2.9478025436401367,0.5571898818016052,1.5,-0.1857299506664276,0.9826008081436157,0.0,-0.3275336027145386,-0.061909984797239304,0.0
19.42,2.9459288120269775,0.5670127868652344,1.5,-0.18900425732135773,0.9819762706756592,0.0,-0.3273254334926605,-0.06300141662359238,0.0
19.43,2.9440224170684814,0.5768293738365173,1.5,-0.19227644801139832,0.9813408255577087,0.0,-0.3271135985851288,-0.06409215182065964,0.0
19.44,2.9420833587646484,0.5866395235061646,1.5,-0.19554650783538818,0.9806944131851196,0.0,-0.32689812779426575,-0.0651821717619896,0.0
19.45,2.9401113986968994,0.596443235874176,1.5,-0.19881440699100494,0.9800371527671814,0.0,-0.3266790509223938,-0.06627146899700165,0.0
19.46,2.9381070137023926,0.6062402725219727,1.5,-0.20208008587360382,0.9793689846992493,0.0,-0.32645633816719055,-0.0673600286245346,0.0
19.47,2.936069965362549,0.6160305738449097,1.5,-0.20534351468086243,0.978689968585968,0.0,-0.326229989528656,-0.06844784319400787,0.0
19.48,2.934000253677368,0.6258140206336975,1.5,-0.20860467851161957,0.9780000448226929,0.0,-0.32600000500679016,-0.06953489035367966,0.0
19.490000000000002,2.9318978786468506,0.6355904936790466,1.5,-0.21186350286006927,0.9772992730140686,0.0,-0.3257664144039154,-0.07062117010354996,0.0
19.5,2.929762840270996,0.645359992980957,1.5,-0.21511998772621155,0.9765876531600952,0.0,-0.32552921772003174,-0.07170666009187698,0.0
19.51,2.927595376968384,0.6551222205162048,1.5,-0.2183740735054016,0.9758651256561279,0.0,-0.3252883851528168,-0.07279136031866074,0.0
19.52,2.9253954887390137,0.6648772358894348,1.5,-0.22162574529647827,0.9751318097114563,0.0,-0.3250439465045929,-0.07387524843215942,0.0
19.53,2.9231629371643066,0.6746248602867126,1.5,-0.22487494349479675,0.9743876457214355,0.0,-0.3247958719730377,-0.07495831698179245,0.0
19.54,2.920897960662842,0.6843649744987488,1.5,-0.22812165319919586,0.9736326336860657,0.0,-0.324544221162796,-0.07604055106639862,0.0
19.55,2.918600559234619,0.6940974593162537,1.5,-0.23136581480503082,0.9728668332099915,0.0,-0.324288934469223,-0.07712193578481674,0.0
19.56,2.9162704944610596,0.7038222551345825,1.5,-0.23460741341114044,0.9720901846885681,0.0,-0.3240300714969635,-0.07820247113704681,0.0
19.57,2.9139082431793213,0.7135392427444458,1.5,-0.23784640431404114,0.9713028073310852,0.0,-0.32376760244369507,-0.07928213477134705,0.0
19.580000000000002,2.911513566970825,0.7232482433319092,1.5,-0.24108275771141052,0.9705045819282532,0.0,-0.3235015273094177,-0.08036091923713684,0.0
19.59,2.9090867042541504,0.7329492568969727,1.5,-0.24431642889976501,0.9696955680847168,0.0,-0.32323184609413147,-0.081438809633255,0.0
19.6,2.9066274166107178,0.7426421642303467,1.5,-0.24754738807678223,0.9688757658004761,0.0,-0.3229585886001587,-0.08251579105854034,0.0
19.61,2.9041357040405273,0.7523267865180969,1.5,-0.2507755756378174,0.9680452346801758,0.0,-0.3226817548274994,-0.08359186351299286,0.0
19.62,2.901611804962158,0.7620030045509338,1.5,-0.2540009915828705,0.9672039747238159,0.0,-0.3224013149738312,-0.08466700464487076,0.0
19.63,2.8990557193756104,0.7716708183288574,1.5,-0.25722360610961914,0.9663519263267517,0.0,-0.32211729884147644,-0.08574119955301285,0.0
19.64,2.896467447280884,0.7813299894332886,1.5,-0.2604433298110962,0.9654891490936279,0.0,-0.3218297064304352,-0.08681444823741913,0.0
19.650000000000002,2.8938469886779785,0.7909805178642273,1.5,-0.263660192489624,0.9646156430244446,0.0,-0.3215385377407074,-0.08788672834634781,0.0
19.66,2.8911941051483154,0.800622284412384,1.5,-0.2668741047382355,0.9637314081192017,0.0,-0.3212437927722931,-0.08895803242921829,0.0
19.67,2.888509511947632,0.8102551102638245,1.5,-0.27008503675460815,0.9628364443778992,0.0,-0.32094550132751465,-0.09002834558486938,0.0
19.68,2.8857924938201904,0.8198789954185486,1.5,-0.27329298853874207,0.9619308114051819,0.0,-0.3206436038017273,-0.09109766781330109,0.0
19.69,2.8830435276031494,0.8294937014579773,1.5,-0.27649790048599243,0.9610145092010498,0.0,-0.3203381597995758,-0.09216596931219101,0.0
19.7,2.880262613296509,0.8390992283821106,1.5,-0.27969974279403687,0.9600875377655029,0.0,-0.3200291693210602,-0.09323325008153915,0.0
19.71,2.8774495124816895,0.8486954569816589,1.5,-0.282898485660553,0.9591498374938965,0.0,-0.3197166323661804,-0.09429949522018433,0.0
19.72,2.8746047019958496,0.858282208442688,1.5,-0.286094069480896,0.95820152759552,0.0,-0.31940051913261414,-0.09536468982696533,0.0
19.73,2.871727705001831,0.867859423160553,1.5,-0.28928646445274353,0.9572425484657288,0.0,-0.3190808594226837,-0.09642882645130157,0.0
19.740000000000002,2.868818998336792,0.8774270415306091,1.5,-0.2924756705760956,0.9562729597091675,0.0,-0.31875765323638916,-0.09749189019203186,0.0
19.75,2.865878105163574,0.8869848251342773,1.5,-0.2956616282463074,0.9552927613258362,0.0,-0.31843090057373047,-0.09855387359857559,0.0
19.76,2.862905740737915,0.8965328335762024,1.5,-0.29884427785873413,0.9543018937110901,0.0,-0.31810063123703003,-0.09961476176977158,0.0
19.77,2.8599014282226562,0.9060708284378052,1.5,-0.30202361941337585,0.953300416469574,0.0,-0.31776681542396545,-0.10067453980445862,0.0
19.78,2.856865167617798,0.9155988097190857,1.5,-0.30519959330558777,0.9522883892059326,0.0,-0.31742945313453674,-0.10173320025205612,0.0
19.79,2.853797435760498,0.9251165986061096,1.5,-0.3083721995353699,0.951265811920166,0.0,-0.31708860397338867,-0.10279073566198349,0.0
19.8,2.8506977558135986,0.9346240758895874,1.5,-0.311541348695755,0.9502325654029846,0.0,-0.31674420833587646,-0.10384712368249893,0.0
19.81,2.847566604614258,0.9441211819648743,1.5,-0.31470707058906555,0.9491888284683228,0.0,-0.3163962960243225,-0.10490235686302185,0.0
19.82,2.8444037437438965,0.9536078572273254,1.5,-0.31786927580833435,0.9481345415115356,0.0,-0.3160448372364044,-0.10595642775297165,0.0
19.830000000000002,2.8412091732025146,0.9630838632583618,1.5,-0.3210279643535614,0.9470697045326233,0.0,-0.31568989157676697,-0.10700932145118713,0.0
19.84,2.8379831314086914,0.9725492000579834,1.5,-0.32418307662010193,0.9459943771362305,0.0,-0.31533145904541016,-0.10806102305650711,0.0
19.85,2.8347256183624268,0.9820036888122559,1.5,-0.32733458280563354,0.9449084997177124,0.0,-0.3149695098400116,-0.10911152511835098,0.0
19.86,2.8314363956451416,0.9914473295211792,1.5,-0.33048245310783386,0.9438121318817139,0.0,-0.3146040439605713,-0.11016081273555756,0.0
19.87,2.828115940093994,1.0008798837661743,1.5,-0.3336266279220581,0.9427052736282349,0.0,-0.3142350912094116,-0.11120887845754623,0.0
19.88,2.8247640132904053,1.0103013515472412,1.5,-0.33676713705062866,0.9415879845619202,0.0,-0.3138626515865326,-0.11225570738315582,0.0
19.89,2.821380615234375,1.0197116136550903,1.5,-0.33990389108657837,0.940460205078125,0.0,-0.3134867250919342,-0.11330129206180573,0.0
19.900000000000002,2.8179657459259033,1.0291105508804321,1.5,-0.34303686022758484,0.9393219351768494,0.0,-0.31310731172561646,-0.11434561759233475,0.0
19.91,2.8145198822021484,1.038498044013977,1.5,-0.3461660146713257,0.9381732940673828,0.0,-0.31272441148757935,-0.1153886690735817,0.0
19.92,2.811042547225952,1.0478739738464355,1.5,-0.3492913246154785,0.9370141625404358,0.0,-0.31233805418014526,-0.11643044650554657,0.0
19.93,2.8075339794158936,1.0572383403778076,1.5,-0.35241276025772095,0.9358446598052979,0.0,-0.3119482100009918,-0.11747092008590698,0.0
19.94,2.8039941787719727,1.0665909051895142,1.5,-0.3555302917957306,0.934664785861969,0.0,-0.3115549087524414,-0.11851009726524353,0.0
19.95,2.8004233837127686,1.0759315490722656,1.5,-0.35864385962486267,0.9334744811058044,0.0,-0.311158150434494,-0.11954794824123383,0.0
19.96,2.796821355819702,1.085260272026062,1.5,-0.3617534339427948,0.932273805141449,0.0,-0.31075793504714966,-0.12058448046445847,0.0
19.97,2.7931883335113525,1.0945769548416138,1.5,-0.364859014749527,0.9310627579689026,0.0,-0.3103542625904083,-0.12161966413259506,0.0
19.98,2.7895243167877197,1.1038814783096313,1.5,-0.36796051263809204,0.9298413991928101,0.0,-0.30994713306427,-0.12265350669622421,0.0
19.990000000000002,2.7858290672302246,1.1131738424301147,1.5,-0.37105792760849,0.9286097288131714,0.0,-0.30953657627105713,-0.12368597835302353,0.0
