time,px,py,pz,vx,vy,vz,ax,ay,az
0.0,7.0,0.0,2.0,-0.0,-0.800000011920929,0.0,-1.5200001001358032,-0.0,0.0
0.01,6.9999237060546875,-0.008000019006431103,2.0,-0.015199935995042324,-0.8000055551528931,0.0,-1.5199809074401855,-0.001119982567615807,0.0
0.02,6.999695777893066,-0.01600014977157116,2.0,-0.030399484559893608,-0.8000224232673645,0.0,-1.5199227333068848,-0.0022398612927645445,0.0
0.03,6.999316215515137,-0.024000506848096848,2.0,-0.045598261058330536,-0.8000503182411194,0.0,-1.51982581615448,-0.0033595291897654533,0.0
0.04,6.998784065246582,-0.032001201063394547,2.0,-0.060795873403549194,-0.8000896573066711,0.0,-1.5196903944015503,-0.004478885792195797,0.0
0.05,6.998100280761719,-0.040002334862947464,2.0,-0.0759919285774231,-0.8001399636268616,0.0,-1.5195162296295166,-0.005597826559096575,0.0
0.06,6.9972639083862305,-0.04800403118133545,2.0,-0.09118606150150299,-0.8002014756202698,0.0,-1.5193032026290894,-0.006716243457049131,0.0
0.07,6.996276378631592,-0.05600640922784805,2.0,-0.10637786984443665,-0.8002743124961853,0.0,-1.5190516710281372,-0.007834035903215408,0.0
0.08,6.995136737823486,-0.06400955468416214,2.0,-0.12156697362661362,-0.8003583550453186,0.0,-1.5187612771987915,-0.0089510977268219,0.0
0.09,6.993844985961914,-0.07201359421014786,2.0,-0.13675296306610107,-0.800453245639801,0.0,-1.5184322595596313,-0.010067328810691833,0.0
0.1,6.992401123046875,-0.08001866191625595,2.0,-0.15193547308444977,-0.8005595803260803,0.0,-1.5180644989013672,-0.011182615533471107,0.0
0.11,6.9908061027526855,-0.08802482485771179,2.0,-0.16711410880088806,-0.8006768822669983,0.0,-1.5176583528518677,-0.012296863831579685,0.0
0.12,6.989058971405029,-0.09603224694728851,2.0,-0.1822885125875473,-0.8008055090904236,0.0,-1.517213225364685,-0.013409961946308613,0.0
0.13,6.9871602058410645,-0.1040409654378891,2.0,-0.19745826721191406,-0.8009452223777771,0.0,-1.5167295932769775,-0.014521817676723003,0.0
0.14,6.985109806060791,-0.11205117404460907,2.0,-0.2126229703426361,-0.8010958433151245,0.0,-1.5162074565887451,-0.015632309019565582,0.0
0.15,6.982908248901367,-0.1200629323720932,2.0,-0.22778227925300598,-0.801257848739624,0.0,-1.5156464576721191,-0.016741352155804634,0.0
0.16,6.980554580688477,-0.12807637453079224,2.0,-0.24293577671051025,-0.8014307618141174,0.0,-1.5150469541549683,-0.017848825082182884,0.0
0.17,6.978049278259277,-0.13609161972999573,2.0,-0.2580831050872803,-0.8016147613525391,0.0,-1.514409065246582,-0.018954630941152573,0.0
0.18,6.9753923416137695,-0.14410868287086487,2.0,-0.2732238471508026,-0.8018098473548889,0.0,-1.5137324333190918,-0.02005867473781109,0.0
0.19,6.972585201263428,-0.15212778747081757,2.0,-0.28835761547088623,-0.802016019821167,0.0,-1.5130172967910767,-0.02116084285080433,0.0
0.2,6.969625473022461,-0.16014903783798218,2.0,-0.3034840226173401,-0.8022329211235046,0.0,-1.5122636556625366,-0.022261032834649086,0.0
0.21,6.96651554107666,-0.16817250847816467,2.0,-0.3186027407646179,-0.8024610877037048,0.0,-1.5114716291427612,-0.0233591441065073,0.0
0.22,6.963253498077393,-0.1761983036994934,2.0,-0.3337133824825287,-0.8027001619338989,0.0,-1.5106409788131714,-0.02445506863296032,0.0
0.23,6.959841251373291,-0.18422654271125793,2.0,-0.3488154411315918,-0.8029502034187317,0.0,-1.5097719430923462,-0.025548717007040977,0.0
0.24,6.956277847290039,-0.1922573745250702,2.0,-0.36390864849090576,-0.8032112121582031,0.0,-1.508864402770996,-0.02663995884358883,0.0
0.25,6.952563285827637,-0.20029082894325256,2.0,-0.37899264693260193,-0.8034830093383789,0.0,-1.5079185962677002,-0.027728721499443054,0.0
0.26,6.948697566986084,-0.208327054977417,2.0,-0.3940669000148773,-0.8037656545639038,0.0,-1.5069342851638794,-0.028814876452088356,0.0
0.27,6.944681167602539,-0.21636617183685303,2.0,-0.40913116931915283,-0.8040593266487122,0.0,-1.5059118270874023,-0.029898349195718765,0.0
0.28,6.940515041351318,-0.22440826892852783,2.0,-0.42418500781059265,-0.8043637871742249,0.0,-1.50485098361969,-0.030979011207818985,0.0
0.29,6.9361982345581055,-0.23245349526405334,2.0,-0.4392280578613281,-0.8046788573265076,0.0,-1.5037518739700317,-0.032056767493486404,0.0
0.3,6.931730270385742,-0.24050188064575195,2.0,-0.4542599320411682,-0.805004894733429,0.0,-1.5026146173477173,-0.03313153609633446,0.0
0.31,6.927113056182861,-0.24855360388755798,2.0,-0.4692802429199219,-0.8053416013717651,0.0,-1.501438856124878,-0.0342031754553318,0.0
0.32,6.922345161437988,-0.2566087543964386,2.0,-0.48428860306739807,-0.8056889176368713,0.0,-1.5002250671386719,-0.035271596163511276,0.0
0.33,6.917427062988281,-0.26466745138168335,2.0,-0.499284565448761,-0.8060469031333923,0.0,-1.4989732503890991,-0.03633672371506691,0.0
0.34,6.912359237670898,-0.272729754447937,2.0,-0.5142679214477539,-0.8064156174659729,0.0,-1.4976832866668701,-0.03739842772483826,0.0
0.35000000000000003,6.907142162322998,-0.28079578280448914,2.0,-0.5292381048202515,-0.8067949414253235,0.0,-1.4963550567626953,-0.03845663368701935,0.0
0.36,6.9017744064331055,-0.2888655960559845,2.0,-0.5441948771476746,-0.8071847558021545,0.0,-1.494989037513733,-0.03951122611761093,0.0
0.37,6.8962578773498535,-0.296939492225647,2.0,-0.5591378211975098,-0.8075850605964661,0.0,-1.4935849905014038,-0.04056207090616226,0.0
0.38,6.890591621398926,-0.3050173223018646,2.0,-0.5740664005279541,-0.8079959750175476,0.0,-1.492142915725708,-0.04160911962389946,0.0
0.39,6.884777069091797,-0.3130994439125061,2.0,-0.588980495929718,-0.8084171414375305,0.0,-1.4906631708145142,-0.04265221953392029,0.0
0.4,6.878812313079834,-0.32118579745292664,2.0,-0.6038795709609985,-0.8088489174842834,0.0,-1.4891451597213745,-0.04369131848216057,0.0
0.41000000000000003,6.872698783874512,-0.3292764723300934,2.0,-0.6187633275985718,-0.8092910051345825,0.0,-1.487589716911316,-0.04472629725933075,0.0
0.42,6.866436958312988,-0.3373716175556183,2.0,-0.6336312890052795,-0.8097434043884277,0.0,-1.4859963655471802,-0.045757051557302475,0.0
0.43,6.860026836395264,-0.34547144174575806,2.0,-0.6484830379486084,-0.8102063536643982,0.0,-1.4843652248382568,-0.04678346589207649,0.0
0.44,6.85346794128418,-0.35357576608657837,2.0,-0.663318395614624,-0.8106792569160461,0.0,-1.482696533203125,-0.047805484384298325,0.0
0.45,6.846760272979736,-0.36168503761291504,2.0,-0.678136944770813,-0.8111621737480164,0.0,-1.4809900522232056,-0.04882296547293663,0.0
0.46,6.839905261993408,-0.36979907751083374,2.0,-0.6929380893707275,-0.8116556406021118,0.0,-1.4792461395263672,-0.04983583092689514,0.0
0.47000000000000003,6.832901954650879,-0.3779181241989136,2.0,-0.7077217102050781,-0.8121588826179504,0.0,-1.4774646759033203,-0.0508439876139164,0.0
0.48,6.825750350952148,-0.38604235649108887,2.0,-0.7224872708320618,-0.8126725554466248,0.0,-1.475645661354065,-0.05184727534651756,0.0
0.49,6.818451881408691,-0.3941715359687805,2.0,-0.7372344136238098,-0.8131960034370422,0.0,-1.4737893342971802,-0.05284570902585983,0.0
0.5,6.81100606918335,-0.4023061990737915,2.0,-0.7519629597663879,-0.8137294054031372,0.0,-1.4718955755233765,-0.05383908376097679,0.0
0.51,6.803412437438965,-0.4104461669921875,2.0,-0.7666721940040588,-0.8142727613449097,0.0,-1.469964623451233,-0.054827358573675156,0.0
0.52,6.795672416687012,-0.4185916781425476,2.0,-0.7813621163368225,-0.8148259520530701,0.0,-1.46799635887146,-0.05581039935350418,0.0
0.53,6.787785530090332,-0.4267428517341614,2.0,-0.7960320115089417,-0.8153887987136841,0.0,-1.4659907817840576,-0.0567881278693676,0.0
0.54,6.779751777648926,-0.43489956855773926,2.0,-0.8106818199157715,-0.8159616589546204,0.0,-1.4639482498168945,-0.05776045098900795,0.0
0.55,6.771571636199951,-0.44306206703186035,2.0,-0.8253108859062195,-0.8165440559387207,0.0,-1.4618685245513916,-0.05872727930545807,0.0
0.56,6.763245582580566,-0.451230525970459,2.0,-0.8399189710617065,-0.8171361088752747,0.0,-1.4597517251968384,-0.05968847498297691,0.0
0.5700000000000001,6.754773139953613,-0.45940476655960083,2.0,-0.8545058369636536,-0.8177378177642822,0.0,-1.457598090171814,-0.0606439970433712,0.0
0.58,6.746155738830566,-0.4675852060317993,2.0,-0.8690708875656128,-0.8183490633964539,0.0,-1.455407738685608,-0.061593715101480484,0.0
0.59,6.737392425537109,-0.47577184438705444,2.0,-0.8836138248443604,-0.8189697861671448,0.0,-1.4531804323196411,-0.06253750622272491,0.0
0.6,6.7284836769104,-0.4839646816253662,2.0,-0.8981343507766724,-0.8195998072624207,0.0,-1.4509161710739136,-0.0634753406047821,0.0
0.61,6.719429969787598,-0.49216383695602417,2.0,-0.9126320481300354,-0.8202391266822815,0.0,-1.4486154317855835,-0.06440707296133041,0.0
0.62,6.710230827331543,-0.5003694295883179,2.0,-0.927106499671936,-0.8208878636360168,0.0,-1.4462780952453613,-0.06533262878656387,0.0
0.63,6.700887680053711,-0.5085816979408264,2.0,-0.9415575265884399,-0.8215457797050476,0.0,-1.443903923034668,-0.06625187397003174,0.0
0.64,6.691400051116943,-0.5168004631996155,2.0,-0.9559845328330994,-0.8222128748893738,0.0,-1.4414935111999512,-0.06716477125883102,0.0
0.65,6.681768417358398,-0.5250259637832642,2.0,-0.9703872203826904,-0.8228890895843506,0.0,-1.4390466213226318,-0.06807120889425278,0.0
0.66,6.67199182510376,-0.5332581996917725,2.0,-0.9847652912139893,-0.8235743045806885,0.0,-1.4365633726119995,-0.06897107511758804,0.0
0.67,6.662073135375977,-0.541497528553009,2.0,-0.999118447303772,-0.8242684602737427,0.0,-1.4340438842773438,-0.06986427307128906,0.0
0.68,6.652009963989258,-0.54974365234375,2.0,-1.0134460926055908,-0.8249714970588684,0.0,-1.431488275527954,-0.07075071334838867,0.0
0.6900000000000001,6.641804218292236,-0.5579968690872192,2.0,-1.0277479887008667,-0.8256834745407104,0.0,-1.4288963079452515,-0.07163034379482269,0.0
0.7000000000000001,6.631455421447754,-0.5662573575973511,2.0,-1.0420238971710205,-0.8264042139053345,0.0,-1.4262685775756836,-0.0725029855966568,0.0
0.71,6.6209635734558105,-0.574524998664856,2.0,-1.0562732219696045,-0.8271334767341614,0.0,-1.4236047267913818,-0.0733686313033104,0.0
0.72,6.610329627990723,-0.5827999711036682,2.0,-1.070495843887329,-0.8278715014457703,0.0,-1.4209048748016357,-0.07422717660665512,0.0
0.73,6.59955358505249,-0.5910825133323669,2.0,-1.0846912860870361,-0.8286179304122925,0.0,-1.418169379234314,-0.07507842034101486,0.0
0.74,6.5886359214782715,-0.5993725061416626,2.0,-1.098859190940857,-0.8293729424476624,0.0,-1.415398120880127,-0.0759224146604538,0.0
0.75,6.577576637268066,-0.6076700091362,2.0,-1.1129990816116333,-0.8301364183425903,0.0,-1.4125912189483643,-0.0767589882016182,0.0
0.76,6.566376209259033,-0.6159751415252686,2.0,-1.1271108388900757,-0.8309082388877869,0.0,-1.4097486734390259,-0.07758811116218567,0.0
0.77,6.555034637451172,-0.6242882013320923,2.0,-1.1411939859390259,-0.8316881060600281,0.0,-1.4068708419799805,-0.07840961962938309,0.0
0.78,6.543552398681641,-0.6326090097427368,2.0,-1.1552481651306152,-0.8324763178825378,0.0,-1.4039573669433594,-0.07922346889972687,0.0
0.79,6.5319294929504395,-0.6409377455711365,2.0,-1.1692728996276855,-0.8332726359367371,0.0,-1.4010087251663208,-0.08002954721450806,0.0
0.8,6.520166873931885,-0.649274468421936,2.0,-1.1832681894302368,-0.834077000617981,0.0,-1.3980246782302856,-0.0808277502655983,0.0
0.81,6.508264541625977,-0.6576193571090698,2.0,-1.1972333192825317,-0.8348891735076904,0.0,-1.395005702972412,-0.08161803334951401,0.0
0.8200000000000001,6.496222496032715,-0.6659723520278931,2.0,-1.2111682891845703,-0.835709273815155,0.0,-1.391951560974121,-0.08240027725696564,0.0
0.8300000000000001,6.484041213989258,-0.6743333339691162,2.0,-1.2250721454620361,-0.8365371227264404,0.0,-1.3888626098632812,-0.08317442238330841,0.0
0.84,6.471721172332764,-0.682702898979187,2.0,-1.2389452457427979,-0.8373727202415466,0.0,-1.3857386112213135,-0.08394033461809158,0.0
0.85,6.459262371063232,-0.6910809278488159,2.0,-1.2527868747711182,-0.8382160067558289,0.0,-1.3825798034667969,-0.0846979171037674,0.0
0.86,6.446665287017822,-0.6994675397872925,2.0,-1.266596794128418,-0.8390666246414185,0.0,-1.3793864250183105,-0.08544713258743286,0.0
0.87,6.433930397033691,-0.707862377166748,2.0,-1.280374526977539,-0.8399248719215393,0.0,-1.376158356666565,-0.086187943816185,0.0
0.88,6.42105770111084,-0.7162659168243408,2.0,-1.2941197156906128,-0.8407904505729675,0.0,-1.3728959560394287,-0.08692014217376709,0.0
0.89,6.408048152923584,-0.7246782779693604,2.0,-1.3078322410583496,-0.841663122177124,0.0,-1.3695989847183228,-0.08764367550611496,0.0
0.9,6.394901275634766,-0.733099102973938,2.0,-1.3215117454528809,-0.8425432443618774,0.0,-1.3662678003311157,-0.08835853636264801,0.0
0.91,6.381618499755859,-0.7415289878845215,2.0,-1.3351576328277588,-0.8434304594993591,0.0,-1.3629024028778076,-0.08906453847885132,0.0
0.92,6.368198394775391,-0.7499678134918213,2.0,-1.3487696647644043,-0.8443244695663452,0.0,-1.359502911567688,-0.0897616297006607,0.0
0.93,6.354642868041992,-0.7584155797958374,2.0,-1.3623476028442383,-0.8452255129814148,0.0,-1.3560693264007568,-0.090449757874012,0.0
0.9400000000000001,6.340951442718506,-0.7668722867965698,2.0,-1.375890851020813,-0.8461334705352783,0.0,-1.3526017665863037,-0.09112882614135742,0.0
0.9500000000000001,6.327125072479248,-0.7753382921218872,2.0,-1.389399528503418,-0.8470479846000671,0.0,-1.3491005897521973,-0.09179867058992386,0.0
0.96,6.313163757324219,-0.7838133573532104,2.0,-1.4028728008270264,-0.8479694724082947,0.0,-1.3455655574798584,-0.0924593135714531,0.0
0.97,6.299067497253418,-0.7922977209091187,2.0,-1.4163106679916382,-0.8488972783088684,0.0,-1.3419969081878662,-0.09311068058013916,0.0
0.98,6.28483772277832,-0.8007911443710327,2.0,-1.4297125339508057,-0.8498315811157227,0.0,-1.3383947610855103,-0.09375260770320892,0.0
0.99,6.270473957061768,-0.8092942237854004,2.0,-1.4430783987045288,-0.8507723212242126,0.0,-1.33475923538208,-0.0943850502371788,0.0
1.0,6.255975723266602,-0.8178068399429321,2.0,-1.4564077854156494,-0.8517192602157593,0.0,-1.3310905694961548,-0.09500788152217865,0.0
1.01,6.241345405578613,-0.8263288736343384,2.0,-1.4697000980377197,-0.8526723980903625,0.0,-1.3273885250091553,-0.09562110155820847,0.0
1.02,6.2265825271606445,-0.8348602056503296,2.0,-1.4829553365707397,-0.8536317348480225,0.0,-1.3236535787582397,-0.09622461348772049,0.0
1.03,6.211686611175537,-0.8434015512466431,2.0,-1.4961730241775513,-0.854596734046936,0.0,-1.319885492324829,-0.0968182235956192,0.0
1.04,6.196659088134766,-0.8519521951675415,2.0,-1.5093530416488647,-0.855567991733551,0.0,-1.316084623336792,-0.09740204364061356,0.0
1.05,6.181499481201172,-0.8605126142501831,2.0,-1.5224945545196533,-0.8565447926521301,0.0,-1.3122509717941284,-0.09797586500644684,0.0
1.06,6.1662092208862305,-0.869083046913147,2.0,-1.535597801208496,-0.857527494430542,0.0,-1.308384895324707,-0.09853959828615189,0.0
1.07,6.150787830352783,-0.877663254737854,2.0,-1.5486623048782349,-0.8585156202316284,0.0,-1.3044860363006592,-0.0990932285785675,0.0
1.08,6.135235786437988,-0.8862534761428833,2.0,-1.5616874694824219,-0.859509289264679,0.0,-1.300554871559143,-0.09963666647672653,0.0
1.09,6.11955451965332,-0.8948535919189453,2.0,-1.5746732950210571,-0.8605083227157593,0.0,-1.2965915203094482,-0.10016978532075882,0.0
1.1,6.103742599487305,-0.90346360206604,2.0,-1.5876191854476929,-0.8615127205848694,0.0,-1.2925957441329956,-0.10069255530834198,0.0
1.11,6.087801933288574,-0.912083625793457,2.0,-1.600525140762329,-0.8625220656394958,0.0,-1.288568139076233,-0.10120490193367004,0.0
1.12,6.071732521057129,-0.9207141399383545,2.0,-1.6133904457092285,-0.8635367155075073,0.0,-1.284508466720581,-0.10170669108629227,0.0
1.1300000000000001,6.055534362792969,-0.9293546676635742,2.0,-1.6262151002883911,-0.8645562529563904,0.0,-1.2804170846939087,-0.10219790041446686,0.0
1.1400000000000001,6.03920841217041,-0.9380052089691162,2.0,-1.6389987468719482,-0.8655807375907898,0.0,-1.2762939929962158,-0.10267846286296844,0.0
1.1500000000000001,6.022754192352295,-0.9466662406921387,2.0,-1.6517410278320312,-0.8666096925735474,0.0,-1.272139310836792,-0.10314828157424927,0.0
1.16,6.006173610687256,-0.955337405204773,2.0,-1.6644413471221924,-0.8676435351371765,0.0,-1.2679530382156372,-0.10360725969076157,0.0
1.17,5.989465713500977,-0.9640190601348877,2.0,-1.6770999431610107,-0.8686818480491638,0.0,-1.2637355327606201,-0.10405538231134415,0.0
1.18,5.972631454467773,-0.9727110862731934,2.0,-1.6897159814834595,-0.8697246313095093,0.0,-1.2594867944717407,-0.10449251532554626,0.0
1.19,5.955671787261963,-0.981413722038269,2.0,-1.7022895812988281,-0.8707717061042786,0.0,-1.2552069425582886,-0.10491862148046494,0.0
1.2,5.938586235046387,-0.9901264905929565,2.0,-1.7148200273513794,-0.8718228936195374,0.0,-1.2508962154388428,-0.105333611369133,0.0
1.21,5.921375274658203,-0.9988499879837036,2.0,-1.7273072004318237,-0.87287837266922,0.0,-1.2465544939041138,-0.10573744773864746,0.0
1.22,5.904040336608887,-1.0075842142105103,2.0,-1.7397509813308716,-0.8739376664161682,0.0,-1.2421821355819702,-0.106129951775074,0.0
1.23,5.886580467224121,-1.016329050064087,2.0,-1.7521508932113647,-0.8750008940696716,0.0,-1.2377792596817017,-0.10651116818189621,0.0
1.24,5.868997097015381,-1.025084137916565,2.0,-1.764506459236145,-0.8760678172111511,0.0,-1.233345866203308,-0.1068810522556305,0.0
1.25,5.851290702819824,-1.033850073814392,2.0,-1.776817798614502,-0.8771384358406067,0.0,-1.228882074356079,-0.1072394847869873,0.0
1.26,5.833460807800293,-1.0426270961761475,2.0,-1.7890839576721191,-0.8782126307487488,0.0,-1.2243882417678833,-0.10758627951145172,0.0
1.27,5.815508842468262,-1.0514144897460938,2.0,-1.8013052940368652,-0.8792901635169983,0.0,-1.2198641300201416,-0.1079215407371521,0.0
1.28,5.7974348068237305,-1.0602127313613892,2.0,-1.8134812116622925,-0.8803709149360657,0.0,-1.2153102159500122,-0.10824516415596008,0.0
1.29,5.779239654541016,-1.0690217018127441,2.0,-1.8256113529205322,-0.88145512342453,0.0,-1.2107264995574951,-0.10855703055858612,0.0
1.3,5.760923385620117,-1.0778417587280273,2.0,-1.8376954793930054,-0.882542073726654,0.0,-1.2061131000518799,-0.10885705053806305,0.0
1.31,5.742485523223877,-1.0866726636886597,2.0,-1.8497334718704224,-0.8836320638656616,0.0,-1.2014702558517456,-0.10914522409439087,0.0
1.32,5.723928451538086,-1.0955144166946411,2.0,-1.8617249727249146,-0.8847249150276184,0.0,-1.1967979669570923,-0.10942146927118301,0.0
1.33,5.705251693725586,-1.1043672561645508,2.0,-1.8736693859100342,-0.8858205080032349,0.0,-1.1920963525772095,-0.10968570411205292,0.0
1.34,5.686455249786377,-1.1132310628890991,2.0,-1.8855667114257812,-0.8869187235832214,0.0,-1.1873656511306763,-0.10993791371583939,0.0
1.35,5.667540550231934,-1.1221058368682861,2.0,-1.8974167108535767,-0.8880192041397095,0.0,-1.1826058626174927,-0.11017794162034988,0.0
1.36,5.648507118225098,-1.1309916973114014,2.0,-1.9092187881469727,-0.8891220688819885,0.0,-1.1778173446655273,-0.11040578037500381,0.0
1.37,5.6293559074401855,-1.1398879289627075,2.0,-1.9209729433059692,-0.8902273774147034,0.0,-1.1729999780654907,-0.11062142997980118,0.0
1.3800000000000001,5.6100873947143555,-1.1487958431243896,2.0,-1.9326785802841187,-0.891334593296051,0.0,-1.1681541204452515,-0.11082467436790466,0.0
1.3900000000000001,5.590702533721924,-1.1577147245407104,2.0,-1.9443358182907104,-0.8924437761306763,0.0,-1.1632798910140991,-0.11101560294628143,0.0
1.4000000000000001,5.571201324462891,-1.166644811630249,2.0,-1.9559441804885864,-0.8935548663139343,0.0,-1.1583774089813232,-0.11119404435157776,0.0
1.41,5.551583766937256,-1.1755859851837158,2.0,-1.9675034284591675,-0.8946676850318909,0.0,-1.1534466743469238,-0.11135999858379364,0.0
1.42,5.531851291656494,-1.1845381259918213,2.0,-1.9790130853652954,-0.895781934261322,0.0,-1.14848792552948,-0.1115134209394455,0.0
1.43,5.5120038986206055,-1.193501591682434,2.0,-1.9904729127883911,-0.8968978524208069,0.0,-1.1435014009475708,-0.11165422946214676,0.0
1.44,5.492042064666748,-1.202475905418396,2.0,-2.001883029937744,-0.8980151414871216,0.0,-1.1384871006011963,-0.11178233474493027,0.0
1.45,5.471966743469238,-1.2114617824554443,2.0,-2.013242721557617,-0.899133563041687,0.0,-1.1334452629089355,-0.11189768463373184,0.0
1.46,5.451777458190918,-1.2204586267471313,2.0,-2.0245518684387207,-0.9002529382705688,0.0,-1.1283760070800781,-0.11200025677680969,0.0
1.47,5.431475639343262,-1.2294669151306152,2.0,-2.0358102321624756,-0.9013733863830566,0.0,-1.1232794523239136,-0.11208990216255188,0.0
1.48,5.4110612869262695,-1.2384861707687378,2.0,-2.0470173358917236,-0.9024947285652161,0.0,-1.118155837059021,-0.11216676980257034,0.0
1.49,5.3905348777771,-1.2475167512893677,2.0,-2.058173179626465,-0.9036166071891785,0.0,-1.1130051612854004,-0.11223053932189941,0.0
1.5,5.369897842407227,-1.2565586566925049,2.0,-2.069277286529541,-0.904739260673523,0.0,-1.1078277826309204,-0.11228135228157043,0.0
1.51,5.349149703979492,-1.2656115293502808,2.0,-2.080329656600952,-0.9058623313903809,0.0,-1.1026235818862915,-0.11231911927461624,0.0
1.52,5.328291416168213,-1.2746758460998535,2.0,-2.09132981300354,-0.9069857001304626,0.0,-1.0973929166793823,-0.11234370619058609,0.0
1.53,5.307323455810547,-1.283751368522644,2.0,-2.1022772789001465,-0.9081091284751892,0.0,-1.0921359062194824,-0.112355075776577,0.0
1.54,5.286246299743652,-1.2928379774093628,2.0,-2.1131722927093506,-0.9092326760292053,0.0,-1.0868525505065918,-0.11235331743955612,0.0
1.55,5.2650604248046875,-1.3019357919692993,2.0,-2.124014377593994,-0.9103562235832214,0.0,-1.0815433263778687,-0.11233821511268616,0.0
1.56,5.2437663078308105,-1.3110451698303223,2.0,-2.134803056716919,-0.9114794731140137,0.0,-1.0762079954147339,-0.11230971664190292,0.0
1.57,5.22236442565918,-1.320165753364563,2.0,-2.145538330078125,-0.9126021862030029,0.0,-1.0708470344543457,-0.1122678741812706,0.0
1.58,5.200855255126953,-1.3292973041534424,2.0,-2.156219959259033,-0.9137246012687683,0.0,-1.065460443496704,-0.1122126430273056,0.0
1.59,5.1792402267456055,-1.33843994140625,2.0,-2.1668474674224854,-0.9148464798927307,0.0,-1.0600484609603882,-0.1121438518166542,0.0
1.6,5.1575188636779785,-1.3475940227508545,2.0,-2.1774208545684814,-0.9159674644470215,0.0,-1.0546112060546875,-0.11206153780221939,0.0
1.61,5.1356916427612305,-1.3567591905593872,2.0,-2.1879396438598633,-0.917087733745575,0.0,-1.0491485595703125,-0.11196570843458176,0.0
1.62,5.113760471343994,-1.365936040878296,2.0,-2.1984035968780518,-0.9182068109512329,0.0,-1.0436612367630005,-0.11185605823993683,0.0
1.6300000000000001,5.091723918914795,-1.3751236200332642,2.0,-2.208812713623047,-0.9193246960639954,0.0,-1.0381488800048828,-0.1117328479886055,0.0
1.6400000000000001,5.069583892822266,-1.384322166442871,2.0,-2.2191665172576904,-0.9204413890838623,0.0,-1.0326118469238281,-0.1115959957242012,0.0
1.6500000000000001,5.0473408699035645,-1.3935322761535645,2.0,-2.2294650077819824,-0.9215565323829651,0.0,-1.0270506143569946,-0.11144518852233887,0.0
1.6600000000000001,5.024994850158691,-1.4027535915374756,2.0,-2.2397074699401855,-0.9226703643798828,0.0,-1.0214648246765137,-0.11128060519695282,0.0
1.67,5.002547264099121,-1.4119857549667358,2.0,-2.2498939037323,-0.9237821698188782,0.0,-1.0158549547195435,-0.11110220849514008,0.0
1.68,4.979997158050537,-1.4212291240692139,2.0,-2.2600245475769043,-0.9248923063278198,0.0,-1.0102208852767944,-0.11090990155935287,0.0
1.69,4.9573469161987305,-1.430483341217041,2.0,-2.2700984477996826,-0.9260004162788391,0.0,-1.0045630931854248,-0.11070365458726883,0.0
1.7,4.934595108032227,-1.439749002456665,2.0,-2.2801156044006348,-0.9271062016487122,0.0,-0.9988816976547241,-0.1104833260178566,0.0
1.71,4.911744117736816,-1.4490257501602173,2.0,-2.29007625579834,-0.9282098412513733,0.0,-0.9931766986846924,-0.11024904996156693,0.0
1.72,4.8887939453125,-1.4583135843276978,2.0,-2.2999789714813232,-0.9293110966682434,0.0,-0.9874484539031982,-0.11000057309865952,0.0
1.73,4.8657450675964355,-1.4676119089126587,2.0,-2.3098249435424805,-0.9304100871086121,0.0,-0.9816969633102417,-0.10973810404539108,0.0
1.74,4.842597961425781,-1.4769213199615479,2.0,-2.319612979888916,-0.9315060973167419,0.0,-0.9759223461151123,-0.10946142673492432,0.0
1.75,4.819353103637695,-1.4862420558929443,2.0,-2.329343318939209,-0.9325991272926331,0.0,-0.9701250195503235,-0.10917054861783981,0.0
1.76,4.796010971069336,-1.4955732822418213,2.0,-2.339015483856201,-0.933689296245575,0.0,-0.9643049240112305,-0.10886546224355698,0.0
1.77,4.772572994232178,-1.5049158334732056,2.0,-2.3486292362213135,-0.9347763657569885,0.0,-0.9584622383117676,-0.10854604095220566,0.0
1.78,4.7490386962890625,-1.5142691135406494,2.0,-2.358184576034546,-0.9358600974082947,0.0,-0.9525973200798035,-0.10821229219436646,0.0
1.79,4.725409030914307,-1.5236328840255737,2.0,-2.3676810264587402,-0.9369404315948486,0.0,-0.9467102289199829,-0.10786429047584534,0.0
1.8,4.701685428619385,-1.5330077409744263,2.0,-2.3771188259124756,-0.9380175471305847,0.0,-0.9408010244369507,-0.10750187188386917,0.0
1.81,4.677867412567139,-1.5423933267593384,2.0,-2.3864972591400146,-0.9390904903411865,0.0,-0.9348701238632202,-0.10712498426437378,0.0
1.82,4.653955459594727,-1.5517892837524414,2.0,-2.3958160877227783,-0.9401598572731018,0.0,-0.928917407989502,-0.10673372447490692,0.0
1.83,4.629951000213623,-1.561196208000183,2.0,-2.4050755500793457,-0.9412252306938171,0.0,-0.9229432940483093,-0.10632796585559845,0.0
1.84,4.605854511260986,-1.570613980293274,2.0,-2.4142749309539795,-0.9422863721847534,0.0,-0.9169478416442871,-0.10590756684541702,0.0
1.85,4.581665992736816,-1.5800421237945557,2.0,-2.4234142303466797,-0.9433432221412659,0.0,-0.9109311699867249,-0.10547269880771637,0.0
1.86,4.55738639831543,-1.5894807577133179,2.0,-2.4324936866760254,-0.9443958401679993,0.0,-0.9048935770988464,-0.10502324998378754,0.0
1.87,4.533016204833984,-1.5989303588867188,2.0,-2.441512107849121,-0.9454436898231506,0.0,-0.8988351225852966,-0.10455912351608276,0.0
1.8800000000000001,4.508556365966797,-1.6083896160125732,2.0,-2.450470209121704,-0.9464869499206543,0.0,-0.8927561640739441,-0.1040804460644722,0.0
1.8900000000000001,4.484006881713867,-1.6178597211837769,2.0,-2.459366798400879,-0.9475252032279968,0.0,-0.8866567015647888,-0.10358704626560211,0.0
1.9000000000000001,4.459368705749512,-1.627340316772461,2.0,-2.468203067779541,-0.9485584497451782,0.0,-0.8805369138717651,-0.1030789241194725,0.0
1.9100000000000001,4.434642791748047,-1.6368310451507568,2.0,-2.476977586746216,-0.949586808681488,0.0,-0.8743969798088074,-0.10255608707666397,0.0
1.92,4.409830093383789,-1.6463321447372437,2.0,-2.4856908321380615,-0.9506096839904785,0.0,-0.8682373762130737,-0.10201844573020935,0.0
1.93,4.384929656982422,-1.6558431386947632,2.0,-2.494342565536499,-0.9516271352767944,0.0,-0.8620577454566956,-0.10146608203649521,0.0
1.94,4.359942436218262,-1.6653645038604736,2.0,-2.50293231010437,-0.9526388645172119,0.0,-0.8558585047721863,-0.10089891403913498,0.0
1.95,4.334871292114258,-1.6748958826065063,2.0,-2.5114595890045166,-0.9536449313163757,0.0,-0.8496401906013489,-0.10031689703464508,0.0
1.96,4.309714317321777,-1.6844373941421509,2.0,-2.5199246406555176,-0.9546452760696411,0.0,-0.8434024453163147,-0.09971994161605835,0.0
1.97,4.284472465515137,-1.693988561630249,2.0,-2.528327465057373,-0.9556394815444946,0.0,-0.8371456265449524,-0.09910822659730911,0.0
1.98,4.259147644042969,-1.7035499811172485,2.0,-2.536667823791504,-0.9566273093223572,0.0,-0.8308700919151306,-0.09848149120807648,0.0
1.99,4.233739852905273,-1.7131214141845703,2.0,-2.544945001602173,-0.9576089978218079,0.0,-0.8245757818222046,-0.0978398248553276,0.0
2.0,4.208249092102051,-1.7227023839950562,2.0,-2.553159236907959,-0.958584189414978,0.0,-0.8182629346847534,-0.09718325734138489,0.0
2.0100000000000002,4.182676315307617,-1.7322930097579956,2.0,-2.561310052871704,-0.959552526473999,0.0,-0.8119319081306458,-0.09651163220405579,0.0
2.02,4.157022953033447,-1.7418935298919678,2.0,-2.5693979263305664,-0.9605143666267395,0.0,-0.8055827617645264,-0.09582507610321045,0.0
2.0300000000000002,4.131288528442383,-1.7515028715133667,2.0,-2.5774216651916504,-0.9614691138267517,0.0,-0.79921555519104,-0.09512358158826828,0.0
2.04,4.105474948883057,-1.761122703552246,2.0,-2.5853817462921143,-0.9624167084693909,0.0,-0.7928307056427002,-0.09440694004297256,0.0
2.05,4.0795817375183105,-1.7707514762878418,2.0,-2.593278169631958,-0.9633572697639465,0.0,-0.7864281535148621,-0.09367527067661285,0.0
2.06,4.053609848022461,-1.780389666557312,2.0,-2.6011104583740234,-0.9642901420593262,0.0,-0.7800083756446838,-0.09292854368686676,0.0
2.07,4.027559280395508,-1.7900372743606567,2.0,-2.6088781356811523,-0.9652155041694641,0.0,-0.7735711932182312,-0.09216666966676712,0.0
2.08,4.001431941986084,-1.7996940612792969,2.0,-2.616581916809082,-0.9661335349082947,0.0,-0.7671170234680176,-0.09138977527618408,0.0
2.09,3.9752278327941895,-1.8093599081039429,2.0,-2.624220848083496,-0.9670433402061462,0.0,-0.7606461644172668,-0.09059768915176392,0.0
2.1,3.9489479064941406,-1.8190349340438843,2.0,-2.6317946910858154,-0.9679453372955322,0.0,-0.7541584968566895,-0.08979053050279617,0.0
2.11,3.9225926399230957,-1.828718900680542,2.0,-2.639303684234619,-0.9688392281532288,0.0,-0.7476544380187988,-0.0889681875705719,0.0
2.12,3.896162509918213,-1.8384116888046265,2.0,-2.6467478275299072,-0.9697246551513672,0.0,-0.7411341071128845,-0.08813074231147766,0.0
2.13,3.869657516479492,-1.8481132984161377,2.0,-2.6541264057159424,-0.9706017374992371,0.0,-0.7345976233482361,-0.08727800846099854,0.0
2.14,3.8430795669555664,-1.857823371887207,2.0,-2.661439895629883,-0.9714702367782593,0.0,-0.7280451059341431,-0.08641026169061661,0.0
2.15,3.8164291381835938,-1.8675426244735718,2.0,-2.668687105178833,-0.9723296761512756,0.0,-0.7214770913124084,-0.08552715182304382,0.0
2.16,3.789706230163574,-1.8772703409194946,2.0,-2.6758689880371094,-0.9731806516647339,0.0,-0.7148934602737427,-0.08462893217802048,0.0
2.17,3.7629120349884033,-1.8870060443878174,2.0,-2.6829850673675537,-0.9740225672721863,0.0,-0.7082944512367249,-0.08371552079916,0.0
2.18,3.7360470294952393,-1.896750807762146,2.0,-2.690034866333008,-0.9748548269271851,0.0,-0.7016803026199341,-0.08278679102659225,0.0
2.19,3.709111452102661,-1.906503438949585,2.0,-2.697018623352051,-0.9756780862808228,0.0,-0.6950511932373047,-0.08184286952018738,0.0
2.2,3.6821064949035645,-1.9162641763687134,2.0,-2.7039361000061035,-0.9764917492866516,0.0,-0.6884071826934814,-0.08088375627994537,0.0
2.21,3.6550333499908447,-1.9260332584381104,2.0,-2.710786819458008,-0.9772958159446716,0.0,-0.6817488670349121,-0.0799093171954155,0.0
2.22,3.6278908252716064,-1.9358100891113281,2.0,-2.7175707817077637,-0.9780898094177246,0.0,-0.675075888633728,-0.07891973108053207,0.0
2.23,3.600681781768799,-1.9455947875976562,2.0,-2.72428822517395,-0.9788740873336792,0.0,-0.6683887839317322,-0.07791482657194138,0.0
2.24,3.5734055042266846,-1.9553874731063843,2.0,-2.730938673019409,-0.9796480536460876,0.0,-0.6616877913475037,-0.07689468562602997,0.0
2.25,3.546063184738159,-1.9651875495910645,2.0,-2.7375218868255615,-0.980411946773529,0.0,-0.6549728512763977,-0.07585930824279785,0.0
2.2600000000000002,3.518655300140381,-1.974995732307434,2.0,-2.7440381050109863,-0.9811652302742004,0.0,-0.6482442617416382,-0.07480861246585846,0.0
2.27,3.491182804107666,-1.9848110675811768,2.0,-2.7504868507385254,-0.9819079637527466,0.0,-0.641502320766449,-0.07374268025159836,0.0
2.2800000000000002,3.4636456966400146,-1.994633674621582,2.0,-2.7568681240081787,-0.9826400876045227,0.0,-0.6347470283508301,-0.07266142964363098,0.0
2.29,3.4360456466674805,-2.0044639110565186,2.0,-2.763181686401367,-0.9833611845970154,0.0,-0.6279788017272949,-0.0715649425983429,0.0
2.3000000000000003,3.4083824157714844,-2.01430082321167,2.0,-2.7694272994995117,-0.9840712547302246,0.0,-0.621197521686554,-0.0704532191157341,0.0
2.31,3.380657196044922,-2.0241451263427734,2.0,-2.7756054401397705,-0.9847702383995056,0.0,-0.6144036650657654,-0.06932622194290161,0.0
2.32,3.3528707027435303,-2.03399658203125,2.0,-2.7817153930664062,-0.9854577779769897,0.0,-0.6075974702835083,-0.06818389892578125,0.0
2.33,3.3250231742858887,-2.043854236602783,2.0,-2.787757396697998,-0.986133873462677,0.0,-0.6007788181304932,-0.06702642887830734,0.0
2.34,3.2971155643463135,-2.0537190437316895,2.0,-2.7937309741973877,-0.9867983460426331,0.0,-0.5939481258392334,-0.06585364043712616,0.0
2.35,3.269148826599121,-2.0635905265808105,2.0,-2.7996363639831543,-0.9874508380889893,0.0,-0.5871055722236633,-0.06466557085514069,0.0
2.36,3.2411231994628906,-2.073467969894409,2.0,-2.8054730892181396,-0.9880915880203247,0.0,-0.5802513360977173,-0.0634622722864151,0.0
2.37,3.2130393981933594,-2.0833520889282227,2.0,-2.8112411499023438,-0.9887201189994812,0.0,-0.57338547706604,-0.06224377453327179,0.0
2.38,3.1848983764648438,-2.0932421684265137,2.0,-2.816941022872925,-0.9893362522125244,0.0,-0.5665084719657898,-0.061009958386421204,0.0
2.39,3.15670108795166,-2.1031384468078613,2.0,-2.8225715160369873,-0.9899402856826782,0.0,-0.559620201587677,-0.05976099148392677,0.0
2.4,3.1284472942352295,-2.1130409240722656,2.0,-2.8281333446502686,-0.9905316233634949,0.0,-0.5527210831642151,-0.05849670618772507,0.0
2.41,3.1001384258270264,-2.1229491233825684,2.0,-2.8336257934570312,-0.99111008644104,0.0,-0.5458112955093384,-0.05721727013587952,0.0
2.42,3.071774959564209,-2.1328632831573486,2.0,-2.8390493392944336,-0.991675853729248,0.0,-0.5388908982276917,-0.055922601372003555,0.0
2.43,3.0433578491210938,-2.142782688140869,2.0,-2.8444037437438965,-0.9922284483909607,0.0,-0.5319602489471436,-0.05461282655596733,0.0
2.44,3.0148870944976807,-2.152707576751709,2.0,-2.8496885299682617,-0.9927679896354675,0.0,-0.5250193476676941,-0.0532878115773201,0.0
2.45,2.9863641262054443,-2.1626381874084473,2.0,-2.8549041748046875,-0.9932941794395447,0.0,-0.5180685520172119,-0.05194760859012604,0.0
2.46,2.957789421081543,-2.172574043273926,2.0,-2.8600499629974365,-0.9938068985939026,0.0,-0.5111081004142761,-0.05059221386909485,0.0
2.47,2.929163694381714,-2.182514190673828,2.0,-2.865126132965088,-0.9943061470985413,0.0,-0.5041380524635315,-0.04922179877758026,0.0
2.48,2.900486946105957,-2.1924595832824707,2.0,-2.8701324462890625,-0.9947913885116577,0.0,-0.4971587061882019,-0.047836147248744965,0.0
2.49,2.8717613220214844,-2.2024097442626953,2.0,-2.8750691413879395,-0.9952626824378967,0.0,-0.4901701509952545,-0.046435434371232986,0.0
2.5,2.8429861068725586,-2.212364673614502,2.0,-2.8799357414245605,-0.9957200884819031,0.0,-0.4831726849079132,-0.045019615441560745,0.0
2.5100000000000002,2.8141627311706543,-2.2223243713378906,2.0,-2.884732723236084,-0.9961631894111633,0.0,-0.4761664867401123,-0.04358864575624466,0.0
2.52,2.7852916717529297,-2.232288360595703,2.0,-2.8894593715667725,-0.9965916275978088,0.0,-0.46915167570114136,-0.042142655700445175,0.0
2.5300000000000002,2.756373882293701,-2.242255687713623,2.0,-2.894115686416626,-0.9970058798789978,0.0,-0.46212857961654663,-0.040681686252355576,0.0
2.54,2.7274091243743896,-2.2522287368774414,2.0,-2.8987019062042236,-0.9974052906036377,0.0,-0.4550971984863281,-0.03920552879571915,0.0
2.5500000000000003,2.6984000205993652,-2.262204170227051,2.0,-2.903217315673828,-0.9977899193763733,0.0,-0.44805800914764404,-0.03771447762846947,0.0
2.56,2.6693451404571533,-2.272184371948242,2.0,-2.907662868499756,-0.9981595277786255,0.0,-0.441010981798172,-0.036208365112543106,0.0
2.57,2.640246629714966,-2.282167434692383,2.0,-2.9120378494262695,-0.9985140562057495,0.0,-0.43395644426345825,-0.034687358886003494,0.0
2.58,2.611104965209961,-2.292153835296631,2.0,-2.91634202003479,-0.9988532662391663,0.0,-0.42689457535743713,-0.03315141797065735,0.0
2.59,2.5819199085235596,-2.3021442890167236,2.0,-2.9205758571624756,-0.9991769790649414,0.0,-0.4198254346847534,-0.031600456684827805,0.0
2.6,2.5526938438415527,-2.3121378421783447,2.0,-2.924738645553589,-0.999485194683075,0.0,-0.4127494990825653,-0.030034605413675308,0.0
2.61,2.523425340652466,-2.322134017944336,2.0,-2.928830623626709,-0.9997774958610535,0.0,-0.40566661953926086,-0.028453905135393143,0.0
2.62,2.494117259979248,-2.3321332931518555,2.0,-2.932851791381836,-1.0000543594360352,0.0,-0.3985773026943207,-0.02685835398733616,0.0
2.63,2.464768886566162,-2.342135429382324,2.0,-2.936802387237549,-1.000314712524414,0.0,-0.3914816081523895,-0.025247955694794655,0.0
2.64,2.4353814125061035,-2.3521392345428467,2.0,-2.9406814575195312,-1.0005590915679932,0.0,-0.3843797445297241,-0.023622795939445496,0.0
2.65,2.4059557914733887,-2.3621459007263184,2.0,-2.9444897174835205,-1.000787377357483,0.0,-0.37727195024490356,-0.021982870995998383,0.0
2.66,2.3764917850494385,-2.37215518951416,2.0,-2.9482269287109375,-1.000998616218567,0.0,-0.3701583445072174,-0.02032809890806675,0.0
2.67,2.3469913005828857,-2.3821659088134766,2.0,-2.951892852783203,-1.0011937618255615,0.0,-0.36303919553756714,-0.01865869201719761,0.0
2.68,2.3174540996551514,-2.392178773880005,2.0,-2.9554877281188965,-1.0013718605041504,0.0,-0.3559145927429199,-0.016974521800875664,0.0
2.69,2.287881851196289,-2.402193546295166,2.0,-2.9590110778808594,-1.0015331506729126,0.0,-0.34878507256507874,-0.015275760553777218,0.0
2.7,2.2582738399505615,-2.4122095108032227,2.0,-2.96246337890625,-1.0016772747039795,0.0,-0.3416503369808197,-0.013562322594225407,0.0
2.71,2.2286324501037598,-2.4222264289855957,2.0,-2.96584415435791,-1.0018043518066406,0.0,-0.3345109522342682,-0.011834335513412952,0.0
2.72,2.1989574432373047,-2.4322457313537598,2.0,-2.969153642654419,-1.0019139051437378,0.0,-0.32736700773239136,-0.010091672651469707,0.0
2.73,2.1692497730255127,-2.442265510559082,2.0,-2.9723916053771973,-1.0020060539245605,0.0,-0.3202187418937683,-0.008334589190781116,0.0
2.74,2.139509916305542,-2.4522852897644043,2.0,-2.975557804107666,-1.0020807981491089,0.0,-0.313066303730011,-0.006563000846654177,0.0
2.75,2.109738826751709,-2.4623069763183594,2.0,-2.9786529541015625,-1.002137303352356,0.0,-0.3059099018573761,-0.0047768643125891685,0.0
2.7600000000000002,2.079937219619751,-2.4723284244537354,2.0,-2.9816761016845703,-1.0021761655807495,0.0,-0.29874974489212036,-0.0029763509519398212,0.0
2.77,2.050105571746826,-2.4823503494262695,2.0,-2.9846277236938477,-1.0021966695785522,0.0,-0.2915860116481781,-0.0011614608811214566,0.0
2.7800000000000002,2.020244836807251,-2.4923722743988037,2.0,-2.9875078201293945,-1.0021992921829224,0.0,-0.2844189405441284,0.0006678486242890358,0.0
2.79,1.990355372428894,-2.502394199371338,2.0,-2.990316152572632,-1.002183437347412,0.0,-0.27724868059158325,0.0025114489253610373,0.0
2.8000000000000003,1.960438847541809,-2.512416124343872,2.0,-2.9930529594421387,-1.002148985862732,0.0,-0.27007555961608887,0.004369297064840794,0.0
2.81,1.930495023727417,-2.5224368572235107,2.0,-2.995717763900757,-1.0020960569381714,0.0,-0.26289963722229004,0.006241350434720516,0.0
2.82,1.900524377822876,-2.5324573516845703,2.0,-2.9983105659484863,-1.0020241737365723,0.0,-0.2557210624217987,0.008127780631184578,0.0
2.83,1.8705291748046875,-2.542477607727051,2.0,-3.0008320808410645,-1.0019333362579346,0.0,-0.24854034185409546,0.010028157383203506,0.0
2.84,1.840507984161377,-2.5524964332580566,2.0,-3.003281831741333,-1.0018235445022583,0.0,-0.24135728180408478,0.011942869052290916,0.0
2.85,1.8104634284973145,-2.5625133514404297,2.0,-3.005659341812134,-1.0016945600509644,0.0,-0.23417234420776367,0.013871484436094761,0.0
2.86,1.7803951501846313,-2.5725302696228027,2.0,-3.007965326309204,-1.0015459060668945,0.0,-0.22698566317558289,0.01581430435180664,0.0
2.87,1.7503042221069336,-2.5825448036193848,2.0,-3.0101990699768066,-1.001378059387207,0.0,-0.21979744732379913,0.017770987004041672,0.0
2.88,1.7201915979385376,-2.592557430267334,2.0,-3.0123608112335205,-1.0011907815933228,0.0,-0.21260787546634674,0.019741617143154144,0.0
2.89,1.6900572776794434,-2.6025686264038086,2.0,-3.014451265335083,-1.0009832382202148,0.0,-0.2054171860218048,0.021726280450820923,0.0
2.9,1.659902811050415,-2.612577438354492,2.0,-3.0164692401885986,-1.0007561445236206,0.0,-0.1982254832983017,0.023724719882011414,0.0
2.91,1.629728078842163,-2.6225836277008057,2.0,-3.0184154510498047,-1.0005087852478027,0.0,-0.1910330057144165,0.025737019255757332,0.0
2.92,1.5995348691940308,-2.63258695602417,2.0,-3.020289897918701,-1.0002411603927612,0.0,-0.18384011089801788,0.027763010933995247,0.0
2.93,1.5693224668502808,-2.6425881385803223,2.0,-3.022092342376709,-0.9999533295631409,0.0,-0.17664675414562225,0.029802776873111725,0.0
2.94,1.539093017578125,-2.6525862216949463,2.0,-3.023822784423828,-0.9996451735496521,0.0,-0.16945330798625946,0.031856145709753036,0.0
2.95,1.5088468790054321,-2.662580728530884,2.0,-3.0254814624786377,-0.9993162751197815,0.0,-0.1622600108385086,0.033923208713531494,0.0
2.96,1.478583574295044,-2.672572374343872,2.0,-3.0270683765411377,-0.998966634273529,0.0,-0.15506674349308014,0.036003828048706055,0.0
2.97,1.448305606842041,-2.682560443878174,2.0,-3.028582811355591,-0.9985961318016052,0.0,-0.1478741616010666,0.03809797018766403,0.0
2.98,1.4180121421813965,-2.692544460296631,2.0,-3.0300257205963135,-0.9982045292854309,0.0,-0.14068202674388885,0.04020562767982483,0.0
2.99,1.3877050876617432,-2.7025246620178223,2.0,-3.0313963890075684,-0.9977920651435852,0.0,-0.13349084556102753,0.04232659190893173,0.0
3.0,1.357384443283081,-2.7125000953674316,2.0,-3.0326952934265137,-0.9973579049110413,0.0,-0.12630070745944977,0.04446098580956459,0.0
3.0100000000000002,1.3270515203475952,-2.722471237182617,2.0,-3.0339224338531494,-0.9969027638435364,0.0,-0.11911184340715408,0.046608682721853256,0.0
3.02,1.2967066764831543,-2.732438087463379,2.0,-3.0350778102874756,-0.9964259266853333,0.0,-0.11192440241575241,0.048769641667604446,0.0
3.0300000000000002,1.2663500308990479,-2.7424001693725586,2.0,-3.036161184310913,-0.9959272146224976,0.0,-0.10473860055208206,0.05094382166862488,0.0
3.04,1.2359836101531982,-2.75235652923584,2.0,-3.037172317504883,-0.9954069256782532,0.0,-0.09755469113588333,0.05313117057085037,0.0
3.0500000000000003,1.2056066989898682,-2.762308120727539,2.0,-3.038112163543701,-0.9948646426200867,0.0,-0.0903727263212204,0.05533156916499138,0.0
3.06,1.1752216815948486,-2.7722537517547607,2.0,-3.0389797687530518,-0.9943001866340637,0.0,-0.08319316059350967,0.0575450174510479,0.0
3.0700000000000003,1.1448273658752441,-2.782193899154663,2.0,-3.039775848388672,-0.9937135577201843,0.0,-0.07601586729288101,0.05977146327495575,0.0
3.08,1.1144261360168457,-2.792128086090088,2.0,-3.0405001640319824,-0.993104875087738,0.0,-0.06884132325649261,0.0620107427239418,0.0
3.09,1.0840179920196533,-2.802056074142456,2.0,-3.0411527156829834,-0.9924734234809875,0.0,-0.06166967377066612,0.0642629861831665,0.0
3.1,1.0536034107208252,-2.8119773864746094,2.0,-3.041733980178833,-0.991819441318512,0.0,-0.054500922560691833,0.06652797013521194,0.0
3.11,1.0231833457946777,-2.821892499923706,2.0,-3.0422425270080566,-0.9911429286003113,0.0,-0.04733545333147049,0.06880565732717514,0.0
3.12,0.9927586317062378,-2.8317999839782715,2.0,-3.042680263519287,-0.9904432892799377,0.0,-0.04017341881990433,0.07109609246253967,0.0
3.13,0.9623300433158875,-2.841701030731201,2.0,-3.043046236038208,-0.98972088098526,0.0,-0.03301505371928215,0.07339910417795181,0.0
3.14,0.9318978786468506,-2.8515944480895996,2.0,-3.0433406829833984,-0.9889751076698303,0.0,-0.025860486552119255,0.0757146030664444,0.0
3.15,0.9014634490013123,-2.861480712890625,2.0,-3.0435636043548584,-0.9882065057754517,0.0,-0.018709953874349594,0.07804262638092041,0.0
3.16,0.8710266351699829,-2.871358871459961,2.0,-3.043714761734009,-0.9874143004417419,0.0,-0.011563561856746674,0.08038323372602463,0.0
3.17,0.8405894041061401,-2.8812286853790283,2.0,-3.043794870376587,-0.986598789691925,0.0,-0.004421718418598175,0.08273597806692123,0.0
3.18,0.8101515769958496,-2.8910906314849854,2.0,-3.0438034534454346,-0.9857596755027771,0.0,0.0027155543211847544,0.08510112762451172,0.0
3.19,0.7797134518623352,-2.900944232940674,2.0,-3.0437405109405518,-0.984896719455719,0.0,0.009848106652498245,0.08747851103544235,0.0
3.2,0.7492769956588745,-2.910788059234619,2.0,-3.0436065196990967,-0.9840100407600403,0.0,0.016975529491901398,0.08986794948577881,0.0
3.21,0.7188413739204407,-2.920624017715454,2.0,-3.0434012413024902,-0.9830992221832275,0.0,0.02409788966178894,0.09226962178945541,0.0
3.22,0.6884089708328247,-2.930450201034546,2.0,-3.0431244373321533,-0.9821646809577942,0.0,0.031214777380228043,0.09468326717615128,0.0
3.23,0.6579791903495789,-2.940267562866211,2.0,-3.0427768230438232,-0.9812055230140686,0.0,0.03832608461380005,0.09710880368947983,0.0
3.24,0.6275536417961121,-2.9500741958618164,2.0,-3.042357921600342,-0.9802224040031433,0.0,0.045431580394506454,0.09954630583524704,0.0
3.25,0.5971326231956482,-2.959871530532837,2.0,-3.0418684482574463,-0.9792148470878601,0.0,0.052531108260154724,0.10199561715126038,0.0
3.2600000000000002,0.5667165517807007,-2.969658613204956,2.0,-3.041307210922241,-0.9781823754310608,0.0,0.059624478220939636,0.10445664077997208,0.0
3.27,0.5363067984580994,-2.9794352054595947,2.0,-3.040675640106201,-0.9771256446838379,0.0,0.06671147793531418,0.10692933201789856,0.0
3.2800000000000002,0.505902886390686,-2.989201068878174,2.0,-3.039973258972168,-0.9760437607765198,0.0,0.07379203289747238,0.10941361635923386,0.0
3.29,0.47550755739212036,-2.9989562034606934,2.0,-3.0391998291015625,-0.9749372601509094,0.0,0.08086562156677246,0.11190953105688095,0.0
3.3000000000000003,0.4451192617416382,-3.008699417114258,2.0,-3.038355827331543,-0.9738054871559143,0.0,0.08793246746063232,0.11441681534051895,0.0
3.31,0.4147406220436096,-3.0184316635131836,2.0,-3.0374412536621094,-0.9726487994194031,0.0,0.0949920043349266,0.11693543195724487,0.0
3.3200000000000003,0.384371280670166,-3.0281524658203125,2.0,-3.0364558696746826,-0.9714669585227966,0.0,0.10204428434371948,0.11946538090705872,0.0
3.33,0.3540114164352417,-3.0378613471984863,2.0,-3.035400390625,-0.9702594876289368,0.0,0.10908913612365723,0.12200669944286346,0.0
3.34,0.3236634135246277,-3.0475573539733887,2.0,-3.0342743396759033,-0.9690266251564026,0.0,0.11612609028816223,0.12455900013446808,0.0
3.35,0.293326199054718,-3.057241916656494,2.0,-3.033078193664551,-0.9677682518959045,0.0,0.12315534800291061,0.12712246179580688,0.0
3.36,0.26300185918807983,-3.0669126510620117,2.0,-3.031811237335205,-0.9664841890335083,0.0,0.1301763951778412,0.12969692051410675,0.0
3.37,0.23269003629684448,-3.076571464538574,2.0,-3.0304744243621826,-0.9651742577552795,0.0,0.13718925416469574,0.13228225708007812,0.0
3.38,0.2023923397064209,-3.0862162113189697,2.0,-3.029067277908325,-0.9638386368751526,0.0,0.14419354498386383,0.134878471493721,0.0
3.39,0.1721096634864807,-3.0958480834960938,2.0,-3.027590751647949,-0.9624766707420349,0.0,0.15118902921676636,0.13748539984226227,0.0
3.4,0.14184099435806274,-3.105465888977051,2.0,-3.026043653488159,-0.9610886573791504,0.0,0.15817588567733765,0.1401030719280243,0.0
3.41,0.11158877611160278,-3.11506986618042,2.0,-3.0244269371032715,-0.9596746563911438,0.0,0.1651536226272583,0.14273133873939514,0.0
3.42,0.08135241270065308,-3.124659538269043,2.0,-3.022740602493286,-0.9582340717315674,0.0,0.17212222516536713,0.14537011086940765,0.0
3.43,0.051133930683135986,-3.1342341899871826,2.0,-3.020984649658203,-0.9567673206329346,0.0,0.17908130586147308,0.14801931381225586,0.0
3.44,0.020933151245117188,-3.143794298171997,2.0,-3.0191593170166016,-0.955273449420929,0.0,0.18603073060512543,0.1506788730621338,0.0
3.45,-0.009248793125152588,-3.1533398628234863,2.0,-3.0172641277313232,-0.9537535309791565,0.0,0.1929703950881958,0.15334875881671906,0.0
3.46,-0.03941148519515991,-3.1628692150115967,2.0,-3.0152997970581055,-0.9522067904472351,0.0,0.19990010559558868,0.15602870285511017,0.0
3.47,-0.06955480575561523,-3.1723835468292236,2.0,-3.013266086578369,-0.9506329894065857,0.0,0.20681974291801453,0.15871897339820862,0.0
3.48,-0.09967684745788574,-3.181881904602051,2.0,-3.0111632347106934,-0.9490323662757874,0.0,0.2137289196252823,0.161419078707695,0.0
3.49,-0.12977802753448486,-3.191364288330078,2.0,-3.0089917182922363,-0.9474046230316162,0.0,0.22062762081623077,0.16412922739982605,0.0
3.5,-0.15985625982284546,-3.20082950592041,2.0,-3.00675106048584,-0.9457495808601379,0.0,0.22751539945602417,0.1668490767478943,0.0
3.5100000000000002,-0.1899126172065735,-3.2102789878845215,2.0,-3.004441261291504,-0.9440673589706421,0.0,0.23439250886440277,0.16957874596118927,0.0
3.52,-0.2199450135231018,-3.2197108268737793,2.0,-3.002063035964966,-0.9423580765724182,0.0,0.2412583976984024,0.17231811583042145,0.0
3.5300000000000002,-0.2499532699584961,-3.229126453399658,2.0,-2.9996161460876465,-0.9406212568283081,0.0,0.24811305105686188,0.17506718635559082,0.0
3.54,-0.27993738651275635,-3.238523483276367,2.0,-2.997100830078125,-0.9388567209243774,0.0,0.25495633482933044,0.17782557010650635,0.0
3.5500000000000003,-0.3098953366279602,-3.247903347015381,2.0,-2.9945168495178223,-0.9370647072792053,0.0,0.2617878317832947,0.18059349060058594,0.0
3.56,-0.339827299118042,-3.2572646141052246,2.0,-2.9918651580810547,-0.9352446794509888,0.0,0.268607497215271,0.18337057530879974,0.0
3.5700000000000003,-0.36973220109939575,-3.2666077613830566,2.0,-2.989144802093506,-0.9333971738815308,0.0,0.2754151523113251,0.18615694344043732,0.0
3.58,-0.39961016178131104,-3.275932550430298,2.0,-2.986356735229492,-0.931521475315094,0.0,0.2822107672691345,0.18895258009433746,0.0
3.59,-0.4294593334197998,-3.285238265991211,2.0,-2.9835004806518555,-0.9296180605888367,0.0,0.28899386525154114,0.19175705313682556,0.0
3.6,-0.45928019285202026,-3.294524669647217,2.0,-2.980576992034912,-0.9276864528656006,0.0,0.2957645356655121,0.19457067549228668,0.0
3.61,-0.48907047510147095,-3.3037915229797363,2.0,-2.977585792541504,-0.9257264733314514,0.0,0.302522212266922,0.19739291071891785,0.0
3.62,-0.5188308954238892,-3.3130390644073486,2.0,-2.9745266437530518,-0.9237385988235474,0.0,0.30926713347435,0.2002241164445877,0.0
3.63,-0.5485610365867615,-3.3222663402557373,2.0,-2.971400260925293,-0.9217220544815063,0.0,0.3159990608692169,0.2030639946460724,0.0
3.64,-0.5782589316368103,-3.3314735889434814,2.0,-2.9682064056396484,-0.9196773171424866,0.0,0.3227176070213318,0.20591238141059875,0.0
3.65,-0.6079251766204834,-3.3406600952148438,2.0,-2.9649457931518555,-0.9176038503646851,0.0,0.32942280173301697,0.20876933634281158,0.0
3.66,-0.637557864189148,-3.349825382232666,2.0,-2.961617946624756,-0.9155020117759705,0.0,0.3361142873764038,0.2116345763206482,0.0
3.67,-0.6671570539474487,-3.3589699268341064,2.0,-2.958223819732666,-0.9133709073066711,0.0,0.342791885137558,0.2145080715417862,0.0
3.68,-0.6967219114303589,-3.3680930137634277,2.0,-2.9547624588012695,-0.9112115502357483,0.0,0.3494555652141571,0.21738986670970917,0.0
3.69,-0.7262517213821411,-3.3771941661834717,2.0,-2.9512345790863037,-0.9090234041213989,0.0,0.35610508918762207,0.2202797532081604,0.0
3.7,-0.7557464838027954,-3.3862733840942383,2.0,-2.9476401805877686,-0.9068059921264648,0.0,0.3627403676509857,0.22317761182785034,0.0
3.71,-0.7852045297622681,-3.3953301906585693,2.0,-2.943979501724243,-0.904559850692749,0.0,0.3693610429763794,0.22608336806297302,0.0
3.72,-0.8146260976791382,-3.4043643474578857,2.0,-2.9402530193328857,-0.9022843241691589,0.0,0.3759671449661255,0.22899697721004486,0.0
3.73,-0.8440092206001282,-3.4133753776550293,2.0,-2.936460494995117,-0.8999797105789185,0.0,0.3825581669807434,0.23191805183887482,0.0
3.74,-0.8733549118041992,-3.422363758087158,2.0,-2.9326021671295166,-0.8976457715034485,0.0,0.38913434743881226,0.23484697937965393,0.0
3.75,-0.9026613235473633,-3.431328535079956,2.0,-2.928678035736084,-0.8952828049659729,0.0,0.3956952691078186,0.23778337240219116,0.0
3.7600000000000002,-0.9319279193878174,-3.4402694702148438,2.0,-2.9246883392333984,-0.8928903937339783,0.0,0.4022407829761505,0.24072706699371338,0.0
3.77,-0.9611549973487854,-3.449186325073242,2.0,-2.92063307762146,-0.8904682397842407,0.0,0.4087708592414856,0.24367813766002655,0.0
3.7800000000000002,-0.9903401732444763,-3.4580788612365723,2.0,-2.916512966156006,-0.8880165815353394,0.0,0.41528499126434326,0.24663633108139038,0.0
3.79,-1.0194848775863647,-3.4669461250305176,2.0,-2.912327527999878,-0.8855353593826294,0.0,0.421783447265625,0.24960166215896606,0.0
3.8000000000000003,-1.0485867261886597,-3.4757893085479736,2.0,-2.9080772399902344,-0.8830245733261108,0.0,0.4282657504081726,0.25257405638694763,0.0
3.81,-1.0776463747024536,-3.484606981277466,2.0,-2.903762102127075,-0.880483865737915,0.0,0.4347319006919861,0.2555532455444336,0.0
3.8200000000000003,-1.1066620349884033,-3.493399143218994,2.0,-2.8993825912475586,-0.8779135942459106,0.0,0.44118160009384155,0.2585393488407135,0.0
3.83,-1.1356334686279297,-3.502164840698242,2.0,-2.8949384689331055,-0.8753133416175842,0.0,0.4476146996021271,0.2615319490432739,0.0
3.84,-1.164560317993164,-3.5109047889709473,2.0,-2.890430450439453,-0.8726826906204224,0.0,0.4540310502052307,0.2645311653614044,0.0
3.85,-1.1934417486190796,-3.519618511199951,2.0,-2.8858580589294434,-0.8700225949287415,0.0,0.4604305624961853,0.2675369381904602,0.0
3.86,-1.2222775220870972,-3.5283055305480957,2.0,-2.8812217712402344,-0.8673320412635803,0.0,0.4668130576610565,0.2705489695072174,0.0
3.87,-1.2510662078857422,-3.5369653701782227,2.0,-2.8765218257904053,-0.8646116256713867,0.0,0.4731782078742981,0.2735673189163208,0.0
3.88,-1.2798079252243042,-3.545597791671753,2.0,-2.871758222579956,-0.8618606925010681,0.0,0.4795260727405548,0.27659180760383606,0.0
3.89,-1.3085012435913086,-3.5542023181915283,2.0,-2.866931438446045,-0.8590797781944275,0.0,0.4858562648296356,0.2796224057674408,0.0
3.9,-1.3371456861495972,-3.562778949737549,2.0,-2.8620412349700928,-0.8562682867050171,0.0,0.4921686351299286,0.28265875577926636,0.0
3.91,-1.3657417297363281,-3.5713276863098145,2.0,-2.857088327407837,-0.8534263968467712,0.0,0.49846330285072327,0.28570106625556946,0.0
3.92,-1.3942874670028687,-3.5798473358154297,2.0,-2.85207200050354,-0.850554347038269,0.0,0.5047398805618286,0.28874900937080383,0.0
3.93,-1.4227832555770874,-3.5883383750915527,2.0,-2.8469932079315186,-0.847651481628418,0.0,0.5109983086585999,0.29180264472961426,0.0
3.94,-1.4512273073196411,-3.5968003273010254,2.0,-2.8418521881103516,-0.8447182774543762,0.0,0.5172382593154907,0.294861763715744,0.0
3.95,-1.4796198606491089,-3.6052327156066895,2.0,-2.836648941040039,-0.8417540192604065,0.0,0.5234596133232117,0.2979260981082916,0.0
3.96,-1.5079599618911743,-3.613635301589966,2.0,-2.831383228302002,-0.8387595415115356,0.0,0.5296623110771179,0.30099597573280334,0.0
3.97,-1.5362474918365479,-3.6220076084136963,2.0,-2.8260555267333984,-0.8357341885566711,0.0,0.5358462333679199,0.3040708601474762,0.0
3.98,-1.5644810199737549,-3.630350112915039,2.0,-2.8206663131713867,-0.8326782584190369,0.0,0.5420111417770386,0.30715084075927734,0.0
3.99,-1.5926603078842163,-3.6386613845825195,2.0,-2.8152151107788086,-0.8295913934707642,0.0,0.5481567978858948,0.31023576855659485,0.0
4.0,-1.6207853555679321,-3.646941900253296,2.0,-2.8097028732299805,-0.8264734745025635,0.0,0.5542832016944885,0.31332555413246155,0.0
4.01,-1.6488540172576904,-3.655190944671631,2.0,-2.8041298389434814,-0.8233246803283691,0.0,0.5603899359703064,0.3164198696613312,0.0
4.0200000000000005,-1.6768676042556763,-3.663407802581787,2.0,-2.798495292663574,-0.8201449513435364,0.0,0.5664772391319275,0.3195188641548157,0.0
4.03,-1.7048238515853882,-3.671593189239502,2.0,-2.792800188064575,-0.8169342875480652,0.0,0.5725446343421936,0.3226224184036255,0.0
4.04,-1.7327234745025635,-3.6797468662261963,2.0,-2.7870445251464844,-0.8136923909187317,0.0,0.5785921812057495,0.3257303833961487,0.0
4.05,-1.7605646848678589,-3.6878671646118164,2.0,-2.7812283039093018,-0.8104196786880493,0.0,0.5846195220947266,0.32884249091148376,0.0
4.0600000000000005,-1.7883474826812744,-3.6959547996520996,2.0,-2.7753520011901855,-0.807115912437439,0.0,0.59062659740448,0.3319588303565979,0.0
4.07,-1.8160715103149414,-3.704009532928467,2.0,-2.769415855407715,-0.8037803769111633,0.0,0.5966132879257202,0.3350790739059448,0.0
4.08,-1.8437354564666748,-3.7120304107666016,2.0,-2.7634201049804688,-0.8004141449928284,0.0,0.6025793552398682,0.3382033109664917,0.0
4.09,-1.8713397979736328,-3.720017910003662,2.0,-2.757364511489868,-0.7970163822174072,0.0,0.6085248589515686,0.3413313627243042,0.0
4.1,-1.8988828659057617,-3.727970600128174,2.0,-2.7512495517730713,-0.7935875654220581,0.0,0.6144493818283081,0.34446316957473755,0.0
4.11,-1.926364779472351,-3.735889434814453,2.0,-2.7450754642486572,-0.7901270985603333,0.0,0.6203529834747314,0.3475983738899231,0.0
4.12,-1.9537839889526367,-3.7437729835510254,2.0,-2.738842487335205,-0.7866354584693909,0.0,0.6262352466583252,0.3507370054721832,0.0
4.13,-1.9811408519744873,-3.751622200012207,2.0,-2.732551097869873,-0.7831125259399414,0.0,0.6320962905883789,0.3538791239261627,0.0
4.14,-2.008435010910034,-3.759434938430786,2.0,-2.726200819015503,-0.7795578241348267,0.0,0.637935996055603,0.35702434182167053,0.0
4.15,-2.0356647968292236,-3.7672131061553955,2.0,-2.719792366027832,-0.7759719491004944,0.0,0.6437539458274841,0.36017271876335144,0.0
4.16,-2.062830924987793,-3.774954319000244,2.0,-2.7133255004882812,-0.7723544239997864,0.0,0.6495503187179565,0.36332401633262634,0.0
4.17,-2.0899312496185303,-3.7826600074768066,2.0,-2.706801414489746,-0.7687055468559265,0.0,0.6553246378898621,0.36647820472717285,0.0
4.18,-2.116966485977173,-3.79032826423645,2.0,-2.70021915435791,-0.765024721622467,0.0,0.6610769033432007,0.3696349263191223,0.0
4.19,-2.143935441970825,-3.797960042953491,2.0,-2.693579912185669,-0.7613126635551453,0.0,0.6668070554733276,0.3727945387363434,0.0
4.2,-2.170837640762329,-3.8055548667907715,2.0,-2.6868832111358643,-0.7575690746307373,0.0,0.6725148558616638,0.37595659494400024,0.0
4.21,-2.1976730823516846,-3.8131117820739746,2.0,-2.6801297664642334,-0.7537935972213745,0.0,0.6782003045082092,0.37912091612815857,0.0
4.22,-2.224440097808838,-3.8206303119659424,2.0,-2.6733193397521973,-0.7499866485595703,0.0,0.6838629841804504,0.3822875916957855,0.0
4.23,-2.2511394023895264,-3.828111171722412,2.0,-2.666452407836914,-0.746147871017456,0.0,0.6895030736923218,0.3854563236236572,0.0
4.24,-2.277768850326538,-3.8355531692504883,2.0,-2.659529209136963,-0.7422773838043213,0.0,0.6951200366020203,0.38862696290016174,0.0
4.25,-2.3043298721313477,-3.84295654296875,2.0,-2.652550220489502,-0.7383751273155212,0.0,0.7007142305374146,0.3917996287345886,0.0
4.26,-2.330820083618164,-3.850320816040039,2.0,-2.645514965057373,-0.7344413995742798,0.0,0.7062851190567017,0.3949740529060364,0.0
4.2700000000000005,-2.3572394847869873,-3.857645273208618,2.0,-2.6384246349334717,-0.730475902557373,0.0,0.7118327021598816,0.3981500267982483,0.0
4.28,-2.3835883140563965,-3.8649306297302246,2.0,-2.6312785148620605,-0.7264783978462219,0.0,0.7173569202423096,0.40132761001586914,0.0
4.29,-2.409864664077759,-3.8721742630004883,2.0,-2.624077796936035,-0.7224492430686951,0.0,0.7228574156761169,0.4045064151287079,0.0
4.3,-2.4360697269439697,-3.8793790340423584,2.0,-2.616821527481079,-0.7183881402015686,0.0,0.728334367275238,0.40768668055534363,0.0
4.3100000000000005,-2.4622011184692383,-3.886542320251465,2.0,-2.609510898590088,-0.714295506477356,0.0,0.7337874174118042,0.4108680486679077,0.0
4.32,-2.488259792327881,-3.893664836883545,2.0,-2.6021456718444824,-0.7101708650588989,0.0,0.7392165660858154,0.41405048966407776,0.0
4.33,-2.5142440795898438,-3.9007458686828613,2.0,-2.5947265625,-0.7060145139694214,0.0,0.7446215152740479,0.41723379492759705,0.0
4.34,-2.540153741836548,-3.907784938812256,2.0,-2.5872535705566406,-0.7018263936042786,0.0,0.7500022053718567,0.42041781544685364,0.0
4.3500000000000005,-2.565988779067993,-3.9147820472717285,2.0,-2.5797266960144043,-0.6976060271263123,0.0,0.7553585767745972,0.4236024022102356,0.0
4.36,-2.5917482376098633,-3.9217369556427,2.0,-2.572146415710449,-0.6933541893959045,0.0,0.7606903910636902,0.4267876148223877,0.0
4.37,-2.617431640625,-3.9286491870880127,2.0,-2.5645129680633545,-0.6890703439712524,0.0,0.7659977078437805,0.429973304271698,0.0
4.38,-2.643038272857666,-3.935518503189087,2.0,-2.556826591491699,-0.6847548484802246,0.0,0.7712801694869995,0.4331591725349426,0.0
4.39,-2.6685681343078613,-3.9423444271087646,2.0,-2.5490875244140625,-0.6804072260856628,0.0,0.7765378355979919,0.4363452196121216,0.0
4.4,-2.6940200328826904,-3.9491262435913086,2.0,-2.5412957668304443,-0.6760278940200806,0.0,0.7817704081535339,0.43953123688697815,0.0
4.41,-2.719393730163574,-3.955864667892456,2.0,-2.533452272415161,-0.6716164350509644,0.0,0.7869778275489807,0.4427171051502228,0.0
4.42,-2.7446889877319336,-3.9625585079193115,2.0,-2.5255563259124756,-0.6671735048294067,0.0,0.7921600341796875,0.4459027945995331,0.0
4.43,-2.769904613494873,-3.969208002090454,2.0,-2.517609119415283,-0.6626986265182495,0.0,0.79731684923172,0.4490882456302643,0.0
4.44,-2.795041084289551,-3.9758126735687256,2.0,-2.509610176086426,-0.6581916809082031,0.0,0.8024482131004333,0.45227307081222534,0.0
4.45,-2.820096492767334,-3.9823718070983887,2.0,-2.5015602111816406,-0.6536532044410706,0.0,0.8075538277626038,0.45545729994773865,0.0
4.46,-2.8450722694396973,-3.9888856410980225,2.0,-2.4934592247009277,-0.649082601070404,0.0,0.8126338124275208,0.45864084362983704,0.0
4.47,-2.8699655532836914,-3.9953534603118896,2.0,-2.4853076934814453,-0.6444802284240723,0.0,0.8176878094673157,0.46182337403297424,0.0
4.48,-2.89477801322937,-4.001774311065674,2.0,-2.4771056175231934,-0.6398459076881409,0.0,0.8227159380912781,0.46500495076179504,0.0
4.49,-2.9195075035095215,-4.008150100708008,2.0,-2.46885347366333,-0.6351801753044128,0.0,0.8277179002761841,0.4681854844093323,0.0
4.5,-2.9441545009613037,-4.0144782066345215,2.0,-2.4605510234832764,-0.6304824948310852,0.0,0.8326936960220337,0.4713646471500397,0.0
4.51,-2.9687185287475586,-4.020759582519531,2.0,-2.4521994590759277,-0.625752866268158,0.0,0.8376430869102478,0.4745425283908844,0.0
4.5200000000000005,-2.9931983947753906,-4.026993274688721,2.0,-2.443798542022705,-0.6209916472434998,0.0,0.8425658941268921,0.4777187705039978,0.0
4.53,-3.017594337463379,-4.03317928314209,2.0,-2.4353482723236084,-0.6161984205245972,0.0,0.8474623560905457,0.48089340329170227,0.0
4.54,-3.041905403137207,-4.0393171310424805,2.0,-2.426849126815796,-0.6113737225532532,0.0,0.8523320555686951,0.48406630754470825,0.0
4.55,-3.066131591796875,-4.045406818389893,2.0,-2.418301582336426,-0.6065171360969543,0.0,0.8571749925613403,0.4872373342514038,0.0
4.5600000000000005,-3.090271234512329,-4.05144739151001,2.0,-2.409705877304077,-0.6016289591789246,0.0,0.8619909286499023,0.4904063642024994,0.0
4.57,-3.1143250465393066,-4.05743932723999,2.0,-2.401061773300171,-0.5967092514038086,0.0,0.8667798638343811,0.4935731291770935,0.0
4.58,-3.1382923126220703,-4.063381195068359,2.0,-2.3923704624176025,-0.5917574763298035,0.0,0.8715416789054871,0.4967374801635742,0.0
4.59,-3.162172317504883,-4.069273948669434,2.0,-2.3836312294006348,-0.5867743492126465,0.0,0.8762762546539307,0.49989956617355347,0.0
4.6000000000000005,-3.185965061187744,-4.0751166343688965,2.0,-2.374845027923584,-0.5817594528198242,0.0,0.8809835314750671,0.5030590891838074,0.0
4.61,-3.2096691131591797,-4.080909252166748,2.0,-2.366011619567871,-0.5767132043838501,0.0,0.8856632113456726,0.5062159299850464,0.0
4.62,-3.2332851886749268,-4.08665132522583,2.0,-2.3571317195892334,-0.5716351866722107,0.0,0.8903154730796814,0.5093700289726257,0.0
4.63,-3.2568116188049316,-4.092341899871826,2.0,-2.348205327987671,-0.5665257573127747,0.0,0.8949399590492249,0.5125210881233215,0.0
4.64,-3.2802486419677734,-4.0979814529418945,2.0,-2.339233160018921,-0.561384916305542,0.0,0.8995366096496582,0.5156689882278442,0.0
4.65,-3.303596019744873,-4.103569507598877,2.0,-2.3302149772644043,-0.5562123656272888,0.0,0.9041056036949158,0.5188137292861938,0.0
4.66,-3.326852798461914,-4.109105587005615,2.0,-2.3211512565612793,-0.5510086417198181,0.0,0.9086464643478394,0.5219552516937256,0.0
4.67,-3.3500192165374756,-4.114589691162109,2.0,-2.312041997909546,-0.5457732677459717,0.0,0.9131593108177185,0.525093138217926,0.0
4.68,-3.373093605041504,-4.120020866394043,2.0,-2.3028879165649414,-0.5405067205429077,0.0,0.9176439046859741,0.5282275676727295,0.0
4.69,-3.3960766792297363,-4.125399589538574,2.0,-2.293689250946045,-0.5352086424827576,0.0,0.9221002459526062,0.5313580632209778,0.0
4.7,-3.4189672470092773,-4.130725383758545,2.0,-2.2844462394714355,-0.5298795700073242,0.0,0.9265280961990356,0.5344848036766052,0.0
4.71,-3.441765069961548,-4.1359968185424805,2.0,-2.2751588821411133,-0.5245192050933838,0.0,0.9309275150299072,0.5376076102256775,0.0
4.72,-3.464470386505127,-4.1412153244018555,2.0,-2.2658276557922363,-0.5191274285316467,0.0,0.9352984428405762,0.5407262444496155,0.0
4.73,-3.487081527709961,-4.1463799476623535,2.0,-2.256452798843384,-0.5137046575546265,0.0,0.9396405816078186,0.5438405871391296,0.0
4.74,-3.509599447250366,-4.151489734649658,2.0,-2.2470345497131348,-0.5082505941390991,0.0,0.9439539909362793,0.5469505786895752,0.0
4.75,-3.532021999359131,-4.156544208526611,2.0,-2.2375738620758057,-0.5027655959129333,0.0,0.9482384324073792,0.5500559210777283,0.0
4.76,-3.5543506145477295,-4.161544322967529,2.0,-2.2280702590942383,-0.49724945425987244,0.0,0.9524940848350525,0.5531566739082336,0.0
4.7700000000000005,-3.5765833854675293,-4.166489601135254,2.0,-2.2185239791870117,-0.49170249700546265,0.0,0.9567205905914307,0.556252658367157,0.0
4.78,-3.5987205505371094,-4.1713786125183105,2.0,-2.2089357376098633,-0.48612457513809204,0.0,0.9609179496765137,0.5593437552452087,0.0
4.79,-3.620762348175049,-4.176211833953857,2.0,-2.199305772781372,-0.48051562905311584,0.0,0.9650861620903015,0.5624297261238098,0.0
4.8,-3.642706871032715,-4.180988788604736,2.0,-2.189634323120117,-0.4748760461807251,0.0,0.9692248702049255,0.5655105710029602,0.0
4.8100000000000005,-3.6645548343658447,-4.185708999633789,2.0,-2.1799213886260986,-0.4692053496837616,0.0,0.9733343124389648,0.5685859322547913,0.0
4.82,-3.686305046081543,-4.190372943878174,2.0,-2.1701676845550537,-0.46350419521331787,0.0,0.977414071559906,0.5716559886932373,0.0
4.83,-3.707958221435547,-4.194979190826416,2.0,-2.1603732109069824,-0.45777228474617004,0.0,0.9814644455909729,0.5747204422950745,0.0
4.84,-3.7295126914978027,-4.199528217315674,2.0,-2.150538444519043,-0.4520098865032196,0.0,0.9854850172996521,0.5777791142463684,0.0
4.8500000000000005,-3.7509689331054688,-4.204019069671631,2.0,-2.1406633853912354,-0.4462166726589203,0.0,0.9894758462905884,0.5808320045471191,0.0
4.86,-3.7723255157470703,-4.208452224731445,2.0,-2.130749225616455,-0.44039320945739746,0.0,0.993436872959137,0.583878755569458,0.0
4.87,-3.7935831546783447,-4.212826728820801,2.0,-2.120795249938965,-0.434539258480072,0.0,0.9973678588867188,0.5869194865226746,0.0
4.88,-3.814741611480713,-4.2171430587768555,2.0,-2.110801935195923,-0.4286547899246216,0.0,1.0012688636779785,0.5899539589881897,0.0
4.89,-3.835799217224121,-4.221400260925293,2.0,-2.1007697582244873,-0.42274025082588196,0.0,1.0051398277282715,0.5929821729660034,0.0
4.9,-3.8567569255828857,-4.225597858428955,2.0,-2.0906989574432373,-0.41679519414901733,0.0,1.0089807510375977,0.5960037112236023,0.0
4.91,-3.877613067626953,-4.229735851287842,2.0,-2.08059024810791,-0.4108200967311859,0.0,1.0127911567687988,0.5990186929702759,0.0
4.92,-3.8983685970306396,-4.233813762664795,2.0,-2.0704433917999268,-0.404814749956131,0.0,1.0165715217590332,0.602026641368866,0.0
4.93,-3.9190220832824707,-4.2378315925598145,2.0,-2.0602588653564453,-0.39877963066101074,0.0,1.020321249961853,0.6050279140472412,0.0
4.94,-3.939573287963867,-4.241789817810059,2.0,-2.050037145614624,-0.39271441102027893,0.0,1.0240404605865479,0.608022153377533,0.0
4.95,-3.960022449493408,-4.245686054229736,2.0,-2.039778232574463,-0.38661912083625793,0.0,1.0277292728424072,0.6110091209411621,0.0
4.96,-3.9803688526153564,-4.249521732330322,2.0,-2.02948260307312,-0.38049426674842834,0.0,1.031387448310852,0.6139888763427734,0.0
4.97,-4.000612258911133,-4.2532958984375,2.0,-2.019150495529175,-0.37433934211730957,0.0,1.0350148677825928,0.6169610023498535,0.0
4.98,-4.020751476287842,-4.257008075714111,2.0,-2.008782386779785,-0.36815500259399414,0.0,1.0386114120483398,0.6199254989624023,0.0
4.99,-4.040787696838379,-4.260658264160156,2.0,-1.9983783960342407,-0.36194080114364624,0.0,1.0421773195266724,0.6228824853897095,0.0
5.0,-4.0607194900512695,-4.264246940612793,2.0,-1.9879387617111206,-0.3556973338127136,0.0,1.0457121133804321,0.6258316040039062,0.0
5.01,-4.080545902252197,-4.267772674560547,2.0,-1.9774643182754517,-0.34942448139190674,0.0,1.0492160320281982,0.6287727355957031,0.0
5.0200000000000005,-4.1002678871154785,-4.271235466003418,2.0,-1.9669545888900757,-0.34312212467193604,0.0,1.0526888370513916,0.6317057609558105,0.0
5.03,-4.119885444641113,-4.274634838104248,2.0,-1.9564106464385986,-0.3367900550365448,0.0,1.0561306476593018,0.6346302628517151,0.0
5.04,-4.139396667480469,-4.277970790863037,2.0,-1.9458322525024414,-0.33042919635772705,0.0,1.05954110622406,0.6375466585159302,0.0
5.05,-4.158802032470703,-4.281243324279785,2.0,-1.9352198839187622,-0.32403939962387085,0.0,1.062920331954956,0.6404545903205872,0.0
5.0600000000000005,-4.1781005859375,-4.284451961517334,2.0,-1.9245738983154297,-0.3176203966140747,0.0,1.0662682056427002,0.6433538198471069,0.0
5.07,-4.197293758392334,-4.287595748901367,2.0,-1.9138944149017334,-0.31117209792137146,0.0,1.0695849657058716,0.6462441086769104,0.0
5.08,-4.216378688812256,-4.290675163269043,2.0,-1.9031821489334106,-0.3046953082084656,0.0,1.0728700160980225,0.6491256952285767,0.0
5.09,-4.23535680770874,-4.293689727783203,2.0,-1.89243745803833,-0.29818975925445557,0.0,1.076123595237732,0.6519981026649475,0.0
5.1000000000000005,-4.254227161407471,-4.2966389656066895,2.0,-1.881659984588623,-0.2916555404663086,0.0,1.079345703125,0.6548613905906677,0.0
5.11,-4.272989273071289,-4.299522876739502,2.0,-1.870850682258606,-0.28509271144866943,0.0,1.082535982131958,0.6577154397964478,0.0
5.12,-4.29164457321167,-4.302340507507324,2.0,-1.8600091934204102,-0.27850106358528137,0.0,1.0856949090957642,0.6605600118637085,0.0
5.13,-4.310190200805664,-4.305092811584473,2.0,-1.8491365909576416,-0.2718813717365265,0.0,1.0888218879699707,0.6633949875831604,0.0
5.14,-4.32862663269043,-4.307778358459473,2.0,-1.8382327556610107,-0.2652333676815033,0.0,1.0919171571731567,0.6662203073501587,0.0
5.15,-4.346954345703125,-4.310397148132324,2.0,-1.8272985219955444,-0.25855717062950134,0.0,1.0949804782867432,0.6690356731414795,0.0
5.16,-4.365172386169434,-4.3129496574401855,2.0,-1.8163336515426636,-0.2518528699874878,0.0,1.0980119705200195,0.6718411445617676,0.0
5.17,-4.383281230926514,-4.315433979034424,2.0,-1.8053381443023682,-0.24512015283107758,0.0,1.1010115146636963,0.6746366024017334,0.0
5.18,-4.401279449462891,-4.317851543426514,2.0,-1.7943131923675537,-0.2383599877357483,0.0,1.1039791107177734,0.6774218082427979,0.0
5.19,-4.4191670417785645,-4.320201396942139,2.0,-1.7832587957382202,-0.23157192766666412,0.0,1.1069145202636719,0.6801967024803162,0.0
5.2,-4.436944007873535,-4.322482585906982,2.0,-1.7721753120422363,-0.2247561812400818,0.0,1.1098177433013916,0.6829609274864197,0.0
5.21,-4.454610824584961,-4.324695587158203,2.0,-1.761062502861023,-0.21791253983974457,0.0,1.1126891374588013,0.6857145428657532,0.0
5.22,-4.472166061401367,-4.326840877532959,2.0,-1.749921441078186,-0.21104171872138977,0.0,1.1155281066894531,0.6884576082229614,0.0
5.23,-4.4896087646484375,-4.328917026519775,2.0,-1.7387521266937256,-0.20414358377456665,0.0,1.1183348894119263,0.6911897659301758,0.0
5.24,-4.5069403648376465,-4.330924034118652,2.0,-1.7275547981262207,-0.197218120098114,0.0,1.1211093664169312,0.6939108371734619,0.0
5.25,-4.5241594314575195,-4.33286190032959,2.0,-1.7163300514221191,-0.19026555120944977,0.0,1.1238514184951782,0.6966208815574646,0.0
5.26,-4.541267395019531,-4.334728717803955,2.0,-1.705077886581421,-0.18328550457954407,0.0,1.1265612840652466,0.6993193626403809,0.0
5.2700000000000005,-4.558261394500732,-4.336526870727539,2.0,-1.6937990188598633,-0.17627906799316406,0.0,1.1292386054992676,0.7020066976547241,0.0
5.28,-4.575142860412598,-4.338254451751709,2.0,-1.6824934482574463,-0.1692456752061844,0.0,1.1318835020065308,0.7046825289726257,0.0
5.29,-4.5919108390808105,-4.339911937713623,2.0,-1.6711615324020386,-0.16218560934066772,0.0,1.134495735168457,0.7073466777801514,0.0
5.3,-4.608565330505371,-4.341498851776123,2.0,-1.6598035097122192,-0.15509891510009766,0.0,1.1370755434036255,0.7099990248680115,0.0
5.3100000000000005,-4.625107765197754,-4.343013286590576,2.0,-1.648419737815857,-0.1479853391647339,0.0,1.1396229267120361,0.7126393914222717,0.0
5.32,-4.641534805297852,-4.344457626342773,2.0,-1.6370112895965576,-0.1408458799123764,0.0,1.1421375274658203,0.7152676582336426,0.0
5.33,-4.657846927642822,-4.34583044052124,2.0,-1.6255773305892944,-0.1336802989244461,0.0,1.144619345664978,0.7178839445114136,0.0
5.34,-4.674045562744141,-4.347131252288818,2.0,-1.6141189336776733,-0.12648840248584747,0.0,1.1470686197280884,0.7204878330230713,0.0
5.3500000000000005,-4.69012975692749,-4.348360061645508,2.0,-1.6026359796524048,-0.11927033215761185,0.0,1.1494853496551514,0.723079264163971,0.0
5.36,-4.706098556518555,-4.34951639175415,2.0,-1.5911290645599365,-0.112026646733284,0.0,1.1518690586090088,0.7256582379341125,0.0
5.37,-4.721952438354492,-4.350600242614746,2.0,-1.5795990228652954,-0.10475736111402512,0.0,1.1542201042175293,0.7282243967056274,0.0
5.38,-4.737689971923828,-4.351612091064453,2.0,-1.5680452585220337,-0.09746246784925461,0.0,1.1565382480621338,0.7307778596878052,0.0
5.39,-4.753312587738037,-4.352550029754639,2.0,-1.5564682483673096,-0.09014196693897247,0.0,1.1588234901428223,0.7333183884620667,0.0
5.4,-4.768819808959961,-4.353414535522461,2.0,-1.5448684692382812,-0.08279585838317871,0.0,1.1610760688781738,0.7358457446098328,0.0
5.41,-4.784210205078125,-4.35420560836792,2.0,-1.5332467555999756,-0.07542486488819122,0.0,1.1632955074310303,0.7383600473403931,0.0
5.42,-4.7994842529296875,-4.354923248291016,2.0,-1.521602749824524,-0.06802890449762344,0.0,1.1654820442199707,0.7408611178398132,0.0
5.43,-4.814641952514648,-4.355566024780273,2.0,-1.5099374055862427,-0.0606079138815403,0.0,1.1676356792449951,0.7433484792709351,0.0
5.44,-4.829683303833008,-4.356134414672852,2.0,-1.498250126838684,-0.05316181480884552,0.0,1.1697564125061035,0.7458222508430481,0.0
5.45,-4.844607353210449,-4.35662841796875,2.0,-1.4865421056747437,-0.04569132626056671,0.0,1.1718440055847168,0.7482826113700867,0.0
5.46,-4.859414100646973,-4.357048988342285,2.0,-1.4748133420944214,-0.03819630295038223,0.0,1.173898696899414,0.7507290244102478,0.0
5.47,-4.87410306930542,-4.357393264770508,2.0,-1.463064193725586,-0.030676890164613724,0.0,1.1759201288223267,0.7531616687774658,0.0
5.48,-4.888674736022949,-4.357662677764893,2.0,-1.4512951374053955,-0.023133231326937675,0.0,1.1779086589813232,0.7555800080299377,0.0
5.49,-4.903129577636719,-4.357854843139648,2.0,-1.4395062923431396,-0.015565181151032448,0.0,1.1798641681671143,0.7579840421676636,0.0
5.5,-4.9174652099609375,-4.357973098754883,2.0,-1.427698016166687,-0.007973456755280495,0.0,1.1817865371704102,0.7603740096092224,0.0
5.51,-4.931682586669922,-4.358015060424805,2.0,-1.4158706665039062,-0.0003579139884095639,0.0,1.1836755275726318,0.7627495527267456,0.0
5.5200000000000005,-4.94578218460083,-4.357980728149414,2.0,-1.4040247201919556,0.007281303871423006,0.0,1.185531497001648,0.7651104927062988,0.0
5.53,-4.9597625732421875,-4.357870101928711,2.0,-1.3921600580215454,0.014944124966859818,0.0,1.187354326248169,0.7674568295478821,0.0
5.54,-4.973626136779785,-4.3576812744140625,2.0,-1.3802775144577026,0.022630691528320312,0.0,1.189144253730774,0.7697880268096924,0.0
5.55,-4.987369060516357,-4.35741662979126,2.0,-1.368377447128296,0.030339933931827545,0.0,1.1909006834030151,0.7721045017242432,0.0
5.5600000000000005,-5.000993251800537,-4.357074737548828,2.0,-1.3564598560333252,0.03807242214679718,0.0,1.1926238536834717,0.7744060158729553,0.0
5.57,-5.014497756958008,-4.356655120849609,2.0,-1.3445250988006592,0.04582801088690758,0.0,1.1943140029907227,0.7766923308372498,0.0
5.58,-5.027884006500244,-4.3561577796936035,2.0,-1.332573413848877,0.053606487810611725,0.0,1.195970892906189,0.7789632081985474,0.0
5.59,-5.041149616241455,-4.3555827140808105,2.0,-1.3206055164337158,0.06140735372900963,0.0,1.1975945234298706,0.7812188267707825,0.0
5.6000000000000005,-5.054295539855957,-4.3549299240112305,2.0,-1.308621883392334,0.06923067569732666,0.0,1.1991848945617676,0.7834587693214417,0.0
5.61,-5.06732177734375,-4.354197978973389,2.0,-1.2966222763061523,0.07707631587982178,0.0,1.2007420063018799,0.7856831550598145,0.0
5.62,-5.080227375030518,-4.35338830947876,2.0,-1.284607172012329,0.08494406193494797,0.0,1.2022658586502075,0.7878918647766113,0.0
5.63,-5.093014240264893,-4.352499008178711,2.0,-1.2725768089294434,0.09283426403999329,0.0,1.20375657081604,0.7900844812393188,0.0
5.64,-5.105679512023926,-4.351531505584717,2.0,-1.260532021522522,0.10074599087238312,0.0,1.205214023590088,0.7922612428665161,0.0
5.65,-5.118224620819092,-4.350484371185303,2.0,-1.2484726905822754,0.10867932438850403,0.0,1.2066380977630615,0.7944218516349792,0.0
5.66,-5.130648612976074,-4.349357604980469,2.0,-1.236399531364441,0.11663418263196945,0.0,1.2080289125442505,0.7965660095214844,0.0
5.67,-5.142951965332031,-4.348151683807373,2.0,-1.224312424659729,0.12461035698652267,0.0,1.2093864679336548,0.7986940741539001,0.0
5.68,-5.155135154724121,-4.346865177154541,2.0,-1.2122117280960083,0.13260820508003235,0.0,1.210710883140564,0.8008053302764893,0.0
5.69,-5.167196750640869,-4.345499515533447,2.0,-1.2000981569290161,0.14062665402889252,0.0,1.2120020389556885,0.8029003143310547,0.0
5.7,-5.179136753082275,-4.344053268432617,2.0,-1.1879717111587524,0.14866605401039124,0.0,1.2132596969604492,0.8049784302711487,0.0
5.71,-5.190955638885498,-4.342526435852051,2.0,-1.175832986831665,0.15672606229782104,0.0,1.2144842147827148,0.8070397973060608,0.0
5.72,-5.2026543617248535,-4.340917587280273,2.0,-1.1636821031570435,0.1648070216178894,0.0,1.215675711631775,0.809083878993988,0.0
5.73,-5.214230060577393,-4.339229106903076,2.0,-1.151519536972046,0.1729077845811844,0.0,1.2168337106704712,0.8111112117767334,0.0
5.74,-5.22568416595459,-4.337460041046143,2.0,-1.139345645904541,0.18102887272834778,0.0,1.2179584503173828,0.8131213784217834,0.0
5.75,-5.237016201019287,-4.335609436035156,2.0,-1.127160668373108,0.18917006254196167,0.0,1.2190499305725098,0.8151141405105591,0.0
5.76,-5.248226642608643,-4.333676815032959,2.0,-1.1149648427963257,0.19733105599880219,0.0,1.2201082706451416,0.8170895576477051,0.0
5.7700000000000005,-5.2593159675598145,-4.331662178039551,2.0,-1.1027586460113525,0.2055119425058365,0.0,1.2211334705352783,0.819047212600708,0.0
5.78,-5.270282745361328,-4.32956600189209,2.0,-1.090542197227478,0.21371212601661682,0.0,1.2221254110336304,0.8209874629974365,0.0
5.79,-5.281126499176025,-4.327388286590576,2.0,-1.0783162117004395,0.22193163633346558,0.0,1.2230840921401978,0.8229100108146667,0.0
5.8,-5.291848182678223,-4.325128078460693,2.0,-1.0660806894302368,0.23017023503780365,0.0,1.2240097522735596,0.8248145580291748,0.0
5.8100000000000005,-5.30244779586792,-4.322784900665283,2.0,-1.0538361072540283,0.23842765390872955,0.0,1.2249020338058472,0.8267012238502502,0.0
5.82,-5.312925338745117,-4.320358753204346,2.0,-1.041582465171814,0.24670429527759552,0.0,1.2257612943649292,0.8285696506500244,0.0
5.83,-5.323279857635498,-4.317850112915039,2.0,-1.0293211936950684,0.2549991309642792,0.0,1.2265874147415161,0.8304198980331421,0.0
5.84,-5.3335113525390625,-4.315258979797363,2.0,-1.0170512199401855,0.2633123993873596,0.0,1.227380394935608,0.8322519659996033,0.0
5.8500000000000005,-5.343620300292969,-4.312584400177002,2.0,-1.0047736167907715,0.2716439962387085,0.0,1.2281402349472046,0.8340655565261841,0.0
5.86,-5.353607177734375,-4.309825897216797,2.0,-0.9924883246421814,0.2799938917160034,0.0,1.2288670539855957,0.835860550403595,0.0
5.87,-5.363470554351807,-4.306983947753906,2.0,-0.9801960587501526,0.2883613109588623,0.0,1.2295608520507812,0.8376370072364807,0.0
5.88,-5.373210906982422,-4.304059028625488,2.0,-0.9678971171379089,0.2967466115951538,0.0,1.2302213907241821,0.8393948078155518,0.0
5.89,-5.382828235626221,-4.30104923248291,2.0,-0.9555920958518982,0.3051490783691406,0.0,1.230849027633667,0.8411334753036499,0.0
5.9,-5.392322540283203,-4.2979559898376465,2.0,-0.9432805776596069,0.31356891989707947,0.0,1.2314436435699463,0.8428534269332886,0.0
5.91,-5.401694297790527,-4.294777870178223,2.0,-0.9309630393981934,0.3220062255859375,0.0,1.2320054769515991,0.84455406665802,0.0
5.92,-5.410942077636719,-4.291515350341797,2.0,-0.9186403155326843,0.33046019077301025,0.0,1.2325341701507568,0.8462356925010681,0.0
5.93,-5.420066833496094,-4.288168907165527,2.0,-0.9063124656677246,0.33893072605133057,0.0,1.2330299615859985,0.8478980660438538,0.0
5.94,-5.429068565368652,-4.284736633300781,2.0,-0.8939801454544067,0.3474178910255432,0.0,1.2334928512573242,0.8495408296585083,0.0
5.95,-5.437946796417236,-4.281219482421875,2.0,-0.8816426992416382,0.3559216260910034,0.0,1.2339229583740234,0.8511642813682556,0.0
5.96,-5.4467010498046875,-4.277618408203125,2.0,-0.8693016767501831,0.36444127559661865,0.0,1.2343201637268066,0.852768063545227,0.0
5.97,-5.4553327560424805,-4.27393102645874,2.0,-0.8569565415382385,0.3729768395423889,0.0,1.2346845865249634,0.8543522953987122,0.0
5.98,-5.463840007781982,-4.2701592445373535,2.0,-0.8446080684661865,0.3815280795097351,0.0,1.235016107559204,0.8559166193008423,0.0
5.99,-5.472224235534668,-4.266301155090332,2.0,-0.8322563767433167,0.3900949954986572,0.0,1.2353148460388184,0.857461154460907,0.0
6.0,-5.480485916137695,-4.262356281280518,2.0,-0.819901704788208,0.39867740869522095,0.0,1.2355811595916748,0.8589851260185242,0.0
6.01,-5.488622665405273,-4.258327007293701,2.0,-0.8075448870658875,0.4072747826576233,0.0,1.2358146905899048,0.8604896068572998,0.0
6.0200000000000005,-5.496636390686035,-4.25421142578125,2.0,-0.7951856255531311,0.41588711738586426,0.0,1.2360153198242188,0.8619735836982727,0.0
6.03,-5.504526138305664,-4.250009536743164,2.0,-0.782824695110321,0.4245140850543976,0.0,1.236183524131775,0.8634373545646667,0.0
6.04,-5.512292385101318,-4.245721340179443,2.0,-0.7704620957374573,0.43315553665161133,0.0,1.2363190650939941,0.8648806810379028,0.0
6.05,-5.519935607910156,-4.2413458824157715,2.0,-0.7580981850624084,0.44181182980537415,0.0,1.2364223003387451,0.8663035035133362,0.0
6.0600000000000005,-5.527454376220703,-4.236884117126465,2.0,-0.7457337975502014,0.45048168301582336,0.0,1.2364928722381592,0.8677055239677429,0.0
6.07,-5.534850597381592,-4.232336521148682,2.0,-0.7333687543869019,0.45916566252708435,0.0,1.2365310192108154,0.8690871000289917,0.0
6.08,-5.542121887207031,-4.227701187133789,2.0,-0.7210032939910889,0.4678633213043213,0.0,1.2365367412567139,0.8704477548599243,0.0
6.09,-5.5492706298828125,-4.222978591918945,2.0,-0.7086377143859863,0.47657477855682373,0.0,1.2365100383758545,0.871787428855896,0.0
6.1000000000000005,-5.556294918060303,-4.218169689178467,2.0,-0.6962730288505554,0.4852992594242096,0.0,1.2364510297775269,0.8731061816215515,0.0
6.11,-5.563195705413818,-4.213273048400879,2.0,-0.6839091181755066,0.4940365254878998,0.0,1.2363598346710205,0.8744037747383118,0.0
6.12,-5.569972991943359,-4.20828914642334,2.0,-0.6715461015701294,0.5027869939804077,0.0,1.2362362146377563,0.875680148601532,0.0
6.13,-5.576626300811768,-4.203217506408691,2.0,-0.6591845154762268,0.5115500688552856,0.0,1.2360804080963135,0.8769353628158569,0.0
6.140000000000001,-5.583157062530518,-4.198057651519775,2.0,-0.6468244791030884,0.5203258991241455,0.0,1.235892653465271,0.8781690001487732,0.0
6.15,-5.589563369750977,-4.192810535430908,2.0,-0.6344665288925171,0.5291135907173157,0.0,1.2356725931167603,0.8793812990188599,0.0
6.16,-5.595845699310303,-4.187475681304932,2.0,-0.6221110820770264,0.5379133224487305,0.0,1.2354203462600708,0.8805720806121826,0.0
6.17,-5.602005481719971,-4.1820526123046875,2.0,-0.6097585558891296,0.5467246770858765,0.0,1.2351363897323608,0.881740927696228,0.0
6.18,-5.608040809631348,-4.176541328430176,2.0,-0.5974088907241821,0.5555478930473328,0.0,1.2348203659057617,0.8828882575035095,0.0
6.19,-5.613954067230225,-4.170941352844238,2.0,-0.5850620269775391,0.5643826723098755,0.0,1.2344725131988525,0.8840135335922241,0.0
6.2,-5.619742393493652,-4.165253162384033,2.0,-0.572719156742096,0.5732282996177673,0.0,1.2340927124023438,0.8851169943809509,0.0
6.21,-5.625407695770264,-4.159477233886719,2.0,-0.5603802800178528,0.5820847749710083,0.0,1.2336809635162354,0.8861984610557556,0.0
6.22,-5.6309494972229,-4.15361213684082,2.0,-0.5480456352233887,0.5909519791603088,0.0,1.233237624168396,0.8872577548027039,0.0
6.23,-5.636369705200195,-4.14765739440918,2.0,-0.5357155799865723,0.5998300313949585,0.0,1.2327626943588257,0.8882946372032166,0.0
6.24,-5.641664505004883,-4.14161491394043,2.0,-0.5233904719352722,0.6087179183959961,0.0,1.2322559356689453,0.8893094658851624,0.0
6.25,-5.646836280822754,-4.135483264923096,2.0,-0.5110706090927124,0.6176159977912903,0.0,1.231717586517334,0.8903018832206726,0.0
6.26,-5.651885986328125,-4.129262924194336,2.0,-0.49875643849372864,0.6265238523483276,0.0,1.2311478853225708,0.8912718892097473,0.0
6.2700000000000005,-5.656811714172363,-4.122953414916992,2.0,-0.4864479601383209,0.635441243648529,0.0,1.2305465936660767,0.8922193050384521,0.0
6.28,-5.661615371704102,-4.11655330657959,2.0,-0.4741455614566803,0.6443681716918945,0.0,1.2299140691757202,0.8931437134742737,0.0
6.29,-5.666295528411865,-4.110065460205078,2.0,-0.46184971928596497,0.6533041000366211,0.0,1.2292500734329224,0.8940457701683044,0.0
6.3,-5.670851707458496,-4.103487968444824,2.0,-0.44956064224243164,0.6622490286827087,0.0,1.2285547256469727,0.894925057888031,0.0
6.3100000000000005,-5.675285816192627,-4.096820831298828,2.0,-0.4372788369655609,0.6712023615837097,0.0,1.2278281450271606,0.8957812786102295,0.0
6.32,-5.679597854614258,-4.090063095092773,2.0,-0.4250038266181946,0.6801647543907166,0.0,1.2270705699920654,0.8966144323348999,0.0
6.33,-5.683786392211914,-4.083217144012451,2.0,-0.4127371907234192,0.6891348361968994,0.0,1.226281762123108,0.8974246978759766,0.0
6.34,-5.68785285949707,-4.07628059387207,2.0,-0.4004787802696228,0.698112964630127,0.0,1.2254620790481567,0.898211658000946,0.0
6.3500000000000005,-5.691795349121094,-4.0692548751831055,2.0,-0.38822832703590393,0.7070988416671753,0.0,1.2246111631393433,0.8989755511283875,0.0
6.36,-5.695616722106934,-4.06213903427124,2.0,-0.37598657608032227,0.7160923480987549,0.0,1.2237294912338257,0.8997160792350769,0.0
6.37,-5.699316024780273,-4.054932594299316,2.0,-0.3637535572052002,0.7250933051109314,0.0,1.222817301750183,0.9004331231117249,0.0
6.38,-5.702892303466797,-4.047636985778809,2.0,-0.35153019428253174,0.7341011762619019,0.0,1.2218739986419678,0.9011268019676208,0.0
6.390000000000001,-5.706346035003662,-4.040250778198242,2.0,-0.339316189289093,0.7431157827377319,0.0,1.2208999395370483,0.9017970561981201,0.0
6.4,-5.7096781730651855,-4.032774925231934,2.0,-0.3271125555038452,0.7521367073059082,0.0,1.2198954820632935,0.9024434685707092,0.0
6.41,-5.712888240814209,-4.025208473205566,2.0,-0.31491875648498535,0.7611643671989441,0.0,1.218860387802124,0.9030663371086121,0.0
6.42,-5.715976715087891,-4.017550945281982,2.0,-0.3027350902557373,0.7701982259750366,0.0,1.2177948951721191,0.9036652445793152,0.0
6.43,-5.718943119049072,-4.0098042488098145,2.0,-0.29056277871131897,0.7792377471923828,0.0,1.2166988849639893,0.9042404890060425,0.0
6.44,-5.721787452697754,-4.00196647644043,2.0,-0.27840137481689453,0.7882829308509827,0.0,1.2155725955963135,0.9047917723655701,0.0
6.45,-5.72451114654541,-3.9940385818481445,2.0,-0.2662515938282013,0.7973332405090332,0.0,1.2144161462783813,0.9053189754486084,0.0
6.46,-5.727113723754883,-3.9860196113586426,2.0,-0.2541130781173706,0.8063892722129822,0.0,1.2132295370101929,0.9058220982551575,0.0
6.47,-5.729593276977539,-3.9779105186462402,2.0,-0.24198690056800842,0.8154497742652893,0.0,1.2120126485824585,0.9063012003898621,0.0
6.48,-5.731952667236328,-3.9697108268737793,2.0,-0.2298728972673416,0.8245151042938232,0.0,1.2107657194137573,0.9067561030387878,0.0
6.49,-5.734190940856934,-3.9614205360412598,2.0,-0.21777178347110748,0.8335848450660706,0.0,1.2094889879226685,0.9071866273880005,0.0
6.5,-5.7363080978393555,-3.9530396461486816,2.0,-0.2056833803653717,0.8426586985588074,0.0,1.2081822156906128,0.9075929522514343,0.0
6.51,-5.73830509185791,-3.9445667266845703,2.0,-0.1936081498861313,0.8517364859580994,0.0,1.206845998764038,0.9079744219779968,0.0
6.5200000000000005,-5.740180969238281,-3.936004161834717,2.0,-0.18154650926589966,0.860818088054657,0.0,1.2054798603057861,0.9083318114280701,0.0
6.53,-5.741935729980469,-3.9273507595062256,2.0,-0.1694987416267395,0.8699031472206116,0.0,1.204084038734436,0.9086644649505615,0.0
6.54,-5.743570327758789,-3.9186065196990967,2.0,-0.15746498107910156,0.8789913058280945,0.0,1.2026586532592773,0.9089726209640503,0.0
6.55,-5.745084762573242,-3.90977144241333,2.0,-0.14544576406478882,0.8880824446678162,0.0,1.2012039422988892,0.909256100654602,0.0
6.5600000000000005,-5.746479511260986,-3.9008445739746094,2.0,-0.133440762758255,0.8971765637397766,0.0,1.199719786643982,0.9095145463943481,0.0
6.57,-5.747754096984863,-3.89182710647583,2.0,-0.12145143002271652,0.9062727093696594,0.0,1.1982065439224243,0.9097483158111572,0.0
6.58,-5.748908996582031,-3.8827192783355713,2.0,-0.10947705060243607,0.9153711795806885,0.0,1.1966638565063477,0.909957230091095,0.0
6.59,-5.749943733215332,-3.8735203742980957,2.0,-0.09751825779676437,0.9244716763496399,0.0,1.1950920820236206,0.9101412892341614,0.0
6.6000000000000005,-5.750859260559082,-3.864229202270508,2.0,-0.08557498455047607,0.9335741400718689,0.0,1.1934914588928223,0.910300076007843,0.0
6.61,-5.751655101776123,-3.8548483848571777,2.0,-0.07364824414253235,0.9426778554916382,0.0,1.1918617486953735,0.9104340672492981,0.0
6.62,-5.75233268737793,-3.8453760147094727,2.0,-0.061738159507513046,0.9517825245857239,0.0,1.1902034282684326,0.9105427265167236,0.0
6.63,-5.752890110015869,-3.835813045501709,2.0,-0.04984460026025772,0.9608883261680603,0.0,1.1885160207748413,0.910626232624054,0.0
6.640000000000001,-5.753328800201416,-3.8261590003967285,2.0,-0.037967994809150696,0.9699949026107788,0.0,1.1868000030517578,0.9106845855712891,0.0
6.65,-5.7536492347717285,-3.8164124488830566,2.0,-0.026108337566256523,0.9791021943092346,0.0,1.1850554943084717,0.9107173681259155,0.0
6.66,-5.753851413726807,-3.8065762519836426,2.0,-0.014266706071794033,0.9882093667984009,0.0,1.183282494544983,0.9107251167297363,0.0
6.67,-5.753934860229492,-3.7966485023498535,2.0,-0.0024430276826024055,0.9973164200782776,0.0,1.1814812421798706,0.9107070565223694,0.0
6.68,-5.753900051116943,-3.786630153656006,2.0,0.009362483397126198,1.0064233541488647,0.0,1.1796514987945557,0.9106637835502625,0.0
6.69,-5.753747940063477,-3.776519775390625,2.0,0.02115011215209961,1.015529751777649,0.0,1.1777936220169067,0.9105948209762573,0.0
6.7,-5.753477573394775,-3.7663192749023438,2.0,0.032918572425842285,1.0246353149414062,0.0,1.1759076118469238,0.9105004072189331,0.0
6.71,-5.753089427947998,-3.7560276985168457,2.0,0.044668007642030716,1.0337395668029785,0.0,1.1739935874938965,0.9103803038597107,0.0
6.72,-5.7525835037231445,-3.745645046234131,2.0,0.05639827623963356,1.0428427457809448,0.0,1.1720515489578247,0.9102345108985901,0.0
6.73,-5.7519612312316895,-3.735171318054199,2.0,0.0681089460849762,1.0519441366195679,0.0,1.1700819730758667,0.9100629091262817,0.0
6.74,-5.751221656799316,-3.7246055603027344,2.0,0.079800084233284,1.0610440969467163,0.0,1.1680845022201538,0.9098654389381409,0.0
6.75,-5.750365257263184,-3.7139499187469482,2.0,0.09147077053785324,1.0701416730880737,0.0,1.1660593748092651,0.9096421599388123,0.0
6.76,-5.749392032623291,-3.7032032012939453,2.0,0.1031210720539093,1.0792368650436401,0.0,1.1640068292617798,0.9093930125236511,0.0
6.7700000000000005,-5.748303413391113,-3.6923651695251465,2.0,0.11475034058094025,1.0883290767669678,0.0,1.1619271039962769,0.9091177582740784,0.0
6.78,-5.747097492218018,-3.681436777114868,2.0,0.1263590157032013,1.0974186658859253,0.0,1.1598198413848877,0.9088166356086731,0.0
6.79,-5.745776176452637,-3.6704163551330566,2.0,0.1379469484090805,1.1065053939819336,0.0,1.1576852798461914,0.9084894061088562,0.0
6.8,-5.7443389892578125,-3.659306049346924,2.0,0.14951299130916595,1.1155885457992554,0.0,1.1555237770080566,0.9081360697746277,0.0
6.8100000000000005,-5.742785930633545,-3.6481051445007324,2.0,0.1610572189092636,1.1246681213378906,0.0,1.1533350944519043,0.9077567458152771,0.0
6.82,-5.741117477416992,-3.6368134021759033,2.0,0.17257948219776154,1.1337435245513916,0.0,1.1511194705963135,0.9073511958122253,0.0
6.83,-5.7393341064453125,-3.625429630279541,2.0,0.18407979607582092,1.1428152322769165,0.0,1.1488772630691528,0.9069191813468933,0.0
6.84,-5.737436294555664,-3.6139564514160156,2.0,0.1955571472644806,1.1518820524215698,0.0,1.1466083526611328,0.9064610004425049,0.0
6.8500000000000005,-5.7354230880737305,-3.6023926734924316,2.0,0.20701168477535248,1.1609442234039307,0.0,1.1443127393722534,0.9059765934944153,0.0
6.86,-5.733295440673828,-3.590738296508789,2.0,0.21844325959682465,1.1700016260147095,0.0,1.1419907808303833,0.9054659008979797,0.0
6.87,-5.731053829193115,-3.578993320465088,2.0,0.2298513799905777,1.1790536642074585,0.0,1.139642357826233,0.9049286842346191,0.0
6.88,-5.728699684143066,-3.5671563148498535,2.0,0.24123595654964447,1.1880998611450195,0.0,1.1372679471969604,0.9043647050857544,0.0
6.890000000000001,-5.726230621337891,-3.555230140686035,2.0,0.25259658694267273,1.1971404552459717,0.0,1.1348671913146973,0.903774619102478,0.0
6.9,-5.723647594451904,-3.5432138442993164,2.0,0.26393309235572815,1.2061749696731567,0.0,1.1324403285980225,0.9031580090522766,0.0
6.91,-5.720951080322266,-3.5311074256896973,2.0,0.27524521946907043,1.2152035236358643,0.0,1.1299877166748047,0.9025148749351501,0.0
6.92,-5.718142032623291,-3.5189104080200195,2.0,0.2865326702594757,1.2242251634597778,0.0,1.1275089979171753,0.9018450379371643,0.0
6.93,-5.715220928192139,-3.506622314453125,2.0,0.2977955937385559,1.2332406044006348,0.0,1.1250050067901611,0.9011484384536743,0.0
6.94,-5.712186813354492,-3.4942450523376465,2.0,0.30903297662734985,1.242248296737671,0.0,1.1224751472473145,0.9004254341125488,0.0
6.95,-5.709039688110352,-3.481778144836426,2.0,0.3202449083328247,1.2512489557266235,0.0,1.119919776916504,0.8996757864952087,0.0
6.96,-5.705780982971191,-3.4692206382751465,2.0,0.33143115043640137,1.2602418661117554,0.0,1.1173392534255981,0.898899257183075,0.0
6.97,-5.702411651611328,-3.4565725326538086,2.0,0.34259191155433655,1.2692270278930664,0.0,1.1147334575653076,0.8980957865715027,0.0
6.98,-5.698929786682129,-3.443835735321045,2.0,0.35372602939605713,1.2782038450241089,0.0,1.1121023893356323,0.8972657918930054,0.0
6.99,-5.695337295532227,-3.431008815765381,2.0,0.36483344435691833,1.2871718406677246,0.0,1.1094467639923096,0.8964087963104248,0.0
7.0,-5.691634178161621,-3.4180922508239746,2.0,0.37591439485549927,1.2961316108703613,0.0,1.106765866279602,0.8955250978469849,0.0
7.01,-5.687819004058838,-3.4050865173339844,2.0,0.3869685232639313,1.3050823211669922,0.0,1.104060173034668,0.8946145176887512,0.0
7.0200000000000005,-5.683894157409668,-3.3919901847839355,2.0,0.39799585938453674,1.3140238523483276,0.0,1.101330041885376,0.8936768770217896,0.0
7.03,-5.679859161376953,-3.378805637359619,2.0,0.4089953303337097,1.322955846786499,0.0,1.098575234413147,0.892712414264679,0.0
7.04,-5.675714492797852,-3.3655316829681396,2.0,0.4199671447277069,1.3318780660629272,0.0,1.0957958698272705,0.8917210698127747,0.0
7.05,-5.671459674835205,-3.352168560028076,2.0,0.4309110641479492,1.3407901525497437,0.0,1.0929924249649048,0.8907026648521423,0.0
7.0600000000000005,-5.66709566116333,-3.338716506958008,2.0,0.44182679057121277,1.3496918678283691,0.0,1.0901646614074707,0.8896573781967163,0.0
7.07,-5.662623405456543,-3.325174331665039,2.0,0.45271456241607666,1.3585834503173828,0.0,1.087312936782837,0.8885847330093384,0.0
7.08,-5.658041954040527,-3.311544418334961,2.0,0.46357327699661255,1.3674638271331787,0.0,1.084437370300293,0.8874853253364563,0.0
7.09,-5.653351783752441,-3.297825574874878,2.0,0.47440305352211,1.3763329982757568,0.0,1.0815378427505493,0.8863587975502014,0.0
7.1000000000000005,-5.648553371429443,-3.2840182781219482,2.0,0.4852038025856018,1.3851909637451172,0.0,1.0786147117614746,0.8852052092552185,0.0
7.11,-5.643648624420166,-3.270120620727539,2.0,0.4959753751754761,1.3940366506576538,0.0,1.0756683349609375,0.8840240836143494,0.0
7.12,-5.63863468170166,-3.256136417388916,2.0,0.5067170858383179,1.4028708934783936,0.0,1.0726982355117798,0.8828161954879761,0.0
7.13,-5.633513927459717,-3.2420639991760254,2.0,0.5174291133880615,1.4116928577423096,0.0,1.0697047710418701,0.88158118724823,0.0
7.140000000000001,-5.628285884857178,-3.227903366088867,2.0,0.5281109809875488,1.4205025434494019,0.0,1.0666881799697876,0.8803190588951111,0.0
7.15,-5.622951984405518,-3.2136545181274414,2.0,0.5387625694274902,1.4292993545532227,0.0,1.0636487007141113,0.8790296316146851,0.0
7.16,-5.61751127243042,-3.1993167400360107,2.0,0.5493841767311096,1.4380831718444824,0.0,1.0605862140655518,0.8777129054069519,0.0
7.17,-5.611964225769043,-3.184892177581787,2.0,0.5599745512008667,1.4468536376953125,0.0,1.0575007200241089,0.8763691186904907,0.0
7.18,-5.606311321258545,-3.170380115509033,2.0,0.5705339312553406,1.4556103944778442,0.0,1.054392695426941,0.8749980926513672,0.0
7.19,-5.600553512573242,-3.155780792236328,2.0,0.5810621380805969,1.4643535614013672,0.0,1.0512621402740479,0.8735998868942261,0.0
7.2,-5.594690322875977,-3.1410927772521973,2.0,0.5915594100952148,1.4730826616287231,0.0,1.0481091737747192,0.8721741437911987,0.0
7.21,-5.588722229003906,-3.1263184547424316,2.0,0.6020245552062988,1.4817970991134644,0.0,1.0449339151382446,0.8707213997840881,0.0
7.22,-5.582650661468506,-3.111456871032715,2.0,0.6124576330184937,1.4904963970184326,0.0,1.0417368412017822,0.8692412376403809,0.0
7.23,-5.576473712921143,-3.0965089797973633,2.0,0.6228588819503784,1.4991813898086548,0.0,1.0385174751281738,0.867733895778656,0.0
7.24,-5.570193290710449,-3.0814738273620605,2.0,0.6332278251647949,1.507851243019104,0.0,1.0352762937545776,0.8661993145942688,0.0
7.25,-5.563808917999268,-3.0663514137268066,2.0,0.6435647010803223,1.516505479812622,0.0,1.032013177871704,0.8646372556686401,0.0
7.26,-5.557322025299072,-3.051143169403076,2.0,0.6538681983947754,1.5251439809799194,0.0,1.0287286043167114,0.8630480170249939,0.0
7.2700000000000005,-5.550731658935547,-3.035849094390869,2.0,0.664138913154602,1.5337663888931274,0.0,1.02542245388031,0.8614315986633301,0.0
7.28,-5.544038772583008,-3.0204687118530273,2.0,0.6743764877319336,1.5423725843429565,0.0,1.022094964981079,0.8597877621650696,0.0
7.29,-5.5372443199157715,-3.005002021789551,2.0,0.6845805644989014,1.5509620904922485,0.0,1.018746256828308,0.8581167459487915,0.0
7.3,-5.5303473472595215,-2.9894487857818604,2.0,0.6947516202926636,1.5595349073410034,0.0,1.0153764486312866,0.8564180135726929,0.0
7.3100000000000005,-5.523349285125732,-2.973811149597168,2.0,0.7048884034156799,1.568090558052063,0.0,1.0119857788085938,0.8546923398971558,0.0
7.32,-5.516249656677246,-2.95808744430542,2.0,0.7149910926818848,1.5766286849975586,0.0,1.0085742473602295,0.8529393076896667,0.0
7.33,-5.509050369262695,-2.9422786235809326,2.0,0.7250593900680542,1.5851486921310425,0.0,1.005142331123352,0.8511587381362915,0.0
7.34,-5.501749515533447,-2.9263839721679688,2.0,0.7350940108299255,1.5936514139175415,0.0,1.0016896724700928,0.8493509888648987,0.0
7.3500000000000005,-5.494348049163818,-2.910405158996582,2.0,0.7450935244560242,1.6021357774734497,0.0,0.9982166290283203,0.8475159406661987,0.0
7.36,-5.486847400665283,-2.8943417072296143,2.0,0.7550581097602844,1.610601782798767,0.0,0.9947231411933899,0.8456536531448364,0.0
7.37,-5.479246616363525,-2.8781938552856445,2.0,0.7649876475334167,1.619048833847046,0.0,0.9912095665931702,0.8437641263008118,0.0
7.38,-5.4715471267700195,-2.8619613647460938,2.0,0.7748820781707764,1.6274769306182861,0.0,0.9876760840415955,0.8418471813201904,0.0
7.390000000000001,-5.463749408721924,-2.8456435203552246,2.0,0.7847414612770081,1.6358858346939087,0.0,0.9841227531433105,0.8399027585983276,0.0
7.4,-5.455852508544922,-2.8292431831359863,2.0,0.7945647835731506,1.6442750692367554,0.0,0.9805497527122498,0.8379313349723816,0.0
7.41,-5.447857856750488,-2.812758684158325,2.0,0.8043521642684937,1.652644395828247,0.0,0.9769571423530579,0.8359325528144836,0.0
7.42,-5.439765453338623,-2.7961907386779785,2.0,0.8141036033630371,1.6609935760498047,0.0,0.9733451008796692,0.8339065313339233,0.0
7.43,-5.431575775146484,-2.7795395851135254,2.0,0.8238188624382019,1.6693226099014282,0.0,0.9697138071060181,0.8318532705307007,0.0
7.44,-5.4232892990112305,-2.762803792953491,2.0,0.8334981203079224,1.6776307821273804,0.0,0.9660633206367493,0.8297725915908813,0.0
7.45,-5.4149065017700195,-2.745985984802246,2.0,0.843140184879303,1.6859173774719238,0.0,0.9623942375183105,0.8276647329330444,0.0
7.46,-5.406427383422852,-2.729085922241211,2.0,0.8527456521987915,1.694183588027954,0.0,0.9587059020996094,0.8255296945571899,0.0
7.47,-5.397851467132568,-2.7121028900146484,2.0,0.8623140454292297,1.7024279832839966,0.0,0.9549989104270935,0.8233675360679626,0.0
7.48,-5.389181137084961,-2.6950366497039795,2.0,0.8718458414077759,1.7106508016586304,0.0,0.9512733817100525,0.8211780190467834,0.0
7.49,-5.380414962768555,-2.677889347076416,2.0,0.8813397288322449,1.7188516855239868,0.0,0.9475293159484863,0.8189614415168762,0.0
7.5,-5.371554374694824,-2.6606602668762207,2.0,0.8907961845397949,1.7270301580429077,0.0,0.9437670111656189,0.8167177438735962,0.0
7.51,-5.362598419189453,-2.6433494091033936,2.0,0.9002148509025574,1.7351858615875244,0.0,0.9399866461753845,0.8144468069076538,0.0
7.5200000000000005,-5.353549480438232,-2.6259572505950928,2.0,0.9095956087112427,1.743319034576416,0.0,0.9361882209777832,0.8121488690376282,0.0
7.53,-5.344407081604004,-2.6084823608398438,2.0,0.9189388751983643,1.7514289617538452,0.0,0.9323720335960388,0.8098235726356506,0.0
7.54,-5.335170745849609,-2.590928077697754,2.0,0.9282433390617371,1.759515404701233,0.0,0.9285380244255066,0.8074714541435242,0.0
7.55,-5.325842380523682,-2.5732927322387695,2.0,0.9375093579292297,1.767578363418579,0.0,0.9246864914894104,0.8050921559333801,0.0
7.5600000000000005,-5.3164215087890625,-2.555576801300049,2.0,0.9467366933822632,1.7756167650222778,0.0,0.9208179116249084,0.8026857972145081,0.0
7.57,-5.306908130645752,-2.5377798080444336,2.0,0.9559258818626404,1.7836315631866455,0.0,0.9169317483901978,0.8002523183822632,0.0
7.58,-5.297303199768066,-2.5199036598205566,2.0,0.9650755524635315,1.7916218042373657,0.0,0.9130284190177917,0.7977920174598694,0.0
7.59,-5.287606716156006,-2.5019478797912598,2.0,0.9741862416267395,1.7995872497558594,0.0,0.9091082215309143,0.7953047752380371,0.0
7.6000000000000005,-5.2778191566467285,-2.483912706375122,2.0,0.983257532119751,1.807528018951416,0.0,0.9051711559295654,0.7927905321121216,0.0
7.61,-5.267940998077393,-2.4657979011535645,2.0,0.9922893643379211,1.8154431581497192,0.0,0.9012174010276794,0.7902494668960571,0.0
7.62,-5.257973670959473,-2.447603225708008,2.0,1.0012820959091187,1.8233330249786377,0.0,0.8972470760345459,0.7876812219619751,0.0
7.63,-5.247915744781494,-2.429330825805664,2.0,1.0102344751358032,1.8311967849731445,0.0,0.8932605385780334,0.7850862741470337,0.0
7.640000000000001,-5.23776912689209,-2.410979747772217,2.0,1.0191470384597778,1.8390346765518188,0.0,0.8892576098442078,0.7824646234512329,0.0
7.65,-5.227532863616943,-2.3925507068634033,2.0,1.0280194282531738,1.8468462228775024,0.0,0.885238766670227,0.7798161506652832,0.0
7.66,-5.217208385467529,-2.3740434646606445,2.0,1.0368515253067017,1.8546308279037476,0.0,0.8812038898468018,0.7771407961845398,0.0
7.67,-5.206795692443848,-2.3554575443267822,2.0,1.04564368724823,1.862389087677002,0.0,0.8771532773971558,0.7744385600090027,0.0
7.68,-5.196296215057373,-2.3367950916290283,2.0,1.0543948411941528,1.870119333267212,0.0,0.8730872869491577,0.7717097401618958,0.0
7.69,-5.185708522796631,-2.3180556297302246,2.0,1.0631052255630493,1.8778226375579834,0.0,0.8690057396888733,0.7689543962478638,0.0
7.7,-5.175034046173096,-2.29923939704895,2.0,1.0717746019363403,1.8854981660842896,0.0,0.8649086952209473,0.7661724090576172,0.0
7.71,-5.164272785186768,-2.2803449630737305,2.0,1.0804035663604736,1.8931459188461304,0.0,0.8607964515686035,0.7633635997772217,0.0
7.72,-5.153426170349121,-2.261375904083252,2.0,1.0889908075332642,1.9007655382156372,0.0,0.8566692471504211,0.7605284452438354,0.0
7.73,-5.14249324798584,-2.242330312728882,2.0,1.0975366830825806,1.9083565473556519,0.0,0.8525272607803345,0.7576666474342346,0.0
7.74,-5.131475448608398,-2.2232091426849365,2.0,1.1060410737991333,1.9159189462661743,0.0,0.848370373249054,0.7547784447669983,0.0
7.75,-5.120372295379639,-2.204012632369995,2.0,1.1145038604736328,1.9234522581100464,0.0,0.844199001789093,0.7518638372421265,0.0
7.76,-5.109185695648193,-2.184739589691162,2.0,1.1229252815246582,1.9309563636779785,0.0,0.840013325214386,0.7489226460456848,0.0
7.7700000000000005,-5.097914218902588,-2.1653928756713867,2.0,1.1313042640686035,1.9384307861328125,0.0,0.8358133435249329,0.745955228805542,0.0
7.78,-5.086559295654297,-2.1459717750549316,2.0,1.139641284942627,1.9458751678466797,0.0,0.831599235534668,0.7429614663124084,0.0
7.79,-5.075121879577637,-2.1264760494232178,2.0,1.1479361057281494,1.9532893896102905,0.0,0.8273715376853943,0.7399414777755737,0.0
7.8,-5.063601493835449,-2.1069064140319824,2.0,1.1561884880065918,1.9606736898422241,0.0,0.8231296539306641,0.7368952631950378,0.0
7.8100000000000005,-5.051998615264893,-2.0872621536254883,2.0,1.1643989086151123,1.9680273532867432,0.0,0.8188742399215698,0.7338227033615112,0.0
7.82,-5.040313243865967,-2.0675454139709473,2.0,1.1725661754608154,1.975350022315979,0.0,0.8146052956581116,0.7307241559028625,0.0
7.83,-5.028547286987305,-2.047755718231201,2.0,1.1806907653808594,1.9826418161392212,0.0,0.8103229999542236,0.7275995016098022,0.0
7.84,-5.01669979095459,-2.027893304824829,2.0,1.188772439956665,1.989902138710022,0.0,0.8060275316238403,0.7244489192962646,0.0
7.8500000000000005,-5.004771709442139,-2.0079569816589355,2.0,1.196811556816101,1.9971308708190918,0.0,0.801719069480896,0.7212720513343811,0.0
7.86,-4.992763042449951,-1.9879499673843384,2.0,1.2048070430755615,2.0043275356292725,0.0,0.797397792339325,0.7180694341659546,0.0
7.87,-4.98067569732666,-1.967871069908142,2.0,1.212759256362915,2.0114922523498535,0.0,0.793063759803772,0.7148408889770508,0.0
7.88,-4.968508243560791,-1.9477207660675049,2.0,1.220668077468872,2.0186245441436768,0.0,0.7887170910835266,0.711586594581604,0.0
7.890000000000001,-4.956262111663818,-1.9274991750717163,2.0,1.2285332679748535,2.025723934173584,0.0,0.7843582034111023,0.7083064913749695,0.0
7.9,-4.943938732147217,-1.9072057008743286,2.0,1.2363555431365967,2.032790184020996,0.0,0.7799872756004333,0.7050004601478577,0.0
7.91,-4.931535720825195,-1.8868428468704224,2.0,1.2441333532333374,2.039823293685913,0.0,0.7756040096282959,0.7016689777374268,0.0
7.92,-4.919055461883545,-1.8664098978042603,2.0,1.2518672943115234,2.046823501586914,0.0,0.7712088227272034,0.6983118653297424,0.0
7.930000000000001,-4.906497955322266,-1.8459070920944214,2.0,1.2595572471618652,2.0537896156311035,0.0,0.7668017745018005,0.6949291825294495,0.0
7.94,-4.893864631652832,-1.8253334760665894,2.0,1.267203450202942,2.0607218742370605,0.0,0.7623831629753113,0.6915207505226135,0.0
7.95,-4.881154537200928,-1.804692029953003,2.0,1.2748051881790161,2.067620038986206,0.0,0.7579530477523804,0.6880871653556824,0.0
7.96,-4.868368148803711,-1.7839816808700562,2.0,1.2823623418807983,2.074483633041382,0.0,0.7535117864608765,0.6846280694007874,0.0
7.97,-4.8555073738098145,-1.7632030248641968,2.0,1.2898750305175781,2.081312656402588,0.0,0.7490592002868652,0.6811437606811523,0.0
7.98,-4.842570781707764,-1.7423560619354248,2.0,1.297343373298645,2.088106632232666,0.0,0.7445957660675049,0.6776341199874878,0.0
7.99,-4.829560279846191,-1.721440315246582,2.0,1.3047672510147095,2.094865322113037,0.0,0.7401214838027954,0.6740991473197937,0.0
8.0,-4.8164753913879395,-1.7004581689834595,2.0,1.3121458292007446,2.101588487625122,0.0,0.7356364727020264,0.670539140701294,0.0
8.01,-4.803317546844482,-1.679409146308899,2.0,1.3194798231124878,2.108276128768921,0.0,0.7311410307884216,0.6669541597366333,0.0
8.02,-4.7900872230529785,-1.65829336643219,2.0,1.3267685174942017,2.114927053451538,0.0,0.7266355156898499,0.663344144821167,0.0
8.03,-4.776782989501953,-1.6371111869812012,2.0,1.3340122699737549,2.121542453765869,0.0,0.7221194505691528,0.6597091555595398,0.0
8.040000000000001,-4.763406276702881,-1.6158620119094849,2.0,1.3412113189697266,2.1281213760375977,0.0,0.7175933718681335,0.6560491323471069,0.0
8.05,-4.749958515167236,-1.5945483446121216,2.0,1.3483643531799316,2.1346635818481445,0.0,0.7130574584007263,0.6523644924163818,0.0
8.06,-4.736439228057861,-1.5731693506240845,2.0,1.3554720878601074,2.1411685943603516,0.0,0.7085117101669312,0.6486550569534302,0.0
8.07,-4.722849369049072,-1.5517256259918213,2.0,1.3625342845916748,2.147636651992798,0.0,0.7039566040039062,0.6449210047721863,0.0
8.08,-4.709188461303711,-1.530216097831726,2.0,1.369551420211792,2.154067039489746,0.0,0.6993918418884277,0.6411621570587158,0.0
8.09,-4.695457935333252,-1.508643627166748,2.0,1.3765223026275635,2.1604599952697754,0.0,0.6948180198669434,0.6373789310455322,0.0
8.1,-4.6816582679748535,-1.48700749874115,2.0,1.383447527885437,2.1668145656585693,0.0,0.6902351379394531,0.6335713267326355,0.0
8.11,-4.667788982391357,-1.4653079509735107,2.0,1.3903268575668335,2.173131227493286,0.0,0.6856431365013123,0.6297392845153809,0.0
8.120000000000001,-4.653851509094238,-1.4435454607009888,2.0,1.3971601724624634,2.1794092655181885,0.0,0.6810425519943237,0.6258829236030579,0.0
8.13,-4.6398468017578125,-1.4217194318771362,2.0,1.4039480686187744,2.185648202896118,0.0,0.6764336228370667,0.6220023036003113,0.0
8.14,-4.625773906707764,-1.399832010269165,2.0,1.4106892347335815,2.1918489933013916,0.0,0.6718159317970276,0.6180975437164307,0.0
8.15,-4.611632823944092,-1.377882957458496,2.0,1.4173840284347534,2.1980104446411133,0.0,0.6671899557113647,0.6141687035560608,0.0
8.16,-4.597425937652588,-1.3558725118637085,2.0,1.4240326881408691,2.204132318496704,0.0,0.6625558137893677,0.610215961933136,0.0
8.17,-4.583152770996094,-1.333801031112671,2.0,1.4306349754333496,2.210214614868164,0.0,0.6579137444496155,0.6062392592430115,0.0
8.18,-4.568813323974609,-1.311667561531067,2.0,1.437191128730774,2.216257333755493,0.0,0.6532638072967529,0.6022384762763977,0.0
8.19,-4.554408550262451,-1.2894753217697144,2.0,1.4437004327774048,2.222259521484375,0.0,0.6486062407493591,0.5982141494750977,0.0
8.2,-4.539938926696777,-1.2672230005264282,2.0,1.4501630067825317,2.2282214164733887,0.0,0.6439411640167236,0.5941661596298218,0.0
8.21,-4.525405406951904,-1.2449114322662354,2.0,1.4565789699554443,2.234142780303955,0.0,0.6392688155174255,0.5900945663452148,0.0
8.22,-4.510807514190674,-1.2225396633148193,2.0,1.4629486799240112,2.240023374557495,0.0,0.6345891952514648,0.5859992504119873,0.0
8.23,-4.496146202087402,-1.2001103162765503,2.0,1.469270944595337,2.2458627223968506,0.0,0.6299026608467102,0.5818806886672974,0.0
8.24,-4.4814229011535645,-1.1776231527328491,2.0,1.4755465984344482,2.2516605854034424,0.0,0.6252095699310303,0.577738881111145,0.0
8.25,-4.4666361808776855,-1.1550780534744263,2.0,1.4817750453948975,2.2574172019958496,0.0,0.6205093860626221,0.5735737681388855,0.0
8.26,-4.45178747177124,-1.13247549533844,2.0,1.4879565238952637,2.263132095336914,0.0,0.6158027052879333,0.5693854689598083,0.0
8.27,-4.436877250671387,-1.1098148822784424,2.0,1.494091272354126,2.2688047885894775,0.0,0.6110896468162537,0.5651738047599792,0.0
8.28,-4.421905994415283,-1.0870988368988037,2.0,1.500178575515747,2.274435520172119,0.0,0.6063703298568726,0.5609394311904907,0.0
8.290000000000001,-4.40687370300293,-1.0643267631530762,2.0,1.5062185525894165,2.2800235748291016,0.0,0.6016449928283691,0.5566821098327637,0.0
8.3,-4.391781806945801,-1.0414988994598389,2.0,1.5122112035751343,2.285569190979004,0.0,0.596913754940033,0.5524020195007324,0.0
8.31,-4.37662935256958,-1.018615961074829,2.0,1.5181565284729004,2.291071653366089,0.0,0.5921768546104431,0.548099160194397,0.0
8.32,-4.3614182472229,-0.9956769943237305,2.0,1.524055004119873,2.2965309619903564,0.0,0.5874341726303101,0.5437734723091125,0.0
8.33,-4.3461480140686035,-0.9726846814155579,2.0,1.5299054384231567,2.3019471168518066,0.0,0.582686185836792,0.5394254326820374,0.0
8.34,-4.330820083618164,-0.9496386051177979,2.0,1.5357085466384888,2.3073198795318604,0.0,0.5779330134391785,0.5350549817085266,0.0
8.35,-4.315434455871582,-0.92653888463974,2.0,1.541463851928711,2.3126485347747803,0.0,0.5731745958328247,0.5306621193885803,0.0
8.36,-4.299991607666016,-0.9033854007720947,2.0,1.5471723079681396,2.317932367324829,0.0,0.5684115886688232,0.526246964931488,0.0
8.370000000000001,-4.284491539001465,-0.8801801204681396,2.0,1.5528326034545898,2.3231728076934814,0.0,0.5636435151100159,0.5218096971511841,0.0
8.38,-4.268935203552246,-0.8569225072860718,2.0,1.558444857597351,2.328368663787842,0.0,0.5588707327842712,0.5173503756523132,0.0
8.39,-4.253322601318359,-0.8336131572723389,2.0,1.5640095472335815,2.33351993560791,0.0,0.554093599319458,0.512869119644165,0.0
8.4,-4.237654685974121,-0.8102526664733887,2.0,1.5695266723632812,2.338625907897949,0.0,0.5493120551109314,0.5083659887313843,0.0
8.41,-4.2219319343566895,-0.7868402004241943,2.0,1.5749961137771606,2.343687057495117,0.0,0.5445263981819153,0.5038408637046814,0.0
8.42,-4.206154823303223,-0.763378381729126,2.0,1.5804173946380615,2.348702907562256,0.0,0.5397366285324097,0.49929431080818176,0.0
8.43,-4.190323829650879,-0.7398667335510254,2.0,1.585790753364563,2.353672981262207,0.0,0.5349432229995728,0.49472612142562866,0.0
8.44,-4.174439430236816,-0.7163054943084717,2.0,1.591115951538086,2.3585972785949707,0.0,0.5301460027694702,0.4901365041732788,0.0
8.45,-4.158501148223877,-0.6926941871643066,2.0,1.5963938236236572,2.363475799560547,0.0,0.5253452062606812,0.48552533984184265,0.0
8.46,-4.142511367797852,-0.6690354347229004,2.0,1.6016230583190918,2.3683080673217773,0.0,0.5205411911010742,0.4808931350708008,0.0
8.47,-4.12647008895874,-0.6453288793563843,2.0,1.6068044900894165,2.3730931282043457,0.0,0.5157342553138733,0.4762398302555084,0.0
8.48,-4.110376358032227,-0.6215745210647583,2.0,1.6119377613067627,2.3778321743011475,0.0,0.5109239220619202,0.4715653955936432,0.0
8.49,-4.094231128692627,-0.5977728366851807,2.0,1.6170227527618408,2.3825244903564453,0.0,0.506110668182373,0.4668700397014618,0.0
8.5,-4.078035831451416,-0.5739234685897827,2.0,1.6220601797103882,2.387169599533081,0.0,0.501294732093811,0.4621536433696747,0.0
8.51,-4.061789512634277,-0.5500288009643555,2.0,1.6270488500595093,2.3917675018310547,0.0,0.4964761435985565,0.45741668343544006,0.0
8.52,-4.045494556427002,-0.5260887145996094,2.0,1.6319893598556519,2.396317958831787,0.0,0.4916552007198334,0.4526591897010803,0.0
8.53,-4.029150485992432,-0.5021032094955444,2.0,1.636881709098816,2.4008209705352783,0.0,0.48683199286460876,0.4478811025619507,0.0
8.540000000000001,-4.012757301330566,-0.4780728816986084,2.0,1.6417256593704224,2.405275583267212,0.0,0.48200663924217224,0.44308266043663025,0.0
8.55,-3.9963157176971436,-0.4539971351623535,2.0,1.646522045135498,2.409682273864746,0.0,0.4771793484687805,0.4382637143135071,0.0
8.56,-3.9798264503479004,-0.42987871170043945,2.0,1.651269555091858,2.4140408039093018,0.0,0.47235023975372314,0.43342477083206177,0.0
8.57,-3.9632904529571533,-0.40571701526641846,2.0,1.6559687852859497,2.4183509349823,0.0,0.467519611120224,0.4285658299922943,0.0
8.58,-3.9467082023620605,-0.38151252269744873,2.0,1.660619854927063,2.422611951828003,0.0,0.4626876413822174,0.4236869812011719,0.0
8.59,-3.9300785064697266,-0.35726451873779297,2.0,1.6652230024337769,2.4268240928649902,0.0,0.45785412192344666,0.4187880754470825,0.0
8.6,-3.9134037494659424,-0.3329756259918213,2.0,1.6697771549224854,2.430987596511841,0.0,0.45301946997642517,0.41386958956718445,0.0
8.61,-3.896683692932129,-0.3086453676223755,2.0,1.6742831468582153,2.4351017475128174,0.0,0.44818371534347534,0.4089314937591553,0.0
8.620000000000001,-3.879918098449707,-0.2842741012573242,2.0,1.6787407398223877,2.439166307449341,0.0,0.44334718585014343,0.40397390723228455,0.0
8.63,-3.8631086349487305,-0.25986266136169434,2.0,1.6831499338150024,2.443181276321411,0.0,0.43850991129875183,0.3989970088005066,0.0
8.64,-3.846254825592041,-0.23540997505187988,2.0,1.6875110864639282,2.447145938873291,0.0,0.43367207050323486,0.3940005898475647,0.0
8.65,-3.8293585777282715,-0.21091926097869873,2.0,1.6918234825134277,2.451061248779297,0.0,0.42883381247520447,0.3889853060245514,0.0
8.66,-3.8124189376831055,-0.18638932704925537,2.0,1.6960875988006592,2.454926013946533,0.0,0.42399537563323975,0.38395094871520996,0.0
8.67,-3.795436382293701,-0.1618211269378662,2.0,1.7003031969070435,2.458739995956421,0.0,0.4191567599773407,0.37889769673347473,0.0
8.68,-3.7784130573272705,-0.1372150182723999,2.0,1.7044703960418701,2.4625039100646973,0.0,0.41431838274002075,0.37382569909095764,0.0
8.69,-3.7613470554351807,-0.11257064342498779,2.0,1.7085896730422974,2.466216802597046,0.0,0.4094800353050232,0.36873486638069153,0.0
8.700000000000001,-3.744241714477539,-0.087890625,2.0,1.7126604318618774,2.4698779582977295,0.0,0.40464240312576294,0.3636258542537689,0.0
8.71,-3.7270946502685547,-0.06317400932312012,2.0,1.7166826725006104,2.4734888076782227,0.0,0.39980509877204895,0.3584982752799988,0.0
8.72,-3.7099080085754395,-0.0384213924407959,2.0,1.7206562757492065,2.477047920227051,0.0,0.3949683904647827,0.3533523976802826,0.0
8.73,-3.692681312561035,-0.013632535934448242,2.0,1.7245821952819824,2.480556011199951,0.0,0.39013245701789856,0.34818825125694275,0.0
8.74,-3.6754159927368164,0.011190295219421387,2.0,1.7284592390060425,2.4840121269226074,0.0,0.38529762625694275,0.3430061638355255,0.0
8.75,-3.6581125259399414,0.03604722023010254,2.0,1.7322880029678345,2.4874160289764404,0.0,0.3804638087749481,0.33780622482299805,0.0
8.76,-3.64077091217041,0.06093788146972656,2.0,1.7360682487487793,2.4907679557800293,0.0,0.3756314516067505,0.3325885534286499,0.0
8.77,-3.6233913898468018,0.08586204051971436,2.0,1.7398003339767456,2.494067907333374,0.0,0.37080034613609314,0.3273531496524811,0.0
8.78,-3.6059744358062744,0.11081969738006592,2.0,1.743484616279602,2.497314929962158,0.0,0.3659709095954895,0.32210013270378113,0.0
8.790000000000001,-3.5885214805603027,0.13580870628356934,2.0,1.7471199035644531,2.50050950050354,0.0,0.3611432909965515,0.3168298900127411,0.0
8.8,-3.5710325241088867,0.16082942485809326,2.0,1.7507070302963257,2.5036518573760986,0.0,0.3563174903392792,0.3115423321723938,0.0
8.81,-3.5535085201263428,0.1858806610107422,2.0,1.7542463541030884,2.5067403316497803,0.0,0.3514940142631531,0.3062378764152527,0.0
8.82,-3.5359480381011963,0.21096432209014893,2.0,1.757737636566162,2.5097758769989014,0.0,0.346672385931015,0.30091604590415955,0.0
8.83,-3.51835298538208,0.2360767126083374,2.0,1.76118004322052,2.512758493423462,0.0,0.34185314178466797,0.2955775558948517,0.0
8.84,-3.5007243156433105,0.2612190246582031,2.0,1.7645742893218994,2.5156874656677246,0.0,0.3370364010334015,0.29022228717803955,0.0
8.85,-3.483062267303467,0.2863900661468506,2.0,1.7679206132888794,2.5185632705688477,0.0,0.3322223126888275,0.28485047817230225,0.0
8.86,-3.4653663635253906,0.3115895986557007,2.0,1.7712184190750122,2.5213847160339355,0.0,0.32741105556488037,0.27946218848228455,0.0
8.870000000000001,-3.4476370811462402,0.33681821823120117,2.0,1.7744688987731934,2.5241522789001465,0.0,0.3226025402545929,0.27405738830566406,0.0
8.88,-3.4298765659332275,0.36207306385040283,2.0,1.7776707410812378,2.5268659591674805,0.0,0.31779733300209045,0.2686365842819214,0.0
8.89,-3.4120841026306152,0.3873549699783325,2.0,1.7808246612548828,2.529524803161621,0.0,0.31299522519111633,0.26319971680641174,0.0
8.9,-3.3942604064941406,0.4126631021499634,2.0,1.7839304208755493,2.5321297645568848,0.0,0.3081966042518616,0.25774693489074707,0.0
8.91,-3.376405715942383,0.43799710273742676,2.0,1.7869882583618164,2.534680128097534,0.0,0.3034014403820038,0.2522783875465393,0.0
8.92,-3.3585205078125,0.46335721015930176,2.0,1.7899986505508423,2.537175178527832,0.0,0.29860982298851013,0.2467939853668213,0.0
8.93,-3.340606212615967,0.4887404441833496,2.0,1.7929611206054688,2.5396153926849365,0.0,0.2938225269317627,0.2412944734096527,0.0
8.94,-3.322662353515625,0.5141483545303345,2.0,1.7958751916885376,2.5420010089874268,0.0,0.289038747549057,0.23577941954135895,0.0
8.950000000000001,-3.304689407348633,0.5395798683166504,2.0,1.7987414598464966,2.5443313121795654,0.0,0.28425922989845276,0.23024910688400269,0.0
8.96,-3.286687135696411,0.5650355815887451,2.0,1.8015605211257935,2.5466058254241943,0.0,0.2794837951660156,0.22470355033874512,0.0
8.97,-3.268657684326172,0.5905126333236694,2.0,1.8043314218521118,2.548825263977051,0.0,0.2747128903865814,0.21914322674274445,0.0
8.98,-3.250600814819336,0.6160115003585815,2.0,1.8070546388626099,2.5509889125823975,0.0,0.26994648575782776,0.21356815099716187,0.0
8.99,-3.2325167655944824,0.6415318250656128,2.0,1.8097301721572876,2.5530967712402344,0.0,0.26518478989601135,0.20797836780548096,0.0
9.0,-3.2144064903259277,0.6670727729797363,2.0,1.8123581409454346,2.5551486015319824,0.0,0.260427862405777,0.20237411558628082,0.0
9.01,-3.1962697505950928,0.6926352977752686,2.0,1.8149389028549194,2.5571441650390625,0.0,0.25567594170570374,0.1967552751302719,0.0
9.02,-3.178107261657715,0.7182161808013916,2.0,1.8174717426300049,2.5590834617614746,0.0,0.2509291172027588,0.19112244248390198,0.0
9.03,-3.1599202156066895,0.7438163757324219,2.0,1.8199572563171387,2.5609664916992188,0.0,0.24618752300739288,0.18547548353672028,0.0
9.040000000000001,-3.141709327697754,0.7694345712661743,2.0,1.8223956823349,2.5627927780151367,0.0,0.24145174026489258,0.17981483042240143,0.0
9.05,-3.1234731674194336,0.7950712442398071,2.0,1.8247864246368408,2.5645627975463867,0.0,0.23672109842300415,0.17414017021656036,0.0
9.06,-3.105213165283203,0.8207262754440308,2.0,1.8271303176879883,2.5662753582000732,0.0,0.2319961041212082,0.16845174133777618,0.0
9.07,-3.086930274963379,0.8463971614837646,2.0,1.8294265270233154,2.567931652069092,0.0,0.22727705538272858,0.1627499759197235,0.0
9.08,-3.068624973297119,0.8720842599868774,2.0,1.83167564868927,2.569530487060547,0.0,0.22256392240524292,0.15703484416007996,0.0
9.09,-3.0502967834472656,0.8977874517440796,2.0,1.8338775634765625,2.5710723400115967,0.0,0.21785688400268555,0.15130650997161865,0.0
9.1,-3.031946897506714,0.9235063791275024,2.0,1.8360329866409302,2.572556495666504,0.0,0.21315601468086243,0.14556503295898438,0.0
9.11,-3.013576030731201,0.9492387771606445,2.0,1.8381409645080566,2.5739834308624268,0.0,0.20846164226531982,0.13981081545352936,0.0
9.120000000000001,-2.9951846599578857,0.9749855995178223,2.0,1.8402019739151,2.575352668762207,0.0,0.20377373695373535,0.1340438574552536,0.0
9.13,-2.9767725467681885,1.0007452964782715,2.0,1.84221613407135,2.576664447784424,0.0,0.19909252226352692,0.12826430797576904,0.0
9.14,-2.958340644836426,1.0265182256698608,2.0,1.8441836833953857,2.577918529510498,0.0,0.19441810250282288,0.12247228622436523,0.0
9.15,-2.9398889541625977,1.0523035526275635,2.0,1.8461049795150757,2.579113483428955,0.0,0.18975071609020233,0.11666811257600784,0.0
9.16,-2.9214186668395996,1.0781002044677734,2.0,1.847979187965393,2.5802512168884277,0.0,0.18509028851985931,0.11085175722837448,0.0
9.17,-2.9029300212860107,1.1039084196090698,2.0,1.849806785583496,2.5813305377960205,0.0,0.1804371029138565,0.1050233393907547,0.0
9.18,-2.884422779083252,1.1297264099121094,2.0,1.8515877723693848,2.5823516845703125,0.0,0.17579121887683868,0.09918315708637238,0.0
9.19,-2.8658976554870605,1.1555558443069458,2.0,1.8533226251602173,2.5833141803741455,0.0,0.17115266621112823,0.09333109110593796,0.0
9.200000000000001,-2.8473563194274902,1.181393027305603,2.0,1.855010986328125,2.5842185020446777,0.0,0.16652189195156097,0.08746778219938278,0.0
9.21,-2.8287978172302246,1.2072395086288452,2.0,1.856652855873108,2.5850636959075928,0.0,0.16189883649349213,0.08159305900335312,0.0
9.22,-2.8102235794067383,1.2330939769744873,2.0,1.8582485914230347,2.585850477218628,0.0,0.15728363394737244,0.07570713013410568,0.0
9.23,-2.791632890701294,1.2589560747146606,2.0,1.8597983121871948,2.586577892303467,0.0,0.15267640352249146,0.0698101818561554,0.0
9.24,-2.773026943206787,1.2848261594772339,2.0,1.861302375793457,2.5872464179992676,0.0,0.14807729423046112,0.06390219181776047,0.0
9.25,-2.7544069290161133,1.3107014894485474,2.0,1.862760066986084,2.5878560543060303,0.0,0.14348651468753815,0.05798361077904701,0.0
9.26,-2.735772132873535,1.3365826606750488,2.0,1.8641719818115234,2.5884060859680176,0.0,0.1389041393995285,0.052054513245821,0.0
9.27,-2.7171244621276855,1.3624684810638428,2.0,1.8655383586883545,2.5888967514038086,0.0,0.13433057069778442,0.0461152009665966,0.0
9.28,-2.6984622478485107,1.388359546661377,2.0,1.866858720779419,2.5893282890319824,0.0,0.1297653615474701,0.04016541689634323,0.0
9.290000000000001,-2.6797871589660645,1.4142553806304932,2.0,1.8681339025497437,2.5896999835968018,0.0,0.12520891427993774,0.034205418080091476,0.0
9.3,-2.661099910736084,1.44015371799469,2.0,1.8693629503250122,2.590012311935425,0.0,0.12066147476434708,0.028235679492354393,0.0
9.31,-2.6424002647399902,1.4660552740097046,2.0,1.8705469369888306,2.5902647972106934,0.0,0.11612304300069809,0.022256070747971535,0.0
9.32,-2.6236889362335205,1.491958737373352,2.0,1.871685266494751,2.5904574394226074,0.0,0.11159384995698929,0.01626693271100521,0.0
9.33,-2.604966163635254,1.5178648233413696,2.0,1.8727790117263794,2.590590000152588,0.0,0.10707387328147888,0.010268183425068855,0.0
9.34,-2.586233139038086,1.5437707901000977,2.0,1.8738270998001099,2.590662717819214,0.0,0.10256334394216537,0.004260377958416939,0.0
9.35,-2.5674898624420166,1.569677710533142,2.0,1.8748300075531006,2.5906753540039062,0.0,0.09806250780820847,-0.001756696728989482,0.0
9.36,-2.548736572265625,1.5955841541290283,2.0,1.8757879734039307,2.590627670288086,0.0,0.09357129037380219,-0.00778261199593544,0.0
9.370000000000001,-2.5299739837646484,1.6214897632598877,2.0,1.8767012357711792,2.590519905090332,0.0,0.08908985555171967,-0.013817325234413147,0.0
9.38,-2.511202812194824,1.6473941802978516,2.0,1.877570390701294,2.590351104736328,0.0,0.08461854606866837,-0.019860535860061646,0.0
9.39,-2.4924230575561523,1.673296332359314,2.0,1.8783941268920898,2.5901222229003906,0.0,0.08015715330839157,-0.0259123295545578,0.0
9.4,-2.47363543510437,1.6991961002349854,2.0,1.8791733980178833,2.5898330211639404,0.0,0.07570593059062958,-0.03197244927287102,0.0
9.41,-2.4548397064208984,1.7250927686691284,2.0,1.8799082040786743,2.5894827842712402,0.0,0.07126501202583313,-0.038040678948163986,0.0
9.42,-2.436037302017212,1.7509852647781372,2.0,1.880598545074463,2.5890722274780273,0.0,0.06683459877967834,-0.044116802513599396,0.0
9.43,-2.4172277450561523,1.7768744230270386,2.0,1.8812450170516968,2.5886003971099854,0.0,0.06241462007164955,-0.05020091310143471,0.0
9.44,-2.3984122276306152,1.802757740020752,2.0,1.8818467855453491,2.5880682468414307,0.0,0.05800537019968033,-0.05629253014922142,0.0
9.450000000000001,-2.3795909881591797,1.8286354541778564,2.0,1.8824049234390259,2.587474822998047,0.0,0.05360697582364082,-0.062391575425863266,0.0
9.46,-2.360764503479004,1.8545066118240356,2.0,1.8829188346862793,2.586820602416992,0.0,0.049219436943531036,-0.0684979110956192,0.0
9.47,-2.3419322967529297,1.880372166633606,2.0,1.8833894729614258,2.5861048698425293,0.0,0.04484288766980171,-0.07461146265268326,0.0
9.48,-2.32309627532959,1.9062294960021973,2.0,1.883815884590149,2.5853281021118164,0.0,0.040477581322193146,-0.08073192089796066,0.0
9.49,-2.3042569160461426,1.932077407836914,2.0,1.8841992616653442,2.5844900608062744,0.0,0.03612373396754265,-0.08685877174139023,0.0
9.5,-2.2854132652282715,1.9579178094863892,2.0,1.8845384120941162,2.5835907459259033,0.0,0.031781088560819626,-0.09299257397651672,0.0
9.51,-2.266566753387451,1.9837486743927002,2.0,1.8848345279693604,2.5826303958892822,0.0,0.027449943125247955,-0.09913282096385956,0.0
9.52,-2.247716188430786,2.009570598602295,2.0,1.8850877285003662,2.5816080570220947,0.0,0.023130342364311218,-0.10527949780225754,0.0
9.53,-2.2288644313812256,2.035381317138672,2.0,1.885297179222107,2.580524444580078,0.0,0.01882258430123329,-0.11143209785223007,0.0
9.540000000000001,-2.210010528564453,2.06118106842041,2.0,1.8854639530181885,2.5793793201446533,0.0,0.014526715502142906,-0.11759071052074432,0.0
9.55,-2.191155433654785,2.086968421936035,2.0,1.8855875730514526,2.5781729221343994,0.0,0.010242776945233345,-0.12375498563051224,0.0
9.56,-2.172299385070801,2.112743854522705,2.0,1.8856685161590576,2.576904535293579,0.0,0.005970940925180912,-0.12992483377456665,0.0
9.57,-2.153441905975342,2.138507127761841,2.0,1.8857072591781616,2.5755741596221924,0.0,0.0017112494679167867,-0.13610026240348816,0.0
9.58,-2.134584665298462,2.1642558574676514,2.0,1.8857029676437378,2.5741822719573975,0.0,-0.0025360824074596167,-0.14228080213069916,0.0
9.59,-2.1157279014587402,2.189990520477295,2.0,1.8856562376022339,2.5727286338806152,0.0,-0.0067709689028561115,-0.14846649765968323,0.0
9.6,-2.096872091293335,2.215710163116455,2.0,1.8855674266815186,2.571213483810425,0.0,-0.010993280448019505,-0.15465697646141052,0.0
9.61,-2.078016757965088,2.2414143085479736,2.0,1.8854371309280396,2.5696353912353516,0.0,-0.015202932991087437,-0.16085201501846313,0.0
9.620000000000001,-2.0591635704040527,2.2671022415161133,2.0,1.8852640390396118,2.567995548248291,0.0,-0.01939988136291504,-0.1670517772436142,0.0
9.63,-2.040311813354492,2.292773723602295,2.0,1.8850489854812622,2.5662941932678223,0.0,-0.02358395606279373,-0.17325596511363983,0.0
9.64,-2.021462917327881,2.318427562713623,2.0,1.8847920894622803,2.564530849456787,0.0,-0.027755027636885643,-0.17946423590183258,0.0
9.65,-2.0026164054870605,2.3440637588500977,2.0,1.8844934701919556,2.5627052783966064,0.0,-0.03191305324435234,-0.18567663431167603,0.0
9.66,-1.9837723970413208,2.3696823120117188,2.0,1.884153962135315,2.560817003250122,0.0,-0.03605799004435539,-0.19189296662807465,0.0
9.67,-1.964932918548584,2.395280599594116,2.0,1.8837727308273315,2.5588669776916504,0.0,-0.04018944874405861,-0.1981128603219986,0.0
9.68,-1.946097493171692,2.4208590984344482,2.0,1.883350133895874,2.5568552017211914,0.0,-0.044307563453912735,-0.20433621108531952,0.0
9.69,-1.9272663593292236,2.4464175701141357,2.0,1.882886290550232,2.554780960083008,0.0,-0.04841215908527374,-0.21056295931339264,0.0
9.700000000000001,-1.9084395170211792,2.4719552993774414,2.0,1.8823819160461426,2.5526437759399414,0.0,-0.05250323563814163,-0.21679289638996124,0.0
9.71,-1.8896182775497437,2.4974708557128906,2.0,1.8818362951278687,2.5504446029663086,0.0,-0.056580495089292526,-0.22302575409412384,0.0
9.72,-1.8708033561706543,2.522962808609009,2.0,1.8812507390975952,2.548182964324951,0.0,-0.0606437623500824,-0.22926101088523865,0.0
9.73,-1.851994276046753,2.5484330654144287,2.0,1.8806238174438477,2.5458593368530273,0.0,-0.06469321250915527,-0.23549923300743103,0.0
9.74,-1.8331916332244873,2.5738797187805176,2.0,1.879956603050232,2.543473243713379,0.0,-0.06872867047786713,-0.24173982441425323,0.0
9.75,-1.8143945932388306,2.5993032455444336,2.0,1.8792495727539062,2.5410244464874268,0.0,-0.07275013625621796,-0.24798288941383362,0.0
9.76,-1.7956061363220215,2.6247005462646484,2.0,1.8785016536712646,2.538513660430908,0.0,-0.07675722986459732,-0.25422781705856323,0.0
9.77,-1.7768250703811646,2.6500728130340576,2.0,1.8777140378952026,2.535940170288086,0.0,-0.08074994385242462,-0.26047468185424805,0.0
9.78,-1.7580522298812866,2.6754188537597656,2.0,1.8768866062164307,2.533304214477539,0.0,-0.08472824096679688,-0.26672330498695374,0.0
9.790000000000001,-1.7392876148223877,2.7007384300231934,2.0,1.8760193586349487,2.5306057929992676,0.0,-0.0886920690536499,-0.2729733884334564,0.0
9.8,-1.7205315828323364,2.726031541824341,2.0,1.875112771987915,2.5278446674346924,0.0,-0.09264131635427475,-0.27922502160072327,0.0
9.81,-1.7017853260040283,2.751296043395996,2.0,1.8741666078567505,2.5250210762023926,0.0,-0.09657570719718933,-0.2854776978492737,0.0
9.82,-1.6830483675003052,2.776531457901001,2.0,1.8731812238693237,2.5221352577209473,0.0,-0.10049538314342499,-0.2917313873767853,0.0
9.83,-1.6643223762512207,2.8017373085021973,2.0,1.8721572160720825,2.51918625831604,0.0,-0.1043999046087265,-0.2979855537414551,0.0
9.84,-1.645605206489563,2.8269147872924805,2.0,1.87109375,2.5161750316619873,0.0,-0.10828974843025208,-0.3042408227920532,0.0
9.85,-1.6268999576568604,2.8520610332489014,2.0,1.869991421699524,2.513101577758789,0.0,-0.11216428130865097,-0.31049638986587524,0.0
9.86,-1.6082059144973755,2.877176284790039,2.0,1.8688503503799438,2.509965181350708,0.0,-0.11602361500263214,-0.31675228476524353,0.0
9.870000000000001,-1.5895235538482666,2.9022598266601562,2.0,1.8676706552505493,2.5067665576934814,0.0,-0.11986766755580902,-0.323008269071579,0.0
9.88,-1.5708526372909546,2.9273111820220947,2.0,1.8664528131484985,2.503505229949951,0.0,-0.12369635701179504,-0.32926416397094727,0.0
9.89,-1.5521939992904663,2.9523305892944336,2.0,1.8651970624923706,2.500181198120117,0.0,-0.12750965356826782,-0.3355199992656708,0.0
9.9,-1.5335487127304077,2.9773154258728027,2.0,1.8639026880264282,2.4967947006225586,0.0,-0.13130727410316467,-0.34177514910697937,0.0
9.91,-1.5149163007736206,3.0022661685943604,2.0,1.8625706434249878,2.4933457374572754,0.0,-0.1350892335176468,-0.348029762506485,0.0
9.92,-1.496297836303711,3.027181625366211,2.0,1.8612008094787598,2.4898345470428467,0.0,-0.13885539770126343,-0.35428351163864136,0.0
9.93,-1.47769296169281,3.0520622730255127,2.0,1.8597934246063232,2.486260414123535,0.0,-0.1426057666540146,-0.3605363667011261,0.0
9.94,-1.4591013193130493,3.0769073963165283,2.0,1.8583489656448364,2.48262357711792,0.0,-0.14634034037590027,-0.3667881190776825,0.0
9.950000000000001,-1.4405258893966675,3.1017141342163086,2.0,1.8568671941757202,2.47892427444458,0.0,-0.15005861222743988,-0.37303805351257324,0.0
9.96,-1.4219646453857422,3.1264846324920654,2.0,1.8553481101989746,2.4751625061035156,0.0,-0.15376099944114685,-0.3792867660522461,0.0
9.97,-1.4034192562103271,3.151216983795166,2.0,1.8537918329238892,2.4713387489318848,0.0,-0.15744708478450775,-0.38553377985954285,0.0
9.98,-1.3848884105682373,3.1759119033813477,2.0,1.8521991968154907,2.467451810836792,0.0,-0.16111712157726288,-0.3917790353298187,0.0
9.99,-1.3663747310638428,3.200566530227661,2.0,1.8505696058273315,2.463503122329712,0.0,-0.16477063298225403,-0.3980221152305603,0.0
10.0,-1.3478775024414062,3.2251815795898438,2.0,1.8489036560058594,2.459491729736328,0.0,-0.16840766370296478,-0.404262900352478,0.0
10.01,-1.32939612865448,3.2497565746307373,2.0,1.8472014665603638,2.4554176330566406,0.0,-0.17202839255332947,-0.4105013310909271,0.0
10.02,-1.3109339475631714,3.27428936958313,2.0,1.8454629182815552,2.4512815475463867,0.0,-0.17563216388225555,-0.4167369306087494,0.0
10.03,-1.2924875020980835,3.2987821102142334,2.0,1.843688726425171,2.447082996368408,0.0,-0.1792195439338684,-0.4229699671268463,0.0
10.040000000000001,-1.274060606956482,3.323230743408203,2.0,1.8418782949447632,2.4428226947784424,0.0,-0.18278998136520386,-0.429199755191803,0.0
10.05,-1.255650281906128,3.3476381301879883,2.0,1.8400328159332275,2.4384992122650146,0.0,-0.18634375929832458,-0.43542665243148804,0.0
10.06,-1.237258791923523,3.3720009326934814,2.0,1.8381524085998535,2.4341135025024414,0.0,-0.18988053500652313,-0.44164976477622986,0.0
10.07,-1.2188880443572998,3.3963189125061035,2.0,1.836235523223877,2.42966628074646,0.0,-0.19340011477470398,-0.4478694796562195,0.0
10.08,-1.200534462928772,3.4205939769744873,2.0,1.8342843055725098,2.4251561164855957,0.0,-0.19690294563770294,-0.45408573746681213,0.0
10.09,-1.1822028160095215,3.444821834564209,2.0,1.8322973251342773,2.4205846786499023,0.0,-0.20038826763629913,-0.4602978229522705,0.0
10.1,-1.1638892889022827,3.4690051078796387,2.0,1.8302762508392334,2.4159505367279053,0.0,-0.20385664701461792,-0.4665060341358185,0.0
10.11,-1.145595908164978,3.4931418895721436,2.0,1.8282206058502197,2.4112541675567627,0.0,-0.20730777084827423,-0.4727099537849426,0.0
10.120000000000001,-1.127325177192688,3.5172295570373535,2.0,1.8261299133300781,2.406496286392212,0.0,-0.21074120700359344,-0.4789092242717743,0.0
10.13,-1.1090737581253052,3.541271448135376,2.0,1.8240054845809937,2.4016761779785156,0.0,-0.21415749192237854,-0.4851040542125702,0.0
10.14,-1.0908437967300415,3.5652642250061035,2.0,1.8218473196029663,2.396793842315674,0.0,-0.2175562083721161,-0.49129411578178406,0.0
10.15,-1.0726374387741089,3.589207172393799,2.0,1.8196543455123901,2.391850471496582,0.0,-0.2209370881319046,-0.4974788427352905,0.0
10.16,-1.0544511079788208,3.6131012439727783,2.0,1.817428469657898,2.3868446350097656,0.0,-0.22430062294006348,-0.503658652305603,0.0
10.17,-1.0362893342971802,3.6369435787200928,2.0,1.815168023109436,2.381777286529541,0.0,-0.22764599323272705,-0.5098328590393066,0.0
10.18,-1.018148422241211,3.660735845565796,2.0,1.8128758668899536,2.37664794921875,0.0,-0.2309739589691162,-0.5160014033317566,0.0
10.19,-1.0000306367874146,3.684476375579834,2.0,1.8105498552322388,2.3714568614959717,0.0,-0.23428396880626678,-0.522164523601532,0.0
10.200000000000001,-0.9819380044937134,3.7081639766693115,2.0,1.808189868927002,2.3662047386169434,0.0,-0.23757582902908325,-0.5283214449882507,0.0
10.21,-0.9638673067092896,3.731800079345703,2.0,1.8057979345321655,2.3608903884887695,0.0,-0.24084992706775665,-0.5344725847244263,0.0
10.22,-0.9458227157592773,3.7553818225860596,2.0,1.8033729791641235,2.355515480041504,0.0,-0.24410566687583923,-0.540617048740387,0.0
10.23,-0.9278002977371216,3.7789106369018555,2.0,1.8009157180786133,2.3500783443450928,0.0,-0.24734358489513397,-0.5467554330825806,0.0
10.24,-0.9098026752471924,3.802384376525879,2.0,1.7984262704849243,2.3445796966552734,0.0,-0.25056329369544983,-0.5528870224952698,0.0
10.25,-0.8918323516845703,3.8258018493652344,2.0,1.795904278755188,2.3390207290649414,0.0,-0.25376439094543457,-0.5590115785598755,0.0
10.26,-0.8738851547241211,3.8491644859313965,2.0,1.7933508157730103,2.333400011062622,0.0,-0.25694748759269714,-0.5651293396949768,0.0
10.27,-0.8559659719467163,3.872469425201416,2.0,1.7907651662826538,2.327718734741211,0.0,-0.26011189818382263,-0.5712396502494812,0.0
10.28,-0.8380701541900635,3.895718812942505,2.0,1.7881484031677246,2.3219752311706543,0.0,-0.2632581293582916,-0.5773427486419678,0.0
10.290000000000001,-0.8202012777328491,3.9189090728759766,2.0,1.7855011224746704,2.3161709308624268,0.0,-0.26638588309288025,-0.583437979221344,0.0
10.3,-0.8023607730865479,3.9420406818389893,2.0,1.7828211784362793,2.3103065490722656,0.0,-0.2694947123527527,-0.5895255208015442,0.0
10.31,-0.7845454216003418,3.9651145935058594,2.0,1.7801109552383423,2.3043806552886963,0.0,-0.2725851833820343,-0.5956053733825684,0.0
10.32,-0.7667592763900757,3.9881279468536377,2.0,1.7773693799972534,2.2983946800231934,0.0,-0.27565672993659973,-0.601676881313324,0.0
10.33,-0.7489986419677734,4.011082649230957,2.0,1.7745977640151978,2.2923471927642822,0.0,-0.2787097692489624,-0.6077402830123901,0.0
10.34,-0.7312660217285156,4.033976078033447,2.0,1.7717955112457275,2.2862393856048584,0.0,-0.28174400329589844,-0.6137951612472534,0.0
10.35,-0.7135632038116455,4.056807041168213,2.0,1.7689627408981323,2.28007173538208,0.0,-0.28475916385650635,-0.6198411583900452,0.0
10.36,-0.6958872079849243,4.0795769691467285,2.0,1.766100287437439,2.2738428115844727,0.0,-0.2877555787563324,-0.6258785128593445,0.0
10.370000000000001,-0.678241491317749,4.102283477783203,2.0,1.7632073163986206,2.26755428314209,0.0,-0.29073283076286316,-0.6319065690040588,0.0
10.38,-0.6606235504150391,4.124927520751953,2.0,1.760285496711731,2.261204957962036,0.0,-0.2936913073062897,-0.6379256248474121,0.0
10.39,-0.6430345773696899,4.147508144378662,2.0,1.7573338747024536,2.2547953128814697,0.0,-0.29663074016571045,-0.6439352631568909,0.0
10.4,-0.6254773139953613,4.170022487640381,2.0,1.7543531656265259,2.248326301574707,0.0,-0.29955071210861206,-0.6499347686767578,0.0
10.41,-0.6079480648040771,4.192473888397217,2.0,1.7513433694839478,2.2417967319488525,0.0,-0.30245181918144226,-0.6559250354766846,0.0
10.42,-0.5904488563537598,4.214859485626221,2.0,1.7483044862747192,2.2352070808410645,0.0,-0.30533367395401,-0.6619054079055786,0.0
10.43,-0.5729824304580688,4.23717737197876,2.0,1.7452365159988403,2.2285587787628174,0.0,-0.30819594860076904,-0.6678754091262817,0.0
10.44,-0.5555448532104492,4.259430408477783,2.0,1.7421406507492065,2.2218499183654785,0.0,-0.3110392391681671,-0.6738352179527283,0.0
10.450000000000001,-0.538140058517456,4.281614303588867,2.0,1.7390154600143433,2.2150824069976807,0.0,-0.31386280059814453,-0.67978435754776,0.0
10.46,-0.5207651853561401,4.303731441497803,2.0,1.7358630895614624,2.20825457572937,0.0,-0.31666722893714905,-0.6857230067253113,0.0
10.47,-0.5034215450286865,4.325780391693115,2.0,1.7326825857162476,2.2013673782348633,0.0,-0.3194522559642792,-0.6916508078575134,0.0
10.48,-0.4861118793487549,4.347758769989014,2.0,1.7294738292694092,2.1944217681884766,0.0,-0.3222174644470215,-0.697567343711853,0.0
10.49,-0.4688326120376587,4.369668483734131,2.0,1.7262380123138428,2.1874160766601562,0.0,-0.32496342062950134,-0.7034727931022644,0.0
10.5,-0.4515876770019531,4.391506195068359,2.0,1.722974419593811,2.1803524494171143,0.0,-0.32768937945365906,-0.7093667387962341,0.0
10.51,-0.4343733787536621,4.413274765014648,2.0,1.71968412399292,2.1732289791107178,0.0,-0.3303961455821991,-0.715249240398407,0.0
10.52,-0.4171924591064453,4.434971332550049,2.0,1.716367483139038,2.1660468578338623,0.0,-0.3330831527709961,-0.7211197018623352,0.0
10.53,-0.40004658699035645,4.456594467163086,2.0,1.7130229473114014,2.158806800842285,0.0,-0.33575013279914856,-0.7269781231880188,0.0
10.540000000000001,-0.3829326629638672,4.478147029876709,2.0,1.7096524238586426,2.151507616043091,0.0,-0.33839768171310425,-0.7328248620033264,0.0
10.55,-0.3658541440963745,4.499624729156494,2.0,1.7062548398971558,2.144150495529175,0.0,-0.34102508425712585,-0.7386590242385864,0.0
10.56,-0.34880805015563965,4.521029949188232,2.0,1.7028316259384155,2.1367344856262207,0.0,-0.3436329662799835,-0.7444809079170227,0.0
10.57,-0.3317960500717163,4.542360305786133,2.0,1.6993824243545532,2.129260301589966,0.0,-0.346220999956131,-0.750290036201477,0.0
10.58,-0.3148210048675537,4.563614368438721,2.0,1.6959072351455688,2.1217288970947266,0.0,-0.3487887382507324,-0.7560861706733704,0.0
10.59,-0.2978783845901489,4.584794998168945,2.0,1.6924067735671997,2.1141388416290283,0.0,-0.35133689641952515,-0.7618694305419922,0.0
10.6,-0.28097331523895264,4.605896949768066,2.0,1.688880205154419,2.106491804122925,0.0,-0.35386475920677185,-0.7676393389701843,0.0
10.61,-0.26410138607025146,4.62692403793335,2.0,1.6853290796279907,2.0987861156463623,0.0,-0.3563728928565979,-0.7733960151672363,0.0
10.620000000000001,-0.24726521968841553,4.647873878479004,2.0,1.6817532777786255,2.0910232067108154,0.0,-0.35886096954345703,-0.7791391611099243,0.0
10.63,-0.23046672344207764,4.668743133544922,2.0,1.6781525611877441,2.0832037925720215,0.0,-0.36132872104644775,-0.784868061542511,0.0
10.64,-0.21370267868041992,4.6895365715026855,2.0,1.6745269298553467,2.0753259658813477,0.0,-0.3637765645980835,-0.7905834317207336,0.0
10.65,-0.1969747543334961,4.7102508544921875,2.0,1.67087721824646,2.0673913955688477,0.0,-0.36620429158210754,-0.7962847948074341,0.0
10.66,-0.18028569221496582,4.730884552001953,2.0,1.6672028303146362,2.059400796890259,0.0,-0.36861157417297363,-0.8019716739654541,0.0
10.67,-0.16363120079040527,4.751438617706299,2.0,1.6635048389434814,2.0513522624969482,0.0,-0.37099894881248474,-0.8076443076133728,0.0
10.68,-0.14701604843139648,4.771911144256592,2.0,1.6597826480865479,2.043247938156128,0.0,-0.37336573004722595,-0.813302218914032,0.0
10.69,-0.13043606281280518,4.792303085327148,2.0,1.656037449836731,2.0350863933563232,0.0,-0.3757126033306122,-0.8189452886581421,0.0
10.700000000000001,-0.11389374732971191,4.812613487243652,2.0,1.6522687673568726,2.0268683433532715,0.0,-0.37803915143013,-0.8245734572410583,0.0
10.71,-0.09739136695861816,4.832840442657471,2.0,1.6484766006469727,2.0185952186584473,0.0,-0.38034507632255554,-0.8301864862442017,0.0
10.72,-0.08092474937438965,4.852985382080078,2.0,1.6446616649627686,2.0102648735046387,0.0,-0.3826310932636261,-0.8357841968536377,0.0
10.73,-0.0644986629486084,4.873045444488525,2.0,1.6408237218856812,2.0018796920776367,0.0,-0.38489624857902527,-0.8413662314414978,0.0
10.74,-0.048108696937561035,4.893021583557129,2.0,1.6369640827178955,1.9934378862380981,0.0,-0.38714149594306946,-0.8469324707984924,0.0
10.75,-0.03175759315490723,4.912913799285889,2.0,1.6330816745758057,1.9849404096603394,0.0,-0.3893662095069885,-0.8524831533432007,0.0
10.76,-0.015447735786437988,4.932719707489014,2.0,1.6291767358779907,1.9763884544372559,0.0,-0.3915702700614929,-0.8580175042152405,0.0
10.77,0.0008252859115600586,4.952441215515137,2.0,1.625250220298767,1.9677804708480835,0.0,-0.39375412464141846,-0.8635358810424805,0.0
10.78,0.017056941986083984,4.97207498550415,2.0,1.621301531791687,1.9591180086135864,0.0,-0.39591723680496216,-0.869037926197052,0.0
10.790000000000001,0.03325080871582031,4.991623401641846,2.0,1.617331624031067,1.9503997564315796,0.0,-0.398060142993927,-0.874523401260376,0.0
10.8,0.04940509796142578,5.01108455657959,2.0,1.6133406162261963,1.9416269063949585,0.0,-0.4001826047897339,-0.8799921274185181,0.0
10.81,0.06551706790924072,5.030456066131592,2.0,1.6093279123306274,1.9328001737594604,0.0,-0.402284175157547,-0.885443925857544,0.0
10.82,0.08159112930297852,5.049740314483643,2.0,1.6052948236465454,1.9239182472229004,0.0,-0.40436550974845886,-0.8908786177635193,0.0
10.83,0.09762239456176758,5.068933963775635,2.0,1.601240634918213,1.9149829149246216,0.0,-0.40642592310905457,-0.8962960839271545,0.0
10.84,0.11361515522003174,5.088039875030518,2.0,1.5971662998199463,1.9059925079345703,0.0,-0.4084661304950714,-0.9016963243484497,0.0
10.85,0.12956738471984863,5.107054710388184,2.0,1.593071460723877,1.896948218345642,0.0,-0.41048580408096313,-0.9070789217948914,0.0
10.86,0.1454763412475586,5.125977039337158,2.0,1.5889569520950317,1.8878512382507324,0.0,-0.4124845862388611,-0.9124431610107422,0.0
10.870000000000001,0.16134607791900635,5.144810676574707,2.0,1.584822416305542,1.8786996603012085,0.0,-0.41446301341056824,-0.9177901744842529,0.0
10.88,0.17717444896697998,5.1635518074035645,2.0,1.5806680917739868,1.869494915008545,0.0,-0.4164208173751831,-0.9231189489364624,0.0
10.89,0.19295883178710938,5.1822004318237305,2.0,1.5764938592910767,1.8602375984191895,0.0,-0.41835764050483704,-0.9284293055534363,0.0
10.9,0.20870375633239746,5.200756072998047,2.0,1.572300672531128,1.8509265184402466,0.0,-0.42027419805526733,-0.9337215423583984,0.0
10.91,0.2244042158126831,5.219218730926514,2.0,1.5680882930755615,1.8415634632110596,0.0,-0.42216968536376953,-0.9389948844909668,0.0
10.92,0.2400648593902588,5.2375874519348145,2.0,1.5638571977615356,1.8321467638015747,0.0,-0.4240449070930481,-0.94424968957901,0.0
10.93,0.2556830644607544,5.255862236022949,2.0,1.5596075057983398,1.822677731513977,0.0,-0.425899475812912,-0.9494855403900146,0.0
10.94,0.2712564468383789,5.274041175842285,2.0,1.5553390979766846,1.813157320022583,0.0,-0.42773303389549255,-0.9547021389007568,0.0
10.950000000000001,0.28678929805755615,5.292125225067139,2.0,1.5510526895523071,1.803584098815918,0.0,-0.42954620718955994,-0.9598995447158813,0.0
10.96,0.3022768497467041,5.310112476348877,2.0,1.5467480421066284,1.793959617614746,0.0,-0.431338369846344,-0.9650774598121643,0.0
10.97,0.3177238702774048,5.3280029296875,2.0,1.542426347732544,1.7842828035354614,0.0,-0.4331102669239044,-0.9702355265617371,0.0
10.98,0.33312737941741943,5.345798015594482,2.0,1.5380865335464478,1.7745543718338013,0.0,-0.4348614513874054,-0.975374162197113,0.0
10.99,0.34848499298095703,5.363494396209717,2.0,1.533729076385498,1.7647756338119507,0.0,-0.4365915358066559,-0.9804928302764893,0.0
11.0,0.36380136013031006,5.3810930252075195,2.0,1.5293545722961426,1.7549446821212769,0.0,-0.43830129504203796,-0.9855915307998657,0.0
11.01,0.3790714740753174,5.398592948913574,2.0,1.5249630212783813,1.7450639009475708,0.0,-0.43998992443084717,-0.990669846534729,0.0
11.02,0.39430010318756104,5.415994167327881,2.0,1.520554780960083,1.7351316213607788,0.0,-0.4416583180427551,-0.9957277178764343,0.0
11.03,0.4094843864440918,5.433296203613281,2.0,1.5161300897598267,1.7251487970352173,0.0,-0.44330599904060364,-1.000765085220337,0.0
11.040000000000001,0.42462193965911865,5.450496673583984,2.0,1.5116885900497437,1.7151165008544922,0.0,-0.44493257999420166,-1.005781650543213,0.0
11.05,0.43971753120422363,5.4675984382629395,2.0,1.50723135471344,1.705033302307129,0.0,-0.44653889536857605,-1.0107773542404175,0.0
11.06,0.45476603507995605,5.484597206115723,2.0,1.5027577877044678,1.6949012279510498,0.0,-0.44812411069869995,-1.0157519578933716,0.0
11.07,0.4697721004486084,5.501495838165283,2.0,1.498268723487854,1.6847186088562012,0.0,-0.44968897104263306,-1.0207053422927856,0.0
11.08,0.48473334312438965,5.518291473388672,2.0,1.4937647581100464,1.674486756324768,0.0,-0.4512333273887634,-1.025637149810791,0.0
11.09,0.49964702129364014,5.534984588623047,2.0,1.4892444610595703,1.6642061471939087,0.0,-0.4527565538883209,-1.0305474996566772,0.0
11.1,0.5145176649093628,5.551575660705566,2.0,1.4847095012664795,1.6538759469985962,0.0,-0.45425945520401,-1.0354362726211548,0.0
11.11,0.5293406248092651,5.568061828613281,2.0,1.4801592826843262,1.6434977054595947,0.0,-0.4557413160800934,-1.040303111076355,0.0
11.120000000000001,0.544120192527771,5.584444999694824,2.0,1.4755946397781372,1.6330701112747192,0.0,-0.45720288157463074,-1.0451480150222778,0.0
11.13,0.5588542222976685,5.600723743438721,2.0,1.4710153341293335,1.6225939989089966,0.0,-0.4586438536643982,-1.0499707460403442,0.0
11.14,0.5735399723052979,5.616897106170654,2.0,1.4664216041564941,1.612070918083191,0.0,-0.46006375551223755,-1.0547711849212646,0.0
11.15,0.5881820917129517,5.632965564727783,2.0,1.4618141651153564,1.6014988422393799,0.0,-0.46146348118782043,-1.0595488548278809,0.0
11.16,0.6027779579162598,5.648927688598633,2.0,1.4571925401687622,1.5908793210983276,0.0,-0.46284252405166626,-1.064304232597351,0.0
11.17,0.6173251867294312,5.664782524108887,2.0,1.45255708694458,1.580212950706482,0.0,-0.4642006754875183,-1.069036602973938,0.0
11.18,0.6318285465240479,5.6805315017700195,2.0,1.4479085206985474,1.5694987773895264,0.0,-0.4655385911464691,-1.073745846748352,0.0
11.19,0.6462827920913696,5.696172714233398,2.0,1.4432463645935059,1.558738350868225,0.0,-0.466855525970459,-1.0784322023391724,0.0
11.200000000000001,0.6606931686401367,5.711705207824707,2.0,1.4385719299316406,1.5479305982589722,0.0,-0.4681524932384491,-1.0830949544906616,0.0
11.21,0.6750563383102417,5.727130889892578,2.0,1.4338839054107666,1.5370761156082153,0.0,-0.46942874789237976,-1.0877346992492676,0.0
11.22,0.6893702745437622,5.742446422576904,2.0,1.429183006286621,1.52617609500885,0.0,-0.47068411111831665,-1.092350721359253,0.0
11.23,0.7036393880844116,5.757654190063477,2.0,1.424470067024231,1.515229344367981,0.0,-0.47191932797431946,-1.0969430208206177,0.0
11.24,0.7178590297698975,5.7727508544921875,2.0,1.419744610786438,1.5042375326156616,0.0,-0.47313371300697327,-1.1015114784240723,0.0
11.25,0.7320336103439331,5.787738800048828,2.0,1.4150073528289795,1.4931992292404175,0.0,-0.4743279218673706,-1.1060559749603271,0.0
11.26,0.7461609840393066,5.802615642547607,2.0,1.410258173942566,1.482115626335144,0.0,-0.47550177574157715,-1.1105761528015137,0.0
11.27,0.7602381706237793,5.817380905151367,2.0,1.4054973125457764,1.4709880352020264,0.0,-0.4766547381877899,-1.1150721311569214,0.0
11.28,0.7742702960968018,5.832035064697266,2.0,1.40072500705719,1.459814429283142,0.0,-0.4777877926826477,-1.1195435523986816,0.0
11.290000000000001,0.7882521152496338,5.846577167510986,2.0,1.3959414958953857,1.4485973119735718,0.0,-0.4788999855518341,-1.1239902973175049,0.0
11.3,0.8021884560585022,5.861007213592529,2.0,1.3911470174789429,1.4373348951339722,0.0,-0.47999221086502075,-1.1284123659133911,0.0
11.31,0.8160772323608398,5.875323295593262,2.0,1.3863422870635986,1.4260286092758179,0.0,-0.4810642898082733,-1.1328092813491821,0.0
11.32,0.8299150466918945,5.889526844024658,2.0,1.381526231765747,1.4146791696548462,0.0,-0.4821154475212097,-1.137181282043457,0.0
11.33,0.8437071442604065,5.903616905212402,2.0,1.3766998052597046,1.4032851457595825,0.0,-0.4831467568874359,-1.1415282487869263,0.0
11.34,0.8574484586715698,5.917592525482178,2.0,1.3718631267547607,1.3918488025665283,0.0,-0.48415741324424744,-1.1458497047424316,0.0
11.35,0.8711438179016113,5.931453704833984,2.0,1.3670165538787842,1.3803684711456299,0.0,-0.48514825105667114,-1.1501456499099731,0.0
11.36,0.8847905397415161,5.945199966430664,2.0,1.3621602058410645,1.3688453435897827,0.0,-0.4861188232898712,-1.1544160842895508,0.0
11.370000000000001,0.8983863592147827,5.9588303565979,2.0,1.3572942018508911,1.3572804927825928,0.0,-0.4870688319206238,-1.1586605310440063,0.0
11.38,0.9119357466697693,5.97234582901001,2.0,1.3524190187454224,1.345672369003296,0.0,-0.4879990816116333,-1.1628793478012085,0.0
11.39,0.9254364371299744,5.985744476318359,2.0,1.3475342988967896,1.334022045135498,0.0,-0.48890918493270874,-1.16707181930542,0.0
11.4,0.9388858079910278,5.999025821685791,2.0,1.3426406383514404,1.3223310708999634,0.0,-0.48979881405830383,-1.1712381839752197,0.0
11.41,0.9522886276245117,6.012191295623779,2.0,1.337738275527954,1.3105976581573486,0.0,-0.4906688332557678,-1.1753782033920288,0.0
11.42,0.9656400680541992,6.025238037109375,2.0,1.3328272104263306,1.2988238334655762,0.0,-0.49151837825775146,-1.1794917583465576,0.0
11.43,0.9789451360702515,6.0381669998168945,2.0,1.3279083967208862,1.287008285522461,0.0,-0.49234849214553833,-1.183578372001648,0.0
11.44,0.9922004342079163,6.05097770690918,2.0,1.3229808807373047,1.2751518487930298,0.0,-0.4931584894657135,-1.187638521194458,0.0
11.450000000000001,1.0054041147232056,6.063669204711914,2.0,1.3180452585220337,1.2632558345794678,0.0,-0.49394816160202026,-1.1916717290878296,0.0
11.46,1.0185606479644775,6.076242446899414,2.0,1.3131017684936523,1.2513186931610107,0.0,-0.4947183132171631,-1.1956778764724731,0.0
11.47,1.031665563583374,6.088695526123047,2.0,1.3081507682800293,1.2393425703048706,0.0,-0.49546822905540466,-1.1996569633483887,0.0
11.48,1.0447230339050293,6.101029396057129,2.0,1.3031922578811646,1.227325677871704,0.0,-0.4961986839771271,-1.2036086320877075,0.0
11.49,1.0577311515808105,6.113242149353027,2.0,1.2982268333435059,1.2152695655822754,0.0,-0.49690940976142883,-1.2075330018997192,0.0
11.5,1.070686936378479,6.125334739685059,2.0,1.2932541370391846,1.2031753063201904,0.0,-0.49759992957115173,-1.2114295959472656,0.0
11.51,1.0835955142974854,6.137305736541748,2.0,1.288274884223938,1.1910412311553955,0.0,-0.4982711970806122,-1.2152985334396362,0.0
11.52,1.096451759338379,6.149155139923096,2.0,1.2832887172698975,1.1788694858551025,0.0,-0.49892234802246094,-1.2191396951675415,0.0
11.53,1.1092605590820312,6.16088342666626,2.0,1.2782962322235107,1.166658639907837,0.0,-0.49955427646636963,-1.2229527235031128,0.0
11.540000000000001,1.1220201253890991,6.172488212585449,2.0,1.2732981443405151,1.1544102430343628,0.0,-0.5001668334007263,-1.22673761844635,0.0
11.55,1.1347265243530273,6.1839704513549805,2.0,1.2682933807373047,1.1421245336532593,0.0,-0.5007592439651489,-1.2304943799972534,0.0
11.56,1.1473853588104248,6.195330619812012,2.0,1.2632830142974854,1.12980055809021,0.0,-0.5013325810432434,-1.2342227697372437,0.0
11.57,1.1599915027618408,6.20656681060791,2.0,1.258266806602478,1.1174403429031372,0.0,-0.5018860697746277,-1.2379227876663208,0.0
11.58,1.1725499629974365,6.217679500579834,2.0,1.2532451152801514,1.1050422191619873,0.0,-0.5024204850196838,-1.2415939569473267,0.0
11.59,1.1850581169128418,6.228667259216309,2.0,1.248218297958374,1.0926077365875244,0.0,-0.5029354691505432,-1.2452366352081299,0.0
11.6,1.1975138187408447,6.239531517028809,2.0,1.243186354637146,1.080137848854065,0.0,-0.5034308433532715,-1.2488503456115723,0.0
11.61,1.2099213600158691,6.250270366668701,2.0,1.2381497621536255,1.0676310062408447,0.0,-0.5039073824882507,-1.2524350881576538,0.0
11.620000000000001,1.2222760915756226,6.2608842849731445,2.0,1.233108401298523,1.0550893545150757,0.0,-0.5043641328811646,-1.2559905052185059,0.0
11.63,1.2345829010009766,6.271372318267822,2.0,1.228062391281128,1.0425114631652832,0.0,-0.5048021674156189,-1.2595168352127075,0.0
11.64,1.246839165687561,6.281734466552734,2.0,1.2230122089385986,1.0298984050750732,0.0,-0.5052210688591003,-1.2630139589309692,0.0
11.65,1.2590429782867432,6.291969299316406,2.0,1.2179584503173828,1.01725172996521,0.0,-0.5056206583976746,-1.2664810419082642,0.0
11.66,1.2711982727050781,6.3020782470703125,2.0,1.2129002809524536,1.0045692920684814,0.0,-0.5060014724731445,-1.2699189186096191,0.0
11.67,1.2833027839660645,6.312060832977295,2.0,1.2078384160995483,0.9918525815010071,0.0,-0.5063632130622864,-1.2733269929885864,0.0
11.68,1.2953543663024902,6.321915626525879,2.0,1.2027729749679565,0.9791030287742615,0.0,-0.506705641746521,-1.276705265045166,0.0
11.69,1.3073575496673584,6.3316426277160645,2.0,1.1977041959762573,0.9663187861442566,0.0,-0.5070295929908752,-1.2800534963607788,0.0
11.700000000000001,1.319307804107666,6.34124231338501,2.0,1.1926324367523193,0.9535021781921387,0.0,-0.507334291934967,-1.2833718061447144,0.0
11.71,1.331209659576416,6.350712776184082,2.0,1.187557578086853,0.940651535987854,0.0,-0.507620632648468,-1.2866597175598145,0.0
11.72,1.3430607318878174,6.360055446624756,2.0,1.1824800968170166,0.9277682900428772,0.0,-0.5078881978988647,-1.2899173498153687,0.0
11.73,1.354858636856079,6.369268417358398,2.0,1.177399754524231,0.9148534536361694,0.0,-0.5081368088722229,-1.2931445837020874,0.0
11.74,1.3666080236434937,6.378352165222168,2.0,1.1723172664642334,0.9019055962562561,0.0,-0.5083670616149902,-1.296341061592102,0.0
11.75,1.378304362297058,6.387306213378906,2.0,1.1672323942184448,0.8889268636703491,0.0,-0.5085784196853638,-1.2995070219039917,0.0
11.76,1.3899521827697754,6.396130561828613,2.0,1.1621456146240234,0.8759157061576843,0.0,-0.5087716579437256,-1.3026422262191772,0.0
11.77,1.4015495777130127,6.404824256896973,2.0,1.157057285308838,0.8628736734390259,0.0,-0.5089466571807861,-1.3057464361190796,0.0
11.78,1.4130933284759521,6.413387298583984,2.0,1.151967167854309,0.8498014807701111,0.0,-0.5091027021408081,-1.3088196516036987,0.0
11.790000000000001,1.4245883226394653,6.421820163726807,2.0,1.1468753814697266,0.8366976380348206,0.0,-0.5092407464981079,-1.3118618726730347,0.0
11.8,1.4360300302505493,6.430121421813965,2.0,1.141782283782959,0.823564350605011,0.0,-0.5093600749969482,-1.3148728609085083,0.0
11.81,1.4474234580993652,6.438291549682617,2.0,1.136688232421875,0.8104003667831421,0.0,-0.5094617009162903,-1.3178523778915405,0.0
11.82,1.4587656259536743,6.446329116821289,2.0,1.131593108177185,0.7972066402435303,0.0,-0.509545087814331,-1.320800542831421,0.0
11.83,1.4700546264648438,6.454236030578613,2.0,1.1264972686767578,0.7839846014976501,0.0,-0.5096100568771362,-1.3237172365188599,0.0
11.84,1.481294870376587,6.462009429931641,2.0,1.1214008331298828,0.770732581615448,0.0,-0.5096573233604431,-1.3266021013259888,0.0
11.85,1.4924819469451904,6.4696502685546875,2.0,1.1163040399551392,0.7574527859687805,0.0,-0.5096862316131592,-1.3294552564620972,0.0
11.86,1.5036203861236572,6.477158069610596,2.0,1.1112070083618164,0.7441436648368835,0.0,-0.5096976161003113,-1.3322765827178955,0.0
11.870000000000001,1.5147078037261963,6.484533309936523,2.0,1.1061100959777832,0.7308064699172974,0.0,-0.5096911787986755,-1.3350660800933838,0.0
11.88,1.5257426500320435,6.491774082183838,2.0,1.1010135412216187,0.7174429893493652,0.0,-0.5096668601036072,-1.3378230333328247,0.0
11.89,1.5367282629013062,6.4988813400268555,2.0,1.0959172248840332,0.7040507793426514,0.0,-0.5096249580383301,-1.3405481576919556,0.0
11.9,1.5476627349853516,6.505855083465576,2.0,1.0908211469650269,0.6906313896179199,0.0,-0.5095653533935547,-1.3432410955429077,0.0
11.91,1.5585439205169678,6.512694358825684,2.0,1.0857256650924683,0.6771861910820007,0.0,-0.5094878077507019,-1.3459014892578125,0.0
11.92,1.5693767070770264,6.5193986892700195,2.0,1.0806313753128052,0.6637135744094849,0.0,-0.5093931555747986,-1.3485294580459595,0.0
11.93,1.5801559686660767,6.525968551635742,2.0,1.075537919998169,0.6502158641815186,0.0,-0.5092806220054626,-1.351124882698059,0.0
11.94,1.5908868312835693,6.532402515411377,2.0,1.0704456567764282,0.6366913318634033,0.0,-0.5091511011123657,-1.3536876440048218,0.0
11.950000000000001,1.6015665531158447,6.538702011108398,2.0,1.0653549432754517,0.623141348361969,0.0,-0.5090042948722839,-1.356217622756958,0.0
11.96,1.61219322681427,6.544865608215332,2.0,1.0602656602859497,0.6095672249794006,0.0,-0.5088398456573486,-1.3587148189544678,0.0
11.97,1.6227713823318481,6.550893783569336,2.0,1.0551780462265015,0.5959672927856445,0.0,-0.5086585879325867,-1.3611788749694824,0.0
11.98,1.633296251296997,6.556785583496094,2.0,1.0500924587249756,0.5823438763618469,0.0,-0.5084599256515503,-1.363610029220581,0.0
11.99,1.6437733173370361,6.562539577484131,2.0,1.0450092554092407,0.5686958432197571,0.0,-0.5082447528839111,-1.3660078048706055,0.0
12.0,1.6541987657546997,6.568158149719238,2.0,1.0399278402328491,0.5550234317779541,0.0,-0.5080124139785767,-1.3683724403381348,0.0
12.01,1.6645711660385132,6.573639869689941,2.0,1.0348490476608276,0.5413286089897156,0.0,-0.5077628493309021,-1.370703935623169,0.0
12.02,1.6748950481414795,6.578985214233398,2.0,1.0297726392745972,0.5276095867156982,0.0,-0.5074967741966248,-1.3730019330978394,0.0
12.030000000000001,1.6851660013198853,6.584192276000977,2.0,1.024699091911316,0.5138687491416931,0.0,-0.5072135925292969,-1.3752665519714355,0.0
12.040000000000001,1.6953884363174438,6.58926248550415,2.0,1.0196285247802734,0.5001044869422913,0.0,-0.5069141387939453,-1.3774974346160889,0.0
12.05,1.7055602073669434,6.594194412231445,2.0,1.0145608186721802,0.48631805181503296,0.0,-0.5065981149673462,-1.3796945810317993,0.0
12.06,1.7156791687011719,6.598989486694336,2.0,1.0094964504241943,0.4725108742713928,0.0,-0.5062651634216309,-1.381858229637146,0.0
12.07,1.7257494926452637,6.603644847869873,2.0,1.004435420036316,0.4586811363697052,0.0,-0.5059161186218262,-1.3839876651763916,0.0
12.08,1.735767126083374,6.608162879943848,2.0,0.9993781447410583,0.4448312819004059,0.0,-0.5055503845214844,-1.3860834836959839,0.0
12.09,1.7457365989685059,6.612541198730469,2.0,0.9943243861198425,0.4309597611427307,0.0,-0.5051687359809875,-1.3881452083587646,0.0
12.1,1.755655288696289,6.616782188415527,2.0,0.9892746806144714,0.4170677065849304,0.0,-0.5047708749771118,-1.3901727199554443,0.0
12.11,1.7655221223831177,6.620882511138916,2.0,0.984229326248169,0.40315699577331543,0.0,-0.5043567419052124,-1.3921661376953125,0.0
12.120000000000001,1.7753400802612305,6.624844551086426,2.0,0.9791878461837769,0.38922515511512756,0.0,-0.503926694393158,-1.39412522315979,0.0
12.13,1.7851076126098633,6.628666877746582,2.0,0.9741507172584534,0.37527382373809814,0.0,-0.5034806132316589,-1.396049976348877,0.0
12.14,1.7948224544525146,6.632349967956543,2.0,0.9691183567047119,0.3613043427467346,0.0,-0.5030182600021362,-1.3979403972625732,0.0
12.15,1.8044893741607666,6.635892868041992,2.0,0.9640904664993286,0.34731525182724,0.0,-0.5025405287742615,-1.3997962474822998,0.0
12.16,1.814103603363037,6.639296531677246,2.0,0.9590675830841064,0.333308607339859,0.0,-0.5020466446876526,-1.4016176462173462,0.0
12.17,1.8236700296401978,6.64255952835083,2.0,0.9540495276451111,0.319283127784729,0.0,-0.5015374422073364,-1.4034044742584229,0.0
12.18,1.833186388015747,6.645681858062744,2.0,0.9490365982055664,0.30523982644081116,0.0,-0.5010127425193787,-1.4051563739776611,0.0
12.19,1.8426501750946045,6.648664474487305,2.0,0.9440293908119202,0.29118016362190247,0.0,-0.5004720687866211,-1.4068737030029297,0.0
12.200000000000001,1.8520662784576416,6.651505470275879,2.0,0.9390273094177246,0.27710258960723877,0.0,-0.4999164342880249,-1.4085559844970703,0.0
12.21,1.8614301681518555,6.654206275939941,2.0,0.9340311288833618,0.26300933957099915,0.0,-0.4993451237678528,-1.410203456878662,0.0
12.22,1.8707470893859863,6.656765460968018,2.0,0.9290407299995422,0.24889928102493286,0.0,-0.4987591803073883,-1.4118156433105469,0.0
12.23,1.8800134658813477,6.659183502197266,2.0,0.9240559935569763,0.23477280139923096,0.0,-0.4981578290462494,-1.4133930206298828,0.0
12.24,1.8892276287078857,6.661460876464844,2.0,0.9190776348114014,0.2206316590309143,0.0,-0.49754098057746887,-1.4149352312088013,0.0
12.25,1.8983943462371826,6.663596153259277,2.0,0.9141051173210144,0.20647431910037994,0.0,-0.4969095289707184,-1.4164421558380127,0.0
12.26,1.9075090885162354,6.665590763092041,2.0,0.9091394543647766,0.19230301678180695,0.0,-0.4962628185749054,-1.4179139137268066,0.0
12.27,1.9165765047073364,6.667442321777344,2.0,0.9041799306869507,0.17811624705791473,0.0,-0.4956016540527344,-1.419350266456604,0.0
12.280000000000001,1.9255943298339844,6.66915225982666,2.0,0.8992271423339844,0.16391533613204956,0.0,-0.49492573738098145,-1.4207512140274048,0.0
12.290000000000001,1.9345602989196777,6.670721054077148,2.0,0.8942815661430359,0.14970149099826813,0.0,-0.4942348301410675,-1.422116756439209,0.0
12.3,1.9434795379638672,6.672146797180176,2.0,0.8893424868583679,0.13547323644161224,0.0,-0.493529736995697,-1.423446774482727,0.0
12.31,1.9523465633392334,6.673430442810059,2.0,0.8844110369682312,0.1212327778339386,0.0,-0.49280980229377747,-1.424741268157959,0.0
12.32,1.9611669778823853,6.674571514129639,2.0,0.8794864416122437,0.10697862505912781,0.0,-0.4920758008956909,-1.4259999990463257,0.0
12.33,1.9699389934539795,6.675569534301758,2.0,0.8745695948600769,0.09271259605884552,0.0,-0.4913279116153717,-1.427222728729248,0.0
12.34,1.9786585569381714,6.676425457000732,2.0,0.8696601986885071,0.07843491435050964,0.0,-0.49056506156921387,-1.4284101724624634,0.0
12.35,1.987331509590149,6.677138328552246,2.0,0.8647582530975342,0.06414460390806198,0.0,-0.4897885024547577,-1.4295616149902344,0.0
12.36,1.99595308303833,6.677708625793457,2.0,0.8598644733428955,0.0498439222574234,0.0,-0.48899754881858826,-1.4306771755218506,0.0
12.370000000000001,2.004528045654297,6.678134918212891,2.0,0.8549783229827881,0.03553129732608795,0.0,-0.4881930351257324,-1.431756854057312,0.0
12.38,2.013054370880127,6.67841911315918,2.0,0.8501005172729492,0.021208085119724274,0.0,-0.4873746931552887,-1.432800531387329,0.0
12.39,2.0215296745300293,6.67855978012085,2.0,0.8452310562133789,0.006875503342598677,0.0,-0.4865422248840332,-1.4338082075119019,0.0
12.4,2.0299582481384277,6.678556442260742,2.0,0.8403696417808533,-0.007467842195183039,0.0,-0.4856964945793152,-1.4347796440124512,0.0
12.41,2.0383386611938477,6.678409576416016,2.0,0.8355168104171753,-0.02182077243924141,0.0,-0.484837144613266,-1.4357150793075562,0.0
12.42,2.04666805267334,6.6781206130981445,2.0,0.8306729197502136,-0.03618192672729492,0.0,-0.4839639961719513,-1.4366143941879272,0.0
12.43,2.0549516677856445,6.6776862144470215,2.0,0.8258375525474548,-0.050552848726511,0.0,-0.4830777943134308,-1.4374773502349854,0.0
12.44,2.0631842613220215,6.677109718322754,2.0,0.821011483669281,-0.0649312436580658,0.0,-0.4821779727935791,-1.43830406665802,0.0
12.450000000000001,2.0713720321655273,6.676387310028076,2.0,0.8161942958831787,-0.07931814342737198,0.0,-0.481265664100647,-1.4390941858291626,0.0
12.46,2.0795106887817383,6.675522327423096,2.0,0.8113860487937927,-0.09371327608823776,0.0,-0.480339914560318,-1.4398481845855713,0.0
12.47,2.087599039077759,6.674513339996338,2.0,0.8065875768661499,-0.10811491310596466,0.0,-0.4794008135795593,-1.4405657052993774,0.0
12.48,2.095641851425171,6.6733598709106445,2.0,0.8017983436584473,-0.12252438813447952,0.0,-0.4784491956233978,-1.4412468671798706,0.0
12.49,2.1036343574523926,6.67206335067749,2.0,0.7970186471939087,-0.1369396150112152,0.0,-0.4774843752384186,-1.4418914318084717,0.0
12.5,2.111581563949585,6.670621395111084,2.0,0.7922486066818237,-0.15136203169822693,0.0,-0.47650718688964844,-1.4424993991851807,0.0
12.51,2.119481086730957,6.6690354347229,2.0,0.7874882221221924,-0.16579031944274902,0.0,-0.4755174517631531,-1.443070888519287,0.0
12.52,2.127330780029297,6.6673054695129395,2.0,0.782738208770752,-0.18022313714027405,0.0,-0.47451475262641907,-1.4436057806015015,0.0
12.530000000000001,2.1351351737976074,6.665431022644043,2.0,0.777998149394989,-0.1946621835231781,0.0,-0.4735000729560852,-1.4441039562225342,0.0
12.540000000000001,2.142889976501465,6.663413047790527,2.0,0.7732682824134827,-0.20910502970218658,0.0,-0.4724726378917694,-1.4445655345916748,0.0
12.55,2.150599956512451,6.661248683929443,2.0,0.7685486674308777,-0.22355322539806366,0.0,-0.4714334011077881,-1.4449900388717651,0.0
12.56,2.158263683319092,6.658940315246582,2.0,0.7638396620750427,-0.23800496757030487,0.0,-0.47038233280181885,-1.4453778266906738,0.0
12.57,2.165877103805542,6.65648889541626,2.0,0.7591412663459778,-0.2524600327014923,0.0,-0.46931853890419006,-1.44572913646698,0.0
12.58,2.173445701599121,6.653891563415527,2.0,0.7544533610343933,-0.2669193148612976,0.0,-0.46824315190315247,-1.4460433721542358,0.0
12.59,2.1809654235839844,6.651150703430176,2.0,0.7497764825820923,-0.28138071298599243,0.0,-0.4671556055545807,-1.4463210105895996,0.0
12.6,2.1884407997131348,6.648264408111572,2.0,0.7451103329658508,-0.29584547877311707,0.0,-0.4660567045211792,-1.4465614557266235,0.0
12.61,2.195869207382202,6.645233631134033,2.0,0.740455150604248,-0.31031256914138794,0.0,-0.4649461507797241,-1.4467650651931763,0.0
12.620000000000001,2.203249216079712,6.642058372497559,2.0,0.7358114123344421,-0.32478058338165283,0.0,-0.46382373571395874,-1.4469317197799683,0.0
12.63,2.210584878921509,6.63873815536499,2.0,0.7311787605285645,-0.33925098180770874,0.0,-0.46269020438194275,-1.447061538696289,0.0
12.64,2.217874526977539,6.635272979736328,2.0,0.7265574336051941,-0.3537225127220154,0.0,-0.46154534816741943,-1.4471540451049805,0.0
12.65,2.2251155376434326,6.631663799285889,2.0,0.7219479084014893,-0.3681938946247101,0.0,-0.4603889584541321,-1.4472098350524902,0.0
12.66,2.2323129177093506,6.627909183502197,2.0,0.717349648475647,-0.38266652822494507,0.0,-0.45922181010246277,-1.4472284317016602,0.0
12.67,2.239461898803711,6.6240105628967285,2.0,0.7127636075019836,-0.39713820815086365,0.0,-0.45804324746131897,-1.4472099542617798,0.0
12.68,2.246568202972412,6.619966506958008,2.0,0.7081891894340515,-0.41160985827445984,0.0,-0.4568544626235962,-1.44715416431427,0.0
12.69,2.2536282539367676,6.615777492523193,2.0,0.7036263942718506,-0.4260813891887665,0.0,-0.4556545317173004,-1.447061538696289,0.0
12.700000000000001,2.2606403827667236,6.61144495010376,2.0,0.6990760564804077,-0.44055092334747314,0.0,-0.4544435143470764,-1.4469317197799683,0.0
12.71,2.267609119415283,6.606966972351074,2.0,0.6945375204086304,-0.45501983165740967,0.0,-0.45322227478027344,-1.446764588356018,0.0
12.72,2.2745304107666016,6.602344989776611,2.0,0.690011739730835,-0.4694860279560089,0.0,-0.45199018716812134,-1.4465603828430176,0.0
12.73,2.2814087867736816,6.5975775718688965,2.0,0.6854978799819946,-0.48395076394081116,0.0,-0.4507479965686798,-1.4463191032409668,0.0
12.74,2.2882421016693115,6.592665195465088,2.0,0.6809965968132019,-0.4984130561351776,0.0,-0.44949549436569214,-1.4460405111312866,0.0
12.75,2.2950282096862793,6.58760929107666,2.0,0.6765081286430359,-0.5128714442253113,0.0,-0.448232501745224,-1.445724606513977,0.0
12.76,2.301771640777588,6.5824079513549805,2.0,0.6720320582389832,-0.5273272395133972,0.0,-0.4469597637653351,-1.4453716278076172,0.0
12.77,2.3084681034088135,6.577063083648682,2.0,0.6675688624382019,-0.5417786240577698,0.0,-0.44567665457725525,-1.444981336593628,0.0
12.780000000000001,2.315122365951538,6.571572303771973,2.0,0.6631185412406921,-0.5562266707420349,0.0,-0.44438406825065613,-1.4445538520812988,0.0
12.790000000000001,2.321732997894287,6.565937519073486,2.0,0.6586810946464539,-0.5706698298454285,0.0,-0.4430820345878601,-1.4440888166427612,0.0
12.8,2.328296422958374,6.560159206390381,2.0,0.6542571187019348,-0.5851077437400818,0.0,-0.44176962971687317,-1.4435869455337524,0.0
12.81,2.334817409515381,6.554235458374023,2.0,0.6498458385467529,-0.5995413064956665,0.0,-0.44044801592826843,-1.4430474042892456,0.0
12.82,2.3412926197052,6.548168659210205,2.0,0.6454482078552246,-0.6139684915542603,0.0,-0.43911656737327576,-1.442470908164978,0.0
12.83,2.3477261066436768,6.541956424713135,2.0,0.6410636901855469,-0.6283905506134033,0.0,-0.4377761781215668,-1.441856861114502,0.0
12.84,2.3541157245635986,6.535600185394287,2.0,0.6366923451423645,-0.6428062915802002,0.0,-0.4364264905452728,-1.441205620765686,0.0
12.85,2.360459327697754,6.52910041809082,2.0,0.6323351860046387,-0.6572144031524658,0.0,-0.435067355632782,-1.4405170679092407,0.0
12.86,2.3667616844177246,6.522456169128418,2.0,0.6279911994934082,-0.6716163754463196,0.0,-0.43369951844215393,-1.4397913217544556,0.0
12.870000000000001,2.373018503189087,6.515668869018555,2.0,0.6236612796783447,-0.6860101222991943,0.0,-0.4323224425315857,-1.439028263092041,0.0
12.88,2.3792343139648438,6.508736610412598,2.0,0.6193448305130005,-0.7003966569900513,0.0,-0.43093690276145935,-1.4382277727127075,0.0
12.89,2.385406970977783,6.501660346984863,2.0,0.6150422692298889,-0.7147753238677979,0.0,-0.4295426607131958,-1.4373900890350342,0.0
12.9,2.391535520553589,6.494441032409668,2.0,0.6107541918754578,-0.7291437983512878,0.0,-0.4281398057937622,-1.4365150928497314,0.0
12.91,2.3976223468780518,6.487077236175537,2.0,0.6064795851707458,-0.7435047626495361,0.0,-0.42672842741012573,-1.4356026649475098,0.0
12.92,2.4036667346954346,6.479569911956787,2.0,0.6022191643714905,-0.7578564882278442,0.0,-0.4253087639808655,-1.4346530437469482,0.0
12.93,2.409666061401367,6.471920490264893,2.0,0.597973644733429,-0.7721976637840271,0.0,-0.42388036847114563,-1.4336662292480469,0.0
12.94,2.41562557220459,6.4641265869140625,2.0,0.5937416553497314,-0.7865296006202698,0.0,-0.42244425415992737,-1.4326421022415161,0.0
12.950000000000001,2.4215404987335205,6.45619010925293,2.0,0.5895247459411621,-0.8008502721786499,0.0,-0.4209997057914734,-1.4315807819366455,0.0
12.96,2.427415370941162,6.4481096267700195,2.0,0.585321843624115,-0.8151609897613525,0.0,-0.41954755783081055,-1.4304819107055664,0.0
12.97,2.433248519897461,6.439886093139648,2.0,0.5811334252357483,-0.8294605016708374,0.0,-0.41808757185935974,-1.429345965385437,0.0
12.98,2.439037561416626,6.431520462036133,2.0,0.5769602656364441,-0.8437477350234985,0.0,-0.4166194796562195,-1.4281730651855469,0.0
12.99,2.44478702545166,6.423011302947998,2.0,0.5728012323379517,-0.8580238223075867,0.0,-0.4151441752910614,-1.4269624948501587,0.0
13.0,2.4504928588867188,6.414360046386719,2.0,0.5686574578285217,-0.8722867369651794,0.0,-0.41366103291511536,-1.4257150888442993,0.0
13.01,2.456159830093384,6.4055657386779785,2.0,0.5645281076431274,-0.8865379095077515,0.0,-0.41217073798179626,-1.424430251121521,0.0
13.02,2.4617860317230225,6.396628379821777,2.0,0.5604137182235718,-0.9007754325866699,0.0,-0.410673588514328,-1.4231082201004028,0.0
13.030000000000001,2.4673683643341064,6.3875508308410645,2.0,0.5563149452209473,-0.9149993062019348,0.0,-0.409168541431427,-1.421749234199524,0.0
13.040000000000001,2.4729115962982178,6.378329277038574,2.0,0.5522305369377136,-0.9292102456092834,0.0,-0.40765681862831116,-1.4203529357910156,0.0
13.05,2.478412389755249,6.368966579437256,2.0,0.5481617450714111,-0.9434061050415039,0.0,-0.4061377942562103,-1.4189196825027466,0.0
13.06,2.4838743209838867,6.359461307525635,2.0,0.5441077947616577,-0.9575883746147156,0.0,-0.4046122431755066,-1.4174492359161377,0.0
13.07,2.4892961978912354,6.349813938140869,2.0,0.5400691628456116,-0.9717556834220886,0.0,-0.40307992696762085,-1.4159417152404785,0.0
13.08,2.4946751594543457,6.340026378631592,2.0,0.5360462665557861,-0.9859069585800171,0.0,-0.40154069662094116,-1.414397120475769,0.0
13.09,2.500016450881958,6.330096244812012,2.0,0.5320384502410889,-1.000043511390686,0.0,-0.39999526739120483,-1.4128154516220093,0.0
13.1,2.5053153038024902,6.32002592086792,2.0,0.5280466079711914,-1.0141631364822388,0.0,-0.3984431028366089,-1.4111969470977783,0.0
13.11,2.5105769634246826,6.309813022613525,2.0,0.5240697860717773,-1.02826726436615,0.0,-0.3968850374221802,-1.409541368484497,0.0
13.120000000000001,2.515798330307007,6.299459457397461,2.0,0.5201084613800049,-1.0423545837402344,0.0,-0.3953207731246948,-1.4078487157821655,0.0
13.13,2.520979166030884,6.288966178894043,2.0,0.5161634087562561,-1.0564234256744385,0.0,-0.3937503695487976,-1.4061193466186523,0.0
13.14,2.5261218547821045,6.278331756591797,2.0,0.512233555316925,-1.0704761743545532,0.0,-0.3921740651130676,-1.4043529033660889,0.0
13.15,2.5312252044677734,6.267556190490723,2.0,0.5083196759223938,-1.0845110416412354,0.0,-0.39059191942214966,-1.4025496244430542,0.0
13.16,2.536288022994995,6.256641864776611,2.0,0.5044219493865967,-1.098526954650879,0.0,-0.3890037536621094,-1.400709629058838,0.0
13.17,2.5413131713867188,6.245586395263672,2.0,0.5005397200584412,-1.1125251054763794,0.0,-0.3874102234840393,-1.3988327980041504,0.0
13.18,2.546298027038574,6.234391689300537,2.0,0.4966738820075989,-1.126503348350525,0.0,-0.38581088185310364,-1.3969192504882812,0.0
13.19,2.551246166229248,6.223055839538574,2.0,0.49282360076904297,-1.1404633522033691,0.0,-0.38420650362968445,-1.394968867301941,0.0
13.200000000000001,2.5561559200286865,6.211581230163574,2.0,0.48898932337760925,-1.1544034481048584,0.0,-0.38259682059288025,-1.3929816484451294,0.0
13.21,2.561025381088257,6.199968338012695,2.0,0.48517170548439026,-1.1683228015899658,0.0,-0.38098159432411194,-1.3909580707550049,0.0
13.22,2.565858840942383,6.1882147789001465,2.0,0.48136991262435913,-1.1822223663330078,0.0,-0.37936168909072876,-1.3888977766036987,0.0
13.23,2.570652484893799,6.176324367523193,2.0,0.4775846302509308,-1.1961004734039307,0.0,-0.37773650884628296,-1.38680100440979,0.0
13.24,2.575411081314087,6.1642937660217285,2.0,0.47381511330604553,-1.2099575996398926,0.0,-0.3761071264743805,-1.3846675157546997,0.0
13.25,2.5801310539245605,6.152124404907227,2.0,0.47006216645240784,-1.223793864250183,0.0,-0.3744727075099945,-1.3824975490570068,0.0
13.26,2.5848119258880615,6.139817714691162,2.0,0.4663257896900177,-1.237607479095459,0.0,-0.3728334307670593,-1.380291223526001,0.0
13.27,2.589456796646118,6.1273722648620605,2.0,0.46260562539100647,-1.2513995170593262,0.0,-0.37118983268737793,-1.378048300743103,0.0
13.280000000000001,2.5940632820129395,6.114790439605713,2.0,0.4589022994041443,-1.2651681900024414,0.0,-0.36954158544540405,-1.3757693767547607,0.0
13.290000000000001,2.5986344814300537,6.10206937789917,2.0,0.45521479845046997,-1.2789148092269897,0.0,-0.367889404296875,-1.3734538555145264,0.0
13.3,2.6031689643859863,6.089211463928223,2.0,0.4515441060066223,-1.292637825012207,0.0,-0.36623305082321167,-1.371101975440979,0.0
13.31,2.6076648235321045,6.076216697692871,2.0,0.4478903114795685,-1.306336522102356,0.0,-0.36457228660583496,-1.3687140941619873,0.0
13.32,2.612126350402832,6.063084602355957,2.0,0.44425278902053833,-1.3200119733810425,0.0,-0.36290794610977173,-1.3662898540496826,0.0
13.33,2.616549253463745,6.049817085266113,2.0,0.44063231348991394,-1.3336620330810547,0.0,-0.3612394630908966,-1.3638297319412231,0.0
13.34,2.620939254760742,6.036411762237549,2.0,0.4370279312133789,-1.347287654876709,0.0,-0.35956791043281555,-1.3613332509994507,0.0
13.35,2.625291347503662,6.0228705406188965,2.0,0.43344056606292725,-1.3608894348144531,0.0,-0.35789215564727783,-1.3588007688522339,0.0
13.36,2.6296074390411377,6.009194374084473,2.0,0.4298703670501709,-1.374463677406311,0.0,-0.35621315240859985,-1.356232762336731,0.0
13.370000000000001,2.6338882446289062,5.9953813552856445,2.0,0.4263164699077606,-1.3880138397216797,0.0,-0.3545304238796234,-1.3536282777786255,0.0
13.38,2.6381354331970215,5.981433868408203,2.0,0.42277923226356506,-1.4015368223190308,0.0,-0.352845162153244,-1.3509882688522339,0.0
13.39,2.642343282699585,5.967350959777832,2.0,0.4192597568035126,-1.4150333404541016,0.0,-0.35115572810173035,-1.348312497138977,0.0
13.4,2.6465201377868652,5.9531331062316895,2.0,0.4157562255859375,-1.4285027980804443,0.0,-0.3494643270969391,-1.3456007242202759,0.0
13.41,2.6506597995758057,5.93878173828125,2.0,0.4122704267501831,-1.4419441223144531,0.0,-0.3477695882320404,-1.3428536653518677,0.0
13.42,2.6547646522521973,5.924294471740723,2.0,0.4088010787963867,-1.4553594589233398,0.0,-0.34607166051864624,-1.3400704860687256,0.0
13.43,2.658837080001831,5.909673690795898,2.0,0.40534844994544983,-1.4687460660934448,0.0,-0.3443717360496521,-1.3372520208358765,0.0
13.44,2.6628713607788086,5.8949198722839355,2.0,0.40191373229026794,-1.4821045398712158,0.0,-0.3426682651042938,-1.3343981504440308,0.0
13.450000000000001,2.666874885559082,5.880031585693359,2.0,0.39849531650543213,-1.4954338073730469,0.0,-0.3409632742404938,-1.3315086364746094,0.0
13.46,2.6708407402038574,5.865011215209961,2.0,0.39509469270706177,-1.5087345838546753,0.0,-0.3392549455165863,-1.3285839557647705,0.0
13.47,2.674776554107666,5.849857330322266,2.0,0.39171040058135986,-1.5220054388046265,0.0,-0.33754533529281616,-1.3256237506866455,0.0
13.48,2.6786763668060303,5.834570407867432,2.0,0.38834333419799805,-1.535247564315796,0.0,-0.3358328342437744,-1.3226282596588135,0.0
13.49,2.682542562484741,5.81915283203125,2.0,0.38499385118484497,-1.5484577417373657,0.0,-0.33411872386932373,-1.3195979595184326,0.0
13.5,2.686375617980957,5.8036017417907715,2.0,0.3816612660884857,-1.561639428138733,0.0,-0.3324023485183716,-1.3165322542190552,0.0
13.51,2.6901755332946777,5.787920951843262,2.0,0.3783459961414337,-1.574788212776184,0.0,-0.33068451285362244,-1.3134318590164185,0.0
13.52,2.693942070007324,5.772106170654297,2.0,0.37504759430885315,-1.5879076719284058,0.0,-0.32896459102630615,-1.3102960586547852,0.0
13.530000000000001,2.6976776123046875,5.756161212921143,2.0,0.37176626920700073,-1.60099458694458,0.0,-0.32724374532699585,-1.3071255683898926,0.0
13.540000000000001,2.70137882232666,5.740087509155273,2.0,0.3685026168823242,-1.6140491962432861,0.0,-0.32552117109298706,-1.3039205074310303,0.0
13.55,2.705047130584717,5.723880767822266,2.0,0.36525601148605347,-1.627072811126709,0.0,-0.3237967789173126,-1.300680160522461,0.0
13.56,2.7086832523345947,5.707546234130859,2.0,0.3620269298553467,-1.6400624513626099,0.0,-0.32207155227661133,-1.29740571975708,0.0
13.57,2.712287187576294,5.691079616546631,2.0,0.35881471633911133,-1.6530208587646484,0.0,-0.32034480571746826,-1.2940963506698608,0.0
13.58,2.7158610820770264,5.6744842529296875,2.0,0.3556194305419922,-1.6659449338912964,0.0,-0.31861770153045654,-1.2907525300979614,0.0
13.59,2.7193992137908936,5.657761573791504,2.0,0.35244256258010864,-1.6788358688354492,0.0,-0.316888689994812,-1.2873742580413818,0.0
13.6,2.722909450531006,5.640908241271973,2.0,0.34928184747695923,-1.6916923522949219,0.0,-0.3151598870754242,-1.2839616537094116,0.0
13.61,2.726384401321411,5.623928070068359,2.0,0.34613943099975586,-1.704514741897583,0.0,-0.3134293258190155,-1.2805148363113403,0.0
13.620000000000001,2.7298316955566406,5.606818675994873,2.0,0.34301355481147766,-1.7173024415969849,0.0,-0.31169918179512024,-1.277033805847168,0.0
13.63,2.733246088027954,5.589580535888672,2.0,0.3399049937725067,-1.7300560474395752,0.0,-0.30996787548065186,-1.273518443107605,0.0
13.64,2.7366292476654053,5.5722174644470215,2.0,0.336814284324646,-1.7427725791931152,0.0,-0.30823656916618347,-1.2699694633483887,0.0
13.65,2.739983320236206,5.5547261238098145,2.0,0.33374011516571045,-1.755454182624817,0.0,-0.3065052330493927,-1.2663863897323608,0.0
13.66,2.743305206298828,5.537107467651367,2.0,0.33068370819091797,-1.7681008577346802,0.0,-0.30477315187454224,-1.262769103050232,0.0
13.67,2.7465968132019043,5.519364356994629,2.0,0.32764479517936707,-1.7807095050811768,0.0,-0.30304136872291565,-1.2591185569763184,0.0
13.68,2.7498579025268555,5.501493453979492,2.0,0.3246229887008667,-1.7932829856872559,0.0,-0.3013093173503876,-1.2554339170455933,0.0
13.69,2.7530887126922607,5.483499526977539,2.0,0.3216187655925751,-1.80581796169281,0.0,-0.2995777726173401,-1.251716136932373,0.0
13.700000000000001,2.7562897205352783,5.4653778076171875,2.0,0.31863170862197876,-1.818317174911499,0.0,-0.29784613847732544,-1.2479643821716309,0.0
13.71,2.759462833404541,5.447131633758545,2.0,0.3156614601612091,-1.8307777643203735,0.0,-0.29611554741859436,-1.244179368019104,0.0
13.72,2.7626023292541504,5.428762435913086,2.0,0.3127095401287079,-1.84320068359375,0.0,-0.2943844795227051,-1.2403610944747925,0.0
13.73,2.765716552734375,5.4102678298950195,2.0,0.30977383255958557,-1.8555848598480225,0.0,-0.29265502095222473,-1.2365096807479858,0.0
13.74,2.7687973976135254,5.391651153564453,2.0,0.3068566620349884,-1.8679307699203491,0.0,-0.2909253239631653,-1.2326250076293945,0.0
13.75,2.771852970123291,5.3729095458984375,2.0,0.3039555251598358,-1.8802369832992554,0.0,-0.2891973555088043,-1.2287074327468872,0.0
13.76,2.7748794555664062,5.354045867919922,2.0,0.30107176303863525,-1.892504334449768,0.0,-0.287470281124115,-1.2247567176818848,0.0
13.77,2.777873992919922,5.3350605964660645,2.0,0.29820629954338074,-1.90473210811615,0.0,-0.28574338555336,-1.2207733392715454,0.0
13.780000000000001,2.7808432579040527,5.315951824188232,2.0,0.2953570783138275,-1.916919469833374,0.0,-0.28401848673820496,-1.21675705909729,0.0
13.790000000000001,2.783781051635742,5.296722412109375,2.0,0.29252615571022034,-1.9290671348571777,0.0,-0.28229400515556335,-1.2127082347869873,0.0
13.8,2.7866933345794678,5.277370929718018,2.0,0.2897114157676697,-1.9411735534667969,0.0,-0.28057169914245605,-1.2086267471313477,0.0
13.81,2.7895760536193848,5.257897853851318,2.0,0.28691425919532776,-1.953240156173706,0.0,-0.2788503170013428,-1.2045127153396606,0.0
13.82,2.792431116104126,5.238306045532227,2.0,0.28413450717926025,-1.9652636051177979,0.0,-0.27713078260421753,-1.200366735458374,0.0
13.83,2.7952582836151123,5.218592643737793,2.0,0.28137174248695374,-1.9772473573684692,0.0,-0.27541258931159973,-1.196187973022461,0.0
13.84,2.798058271408081,5.198761940002441,2.0,0.2786264419555664,-1.989187240600586,0.0,-0.27369654178619385,-1.1919777393341064,0.0
13.85,2.800830364227295,5.17880916595459,2.0,0.2758980393409729,-2.001086711883545,0.0,-0.27198201417922974,-1.1877347230911255,0.0
13.86,2.803577184677124,5.15873908996582,2.0,0.2731862962245941,-2.012942314147949,0.0,-0.27027010917663574,-1.1834602355957031,0.0
13.870000000000001,2.806295394897461,5.138551712036133,2.0,0.2704923450946808,-2.024754524230957,0.0,-0.2685600221157074,-1.1791540384292603,0.0
13.88,2.8089864253997803,5.118244171142578,2.0,0.26781535148620605,-2.0365254878997803,0.0,-0.2668517529964447,-1.1748156547546387,0.0
13.89,2.811652660369873,5.097820281982422,2.0,0.2651548981666565,-2.0482513904571533,0.0,-0.265146404504776,-1.1704460382461548,0.0
13.9,2.8142893314361572,5.077280044555664,2.0,0.262512743473053,-2.059934139251709,0.0,-0.2634426951408386,-1.1660447120666504,0.0
13.91,2.8169026374816895,5.05662202835083,2.0,0.2598861753940582,-2.0715723037719727,0.0,-0.2617422342300415,-1.1616120338439941,0.0
13.92,2.819486618041992,5.035848617553711,2.0,0.2572779357433319,-2.0831661224365234,0.0,-0.2600436210632324,-1.1571481227874756,0.0
13.93,2.8220479488372803,5.014959335327148,2.0,0.2546854019165039,-2.094715118408203,0.0,-0.2583484947681427,-1.1526530981063843,0.0
13.94,2.8245816230773926,4.993952751159668,2.0,0.25211048126220703,-2.10621976852417,0.0,-0.25665560364723206,-1.1481268405914307,0.0
13.950000000000001,2.827089309692383,4.972835063934326,2.0,0.24955251812934875,-2.1176774501800537,0.0,-0.25496602058410645,-1.143570065498352,0.0
13.96,2.8295722007751465,4.951600074768066,2.0,0.24701136350631714,-2.1290910243988037,0.0,-0.2532791495323181,-1.138981819152832,0.0
13.97,2.832029342651367,4.930253982543945,2.0,0.2444872260093689,-2.1404569149017334,0.0,-0.25159573554992676,-1.1343635320663452,0.0
13.98,2.834463119506836,4.908792495727539,2.0,0.24197903275489807,-2.1517772674560547,0.0,-0.24991576373577118,-1.1297143697738647,0.0
13.99,2.8368701934814453,4.887217044830322,2.0,0.23948830366134644,-2.1630518436431885,0.0,-0.24823853373527527,-1.1250344514846802,0.0
14.0,2.839252471923828,4.865531921386719,2.0,0.23701444268226624,-2.1742777824401855,0.0,-0.2465651035308838,-1.1203248500823975,0.0
14.01,2.8416099548339844,4.843731880187988,2.0,0.23455725610256195,-2.185457944869995,0.0,-0.244894877076149,-1.1155842542648315,0.0
14.02,2.8439431190490723,4.8218231201171875,2.0,0.2321167290210724,-2.196589231491089,0.0,-0.24322855472564697,-1.1108143329620361,0.0
14.030000000000001,2.846251964569092,4.799800395965576,2.0,0.22969280183315277,-2.207674026489258,0.0,-0.24156567454338074,-1.1060136556625366,0.0
14.040000000000001,2.8485381603240967,4.777667999267578,2.0,0.22728481888771057,-2.218709945678711,0.0,-0.23990720510482788,-1.1011834144592285,0.0
14.05,2.850797176361084,4.75542688369751,2.0,0.2248949408531189,-2.2296977043151855,0.0,-0.23825187981128693,-1.0963234901428223,0.0
14.06,2.8530356884002686,4.733075141906738,2.0,0.22252006828784943,-2.2406363487243652,0.0,-0.2366013526916504,-1.091434121131897,0.0
14.07,2.8552470207214355,4.710614204406738,2.0,0.22016309201717377,-2.251526117324829,0.0,-0.2349540889263153,-1.086514949798584,0.0
14.08,2.857438325881958,4.688044548034668,2.0,0.21782119572162628,-2.262366533279419,0.0,-0.2333119809627533,-1.081566572189331,0.0
14.09,2.859604597091675,4.665365695953369,2.0,0.21549633145332336,-2.273158073425293,0.0,-0.23167355358600616,-1.0765886306762695,0.0
14.1,2.861748218536377,4.642581939697266,2.0,0.21318791806697845,-2.283898115158081,0.0,-0.23003993928432465,-1.0715820789337158,0.0
14.11,2.8638691902160645,4.619689464569092,2.0,0.2108950912952423,-2.294588565826416,0.0,-0.22841104865074158,-1.0665465593338013,0.0
14.120000000000001,2.8659653663635254,4.596690654754639,2.0,0.2086198627948761,-2.3052289485931396,0.0,-0.22678597271442413,-1.0614819526672363,0.0
14.13,2.868041515350342,4.573585510253906,2.0,0.20635952055454254,-2.3158178329467773,0.0,-0.22516639530658722,-1.0563886165618896,0.0
14.14,2.870093822479248,4.550373077392578,2.0,0.2041161209344864,-2.326357126235962,0.0,-0.22355113923549652,-1.0512663125991821,0.0
14.15,2.8721234798431396,4.5270586013793945,2.0,0.20188874006271362,-2.336843252182007,0.0,-0.2219410389661789,-1.0461163520812988,0.0
14.16,2.874131202697754,4.503636360168457,2.0,0.19967737793922424,-2.3472790718078613,0.0,-0.22033566236495972,-1.0409373044967651,0.0
14.17,2.8761184215545654,4.480111598968506,2.0,0.19748146831989288,-2.3576624393463135,0.0,-0.2187359631061554,-1.0357306003570557,0.0
14.18,2.878080368041992,4.456483840942383,2.0,0.19530294835567474,-2.3679935932159424,0.0,-0.2171405404806137,-1.030495524406433,0.0
14.19,2.880023956298828,4.4327521324157715,2.0,0.19313879311084747,-2.378272294998169,0.0,-0.21555133163928986,-1.0252329111099243,0.0
14.200000000000001,2.8819427490234375,4.408918857574463,2.0,0.19099202752113342,-2.388498306274414,0.0,-0.21396663784980774,-1.0199421644210815,0.0
14.21,2.883843421936035,4.384983062744141,2.0,0.18885977566242218,-2.3986709117889404,0.0,-0.21238826215267181,-1.014623999595642,0.0
14.22,2.8857221603393555,4.360945224761963,2.0,0.18674305081367493,-2.408790349960327,0.0,-0.21081537008285522,-1.0092782974243164,0.0
14.23,2.887577772140503,4.3368072509765625,2.0,0.18464362621307373,-2.418856620788574,0.0,-0.20924745500087738,-1.003905177116394,0.0
14.24,2.8894147872924805,4.312568664550781,2.0,0.18255844712257385,-2.428868055343628,0.0,-0.20768602192401886,-0.9985048174858093,0.0
14.25,2.891228675842285,4.2882304191589355,2.0,0.1804901361465454,-2.438826560974121,0.0,-0.20612965524196625,-0.9930773973464966,0.0
14.26,2.893024206161499,4.263792514801025,2.0,0.17843599617481232,-2.4487295150756836,0.0,-0.20457994937896729,-0.9876230359077454,0.0
14.27,2.8947982788085938,4.239254474639893,2.0,0.17639794945716858,-2.4585793018341064,0.0,-0.20303580164909363,-0.9821415543556213,0.0
14.280000000000001,2.896552085876465,4.214621543884277,2.0,0.1743754893541336,-2.468372344970703,0.0,-0.20149801671504974,-0.97663414478302,0.0
14.290000000000001,2.898285388946533,4.189887523651123,2.0,0.17236827313899994,-2.478111743927002,0.0,-0.1999662071466446,-0.9710994362831116,0.0
14.3,2.8999991416931152,4.165059566497803,2.0,0.17037636041641235,-2.4877939224243164,0.0,-0.19844093918800354,-0.9655391573905945,0.0
14.31,2.9016923904418945,4.140131950378418,2.0,0.16839952766895294,-2.497422456741333,0.0,-0.19692178070545197,-0.9599518179893494,0.0
14.32,2.9033679962158203,4.115109443664551,2.0,0.16643722355365753,-2.5069937705993652,0.0,-0.1954096257686615,-0.9543389081954956,0.0
14.33,2.905022144317627,4.089993953704834,2.0,0.1644909381866455,-2.5165083408355713,0.0,-0.19390380382537842,-0.9487004280090332,0.0
14.34,2.9066572189331055,4.064780235290527,2.0,0.16255953907966614,-2.525967597961426,0.0,-0.1924043446779251,-0.943035364151001,0.0
14.35,2.908273220062256,4.039475440979004,2.0,0.1606430858373642,-2.5353689193725586,0.0,-0.19091182947158813,-0.9373455047607422,0.0
14.36,2.90986967086792,4.014073371887207,2.0,0.15874142944812775,-2.5447144508361816,0.0,-0.1894259750843048,-0.9316293597221375,0.0
14.370000000000001,2.9114489555358887,3.988579511642456,2.0,0.15685394406318665,-2.554001569747925,0.0,-0.18794745206832886,-0.9258883595466614,0.0
14.38,2.9130067825317383,3.962993621826172,2.0,0.15498268604278564,-2.563231945037842,0.0,-0.1864752471446991,-0.9201220273971558,0.0
14.39,2.914547920227051,3.9373154640197754,2.0,0.15312467515468597,-2.572404146194458,0.0,-0.18501080572605133,-0.9143308401107788,0.0
14.4,2.916069507598877,3.9115443229675293,2.0,0.1512819528579712,-2.5815188884735107,0.0,-0.1835530549287796,-0.9085142612457275,0.0
14.41,2.9175734519958496,3.885685443878174,2.0,0.1494537591934204,-2.590574264526367,0.0,-0.18210285902023315,-0.9026738405227661,0.0
14.42,2.9190587997436523,3.8597331047058105,2.0,0.1476401686668396,-2.59957218170166,0.0,-0.18065965175628662,-0.8968079686164856,0.0
14.43,2.920525550842285,3.8336944580078125,2.0,0.1458408683538437,-2.6085102558135986,0.0,-0.1792241781949997,-0.8909186124801636,0.0
14.44,2.921976327896118,3.8075647354125977,2.0,0.14405500888824463,-2.617389678955078,0.0,-0.17779643833637238,-0.8850045800209045,0.0
14.450000000000001,2.923407793045044,3.7813453674316406,2.0,0.1422843337059021,-2.6262106895446777,0.0,-0.17637580633163452,-0.8790661096572876,0.0
14.46,2.9248218536376953,3.7550411224365234,2.0,0.14052779972553253,-2.6349711418151855,0.0,-0.17496316134929657,-0.8731043934822083,0.0
14.47,2.926218271255493,3.7286462783813477,2.0,0.1387852281332016,-2.6436729431152344,0.0,-0.17355789244174957,-0.8671181201934814,0.0
14.48,2.9275975227355957,3.7021679878234863,2.0,0.13705681264400482,-2.652313232421875,0.0,-0.17216074466705322,-0.8611090183258057,0.0
14.49,2.9289588928222656,3.675600528717041,2.0,0.13534234464168549,-2.6608948707580566,0.0,-0.1707712709903717,-0.8550757169723511,0.0
14.5,2.930305004119873,3.648948907852173,2.0,0.1336408257484436,-2.669415235519409,0.0,-0.1693902611732483,-0.8490195870399475,0.0
14.51,2.931631565093994,3.6222128868103027,2.0,0.13195466995239258,-2.67787504196167,0.0,-0.16801662743091583,-0.8429401516914368,0.0
14.52,2.932943820953369,3.5953919887542725,2.0,0.13028068840503693,-2.6862738132476807,0.0,-0.16665183007717133,-0.8368380069732666,0.0
14.530000000000001,2.934237003326416,3.5684876441955566,2.0,0.1286219358444214,-2.6946115493774414,0.0,-0.16529463231563568,-0.8307126760482788,0.0
14.540000000000001,2.935516119003296,3.5415000915527344,2.0,0.12697499990463257,-2.702888011932373,0.0,-0.163946270942688,-0.824565052986145,0.0
14.55,2.9367785453796387,3.514430046081543,2.0,0.12534156441688538,-2.7111024856567383,0.0,-0.1626063734292984,-0.8183949589729309,0.0
14.56,2.9380223751068115,3.487278461456299,2.0,0.12372308224439621,-2.7192556858062744,0.0,-0.1612742841243744,-0.8122022747993469,0.0
14.57,2.9392528533935547,3.460045337677002,2.0,0.12211626023054123,-2.727346658706665,0.0,-0.1599513739347458,-0.8059875965118408,0.0
14.58,2.940464735031128,3.432732105255127,2.0,0.1205243170261383,-2.73537540435791,0.0,-0.1586364507675171,-0.7997509837150574,0.0
14.59,2.9416627883911133,3.4053382873535156,2.0,0.11894374340772629,-2.7433414459228516,0.0,-0.15733087062835693,-0.7934925556182861,0.0
14.6,2.9428441524505615,3.377863883972168,2.0,0.11737711727619171,-2.7512454986572266,0.0,-0.1560335010290146,-0.7872119545936584,0.0
14.61,2.9440102577209473,3.350314140319824,2.0,0.11582336574792862,-2.7590856552124023,0.0,-0.15474531054496765,-0.7809107899665833,0.0
14.620000000000001,2.945160388946533,3.3226826190948486,2.0,0.11428242176771164,-2.7668638229370117,0.0,-0.15346579253673553,-0.7745873928070068,0.0
14.63,2.946296453475952,3.2949752807617188,2.0,0.11275342106819153,-2.7745778560638428,0.0,-0.15219566226005554,-0.7682433724403381,0.0
14.64,2.9474148750305176,3.2671916484832764,2.0,0.11123872548341751,-2.782228469848633,0.0,-0.15093399584293365,-0.7618783116340637,0.0
14.65,2.9485206604003906,3.2393312454223633,2.0,0.1097349002957344,-2.7898154258728027,0.0,-0.14968207478523254,-0.7554925680160522,0.0
14.66,2.949610710144043,3.211397171020508,2.0,0.10824444890022278,-2.797337532043457,0.0,-0.14843912422657013,-0.7490864992141724,0.0
14.67,2.950685739517212,3.183384895324707,2.0,0.10676637291908264,-2.8047966957092285,0.0,-0.14720530807971954,-0.7426591515541077,0.0
14.68,2.951746940612793,3.1552999019622803,2.0,0.10529966652393341,-2.8121910095214844,0.0,-0.1459810584783554,-0.7362120747566223,0.0
14.69,2.952791213989258,3.1271417140960693,2.0,0.10384698212146759,-2.819520950317383,0.0,-0.1447657346725464,-0.7297446727752686,0.0
14.700000000000001,2.9538230895996094,3.098909854888916,2.0,0.10240460187196732,-2.8267858028411865,0.0,-0.14356054365634918,-0.7232574820518494,0.0
14.71,2.9548394680023193,3.0706067085266113,2.0,0.10097608715295792,-2.8339858055114746,0.0,-0.1423642784357071,-0.7167503833770752,0.0
14.72,2.9558424949645996,3.0422308444976807,2.0,0.09955759346485138,-2.841120719909668,0.0,-0.14117814600467682,-0.710223913192749,0.0
14.73,2.9568309783935547,3.013782501220703,2.0,0.09815183281898499,-2.8481907844543457,0.0,-0.1400013118982315,-0.7036774754524231,0.0
14.74,2.957805633544922,2.9852676391601562,2.0,0.09675772488117218,-2.855194330215454,0.0,-0.13883458077907562,-0.6971127390861511,0.0
14.75,2.958765983581543,2.956679105758667,2.0,0.09537535160779953,-2.8621327877044678,0.0,-0.1376773715019226,-0.6905279755592346,0.0
14.76,2.959712505340576,2.928025245666504,2.0,0.09400448948144913,-2.869004726409912,0.0,-0.13653014600276947,-0.683925211429596,0.0
14.77,2.9606456756591797,2.8992996215820312,2.0,0.0926450788974762,-2.8758113384246826,0.0,-0.13539272546768188,-0.6773029565811157,0.0
14.780000000000001,2.9615659713745117,2.8705077171325684,2.0,0.09129595756530762,-2.8825511932373047,0.0,-0.13426567614078522,-0.6706626415252686,0.0
14.790000000000001,2.9624722003936768,2.84165096282959,2.0,0.08995900303125381,-2.88922381401062,0.0,-0.13314864039421082,-0.6640044450759888,0.0
14.8,2.963365077972412,2.8127236366271973,2.0,0.0886332094669342,-2.8958308696746826,0.0,-0.13204146921634674,-0.6573270559310913,0.0
14.81,2.964244842529297,2.7837347984313965,2.0,0.08731835335493088,-2.9023702144622803,0.0,-0.13094480335712433,-0.6506326794624329,0.0
14.82,2.96511173248291,2.7546768188476562,2.0,0.08601458370685577,-2.908843517303467,0.0,-0.1298581063747406,-0.6439195275306702,0.0
14.83,2.965965747833252,2.7255561351776123,2.0,0.08472061157226562,-2.9152488708496094,0.0,-0.12878204882144928,-0.6371893882751465,0.0
14.84,2.9668056964874268,2.6963722705841064,2.0,0.08343920111656189,-2.9215872287750244,0.0,-0.12771590054035187,-0.6304415464401245,0.0
14.85,2.967634439468384,2.6671249866485596,2.0,0.08216654509305954,-2.9278576374053955,0.0,-0.12666068971157074,-0.6236767172813416,0.0
14.86,2.9684486389160156,2.6378157138824463,2.0,0.08090618997812271,-2.934060573577881,0.0,-0.12561553716659546,-0.6168946027755737,0.0
14.870000000000001,2.969252109527588,2.6084442138671875,2.0,0.07965438812971115,-2.9401955604553223,0.0,-0.12458140403032303,-0.6100957989692688,0.0
14.88,2.9700422286987305,2.579010248184204,2.0,0.07841399312019348,-2.9462625980377197,0.0,-0.12355757504701614,-0.603279709815979,0.0
14.89,2.970820188522339,2.5495195388793945,2.0,0.07718353718519211,-2.952260971069336,0.0,-0.12254468351602554,-0.5964480638504028,0.0
14.9,2.9715867042541504,2.5199673175811768,2.0,0.07596230506896973,-2.958191394805908,0.0,-0.12154261022806168,-0.5895996689796448,0.0
14.91,2.972339630126953,2.490354061126709,2.0,0.0747520923614502,-2.9640533924102783,0.0,-0.1205509677529335,-0.5827345848083496,0.0
14.92,2.9730818271636963,2.4606869220733643,2.0,0.07355157285928726,-2.96984601020813,0.0,-0.11957047879695892,-0.5758545398712158,0.0
14.93,2.9738106727600098,2.430957794189453,2.0,0.07236088812351227,-2.9755704402923584,0.0,-0.11860063672065735,-0.5689577460289001,0.0
14.94,2.9745287895202637,2.4011759757995605,2.0,0.0711798220872879,-2.98122501373291,0.0,-0.11764190346002579,-0.5620463490486145,0.0
14.950000000000001,2.975234270095825,2.3713338375091553,2.0,0.07000827044248581,-2.986811399459839,0.0,-0.11669403314590454,-0.5551185011863708,0.0
14.96,2.9759292602539062,2.341438055038452,2.0,0.0688452273607254,-2.9923276901245117,0.0,-0.11575757712125778,-0.548176109790802,0.0
14.97,2.9766106605529785,2.3114876747131348,2.0,0.06769338250160217,-2.997774839401245,0.0,-0.11483172327280045,-0.5412184596061707,0.0
14.98,2.9772825241088867,2.2814829349517822,2.0,0.06654886156320572,-3.0031518936157227,0.0,-0.11391749978065491,-0.5342462062835693,0.0
14.99,2.9779415130615234,2.2514255046844482,2.0,0.06541532278060913,-3.0084595680236816,0.0,-0.11301421374082565,-0.5272590517997742,0.0
15.0,2.978590965270996,2.2213144302368164,2.0,0.06428876519203186,-3.0136969089508057,0.0,-0.11212247610092163,-0.5202577710151672,0.0
15.01,2.979228973388672,2.1911516189575195,2.0,0.0631711408495903,-3.018864631652832,0.0,-0.1112421527504921,-0.5132421851158142,0.0
15.02,2.9798543453216553,2.160937786102295,2.0,0.06206424534320831,-3.0239617824554443,0.0,-0.11037269234657288,-0.5062122344970703,0.0
15.030000000000001,2.9804697036743164,2.1306729316711426,2.0,0.06096393242478371,-3.0289885997772217,0.0,-0.10951507091522217,-0.49916872382164,0.0
15.040000000000001,2.9810733795166016,2.100358486175537,2.0,0.05987413227558136,-3.033945083618164,0.0,-0.10866864770650864,-0.4921112060546875,0.0
15.05,2.9816675186157227,2.0699946880340576,2.0,0.058790840208530426,-3.0388307571411133,0.0,-0.10783407837152481,-0.4850405752658844,0.0
15.06,2.9822497367858887,2.0395803451538086,2.0,0.05771685019135475,-3.0436460971832275,0.0,-0.10701078921556473,-0.4779559373855591,0.0
15.07,2.982820987701416,2.009122133255005,2.0,0.05665086582303047,-3.0483896732330322,0.0,-0.1061992198228836,-0.47085919976234436,0.0
15.08,2.983382225036621,1.9786128997802734,2.0,0.05559314787387848,-3.053063154220581,0.0,-0.10539919137954712,-0.4637485444545746,0.0
15.09,2.9839329719543457,1.948061466217041,2.0,0.0545431524515152,-3.057664632797241,0.0,-0.10461104661226273,-0.45662614703178406,0.0
15.1,2.98447322845459,1.917460322380066,2.0,0.05350113287568092,-3.0621955394744873,0.0,-0.10383445024490356,-0.4494902789592743,0.0
15.11,2.9850032329559326,1.8868157863616943,2.0,0.052465762943029404,-3.0666544437408447,0.0,-0.1030699610710144,-0.4423426687717438,0.0
15.120000000000001,2.985522985458374,1.8561296463012695,2.0,0.05143890529870987,-3.07104229927063,0.0,-0.10231722146272659,-0.4351833164691925,0.0
15.13,2.986032247543335,1.8253955841064453,2.0,0.050419703125953674,-3.0753583908081055,0.0,-0.1015760749578476,-0.42801105976104736,0.0
15.14,2.9865317344665527,1.7946206331253052,2.0,0.04940672218799591,-3.0796024799346924,0.0,-0.10084715485572815,-0.42082762718200684,0.0
15.15,2.987020492553711,1.7638041973114014,2.0,0.04840300232172012,-3.0837748050689697,0.0,-0.10012995451688766,-0.4136323928833008,0.0
15.16,2.987499713897705,1.7329456806182861,2.0,0.047404397279024124,-3.0878751277923584,0.0,-0.09942494332790375,-0.4064261019229889,0.0
15.17,2.9879679679870605,1.7020471096038818,2.0,0.04641477018594742,-3.0919034481048584,0.0,-0.09873177111148834,-0.3992084264755249,0.0
15.18,2.9884276390075684,1.6711082458496094,2.0,0.045430004596710205,-3.0958592891693115,0.0,-0.09805092215538025,-0.39198002219200134,0.0
15.19,2.988877296447754,1.6401283740997314,2.0,0.04445307329297066,-3.099743127822876,0.0,-0.09738200157880783,-0.3847402036190033,0.0
15.200000000000001,2.989316701889038,1.6091139316558838,2.0,0.043482616543769836,-3.1035537719726562,0.0,-0.09672527015209198,-0.3774908483028412,0.0
15.21,2.989746570587158,1.5780577659606934,2.0,0.04251880943775177,-3.107292890548706,0.0,-0.09608067572116852,-0.37023013830184937,0.0
15.22,2.990166664123535,1.546968698501587,2.0,0.04156126081943512,-3.1109583377838135,0.0,-0.09544840455055237,-0.3629602789878845,0.0
15.23,2.9905781745910645,1.515841007232666,2.0,0.040609002113342285,-3.1145517826080322,0.0,-0.09482844918966293,-0.35568007826805115,0.0
15.24,2.9909791946411133,1.4846760034561157,2.0,0.03966400772333145,-3.118072271347046,0.0,-0.09422068297863007,-0.3483894467353821,0.0
15.25,2.9913716316223145,1.4534802436828613,2.0,0.0387248769402504,-3.1215195655822754,0.0,-0.09362536668777466,-0.34109029173851013,0.0
15.26,2.9917538166046143,1.4222462177276611,2.0,0.03779175505042076,-3.124894142150879,0.0,-0.09304218739271164,-0.33378076553344727,0.0
15.27,2.9921274185180664,1.3909828662872314,2.0,0.036864280700683594,-3.12819504737854,0.0,-0.09247158467769623,-0.3264630436897278,0.0
15.280000000000001,2.992490768432617,1.3596827983856201,2.0,0.03594260290265083,-3.131423234939575,0.0,-0.09191321581602097,-0.3191353678703308,0.0
15.290000000000001,2.9928462505340576,1.328352689743042,2.0,0.03502534329891205,-3.134577751159668,0.0,-0.09136763215065002,-0.3117995858192444,0.0
15.3,2.9931912422180176,1.2969918251037598,2.0,0.034115538001060486,-3.1376590728759766,0.0,-0.09083419293165207,-0.3044549524784088,0.0
15.31,2.993528366088867,1.2656000852584839,2.0,0.03320891410112381,-3.140666961669922,0.0,-0.09031354635953903,-0.2971022427082062,0.0
15.32,2.9938554763793945,1.234179139137268,2.0,0.032309480011463165,-3.143601179122925,0.0,-0.08980512619018555,-0.2897410988807678,0.0
15.33,2.9941742420196533,1.2027287483215332,2.0,0.031413085758686066,-3.1464617252349854,0.0,-0.08930958062410355,-0.28237229585647583,0.0
15.34,2.9944839477539062,1.171248197555542,2.0,0.030522646382451057,-3.1492486000061035,0.0,-0.088826484978199,-0.27499502897262573,0.0
15.35,2.9947848320007324,1.1397442817687988,2.0,0.029636802151799202,-3.1519615650177,0.0,-0.0883561298251152,-0.2676112949848175,0.0
15.36,2.995077133178711,1.1082113981246948,2.0,0.028754640370607376,-3.1546006202697754,0.0,-0.08789844065904617,-0.2602198123931885,0.0
15.370000000000001,2.9953596591949463,1.0766528844833374,2.0,0.027879096567630768,-3.157165765762329,0.0,-0.08745323866605759,-0.2528208792209625,0.0
15.38,2.9956343173980713,1.0450687408447266,2.0,0.027005858719348907,-3.1596570014953613,0.0,-0.08702090382575989,-0.2454153150320053,0.0
15.39,2.9959001541137695,1.013458013534546,2.0,0.026138002052903175,-3.162074327468872,0.0,-0.08660127967596054,-0.23800233006477356,0.0
15.4,2.99615740776062,0.9818277359008789,2.0,0.02527409978210926,-3.164417028427124,0.0,-0.08619444072246552,-0.23058384656906128,0.0
15.41,2.996405601501465,0.9501702785491943,2.0,0.024414362385869026,-3.1666858196258545,0.0,-0.08580026775598526,-0.22315800189971924,0.0
15.42,2.996645450592041,0.9184921979904175,2.0,0.023557396605610847,-3.1688802242279053,0.0,-0.08541900664567947,-0.21572667360305786,0.0
15.43,2.9968767166137695,0.8867932558059692,2.0,0.02270624041557312,-3.1710002422332764,0.0,-0.08505035936832428,-0.20828913152217865,0.0
15.44,2.9970998764038086,0.8550728559494019,2.0,0.0218566432595253,-3.1730458736419678,0.0,-0.0846947655081749,-0.20084615051746368,0.0
15.450000000000001,2.997313976287842,0.8233328461647034,2.0,0.021012622863054276,-3.1750175952911377,0.0,-0.08435187488794327,-0.19339735805988312,0.0
15.46,2.9975199699401855,0.7915731072425842,2.0,0.020169854164123535,-3.1769139766693115,0.0,-0.08402211219072342,-0.1859435886144638,0.0
15.47,2.9977173805236816,0.7597947120666504,2.0,0.019330359995365143,-3.1787362098693848,0.0,-0.08370505273342133,-0.17848466336727142,0.0
15.48,2.9979066848754883,0.7279989719390869,2.0,0.018496030941605568,-3.180483818054199,0.0,-0.08340086787939072,-0.17102055251598358,0.0
15.49,2.998087167739868,0.6961855888366699,2.0,0.017662597820162773,-3.1821563243865967,0.0,-0.0831097736954689,-0.16355203092098236,0.0
15.5,2.9982595443725586,0.6643564105033875,2.0,0.016834089532494545,-3.1837546825408936,0.0,-0.08283146470785141,-0.1560787409543991,0.0
15.51,2.9984238147735596,0.6325111389160156,2.0,0.016006235033273697,-3.1852779388427734,0.0,-0.08256620913743973,-0.14860142767429352,0.0
15.52,2.998579978942871,0.6006491184234619,2.0,0.015182089991867542,-3.1867268085479736,0.0,-0.08231386542320251,-0.14111937582492828,0.0
15.530000000000001,2.998727798461914,0.5687772035598755,2.0,0.014360208064317703,-3.1881003379821777,0.0,-0.0820746123790741,-0.13363449275493622,0.0
15.540000000000001,2.9988670349121094,0.5368876457214355,2.0,0.01354085560888052,-3.189399242401123,0.0,-0.08184831589460373,-0.1261448711156845,0.0
15.55,2.9989984035491943,0.5049898624420166,2.0,0.012723524123430252,-3.1906232833862305,0.0,-0.08163502812385559,-0.11865286529064178,0.0
15.56,2.99912166595459,0.473075807094574,2.0,0.011908427812159061,-3.1917724609375,0.0,-0.08143474161624908,-0.11115651577711105,0.0
15.57,2.999237060546875,0.44115257263183594,2.0,0.011094126850366592,-3.1928465366363525,0.0,-0.08124759048223495,-0.1036578044295311,0.0
15.58,2.9993436336517334,0.409221351146698,2.0,0.010282597504556179,-3.193845272064209,0.0,-0.08107344061136246,-0.09615661948919296,0.0
15.59,2.9994421005249023,0.3772762417793274,2.0,0.009472928009927273,-3.1947696208953857,0.0,-0.08091229200363159,-0.08865172415971756,0.0
15.6,2.999533176422119,0.34532660245895386,2.0,0.00866461731493473,-3.1956186294555664,0.0,-0.0807642787694931,-0.08114546537399292,0.0
15.610000000000001,2.9996156692504883,0.31336450576782227,2.0,0.007857907563447952,-3.19639253616333,0.0,-0.08062931150197983,-0.07363589853048325,0.0
15.620000000000001,2.999690055847168,0.2813969552516937,2.0,0.007051335647702217,-3.1970913410186768,0.0,-0.08050742745399475,-0.06612500548362732,0.0
15.63,2.999756336212158,0.24942326545715332,2.0,0.006248018238693476,-3.1977150440216064,0.0,-0.08039864152669907,-0.05861198902130127,0.0
15.64,2.9998154640197754,0.21744325757026672,2.0,0.005443628411740065,-3.198263645172119,0.0,-0.08030298352241516,-0.051097653806209564,0.0
15.65,2.9998655319213867,0.18545621633529663,2.0,0.004641272127628326,-3.198737144470215,0.0,-0.08022040873765945,-0.043581243604421616,0.0
15.66,2.999907970428467,0.15346911549568176,2.0,0.0038394818548113108,-3.1991350650787354,0.0,-0.08015088737010956,-0.036064695566892624,0.0
15.67,2.9999423027038574,0.12147411704063416,2.0,0.00303851836360991,-3.199458122253418,0.0,-0.08009462803602219,-0.028546085581183434,0.0
15.68,2.9999685287475586,0.08948054909706116,2.0,0.002237856388092041,-3.1997060775756836,0.0,-0.08005132526159286,-0.021027762442827225,0.0
15.69,2.9999868869781494,0.05748249962925911,2.0,0.001436611288227141,-3.199878692626953,0.0,-0.08002115786075592,-0.013508479110896587,0.0
15.700000000000001,2.999997615814209,0.025481192395091057,2.0,0.0006367441383190453,-3.1999762058258057,0.0,-0.08000420778989792,-0.005988137796521187,0.0
15.71,3.0,-0.006516423542052507,2.0,-0.00016320879512932152,-3.1999988555908203,0.0,-0.08000029623508453,0.0015313000185415149,0.0
15.72,2.9999942779541016,-0.03851817920804024,2.0,-0.0009629980195313692,-3.1999456882476807,0.0,-0.08000952750444412,0.009051763452589512,0.0
15.73,2.9999802112579346,-0.0705147385597229,2.0,-0.0017631356604397297,-3.199817419052124,0.0,-0.08003188669681549,0.016570910811424255,0.0
15.74,2.9999589920043945,-0.10251392424106598,2.0,-0.002563371555879712,-3.1996142864227295,0.0,-0.08006729185581207,0.024090668186545372,0.0
15.75,2.999929428100586,-0.13450880348682404,2.0,-0.003365171141922474,-3.1993355751037598,0.0,-0.0801159143447876,0.031609077006578445,0.0
15.76,2.999891757965088,-0.1665000468492508,2.0,-0.004165425896644592,-3.198982000350952,0.0,-0.0801776647567749,0.0391269288957119,0.0
15.77,2.9998459815979004,-0.19848784804344177,2.0,-0.0049684662371873856,-3.1985530853271484,0.0,-0.0802525132894516,0.046643391251564026,0.0
15.780000000000001,2.9997925758361816,-0.23047050833702087,2.0,-0.0057702139019966125,-3.198049306869507,0.0,-0.08034040033817291,0.054158881306648254,0.0
15.790000000000001,2.9997305870056152,-0.2624482214450836,2.0,-0.006575001869350672,-3.19746994972229,0.0,-0.08044138550758362,0.06167258322238922,0.0
15.8,2.9996607303619385,-0.2944197952747345,2.0,-0.007380871567875147,-3.1968157291412354,0.0,-0.08055545389652252,0.06918457895517349,0.0
15.81,2.9995832443237305,-0.32638394832611084,2.0,-0.008185852319002151,-3.1960864067077637,0.0,-0.08068273961544037,0.07669498026371002,0.0
15.82,2.9994969367980957,-0.35834091901779175,2.0,-0.008994260802865028,-3.195281744003296,0.0,-0.08082298934459686,0.08420297503471375,0.0
15.83,2.9994029998779297,-0.3902890086174011,2.0,-0.009802043437957764,-3.1944024562835693,0.0,-0.08097632229328156,0.0917089581489563,0.0
15.84,2.999300956726074,-0.4222283661365509,2.0,-0.010613528080284595,-3.1934475898742676,0.0,-0.08114270865917206,0.09921210259199142,0.0
15.85,2.9991908073425293,-0.4541597068309784,2.0,-0.011425593867897987,-3.192417860031128,0.0,-0.08132226020097733,0.10671321302652359,0.0
15.860000000000001,2.999072551727295,-0.48607611656188965,2.0,-0.012239698320627213,-3.1913132667541504,0.0,-0.08151473850011826,0.1142103299498558,0.0
15.870000000000001,2.998945713043213,-0.5179854035377502,2.0,-0.013055626302957535,-3.190133810043335,0.0,-0.08172034472227097,0.12170536816120148,0.0
15.88,2.9988112449645996,-0.5498806238174438,2.0,-0.013874808326363564,-3.1888792514801025,0.0,-0.08193882554769516,0.1291963905096054,0.0
15.89,2.9986681938171387,-0.581762433052063,2.0,-0.01469414308667183,-3.1875498294830322,0.0,-0.08217056840658188,0.13668414950370789,0.0
15.9,2.9985170364379883,-0.6136309504508972,2.0,-0.015517947264015675,-3.186145782470703,0.0,-0.08241510391235352,0.14416785538196564,0.0
15.91,2.9983582496643066,-0.6454827785491943,2.0,-0.016343317925930023,-3.184666633605957,0.0,-0.08267267793416977,0.15164721012115479,0.0
15.92,2.9981906414031982,-0.6773236989974976,2.0,-0.01717112772166729,-3.183112382888794,0.0,-0.08294326066970825,0.1591234654188156,0.0
15.93,2.998014450073242,-0.7091468572616577,2.0,-0.018002880737185478,-3.1814839839935303,0.0,-0.08322671800851822,0.16659466922283173,0.0
15.94,2.997830867767334,-0.740952730178833,2.0,-0.018835419788956642,-3.1797807216644287,0.0,-0.0835232213139534,0.1740615963935852,0.0
15.950000000000001,2.9976377487182617,-0.7727419137954712,2.0,-0.019673073664307594,-3.1780025959014893,0.0,-0.08383255451917648,0.18152344226837158,0.0
15.96,2.9974374771118164,-0.8045122623443604,2.0,-0.02051178365945816,-3.1761505603790283,0.0,-0.0841548889875412,0.1889805942773819,0.0
15.97,2.997227668762207,-0.8362642526626587,2.0,-0.021355891600251198,-3.1742231845855713,0.0,-0.08449006080627441,0.19643224775791168,0.0
15.98,2.9970099925994873,-0.867998480796814,2.0,-0.022202307358384132,-3.1722216606140137,0.0,-0.0848381444811821,0.2038792073726654,0.0
15.99,2.99678373336792,-0.8997080326080322,2.0,-0.023052407428622246,-3.1701457500457764,0.0,-0.08519897609949112,0.2113194614648819,0.0
16.0,2.996549129486084,-0.9314007759094238,2.0,-0.023906011134386063,-3.1679954528808594,0.0,-0.08557277172803879,0.21875500679016113,0.0
16.01,2.996305465698242,-0.9630674123764038,2.0,-0.024763602763414383,-3.1657707691192627,0.0,-0.08595922589302063,0.2261834591627121,0.0
16.02,2.99605393409729,-0.994715690612793,2.0,-0.02562493272125721,-3.1634714603424072,0.0,-0.08635863661766052,0.23360677063465118,0.0
16.03,2.995793104171753,-1.0263385772705078,2.0,-0.026491427794098854,-3.1610987186431885,0.0,-0.08677071332931519,0.241022989153862,0.0
16.04,2.995523691177368,-1.057935118675232,2.0,-0.02736121602356434,-3.158651351928711,0.0,-0.087195485830307,0.2484322190284729,0.0
16.05,2.9952454566955566,-1.0895110368728638,2.0,-0.028235096484422684,-3.156129837036133,0.0,-0.08763300627470016,0.2558356523513794,0.0
16.06,2.9949588775634766,-1.121057152748108,2.0,-0.029113609343767166,-3.1535346508026123,0.0,-0.08808327466249466,0.2632310092449188,0.0
16.07,2.994663715362549,-1.1525812149047852,2.0,-0.029996521770954132,-3.150865316390991,0.0,-0.08854624629020691,0.2706201672554016,0.0
16.080000000000002,2.994359016418457,-1.1840763092041016,2.0,-0.030885227024555206,-3.1481220722198486,0.0,-0.08902174979448318,0.2780012786388397,0.0
16.09,2.994046211242676,-1.2155430316925049,2.0,-0.031776685267686844,-3.1453051567077637,0.0,-0.08951003849506378,0.2853749990463257,0.0
16.1,2.9937233924865723,-1.2469817399978638,2.0,-0.03267515450716019,-3.1424148082733154,0.0,-0.09001073241233826,0.2927405834197998,0.0
16.11,2.9933924674987793,-1.278390645980835,2.0,-0.03357664495706558,-3.1394503116607666,0.0,-0.09052417427301407,0.3000984489917755,0.0
16.12,2.9930520057678223,-1.309770107269287,2.0,-0.03448537737131119,-3.1364128589630127,0.0,-0.091049924492836,0.30744776129722595,0.0
16.13,2.9927029609680176,-1.341120719909668,2.0,-0.03539833053946495,-3.1333014965057373,0.0,-0.09158843010663986,0.3147893249988556,0.0
16.14,2.9923439025878906,-1.3724355697631836,2.0,-0.03631686046719551,-3.130117177963257,0.0,-0.09213924407958984,0.32212117314338684,0.0
16.15,2.991975784301758,-1.4037206172943115,2.0,-0.03724197298288345,-3.126859426498413,0.0,-0.09270242601633072,0.3294445872306824,0.0
16.16,2.9915990829467773,-1.4349745512008667,2.0,-0.038171589374542236,-3.123528003692627,0.0,-0.0932781770825386,0.3367595970630646,0.0
16.17,2.9912126064300537,-1.4661905765533447,2.0,-0.03910725191235542,-3.120124101638794,0.0,-0.0938662439584732,0.344064325094223,0.0
16.18,2.990817070007324,-1.4973764419555664,2.0,-0.04004867374897003,-3.1166470050811768,0.0,-0.09446676075458527,0.35136064887046814,0.0
16.19,2.9904117584228516,-1.5285229682922363,2.0,-0.04099631309509277,-3.1130969524383545,0.0,-0.09507950395345688,0.3586462736129761,0.0
16.2,2.989996910095215,-1.5596377849578857,2.0,-0.0419500358402729,-3.109473705291748,0.0,-0.0957045704126358,0.36592304706573486,0.0
16.21,2.989572525024414,-1.5907142162322998,2.0,-0.04291112720966339,-3.105778455734253,0.0,-0.09634173661470413,0.37318918108940125,0.0
16.22,2.9891390800476074,-1.6217527389526367,2.0,-0.043876614421606064,-3.1020102500915527,0.0,-0.09699142724275589,0.38044536113739014,0.0
16.23,2.9886951446533203,-1.6527538299560547,2.0,-0.04485064744949341,-3.0981695652008057,0.0,-0.09765297174453735,0.38769081234931946,0.0
16.240000000000002,2.9882423877716064,-1.6837154626846313,2.0,-0.045829370617866516,-3.094256639480591,0.0,-0.09832695126533508,0.39492589235305786,0.0
16.25,2.987778663635254,-1.7146382331848145,2.0,-0.04681692272424698,-3.090271234512329,0.0,-0.09901269525289536,0.40214982628822327,0.0
16.26,2.9873046875,-1.7455209493637085,2.0,-0.047811415046453476,-3.0862135887145996,0.0,-0.09971045702695847,0.4093627333641052,0.0
16.27,2.9868226051330566,-1.7763619422912598,2.0,-0.04881087690591812,-3.0820839405059814,0.0,-0.10042062401771545,0.4165647625923157,0.0
16.28,2.986328601837158,-1.8071620464324951,2.0,-0.04981956630945206,-3.0778822898864746,0.0,-0.1011425033211708,0.4237549602985382,0.0
16.29,2.9858264923095703,-1.8379191160202026,2.0,-0.050833478569984436,-3.073608875274658,0.0,-0.10187660902738571,0.4309339225292206,0.0
16.3,2.985311985015869,-1.8686336278915405,2.0,-0.05185683071613312,-3.0692636966705322,0.0,-0.10262226313352585,0.4381006956100464,0.0
16.31,2.984788417816162,-1.899306058883667,2.0,-0.05288662016391754,-3.0648467540740967,0.0,-0.1033799797296524,0.44525614380836487,0.0
16.32,2.984254837036133,-1.9299299716949463,2.0,-0.05392416939139366,-3.0603585243225098,0.0,-0.10414945334196091,0.4523983895778656,0.0
16.330000000000002,2.983710527420044,-1.960512638092041,2.0,-0.05496937409043312,-3.0557987689971924,0.0,-0.10493076592683792,0.45952919125556946,0.0
16.34,2.9831557273864746,-1.9910452365875244,2.0,-0.056022513657808304,-3.051168441772461,0.0,-0.10572375357151031,0.46664637327194214,0.0
16.35,2.9825901985168457,-2.0215353965759277,2.0,-0.05708356201648712,-3.0464656352996826,0.0,-0.10652855038642883,0.47375181317329407,0.0
16.36,2.982013702392578,-2.051976442337036,2.0,-0.058153796941041946,-3.0416929721832275,0.0,-0.10734470933675766,0.4808436334133148,0.0
16.37,2.98142671585083,-2.082366943359375,2.0,-0.05923125892877579,-3.0368494987487793,0.0,-0.10817250609397888,0.4879218339920044,0.0
16.38,2.9808287620544434,-2.112712860107422,2.0,-0.06031698361039162,-3.0319344997406006,0.0,-0.10901210457086563,0.49498775601387024,0.0
16.39,2.980219841003418,-2.143007278442383,2.0,-0.061412181705236435,-3.026949644088745,0.0,-0.10986290127038956,0.50203937292099,0.0
16.4,2.9796009063720703,-2.173251152038574,2.0,-0.06251392513513565,-3.0218937397003174,0.0,-0.11072549968957901,0.5090775489807129,0.0
16.41,2.9789695739746094,-2.203444719314575,2.0,-0.06362640112638474,-3.016767978668213,0.0,-0.11159916967153549,0.5161014795303345,0.0
16.42,2.9783287048339844,-2.233585834503174,2.0,-0.0647457018494606,-3.0115718841552734,0.0,-0.11248459666967392,0.5231115221977234,0.0
16.43,2.977674722671509,-2.2636756896972656,2.0,-0.06587584316730499,-3.0063059329986572,0.0,-0.11338088661432266,0.5301070213317871,0.0
16.44,2.9770102500915527,-2.2937138080596924,2.0,-0.06701395660638809,-3.000969409942627,0.0,-0.11428867280483246,0.5370885729789734,0.0
16.45,2.976334571838379,-2.3236944675445557,2.0,-0.06816136837005615,-2.9955644607543945,0.0,-0.11520757526159286,0.544054388999939,0.0
16.46,2.975647449493408,-2.3536245822906494,2.0,-0.06931790709495544,-2.99008846282959,0.0,-0.11613781005144119,0.5510063767433167,0.0
16.47,2.9749484062194824,-2.383495569229126,2.0,-0.07048384100198746,-2.984544277191162,0.0,-0.11707894504070282,0.5579422116279602,0.0
16.48,2.9742374420166016,-2.413313150405884,2.0,-0.07166022062301636,-2.9789299964904785,0.0,-0.11803098022937775,0.5648630857467651,0.0
16.490000000000002,2.973515033721924,-2.443075656890869,2.0,-0.07284507900476456,-2.9732465744018555,0.0,-0.11899429559707642,0.5717692375183105,0.0
16.5,2.972780227661133,-2.4727776050567627,2.0,-0.07403991371393204,-2.9674949645996094,0.0,-0.11996834725141525,0.5786586999893188,0.0
16.51,2.972034215927124,-2.502425193786621,2.0,-0.07524426281452179,-2.9616734981536865,0.0,-0.12095355242490768,0.5855332612991333,0.0
16.52,2.971275806427002,-2.532010555267334,2.0,-0.07645869255065918,-2.955784320831299,0.0,-0.1219494491815567,0.5923908352851868,0.0
16.53,2.970505475997925,-2.561540365219116,2.0,-0.07768303155899048,-2.9498257637023926,0.0,-0.12295615673065186,0.599233090877533,0.0
16.54,2.9697213172912598,-2.5910086631774902,2.0,-0.07891845703125,-2.9437994956970215,0.0,-0.12397337704896927,0.6060584187507629,0.0
16.55,2.9689271450042725,-2.620415687561035,2.0,-0.08016225695610046,-2.9377048015594482,0.0,-0.1250016689300537,0.6128673553466797,0.0
16.56,2.968118667602539,-2.6497621536254883,2.0,-0.0814182460308075,-2.931542158126831,0.0,-0.12604005634784698,0.6196593046188354,0.0
16.57,2.967298984527588,-2.679046154022217,2.0,-0.0826827809214592,-2.92531156539917,0.0,-0.1270895004272461,0.6264345049858093,0.0
16.580000000000002,2.9664649963378906,-2.7082676887512207,2.0,-0.08395979553461075,-2.919013738632202,0.0,-0.12814895808696747,0.6331923007965088,0.0
16.59,2.9656193256378174,-2.7374279499053955,2.0,-0.08524639904499054,-2.912647247314453,0.0,-0.12921921908855438,0.6399334669113159,0.0
16.6,2.9647603034973145,-2.7665200233459473,2.0,-0.08654394745826721,-2.906214952468872,0.0,-0.13029952347278595,0.6466560959815979,0.0
16.61,2.9638876914978027,-2.7955501079559326,2.0,-0.08785314857959747,-2.899714946746826,0.0,-0.13139009475708008,0.653361439704895,0.0
16.62,2.963003635406494,-2.8245139122009277,2.0,-0.08917150646448135,-2.8931477069854736,0.0,-0.1324913501739502,0.6600490808486938,0.0
16.63,2.962104558944702,-2.853412628173828,2.0,-0.09050273895263672,-2.886514186859131,0.0,-0.13360224664211273,0.6667184829711914,0.0
16.64,2.961193084716797,-2.8822460174560547,2.0,-0.09184420108795166,-2.8798131942749023,0.0,-0.13472367823123932,0.6733701825141907,0.0
16.65,2.9602675437927246,-2.91100811958313,2.0,-0.09319689869880676,-2.873046875,0.0,-0.13585495948791504,0.6800025701522827,0.0
16.66,2.9593288898468018,-2.939706325531006,2.0,-0.09456103295087814,-2.866213321685791,0.0,-0.13699643313884735,0.6866173148155212,0.0
16.67,2.9583754539489746,-2.968334197998047,2.0,-0.09593754261732101,-2.859314203262329,0.0,-0.13814736902713776,0.6932126879692078,0.0
16.68,2.9574105739593506,-2.996891975402832,2.0,-0.09732378274202347,-2.852349042892456,0.0,-0.13930879533290863,0.6997894048690796,0.0
16.69,2.9564294815063477,-3.0253806114196777,2.0,-0.09872346371412277,-2.84531831741333,0.0,-0.14047947525978088,0.7063466906547546,0.0
16.7,2.9554364681243896,-3.053797721862793,2.0,-0.10013309121131897,-2.8382225036621094,0.0,-0.14166037738323212,0.7128849029541016,0.0
16.71,2.9544267654418945,-3.082144260406494,2.0,-0.1015564501285553,-2.8310608863830566,0.0,-0.1428503841161728,0.7194034457206726,0.0
16.72,2.9534037113189697,-3.110419273376465,2.0,-0.10299167782068253,-2.8238344192504883,0.0,-0.1440499871969223,0.725902259349823,0.0
16.73,2.9523677825927734,-3.138620615005493,2.0,-0.1044372096657753,-2.8165431022644043,0.0,-0.14525969326496124,0.7323815226554871,0.0
16.740000000000002,2.951315402984619,-3.1667492389678955,2.0,-0.10589662194252014,-2.8091869354248047,0.0,-0.14647826552391052,0.7388405799865723,0.0
16.75,2.9502499103546143,-3.1948037147521973,2.0,-0.10736647248268127,-2.8017661571502686,0.0,-0.1477068066596985,0.7452796697616577,0.0
16.76,2.9491682052612305,-3.2227840423583984,2.0,-0.10885055363178253,-2.794281482696533,0.0,-0.14894410967826843,0.7516981363296509,0.0
16.77,2.9480724334716797,-3.2506909370422363,2.0,-0.11034601181745529,-2.7867319583892822,0.0,-0.15019100904464722,0.7580966949462891,0.0
16.78,2.9469614028930664,-3.2785181999206543,2.0,-0.11185412853956223,-2.7791197299957275,0.0,-0.15144683420658112,0.764473557472229,0.0
16.79,2.945835590362549,-3.3062727451324463,2.0,-0.11337476223707199,-2.771442413330078,0.0,-0.15271207690238953,0.7708305716514587,0.0
16.8,2.9446940422058105,-3.333946704864502,2.0,-0.1149081289768219,-2.7637031078338623,0.0,-0.15398600697517395,0.7771655917167664,0.0
16.81,2.943537712097168,-3.361546039581299,2.0,-0.11645415425300598,-2.755899429321289,0.0,-0.15526922047138214,0.7834803462028503,0.0
16.82,2.94236421585083,-3.389066219329834,2.0,-0.11801405251026154,-2.748033285140991,0.0,-0.15656085312366486,0.7897731065750122,0.0
16.830000000000002,2.941176414489746,-3.4165048599243164,2.0,-0.11958611756563187,-2.7401046752929688,0.0,-0.15786148607730865,0.7960439324378967,0.0
16.84,2.9399728775024414,-3.4438679218292236,2.0,-0.12117112427949905,-2.732112407684326,0.0,-0.15917108952999115,0.802294135093689,0.0
16.85,2.938753366470337,-3.471146583557129,2.0,-0.12276928871870041,-2.7240591049194336,0.0,-0.16048909723758698,0.8085213303565979,0.0
16.86,2.9375176429748535,-3.4983482360839844,2.0,-0.1243806853890419,-2.715941905975342,0.0,-0.16181591153144836,0.8147274851799011,0.0
16.87,2.936264991760254,-3.5254671573638916,2.0,-0.12600618600845337,-2.707763671875,0.0,-0.1631508469581604,0.8209109306335449,0.0
16.88,2.934998035430908,-3.5525031089782715,2.0,-0.12764346599578857,-2.69952392578125,0.0,-0.16449473798274994,0.8270720839500427,0.0
16.89,2.9337124824523926,-3.5794570446014404,2.0,-0.1292959302663803,-2.691222667694092,0.0,-0.16584648191928864,0.8332105278968811,0.0
16.9,2.9324111938476562,-3.6063289642333984,2.0,-0.13096097111701965,-2.682859420776367,0.0,-0.16720689833164215,0.8393268585205078,0.0
16.91,2.931093215942383,-3.633113384246826,2.0,-0.13263975083827972,-2.674436330795288,0.0,-0.16857516765594482,0.8454193472862244,0.0
16.92,2.9297585487365723,-3.6598172187805176,2.0,-0.13433225452899933,-2.6659510135650635,0.0,-0.169951930642128,0.8514897227287292,0.0
16.93,2.9284069538116455,-3.686432361602783,2.0,-0.13603857159614563,-2.6574065685272217,0.0,-0.17133642733097076,0.8575359582901001,0.0
16.94,2.927037239074707,-3.712963581085205,2.0,-0.13775962591171265,-2.648801326751709,0.0,-0.17272868752479553,0.8635594248771667,0.0
16.95,2.9256513118743896,-3.7394096851348877,2.0,-0.13949376344680786,-2.6401352882385254,0.0,-0.17412932217121124,0.869559645652771,0.0
16.96,2.9242475032806396,-3.76576566696167,2.0,-0.14124198257923126,-2.6314101219177246,0.0,-0.17553740739822388,0.8755353689193726,0.0
16.97,2.9228265285491943,-3.7920374870300293,2.0,-0.14300429821014404,-2.622624397277832,0.0,-0.1769534945487976,0.8814881443977356,0.0
16.98,2.9213876724243164,-3.8182177543640137,2.0,-0.14478078484535217,-2.6137804985046387,0.0,-0.17837698757648468,0.8874160647392273,0.0
16.990000000000002,2.919931173324585,-3.8443124294281006,2.0,-0.14657163619995117,-2.6048762798309326,0.0,-0.17980830371379852,0.8933206796646118,0.0
17.0,2.918455123901367,-3.870316505432129,2.0,-0.14837759733200073,-2.595913887023926,0.0,-0.18124660849571228,0.8992004990577698,0.0
17.01,2.916963815689087,-3.8962302207946777,2.0,-0.15019634366035461,-2.5868923664093018,0.0,-0.18269294500350952,0.9050560593605042,0.0
17.02,2.9154515266418457,-3.9220542907714844,2.0,-0.15203125774860382,-2.577812671661377,0.0,-0.18414592742919922,0.910886824131012,0.0
17.03,2.913923740386963,-3.9477858543395996,2.0,-0.15387898683547974,-2.5686745643615723,0.0,-0.18560680747032166,0.9166929125785828,0.0
17.04,2.912374496459961,-3.9734268188476562,2.0,-0.15574300289154053,-2.559479236602783,0.0,-0.18707412481307983,0.9224739670753479,0.0
17.05,2.910806655883789,-3.9989757537841797,2.0,-0.1576218456029892,-2.5502257347106934,0.0,-0.1885484904050827,0.9282299280166626,0.0
17.06,2.9092226028442383,-4.024430751800537,2.0,-0.15951383113861084,-2.540914535522461,0.0,-0.1900305300951004,0.9339606761932373,0.0
17.07,2.90761661529541,-4.049793720245361,2.0,-0.16142228245735168,-2.5315465927124023,0.0,-0.19151873886585236,0.9396660923957825,0.0
17.080000000000002,2.905994415283203,-4.075061321258545,2.0,-0.16334402561187744,-2.5221211910247803,0.0,-0.19301442801952362,0.945345938205719,0.0
17.09,2.9043502807617188,-4.100235462188721,2.0,-0.16528236865997314,-2.5126397609710693,0.0,-0.194516122341156,0.9510000944137573,0.0
17.1,2.9026875495910645,-4.1253156661987305,2.0,-0.16723495721817017,-2.503101110458374,0.0,-0.19602493941783905,0.9566289186477661,0.0
17.11,2.901005744934082,-4.150296688079834,2.0,-0.16920262575149536,-2.493507146835327,0.0,-0.19753998517990112,0.9622307419776917,0.0
17.12,2.899303913116455,-4.175185203552246,2.0,-0.17118552327156067,-2.483856678009033,0.0,-0.19906172156333923,0.9678074717521667,0.0
17.13,2.897581100463867,-4.199975490570068,2.0,-0.1731843799352646,-2.4741508960723877,0.0,-0.2005893737077713,0.9733573198318481,0.0
17.14,2.895840644836426,-4.224668025970459,2.0,-0.17519710958003998,-2.4643893241882324,0.0,-0.20212393999099731,0.9788809418678284,0.0
17.150000000000002,2.894077777862549,-4.249262809753418,2.0,-0.17722664773464203,-2.454573631286621,0.0,-0.20366400480270386,0.9843778014183044,0.0
17.16,2.8922951221466064,-4.273757457733154,2.0,-0.1792709231376648,-2.4447031021118164,0.0,-0.20521032810211182,0.9898476600646973,0.0
17.17,2.8904926776885986,-4.29815673828125,2.0,-0.18133071064949036,-2.4347763061523438,0.0,-0.20676292479038239,0.995291531085968,0.0
17.18,2.888667583465576,-4.322454452514648,2.0,-0.18340666592121124,-2.4247965812683105,0.0,-0.20832091569900513,1.000707745552063,0.0
17.19,2.886824607849121,-4.346652030944824,2.0,-0.18549679219722748,-2.414762496948242,0.0,-0.20988547801971436,1.0060970783233643,0.0
17.2,2.884958028793335,-4.370749473571777,2.0,-0.18760421872138977,-2.404675006866455,0.0,-0.21145498752593994,1.0114591121673584,0.0
17.21,2.883073091506958,-4.394744873046875,2.0,-0.18972574174404144,-2.394533395767212,0.0,-0.2130308747291565,1.0167936086654663,0.0
17.22,2.8811635971069336,-4.418639659881592,2.0,-0.19186456501483917,-2.3843390941619873,0.0,-0.21461153030395508,1.0221006870269775,0.0
17.23,2.879234552383423,-4.442432880401611,2.0,-0.19401849806308746,-2.3740909099578857,0.0,-0.2161981612443924,1.0273802280426025,0.0
17.240000000000002,2.8772835731506348,-4.466120719909668,2.0,-0.19618836045265198,-2.3637914657592773,0.0,-0.21778984367847443,1.032631516456604,0.0
17.25,2.8753113746643066,-4.489707946777344,2.0,-0.1983741819858551,-2.353438377380371,0.0,-0.219387024641037,1.0378552675247192,0.0
17.26,2.873316764831543,-4.513189315795898,2.0,-0.20057588815689087,-2.3430347442626953,0.0,-0.22098909318447113,1.0430502891540527,0.0
17.27,2.871299982070923,-4.536568641662598,2.0,-0.20279374718666077,-2.3325774669647217,0.0,-0.22259657084941864,1.0482177734375,0.0
17.28,2.869259834289551,-4.559842109680176,2.0,-0.20502835512161255,-2.3220698833465576,0.0,-0.22420842945575714,1.0533565282821655,0.0
17.29,2.8671982288360596,-4.583008289337158,2.0,-0.2072783261537552,-2.311511516571045,0.0,-0.22582535445690155,1.0584663152694702,0.0
17.3,2.865114688873291,-4.606071949005127,2.0,-0.20954468846321106,-2.30090069770813,0.0,-0.22744743525981903,1.0635483264923096,0.0
17.31,2.8630080223083496,-4.629025936126709,2.0,-0.21182706952095032,-2.29024076461792,0.0,-0.22907379269599915,1.0686008930206299,0.0
17.32,2.8608782291412354,-4.651876449584961,2.0,-0.2141258269548416,-2.2795286178588867,0.0,-0.23070508241653442,1.0736252069473267,0.0
17.330000000000002,2.858724594116211,-4.674617767333984,2.0,-0.21644169092178345,-2.268767833709717,0.0,-0.23234033584594727,1.0786200761795044,0.0
17.34,2.8565502166748047,-4.697251319885254,2.0,-0.21877242624759674,-2.2579565048217773,0.0,-0.23398073017597198,1.0835857391357422,0.0
17.35,2.854349374771118,-4.719776630401611,2.0,-0.2211211770772934,-2.247096300125122,0.0,-0.23562464118003845,1.0885223150253296,0.0
17.36,2.852128028869629,-4.742192268371582,2.0,-0.22348473966121674,-2.2361862659454346,0.0,-0.23727354407310486,1.0934293270111084,0.0
17.37,2.8498799800872803,-4.764499664306641,2.0,-0.22586633265018463,-2.2252275943756104,0.0,-0.23892569541931152,1.098306655883789,0.0
17.38,2.847609758377075,-4.786698341369629,2.0,-0.22826386988162994,-2.214219808578491,0.0,-0.2405824363231659,1.1031548976898193,0.0
17.39,2.8453149795532227,-4.808784008026123,2.0,-0.2306777834892273,-2.20316481590271,0.0,-0.2422427088022232,1.1079726219177246,0.0
17.400000000000002,2.8429946899414062,-4.830760478973389,2.0,-0.23310914635658264,-2.192061185836792,0.0,-0.24390657246112823,1.1127607822418213,0.0
17.41,2.8406519889831543,-4.852626323699951,2.0,-0.23555654287338257,-2.1809089183807373,0.0,-0.2455746978521347,1.1175191402435303,0.0
17.42,2.8382842540740967,-4.874378204345703,2.0,-0.2380203753709793,-2.169711112976074,0.0,-0.24724604189395905,1.1222466230392456,0.0
17.43,2.8358917236328125,-4.896020412445068,2.0,-0.24050123989582062,-2.1584644317626953,0.0,-0.2489212304353714,1.126944661140442,0.0
17.44,2.8334743976593018,-4.91754674911499,2.0,-0.24299870431423187,-2.147172451019287,0.0,-0.2505994439125061,1.1316115856170654,0.0
17.45,2.8310322761535645,-4.938962936401367,2.0,-0.24551303684711456,-2.1358323097229004,0.0,-0.2522813677787781,1.1362485885620117,0.0
17.46,2.8285632133483887,-4.960264682769775,2.0,-0.2480446845293045,-2.1244468688964844,0.0,-0.2539658546447754,1.1408547163009644,0.0
17.47,2.8260717391967773,-4.981451034545898,2.0,-0.2505921423435211,-2.1130154132843018,0.0,-0.2556542158126831,1.1454299688339233,0.0
17.48,2.823551654815674,-5.002524375915527,2.0,-0.25315776467323303,-2.1015384197235107,0.0,-0.2573447823524475,1.1499743461608887,0.0
17.490000000000002,2.8210091590881348,-5.023481845855713,2.0,-0.255738765001297,-2.0900158882141113,0.0,-0.2590390145778656,1.15448796749115,0.0
17.5,2.818437337875366,-5.04432487487793,2.0,-0.25833821296691895,-2.07844877243042,0.0,-0.26073524355888367,1.1589702367782593,0.0
17.51,2.8158395290374756,-5.065051078796387,2.0,-0.26095470786094666,-2.0668370723724365,0.0,-0.26243412494659424,1.1634215116500854,0.0
17.52,2.813218832015991,-5.085660934448242,2.0,-0.26358675956726074,-2.055180549621582,0.0,-0.2641364336013794,1.1678413152694702,0.0
17.53,2.810568332672119,-5.106154441833496,2.0,-0.2662370800971985,-2.043480396270752,0.0,-0.2658403813838959,1.1722296476364136,0.0
17.54,2.807894229888916,-5.126530170440674,2.0,-0.26890334486961365,-2.031736135482788,0.0,-0.26754745841026306,1.1765865087509155,0.0
17.55,2.8051905632019043,-5.146788597106934,2.0,-0.27158790826797485,-2.019948959350586,0.0,-0.26925602555274963,1.180911660194397,0.0
17.56,2.802461624145508,-5.166930198669434,2.0,-0.27428901195526123,-2.008117437362671,0.0,-0.2709673345088959,1.1852055788040161,0.0
17.57,2.7997050285339355,-5.18695068359375,2.0,-0.27700698375701904,-1.9962449073791504,0.0,-0.2726803123950958,1.1894668340682983,0.0
17.580000000000002,2.796921730041504,-5.206854820251465,2.0,-0.2797424793243408,-1.9843283891677856,0.0,-0.2743956446647644,1.1936967372894287,0.0
17.59,2.7941107749938965,-5.22663688659668,2.0,-0.28249478340148926,-1.9723711013793945,0.0,-0.2761124074459076,1.1978939771652222,0.0
17.6,2.7912721633911133,-5.246301651000977,2.0,-0.2852645218372345,-1.9603705406188965,0.0,-0.2778313159942627,1.2020595073699951,0.0
17.61,2.7884044647216797,-5.26584529876709,2.0,-0.28805187344551086,-1.9483295679092407,0.0,-0.2795512080192566,1.2061926126480103,0.0
17.62,2.7855100631713867,-5.285266876220703,2.0,-0.2908558249473572,-1.936247706413269,0.0,-0.28127288818359375,1.210292935371399,0.0
17.63,2.782587766647339,-5.304570198059082,2.0,-0.2936771512031555,-1.9241236448287964,0.0,-0.28299635648727417,1.2143614292144775,0.0
17.64,2.779635429382324,-5.3237504959106445,2.0,-0.29651620984077454,-1.911960244178772,0.0,-0.2847205102443695,1.2183970212936401,0.0
17.650000000000002,2.776657819747925,-5.342808723449707,2.0,-0.2993714511394501,-1.8997559547424316,0.0,-0.286446750164032,1.2223999500274658,0.0
17.66,2.773648262023926,-5.361745357513428,2.0,-0.30224499106407166,-1.88751220703125,0.0,-0.28817319869995117,1.2263699769973755,0.0
17.67,2.770613431930542,-5.380558490753174,2.0,-0.3051346242427826,-1.8752286434173584,0.0,-0.2899014949798584,1.2303072214126587,0.0
17.68,2.767545700073242,-5.39924955368042,2.0,-0.3080427050590515,-1.8629062175750732,0.0,-0.291629821062088,1.2342113256454468,0.0
17.69,2.764451503753662,-5.417818069458008,2.0,-0.3109678030014038,-1.8505440950393677,0.0,-0.2933596074581146,1.2380828857421875,0.0
17.7,2.761327028274536,-5.436260223388672,2.0,-0.3139097988605499,-1.8381447792053223,0.0,-0.29508960247039795,1.2419204711914062,0.0
17.71,2.758173704147339,-5.454580307006836,2.0,-0.3168693780899048,-1.8257057666778564,0.0,-0.29682058095932007,1.2457255125045776,0.0
17.72,2.754990339279175,-5.472773551940918,2.0,-0.3198460638523102,-1.8132303953170776,0.0,-0.29855161905288696,1.249496579170227,0.0
17.73,2.7517752647399902,-5.490843772888184,2.0,-0.3228406310081482,-1.8007169961929321,0.0,-0.30028271675109863,1.2532343864440918,0.0
17.740000000000002,2.7485320568084717,-5.5087890625,2.0,-0.3258521556854248,-1.7881653308868408,0.0,-0.30201470851898193,1.2569389343261719,0.0
17.75,2.7452588081359863,-5.526607036590576,2.0,-0.32888081669807434,-1.7755783796310425,0.0,-0.30374646186828613,1.26060950756073,0.0
17.76,2.741955280303955,-5.544300079345703,2.0,-0.3319268822669983,-1.762953281402588,0.0,-0.30547860264778137,1.2642468214035034,0.0
17.77,2.7386209964752197,-5.56186580657959,2.0,-0.33499017357826233,-1.7502936124801636,0.0,-0.3072102963924408,1.2678498029708862,0.0
17.78,2.735255718231201,-5.579305648803711,2.0,-0.3380708694458008,-1.7375963926315308,0.0,-0.30894213914871216,1.2714192867279053,0.0
17.79,2.7318577766418457,-5.59661865234375,2.0,-0.34116941690444946,-1.7248647212982178,0.0,-0.3106729984283447,1.2749545574188232,0.0
17.8,2.728433132171631,-5.613802909851074,2.0,-0.34428420662879944,-1.712097406387329,0.0,-0.31240445375442505,1.2784558534622192,0.0
17.81,2.724972724914551,-5.630860328674316,2.0,-0.3474173843860626,-1.6992957592010498,0.0,-0.3141343593597412,1.2819230556488037,0.0
17.82,2.721485137939453,-5.6477885246276855,2.0,-0.3505668044090271,-1.6864591836929321,0.0,-0.31586459279060364,1.2853559255599976,0.0
17.830000000000002,2.7179617881774902,-5.664588928222656,2.0,-0.35373446345329285,-1.673588752746582,0.0,-0.3175930976867676,1.2887545824050903,0.0
17.84,2.714409112930298,-5.68126106262207,2.0,-0.35691919922828674,-1.6606837511062622,0.0,-0.31932151317596436,1.2921189069747925,0.0
17.85,2.7108240127563477,-5.697802543640137,2.0,-0.3601206839084625,-1.6477465629577637,0.0,-0.3210484981536865,1.2954484224319458,0.0
17.86,2.707205295562744,-5.71421480178833,2.0,-0.36334025859832764,-1.6347758769989014,0.0,-0.32277414202690125,1.298743724822998,0.0
17.87,2.7035577297210693,-5.730497360229492,2.0,-0.36657607555389404,-1.6217719316482544,0.0,-0.3244995176792145,1.3020042181015015,0.0
17.88,2.6998744010925293,-5.746650218963623,2.0,-0.36983007192611694,-1.6087359189987183,0.0,-0.32622265815734863,1.3052300214767456,0.0
17.89,2.696159839630127,-5.762673377990723,2.0,-0.37310099601745605,-1.595666766166687,0.0,-0.3279450535774231,1.3084214925765991,0.0
17.900000000000002,2.692412853240967,-5.778563499450684,2.0,-0.37638890743255615,-1.582567811012268,0.0,-0.32966557145118713,1.3115774393081665,0.0
17.91,2.6886327266693115,-5.794323921203613,2.0,-0.3796941041946411,-1.5694353580474854,0.0,-0.3313847780227661,1.3146990537643433,0.0
17.92,2.6848177909851074,-5.809952735900879,2.0,-0.3830168843269348,-1.5562732219696045,0.0,-0.33310163021087646,1.317785382270813,0.0
17.93,2.6809728145599365,-5.825448989868164,2.0,-0.386355996131897,-1.5430799722671509,0.0,-0.3348175585269928,1.3208366632461548,0.0
17.94,2.677091121673584,-5.840814590454102,2.0,-0.3897131085395813,-1.529856562614441,0.0,-0.33653056621551514,1.3238528966903687,0.0
17.95,2.6731789112091064,-5.856045722961426,2.0,-0.3930864632129669,-1.5166029930114746,0.0,-0.3382423520088196,1.3268338441848755,0.0
17.96,2.669229745864868,-5.871146202087402,2.0,-0.3964778482913971,-1.5033199787139893,0.0,-0.3399510681629181,1.3297795057296753,0.0
17.97,2.6652464866638184,-5.886112689971924,2.0,-0.3998861312866211,-1.4900081157684326,0.0,-0.3416575789451599,1.332689881324768,0.0
17.98,2.6612324714660645,-5.900945663452148,2.0,-0.4033106863498688,-1.4766665697097778,0.0,-0.3433625102043152,1.3355648517608643,0.0
17.990000000000002,2.6571803092956543,-5.915646076202393,2.0,-0.40675321221351624,-1.463296890258789,0.0,-0.3450639843940735,1.3384045362472534,0.0
18.0,2.6530978679656982,-5.930211067199707,2.0,-0.4102119207382202,-1.4498987197875977,0.0,-0.34676381945610046,1.3412084579467773,0.0
18.01,2.6489768028259277,-5.944643497467041,2.0,-0.4136883318424225,-1.4364728927612305,0.0,-0.348459929227829,1.3439768552780151,0.0
18.02,2.644822597503662,-5.95894193649292,2.0,-0.4171816408634186,-1.423018455505371,0.0,-0.35015377402305603,1.3467098474502563,0.0
18.03,2.6406335830688477,-5.973104000091553,2.0,-0.4206913411617279,-1.409538745880127,0.0,-0.35184431076049805,1.3494065999984741,0.0
18.04,2.6364095211029053,-5.9871320724487305,2.0,-0.4242182672023773,-1.3960304260253906,0.0,-0.35353216528892517,1.3520681858062744,0.0
18.05,2.6321499347686768,-6.001023769378662,2.0,-0.42776185274124146,-1.3824976682662964,0.0,-0.35521644353866577,1.3546934127807617,0.0
18.06,2.627854585647583,-6.014781951904297,2.0,-0.43132248520851135,-1.3689368963241577,0.0,-0.3568978011608124,1.357283115386963,0.0
18.07,2.6235220432281494,-6.0284037590026855,2.0,-0.43490004539489746,-1.355351448059082,0.0,-0.3585750162601471,1.3598369359970093,0.0
18.080000000000002,2.619155168533325,-6.041888236999512,2.0,-0.4384939968585968,-1.3417414426803589,0.0,-0.36024901270866394,1.3623543977737427,0.0
18.09,2.614752769470215,-6.055237770080566,2.0,-0.4421050250530243,-1.3281046152114868,0.0,-0.3619197905063629,1.3648362159729004,0.0
18.1,2.610313653945923,-6.068449974060059,2.0,-0.4457322955131531,-1.3144450187683105,0.0,-0.3635863661766052,1.3672815561294556,0.0
18.11,2.6058382987976074,-6.081526279449463,2.0,-0.44937652349472046,-1.3007590770721436,0.0,-0.3652494549751282,1.3696911334991455,0.0
18.12,2.6013247966766357,-6.094466209411621,2.0,-0.45303764939308167,-1.287050485610962,0.0,-0.36690789461135864,1.3720643520355225,0.0
18.13,2.596778392791748,-6.107267379760742,2.0,-0.4567146897315979,-1.2733180522918701,0.0,-0.3685632646083832,1.374401330947876,0.0
18.14,2.592190980911255,-6.119932174682617,2.0,-0.4604087173938751,-1.2595627307891846,0.0,-0.3702133893966675,1.3767019510269165,0.0
18.150000000000002,2.587568759918213,-6.13245964050293,2.0,-0.4641193151473999,-1.2457834482192993,0.0,-0.3718598484992981,1.3789665699005127,0.0
18.16,2.582909345626831,-6.144847393035889,2.0,-0.4678458571434021,-1.2319835424423218,0.0,-0.3735015392303467,1.3811942338943481,0.0
18.17,2.5782124996185303,-6.157098770141602,2.0,-0.4715891480445862,-1.2181596755981445,0.0,-0.3751390874385834,1.3833860158920288,0.0
18.18,2.5734782218933105,-6.169210433959961,2.0,-0.47534847259521484,-1.2043160200119019,0.0,-0.3767715394496918,1.3855409622192383,0.0
18.19,2.5687038898468018,-6.181184768676758,2.0,-0.4791245758533478,-1.1904501914978027,0.0,-0.37839892506599426,1.3876594305038452,0.0
18.2,2.563894033432007,-6.193020343780518,2.0,-0.48291686177253723,-1.1765621900558472,0.0,-0.38002216815948486,1.3897415399551392,0.0
18.21,2.5590460300445557,-6.204715728759766,2.0,-0.4867248237133026,-1.1626555919647217,0.0,-0.3816400468349457,1.391786813735962,0.0
18.22,2.5541603565216064,-6.216273307800293,2.0,-0.4905495047569275,-1.1487268209457397,0.0,-0.38325318694114685,1.3937957286834717,0.0
18.23,2.5492358207702637,-6.227689743041992,2.0,-0.49438971281051636,-1.134779930114746,0.0,-0.38486066460609436,1.3957676887512207,0.0
18.240000000000002,2.5442726612091064,-6.238968372344971,2.0,-0.49824658036231995,-1.1208114624023438,0.0,-0.3864631950855255,1.3977031707763672,0.0
18.25,2.539269208908081,-6.2501068115234375,2.0,-0.5021193027496338,-1.1068251132965088,0.0,-0.3880596458911896,1.3996018171310425,0.0
18.26,2.534230947494507,-6.261104583740234,2.0,-0.5060076713562012,-1.0928196907043457,0.0,-0.38965150713920593,1.4014636278152466,0.0
18.27,2.5291495323181152,-6.271962642669678,2.0,-0.509912371635437,-1.078796148300171,0.0,-0.3912367522716522,1.403288722038269,0.0
18.28,2.524033308029175,-6.282680511474609,2.0,-0.5138323307037354,-1.0647540092468262,0.0,-0.3928171992301941,1.4050768613815308,0.0
18.29,2.518873691558838,-6.293257713317871,2.0,-0.5177685022354126,-1.0506948232650757,0.0,-0.394390732049942,1.4068281650543213,0.0
18.3,2.51367449760437,-6.303694725036621,2.0,-0.5217205286026001,-1.0366179943084717,0.0,-0.3959583044052124,1.4085427522659302,0.0
18.31,2.508439779281616,-6.313989639282227,2.0,-0.525687575340271,-1.022524118423462,0.0,-0.3975208103656769,1.4102200269699097,0.0
18.32,2.5031614303588867,-6.3241448402404785,2.0,-0.5296707153320312,-1.0084139108657837,0.0,-0.399075984954834,1.4118608236312866,0.0
18.330000000000002,2.497847080230713,-6.334157943725586,2.0,-0.5336689949035645,-0.9942871332168579,0.0,-0.4006258547306061,1.413464069366455,0.0
18.34,2.4924886226654053,-6.344030380249023,2.0,-0.5376830101013184,-0.9801448583602905,0.0,-0.402168333530426,1.4150307178497314,0.0
18.35,2.4870917797088623,-6.353761672973633,2.0,-0.5417127013206482,-0.965985894203186,0.0,-0.4037049114704132,1.4165602922439575,0.0
18.36,2.4816551208496094,-6.363349437713623,2.0,-0.5457570552825928,-0.9518138766288757,0.0,-0.4052344560623169,1.4180526733398438,0.0
18.37,2.476177215576172,-6.372797966003418,2.0,-0.5498173832893372,-0.937624990940094,0.0,-0.40675756335258484,1.4195079803466797,0.0
18.38,2.4706571102142334,-6.382102966308594,2.0,-0.5538925528526306,-0.9234229922294617,0.0,-0.4082731306552887,1.4209263324737549,0.0
18.39,2.465099811553955,-6.391265869140625,2.0,-0.5579825639724731,-0.9092066884040833,0.0,-0.40978267788887024,1.4223072528839111,0.0
18.400000000000002,2.4594979286193848,-6.40028715133667,2.0,-0.562088131904602,-0.8949770927429199,0.0,-0.41128411889076233,1.4236513376235962,0.0
18.41,2.4538567066192627,-6.409165382385254,2.0,-0.5662081241607666,-0.8807349801063538,0.0,-0.41277867555618286,1.4249581098556519,0.0
18.42,2.448174238204956,-6.417901515960693,2.0,-0.5703436136245728,-0.8664780855178833,0.0,-0.4142662584781647,1.4262278079986572,0.0
18.43,2.442448616027832,-6.42649507522583,2.0,-0.5744937658309937,-0.8522098660469055,0.0,-0.41574570536613464,1.4274601936340332,0.0
18.44,2.436685085296631,-6.434945583343506,2.0,-0.5786584615707397,-0.8379291296005249,0.0,-0.4172186255455017,1.4286552667617798,0.0
18.45,2.430875778198242,-6.443253517150879,2.0,-0.5828380584716797,-0.8236368894577026,0.0,-0.41868287324905396,1.4298133850097656,0.0
18.46,2.4250288009643555,-6.451417922973633,2.0,-0.5870319604873657,-0.809333086013794,0.0,-0.4201403260231018,1.430933952331543,0.0
18.47,2.419135808944702,-6.459439754486084,2.0,-0.5912407636642456,-0.7950184345245361,0.0,-0.4215889573097229,1.4320175647735596,0.0
18.48,2.4132022857666016,-6.467319011688232,2.0,-0.5954641103744507,-0.7806921005249023,0.0,-0.42303019762039185,1.4330638647079468,0.0
18.490000000000002,2.407227039337158,-6.475053787231445,2.0,-0.5997011661529541,-0.766357421875,0.0,-0.42446306347846985,1.434072732925415,0.0
18.5,2.4012088775634766,-6.4826459884643555,2.0,-0.6039533019065857,-0.7520108222961426,0.0,-0.4258880317211151,1.4350444078445435,0.0
18.51,2.395148515701294,-6.49009370803833,2.0,-0.608218789100647,-0.7376567125320435,0.0,-0.42730435729026794,1.4359787702560425,0.0
18.52,2.389045238494873,-6.497398853302002,2.0,-0.6124992370605469,-0.7232914566993713,0.0,-0.4287125766277313,1.4368759393692017,0.0
18.53,2.382897138595581,-6.504560470581055,2.0,-0.6167935132980347,-0.708918571472168,0.0,-0.4301116168498993,1.4377357959747314,0.0
18.54,2.3767082691192627,-6.511577129364014,2.0,-0.6211012005805969,-0.6945381164550781,0.0,-0.4315023422241211,1.4385583400726318,0.0
18.55,2.3704757690429688,-6.518450736999512,2.0,-0.6254234313964844,-0.6801475882530212,0.0,-0.43288469314575195,1.4393435716629028,0.0
18.56,2.3642001152038574,-6.525179862976074,2.0,-0.6297588348388672,-0.6657513976097107,0.0,-0.43425777554512024,1.4400913715362549,0.0
18.57,2.3578810691833496,-6.531765460968018,2.0,-0.6341084837913513,-0.65134596824646,0.0,-0.43562230467796326,1.4408020973205566,0.0
18.580000000000002,2.3515162467956543,-6.538207530975342,2.0,-0.6384714841842651,-0.6369346976280212,0.0,-0.43697699904441833,1.4414756298065186,0.0
18.59,2.3451120853424072,-6.544503688812256,2.0,-0.6428478360176086,-0.6225166916847229,0.0,-0.43832361698150635,1.4421114921569824,0.0
18.6,2.3386600017547607,-6.550657272338867,2.0,-0.6472377777099609,-0.6080926656723022,0.0,-0.4396599233150482,1.442710280418396,0.0
18.61,2.3321681022644043,-6.556665420532227,2.0,-0.6516408920288086,-0.5936627388000488,0.0,-0.44098782539367676,1.4432716369628906,0.0
18.62,2.3256278038024902,-6.562530517578125,2.0,-0.6560575366020203,-0.5792274475097656,0.0,-0.44230520725250244,1.4437960386276245,0.0
18.63,2.319045305252075,-6.56825065612793,2.0,-0.6604873538017273,-0.5647860765457153,0.0,-0.4436137080192566,1.4442826509475708,0.0
18.64,2.3124186992645264,-6.573825836181641,2.0,-0.6649297475814819,-0.5503420233726501,0.0,-0.4449121057987213,1.444732427597046,0.0
18.650000000000002,2.3057453632354736,-6.579257965087891,2.0,-0.6693854331970215,-0.5358927845954895,0.0,-0.4462003707885742,1.445144772529602,0.0
18.66,2.2990293502807617,-6.584544658660889,2.0,-0.6738540530204773,-0.5214384198188782,0.0,-0.44747939705848694,1.445520043373108,0.0
18.67,2.292268991470337,-6.589686393737793,2.0,-0.6783348917961121,-0.506982684135437,0.0,-0.44874805212020874,1.4458578824996948,0.0
18.68,2.285463333129883,-6.59468412399292,2.0,-0.6828288435935974,-0.4925215542316437,0.0,-0.4500068724155426,1.4461584091186523,0.0
18.69,2.2786130905151367,-6.599536418914795,2.0,-0.6873348355293274,-0.47805970907211304,0.0,-0.451255202293396,1.4464218616485596,0.0
18.7,2.2717173099517822,-6.604244709014893,2.0,-0.6918538212776184,-0.46359339356422424,0.0,-0.45249348878860474,1.4466480016708374,0.0
18.71,2.2647743225097656,-6.608808517456055,2.0,-0.6963850259780884,-0.4491260349750519,0.0,-0.45372065901756287,1.446837306022644,0.0
18.72,2.2577900886535645,-6.613226890563965,2.0,-0.7009282112121582,-0.4346567690372467,0.0,-0.45493829250335693,1.4469889402389526,0.0
18.73,2.2507565021514893,-6.617502212524414,2.0,-0.7054836750030518,-0.42018648982048035,0.0,-0.4561443030834198,1.44710373878479,0.0
18.740000000000002,2.243680953979492,-6.621630668640137,2.0,-0.7100510001182556,-0.4057149291038513,0.0,-0.4573405086994171,1.4471813440322876,0.0
18.75,2.236555814743042,-6.62561559677124,2.0,-0.7146303653717041,-0.3912430703639984,0.0,-0.45852479338645935,1.4472218751907349,0.0
18.76,2.2293848991394043,-6.629456520080566,2.0,-0.7192214131355286,-0.376770943403244,0.0,-0.4596982002258301,1.4472253322601318,0.0
18.77,2.222172260284424,-6.633151054382324,2.0,-0.7238242626190186,-0.36229878664016724,0.0,-0.46086159348487854,1.4471914768218994,0.0
18.78,2.214909076690674,-6.636702537536621,2.0,-0.7284386157989502,-0.34782734513282776,0.0,-0.46201273798942566,1.4471209049224854,0.0
18.79,2.207603931427002,-6.640107154846191,2.0,-0.7330644130706787,-0.3333566188812256,0.0,-0.4631536602973938,1.4470129013061523,0.0
18.8,2.2002484798431396,-6.643369674682617,2.0,-0.7377016544342041,-0.3188873529434204,0.0,-0.46428221464157104,1.4468684196472168,0.0
18.81,2.1928482055664062,-6.646485805511475,2.0,-0.7423503398895264,-0.30441850423812866,0.0,-0.4653998911380768,1.4466866254806519,0.0
18.82,2.1854021549224854,-6.6494574546813965,2.0,-0.7470094561576843,-0.2899537682533264,0.0,-0.466505765914917,1.4464678764343262,0.0
18.830000000000002,2.1779086589813232,-6.652284622192383,2.0,-0.7516803741455078,-0.2754894196987152,0.0,-0.4676001965999603,1.4462122917175293,0.0
18.84,2.1703689098358154,-6.654966831207275,2.0,-0.7563613653182983,-0.26102977991104126,0.0,-0.4686826169490814,1.4459199905395508,0.0
18.85,2.1627821922302246,-6.657505035400391,2.0,-0.7610539793968201,-0.24657119810581207,0.0,-0.4697534739971161,1.4455904960632324,0.0
18.86,2.155146360397339,-6.6598992347717285,2.0,-0.7657566666603088,-0.23211731016635895,0.0,-0.4708116948604584,1.445224404335022,0.0
18.87,2.147465705871582,-6.662147521972656,2.0,-0.7704696655273438,-0.2176680713891983,0.0,-0.4718581736087799,1.4448217153549194,0.0
18.88,2.139737606048584,-6.664252281188965,2.0,-0.7751939296722412,-0.20322108268737793,0.0,-0.4728928804397583,1.444381833076477,0.0
18.89,2.131960153579712,-6.666212558746338,2.0,-0.7799278497695923,-0.18877974152565002,0.0,-0.4739145040512085,1.4439054727554321,0.0
18.900000000000002,2.1241395473480225,-6.668027400970459,2.0,-0.7846721410751343,-0.17434319853782654,0.0,-0.4749249219894409,1.443392276763916,0.0
18.91,2.116267204284668,-6.669699668884277,2.0,-0.7894262075424194,-0.1599120944738388,0.0,-0.47592177987098694,1.442842721939087,0.0
18.92,2.108351707458496,-6.671225547790527,2.0,-0.7941904067993164,-0.14548656344413757,0.0,-0.4769071340560913,1.442255973815918,0.0
18.93,2.10038423538208,-6.672608375549316,2.0,-0.7989643216133118,-0.1310671865940094,0.0,-0.47787877917289734,1.4416332244873047,0.0
18.94,2.0923707485198975,-6.673847675323486,2.0,-0.8037483096122742,-0.116653211414814,0.0,-0.47883835434913635,1.4409738779067993,0.0
18.95,2.0843095779418945,-6.6749420166015625,2.0,-0.808540940284729,-0.10224796086549759,0.0,-0.47978475689888,1.4402779340744019,0.0
18.96,2.076200485229492,-6.675891876220703,2.0,-0.8133438229560852,-0.08784782141447067,0.0,-0.48071855306625366,1.4395453929901123,0.0
18.97,2.0680437088012695,-6.676698684692383,2.0,-0.8181552290916443,-0.073457270860672,0.0,-0.48163902759552,1.4387766122817993,0.0
18.98,2.0598361492156982,-6.677361965179443,2.0,-0.8229761719703674,-0.05907358229160309,0.0,-0.48254597187042236,1.4379717111587524,0.0
18.990000000000002,2.0515823364257812,-6.67788028717041,2.0,-0.8278064727783203,-0.04469715431332588,0.0,-0.4834403395652771,1.4371302127838135,0.0
19.0,2.043280601501465,-6.678255558013916,2.0,-0.8326448202133179,-0.030331207439303398,0.0,-0.48432114720344543,1.436252474784851,0.0
19.01,2.0349299907684326,-6.6784868240356445,2.0,-0.8374927639961243,-0.01597234047949314,0.0,-0.4851888120174408,1.4353383779525757,0.0
19.02,2.026531457901001,-6.678575038909912,2.0,-0.8423485159873962,-0.0016247035237029195,0.0,-0.48604264855384827,1.4343883991241455,0.0
19.03,2.0180835723876953,-6.678519248962402,2.0,-0.8472135066986084,0.012715209275484085,0.0,-0.4868831932544708,1.4334019422531128,0.0
19.04,2.009585380554199,-6.678321361541748,2.0,-0.8520864844322205,0.02704407088458538,0.0,-0.4877094030380249,1.4323798418045044,0.0
19.05,2.001042604446411,-6.677978515625,2.0,-0.8569678068161011,0.04136256128549576,0.0,-0.4885227680206299,1.431321382522583,0.0
19.06,1.9924468994140625,-6.677493572235107,2.0,-0.8618568181991577,0.055670250207185745,0.0,-0.4893212914466858,1.4302271604537964,0.0
19.07,1.9838061332702637,-6.6768646240234375,2.0,-0.8667541146278381,0.0699668899178505,0.0,-0.49010685086250305,1.4290968179702759,0.0
19.080000000000002,1.9751123189926147,-6.676094055175781,2.0,-0.8716588616371155,0.08425197750329971,0.0,-0.4908773899078369,1.4279308319091797,0.0
19.09,1.9663712978363037,-6.675179481506348,2.0,-0.8765718340873718,0.09852619469165802,0.0,-0.491634339094162,1.4267289638519287,0.0
19.1,1.9575815200805664,-6.674123287200928,2.0,-0.8814916014671326,0.11278628557920456,0.0,-0.4923768639564514,1.425491452217102,0.0
19.11,1.9487402439117432,-6.672924995422363,2.0,-0.8864187002182007,0.12703478336334229,0.0,-0.4931046664714813,1.4242184162139893,0.0
19.12,1.9398539066314697,-6.6715826988220215,2.0,-0.8913535475730896,0.14127041399478912,0.0,-0.4938190281391144,1.4229092597961426,0.0
19.13,1.9309139251708984,-6.670099258422852,2.0,-0.8962950706481934,0.15549278259277344,0.0,-0.4945179224014282,1.4215648174285889,0.0
19.14,1.9219262599945068,-6.668473243713379,2.0,-0.9012441039085388,0.169702410697937,0.0,-0.49520280957221985,1.420184850692749,0.0
19.150000000000002,1.9128895998001099,-6.666705131530762,2.0,-0.9061990976333618,0.18389618396759033,0.0,-0.49587273597717285,1.4187694787979126,0.0
19.16,1.9038028717041016,-6.664795398712158,2.0,-0.9111616015434265,0.19807760417461395,0.0,-0.4965282380580902,1.41731858253479,0.0
19.17,1.8946647644042969,-6.662744045257568,2.0,-0.9161298274993896,0.21224327385425568,0.0,-0.49716824293136597,1.415832757949829,0.0
19.18,1.8854808807373047,-6.660550117492676,2.0,-0.9211047887802124,0.22639401257038116,0.0,-0.4977942407131195,1.4143110513687134,0.0
19.19,1.876243233680725,-6.6582159996032715,2.0,-0.9260857105255127,0.24052928388118744,0.0,-0.49840423464775085,1.412754774093628,0.0
19.2,1.866959810256958,-6.655738830566406,2.0,-0.9310728907585144,0.2546488642692566,0.0,-0.4990001618862152,1.4111629724502563,0.0
19.21,1.8576223850250244,-6.653122901916504,2.0,-0.936065673828125,0.2687522768974304,0.0,-0.49957984685897827,1.4095364809036255,0.0
19.22,1.8482351303100586,-6.650365829467773,2.0,-0.9410640001296997,0.2828393578529358,0.0,-0.5001443028450012,1.4078750610351562,0.0
19.23,1.8388018608093262,-6.64746618270874,2.0,-0.9460684657096863,0.2969096004962921,0.0,-0.5006943941116333,1.40617835521698,0.0
19.240000000000002,1.8293143510818481,-6.644427299499512,2.0,-0.9510779976844788,0.3109626770019531,0.0,-0.5012279748916626,1.4044469594955444,0.0
19.25,1.8197808265686035,-6.641246318817139,2.0,-0.9560929536819458,0.32499825954437256,0.0,-0.5017470717430115,1.4026806354522705,0.0
19.26,1.8101931810379028,-6.637927055358887,2.0,-0.9611128568649292,0.3390160799026489,0.0,-0.5022495985031128,1.400879979133606,0.0
19.27,1.8005568981170654,-6.634466171264648,2.0,-0.9661381840705872,0.35301658511161804,0.0,-0.5027369856834412,1.3990445137023926,0.0
19.28,1.790871024131775,-6.630866527557373,2.0,-0.9711675047874451,0.3669966459274292,0.0,-0.5032083988189697,1.3971747159957886,0.0
19.29,1.7811341285705566,-6.627126216888428,2.0,-0.9762022495269775,0.38095980882644653,0.0,-0.5036641955375671,1.3952699899673462,0.0
19.3,1.7713476419448853,-6.623247146606445,2.0,-0.9812408089637756,0.3949018716812134,0.0,-0.5041038393974304,1.3933312892913818,0.0
19.31,1.761509895324707,-6.619228363037109,2.0,-0.9862843155860901,0.40882620215415955,0.0,-0.5045276284217834,1.3913580179214478,0.0
19.32,1.7516202926635742,-6.6150712966918945,2.0,-0.9913313984870911,0.4227297604084015,0.0,-0.5049348473548889,1.3893508911132812,0.0
19.330000000000002,1.7416822910308838,-6.610774993896484,2.0,-0.9963822960853577,0.43661201000213623,0.0,-0.5053261518478394,1.3873095512390137,0.0
19.34,1.7316932678222656,-6.606338977813721,2.0,-1.001438021659851,0.45047569274902344,0.0,-0.5057015419006348,1.3852338790893555,0.0
19.35,1.7216541767120361,-6.601765155792236,2.0,-1.0064963102340698,0.4643165171146393,0.0,-0.5060603618621826,1.3831244707107544,0.0
19.36,1.7115639448165894,-6.597052574157715,2.0,-1.011559009552002,0.47813794016838074,0.0,-0.5064029693603516,1.3809808492660522,0.0
19.37,1.7014213800430298,-6.592202663421631,2.0,-1.0166245698928833,0.4919368326663971,0.0,-0.5067285299301147,1.3788038492202759,0.0
19.38,1.6912319660186768,-6.587213516235352,2.0,-1.0216937065124512,0.505713701248169,0.0,-0.5070384740829468,1.3765926361083984,0.0
19.39,1.680988073348999,-6.582087993621826,2.0,-1.02676522731781,0.5194684267044067,0.0,-0.5073308348655701,1.3743481636047363,0.0
19.400000000000002,1.6706950664520264,-6.576824188232422,2.0,-1.031840443611145,0.5332014560699463,0.0,-0.507607102394104,1.3720698356628418,0.0
19.41,1.6603519916534424,-6.57142448425293,2.0,-1.0369173288345337,0.5469096302986145,0.0,-0.5078664422035217,1.3697584867477417,0.0
19.42,1.649957299232483,-6.5658860206604,2.0,-1.0419977903366089,0.5605963468551636,0.0,-0.5081090331077576,1.3674131631851196,0.0
19.43,1.6395126581192017,-6.560212135314941,2.0,-1.0470795631408691,0.5742576718330383,0.0,-0.5083345770835876,1.3650351762771606,0.0
19.44,1.6290148496627808,-6.5544023513793945,2.0,-1.0521637201309204,0.587895929813385,0.0,-0.5085427761077881,1.3626238107681274,0.0
19.45,1.6184675693511963,-6.548454761505127,2.0,-1.0572504997253418,0.601510763168335,0.0,-0.508734405040741,1.36017906665802,0.0
19.46,1.60787034034729,-6.54237174987793,2.0,-1.0623382329940796,0.6150991916656494,0.0,-0.508908748626709,1.3577016592025757,0.0
19.47,1.5972214937210083,-6.536152362823486,2.0,-1.067428708076477,0.6286646127700806,0.0,-0.509066104888916,1.3551908731460571,0.0
19.48,1.5865225791931152,-6.5297980308532715,2.0,-1.0725196599960327,0.6422028541564941,0.0,-0.5092059969902039,1.3526477813720703,0.0
19.490000000000002,1.5757718086242676,-6.523308277130127,2.0,-1.0776127576828003,0.6557173132896423,0.0,-0.5093286633491516,1.3500714302062988,0.0
19.5,1.5649685859680176,-6.516684055328369,2.0,-1.0827062129974365,0.6692049503326416,0.0,-0.5094334483146667,1.3474630117416382,0.0
19.51,1.554118275642395,-6.509923934936523,2.0,-1.0878013372421265,0.6826663613319397,0.0,-0.5095216631889343,1.344821572303772,0.0
19.52,1.543213129043579,-6.503030776977539,2.0,-1.0928966999053955,0.696101188659668,0.0,-0.5095914006233215,1.3421480655670166,0.0
19.53,1.5322610139846802,-6.496002197265625,2.0,-1.09799325466156,0.7095091342926025,0.0,-0.5096444487571716,1.3394418954849243,0.0
19.54,1.5212539434432983,-6.4888410568237305,2.0,-1.1030895709991455,0.7228898406028748,0.0,-0.5096789002418518,1.336703896522522,0.0
19.55,1.5101959705352783,-6.481545448303223,2.0,-1.1081860065460205,0.736242949962616,0.0,-0.5096955895423889,1.333933711051941,0.0
19.56,1.4990907907485962,-6.47411584854126,2.0,-1.1132835149765015,0.7495682239532471,0.0,-0.5096954703330994,1.3311312198638916,0.0
19.57,1.4879308938980103,-6.466554164886475,2.0,-1.1183801889419556,0.762865424156189,0.0,-0.5096765160560608,1.3282970190048218,0.0
19.580000000000002,1.4767239093780518,-6.458858489990234,2.0,-1.1234771013259888,0.7761338949203491,0.0,-0.5096405148506165,1.3254306316375732,0.0
19.59,1.4654620885849,-6.451031684875488,2.0,-1.128572940826416,0.7893738150596619,0.0,-0.5095856785774231,1.3225330114364624,0.0
19.6,1.454150676727295,-6.443070888519287,2.0,-1.1336687803268433,0.8025853037834167,0.0,-0.5095131993293762,1.3196033239364624,0.0
19.61,1.4427893161773682,-6.4349799156188965,2.0,-1.1387629508972168,0.8157655596733093,0.0,-0.5094226002693176,1.3166426420211792,0.0
19.62,1.4313759803771973,-6.426755428314209,2.0,-1.1438572406768799,0.828917920589447,0.0,-0.5093138217926025,1.3136498928070068,0.0
19.63,1.4199104309082031,-6.41840124130249,2.0,-1.1489495038986206,0.8420392870903015,0.0,-0.5091863870620728,1.3106266260147095,0.0
19.64,1.4083976745605469,-6.409914970397949,2.0,-1.154041051864624,0.8551301956176758,0.0,-0.5090414881706238,1.3075714111328125,0.0
19.650000000000002,1.3968302011489868,-6.401298522949219,2.0,-1.1591302156448364,0.8681904673576355,0.0,-0.5088773965835571,1.30448579788208,0.0
19.66,1.3852143287658691,-6.392552375793457,2.0,-1.1642177104949951,0.8812188506126404,0.0,-0.5086951851844788,1.301369071006775,0.0
19.67,1.3735464811325073,-6.383674621582031,2.0,-1.1693042516708374,0.8942176103591919,0.0,-0.5084947347640991,1.2982211112976074,0.0
19.68,1.3618265390396118,-6.374668121337891,2.0,-1.1743876934051514,0.9071840047836304,0.0,-0.5082751512527466,1.295042872428894,0.0
19.69,1.3500595092773438,-6.365530490875244,2.0,-1.1794695854187012,0.9201182723045349,0.0,-0.5080379247665405,1.291833519935608,0.0
19.7,1.3382377624511719,-6.356265544891357,2.0,-1.1845483779907227,0.9330204129219055,0.0,-0.5077811479568481,1.2885942459106445,0.0
19.71,1.326369047164917,-6.346870422363281,2.0,-1.1896253824234009,0.9458898305892944,0.0,-0.5075065493583679,1.2853238582611084,0.0
19.72,1.314445972442627,-6.337347507476807,2.0,-1.194698452949524,0.958726704120636,0.0,-0.5072124004364014,1.2820239067077637,0.0
19.73,1.3024733066558838,-6.327695369720459,2.0,-1.1997694969177246,0.9715310335159302,0.0,-0.5068997740745544,1.2786930799484253,0.0
19.740000000000002,1.290451169013977,-6.317917346954346,2.0,-1.2048366069793701,0.9843003153800964,0.0,-0.5065683722496033,1.2753328084945679,0.0
19.75,1.2783772945404053,-6.308009624481201,2.0,-1.2099008560180664,0.9970374703407288,0.0,-0.5062180757522583,1.271942138671875,0.0
19.76,1.2662537097930908,-6.297976493835449,2.0,-1.2149609327316284,1.0097389221191406,0.0,-0.5058486461639404,1.2685221433639526,0.0
19.77,1.2540786266326904,-6.287814617156982,2.0,-1.2200180292129517,1.0224076509475708,0.0,-0.5054604411125183,1.265071988105774,0.0
19.78,1.2418516874313354,-6.277527809143066,2.0,-1.2250699996948242,1.035041093826294,0.0,-0.5050525665283203,1.2615928649902344,0.0
19.79,1.2295767068862915,-6.267115592956543,2.0,-1.2301180362701416,1.0476386547088623,0.0,-0.5046261548995972,1.2580841779708862,0.0
19.8,1.2172499895095825,-6.256575584411621,2.0,-1.235162615776062,1.0602024793624878,0.0,-0.5041804909706116,1.2545456886291504,0.0
19.81,1.204874038696289,-6.245911598205566,2.0,-1.240201711654663,1.072729229927063,0.0,-0.5037156343460083,1.2509785890579224,0.0
19.82,1.1924465894699097,-6.23512077331543,2.0,-1.245236873626709,1.085221767425537,0.0,-0.5032315850257874,1.2473816871643066,0.0
19.830000000000002,1.1799676418304443,-6.224206924438477,2.0,-1.2502663135528564,1.0976775884628296,0.0,-0.502727746963501,1.2437564134597778,0.0
19.84,1.1674418449401855,-6.213167190551758,2.0,-1.2552915811538696,1.1100966930389404,0.0,-0.5022054314613342,1.240101933479309,0.0
19.85,1.154862403869629,-6.202004909515381,2.0,-1.260310411453247,1.1224794387817383,0.0,-0.5016629099845886,1.2364190816879272,0.0
19.86,1.142236351966858,-6.190717697143555,2.0,-1.2653249502182007,1.1348249912261963,0.0,-0.5011017322540283,1.2327073812484741,0.0
19.87,1.1295565366744995,-6.1793084144592285,2.0,-1.2703325748443604,1.1471333503723145,0.0,-0.5005202293395996,1.2289676666259766,0.0
19.88,1.1168279647827148,-6.1677751541137695,2.0,-1.2753353118896484,1.1594048738479614,0.0,-0.49991971254348755,1.2251989841461182,0.0
19.89,1.1040503978729248,-6.156120300292969,2.0,-1.280331015586853,1.1716370582580566,0.0,-0.4992995262145996,1.2214027643203735,0.0
19.900000000000002,1.091220736503601,-6.144343852996826,2.0,-1.2853202819824219,1.183832049369812,0.0,-0.4986594021320343,1.2175785303115845,0.0
19.91,1.0783424377441406,-6.132443904876709,2.0,-1.290304183959961,1.1959893703460693,0.0,-0.49800005555152893,1.2137258052825928,0.0
19.92,1.065415382385254,-6.120424270629883,2.0,-1.2952804565429688,1.208106279373169,0.0,-0.4973209798336029,1.209845781326294,0.0
19.93,1.0524373054504395,-6.10828161239624,2.0,-1.30025053024292,1.2201859951019287,0.0,-0.49662214517593384,1.2059375047683716,0.0
19.94,1.0394108295440674,-6.096020698547363,2.0,-1.3052129745483398,1.232224941253662,0.0,-0.4959036111831665,1.2020024061203003,0.0
19.95,1.0263338088989258,-6.083637237548828,2.0,-1.3101686239242554,1.2442258596420288,0.0,-0.49516525864601135,1.198039174079895,0.0
19.96,1.0132057666778564,-6.071135520935059,2.0,-1.3151161670684814,1.2561863660812378,0.0,-0.49440667033195496,1.1940494775772095,0.0
19.97,1.0000319480895996,-6.058513641357422,2.0,-1.3200569152832031,1.2681065797805786,0.0,-0.49362900853157043,1.190031886100769,0.0
19.98,0.9868053793907166,-6.045773506164551,2.0,-1.3249887228012085,1.27998685836792,0.0,-0.49283063411712646,1.1859880685806274,0.0
19.990000000000002,0.9735328555107117,-6.032913684844971,2.0,-1.3299134969711304,1.2918260097503662,0.0,-0.4920130968093872,1.1819167137145996,0.0
