time,px,py,pz,vx,vy,vz,ax,ay,az
0.0,7.0,0.0,2.0,-0.0,-0.5333333015441895,0.0,-0.6755555868148804,-0.0,0.0
0.01,6.999965667724609,-0.0053333379328250885,2.0,-0.006755542941391468,-0.5333349108695984,0.0,-0.6755517721176147,-0.0003318495873827487,0.0
0.02,6.9998650550842285,-0.010666711255908012,2.0,-0.013511008583009243,-0.5333399176597595,0.0,-0.6755402088165283,-0.0006636853213422,0.0
0.03,6.999695777893066,-0.01600014977157116,2.0,-0.020266322419047356,-0.5333482623100281,0.0,-0.6755211353302002,-0.0009954938432201743,0.0
0.04,6.999459743499756,-0.021333683282136917,2.0,-0.027021408081054688,-0.5333598852157593,0.0,-0.675494372844696,-0.0013272613286972046,0.0
0.05,6.999155521392822,-0.026667363941669464,2.0,-0.0337761826813221,-0.5333748459815979,0.0,-0.6754599809646606,-0.0016589724691584706,0.0
0.06,6.998784065246582,-0.032001201063394547,2.0,-0.04053058102726936,-0.5333930850028992,0.0,-0.6754179000854492,-0.0019906156230717897,0.0
0.07,6.998344898223877,-0.03733522444963455,2.0,-0.04728451743721962,-0.5334145426750183,0.0,-0.6753681898117065,-0.002322177868336439,0.0
0.08,6.997838497161865,-0.04266948997974396,2.0,-0.0540379174053669,-0.5334393978118896,0.0,-0.6753107905387878,-0.002653642790392041,0.0
0.09,6.9972639083862305,-0.04800403118133545,2.0,-0.06079070642590523,-0.5334676504135132,0.0,-0.6752458214759827,-0.002984996885061264,0.0
0.1,6.996622562408447,-0.05333886295557022,2.0,-0.06754281371831894,-0.5334991812705994,0.0,-0.6751731634140015,-0.0033162282779812813,0.0
0.11,6.995913505554199,-0.058674030005931854,2.0,-0.07429414242506027,-0.533534049987793,0.0,-0.6750929355621338,-0.0036473225336521864,0.0
0.12,6.995136737823486,-0.06400955468416214,2.0,-0.08104464411735535,-0.5335721969604492,0.0,-0.6750049591064453,-0.0039782654494047165,0.0
0.13,6.994292259216309,-0.06934545934200287,2.0,-0.0877942144870758,-0.5336136221885681,0.0,-0.6749093532562256,-0.004309045150876045,0.0
0.14,6.993380546569824,-0.0746818333864212,2.0,-0.09454280138015747,-0.5336583256721497,0.0,-0.6748061776161194,-0.004639644641429186,0.0
0.15,6.992401123046875,-0.08001866191625595,2.0,-0.10129030793905258,-0.5337063670158386,0.0,-0.6746952533721924,-0.004970050882548094,0.0
0.16,6.991354942321777,-0.0853559672832489,2.0,-0.10803668946027756,-0.5337576866149902,0.0,-0.6745768785476685,-0.005300254561007023,0.0
0.17,6.990241050720215,-0.09069380164146423,2.0,-0.11478183418512344,-0.5338123440742493,0.0,-0.674450695514679,-0.0056302365846931934,0.0
0.18,6.989058971405029,-0.09603224694728851,2.0,-0.12152566760778427,-0.5338703393936157,0.0,-0.674316942691803,-0.005959982518106699,0.0
0.19,6.9878106117248535,-0.10137125849723816,2.0,-0.12826815247535706,-0.5339314937591553,0.0,-0.6741755604743958,-0.006289484445005655,0.0
0.2,6.986494064331055,-0.10671091079711914,2.0,-0.13500915467739105,-0.5339961647987366,0.0,-0.6740265488624573,-0.006618725135922432,0.0
0.21,6.985109806060791,-0.11205117404460907,2.0,-0.14174865186214447,-0.5340638756752014,0.0,-0.6738699078559875,-0.006947692483663559,0.0
0.22,6.983658790588379,-0.1173921525478363,2.0,-0.14848653972148895,-0.5341350436210632,0.0,-0.6737055778503418,-0.007276372518390417,0.0
0.23,6.98214054107666,-0.12273390591144562,2.0,-0.15522272884845734,-0.5342094898223877,0.0,-0.6735336780548096,-0.007604746613651514,0.0
0.24,6.980554580688477,-0.12807637453079224,2.0,-0.16195718944072723,-0.53428715467453,0.0,-0.6733541488647461,-0.007932811044156551,0.0
0.25,6.978901386260986,-0.13341964781284332,2.0,-0.1686898022890091,-0.5343681573867798,0.0,-0.6731671094894409,-0.008260543458163738,0.0
0.26,6.977180480957031,-0.13876371085643768,2.0,-0.17542050778865814,-0.5344523787498474,0.0,-0.6729722619056702,-0.008587935008108616,0.0
0.27,6.9753923416137695,-0.14410868287086487,2.0,-0.18214921653270721,-0.5345398783683777,0.0,-0.6727699041366577,-0.008914966136217117,0.0
0.28,6.973537921905518,-0.1494545340538025,2.0,-0.18887586891651154,-0.5346306562423706,0.0,-0.6725599765777588,-0.009241631254553795,0.0
0.29,6.971615314483643,-0.15480129420757294,2.0,-0.19560037553310394,-0.5347246527671814,0.0,-0.6723423600196838,-0.009567908942699432,0.0
0.3,6.969625473022461,-0.16014903783798218,2.0,-0.20232267677783966,-0.5348219275474548,0.0,-0.6721171140670776,-0.009893791750073433,0.0
0.31,6.967569351196289,-0.1654977798461914,2.0,-0.20904269814491272,-0.5349225997924805,0.0,-0.6718843579292297,-0.010219261050224304,0.0
0.32,6.965445041656494,-0.17084750533103943,2.0,-0.21576035022735596,-0.5350264310836792,0.0,-0.6716439723968506,-0.010544312186539173,0.0
0.33,6.963253498077393,-0.1761983036994934,2.0,-0.2224755734205246,-0.535133421421051,0.0,-0.6713959574699402,-0.01086891908198595,0.0
0.34,6.960995674133301,-0.18155017495155334,2.0,-0.2291882485151291,-0.5352437496185303,0.0,-0.6711403727531433,-0.011193079873919487,0.0
0.35000000000000003,6.958670139312744,-0.1869032084941864,2.0,-0.23589836061000824,-0.5353572964668274,0.0,-0.67087721824646,-0.011516768485307693,0.0
0.36,6.956277847290039,-0.1922573745250702,2.0,-0.2426057606935501,-0.5354741215705872,0.0,-0.6706063747406006,-0.011839981190860271,0.0
0.37,6.953817844390869,-0.1976127028465271,2.0,-0.2493104487657547,-0.5355941653251648,0.0,-0.6703280210494995,-0.012162704020738602,0.0
0.38,6.951291084289551,-0.2029692828655243,2.0,-0.25601229071617126,-0.5357174277305603,0.0,-0.670042097568512,-0.012484912760555744,0.0
0.39,6.948697566986084,-0.208327054977417,2.0,-0.2627112567424774,-0.5358437895774841,0.0,-0.6697485446929932,-0.012806611135601997,0.0
0.4,6.9460368156433105,-0.21368616819381714,2.0,-0.2694072425365448,-0.5359734892845154,0.0,-0.6694474816322327,-0.013127774931490421,0.0
0.41000000000000003,6.943309307098389,-0.21904656291007996,2.0,-0.276100218296051,-0.5361063480377197,0.0,-0.6691388487815857,-0.01344839297235012,0.0
0.42,6.940515041351318,-0.22440826892852783,2.0,-0.28279000520706177,-0.5362424850463867,0.0,-0.6688226461410522,-0.013768448494374752,0.0
0.43,6.9376540184021,-0.22977137565612793,2.0,-0.289476603269577,-0.5363817811012268,0.0,-0.6684988141059875,-0.014087934046983719,0.0
0.44,6.934725284576416,-0.23513588309288025,2.0,-0.296159952878952,-0.5365241765975952,0.0,-0.6681674718856812,-0.014406823553144932,0.0
0.45,6.931730270385742,-0.24050188064575195,2.0,-0.3028399646282196,-0.536669909954071,0.0,-0.6678286790847778,-0.014725127257406712,0.0
0.46,6.928668975830078,-0.24586930871009827,2.0,-0.3095164895057678,-0.5368186831474304,0.0,-0.6674821376800537,-0.015042800456285477,0.0
0.47000000000000003,6.925539970397949,-0.2512383460998535,2.0,-0.31618958711624146,-0.5369706749916077,0.0,-0.6671282052993774,-0.01535984966903925,0.0
0.48,6.922345161437988,-0.2566087543964386,2.0,-0.3228590488433838,-0.5371259450912476,0.0,-0.6667666435241699,-0.015676263719797134,0.0
0.49,6.9190826416015625,-0.2619808316230774,2.0,-0.32952484488487244,-0.5372841954231262,0.0,-0.6663976311683655,-0.015992021188139915,0.0
0.5,6.915754318237305,-0.26735445857048035,2.0,-0.3361869752407074,-0.5374457240104675,0.0,-0.6660210490226746,-0.01630711555480957,0.0
0.51,6.912359237670898,-0.272729754447937,2.0,-0.34284526109695435,-0.5376104116439819,0.0,-0.6656369566917419,-0.01662152260541916,0.0
0.52,6.908897399902344,-0.2781066298484802,2.0,-0.3494996726512909,-0.5377780795097351,0.0,-0.6652453541755676,-0.01693524233996868,0.0
0.53,6.905369281768799,-0.2834852933883667,2.0,-0.3561501204967499,-0.5379490852355957,0.0,-0.6648461818695068,-0.017248254269361496,0.0
0.54,6.9017744064331055,-0.2888655960559845,2.0,-0.3627965748310089,-0.5381231307983398,0.0,-0.6644395589828491,-0.01756054349243641,0.0
0.55,6.898113250732422,-0.29424774646759033,2.0,-0.36943888664245605,-0.5383003354072571,0.0,-0.6640254259109497,-0.01787208952009678,0.0
0.56,6.894386291503906,-0.29963165521621704,2.0,-0.3760770559310913,-0.5384805798530579,0.0,-0.6636037826538086,-0.018182892352342606,0.0
0.5700000000000001,6.890591621398926,-0.3050173223018646,2.0,-0.38271093368530273,-0.5386639833450317,0.0,-0.663174569606781,-0.018492940813302994,0.0
0.58,6.8867316246032715,-0.3104049861431122,2.0,-0.38934049010276794,-0.5388504862785339,0.0,-0.6627379655838013,-0.018802203238010406,0.0
0.59,6.882804870605469,-0.315794438123703,2.0,-0.39596566557884216,-0.5390399694442749,0.0,-0.6622939109802246,-0.019110683351755142,0.0
0.6,6.878812313079834,-0.32118579745292664,2.0,-0.4025863707065582,-0.539232611656189,0.0,-0.6618422269821167,-0.01941836252808571,0.0
0.61,6.874753475189209,-0.3265790641307831,2.0,-0.40920254588127136,-0.5394284129142761,0.0,-0.6613832712173462,-0.01972523145377636,0.0
0.62,6.870628356933594,-0.3319743275642395,2.0,-0.41581401228904724,-0.5396270751953125,0.0,-0.6609167456626892,-0.020031269639730453,0.0
0.63,6.866436958312988,-0.3373716175556183,2.0,-0.42242082953453064,-0.5398289561271667,0.0,-0.6604427695274353,-0.020336465910077095,0.0
0.64,6.862180233001709,-0.34277093410491943,2.0,-0.429022878408432,-0.5400339365005493,0.0,-0.6599614024162292,-0.020640810951590538,0.0
0.65,6.857856750488281,-0.34817230701446533,2.0,-0.4356200397014618,-0.5402417182922363,0.0,-0.6594724655151367,-0.02094428986310959,0.0
0.66,6.85346794128418,-0.35357576608657837,2.0,-0.4422122538089752,-0.5404528379440308,0.0,-0.6589761972427368,-0.021246880292892456,0.0
0.67,6.84901237487793,-0.3589813709259033,2.0,-0.4487995207309723,-0.5406666994094849,0.0,-0.6584724187850952,-0.021548589691519737,0.0
0.68,6.844491958618164,-0.3643890619277954,2.0,-0.45538169145584106,-0.5408837199211121,0.0,-0.6579612493515015,-0.021849388256669044,0.0
0.6900000000000001,6.839905261993408,-0.36979907751083374,2.0,-0.46195870637893677,-0.5411037802696228,0.0,-0.6574426889419556,-0.022149257361888885,0.0
0.7000000000000001,6.835252285003662,-0.3752111792564392,2.0,-0.4685305058956146,-0.5413267016410828,0.0,-0.6569167375564575,-0.022448206320405006,0.0
0.71,6.8305344581604,-0.3806256055831909,2.0,-0.47509703040122986,-0.5415526628494263,0.0,-0.6563833355903625,-0.022746199741959572,0.0
0.72,6.825750350952148,-0.38604235649108887,2.0,-0.4816581904888153,-0.5417816638946533,0.0,-0.6558424830436707,-0.023043232038617134,0.0
0.73,6.820900917053223,-0.39146125316619873,2.0,-0.48821383714675903,-0.5420135259628296,0.0,-0.6552942991256714,-0.02333930879831314,0.0
0.74,6.815986633300781,-0.3968825340270996,2.0,-0.4947640597820282,-0.5422484278678894,0.0,-0.6547387838363647,-0.023634394630789757,0.0
0.75,6.81100606918335,-0.4023061990737915,2.0,-0.5013086199760437,-0.5424862504005432,0.0,-0.6541757583618164,-0.023928480222821236,0.0
0.76,6.805960178375244,-0.4077322483062744,2.0,-0.5078474879264832,-0.5427269339561462,0.0,-0.6536054611206055,-0.024221552535891533,0.0
0.77,6.800848960876465,-0.41316086053848267,2.0,-0.514380693435669,-0.5429706573486328,0.0,-0.6530277729034424,-0.024513602256774902,0.0
0.78,6.795672416687012,-0.4185916781425476,2.0,-0.5209080576896667,-0.5432173013687134,0.0,-0.6524427533149719,-0.024804620072245598,0.0
0.79,6.790431022644043,-0.42402517795562744,2.0,-0.5274295210838318,-0.5434667468070984,0.0,-0.6518504023551941,-0.02509457990527153,0.0
0.8,6.785123825073242,-0.42946112155914307,2.0,-0.5339450240135193,-0.5437191128730774,0.0,-0.6512506604194641,-0.0253834817558527,0.0
0.81,6.779751777648926,-0.43489956855773926,2.0,-0.5404545664787292,-0.5439743995666504,0.0,-0.6506435871124268,-0.02567131072282791,0.0
0.8200000000000001,6.774314880371094,-0.4403405785560608,2.0,-0.5469579100608826,-0.5442325472831726,0.0,-0.6500293016433716,-0.02595805563032627,0.0
0.8300000000000001,6.768812656402588,-0.4457842707633972,2.0,-0.5534550547599792,-0.5444936156272888,0.0,-0.6494075655937195,-0.026243681088089943,0.0
0.84,6.763245582580566,-0.451230525970459,2.0,-0.5599460005760193,-0.5447573661804199,0.0,-0.64877849817276,-0.026528209447860718,0.0
0.85,6.7576141357421875,-0.4566793441772461,2.0,-0.5664306282997131,-0.5450240969657898,0.0,-0.6481422781944275,-0.026811612769961357,0.0
0.86,6.751917362213135,-0.4621308445930481,2.0,-0.5729088187217712,-0.5452937483787537,0.0,-0.6474986672401428,-0.027093878015875816,0.0
0.87,6.746155738830566,-0.4675852060317993,2.0,-0.5793805718421936,-0.5455660223960876,0.0,-0.6468478441238403,-0.027374982833862305,0.0
0.88,6.740329742431641,-0.47304224967956543,2.0,-0.5858457684516907,-0.5458412170410156,0.0,-0.6461896896362305,-0.027654923498630524,0.0
0.89,6.734438896179199,-0.4785020351409912,2.0,-0.5923043489456177,-0.5461191534996033,0.0,-0.645524263381958,-0.027933692559599876,0.0
0.9,6.7284836769104,-0.4839646816253662,2.0,-0.5987562537193298,-0.5463998317718506,0.0,-0.644851565361023,-0.028211258351802826,0.0
0.91,6.722463607788086,-0.48943012952804565,2.0,-0.6052013635635376,-0.5466833710670471,0.0,-0.6441717147827148,-0.028487633913755417,0.0
0.92,6.716379642486572,-0.49489825963974,2.0,-0.6116396188735962,-0.5469695329666138,0.0,-0.6434845328330994,-0.028762787580490112,0.0
0.93,6.710230827331543,-0.5003694295883179,2.0,-0.6180710196495056,-0.5472585558891296,0.0,-0.6427901983261108,-0.02903672121465206,0.0
0.9400000000000001,6.7040181159973145,-0.5058435797691345,2.0,-0.6244954466819763,-0.5475502610206604,0.0,-0.6420885324478149,-0.029309405013918877,0.0
0.9500000000000001,6.6977410316467285,-0.5113204717636108,2.0,-0.6309127807617188,-0.5478447675704956,0.0,-0.6413797736167908,-0.029580850154161453,0.0
0.96,6.691400051116943,-0.5168004631996155,2.0,-0.6373230218887329,-0.5481418967247009,0.0,-0.640663743019104,-0.029851006343960762,0.0
0.97,6.684994697570801,-0.5222833156585693,2.0,-0.6437260508537292,-0.5484417676925659,0.0,-0.6399405598640442,-0.030119914561510086,0.0
0.98,6.678525447845459,-0.5277693271636963,2.0,-0.650121808052063,-0.548744261264801,0.0,-0.6392101049423218,-0.030387505888938904,0.0
0.99,6.67199182510376,-0.5332581996917725,2.0,-0.6565101742744446,-0.5490495562553406,0.0,-0.6384725570678711,-0.030653810128569603,0.0
1.0,6.665395259857178,-0.5387502908706665,2.0,-0.6628912091255188,-0.5493573546409607,0.0,-0.6377277970314026,-0.03091878816485405,0.0
1.01,6.658734321594238,-0.5442453622817993,2.0,-0.6692647337913513,-0.5496678352355957,0.0,-0.6369759440422058,-0.03118245117366314,0.0
1.02,6.652009963989258,-0.54974365234375,2.0,-0.6756307482719421,-0.5499809980392456,0.0,-0.636216938495636,-0.03144475817680359,0.0
1.03,6.645221710205078,-0.555245041847229,2.0,-0.6819890141487122,-0.5502967834472656,0.0,-0.6354507803916931,-0.03170573338866234,0.0
1.04,6.638370037078857,-0.5607494711875916,2.0,-0.6883397102355957,-0.550615131855011,0.0,-0.6346774697303772,-0.03196534141898155,0.0
1.05,6.631455421447754,-0.5662573575973511,2.0,-0.6946825385093689,-0.5509361624717712,0.0,-0.633897066116333,-0.032223548740148544,0.0
1.06,6.624476909637451,-0.5717682242393494,2.0,-0.7010175585746765,-0.5512596368789673,0.0,-0.6331095695495605,-0.0324803926050663,0.0
1.07,6.617434978485107,-0.5772825479507446,2.0,-0.7073447108268738,-0.5515856742858887,0.0,-0.6323149800300598,-0.03273582458496094,0.0
1.08,6.610329627990723,-0.5827999711036682,2.0,-0.7136638760566711,-0.5519143342971802,0.0,-0.631513237953186,-0.032989855855703354,0.0
1.09,6.603161334991455,-0.5883209109306335,2.0,-0.7199749946594238,-0.5522454977035522,0.0,-0.6307044625282288,-0.03324243426322937,0.0
1.1,6.595930099487305,-0.5938448309898376,2.0,-0.7262779474258423,-0.5525792241096497,0.0,-0.629888653755188,-0.03349360451102257,0.0
1.11,6.5886359214782715,-0.5993725061416626,2.0,-0.7325727343559265,-0.5529152750968933,0.0,-0.629065752029419,-0.033743295818567276,0.0
1.12,6.5812788009643555,-0.6049032807350159,2.0,-0.7388592958450317,-0.5532540678977966,0.0,-0.6282358765602112,-0.03399154543876648,0.0
1.1300000000000001,6.573859214782715,-0.6104375123977661,2.0,-0.7451373934745789,-0.5535951852798462,0.0,-0.6273989081382751,-0.0342383086681366,0.0
1.1400000000000001,6.566376209259033,-0.6159751415252686,2.0,-0.7514072060585022,-0.5539388060569763,0.0,-0.6265549063682556,-0.03448360413312912,0.0
1.1500000000000001,6.558830261230469,-0.6215162873268127,2.0,-0.7576684951782227,-0.5542848706245422,0.0,-0.6257039308547974,-0.034727390855550766,0.0
1.16,6.551222801208496,-0.6270608305931091,2.0,-0.7639212012290955,-0.554633378982544,0.0,-0.6248460412025452,-0.034969672560691833,0.0
1.17,6.543552398681641,-0.6326090097427368,2.0,-0.7701653838157654,-0.5549842119216919,0.0,-0.6239809989929199,-0.03521042689681053,0.0
1.18,6.5358195304870605,-0.6381604671478271,2.0,-0.7764008045196533,-0.5553376078605652,0.0,-0.6231090426445007,-0.03544965758919716,0.0
1.19,6.528024673461914,-0.6437157392501831,2.0,-0.782627522945404,-0.5556932687759399,0.0,-0.6222301721572876,-0.03568732365965843,0.0
1.2,6.520166873931885,-0.649274468421936,2.0,-0.788845419883728,-0.5560513138771057,0.0,-0.621344268321991,-0.035923443734645844,0.0
1.21,6.512247562408447,-0.6548367738723755,2.0,-0.7950543761253357,-0.5564116835594177,0.0,-0.6204515099525452,-0.036157988011837006,0.0
1.22,6.504265785217285,-0.6604025959968567,2.0,-0.801254391670227,-0.556774377822876,0.0,-0.6195517778396606,-0.03639097139239311,0.0
1.23,6.496222496032715,-0.6659723520278931,2.0,-0.8074455261230469,-0.55713951587677,0.0,-0.6186451315879822,-0.036622341722249985,0.0
1.24,6.488117218017578,-0.6715455055236816,2.0,-0.8136272430419922,-0.5575068593025208,0.0,-0.6177315711975098,-0.03685211017727852,0.0
1.25,6.479949951171875,-0.6771224737167358,2.0,-0.8198000192642212,-0.5578765869140625,0.0,-0.6168111562728882,-0.03708026930689812,0.0
1.26,6.471721172332764,-0.682702898979187,2.0,-0.8259634971618652,-0.5582484602928162,0.0,-0.6158837676048279,-0.03730681166052818,0.0
1.27,6.463430404663086,-0.6882874369621277,2.0,-0.8321176767349243,-0.5586227774620056,0.0,-0.6149495840072632,-0.03753169998526573,0.0
1.28,6.455078601837158,-0.6938753724098206,2.0,-0.8382624983787537,-0.5589991211891174,0.0,-0.6140085458755493,-0.03775494545698166,0.0
1.29,6.446665287017822,-0.6994675397872925,2.0,-0.8443978428840637,-0.5593777298927307,0.0,-0.6130605936050415,-0.03797650337219238,0.0
1.3,6.4381914138793945,-0.705062985420227,2.0,-0.8505235910415649,-0.5597586631774902,0.0,-0.6121059060096741,-0.038196418434381485,0.0
1.31,6.429655075073242,-0.7106627225875854,2.0,-0.8566399812698364,-0.5601417422294617,0.0,-0.6111443042755127,-0.03841463848948479,0.0
1.32,6.42105770111084,-0.7162659168243408,2.0,-0.8627464175224304,-0.560526967048645,0.0,-0.6101759076118469,-0.038631170988082886,0.0
1.33,6.412400245666504,-0.7218732833862305,2.0,-0.8688434958457947,-0.5609142780303955,0.0,-0.6092008352279663,-0.0388459786772728,0.0
1.34,6.40368127822876,-0.7274841070175171,2.0,-0.8749305605888367,-0.5613037943840027,0.0,-0.6082188487052917,-0.03905908390879631,0.0
1.35,6.394901275634766,-0.733099102973938,2.0,-0.8810077905654907,-0.5616955161094666,0.0,-0.6072300672531128,-0.03927045688033104,0.0
1.36,6.38606071472168,-0.7387180328369141,2.0,-0.8870750665664673,-0.5620893239974976,0.0,-0.6062345504760742,-0.039480093866586685,0.0
1.37,6.37716007232666,-0.7443410158157349,2.0,-0.8931323885917664,-0.5624850392341614,0.0,-0.6052323579788208,-0.03968794643878937,0.0
1.3800000000000001,6.368198394775391,-0.7499678134918213,2.0,-0.8991797566413879,-0.5628829598426819,0.0,-0.6042234897613525,-0.03989405557513237,0.0
1.3900000000000001,6.3591766357421875,-0.7555985450744629,2.0,-0.9052168130874634,-0.5632829070091248,0.0,-0.6032077670097351,-0.040098391473293304,0.0
1.4000000000000001,6.350093841552734,-0.7612334489822388,2.0,-0.9112438559532166,-0.5636849403381348,0.0,-0.6021853685379028,-0.04030093923211098,0.0
1.41,6.340951442718506,-0.7668722867965698,2.0,-0.9172605872154236,-0.5640890002250671,0.0,-0.6011562943458557,-0.04050169885158539,0.0
1.42,6.331748962402344,-0.7725152969360352,2.0,-0.9232670068740845,-0.5644950270652771,0.0,-0.6001205444335938,-0.040700625628232956,0.0
1.43,6.322486400604248,-0.7781621217727661,2.0,-0.9292629361152649,-0.5649029612541199,0.0,-0.5990781188011169,-0.04089774936437607,0.0
1.44,6.313163757324219,-0.7838133573532104,2.0,-0.9352484941482544,-0.5653129816055298,0.0,-0.5980290770530701,-0.04109302535653114,0.0
1.45,6.303781509399414,-0.78946852684021,2.0,-0.9412235617637634,-0.565724790096283,0.0,-0.5969734191894531,-0.04128648713231087,0.0
1.46,6.294339179992676,-0.7951278686523438,2.0,-0.9471880197525024,-0.5661386251449585,0.0,-0.5959110260009766,-0.04147807136178017,0.0
1.47,6.28483772277832,-0.8007911443710327,2.0,-0.9531416893005371,-0.5665543675422668,0.0,-0.5948420763015747,-0.04166782274842262,0.0
1.48,6.2752766609191895,-0.8064589500427246,2.0,-0.959084689617157,-0.566972017288208,0.0,-0.5937665700912476,-0.04185567796230316,0.0
1.49,6.265655994415283,-0.8121306896209717,2.0,-0.9650170207023621,-0.567391574382782,0.0,-0.5926844477653503,-0.04204165190458298,0.0
1.5,6.255975723266602,-0.8178068399429321,2.0,-0.970938503742218,-0.5678128600120544,0.0,-0.5915957689285278,-0.04222572222352028,0.0
1.51,6.246237277984619,-0.8234870433807373,2.0,-0.9768489003181458,-0.5682359337806702,0.0,-0.59050053358078,-0.042407892644405365,0.0
1.52,6.236439228057861,-0.8291715383529663,2.0,-0.9827484488487244,-0.5686609745025635,0.0,-0.5893987417221069,-0.04258815571665764,0.0
1.53,6.2265825271606445,-0.8348602056503296,2.0,-0.9886369109153748,-0.5690878033638,0.0,-0.5882904529571533,-0.04276649281382561,0.0
1.54,6.216666221618652,-0.8405534029006958,2.0,-0.9945142865180969,-0.5695163011550903,0.0,-0.5871756076812744,-0.04294286668300629,0.0
1.55,6.206692218780518,-0.8462505340576172,2.0,-1.0003803968429565,-0.5699466466903687,0.0,-0.586054265499115,-0.04311731085181236,0.0
1.56,6.196659088134766,-0.8519521951675415,2.0,-1.0062353610992432,-0.5703786611557007,0.0,-0.584926426410675,-0.04328979551792145,0.0
1.57,6.186567306518555,-0.8576580286026001,2.0,-1.012078881263733,-0.5708124041557312,0.0,-0.5837921500205994,-0.04346032068133354,0.0
1.58,6.176417350769043,-0.8633685111999512,2.0,-1.0179111957550049,-0.5712478756904602,0.0,-0.5826514959335327,-0.04362882673740387,0.0
1.59,6.1662092208862305,-0.869083046913147,2.0,-1.0237318277359009,-0.5716850161552429,0.0,-0.5815043449401855,-0.043795373290777206,0.0
1.6,6.155942916870117,-0.8748022317886353,2.0,-1.029541254043579,-0.5721237063407898,0.0,-0.5803507566452026,-0.04395991191267967,0.0
1.61,6.145618438720703,-0.8805255889892578,2.0,-1.0353388786315918,-0.5725641846656799,0.0,-0.579190731048584,-0.04412243887782097,0.0
1.62,6.135235786437988,-0.8862534761428833,2.0,-1.041124939918518,-0.5730061531066895,0.0,-0.5780243277549744,-0.04428296163678169,0.0
1.6300000000000001,6.124795913696289,-0.8919857740402222,2.0,-1.046899437904358,-0.5734497904777527,0.0,-0.5768515467643738,-0.04444142058491707,0.0
1.6400000000000001,6.114297866821289,-0.8977224826812744,2.0,-1.0526620149612427,-0.5738950371742249,0.0,-0.575672447681427,-0.044597845524549484,0.0
1.6500000000000001,6.103742599487305,-0.90346360206604,2.0,-1.058412790298462,-0.5743417739868164,0.0,-0.5744869709014893,-0.04475224390625954,0.0
1.6600000000000001,6.093130111694336,-0.9092093706130981,2.0,-1.064151644706726,-0.5747900605201721,0.0,-0.5732951760292053,-0.04490455612540245,0.0
1.67,6.082459926605225,-0.9149594306945801,2.0,-1.0698785781860352,-0.5752398371696472,0.0,-0.5720970630645752,-0.04505479708313942,0.0
1.68,6.071732521057129,-0.9207141399383545,2.0,-1.0755935907363892,-0.5756911635398865,0.0,-0.5708926320075989,-0.04520297050476074,0.0
1.69,6.060947895050049,-0.9264733791351318,2.0,-1.0812965631484985,-0.5761439204216003,0.0,-0.5696819424629211,-0.045349035412073135,0.0
1.7,6.050106525421143,-0.9322371482849121,2.0,-1.0869872570037842,-0.5765981078147888,0.0,-0.5684649348258972,-0.045492999255657196,0.0
1.71,6.03920841217041,-0.9380052089691162,2.0,-1.0926657915115356,-0.5770537853240967,0.0,-0.5672417283058167,-0.04563486948609352,0.0
1.72,6.028253078460693,-0.9437777996063232,2.0,-1.0983320474624634,-0.5775107741355896,0.0,-0.5660122632980347,-0.04577462002635002,0.0
1.73,6.017241477966309,-0.949555516242981,2.0,-1.1039860248565674,-0.5779692530632019,0.0,-0.5647765398025513,-0.045912206172943115,0.0
1.74,6.006173610687256,-0.955337405204773,2.0,-1.109627604484558,-0.5784289836883545,0.0,-0.563534677028656,-0.046047668904066086,0.0
1.75,5.995049476623535,-0.961124062538147,2.0,-1.115256667137146,-0.5788902044296265,0.0,-0.5622865557670593,-0.04618097096681595,0.0
1.76,5.983868598937988,-0.9669151306152344,2.0,-1.1208733320236206,-0.579352617263794,0.0,-0.5610322952270508,-0.04631214216351509,0.0
1.77,5.972631454467773,-0.9727110862731934,2.0,-1.1264772415161133,-0.5798164010047913,0.0,-0.5597718954086304,-0.04644111543893814,0.0
1.78,5.961338996887207,-0.9785114526748657,2.0,-1.1320686340332031,-0.5802814960479736,0.0,-0.5585052967071533,-0.04656793549656868,0.0
1.79,5.949990272521973,-0.9843165874481201,2.0,-1.1376473903656006,-0.5807477831840515,0.0,-0.5572325587272644,-0.04669252410531044,0.0
1.8,5.938586235046387,-0.9901264905929565,2.0,-1.1432132720947266,-0.5812152624130249,0.0,-0.5559538006782532,-0.0468149371445179,0.0
1.81,5.927126407623291,-0.9959410429000854,2.0,-1.1487663984298706,-0.5816840529441833,0.0,-0.5546689629554749,-0.04693513736128807,0.0
1.82,5.9156107902526855,-1.0017603635787964,2.0,-1.1543066501617432,-0.5821540355682373,0.0,-0.5533779859542847,-0.047053106129169464,0.0
1.83,5.904040336608887,-1.0075842142105103,2.0,-1.1598339080810547,-0.5826250910758972,0.0,-0.5520809292793274,-0.04716886579990387,0.0
1.84,5.892414093017578,-1.0134127140045166,2.0,-1.1653482913970947,-0.5830973982810974,0.0,-0.5507778525352478,-0.04728240892291069,0.0
1.85,5.880732536315918,-1.0192461013793945,2.0,-1.1708495616912842,-0.5835707783699036,0.0,-0.5494687557220459,-0.04739368334412575,0.0
1.86,5.868997097015381,-1.025084137916565,2.0,-1.1763375997543335,-0.5840451717376709,0.0,-0.5481536984443665,-0.04750268906354904,0.0
1.87,5.857206344604492,-1.0309268236160278,2.0,-1.1818126440048218,-0.5845208764076233,0.0,-0.5468325614929199,-0.04760946333408356,0.0
1.8800000000000001,5.84536075592041,-1.0367745161056519,2.0,-1.1872742176055908,-0.5849973559379578,0.0,-0.5455055236816406,-0.047713927924633026,0.0
1.8900000000000001,5.833460807800293,-1.0426270961761475,2.0,-1.1927226781845093,-0.5854750871658325,0.0,-0.5441725254058838,-0.04781612381339073,0.0
1.9000000000000001,5.821506500244141,-1.0484838485717773,2.0,-1.1981576681137085,-0.5859538316726685,0.0,-0.5428335666656494,-0.047916047275066376,0.0
1.9100000000000001,5.809497833251953,-1.0543458461761475,2.0,-1.203579306602478,-0.5864334106445312,0.0,-0.5414886474609375,-0.04801366850733757,0.0
1.92,5.7974348068237305,-1.0602127313613892,2.0,-1.2089874744415283,-0.5869139432907104,0.0,-0.5401378273963928,-0.04810895770788193,0.0
1.93,5.785318374633789,-1.0660845041275024,2.0,-1.2143820524215698,-0.5873956084251404,0.0,-0.5387811660766602,-0.048201922327280045,0.0
1.94,5.7731475830078125,-1.07196044921875,2.0,-1.2197630405426025,-0.5878780484199524,0.0,-0.5374186635017395,-0.04829259589314461,0.0
1.95,5.760923385620117,-1.0778417587280273,2.0,-1.225130319595337,-0.588361382484436,0.0,-0.5360502600669861,-0.048380907624959946,0.0
1.96,5.748645305633545,-1.0837279558181763,2.0,-1.2304840087890625,-0.5888456106185913,0.0,-0.5346760153770447,-0.048466891050338745,0.0
1.97,5.736313343048096,-1.0896190404891968,2.0,-1.2358238697052002,-0.5893307328224182,0.0,-0.5332959890365601,-0.04855049028992653,0.0
1.98,5.723928451538086,-1.0955144166946411,2.0,-1.24114990234375,-0.5898165702819824,0.0,-0.5319101810455322,-0.048631761223077774,0.0
1.99,5.711490631103516,-1.1014147996902466,2.0,-1.246462106704712,-0.590303361415863,0.0,-0.5305185317993164,-0.048710670322179794,0.0
2.0,5.698999404907227,-1.107320785522461,2.0,-1.2517603635787964,-0.5907908082008362,0.0,-0.5291211009025574,-0.048787154257297516,0.0
2.0100000000000002,5.686455249786377,-1.1132310628890991,2.0,-1.2570444345474243,-0.591279149055481,0.0,-0.5277180075645447,-0.048861291259527206,0.0
2.02,5.673858642578125,-1.1191459894180298,2.0,-1.2623146772384644,-0.5917680859565735,0.0,-0.5263091325759888,-0.04893302917480469,0.0
2.0300000000000002,5.6612091064453125,-1.1250661611557007,2.0,-1.2675704956054688,-0.5922576785087585,0.0,-0.5248945951461792,-0.04900234192609787,0.0
2.04,5.648507118225098,-1.1309916973114014,2.0,-1.2728124856948853,-0.5927480459213257,0.0,-0.5234743356704712,-0.04906923323869705,0.0
2.05,5.6357526779174805,-1.1369215250015259,2.0,-1.2780401706695557,-0.5932390689849854,0.0,-0.5220484137535095,-0.04913371801376343,0.0
2.06,5.622946262359619,-1.1428561210632324,2.0,-1.2832534313201904,-0.5937308073043823,0.0,-0.5206168293952942,-0.049195803701877594,0.0
2.07,5.6100873947143555,-1.1487958431243896,2.0,-1.288452386856079,-0.5942230224609375,0.0,-0.5191795825958252,-0.049255408346652985,0.0
2.08,5.597177505493164,-1.154740571975708,2.0,-1.2936370372772217,-0.59471595287323,0.0,-0.5177367925643921,-0.049312591552734375,0.0
2.09,5.58421516418457,-1.1606903076171875,2.0,-1.298807144165039,-0.5952092409133911,0.0,-0.5162883400917053,-0.04936731234192848,0.0
2.1,5.571201324462891,-1.166644811630249,2.0,-1.3039627075195312,-0.5957032442092896,0.0,-0.5148343443870544,-0.049419574439525604,0.0
2.11,5.558135986328125,-1.1726042032241821,2.0,-1.3091038465499878,-0.5961976647377014,0.0,-0.5133748650550842,-0.049469392746686935,0.0
2.12,5.545019149780273,-1.1785684823989868,2.0,-1.31423020362854,-0.5966925024986267,0.0,-0.5119097232818604,-0.049516696482896805,0.0
2.13,5.531851291656494,-1.1845381259918213,2.0,-1.319342017173767,-0.5971879363059998,0.0,-0.5104390382766724,-0.0495615191757679,0.0
2.14,5.518632888793945,-1.1905124187469482,2.0,-1.3244389295578003,-0.597683846950531,0.0,-0.5089629292488098,-0.049603842198848724,0.0
2.15,5.505362510681152,-1.1964917182922363,2.0,-1.3295211791992188,-0.5981801152229309,0.0,-0.5074813365936279,-0.049643706530332565,0.0
2.16,5.492042064666748,-1.202475905418396,2.0,-1.334588646888733,-0.5986767411231995,0.0,-0.5059942603111267,-0.049681033939123154,0.0
2.17,5.478671073913574,-1.2084654569625854,2.0,-1.3396410942077637,-0.5991736650466919,0.0,-0.5045017600059509,-0.04971582442522049,0.0
2.18,5.465249061584473,-1.2144595384597778,2.0,-1.3446786403656006,-0.5996710062026978,0.0,-0.5030037760734558,-0.04974813386797905,0.0
2.19,5.451777458190918,-1.2204586267471313,2.0,-1.349701166152954,-0.6001686453819275,0.0,-0.5015004277229309,-0.049777887761592865,0.0
2.2,5.438255310058594,-1.226462721824646,2.0,-1.3547085523605347,-0.6006665229797363,0.0,-0.49999168515205383,-0.04980512335896492,0.0
2.21,5.424683570861816,-1.2324719429016113,2.0,-1.3597010374069214,-0.6011647582054138,0.0,-0.49847760796546936,-0.049829769879579544,0.0
2.22,5.4110612869262695,-1.2384861707687378,2.0,-1.3646782636642456,-0.6016631126403809,0.0,-0.4969581067562103,-0.04985189437866211,0.0
2.23,5.3973894119262695,-1.2445054054260254,2.0,-1.3696402311325073,-0.602161705493927,0.0,-0.49543333053588867,-0.049871426075696945,0.0
2.24,5.383668422698975,-1.2505292892456055,2.0,-1.374586820602417,-0.6026605367660522,0.0,-0.4939032196998596,-0.04988842085003853,0.0
2.25,5.369897842407227,-1.2565586566925049,2.0,-1.3795181512832642,-0.603159487247467,0.0,-0.49236783385276794,-0.049902819097042084,0.0
2.2600000000000002,5.356078147888184,-1.2625926733016968,2.0,-1.3844341039657593,-0.6036586165428162,0.0,-0.49082720279693604,-0.04991466552019119,0.0
2.27,5.342209339141846,-1.2686316967010498,2.0,-1.3893346786499023,-0.6041577458381653,0.0,-0.4892812967300415,-0.04992389678955078,0.0
2.2800000000000002,5.328291416168213,-1.2746758460998535,2.0,-1.3942197561264038,-0.6046571135520935,0.0,-0.4877301752567291,-0.04993053153157234,0.0
2.29,5.314325332641602,-1.2807250022888184,2.0,-1.3990892171859741,-0.6051563620567322,0.0,-0.4861738085746765,-0.04993457719683647,0.0
2.3000000000000003,5.300309658050537,-1.2867789268493652,2.0,-1.4039433002471924,-0.6056557297706604,0.0,-0.48461225628852844,-0.04993598908185959,0.0
2.31,5.286246299743652,-1.2928379774093628,2.0,-1.4087814092636108,-0.6061550974845886,0.0,-0.4830455780029297,-0.04993480443954468,0.0
2.32,5.272134304046631,-1.2989017963409424,2.0,-1.4136040210723877,-0.6066543459892273,0.0,-0.48147377371788025,-0.04993098974227905,0.0
2.33,5.257974147796631,-1.3049712181091309,2.0,-1.4184110164642334,-0.6071537137031555,0.0,-0.47989675402641296,-0.04992452636361122,0.0
2.34,5.2437663078308105,-1.3110451698303223,2.0,-1.4232019186019897,-0.6076529622077942,0.0,-0.47831466794013977,-0.04991542547941208,0.0
2.35,5.229510307312012,-1.3171242475509644,2.0,-1.427977204322815,-0.6081519722938538,0.0,-0.47672751545906067,-0.04990371689200401,0.0
2.36,5.215206623077393,-1.3232080936431885,2.0,-1.4327366352081299,-0.6086509823799133,0.0,-0.47513526678085327,-0.04988931491971016,0.0
2.37,5.200855255126953,-1.3292973041534424,2.0,-1.437479853630066,-0.609149694442749,0.0,-0.47353798151016235,-0.04987228289246559,0.0
2.38,5.186456680297852,-1.3353912830352783,2.0,-1.4422073364257812,-0.6096484065055847,0.0,-0.4719356298446655,-0.049852561205625534,0.0
2.39,5.172011375427246,-1.3414901494979858,2.0,-1.4469184875488281,-0.6101467609405518,0.0,-0.47032833099365234,-0.04983018711209297,0.0
2.4,5.1575188636779785,-1.3475940227508545,2.0,-1.4516137838363647,-0.6106449961662292,0.0,-0.468716025352478,-0.04980512335896492,0.0
2.41,5.142979145050049,-1.3537030220031738,2.0,-1.456292986869812,-0.6111428737640381,0.0,-0.46709877252578735,-0.04977739229798317,0.0
2.42,5.128392696380615,-1.3598170280456543,2.0,-1.4609558582305908,-0.611640453338623,0.0,-0.46547651290893555,-0.04974694922566414,0.0
2.43,5.113760471343994,-1.365936040878296,2.0,-1.4656023979187012,-0.6121378540992737,0.0,-0.46384939551353455,-0.049713801592588425,0.0
2.44,5.099081039428711,-1.37205970287323,2.0,-1.4702328443527222,-0.6126348376274109,0.0,-0.4622173309326172,-0.04967798292636871,0.0
2.45,5.084355354309082,-1.3781883716583252,2.0,-1.4748467206954956,-0.6131314039230347,0.0,-0.46058040857315063,-0.049639470875263214,0.0
2.46,5.069583892822266,-1.384322166442871,2.0,-1.4794443845748901,-0.6136276125907898,0.0,-0.4589385986328125,-0.04959821701049805,0.0
2.47,5.05476713180542,-1.3904610872268677,2.0,-1.4840255975723267,-0.6141232848167419,0.0,-0.45729202032089233,-0.04955419525504112,0.0
2.48,5.03990364074707,-1.3966046571731567,2.0,-1.488590121269226,-0.6146185994148254,0.0,-0.4556405544281006,-0.0495075024664402,0.0
2.49,5.024994850158691,-1.4027535915374756,2.0,-1.493138313293457,-0.6151135563850403,0.0,-0.4539843201637268,-0.04945804551243782,0.0
2.5,5.010040760040283,-1.408907175064087,2.0,-1.4976698160171509,-0.6156077980995178,0.0,-0.452323317527771,-0.04940588027238846,0.0
2.5100000000000002,4.995041847229004,-1.4150657653808594,2.0,-1.5021847486495972,-0.6161015033721924,0.0,-0.45065757632255554,-0.04935094714164734,0.0
2.52,4.979997158050537,-1.4212291240692139,2.0,-1.5066829919815063,-0.6165948510169983,0.0,-0.44898703694343567,-0.049293287098407745,0.0
2.5300000000000002,4.964908123016357,-1.4273974895477295,2.0,-1.5111644268035889,-0.6170874834060669,0.0,-0.4473118484020233,-0.04923286288976669,0.0
2.54,4.949773788452148,-1.4335708618164062,2.0,-1.5156291723251343,-0.6175794005393982,0.0,-0.4456319212913513,-0.04916967451572418,0.0
2.5500000000000003,4.934595108032227,-1.439749002456665,2.0,-1.520077109336853,-0.6180707812309265,0.0,-0.4439474046230316,-0.04910369589924812,0.0
2.56,4.91937255859375,-1.4459322690963745,2.0,-1.5245081186294556,-0.6185615062713623,0.0,-0.44225817918777466,-0.049034975469112396,0.0
2.57,4.904105186462402,-1.4521204233169556,2.0,-1.5289223194122314,-0.6190515756607056,0.0,-0.44056436419487,-0.04896344989538193,0.0
2.58,4.8887939453125,-1.4583135843276978,2.0,-1.533319354057312,-0.6195406913757324,0.0,-0.4388659596443176,-0.04888914152979851,0.0
2.59,4.873438835144043,-1.4645110368728638,2.0,-1.537699580192566,-0.6200293302536011,0.0,-0.43716293573379517,-0.04881208389997482,0.0
2.6,4.8580403327941895,-1.4707138538360596,2.0,-1.5420626401901245,-0.6205170154571533,0.0,-0.4354553520679474,-0.04873218387365341,0.0
2.61,4.842597961425781,-1.4769213199615479,2.0,-1.5464086532592773,-0.621004045009613,0.0,-0.4337432384490967,-0.04864951968193054,0.0
2.62,4.827112197875977,-1.4831340312957764,2.0,-1.5507376194000244,-0.6214900016784668,0.0,-0.43202662467956543,-0.04856403172016144,0.0
2.63,4.811583042144775,-1.4893512725830078,2.0,-1.5550493001937866,-0.6219752430915833,0.0,-0.43030548095703125,-0.04847576096653938,0.0
2.64,4.796010971069336,-1.4955732822418213,2.0,-1.5593435764312744,-0.6224595308303833,0.0,-0.4285799264907837,-0.0483846478164196,0.0
2.65,4.780396461486816,-1.501800298690796,2.0,-1.563620686531067,-0.6229428648948669,0.0,-0.42684993147850037,-0.048290710896253586,0.0
2.66,4.7647385597229,-1.5080324411392212,2.0,-1.567880630493164,-0.623425304889679,0.0,-0.4251154363155365,-0.048193950206041336,0.0
2.67,4.7490386962890625,-1.5142691135406494,2.0,-1.5721230506896973,-0.6239067316055298,0.0,-0.42337656021118164,-0.04809434711933136,0.0
2.68,4.7332963943481445,-1.5205105543136597,2.0,-1.5763481855392456,-0.6243872046470642,0.0,-0.4216333329677582,-0.04799194261431694,0.0
2.69,4.717512130737305,-1.5267565250396729,2.0,-1.5805556774139404,-0.6248666048049927,0.0,-0.4198857545852661,-0.04788671433925629,0.0
2.7,4.701685428619385,-1.5330077409744263,2.0,-1.5847457647323608,-0.62534499168396,0.0,-0.41813376545906067,-0.04777860641479492,0.0
2.71,4.685817241668701,-1.5392637252807617,2.0,-1.5889183282852173,-0.6258221864700317,0.0,-0.4163775146007538,-0.04766763746738434,0.0
2.72,4.669907093048096,-1.5455241203308105,2.0,-1.5930733680725098,-0.6262983083724976,0.0,-0.41461700201034546,-0.04755386337637901,0.0
2.73,4.653955459594727,-1.5517892837524414,2.0,-1.5972106456756592,-0.6267732381820679,0.0,-0.4128521680831909,-0.04743720963597298,0.0
2.74,4.63796329498291,-1.5580596923828125,2.0,-1.6013301610946655,-0.6272470355033875,0.0,-0.4110831320285797,-0.04731767624616623,0.0
2.75,4.621929168701172,-1.564334511756897,2.0,-1.605432391166687,-0.627719521522522,0.0,-0.40930983424186707,-0.047195300459861755,0.0
2.7600000000000002,4.605854511260986,-1.570613980293274,2.0,-1.6095165014266968,-0.6281909346580505,0.0,-0.40753233432769775,-0.04707002639770508,0.0
2.77,4.589738845825195,-1.5768980979919434,2.0,-1.613582968711853,-0.6286609768867493,0.0,-0.40575069189071655,-0.046941909939050674,0.0
2.7800000000000002,4.573582649230957,-1.583187222480774,2.0,-1.6176315546035767,-0.6291297674179077,0.0,-0.4039648771286011,-0.04681089147925377,0.0
2.79,4.55738639831543,-1.5894807577133179,2.0,-1.6216623783111572,-0.6295971870422363,0.0,-0.4021748900413513,-0.04667699709534645,0.0
2.8000000000000003,4.541149616241455,-1.5957789421081543,2.0,-1.625675082206726,-0.6300632357597351,0.0,-0.40038084983825684,-0.04654021933674812,0.0
2.81,4.524872779846191,-1.6020822525024414,2.0,-1.6296697854995728,-0.6305279731750488,0.0,-0.39858272671699524,-0.0464005284011364,0.0
2.82,4.508556365966797,-1.6083896160125732,2.0,-1.633646845817566,-0.6309912800788879,0.0,-0.39678049087524414,-0.046257972717285156,0.0
2.83,4.492199897766113,-1.6147022247314453,2.0,-1.6376055479049683,-0.6314529776573181,0.0,-0.3949742317199707,-0.04611247777938843,0.0
2.84,4.475804328918457,-1.6210185289382935,2.0,-1.6415461301803589,-0.6319136023521423,0.0,-0.3931639790534973,-0.045964162796735764,0.0
2.85,4.459368705749512,-1.627340316772461,2.0,-1.6454687118530273,-0.6323723196983337,0.0,-0.3913497030735016,-0.045812852680683136,0.0
2.86,4.44289493560791,-1.6336661577224731,2.0,-1.6493730545043945,-0.6328298449516296,0.0,-0.3895314633846283,-0.04565868154168129,0.0
2.87,4.426381587982178,-1.639996886253357,2.0,-1.653259515762329,-0.6332855224609375,0.0,-0.38770928978919983,-0.045501574873924255,0.0
2.88,4.409830093383789,-1.6463321447372437,2.0,-1.6571272611618042,-0.6337397694587708,0.0,-0.38588324189186096,-0.045341528952121735,0.0
2.89,4.3932390213012695,-1.6526715755462646,2.0,-1.6609770059585571,-0.6341924071311951,0.0,-0.38405317068099976,-0.045178622007369995,0.0
2.9,4.376610279083252,-1.6590156555175781,2.0,-1.6648082733154297,-0.6346433758735657,0.0,-0.3822193145751953,-0.04501277953386307,0.0
2.91,4.359942436218262,-1.6653645038604736,2.0,-1.6686214208602905,-0.635092556476593,0.0,-0.3803815245628357,-0.04484396055340767,0.0
2.92,4.34323787689209,-1.6717175245285034,2.0,-1.6724159717559814,-0.6355401277542114,0.0,-0.3785399794578552,-0.04467223957180977,0.0
2.93,4.3264946937561035,-1.6780753135681152,2.0,-1.6761921644210815,-0.6359860301017761,0.0,-0.37669461965560913,-0.04449758306145668,0.0
2.94,4.309714317321777,-1.6844373941421509,2.0,-1.6799497604370117,-0.6364302039146423,0.0,-0.3748455047607422,-0.04431997239589691,0.0
2.95,4.292895793914795,-1.6908042430877686,2.0,-1.6836891174316406,-0.6368724703788757,0.0,-0.3729925751686096,-0.044139422476291656,0.0
2.96,4.276040077209473,-1.6971747875213623,2.0,-1.6874096393585205,-0.6373128890991211,0.0,-0.3711358904838562,-0.0439559742808342,0.0
2.97,4.259147644042969,-1.7035499811172485,2.0,-1.6911118030548096,-0.6377515196800232,0.0,-0.3692755699157715,-0.04376954957842827,0.0
2.98,4.242218017578125,-1.7099298238754272,2.0,-1.6947952508926392,-0.638188362121582,0.0,-0.3674114942550659,-0.04358016699552536,0.0
2.99,4.225252151489258,-1.7163137197494507,2.0,-1.6984599828720093,-0.6386231780052185,0.0,-0.36554378271102905,-0.043387848883867264,0.0
3.0,4.208249092102051,-1.7227023839950562,2.0,-1.7021061182022095,-0.6390561461448669,0.0,-0.3636724054813385,-0.043192557990550995,0.0
3.0100000000000002,4.19120979309082,-1.7290948629379272,2.0,-1.705733299255371,-0.6394869685173035,0.0,-0.3617974519729614,-0.04299430921673775,0.0
3.02,4.174134254455566,-1.7354921102523804,2.0,-1.7093420028686523,-0.6399158835411072,0.0,-0.35991889238357544,-0.04279310256242752,0.0
3.0300000000000002,4.157022953033447,-1.7418935298919678,2.0,-1.7129318714141846,-0.6403428912162781,0.0,-0.35803675651550293,-0.04258891940116882,0.0
3.04,4.139875888824463,-1.7482990026474,2.0,-1.7165027856826782,-0.6407676339149475,0.0,-0.3561510443687439,-0.04238180071115494,0.0
3.0500000000000003,4.122693061828613,-1.7547086477279663,2.0,-1.7200548648834229,-0.6411905288696289,0.0,-0.3542618453502655,-0.04217170551419258,0.0
3.06,4.105474948883057,-1.761122703552246,2.0,-1.7235878705978394,-0.6416110992431641,0.0,-0.35236918926239014,-0.04195863753557205,0.0
3.0700000000000003,4.088221549987793,-1.767540693283081,2.0,-1.7271021604537964,-0.6420297026634216,0.0,-0.35047298669815063,-0.041742611676454544,0.0
3.08,4.070932865142822,-1.773963212966919,2.0,-1.7305973768234253,-0.642445981502533,0.0,-0.34857335686683655,-0.04152354970574379,0.0
3.09,4.053609848022461,-1.780389666557312,2.0,-1.7340736389160156,-0.6428601145744324,0.0,-0.34667035937309265,-0.04130157455801964,0.0
3.1,4.036251544952393,-1.7868202924728394,2.0,-1.7375307083129883,-0.6432720422744751,0.0,-0.3447639048099518,-0.041076600551605225,0.0
3.11,4.018858909606934,-1.79325532913208,2.0,-1.740968942642212,-0.6436816453933716,0.0,-0.3428540825843811,-0.040848616510629654,0.0
3.12,4.001431941986084,-1.7996940612792969,2.0,-1.7443878650665283,-0.6440889835357666,0.0,-0.3409408926963806,-0.040617674589157104,0.0
3.13,3.983971357345581,-1.8061367273330688,2.0,-1.7477877140045166,-0.6444939970970154,0.0,-0.3390244245529175,-0.040383756160736084,0.0
3.14,3.9664764404296875,-1.8125838041305542,2.0,-1.7511682510375977,-0.6448966860771179,0.0,-0.33710458874702454,-0.040146827697753906,0.0
3.15,3.9489479064941406,-1.8190349340438843,2.0,-1.7545298337936401,-0.6452968716621399,0.0,-0.3351815342903137,-0.03990690037608147,0.0
3.16,3.9313855171203613,-1.82548987865448,2.0,-1.7578719854354858,-0.6456947922706604,0.0,-0.3332551419734955,-0.039664000272750854,0.0
3.17,3.913790464401245,-1.8319487571716309,2.0,-1.7611948251724243,-0.6460901498794556,0.0,-0.33132559061050415,-0.03941810503602028,0.0
3.18,3.896162509918213,-1.8384116888046265,2.0,-1.7644985914230347,-0.6464831233024597,0.0,-0.3293929100036621,-0.03916921466588974,0.0
3.19,3.8785009384155273,-1.8448781967163086,2.0,-1.7677825689315796,-0.6468735933303833,0.0,-0.32745692133903503,-0.03891732916235924,0.0
3.2,3.860806465148926,-1.8513492345809937,2.0,-1.771047592163086,-0.6472613215446472,0.0,-0.32551783323287964,-0.038662414997816086,0.0
3.21,3.8430795669555664,-1.857823371887207,2.0,-1.7742931842803955,-0.6476468443870544,0.0,-0.32357558608055115,-0.03840455785393715,0.0
3.22,3.8253207206726074,-1.8643018007278442,2.0,-1.7775191068649292,-0.6480295062065125,0.0,-0.3216302692890167,-0.03814365342259407,0.0
3.23,3.8075292110443115,-1.8707842826843262,2.0,-1.7807257175445557,-0.6484096646308899,0.0,-0.319681853055954,-0.03787975385785103,0.0
3.24,3.789706230163574,-1.8772703409194946,2.0,-1.7839126586914062,-0.6487870812416077,0.0,-0.3177303969860077,-0.037612855434417725,0.0
3.25,3.7718513011932373,-1.8837599754333496,2.0,-1.78708016872406,-0.6491618156433105,0.0,-0.31577590107917786,-0.037342965602874756,0.0
3.2600000000000002,3.75396466255188,-1.8902533054351807,2.0,-1.790228247642517,-0.6495340466499329,0.0,-0.31381839513778687,-0.03707006201148033,0.0
3.27,3.7360470294952393,-1.896750807762146,2.0,-1.7933565378189087,-0.6499032378196716,0.0,-0.3118579089641571,-0.03679412603378296,0.0
3.2800000000000002,3.71809720993042,-1.9032515287399292,2.0,-1.796465277671814,-0.6502698063850403,0.0,-0.3098944127559662,-0.03651519864797592,0.0
3.29,3.700117349624634,-1.9097559452056885,2.0,-1.799554467201233,-0.6506334543228149,0.0,-0.30792802572250366,-0.03623327240347862,0.0
3.3000000000000003,3.6821064949035645,-1.9162641763687134,2.0,-1.802623987197876,-0.6509944796562195,0.0,-0.30595874786376953,-0.03594833239912987,0.0
3.31,3.66406512260437,-1.9227758646011353,2.0,-1.805673599243164,-0.6513524651527405,0.0,-0.3039866089820862,-0.035660382360219955,0.0
3.3200000000000003,3.645993232727051,-1.9292913675308228,2.0,-1.8087036609649658,-0.6517075896263123,0.0,-0.3020116090774536,-0.0353693962097168,0.0
3.33,3.6278908252716064,-1.9358100891113281,2.0,-1.8117138147354126,-0.6520598530769348,0.0,-0.30003371834754944,-0.03507543355226517,0.0
3.34,3.6097590923309326,-1.9423322677612305,2.0,-1.814704179763794,-0.6524091958999634,0.0,-0.2980530858039856,-0.03477844223380089,0.0
3.35,3.591596841812134,-1.9488581418991089,2.0,-1.8176748752593994,-0.6527554988861084,0.0,-0.2960696220397949,-0.03447845205664635,0.0
3.36,3.5734055042266846,-1.9553874731063843,2.0,-1.82062566280365,-0.6530987024307251,0.0,-0.29408344626426697,-0.034175414592027664,0.0
3.37,3.5551846027374268,-1.9619202613830566,2.0,-1.8235565423965454,-0.6534389853477478,0.0,-0.29209446907043457,-0.03386935964226723,0.0
3.38,3.5369346141815186,-1.9684561491012573,2.0,-1.826467514038086,-0.6537761092185974,0.0,-0.29010286927223206,-0.033560313284397125,0.0
3.39,3.518655300140381,-1.974995732307434,2.0,-1.829358696937561,-0.6541101336479187,0.0,-0.28810855746269226,-0.03324827179312706,0.0
3.4,3.500347375869751,-1.9815385341644287,2.0,-1.8322296142578125,-0.6544410586357117,0.0,-0.2861115634441376,-0.03293319791555405,0.0
3.41,3.482010841369629,-1.9880845546722412,2.0,-1.8350807428359985,-0.6547687649726868,0.0,-0.28411197662353516,-0.03261508792638779,0.0
3.42,3.4636456966400146,-1.994633674621582,2.0,-1.8379119634628296,-0.6550933718681335,0.0,-0.2821097671985626,-0.03229396790266037,0.0
3.43,3.4452526569366455,-2.0011863708496094,2.0,-1.8407230377197266,-0.6554147005081177,0.0,-0.28010502457618713,-0.03196985274553299,0.0
3.44,3.4268314838409424,-2.007741928100586,2.0,-1.843514084815979,-0.6557327508926392,0.0,-0.27809762954711914,-0.03164272382855415,0.0
3.45,3.4083824157714844,-2.01430082321167,2.0,-1.8462848663330078,-0.656047523021698,0.0,-0.27608776092529297,-0.03131254017353058,0.0
3.46,3.3899059295654297,-2.0208630561828613,2.0,-1.8490358591079712,-0.6563588976860046,0.0,-0.274075448513031,-0.030979346483945847,0.0
3.47,3.37140154838562,-2.027428150177002,2.0,-1.8517664670944214,-0.656667172908783,0.0,-0.2720605731010437,-0.030643176287412643,0.0
3.48,3.3528707027435303,-2.03399658203125,2.0,-1.8544769287109375,-0.6569718718528748,0.0,-0.270043283700943,-0.030303955078125,0.0
3.49,3.3343119621276855,-2.0405678749084473,2.0,-1.8571674823760986,-0.6572731137275696,0.0,-0.2680235207080841,-0.029961757361888885,0.0
3.5,3.3157272338867188,-2.0471415519714355,2.0,-1.8598374128341675,-0.657571017742157,0.0,-0.266001433134079,-0.029616527259349823,0.0
3.5100000000000002,3.2971155643463135,-2.0537190437316895,2.0,-1.8624871969223022,-0.6578655242919922,0.0,-0.26397693157196045,-0.029268283396959305,0.0
3.52,3.278477668762207,-2.0602991580963135,2.0,-1.8651169538497925,-0.6581563949584961,0.0,-0.2619500756263733,-0.02891700714826584,0.0
3.5300000000000002,3.2598133087158203,-2.0668821334838867,2.0,-1.8677263259887695,-0.6584437489509583,0.0,-0.2599209249019623,-0.02856273576617241,0.0
3.54,3.2411231994628906,-2.073467969894409,2.0,-1.870315432548523,-0.6587277054786682,0.0,-0.25788944959640503,-0.028205450624227524,0.0
3.5500000000000003,3.222407102584839,-2.080056667327881,2.0,-1.8728840351104736,-0.6590079069137573,0.0,-0.2558557391166687,-0.027845153585076332,0.0
3.56,3.2036657333374023,-2.0866479873657227,2.0,-1.8754323720932007,-0.6592845916748047,0.0,-0.2538197338581085,-0.027481861412525177,0.0
3.5700000000000003,3.1848983764648438,-2.0932421684265137,2.0,-1.8779605627059937,-0.6595575213432312,0.0,-0.25178152322769165,-0.027115534991025925,0.0
3.58,3.1661062240600586,-2.099839448928833,2.0,-1.8804682493209839,-0.6598268747329712,0.0,-0.2497410774230957,-0.026746215298771858,0.0
3.59,3.147289276123047,-2.1064391136169434,2.0,-1.8829554319381714,-0.6600925326347351,0.0,-0.24769854545593262,-0.026373881846666336,0.0
3.6,3.1284472942352295,-2.1130409240722656,2.0,-1.8854221105575562,-0.6603543758392334,0.0,-0.24565379321575165,-0.025998534634709358,0.0
3.61,3.1095807552337646,-2.119645833969116,2.0,-1.8878685235977173,-0.6606124043464661,0.0,-0.24360696971416473,-0.025620192289352417,0.0
3.62,3.0906901359558105,-2.126253604888916,2.0,-1.8902943134307861,-0.6608666777610779,0.0,-0.24155807495117188,-0.02523883804678917,0.0
3.63,3.071774959564209,-2.1328632831573486,2.0,-1.8926994800567627,-0.6611172556877136,0.0,-0.2395070642232895,-0.024854488670825958,0.0
3.64,3.0528361797332764,-2.1394755840301514,2.0,-1.8950843811035156,-0.6613637804985046,0.0,-0.23745402693748474,-0.024467162787914276,0.0
3.65,3.0338730812072754,-2.146090507507324,2.0,-1.8974487781524658,-0.66160649061203,0.0,-0.23539893329143524,-0.024076804518699646,0.0
3.66,3.0148870944976807,-2.152707576751709,2.0,-1.8997923135757446,-0.661845326423645,0.0,-0.23334191739559174,-0.023683471605181694,0.0
3.67,2.995877504348755,-2.159327507019043,2.0,-1.9021154642105103,-0.6620802283287048,0.0,-0.23128291964530945,-0.023287124931812286,0.0
3.68,2.9768452644348145,-2.1659493446350098,2.0,-1.9044179916381836,-0.6623111367225647,0.0,-0.22922199964523315,-0.022887783125042915,0.0
3.69,2.957789421081543,-2.172574043273926,2.0,-1.9067000150680542,-0.6625379323959351,0.0,-0.22715915739536285,-0.02248542755842209,0.0
3.7,2.938711166381836,-2.1792001724243164,2.0,-1.9089611768722534,-0.6627607941627502,0.0,-0.22509440779685974,-0.022080115973949432,0.0
3.71,2.9196102619171143,-2.185828685760498,2.0,-1.9112017154693604,-0.6629795432090759,0.0,-0.22302784025669098,-0.021671809256076813,0.0
3.72,2.900486946105957,-2.1924595832824707,2.0,-1.913421630859375,-0.6631942391395569,0.0,-0.22095941007137299,-0.02126050926744938,0.0
3.73,2.8813416957855225,-2.1990928649902344,2.0,-1.915621042251587,-0.663404643535614,0.0,-0.21888916194438934,-0.020846214145421982,0.0
3.74,2.8621747493743896,-2.205728054046631,2.0,-1.9177993535995483,-0.663611114025116,0.0,-0.21681712567806244,-0.020428942516446114,0.0
3.75,2.8429861068725586,-2.212364673614502,2.0,-1.919957160949707,-0.6638133525848389,0.0,-0.21474340558052063,-0.020008716732263565,0.0
3.7600000000000002,2.82377552986145,-2.219003915786743,2.0,-1.9220943450927734,-0.6640111804008484,0.0,-0.21266789734363556,-0.01958545669913292,0.0
3.77,2.804544448852539,-2.225645065307617,2.0,-1.924210548400879,-0.6642050743103027,0.0,-0.21059072017669678,-0.019159240648150444,0.0
3.7800000000000002,2.7852916717529297,-2.232288360595703,2.0,-1.926306128501892,-0.6643943786621094,0.0,-0.2085118442773819,-0.01873006857931614,0.0
3.79,2.7660181522369385,-2.2389328479766846,2.0,-1.9283808469772339,-0.6645796895027161,0.0,-0.2064313143491745,-0.018297920003533363,0.0
3.8000000000000003,2.7467241287231445,-2.245579719543457,2.0,-1.9304348230361938,-0.664760410785675,0.0,-0.20434918999671936,-0.017862796783447266,0.0
3.81,2.7274091243743896,-2.2522287368774414,2.0,-1.9324678182601929,-0.6649368405342102,0.0,-0.2022654116153717,-0.017424678429961205,0.0
3.8200000000000003,2.7080750465393066,-2.258878469467163,2.0,-1.9344799518585205,-0.6651089787483215,0.0,-0.20018012821674347,-0.016983622685074806,0.0
3.83,2.6887197494506836,-2.2655301094055176,2.0,-1.9364713430404663,-0.6652764678001404,0.0,-0.1980932503938675,-0.016539592295885086,0.0
3.84,2.6693451404571533,-2.272184371948242,2.0,-1.9384418725967407,-0.6654396653175354,0.0,-0.19600486755371094,-0.016092605888843536,0.0
3.85,2.649951457977295,-2.278839111328125,2.0,-1.9403915405273438,-0.6655983328819275,0.0,-0.19391503930091858,-0.015642700716853142,0.0
3.86,2.630537748336792,-2.285496234893799,2.0,-1.9423202276229858,-0.6657525897026062,0.0,-0.19182367622852325,-0.015189780853688717,0.0
3.87,2.611104965209961,-2.292153835296631,2.0,-1.9442280530929565,-0.6659021377563477,0.0,-0.1897309124469757,-0.014733962714672089,0.0
3.88,2.5916528701782227,-2.298813819885254,2.0,-1.9461147785186768,-0.666047215461731,0.0,-0.18763668835163116,-0.014275150373578072,0.0
3.89,2.5721824169158936,-2.3054752349853516,2.0,-1.9479808807373047,-0.666187584400177,0.0,-0.18554110825061798,-0.013813399709761143,0.0
3.9,2.5526938438415527,-2.3121378421783447,2.0,-1.949825644493103,-0.6663234233856201,0.0,-0.18344421684741974,-0.013348712585866451,0.0
3.91,2.5331859588623047,-2.3188014030456543,2.0,-1.9516496658325195,-0.6664546132087708,0.0,-0.1813458949327469,-0.012881126254796982,0.0
3.92,2.5136606693267822,-2.3254668712615967,2.0,-1.953452706336975,-0.6665809750556946,0.0,-0.17924632132053375,-0.012410526163876057,0.0
3.93,2.494117259979248,-2.3321332931518555,2.0,-1.9552345275878906,-0.6667028665542603,0.0,-0.17714545130729675,-0.011937045492231846,0.0
3.94,2.4745559692382812,-2.3388009071350098,2.0,-1.9569956064224243,-0.6668197512626648,0.0,-0.17504334449768066,-0.011460628360509872,0.0
3.95,2.454977512359619,-2.3454694747924805,2.0,-1.9587353467941284,-0.6669321060180664,0.0,-0.1729399859905243,-0.010981273837387562,0.0
3.96,2.4353814125061035,-2.3521392345428467,2.0,-1.9604542255401611,-0.6670393943786621,0.0,-0.1708354353904724,-0.010499019175767899,0.0
3.97,2.4157681465148926,-2.3588109016418457,2.0,-1.962152123451233,-0.6671420335769653,0.0,-0.16872966289520264,-0.01001380942761898,0.0
3.98,2.3961384296417236,-2.3654823303222656,2.0,-1.9638289213180542,-0.6672397255897522,0.0,-0.1666228324174881,-0.009525737725198269,0.0
3.99,2.3764917850494385,-2.37215518951416,2.0,-1.965484619140625,-0.6673324108123779,0.0,-0.16451480984687805,-0.009034710004925728,0.0
4.0,2.356828451156616,-2.37882924079895,2.0,-1.9671192169189453,-0.6674203276634216,0.0,-0.16240568459033966,-0.008540763519704342,0.0
4.01,2.3371496200561523,-2.3855037689208984,2.0,-1.9687327146530151,-0.667503297328949,0.0,-0.1602955162525177,-0.008043975569307804,0.0
4.0200000000000005,2.3174540996551514,-2.392178773880005,2.0,-1.9703251123428345,-0.6675812602043152,0.0,-0.1581842601299286,-0.0075442311353981495,0.0
4.03,2.297743320465088,-2.398855209350586,2.0,-1.9718964099884033,-0.6676542162895203,0.0,-0.15607206523418427,-0.007041625678539276,0.0
4.04,2.2780163288116455,-2.405532121658325,2.0,-1.9734464883804321,-0.6677221655845642,0.0,-0.1539587825536728,-0.006536121014505625,0.0
4.05,2.2582738399505615,-2.4122095108032227,2.0,-1.9749755859375,-0.6677848696708679,0.0,-0.1518445909023285,-0.006027698516845703,0.0
4.0600000000000005,2.2385170459747314,-2.4188876152038574,2.0,-1.9764833450317383,-0.6678425669670105,0.0,-0.14972949028015137,-0.005516414530575275,0.0
4.07,2.2187445163726807,-2.4255664348602295,2.0,-1.9779701232910156,-0.6678951978683472,0.0,-0.14761339128017426,-0.005002250429242849,0.0
4.08,2.1989574432373047,-2.4322457313537598,2.0,-1.9794358015060425,-0.6679425835609436,0.0,-0.1454964429140091,-0.004485187586396933,0.0
4.09,2.1791558265686035,-2.438925266265869,2.0,-1.9808800220489502,-0.6679849028587341,0.0,-0.1433786302804947,-0.003965282347053289,0.0
4.1,2.1593399047851562,-2.445605516433716,2.0,-1.982303261756897,-0.6680218577384949,0.0,-0.14126001298427582,-0.003442516317591071,0.0
4.11,2.139509916305542,-2.4522852897644043,2.0,-1.9837051630020142,-0.6680538058280945,0.0,-0.1391405612230301,-0.0029168890323489904,0.0
4.12,2.11966609954834,-2.4589662551879883,2.0,-1.9850860834121704,-0.6680802702903748,0.0,-0.13702034950256348,-0.002388381864875555,0.0
4.13,2.0998082160949707,-2.4656472206115723,2.0,-1.986445665359497,-0.6681013703346252,0.0,-0.1348993480205536,-0.0018570327665656805,0.0
4.14,2.079937219619751,-2.4723284244537354,2.0,-1.9877840280532837,-0.6681174635887146,0.0,-0.1327776461839676,-0.0013228225288912654,0.0
4.15,2.0600526332855225,-2.4790098667144775,2.0,-1.9891012907028198,-0.6681278944015503,0.0,-0.1306552290916443,-0.0007857894524931908,0.0
4.16,2.0401554107666016,-2.4856910705566406,2.0,-1.9903970956802368,-0.6681331992149353,0.0,-0.12853215634822845,-0.000245914445258677,0.0
4.17,2.020244836807251,-2.4923722743988037,2.0,-1.9916718006134033,-0.6681328415870667,0.0,-0.1264084130525589,0.0002968215849250555,0.0
4.18,2.000321626663208,-2.499053478240967,2.0,-1.9929252862930298,-0.668127179145813,0.0,-0.12428401410579681,0.0008423614199273288,0.0
4.19,1.9803866147994995,-2.50573468208313,2.0,-1.9941574335098267,-0.66811603307724,0.0,-0.12215909361839294,0.0013907051179558039,0.0
4.2,1.960438847541809,-2.512416124343872,2.0,-1.9953685998916626,-0.6680992841720581,0.0,-0.12003357708454132,0.0019419097807258368,0.0
4.21,1.9404786825180054,-2.519096612930298,2.0,-1.9965581893920898,-0.6680771112442017,0.0,-0.11790746450424194,0.0024959181901067495,0.0
4.22,1.9205076694488525,-2.5257773399353027,2.0,-1.9977266788482666,-0.6680493950843811,0.0,-0.11578091233968735,0.0030527114868164062,0.0
4.23,1.900524377822876,-2.5324573516845703,2.0,-1.9988737106323242,-0.6680160760879517,0.0,-0.11365380138158798,0.0036123464815318584,0.0
4.24,1.8805304765701294,-2.539137363433838,2.0,-1.9999996423721313,-0.6679772138595581,0.0,-0.11152630299329758,0.004174728412181139,0.0
4.25,1.8605245351791382,-2.5458168983459473,2.0,-2.0011043548583984,-0.6679326891899109,0.0,-0.10939828306436539,0.004739932715892792,0.0
4.26,1.840507984161377,-2.5524964332580566,2.0,-2.002187728881836,-0.6678823232650757,0.0,-0.10726989805698395,0.005307941231876612,0.0
4.2700000000000005,1.820481300354004,-2.5591750144958496,2.0,-2.0032498836517334,-0.6678264737129211,0.0,-0.10514116287231445,0.005878696218132973,0.0
4.28,1.800443172454834,-2.565852403640747,2.0,-2.0042903423309326,-0.6677647233009338,0.0,-0.10301198810338974,0.006452216766774654,0.0
4.29,1.7803951501846313,-2.5725302696228027,2.0,-2.00531005859375,-0.6676972508430481,0.0,-0.10088250786066055,0.0070285797119140625,0.0
4.3,1.7603371143341064,-2.5792064666748047,2.0,-2.006308078765869,-0.6676241755485535,0.0,-0.09875273704528809,0.0076076313853263855,0.0
4.3100000000000005,1.7402691841125488,-2.5858826637268066,2.0,-2.0072851181030273,-0.6675451993942261,0.0,-0.09662269055843353,0.008189487271010876,0.0
4.32,1.7201915979385376,-2.592557430267334,2.0,-2.0082404613494873,-0.6674605011940002,0.0,-0.09449238330125809,0.008774051442742348,0.0
4.33,1.7001044750213623,-2.599231719970703,2.0,-2.0091748237609863,-0.6673696637153625,0.0,-0.09236184507608414,0.009361419826745987,0.0
4.34,1.6800081729888916,-2.605905055999756,2.0,-2.010087728500366,-0.6672730445861816,0.0,-0.09023112058639526,0.0099515151232481,0.0
4.3500000000000005,1.659902811050415,-2.612577438354492,2.0,-2.010979413986206,-0.6671707034111023,0.0,-0.08810020983219147,0.010544318705797195,0.0
4.36,1.6397886276245117,-2.619248151779175,2.0,-2.011849880218506,-0.6670622229576111,0.0,-0.08596915751695633,0.011139869689941406,0.0
4.37,1.619665503501892,-2.6259188652038574,2.0,-2.0126988887786865,-0.6669477820396423,0.0,-0.08383794873952866,0.011738147586584091,0.0
4.38,1.5995348691940308,-2.63258695602417,2.0,-2.013526678085327,-0.6668274402618408,0.0,-0.0817067101597786,0.012339115142822266,0.0
4.39,1.5793952941894531,-2.6392550468444824,2.0,-2.0143330097198486,-0.666701078414917,0.0,-0.07957535237073898,0.012942790985107422,0.0
4.4,1.559248447418213,-2.645920753479004,2.0,-2.01511812210083,-0.6665686964988708,0.0,-0.07744400948286057,0.01354921329766512,0.0
4.41,1.539093017578125,-2.6525862216949463,2.0,-2.0158817768096924,-0.6664301156997681,0.0,-0.07531257718801498,0.014158287085592747,0.0
4.42,1.518930435180664,-2.659249782562256,2.0,-2.0166242122650146,-0.6662853956222534,0.0,-0.07318118959665298,0.014770107343792915,0.0
4.43,1.4987609386444092,-2.66591215133667,2.0,-2.017345428466797,-0.6661347150802612,0.0,-0.07104988396167755,0.01538453996181488,0.0
4.44,1.478583574295044,-2.672572374343872,2.0,-2.018045425415039,-0.6659777164459229,0.0,-0.06891854852437973,0.01600170135498047,0.0
4.45,1.4584002494812012,-2.6792311668395996,2.0,-2.018723964691162,-0.6658146977424622,0.0,-0.06678740680217743,0.016621513292193413,0.0
4.46,1.4382092952728271,-2.6858887672424316,2.0,-2.019381046295166,-0.6656453013420105,0.0,-0.06465627998113632,0.017244014889001846,0.0
4.47,1.4180121421813965,-2.692544460296631,2.0,-2.020017147064209,-0.6654696464538574,0.0,-0.06252533942461014,0.017869167029857635,0.0
4.48,1.3978091478347778,-2.699197769165039,2.0,-2.0206315517425537,-0.665287971496582,0.0,-0.06039457768201828,0.018496951088309288,0.0
4.49,1.3775997161865234,-2.705850124359131,2.0,-2.0212249755859375,-0.6650997996330261,0.0,-0.058264005929231644,0.019127368927001953,0.0
4.5,1.357384443283081,-2.7125000953674316,2.0,-2.021796941757202,-0.6649052500724792,0.0,-0.05613364651799202,0.019760437309741974,0.0
4.51,1.3371639251708984,-2.7191483974456787,2.0,-2.0223476886749268,-0.6647046208381653,0.0,-0.05400354415178299,0.02039615623652935,0.0
4.5200000000000005,1.3169376850128174,-2.7257943153381348,2.0,-2.0228769779205322,-0.6644973158836365,0.0,-0.05187370628118515,0.021034488454461098,0.0
4.53,1.2967066764831543,-2.732438087463379,2.0,-2.0233850479125977,-0.6642839312553406,0.0,-0.04974417760968208,0.021675394847989082,0.0
4.54,1.2764701843261719,-2.7390801906585693,2.0,-2.023871898651123,-0.6640639305114746,0.0,-0.04761497303843498,0.022318953648209572,0.0
4.55,1.2562286853790283,-2.7457194328308105,2.0,-2.0243375301361084,-0.6638374328613281,0.0,-0.045486077666282654,0.02296510711312294,0.0
4.5600000000000005,1.2359836101531982,-2.75235652923584,2.0,-2.0247814655303955,-0.6636046171188354,0.0,-0.04335763677954674,0.023613853380084038,0.0
4.57,1.215733528137207,-2.7589917182922363,2.0,-2.0252044200897217,-0.6633651852607727,0.0,-0.04122956097126007,0.024265194311738014,0.0
4.58,1.195479154586792,-2.7656238079071045,2.0,-2.025606155395508,-0.6631192564964294,0.0,-0.03910187631845474,0.024919088929891586,0.0
4.59,1.1752216815948486,-2.7722537517547607,2.0,-2.025986433029175,-0.6628667712211609,0.0,-0.03697473555803299,0.025575561448931694,0.0
4.6000000000000005,1.1549596786499023,-2.778881072998047,2.0,-2.026345729827881,-0.6626077890396118,0.0,-0.03484799340367317,0.02623460628092289,0.0
4.61,1.1346948146820068,-2.785505771636963,2.0,-2.0266835689544678,-0.6623421311378479,0.0,-0.032721832394599915,0.026896189898252487,0.0
4.62,1.1144261360168457,-2.792128086090088,2.0,-2.0270001888275146,-0.6620699167251587,0.0,-0.030596140772104263,0.02756032906472683,0.0
4.63,1.0941544771194458,-2.7987473011016846,2.0,-2.0272953510284424,-0.6617908477783203,0.0,-0.02847103960812092,0.028227005153894424,0.0
4.64,1.0738804340362549,-2.805363893508911,2.0,-2.027569532394409,-0.6615052223205566,0.0,-0.026346558704972267,0.028896216303110123,0.0
4.65,1.0536034107208252,-2.8119773864746094,2.0,-2.027822494506836,-0.6612129211425781,0.0,-0.024222631007432938,0.029567984864115715,0.0
4.66,1.0333237648010254,-2.8185882568359375,2.0,-2.0280539989471436,-0.66091388463974,0.0,-0.02209935151040554,0.03024221397936344,0.0
4.67,1.0130424499511719,-2.825195789337158,2.0,-2.028264284133911,-0.6606082320213318,0.0,-0.019976768642663956,0.030918998643755913,0.0
4.68,0.9927586317062378,-2.8317999839782715,2.0,-2.0284535884857178,-0.6602954864501953,0.0,-0.017854852601885796,0.03159826248884201,0.0
4.69,0.9724734425544739,-2.8384015560150146,2.0,-2.0286214351654053,-0.6599761843681335,0.0,-0.01573367975652218,0.03227996826171875,0.0
4.7,0.9521864056587219,-2.8449997901916504,2.0,-2.028768301010132,-0.6596498489379883,0.0,-0.013613224029541016,0.032964229583740234,0.0
4.71,0.9318978786468506,-2.8515944480895996,2.0,-2.0288937091827393,-0.6593167185783386,0.0,-0.01149354875087738,0.03365093097090721,0.0
4.72,0.9116085767745972,-2.8581857681274414,2.0,-2.0289981365203857,-0.6589769721031189,0.0,-0.009374666027724743,0.034340113401412964,0.0
4.73,0.8913180828094482,-2.864774227142334,2.0,-2.029081106185913,-0.6586300134658813,0.0,-0.007256602868437767,0.03503173589706421,0.0
4.74,0.8710266351699829,-2.871358871459961,2.0,-2.0291430950164795,-0.6582762002944946,0.0,-0.005139360204339027,0.03572588041424751,0.0
4.75,0.8507354855537415,-2.8779397010803223,2.0,-2.029184103012085,-0.6579155325889587,0.0,-0.0030230521224439144,0.03642236813902855,0.0
4.76,0.830443263053894,-2.884516954421997,2.0,-2.0292036533355713,-0.6575477719306946,0.0,-0.0009075736743398011,0.037121351808309555,0.0
4.7700000000000005,0.8101515769958496,-2.8910906314849854,2.0,-2.0292022228240967,-0.6571730971336365,0.0,0.0012069129152223468,0.037822723388671875,0.0
4.78,0.7898594737052917,-2.897660732269287,2.0,-2.029179573059082,-0.6567913293838501,0.0,0.00332049373537302,0.038526516407728195,0.0
4.79,0.7695675492286682,-2.904226541519165,2.0,-2.0291359424591064,-0.6564025282859802,0.0,0.0054331207647919655,0.03923274949193001,0.0
4.8,0.7492769956588745,-2.910788059234619,2.0,-2.0290708541870117,-0.6560066938400269,0.0,0.007544679567217827,0.03994131088256836,0.0
4.8100000000000005,0.7289863228797913,-2.917346477508545,2.0,-2.028984785079956,-0.6556037068367004,0.0,0.009655275382101536,0.0406523123383522,0.0
4.82,0.7086973786354065,-2.923900604248047,2.0,-2.0288779735565186,-0.6551936864852905,0.0,0.011764764785766602,0.04136567935347557,0.0
4.83,0.6884089708328247,-2.930450201034546,2.0,-2.028749465942383,-0.6547764539718628,0.0,0.013873233459889889,0.042081449180841446,0.0
4.84,0.6681220531463623,-2.9369959831237793,2.0,-2.0286004543304443,-0.6543518900871277,0.0,0.015980567783117294,0.04279956594109535,0.0
4.8500000000000005,0.6478371620178223,-2.9435372352600098,2.0,-2.0284297466278076,-0.6539204716682434,0.0,0.018086757510900497,0.043519992381334305,0.0
4.86,0.6275536417961121,-2.9500741958618164,2.0,-2.028238534927368,-0.6534816026687622,0.0,0.02019181288778782,0.044242799282073975,0.0
4.87,0.6072722673416138,-2.956606864929199,2.0,-2.0280263423919678,-0.6530354619026184,0.0,0.02229568362236023,0.044967956840991974,0.0
4.88,0.5869932770729065,-2.963135242462158,2.0,-2.0277926921844482,-0.6525822877883911,0.0,0.02439834550023079,0.04569539800286293,0.0
4.89,0.5667165517807007,-2.969658613204956,2.0,-2.0275380611419678,-0.6521215438842773,0.0,0.02649976685643196,0.046425171196460724,0.0
4.9,0.5464427471160889,-2.976177215576172,2.0,-2.0272624492645264,-0.6516537666320801,0.0,0.028599947690963745,0.047157227993011475,0.0
4.91,0.5261714458465576,-2.982691764831543,2.0,-2.026966094970703,-0.6511784791946411,0.0,0.03069884143769741,0.047891635447740555,0.0
4.92,0.505902886390686,-2.989201068878174,2.0,-2.026648759841919,-0.65069580078125,0.0,0.032796457409858704,0.048628270626068115,0.0
4.93,0.48563873767852783,-2.9957056045532227,2.0,-2.026310443878174,-0.6502059102058411,0.0,0.03489265218377113,0.04936721548438072,0.0
4.94,0.4653772711753845,-3.0022053718566895,2.0,-2.0259509086608887,-0.6497084498405457,0.0,0.0369875505566597,0.05010843276977539,0.0
4.95,0.4451192617416382,-3.008699417114258,2.0,-2.0255706310272217,-0.6492036581039429,0.0,0.03908109664916992,0.050851915031671524,0.0
4.96,0.4248659610748291,-3.0151891708374023,2.0,-2.0251691341400146,-0.6486914753913879,0.0,0.04117315262556076,0.05159761384129524,0.0
4.97,0.40461599826812744,-3.0216736793518066,2.0,-2.024747133255005,-0.6481717228889465,0.0,0.04326385259628296,0.052345581352710724,0.0
4.98,0.384371280670166,-3.0281524658203125,2.0,-2.024303913116455,-0.6476446390151978,0.0,0.045353010296821594,0.05309572070837021,0.0
4.99,0.36413007974624634,-3.0346264839172363,2.0,-2.0238399505615234,-0.647109866142273,0.0,0.04744076728820801,0.05384815111756325,0.0
5.0,0.3438940644264221,-3.0410947799682617,2.0,-2.02335524559021,-0.6465675234794617,0.0,0.049526967108249664,0.05460275709629059,0.0
5.01,0.3236634135246277,-3.0475573539733887,2.0,-2.0228495597839355,-0.6460177302360535,0.0,0.05161159485578537,0.055359553545713425,0.0
5.0200000000000005,0.3034374713897705,-3.0540149211883545,2.0,-2.0223228931427,-0.645460307598114,0.0,0.0536947064101696,0.056118544191122055,0.0
5.03,0.28321629762649536,-3.060466766357422,2.0,-2.021775484085083,-0.6448953747749329,0.0,0.05577629804611206,0.05687974765896797,0.0
5.04,0.26300185918807983,-3.0669126510620117,2.0,-2.021207571029663,-0.6443228125572205,0.0,0.05785617232322693,0.057643067091703415,0.0
5.05,0.24279260635375977,-3.0733530521392822,2.0,-2.020618438720703,-0.6437425017356873,0.0,0.05993444845080376,0.05840858444571495,0.0
5.0600000000000005,0.22258985042572021,-3.0797877311706543,2.0,-2.0200088024139404,-0.6431546211242676,0.0,0.06201102212071419,0.05917617678642273,0.0
5.07,0.2023923397064209,-3.0862162113189697,2.0,-2.019378185272217,-0.6425590515136719,0.0,0.06408601254224777,0.059945981949567795,0.0
5.08,0.18220162391662598,-3.0926387310028076,2.0,-2.0187270641326904,-0.6419556736946106,0.0,0.06615923345088959,0.06071788817644119,0.0
5.09,0.16201823949813843,-3.099055290222168,2.0,-2.018054962158203,-0.6413446664810181,0.0,0.06823067367076874,0.06149190664291382,0.0
5.1000000000000005,0.14184099435806274,-3.105465888977051,2.0,-2.017362356185913,-0.6407257914543152,0.0,0.07030039280653,0.06226802617311478,0.0
5.11,0.12167078256607056,-3.1118698120117188,2.0,-2.0166492462158203,-0.6400991678237915,0.0,0.0723683312535286,0.06304626166820526,0.0
5.12,0.10150802135467529,-3.11826753616333,2.0,-2.0159151554107666,-0.6394649744033813,0.0,0.07443446666002274,0.06382657587528229,0.0
5.13,0.08135241270065308,-3.124659538269043,2.0,-2.015160322189331,-0.6388227343559265,0.0,0.07649876177310944,0.06460893154144287,0.0
5.14,0.06120520830154419,-3.1310439109802246,2.0,-2.0143849849700928,-0.6381727457046509,0.0,0.07856114208698273,0.06539338827133179,0.0
5.15,0.041065096855163574,-3.137422561645508,2.0,-2.0135891437530518,-0.6375147700309753,0.0,0.08062168955802917,0.06617988646030426,0.0
5.16,0.020933151245117188,-3.143794298171997,2.0,-2.012772798538208,-0.6368489265441895,0.0,0.08268032222986221,0.06696838140487671,0.0
5.17,0.0008096694946289062,-3.1501595973968506,2.0,-2.0119354724884033,-0.6361755728721619,0.0,0.08473703265190125,0.06775897741317749,0.0
5.18,-0.019305527210235596,-3.156517505645752,2.0,-2.011077880859375,-0.6354939341545105,0.0,0.08679176867008209,0.06855151802301407,0.0
5.19,-0.03941148519515991,-3.1628692150115967,2.0,-2.010199785232544,-0.6348044872283936,0.0,0.08884448558092117,0.06934608519077301,0.0
5.2,-0.05950915813446045,-3.1692142486572266,2.0,-2.009300947189331,-0.6341069340705872,0.0,0.09089522808790207,0.07014268636703491,0.0
5.21,-0.07959812879562378,-3.175551414489746,2.0,-2.0083816051483154,-0.6334015727043152,0.0,0.09294401109218597,0.07094127684831619,0.0
5.22,-0.09967684745788574,-3.181881904602051,2.0,-2.0074422359466553,-0.6326882243156433,0.0,0.09499062597751617,0.07174181193113327,0.0
5.23,-0.11974656581878662,-3.1882057189941406,2.0,-2.006481885910034,-0.6319667100906372,0.0,0.09703519940376282,0.07254430651664734,0.0
5.24,-0.1398066282272339,-3.194521188735962,2.0,-2.0055015087127686,-0.6312372088432312,0.0,0.09907766431570053,0.07334873080253601,0.0
5.25,-0.15985625982284546,-3.20082950592041,2.0,-2.0045006275177,-0.6304997205734253,0.0,0.10111795365810394,0.07415513694286346,0.0
5.26,-0.17989671230316162,-3.2071311473846436,2.0,-2.00347900390625,-0.6297542452812195,0.0,0.1031562015414238,0.07496345043182373,0.0
5.2700000000000005,-0.1999257206916809,-3.2134251594543457,2.0,-2.0024373531341553,-0.6290006041526794,0.0,0.1051921471953392,0.0757736936211586,0.0
5.28,-0.2199450135231018,-3.2197108268737793,2.0,-2.001375198364258,-0.6282386779785156,0.0,0.1072259470820427,0.07658582180738449,0.0
5.29,-0.23995345830917358,-3.225989818572998,2.0,-2.000293016433716,-0.6274686455726624,0.0,0.1092575266957283,0.07739986479282379,0.0
5.3,-0.2599504590034485,-3.232260227203369,2.0,-1.9991902112960815,-0.6266906261444092,0.0,0.11128678917884827,0.07821574807167053,0.0
5.3100000000000005,-0.27993738651275635,-3.238523483276367,2.0,-1.9980671405792236,-0.6259045004844666,0.0,0.11331392079591751,0.07903358340263367,0.0
5.32,-0.2999125123023987,-3.244778633117676,2.0,-1.996923804283142,-0.6251099705696106,0.0,0.11533865332603455,0.07985322922468185,0.0
5.33,-0.3198753595352173,-3.251025676727295,2.0,-1.9957603216171265,-0.6243073344230652,0.0,0.11736100912094116,0.08067472279071808,0.0
5.34,-0.339827299118042,-3.2572646141052246,2.0,-1.9945766925811768,-0.6234964728355408,0.0,0.11938109993934631,0.08149802684783936,0.0
5.3500000000000005,-0.35976696014404297,-3.263495445251465,2.0,-1.9933727979660034,-0.6226775050163269,0.0,0.12139880657196045,0.08232320845127106,0.0
5.36,-0.3796948194503784,-3.269718647003174,2.0,-1.9921486377716064,-0.6218500733375549,0.0,0.12341411411762238,0.08315015584230423,0.0
5.37,-0.39961016178131104,-3.275932550430298,2.0,-1.990904450416565,-0.6210142970085144,0.0,0.1254269927740097,0.08397892117500305,0.0
5.38,-0.41951239109039307,-3.2821381092071533,2.0,-1.9896401166915894,-0.6201704144477844,0.0,0.12743738293647766,0.08480941504240036,0.0
5.39,-0.43940263986587524,-3.2883362770080566,2.0,-1.9883558750152588,-0.6193181276321411,0.0,0.12944535911083221,0.0856417641043663,0.0
5.4,-0.45928019285202026,-3.294524669647217,2.0,-1.987051248550415,-0.6184576153755188,0.0,0.13145089149475098,0.08647584915161133,0.0
5.41,-0.4791436791419983,-3.3007049560546875,2.0,-1.9857267141342163,-0.6175886988639832,0.0,0.13345381617546082,0.08731166273355484,0.0
5.42,-0.4989943504333496,-3.3068764209747314,2.0,-1.9843822717666626,-0.6167113184928894,0.0,0.1354542374610901,0.08814921975135803,0.0
5.43,-0.5188308954238892,-3.3130390644073486,2.0,-1.9830178022384644,-0.6158257126808167,0.0,0.13745205104351044,0.08898849040269852,0.0
5.44,-0.5386546850204468,-3.319193124771118,2.0,-1.9816330671310425,-0.6149316430091858,0.0,0.1394473761320114,0.08982955664396286,0.0
5.45,-0.5584641098976135,-3.3253378868103027,2.0,-1.9802286624908447,-0.614029049873352,0.0,0.14144004881381989,0.09067226201295853,0.0
5.46,-0.5782589316368103,-3.3314735889434814,2.0,-1.9788042306900024,-0.6131181716918945,0.0,0.14343003928661346,0.09151660650968552,0.0
5.47,-0.5980398654937744,-3.3376002311706543,2.0,-1.9773601293563843,-0.6121987104415894,0.0,0.14541740715503693,0.09236268699169159,0.0
5.48,-0.6178057193756104,-3.343717575073242,2.0,-1.9758961200714111,-0.6112709045410156,0.0,0.14740204811096191,0.09321040660142899,0.0
5.49,-0.637557864189148,-3.349825382232666,2.0,-1.974411964416504,-0.6103346347808838,0.0,0.14938411116600037,0.09405981004238129,0.0
5.5,-0.6572945713996887,-3.355924367904663,2.0,-1.9729083776474,-0.6093897223472595,0.0,0.15136337280273438,0.09491084516048431,0.0
5.51,-0.6770155429840088,-3.362013339996338,2.0,-1.971384882926941,-0.6084362864494324,0.0,0.15333983302116394,0.09576345235109329,0.0
5.5200000000000005,-0.6967219114303589,-3.3680930137634277,2.0,-1.9698415994644165,-0.6074743270874023,0.0,0.15531358122825623,0.09661771357059479,0.0
5.53,-0.7164126634597778,-3.3741626739501953,2.0,-1.9682785272598267,-0.6065038442611694,0.0,0.15728452801704407,0.09747353941202164,0.0
5.54,-0.7360875010490417,-3.380223035812378,2.0,-1.966695785522461,-0.605525016784668,0.0,0.15925267338752747,0.0983310267329216,0.0
5.55,-0.7557464838027954,-3.3862733840942383,2.0,-1.9650934934616089,-0.604537308216095,0.0,0.16121792793273926,0.09919004142284393,0.0
5.5600000000000005,-0.7753889560699463,-3.3923137187957764,2.0,-1.9634716510772705,-0.6035411953926086,0.0,0.16318030655384064,0.10005058348178864,0.0
5.57,-0.7950156927108765,-3.398343563079834,2.0,-1.9618300199508667,-0.6025363206863403,0.0,0.165139839053154,0.10091271996498108,0.0
5.58,-0.8146260976791382,-3.4043643474578857,2.0,-1.960168719291687,-0.6015228629112244,0.0,0.16709649562835693,0.10177642852067947,0.0
5.59,-0.8342189788818359,-3.410374164581299,2.0,-1.958487868309021,-0.6005008816719055,0.0,0.16905014216899872,0.10264158248901367,0.0
5.6000000000000005,-0.8537955284118652,-3.416374444961548,2.0,-1.9567877054214478,-0.5994700789451599,0.0,0.17100085318088531,0.10350821912288666,0.0
5.61,-0.8733549118041992,-3.422363758087158,2.0,-1.9550679922103882,-0.5984305143356323,0.0,0.17294858396053314,0.1043764278292656,0.0
5.62,-0.8928964734077454,-3.428342342376709,2.0,-1.9533287286758423,-0.5973824858665466,0.0,0.17489327490329742,0.10524606704711914,0.0
5.63,-0.9124215245246887,-3.4343113899230957,2.0,-1.95156991481781,-0.596325695514679,0.0,0.1768350601196289,0.10611722618341446,0.0
5.64,-0.9319279193878174,-3.4402694702148438,2.0,-1.9497921466827393,-0.5952602624893188,0.0,0.1787736713886261,0.1069898009300232,0.0
5.65,-0.9514169692993164,-3.4462170600891113,2.0,-1.947994589805603,-0.5941858887672424,0.0,0.18070925772190094,0.10786386579275131,0.0
5.66,-0.9708881378173828,-3.452152967453003,2.0,-1.9461778402328491,-0.5931028127670288,0.0,0.18264177441596985,0.10873927921056747,0.0
5.67,-0.9903401732444763,-3.4580788612365723,2.0,-1.9443418979644775,-0.592011034488678,0.0,0.18457108736038208,0.10961614549160004,0.0
5.68,-1.009774923324585,-3.4639930725097656,2.0,-1.9424864053726196,-0.5909106135368347,0.0,0.18649740517139435,0.11049444228410721,0.0
5.69,-1.0291905403137207,-3.4698967933654785,2.0,-1.9406118392944336,-0.5898011326789856,0.0,0.18842045962810516,0.11137410998344421,0.0
5.7,-1.0485867261886597,-3.4757893085479736,2.0,-1.9387180805206299,-0.5886830687522888,0.0,0.1903403252363205,0.11225513368844986,0.0
5.71,-1.0679645538330078,-3.48167085647583,2.0,-1.9368051290512085,-0.5875560641288757,0.0,0.19225701689720154,0.11313752830028534,0.0
5.72,-1.0873229503631592,-3.4875407218933105,2.0,-1.9348728656768799,-0.586420476436615,0.0,0.1941704899072647,0.11402127891778946,0.0
5.73,-1.1066620349884033,-3.493399143218994,2.0,-1.9329216480255127,-0.5852757096290588,0.0,0.19608069956302643,0.11490636318922043,0.0
5.74,-1.1259815692901611,-3.4992458820343018,2.0,-1.9309513568878174,-0.5841221213340759,0.0,0.1979876309633255,0.11579272896051407,0.0
5.75,-1.1452805995941162,-3.5050809383392334,2.0,-1.928961992263794,-0.5829598307609558,0.0,0.19989123940467834,0.11668040603399277,0.0
5.76,-1.164560317993164,-3.5109047889709473,2.0,-1.9269535541534424,-0.5817884802818298,0.0,0.20179156959056854,0.11756940931081772,0.0
5.7700000000000005,-1.183820366859436,-3.516716957092285,2.0,-1.9249260425567627,-0.5806083679199219,0.0,0.2036886215209961,0.11845967918634415,0.0
5.78,-1.2030589580535889,-3.522517204284668,2.0,-1.9228798151016235,-0.5794193744659424,0.0,0.20558220148086548,0.11935123056173325,0.0
5.79,-1.2222775220870972,-3.5283055305480957,2.0,-1.9208145141601562,-0.578221321105957,0.0,0.20747245848178864,0.12024398893117905,0.0
5.8,-1.2414748668670654,-3.5340816974639893,2.0,-1.91873037815094,-0.5770145058631897,0.0,0.20935924351215363,0.12113799899816513,0.0
5.8100000000000005,-1.2606518268585205,-3.5398454666137695,2.0,-1.916627287864685,-0.5757985711097717,0.0,0.21124267578125,0.12203320860862732,0.0
5.82,-1.2798079252243042,-3.545597791671753,2.0,-1.9145053625106812,-0.5745737552642822,0.0,0.2131226807832718,0.12292968481779099,0.0
5.83,-1.2989418506622314,-3.551337242126465,2.0,-1.9123649597167969,-0.5733400583267212,0.0,0.21499913930892944,0.12382733821868896,0.0
5.84,-1.3180549144744873,-3.5570645332336426,2.0,-1.9102054834365845,-0.5720972418785095,0.0,0.21687214076519012,0.12472616136074066,0.0
5.8500000000000005,-1.3371456861495972,-3.562778949737549,2.0,-1.9080275297164917,-0.5708455443382263,0.0,0.21874159574508667,0.1256261020898819,0.0
5.86,-1.356215476989746,-3.5684814453125,2.0,-1.9058306217193604,-0.5695847868919373,0.0,0.22060762345790863,0.12652726471424103,0.0
5.87,-1.3752628564834595,-3.5741710662841797,2.0,-1.9036153554916382,-0.5683149695396423,0.0,0.22247003018856049,0.1274295151233673,0.0
5.88,-1.3942874670028687,-3.5798473358154297,2.0,-1.9013813734054565,-0.5670362114906311,0.0,0.22432881593704224,0.12833288311958313,0.0
5.89,-1.4132901430130005,-3.5855112075805664,2.0,-1.899128794670105,-0.5657482147216797,0.0,0.22618404030799866,0.12923738360404968,0.0
5.9,-1.4322702884674072,-3.5911622047424316,2.0,-1.8968576192855835,-0.564451277256012,0.0,0.22803565859794617,0.1301429569721222,0.0
5.91,-1.4512273073196411,-3.5968003273010254,2.0,-1.8945680856704712,-0.5631455183029175,0.0,0.22988364100456238,0.13104966282844543,0.0
5.92,-1.4701615571975708,-3.6024250984191895,2.0,-1.892259955406189,-0.5618304014205933,0.0,0.2317279577255249,0.13195738196372986,0.0
5.93,-1.4890722036361694,-3.608036994934082,2.0,-1.889933466911316,-0.5605063438415527,0.0,0.23356853425502777,0.13286617398262024,0.0
5.94,-1.5079599618911743,-3.613635301589966,2.0,-1.8875887393951416,-0.559173047542572,0.0,0.23540546000003815,0.1337759792804718,0.0
5.95,-1.5268244743347168,-3.61922025680542,2.0,-1.8852252960205078,-0.5578307509422302,0.0,0.23723870515823364,0.13468681275844574,0.0
5.96,-1.5456643104553223,-3.6247920989990234,2.0,-1.8828438520431519,-0.5564793944358826,0.0,0.23906810581684113,0.13559865951538086,0.0
5.97,-1.5644810199737549,-3.630350112915039,2.0,-1.8804441690444946,-0.5551187992095947,0.0,0.24089381098747253,0.13651147484779358,0.0
5.98,-1.5832735300064087,-3.6358938217163086,2.0,-1.878026008605957,-0.5537490248680115,0.0,0.24271570146083832,0.1374252289533615,0.0
5.99,-1.6020411252975464,-3.6414246559143066,2.0,-1.8755897283554077,-0.5523702502250671,0.0,0.2445337474346161,0.13833999633789062,0.0
6.0,-1.6207853555679321,-3.646941900253296,2.0,-1.8731352090835571,-0.5509822964668274,0.0,0.2463480681180954,0.13925579190254211,0.0
6.01,-1.6395039558410645,-3.652444362640381,2.0,-1.8706626892089844,-0.5495852828025818,0.0,0.24815845489501953,0.14017240703105927,0.0
6.0200000000000005,-1.6581982374191284,-3.657933235168457,2.0,-1.868172287940979,-0.5481788516044617,0.0,0.24996498227119446,0.14108994603157043,0.0
6.03,-1.6768676042556763,-3.663407802581787,2.0,-1.8656635284423828,-0.5467633008956909,0.0,0.251767635345459,0.14200837910175323,0.0
6.04,-1.6955111026763916,-3.6688685417175293,2.0,-1.863136887550354,-0.5453386306762695,0.0,0.25356632471084595,0.14292773604393005,0.0
6.05,-1.7141302824020386,-3.6743149757385254,2.0,-1.8605921268463135,-0.5439047813415527,0.0,0.2553611993789673,0.1438479721546173,0.0
6.0600000000000005,-1.7327234745025635,-3.6797468662261963,2.0,-1.8580296039581299,-0.5424615740776062,0.0,0.2571520507335663,0.14476905763149261,0.0
6.07,-1.7512905597686768,-3.685163974761963,2.0,-1.8554493188858032,-0.5410094261169434,0.0,0.25893890857696533,0.1456909477710724,0.0
6.08,-1.7698322534561157,-3.6905665397644043,2.0,-1.8528509140014648,-0.539547860622406,0.0,0.2607218027114868,0.14661367237567902,0.0
6.09,-1.7883474826812744,-3.6959547996520996,2.0,-1.8502346277236938,-0.5380772948265076,0.0,0.26250070333480835,0.1475372463464737,0.0
6.1000000000000005,-1.8068368434906006,-3.7013285160064697,2.0,-1.8476009368896484,-0.5365971922874451,0.0,0.26427555084228516,0.14846161007881165,0.0
6.11,-1.8252997398376465,-3.7066869735717773,2.0,-1.8449491262435913,-0.5351077914237976,0.0,0.26604634523391724,0.14938673377037048,0.0
6.12,-1.8437354564666748,-3.7120304107666016,2.0,-1.8422800302505493,-0.5336093902587891,0.0,0.2678130269050598,0.15031257271766663,0.0
6.13,-1.8621450662612915,-3.7173585891723633,2.0,-1.8395931720733643,-0.532101571559906,0.0,0.26957568526268005,0.15123921632766724,0.0
6.140000000000001,-1.880527377128601,-3.722672939300537,2.0,-1.836888313293457,-0.5305847525596619,0.0,0.2713342308998108,0.15216664969921112,0.0
6.15,-1.8988828659057617,-3.727970600128174,2.0,-1.834166407585144,-0.5290583968162537,0.0,0.27308860421180725,0.15309472382068634,0.0
6.16,-1.9172108173370361,-3.7332534790039062,2.0,-1.8314266204833984,-0.527522623538971,0.0,0.2748388350009918,0.15402349829673767,0.0
6.17,-1.9355109930038452,-3.738520860671997,2.0,-1.828669548034668,-0.5259778499603271,0.0,0.2765848934650421,0.15495295822620392,0.0
6.18,-1.9537839889526367,-3.7437729835510254,2.0,-1.8258949518203735,-0.5244235992431641,0.0,0.27832677960395813,0.15588310360908508,0.0
6.19,-1.972029447555542,-3.749009609222412,2.0,-1.8231029510498047,-0.5228601694107056,0.0,0.28006449341773987,0.15681396424770355,0.0
6.2,-1.990246057510376,-3.754230499267578,2.0,-1.820293664932251,-0.5212874412536621,0.0,0.2817978858947754,0.15774542093276978,0.0
6.21,-2.008435010910034,-3.759434938430786,2.0,-1.8174670934677124,-0.5197052359580994,0.0,0.28352707624435425,0.15867747366428375,0.0
6.22,-2.026595115661621,-3.7646243572235107,2.0,-1.814623236656189,-0.5181137919425964,0.0,0.2852519750595093,0.15961016714572906,0.0
6.23,-2.0447275638580322,-3.7697978019714355,2.0,-1.8117618560791016,-0.5165131092071533,0.0,0.28697267174720764,0.1605435162782669,0.0
6.24,-2.062830924987793,-3.774954319000244,2.0,-1.8088836669921875,-0.5149029493331909,0.0,0.2886890172958374,0.16147732734680176,0.0
6.25,-2.080904722213745,-3.7800955772399902,2.0,-1.8059883117675781,-0.5132835507392883,0.0,0.29040098190307617,0.16241176426410675,0.0
6.26,-2.0989503860473633,-3.785220146179199,2.0,-1.8030757904052734,-0.5116546750068665,0.0,0.2921086549758911,0.16334672272205353,0.0
6.2700000000000005,-2.116966485977173,-3.79032826423645,2.0,-1.8001461029052734,-0.5100164413452148,0.0,0.29381194710731506,0.1642821878194809,0.0
6.28,-2.134953022003174,-3.7954206466674805,2.0,-1.7971994876861572,-0.5083691477775574,0.0,0.2955108880996704,0.16521824896335602,0.0
6.29,-2.1529107093811035,-3.8004961013793945,2.0,-1.7942360639572144,-0.5067121982574463,0.0,0.2972054183483124,0.16615475714206696,0.0
6.3,-2.170837640762329,-3.8055548667907715,2.0,-1.7912553548812866,-0.5050460696220398,0.0,0.2988954782485962,0.16709180176258087,0.0
6.3100000000000005,-2.188735246658325,-3.8105967044830322,2.0,-1.7882579565048218,-0.5033702850341797,0.0,0.3005811274051666,0.16802924871444702,0.0
6.32,-2.2066032886505127,-3.815622329711914,2.0,-1.7852436304092407,-0.501685380935669,0.0,0.30226239562034607,0.16896721720695496,0.0
6.33,-2.224440097808838,-3.8206303119659424,2.0,-1.7822128534317017,-0.4999910891056061,0.0,0.3039390742778778,0.16990558803081512,0.0
6.34,-2.2422471046447754,-3.825622081756592,2.0,-1.7791651487350464,-0.49828729033470154,0.0,0.30561134219169617,0.17084431648254395,0.0
6.3500000000000005,-2.260023593902588,-3.8305962085723877,2.0,-1.776100516319275,-0.4965740144252777,0.0,0.3072790503501892,0.17178352177143097,0.0
6.36,-2.277768850326538,-3.8355531692504883,2.0,-1.7730194330215454,-0.49485158920288086,0.0,0.3089422285556793,0.17272308468818665,0.0
6.37,-2.2954840660095215,-3.8404932022094727,2.0,-1.7699216604232788,-0.4931196868419647,0.0,0.3106009364128113,0.17366306483745575,0.0
6.38,-2.3131673336029053,-3.8454160690307617,2.0,-1.7668075561523438,-0.49137845635414124,0.0,0.31225496530532837,0.17460335791110992,0.0
6.390000000000001,-2.330820083618164,-3.850320816040039,2.0,-1.763676643371582,-0.4896275997161865,0.0,0.31390446424484253,0.17554400861263275,0.0
6.4,-2.3484411239624023,-3.855207920074463,2.0,-1.7605293989181519,-0.4878673553466797,0.0,0.315549373626709,0.17648494243621826,0.0
6.41,-2.366030216217041,-3.8600778579711914,2.0,-1.7573658227920532,-0.48609790205955505,0.0,0.31718960404396057,0.17742620408535004,0.0
6.42,-2.3835883140563965,-3.8649306297302246,2.0,-1.754185676574707,-0.48431894183158875,0.0,0.31882527470588684,0.17836782336235046,0.0
6.43,-2.4011144638061523,-3.8697643280029297,2.0,-1.7509891986846924,-0.4825304448604584,0.0,0.32045626640319824,0.1793096363544464,0.0
6.44,-2.4186079502105713,-3.8745808601379395,2.0,-1.7477766275405884,-0.4807327389717102,0.0,0.32208251953125,0.18025174736976624,0.0
6.45,-2.4360697269439697,-3.8793790340423584,2.0,-1.744547724723816,-0.4789254367351532,0.0,0.32370415329933167,0.18119406700134277,0.0
6.46,-2.4534988403320312,-3.884159564971924,2.0,-1.741302490234375,-0.4771089553833008,0.0,0.3253210783004761,0.18213669955730438,0.0
6.47,-2.470895767211914,-3.8889212608337402,2.0,-1.7380411624908447,-0.47528275847435,0.0,0.32693323493003845,0.18307943642139435,0.0
6.48,-2.488259792327881,-3.893664836883545,2.0,-1.734763741493225,-0.4734472334384918,0.0,0.3285406827926636,0.1840224266052246,0.0
6.49,-2.5055906772613525,-3.898390054702759,2.0,-1.7314704656600952,-0.47160235047340393,0.0,0.3301433026790619,0.18496555089950562,0.0
6.5,-2.5228888988494873,-3.9030966758728027,2.0,-1.728161096572876,-0.469747930765152,0.0,0.33174121379852295,0.18590886890888214,0.0
6.51,-2.540153741836548,-3.907784938812256,2.0,-1.7248356342315674,-0.46788427233695984,0.0,0.3333342969417572,0.1868523508310318,0.0
6.5200000000000005,-2.5573856830596924,-3.912454605102539,2.0,-1.7214943170547485,-0.4660109579563141,0.0,0.33492258191108704,0.18779593706130981,0.0
6.53,-2.5745840072631836,-3.917105197906494,2.0,-1.7181371450424194,-0.4641282260417938,0.0,0.33650603890419006,0.1887395977973938,0.0
6.54,-2.5917482376098633,-3.9217369556427,2.0,-1.7147642374038696,-0.4622361361980438,0.0,0.3380846083164215,0.18968337774276733,0.0
6.55,-2.6088790893554688,-3.926349639892578,2.0,-1.7113755941390991,-0.46033450961112976,0.0,0.33965834975242615,0.19062723219394684,0.0
6.5600000000000005,-2.625976085662842,-3.930943727493286,2.0,-1.7079709768295288,-0.45842352509498596,0.0,0.341227263212204,0.19157123565673828,0.0
6.57,-2.643038272857666,-3.935518503189087,2.0,-1.7045509815216064,-0.4565032124519348,0.0,0.3427911698818207,0.19251517951488495,0.0
6.58,-2.660066843032837,-3.9400737285614014,2.0,-1.7011152505874634,-0.45457324385643005,0.0,0.34435024857521057,0.1934591680765152,0.0
6.59,-2.677060127258301,-3.9446096420288086,2.0,-1.6976641416549683,-0.45263394713401794,0.0,0.34590429067611694,0.19440314173698425,0.0
6.6000000000000005,-2.6940200328826904,-3.9491262435913086,2.0,-1.6941970586776733,-0.4506852626800537,0.0,0.3474535048007965,0.19534720480442047,0.0
6.61,-2.710944652557373,-3.9536235332489014,2.0,-1.6907148361206055,-0.44872695207595825,0.0,0.34899771213531494,0.19629119336605072,0.0
6.62,-2.7278342247009277,-3.9581007957458496,2.0,-1.687217116355896,-0.446759432554245,0.0,0.35053688287734985,0.1972351372241974,0.0
6.63,-2.7446889877319336,-3.9625585079193115,2.0,-1.6837042570114136,-0.4447823166847229,0.0,0.3520711064338684,0.19817900657653809,0.0
6.640000000000001,-2.7615084648132324,-3.966996192932129,2.0,-1.680176019668579,-0.44279566407203674,0.0,0.35360029339790344,0.1991228312253952,0.0
6.65,-2.778292179107666,-3.971414804458618,2.0,-1.6766321659088135,-0.44079992175102234,0.0,0.35512450337409973,0.20006664097309113,0.0
6.66,-2.795041084289551,-3.9758126735687256,2.0,-1.673073410987854,-0.43879443407058716,0.0,0.3566436171531677,0.20101024210453033,0.0
6.67,-2.811753511428833,-3.9801902770996094,2.0,-1.669499397277832,-0.4367797076702118,0.0,0.3581576943397522,0.20195375382900238,0.0
6.68,-2.828430652618408,-3.9845478534698486,2.0,-1.6659103631973267,-0.4347553849220276,0.0,0.3596666753292084,0.2028971016407013,0.0
6.69,-2.8450722694396973,-3.9888856410980225,2.0,-1.6623060703277588,-0.43272170424461365,0.0,0.36117056012153625,0.20384036004543304,0.0
6.7,-2.8616766929626465,-3.9932024478912354,2.0,-1.658686876296997,-0.43067866563796997,0.0,0.36266931891441345,0.2047833949327469,0.0
6.71,-2.8782455921173096,-3.9974987506866455,2.0,-1.6550525426864624,-0.42862603068351746,0.0,0.36416301131248474,0.20572620630264282,0.0
6.72,-2.89477801322937,-4.001774311065674,2.0,-1.6514036655426025,-0.42656394839286804,0.0,0.36565151810646057,0.20666885375976562,0.0
6.73,-2.91127347946167,-4.006030082702637,2.0,-1.6477396488189697,-0.42449265718460083,0.0,0.36713483929634094,0.20761123299598694,0.0
6.74,-2.9277329444885254,-4.010264873504639,2.0,-1.6440609693527222,-0.42241182923316956,0.0,0.3686130940914154,0.2085534781217575,0.0
6.75,-2.9441545009613037,-4.0144782066345215,2.0,-1.6403673887252808,-0.42032167315483093,0.0,0.37008604407310486,0.20949538052082062,0.0
6.76,-2.9605398178100586,-4.018671035766602,2.0,-1.6366592645645142,-0.41822195053100586,0.0,0.37155383825302124,0.21043704450130463,0.0
6.7700000000000005,-2.9768881797790527,-4.0228424072265625,2.0,-1.6329363584518433,-0.4161128103733063,0.0,0.3730164170265198,0.21137838065624237,0.0
6.78,-2.9931983947753906,-4.026993274688721,2.0,-1.6291990280151367,-0.4139944016933441,0.0,0.3744737207889557,0.21231944859027863,0.0
6.79,-3.009471893310547,-4.03112268447876,2.0,-1.6254469156265259,-0.4118664860725403,0.0,0.3759258985519409,0.2132602035999298,0.0
6.8,-3.025707721710205,-4.03523063659668,2.0,-1.621680498123169,-0.40972909331321716,0.0,0.377372682094574,0.21420058608055115,0.0
6.8100000000000005,-3.041905403137207,-4.0393171310424805,2.0,-1.6178992986679077,-0.40758249163627625,0.0,0.3788142204284668,0.21514056622982025,0.0
6.82,-3.058065414428711,-4.043382167816162,2.0,-1.614104151725769,-0.4054262638092041,0.0,0.3802504539489746,0.2160802036523819,0.0
6.83,-3.0741872787475586,-4.047426223754883,2.0,-1.6102943420410156,-0.4032609462738037,0.0,0.3816814422607422,0.21701951324939728,0.0
6.84,-3.090271234512329,-4.05144739151001,2.0,-1.6064704656600952,-0.4010859429836273,0.0,0.38310706615448,0.21795837581157684,0.0
6.8500000000000005,-3.1063170433044434,-4.055447101593018,2.0,-1.6026324033737183,-0.39890164136886597,0.0,0.3845273554325104,0.2188967913389206,0.0
6.86,-3.122323751449585,-4.059425354003906,2.0,-1.5987800359725952,-0.39670804142951965,0.0,0.3859422504901886,0.21983473002910614,0.0
6.87,-3.1382923126220703,-4.063381195068359,2.0,-1.5949136018753052,-0.39450499415397644,0.0,0.3873518407344818,0.22077220678329468,0.0
6.88,-3.154222011566162,-4.067315578460693,2.0,-1.591032862663269,-0.39229270815849304,0.0,0.38875600695610046,0.22170932590961456,0.0
6.890000000000001,-3.1701130867004395,-4.071227550506592,2.0,-1.5871384143829346,-0.3900708556175232,0.0,0.3901548385620117,0.2226458340883255,0.0
6.9,-3.185965061187744,-4.0751166343688965,2.0,-1.583229899406433,-0.3878396153450012,0.0,0.391548216342926,0.22358180582523346,0.0
6.91,-3.201777219772339,-4.078984260559082,2.0,-1.5793075561523438,-0.3855992555618286,0.0,0.3929361402988434,0.2245173156261444,0.0
6.92,-3.217550754547119,-4.082828521728516,2.0,-1.575371265411377,-0.3833492696285248,0.0,0.3943186402320862,0.2254522293806076,0.0
6.93,-3.2332851886749268,-4.08665132522583,2.0,-1.5714210271835327,-0.3810901343822479,0.0,0.3956957459449768,0.2263866513967514,0.0
6.94,-3.248979091644287,-4.090450286865234,2.0,-1.5674573183059692,-0.37882161140441895,0.0,0.3970673382282257,0.22732043266296387,0.0
6.95,-3.264634132385254,-4.094227313995361,2.0,-1.5634797811508179,-0.37654370069503784,0.0,0.3984334468841553,0.22825363278388977,0.0
6.96,-3.2802486419677734,-4.0979814529418945,2.0,-1.5594886541366577,-0.37425658106803894,0.0,0.3997940421104431,0.22918620705604553,0.0
6.97,-3.295823812484741,-4.101712703704834,2.0,-1.5554838180541992,-0.3719600439071655,0.0,0.4011492133140564,0.23011821508407593,0.0
6.98,-3.311358690261841,-4.10542106628418,2.0,-1.551465630531311,-0.36965411901474,0.0,0.4024988114833832,0.23104946315288544,0.0
6.99,-3.326852798461914,-4.109105587005615,2.0,-1.5474340915679932,-0.3673390746116638,0.0,0.40384283661842346,0.2319801151752472,0.0
7.0,-3.3423070907592773,-4.112767696380615,2.0,-1.5433889627456665,-0.36501458287239075,0.0,0.4051813781261444,0.23290999233722687,0.0
7.01,-3.3577208518981934,-4.116405487060547,2.0,-1.5393303632736206,-0.36268073320388794,0.0,0.40651431679725647,0.233839213848114,0.0
7.0200000000000005,-3.373093605041504,-4.120020866394043,2.0,-1.5352585315704346,-0.3603378236293793,0.0,0.4078417122364044,0.23476779460906982,0.0
7.03,-3.3884260654449463,-4.123612880706787,2.0,-1.531173586845398,-0.3579854369163513,0.0,0.4091635048389435,0.23569552600383759,0.0
7.04,-3.403717041015625,-4.127180576324463,2.0,-1.5270752906799316,-0.35562393069267273,0.0,0.41047966480255127,0.23662257194519043,0.0
7.05,-3.4189672470092773,-4.130725383758545,2.0,-1.5229641199111938,-0.353253036737442,0.0,0.41179022192955017,0.23754878342151642,0.0
7.0600000000000005,-3.434176445007324,-4.1342453956604,2.0,-1.5188395977020264,-0.35087284445762634,0.0,0.4130952060222626,0.23847423493862152,0.0
7.07,-3.4493439197540283,-4.13774299621582,2.0,-1.5147020816802979,-0.3484836220741272,0.0,0.4143944978713989,0.23939895629882812,0.0
7.08,-3.464470386505127,-4.1412153244018555,2.0,-1.5105516910552979,-0.34608492255210876,0.0,0.415688157081604,0.2403227537870407,0.0
7.09,-3.479555368423462,-4.1446638107299805,2.0,-1.5063884258270264,-0.3436770439147949,0.0,0.4169761538505554,0.24124571681022644,0.0
7.1000000000000005,-3.494597911834717,-4.148088455200195,2.0,-1.5022121667861938,-0.34126004576683044,0.0,0.4182584285736084,0.24216784536838531,0.0
7.11,-3.509599447250366,-4.151489734649658,2.0,-1.4980230331420898,-0.3388337194919586,0.0,0.4195351004600525,0.24308913946151733,0.0
7.12,-3.5245580673217773,-4.154865741729736,2.0,-1.4938215017318726,-0.33639833331108093,0.0,0.420805960893631,0.24400950968265533,0.0
7.13,-3.539475440979004,-4.158217430114746,2.0,-1.4896070957183838,-0.33395352959632874,0.0,0.4220711886882782,0.24492891132831573,0.0
7.140000000000001,-3.5543506145477295,-4.161544322967529,2.0,-1.4853800535202026,-0.3314996361732483,0.0,0.4233306646347046,0.24584738910198212,0.0
7.15,-3.569183111190796,-4.164847373962402,2.0,-1.4811404943466187,-0.329036682844162,0.0,0.42458441853523254,0.24676494300365448,0.0
7.16,-3.5839734077453613,-4.168125152587891,2.0,-1.4768882989883423,-0.32656437158584595,0.0,0.4258324205875397,0.2476816177368164,0.0
7.17,-3.5987205505371094,-4.1713786125183105,2.0,-1.4726238250732422,-0.3240830600261688,0.0,0.4270746111869812,0.24859721958637238,0.0
7.18,-3.6134257316589355,-4.174606800079346,2.0,-1.4683469533920288,-0.3215924799442291,0.0,0.4283110797405243,0.24951182305812836,0.0
7.19,-3.6280879974365234,-4.177810192108154,2.0,-1.4640578031539917,-0.319092720746994,0.0,0.4295417368412018,0.25042539834976196,0.0
7.2,-3.642706871032715,-4.180988788604736,2.0,-1.4597561359405518,-0.3165840208530426,0.0,0.43076658248901367,0.25133800506591797,0.0
7.21,-3.657282829284668,-4.184142112731934,2.0,-1.4554423093795776,-0.3140660226345062,0.0,0.43198561668395996,0.25224950909614563,0.0
7.22,-3.671815872192383,-4.187269687652588,2.0,-1.4511164426803589,-0.3115389049053192,0.0,0.43319886922836304,0.25315994024276733,0.0
7.23,-3.686305046081543,-4.190372943878174,2.0,-1.446778416633606,-0.3090027868747711,0.0,0.43440622091293335,0.25406932830810547,0.0
7.24,-3.700751304626465,-4.1934494972229,2.0,-1.4424283504486084,-0.30645751953125,0.0,0.43560782074928284,0.2549775540828705,0.0
7.25,-3.715153455734253,-4.196502208709717,2.0,-1.4380662441253662,-0.3039033114910126,0.0,0.4368034601211548,0.25588473677635193,0.0
7.26,-3.7295126914978027,-4.199528217315674,2.0,-1.4336923360824585,-0.30133992433547974,0.0,0.4379933178424835,0.2567906975746155,0.0
7.2700000000000005,-3.7438278198242188,-4.202528476715088,2.0,-1.4293063879013062,-0.29876741766929626,0.0,0.4391772747039795,0.2576955258846283,0.0
7.28,-3.7580983638763428,-4.205502986907959,2.0,-1.4249087572097778,-0.29618602991104126,0.0,0.4403553009033203,0.258599191904068,0.0
7.29,-3.7723255157470703,-4.208452224731445,2.0,-1.4204994440078735,-0.29359546303749084,0.0,0.44152748584747314,0.2595016658306122,0.0
7.3,-3.7865090370178223,-4.2113752365112305,2.0,-1.4160780906677246,-0.29099589586257935,0.0,0.4426937401294708,0.26040294766426086,0.0
7.3100000000000005,-3.800647258758545,-4.2142720222473145,2.0,-1.411645531654358,-0.2883874475955963,0.0,0.4438540041446686,0.26130297780036926,0.0
7.32,-3.814741611480713,-4.2171430587768555,2.0,-1.4072011709213257,-0.28576985001564026,0.0,0.44500839710235596,0.2622017562389374,0.0
7.33,-3.8287911415100098,-4.219987869262695,2.0,-1.4027454853057861,-0.28314343094825745,0.0,0.4461568295955658,0.2630992829799652,0.0
7.34,-3.8427963256835938,-4.222805976867676,2.0,-1.398277997970581,-0.280507892370224,0.0,0.4472993314266205,0.26399561762809753,0.0
7.3500000000000005,-3.8567569255828857,-4.225597858428955,2.0,-1.3937991857528687,-0.277863472700119,0.0,0.44843590259552,0.26489052176475525,0.0
7.36,-3.8706722259521484,-4.228363037109375,2.0,-1.389309287071228,-0.27521011233329773,0.0,0.4495663642883301,0.2657841742038727,0.0
7.37,-3.884542942047119,-4.231101989746094,2.0,-1.3848079442977905,-0.27254778146743774,0.0,0.450690895318985,0.2666764557361603,0.0
7.38,-3.8983685970306396,-4.233813762664795,2.0,-1.3802956342697144,-0.26987648010253906,0.0,0.45180952548980713,0.26756736636161804,0.0
7.390000000000001,-3.9121484756469727,-4.236499786376953,2.0,-1.3757717609405518,-0.2671964764595032,0.0,0.4529220461845398,0.2684570550918579,0.0
7.4,-3.9258840084075928,-4.239157676696777,2.0,-1.37123703956604,-0.2645074427127838,0.0,0.4540286064147949,0.2693452537059784,0.0
7.41,-3.939573287963867,-4.241789817810059,2.0,-1.3666914701461792,-0.2618095874786377,0.0,0.45512908697128296,0.27023205161094666,0.0
7.42,-3.9532175064086914,-4.244394302368164,2.0,-1.3621346950531006,-0.25910279154777527,0.0,0.4562235474586487,0.2711174190044403,0.0
7.43,-3.9668164253234863,-4.2469706535339355,2.0,-1.3575668334960938,-0.2563870847225189,0.0,0.4573119878768921,0.27200132608413696,0.0
7.44,-3.9803688526153564,-4.249521732330322,2.0,-1.352988362312317,-0.2536628246307373,0.0,0.4583943784236908,0.27288392186164856,0.0
7.45,-3.9938759803771973,-4.252044677734375,2.0,-1.348399043083191,-0.25092950463294983,0.0,0.4594706594944,0.2737649381160736,0.0
7.46,-4.0073370933532715,-4.254539966583252,2.0,-1.3437989950180054,-0.24818740785121918,0.0,0.46054092049598694,0.2746444344520569,0.0
7.47,-4.020751476287842,-4.257008075714111,2.0,-1.3391882181167603,-0.2454366683959961,0.0,0.4616050720214844,0.2755224406719208,0.0
7.48,-4.034120559692383,-4.259449005126953,2.0,-1.3345667123794556,-0.2426769733428955,0.0,0.4626631438732147,0.27639904618263245,0.0
7.49,-4.04744291305542,-4.261862277984619,2.0,-1.3299349546432495,-0.23990873992443085,0.0,0.4637150466442108,0.2772739827632904,0.0
7.5,-4.0607194900512695,-4.264246940612793,2.0,-1.3252924680709839,-0.23713155090808868,0.0,0.4647609293460846,0.2781473696231842,0.0
7.51,-4.073948860168457,-4.266604423522949,2.0,-1.3206398487091064,-0.23434562981128693,0.0,0.4658006429672241,0.27901914715766907,0.0
7.5200000000000005,-4.087132453918457,-4.2689337730407715,2.0,-1.315976619720459,-0.23155108094215393,0.0,0.46683424711227417,0.27988937497138977,0.0
7.53,-4.1002678871154785,-4.271235466003418,2.0,-1.3113030195236206,-0.22874808311462402,0.0,0.4678616523742676,0.2807580828666687,0.0
7.54,-4.1133575439453125,-4.2735090255737305,2.0,-1.30661940574646,-0.22593608498573303,0.0,0.4688829779624939,0.28162506222724915,0.0
7.55,-4.126400470733643,-4.275754451751709,2.0,-1.301925539970398,-0.2231154441833496,0.0,0.46989813446998596,0.2824903726577759,0.0
7.5600000000000005,-4.139396667480469,-4.277970790863037,2.0,-1.2972215414047241,-0.22028613090515137,0.0,0.4709071218967438,0.2833540439605713,0.0
7.57,-4.152345657348633,-4.280159950256348,2.0,-1.2925071716308594,-0.21744827926158905,0.0,0.47190994024276733,0.28421610593795776,0.0
7.58,-4.16524600982666,-4.282320499420166,2.0,-1.2877832651138306,-0.2146020382642746,0.0,0.47290652990341187,0.28507643938064575,0.0
7.59,-4.1781005859375,-4.284451961517334,2.0,-1.28304922580719,-0.2117469310760498,0.0,0.47389692068099976,0.28593501448631287,0.0
7.6000000000000005,-4.1909074783325195,-4.286555290222168,2.0,-1.2783054113388062,-0.20888324081897736,0.0,0.47488120198249817,0.2867918312549591,0.0
7.61,-4.203666687011719,-4.288629531860352,2.0,-1.2735517024993896,-0.20601096749305725,0.0,0.47585925459861755,0.28764691948890686,0.0
7.62,-4.216378688812256,-4.290675163269043,2.0,-1.2687880992889404,-0.20313020050525665,0.0,0.4768310785293579,0.2885003089904785,0.0
7.63,-4.229043006896973,-4.292692184448242,2.0,-1.2640149593353271,-0.20024089515209198,0.0,0.4777967035770416,0.28935185074806213,0.0
7.640000000000001,-4.2416582107543945,-4.294680595397949,2.0,-1.2592324018478394,-0.1973433494567871,0.0,0.47875601053237915,0.2902015745639801,0.0
7.65,-4.254227161407471,-4.2966389656066895,2.0,-1.2544399499893188,-0.19443702697753906,0.0,0.4797091484069824,0.2910494804382324,0.0
7.66,-4.26674747467041,-4.298568248748779,2.0,-1.2496380805969238,-0.19152222573757172,0.0,0.4806560277938843,0.2918955683708191,0.0
7.67,-4.279220104217529,-4.300469398498535,2.0,-1.2448266744613647,-0.18859906494617462,0.0,0.4815966784954071,0.2927398681640625,0.0
7.68,-4.29164457321167,-4.302340507507324,2.0,-1.2400060892105103,-0.18566738069057465,0.0,0.48253104090690613,0.2935822010040283,0.0
7.69,-4.304019927978516,-4.304183006286621,2.0,-1.23517644405365,-0.18272757530212402,0.0,0.48345908522605896,0.2944226861000061,0.0
7.7,-4.316347122192383,-4.305995464324951,2.0,-1.230337142944336,-0.179779052734375,0.0,0.48438093066215515,0.2952612340450287,0.0
7.71,-4.32862663269043,-4.307778358459473,2.0,-1.225488543510437,-0.176822230219841,0.0,0.48529645800590515,0.29609790444374084,0.0
7.72,-4.34085750579834,-4.3095316886901855,2.0,-1.2206310033798218,-0.17385701835155487,0.0,0.48620572686195374,0.296932578086853,0.0
7.73,-4.353039741516113,-4.31125545501709,2.0,-1.2157644033432007,-0.17088352143764496,0.0,0.48710867762565613,0.29776531457901,0.0
7.74,-4.365172386169434,-4.3129496574401855,2.0,-1.2108891010284424,-0.1679019033908844,0.0,0.48800528049468994,0.298596054315567,0.0
7.75,-4.377256393432617,-4.314613342285156,2.0,-1.2060046195983887,-0.16491174697875977,0.0,0.48889562487602234,0.29942482709884644,0.0
7.76,-4.3892927169799805,-4.316247940063477,2.0,-1.2011109590530396,-0.16191330552101135,0.0,0.48977965116500854,0.30025163292884827,0.0
7.7700000000000005,-4.401279449462891,-4.317851543426514,2.0,-1.1962088346481323,-0.15890665352344513,0.0,0.49065732955932617,0.30107632279396057,0.0
7.78,-4.413217067718506,-4.319425106048584,2.0,-1.1912978887557983,-0.15589165687561035,0.0,0.4915286898612976,0.3018990159034729,0.0
7.79,-4.425106048583984,-4.320969104766846,2.0,-1.1863783597946167,-0.15286855399608612,0.0,0.49239376187324524,0.3027195930480957,0.0
7.8,-4.436944007873535,-4.322482585906982,2.0,-1.1814502477645874,-0.1498374491930008,0.0,0.49325233697891235,0.30353817343711853,0.0
7.8100000000000005,-4.448734283447266,-4.323966026306152,2.0,-1.1765133142471313,-0.14679794013500214,0.0,0.49410468339920044,0.3043546676635742,0.0
7.82,-4.460474491119385,-4.325418949127197,2.0,-1.1715680360794067,-0.14375029504299164,0.0,0.49495062232017517,0.3051689565181732,0.0
7.83,-4.472166061401367,-4.326840877532959,2.0,-1.166614294052124,-0.1406944841146469,0.0,0.4957902431488037,0.3059811294078827,0.0
7.84,-4.483807563781738,-4.328232288360596,2.0,-1.1616522073745728,-0.1376306116580963,0.0,0.49662351608276367,0.30679115653038025,0.0
7.8500000000000005,-4.495398044586182,-4.329594135284424,2.0,-1.1566818952560425,-0.13455887138843536,0.0,0.4974503219127655,0.30759912729263306,0.0
7.86,-4.5069403648376465,-4.330924034118652,2.0,-1.1517032384872437,-0.13147874176502228,0.0,0.49827077984809875,0.308404803276062,0.0
7.87,-4.5184326171875,-4.332222938537598,2.0,-1.1467164754867554,-0.12839065492153168,0.0,0.4990848898887634,0.30920830368995667,0.0
7.88,-4.529874801635742,-4.333491325378418,2.0,-1.1417216062545776,-0.125294491648674,0.0,0.49989256262779236,0.31000953912734985,0.0
7.890000000000001,-4.541267395019531,-4.334728717803955,2.0,-1.1367186307907104,-0.12219033390283585,0.0,0.5006938576698303,0.31080856919288635,0.0
7.9,-4.552608489990234,-4.335935592651367,2.0,-1.1317076683044434,-0.11907853931188583,0.0,0.5014886856079102,0.31160545349121094,0.0
7.91,-4.563900947570801,-4.33711051940918,2.0,-1.126688838005066,-0.11595840752124786,0.0,0.5022771954536438,0.3123999834060669,0.0
7.92,-4.575142860412598,-4.338254451751709,2.0,-1.1216622591018677,-0.11283045262098312,0.0,0.5030593276023865,0.313192218542099,0.0
7.930000000000001,-4.586334228515625,-4.339366912841797,2.0,-1.116627812385559,-0.1096944808959961,0.0,0.5038349032402039,0.31398212909698486,0.0
7.94,-4.597476005554199,-4.340448379516602,2.0,-1.1115853786468506,-0.10655069351196289,0.0,0.504604160785675,0.31476980447769165,0.0
7.95,-4.608565330505371,-4.341498851776123,2.0,-1.1065356731414795,-0.10339927673339844,0.0,0.505366861820221,0.3155550956726074,0.0
7.96,-4.619606018066406,-4.3425164222717285,2.0,-1.1014782190322876,-0.10023970901966095,0.0,0.5061232447624207,0.3163380026817322,0.0
7.97,-4.630595684051514,-4.343502998352051,2.0,-1.096413254737854,-0.09707236289978027,0.0,0.5068731307983398,0.3171185553073883,0.0
7.98,-4.641534805297852,-4.344457626342773,2.0,-1.0913408994674683,-0.093897245824337,0.0,0.5076166391372681,0.3178967237472534,0.0
7.99,-4.6524224281311035,-4.345381259918213,2.0,-1.0862606763839722,-0.09071440994739532,0.0,0.5083536505699158,0.3186725378036499,0.0
8.0,-4.663259983062744,-4.346271991729736,2.0,-1.0811736583709717,-0.08752375096082687,0.0,0.5090842247009277,0.3194458484649658,0.0
8.01,-4.674045562744141,-4.347131252288818,2.0,-1.076079249382019,-0.08432560414075851,0.0,0.5098082423210144,0.3202167749404907,0.0
8.02,-4.684781074523926,-4.347958564758301,2.0,-1.0709776878356934,-0.08111953735351562,0.0,0.5105258822441101,0.32098525762557983,0.0
8.03,-4.695465087890625,-4.348753452301025,2.0,-1.065868854522705,-0.07790584862232208,0.0,0.5112370848655701,0.321751207113266,0.0
8.040000000000001,-4.706098556518555,-4.34951639175415,2.0,-1.0607527494430542,-0.07468443363904953,0.0,0.5119417309761047,0.32251474261283875,0.0
8.05,-4.716681003570557,-4.350247383117676,2.0,-1.055629849433899,-0.07145543396472931,0.0,0.5126399993896484,0.32327574491500854,0.0
8.06,-4.727210521697998,-4.350945949554443,2.0,-1.0505001544952393,-0.06821908801794052,0.0,0.5133316516876221,0.3240342140197754,0.0
8.07,-4.737689971923828,-4.351612091064453,2.0,-1.045363426208496,-0.06497497856616974,0.0,0.5140169262886047,0.3247901499271393,0.0
8.08,-4.748117923736572,-4.352245330810547,2.0,-1.0402196645736694,-0.06172323226928711,0.0,0.5146956443786621,0.3255435824394226,0.0
8.09,-4.758494853973389,-4.352845668792725,2.0,-1.0350693464279175,-0.05846395716071129,0.0,0.5153679251670837,0.3262943625450134,0.0
8.1,-4.768819808959961,-4.353414535522461,2.0,-1.0299123525619507,-0.05519723892211914,0.0,0.5160337686538696,0.32704252004623413,0.0
8.11,-4.779092311859131,-4.353950500488281,2.0,-1.0247489213943481,-0.051923323422670364,0.0,0.5166929364204407,0.32778820395469666,0.0
8.120000000000001,-4.789314270019531,-4.354453086853027,2.0,-1.0195786952972412,-0.0486416332423687,0.0,0.5173457264900208,0.3285311460494995,0.0
8.13,-4.7994842529296875,-4.354923248291016,2.0,-1.0144017934799194,-0.04535260424017906,0.0,0.5179920196533203,0.3292715847492218,0.0
8.14,-4.809602737426758,-4.35536003112793,2.0,-1.0092185735702515,-0.0420561321079731,0.0,0.5186317563056946,0.33000922203063965,0.0
8.15,-4.819669246673584,-4.355763912200928,2.0,-1.0040291547775269,-0.03875231742858887,0.0,0.5192649960517883,0.3307442367076874,0.0
8.16,-4.829683303833008,-4.356134414672852,2.0,-0.9988333582878113,-0.03544120863080025,0.0,0.5198917388916016,0.3314765393733978,0.0
8.17,-4.8396453857421875,-4.356472969055176,2.0,-0.9936315417289734,-0.03212294727563858,0.0,0.5205118656158447,0.33220621943473816,0.0
8.18,-4.849555492401123,-4.356777667999268,2.0,-0.9884231686592102,-0.028797198086977005,0.0,0.5211255550384521,0.3329331874847412,0.0
8.19,-4.859414100646973,-4.357048988342285,2.0,-0.9832088351249695,-0.025464201346039772,0.0,0.5217326879501343,0.33365732431411743,0.0
8.2,-4.869219779968262,-4.35728645324707,2.0,-0.9779886603355408,-0.02212400548160076,0.0,0.5223333239555359,0.334378719329834,0.0
8.21,-4.878973960876465,-4.3574910163879395,2.0,-0.9727622270584106,-0.018776560202240944,0.0,0.522927463054657,0.33509737253189087,0.0
8.22,-4.888674736022949,-4.357662677764893,2.0,-0.9675300717353821,-0.015422153286635876,0.0,0.5235149264335632,0.3358133137226105,0.0
8.23,-4.898324012756348,-4.357799530029297,2.0,-0.9622920155525208,-0.012060403823852539,0.0,0.5240959525108337,0.33652639389038086,0.0
8.24,-4.907920837402344,-4.357903480529785,2.0,-0.957048237323761,-0.008691549301147461,0.0,0.524670422077179,0.337236613035202,0.0
8.25,-4.9174652099609375,-4.357973098754883,2.0,-0.9517986178398132,-0.005315637681633234,0.0,0.5252383947372437,0.337943971157074,0.0
8.26,-4.926957130432129,-4.358009338378906,2.0,-0.9465433955192566,-0.0019326210021972656,0.0,0.5257997512817383,0.3386485278606415,0.0
8.27,-4.936395645141602,-4.358012676239014,2.0,-0.9412826895713806,0.0014571667416021228,0.0,0.5263545513153076,0.33935031294822693,0.0
8.28,-4.94578218460083,-4.357980728149414,2.0,-0.9360164999961853,0.0048542022705078125,0.0,0.5269028544425964,0.3400490880012512,0.0
8.290000000000001,-4.955116271972656,-4.357914924621582,2.0,-0.9307446479797363,0.008258247748017311,0.0,0.5274446606636047,0.3407449722290039,0.0
8.3,-4.964397430419922,-4.357814788818359,2.0,-0.9254674911499023,0.011669158935546875,0.0,0.5279797911643982,0.3414379358291626,0.0
8.31,-4.973626136779785,-4.3576812744140625,2.0,-0.9201850295066833,0.015087127685546875,0.0,0.5285085439682007,0.3421279788017273,0.0
8.32,-4.982800483703613,-4.357513904571533,2.0,-0.9148973822593689,0.018511677160859108,0.0,0.5290305018424988,0.34281519055366516,0.0
8.33,-4.9919233322143555,-4.357311248779297,2.0,-0.9096044898033142,0.021943235769867897,0.0,0.5295460224151611,0.3434993028640747,0.0
8.34,-5.000993251800537,-4.357074737548828,2.0,-0.9043065309524536,0.02538161352276802,0.0,0.530055046081543,0.3441804349422455,0.0
8.35,-5.010009765625,-4.3568034172058105,2.0,-0.8990034461021423,0.02882695198059082,0.0,0.5305574536323547,0.3448585569858551,0.0
8.36,-5.018973350524902,-4.356497764587402,2.0,-0.8936951756477356,0.032278873026371,0.0,0.5310533046722412,0.3455337584018707,0.0
8.370000000000001,-5.027884006500244,-4.3561577796936035,2.0,-0.8883822560310364,0.03573765978217125,0.0,0.5315425992012024,0.34620586037635803,0.0
8.38,-5.036740303039551,-4.355783462524414,2.0,-0.8830645680427551,0.03920288011431694,0.0,0.5320252776145935,0.3468749523162842,0.0
8.39,-5.0455451011657715,-4.355373859405518,2.0,-0.8777419328689575,0.042674969881772995,0.0,0.5325014591217041,0.3475409746170044,0.0
8.4,-5.054295539855957,-4.3549299240112305,2.0,-0.8724145889282227,0.04615378379821777,0.0,0.5329710245132446,0.3482038676738739,0.0
8.41,-5.062993049621582,-4.354450702667236,2.0,-0.8670822978019714,0.049639176577329636,0.0,0.5334340333938599,0.34886378049850464,0.0
8.42,-5.0716376304626465,-4.353936672210693,2.0,-0.8617457747459412,0.05313115194439888,0.0,0.5338905453681946,0.3495204746723175,0.0
8.43,-5.080227375030518,-4.35338830947876,2.0,-0.8564047813415527,0.05662937089800835,0.0,0.5343403220176697,0.3501741290092468,0.0
8.44,-5.0887651443481445,-4.352804183959961,2.0,-0.8510591387748718,0.0601344108581543,0.0,0.5347837209701538,0.3508245646953583,0.0
8.45,-5.0972490310668945,-4.3521857261657715,2.0,-0.845708966255188,0.06364607810974121,0.0,0.5352203845977783,0.3514719605445862,0.0
8.46,-5.105679512023926,-4.351531505584717,2.0,-0.8403546214103699,0.06716399639844894,0.0,0.5356506109237671,0.35211607813835144,0.0
8.47,-5.114056587219238,-4.350841999053955,2.0,-0.8349959254264832,0.07068834453821182,0.0,0.5360742211341858,0.3527570366859436,0.0
8.48,-5.122378826141357,-4.3501176834106445,2.0,-0.829633355140686,0.07421889156103134,0.0,0.5364912152290344,0.3533948063850403,0.0
8.49,-5.130648612976074,-4.349357604980469,2.0,-0.8242663741111755,0.0777561217546463,0.0,0.5369017124176025,0.3540292978286743,0.0
8.5,-5.138864517211914,-4.348562717437744,2.0,-0.8188950419425964,0.08129968494176865,0.0,0.5373055934906006,0.35466066002845764,0.0
8.51,-5.147027015686035,-4.347731590270996,2.0,-0.813520073890686,0.08484940975904465,0.0,0.5377029180526733,0.35528871417045593,0.0
8.52,-5.155135154724121,-4.346865177154541,2.0,-0.8081411719322205,0.08840546756982803,0.0,0.5380936861038208,0.3559134602546692,0.0
8.53,-5.16318941116333,-4.345963478088379,2.0,-0.8027583956718445,0.09196753799915314,0.0,0.5384778380393982,0.35653501749038696,0.0
8.540000000000001,-5.171189785003662,-4.345026016235352,2.0,-0.7973718047142029,0.0955359935760498,0.0,0.5388554930686951,0.3571532368659973,0.0
8.55,-5.179136753082275,-4.344053268432617,2.0,-0.7919811606407166,0.09911070019006729,0.0,0.5392265319824219,0.357768177986145,0.0
8.56,-5.187029838562012,-4.343043804168701,2.0,-0.786587119102478,0.10269146412611008,0.0,0.5395909547805786,0.3583797514438629,0.0
8.57,-5.194869041442871,-4.34199857711792,2.0,-0.7811893820762634,0.10627827793359756,0.0,0.5399488806724548,0.358987957239151,0.0
8.58,-5.2026543617248535,-4.340917587280273,2.0,-0.7757880091667175,0.10987134277820587,0.0,0.5403003096580505,0.35959282517433167,0.0
8.59,-5.210383892059326,-4.339801788330078,2.0,-0.770383358001709,0.11346998065710068,0.0,0.5406450033187866,0.3601944148540497,0.0
8.6,-5.218061447143555,-4.338648796081543,2.0,-0.7649752497673035,0.11707501858472824,0.0,0.5409832000732422,0.3607925474643707,0.0
8.61,-5.22568416595459,-4.337460041046143,2.0,-0.7595637440681458,0.12068591266870499,0.0,0.5413148403167725,0.3613872528076172,0.0
8.620000000000001,-5.233253002166748,-4.336235046386719,2.0,-0.7541489601135254,0.12430281937122345,0.0,0.5416399240493774,0.36197853088378906,0.0
8.63,-5.240767478942871,-4.334973335266113,2.0,-0.7487310171127319,0.1279255896806717,0.0,0.5419584512710571,0.36256638169288635,0.0
8.64,-5.248226642608643,-4.333676815032959,2.0,-0.7433099150657654,0.1315540373325348,0.0,0.542270302772522,0.3631508946418762,0.0
8.65,-5.2556328773498535,-4.332343101501465,2.0,-0.7378856539726257,0.1351885348558426,0.0,0.5425757765769958,0.36373183131217957,0.0
8.66,-5.262984752655029,-4.330972671508789,2.0,-0.7324584126472473,0.13882870972156525,0.0,0.5428745746612549,0.36430931091308594,0.0
8.67,-5.270282745361328,-4.32956600189209,2.0,-0.7270280718803406,0.14247475564479828,0.0,0.5431668162345886,0.36488330364227295,0.0
8.68,-5.277525901794434,-4.328122615814209,2.0,-0.721595048904419,0.1461263746023178,0.0,0.5434525609016418,0.3654537796974182,0.0
8.69,-5.2847137451171875,-4.326644420623779,2.0,-0.7161592245101929,0.14978361129760742,0.0,0.5437316298484802,0.3660208284854889,0.0
8.700000000000001,-5.291848182678223,-4.325128078460693,2.0,-0.7107204794883728,0.15344682335853577,0.0,0.5440042614936829,0.36658424139022827,0.0
8.71,-5.298928260803223,-4.323575019836426,2.0,-0.7052791118621826,0.1571153700351715,0.0,0.5442703366279602,0.3671441078186035,0.0
8.72,-5.3059539794921875,-4.321985244750977,2.0,-0.6998351216316223,0.16078968346118927,0.0,0.5445298552513123,0.3677004277706146,0.0
8.73,-5.312925338745117,-4.320358753204346,2.0,-0.6943883299827576,0.16446952521800995,0.0,0.5447827577590942,0.3682531714439392,0.0
8.74,-5.319842338562012,-4.318695545196533,2.0,-0.6889392137527466,0.1681547611951828,0.0,0.5450292229652405,0.3688022792339325,0.0
8.75,-5.326704025268555,-4.316996097564697,2.0,-0.6834880113601685,0.1718454360961914,0.0,0.5452690124511719,0.36934787034988403,0.0
8.76,-5.3335113525390625,-4.315258979797363,2.0,-0.6780341267585754,0.17554159462451935,0.0,0.5455023646354675,0.3698897361755371,0.0
8.77,-5.340264797210693,-4.313485145568848,2.0,-0.672577977180481,0.17924323678016663,0.0,0.5457291007041931,0.3704279959201813,0.0
8.78,-5.346963405609131,-4.311674118041992,2.0,-0.6671194434165955,0.18295030295848846,0.0,0.545949399471283,0.37096261978149414,0.0
8.790000000000001,-5.353607177734375,-4.309825897216797,2.0,-0.6616588830947876,0.18666258454322815,0.0,0.5461630821228027,0.37149354815483093,0.0
8.8,-5.360196113586426,-4.30794095993042,2.0,-0.6561962962150574,0.19037996232509613,0.0,0.5463702082633972,0.3720208704471588,0.0
8.81,-5.366730690002441,-4.306018352508545,2.0,-0.65073162317276,0.19410276412963867,0.0,0.546570897102356,0.37254440784454346,0.0
8.82,-5.373210906982422,-4.304059028625488,2.0,-0.645264744758606,0.19783106446266174,0.0,0.5467650294303894,0.3730643391609192,0.0
8.83,-5.379636287689209,-4.302061557769775,2.0,-0.6397961974143982,0.2015642672777176,0.0,0.5469526648521423,0.3735804259777069,0.0
8.84,-5.386007308959961,-4.300026893615723,2.0,-0.6343256831169128,0.2053026258945465,0.0,0.5471338033676147,0.37409278750419617,0.0
8.85,-5.392322540283203,-4.2979559898376465,2.0,-0.6288537383079529,0.20904593169689178,0.0,0.5473082661628723,0.3746015131473541,0.0
8.86,-5.398583889007568,-4.295846462249756,2.0,-0.6233798265457153,0.21279454231262207,0.0,0.5474763512611389,0.3751063346862793,0.0
8.870000000000001,-5.40479040145874,-4.293700218200684,2.0,-0.6179041266441345,0.2165481597185135,0.0,0.5476378798484802,0.375607430934906,0.0
8.88,-5.410942077636719,-4.291515350341797,2.0,-0.6124268770217896,0.22030678391456604,0.0,0.547792911529541,0.3761047422885895,0.0
8.89,-5.417038917541504,-4.28929328918457,2.0,-0.60694819688797,0.22407026588916779,0.0,0.5479414463043213,0.37659820914268494,0.0
8.9,-5.4230804443359375,-4.287034034729004,2.0,-0.6014682650566101,0.22783847153186798,0.0,0.548083484172821,0.37708789110183716,0.0
8.91,-5.429068565368652,-4.284736633300781,2.0,-0.5959867835044861,0.2316119223833084,0.0,0.5482190251350403,0.377573698759079,0.0
8.92,-5.435000419616699,-4.282402038574219,2.0,-0.5905038118362427,0.23539018630981445,0.0,0.5483480095863342,0.37805572152137756,0.0
8.93,-5.440878391265869,-4.280028820037842,2.0,-0.585019588470459,0.23917312920093536,0.0,0.5484706163406372,0.37853381037712097,0.0
8.94,-5.4467010498046875,-4.277618408203125,2.0,-0.5795344710350037,0.2429608404636383,0.0,0.5485867261886597,0.379008024930954,0.0
8.950000000000001,-5.452469348907471,-4.2751688957214355,2.0,-0.5740479230880737,0.2467532604932785,0.0,0.5486963391304016,0.3794783353805542,0.0
8.96,-5.458181381225586,-4.272683620452881,2.0,-0.5685604810714722,0.2505502700805664,0.0,0.5487993359565735,0.3799448609352112,0.0
8.97,-5.463840007781982,-4.2701592445373535,2.0,-0.5630720257759094,0.25435206294059753,0.0,0.5488960146903992,0.3804073631763458,0.0
8.98,-5.4694437980651855,-4.267596244812012,2.0,-0.5575825572013855,0.25815850496292114,0.0,0.5489861965179443,0.3808659315109253,0.0
8.99,-5.474992275238037,-4.264995098114014,2.0,-0.5520922541618347,0.26196932792663574,0.0,0.549069881439209,0.3813205361366272,0.0
9.0,-5.480485916137695,-4.262356281280518,2.0,-0.5466011166572571,0.26578494906425476,0.0,0.5491471886634827,0.38177114725112915,0.0
9.01,-5.485923767089844,-4.259680271148682,2.0,-0.5411093831062317,0.2696046829223633,0.0,0.5492178797721863,0.38221797347068787,0.0
9.02,-5.491307258605957,-4.256965160369873,2.0,-0.5356168746948242,0.2734292149543762,0.0,0.5492821931838989,0.3826606571674347,0.0
9.03,-5.496636390686035,-4.25421142578125,2.0,-0.5301237106323242,0.2772580683231354,0.0,0.5493401288986206,0.38309934735298157,0.0
9.040000000000001,-5.501910209655762,-4.2514190673828125,2.0,-0.524630069732666,0.28109127283096313,0.0,0.5493916273117065,0.3835340440273285,0.0
9.05,-5.507129192352295,-4.248589038848877,2.0,-0.5191359519958496,0.28492870926856995,0.0,0.549436628818512,0.3839646875858307,0.0
9.06,-5.512292385101318,-4.245721340179443,2.0,-0.513641357421875,0.2887703478336334,0.0,0.5494751334190369,0.3843913972377777,0.0
9.07,-5.517401695251465,-4.242814540863037,2.0,-0.5081464648246765,0.29261645674705505,0.0,0.5495072603225708,0.38481399416923523,0.0
9.08,-5.52245569229126,-4.239868640899658,2.0,-0.5026512742042542,0.29646673798561096,0.0,0.5495330691337585,0.38523244857788086,0.0
9.09,-5.527454376220703,-4.236884117126465,2.0,-0.4971558749675751,0.300321102142334,0.0,0.5495523810386658,0.38564687967300415,0.0
9.1,-5.532398700714111,-4.233861923217773,2.0,-0.4916600286960602,0.30417972803115845,0.0,0.5495652556419373,0.3860572874546051,0.0
9.11,-5.537288665771484,-4.230800628662109,2.0,-0.48616430163383484,0.30804234743118286,0.0,0.5495717525482178,0.386463463306427,0.0
9.120000000000001,-5.542121887207031,-4.227701187133789,2.0,-0.480668842792511,0.31190887093544006,0.0,0.5495718121528625,0.38686564564704895,0.0
9.13,-5.546901702880859,-4.224562644958496,2.0,-0.4751732051372528,0.31577950716018677,0.0,0.5495655536651611,0.38726359605789185,0.0
9.14,-5.551625728607178,-4.221385478973389,2.0,-0.46967753767967224,0.3196541368961334,0.0,0.549552857875824,0.38765743374824524,0.0
9.15,-5.556294918060303,-4.218169689178467,2.0,-0.4641819894313812,0.3235328197479248,0.0,0.5495337843894958,0.38804715871810913,0.0
9.16,-5.560909271240234,-4.214914798736572,2.0,-0.4586867392063141,0.3274151384830475,0.0,0.5495083332061768,0.38843265175819397,0.0
9.17,-5.565468788146973,-4.2116217613220215,2.0,-0.4531920552253723,0.3313013017177582,0.0,0.5494764447212219,0.3888140916824341,0.0
9.18,-5.569972991943359,-4.20828914642334,2.0,-0.44769740104675293,0.3351913094520569,0.0,0.5494382977485657,0.3891911506652832,0.0
9.19,-5.5744218826293945,-4.204917907714844,2.0,-0.4422031342983246,0.339085191488266,0.0,0.5493936538696289,0.3895641565322876,0.0
9.200000000000001,-5.578817367553711,-4.201507568359375,2.0,-0.4367094039916992,0.3429827392101288,0.0,0.5493428111076355,0.3899328410625458,0.0
9.21,-5.583157062530518,-4.198057651519775,2.0,-0.431216299533844,0.3468839228153229,0.0,0.5492855906486511,0.3902973234653473,0.0
9.22,-5.5874409675598145,-4.194570064544678,2.0,-0.42572394013404846,0.3507884442806244,0.0,0.549221932888031,0.39065760374069214,0.0
9.23,-5.591670989990234,-4.191042423248291,2.0,-0.42023205757141113,0.3546968996524811,0.0,0.5491519570350647,0.39101356267929077,0.0
9.24,-5.595845699310303,-4.187475681304932,2.0,-0.4147407114505768,0.3586088716983795,0.0,0.5490756630897522,0.3913653492927551,0.0
9.25,-5.599966049194336,-4.1838698387146,2.0,-0.4092503488063812,0.36252427101135254,0.0,0.5489931106567383,0.3917127251625061,0.0
9.26,-5.604031562805176,-4.180224895477295,2.0,-0.4037608802318573,0.36644312739372253,0.0,0.5489042401313782,0.39205583930015564,0.0
9.27,-5.608040809631348,-4.176541328430176,2.0,-0.3982725739479065,0.3703652322292328,0.0,0.5488089919090271,0.3923947513103485,0.0
9.28,-5.611996650695801,-4.172817707061768,2.0,-0.3927849233150482,0.3742908537387848,0.0,0.5487074851989746,0.392729252576828,0.0
9.290000000000001,-5.615896701812744,-4.169055461883545,2.0,-0.38729825615882874,0.37821993231773376,0.0,0.5485996603965759,0.39305946230888367,0.0
9.3,-5.619742393493652,-4.165253162384033,2.0,-0.38181278109550476,0.38215216994285583,0.0,0.5484855771064758,0.3933853209018707,0.0
9.31,-5.623533248901367,-4.161411762237549,2.0,-0.3763284385204315,0.3860876262187958,0.0,0.5483652353286743,0.3937067985534668,0.0
9.32,-5.627269744873047,-4.157531261444092,2.0,-0.3708454668521881,0.39002639055252075,0.0,0.5482385754585266,0.3940238952636719,0.0
9.33,-5.6309494972229,-4.15361213684082,2.0,-0.365363746881485,0.39396795630455017,0.0,0.5481055974960327,0.3943367600440979,0.0
9.34,-5.634576320648193,-4.149652481079102,2.0,-0.35988345742225647,0.39791297912597656,0.0,0.5479663610458374,0.39464515447616577,0.0
9.35,-5.638147830963135,-4.14565372467041,2.0,-0.3544044494628906,0.40186092257499695,0.0,0.5478209853172302,0.3949491083621979,0.0
9.36,-5.641664505004883,-4.14161491394043,2.0,-0.34892699122428894,0.40581193566322327,0.0,0.5476692914962769,0.3952486217021942,0.0
9.370000000000001,-5.645126819610596,-4.137537002563477,2.0,-0.3434511125087738,0.40976595878601074,0.0,0.5475113987922668,0.39554378390312195,0.0
9.38,-5.648533344268799,-4.133420467376709,2.0,-0.33797693252563477,0.4137227535247803,0.0,0.5473471879959106,0.3958345651626587,0.0
9.39,-5.651885986328125,-4.129262924194336,2.0,-0.3325042724609375,0.41768255829811096,0.0,0.5471767783164978,0.3961208164691925,0.0
9.4,-5.655183792114258,-4.12506628036499,2.0,-0.3270333707332611,0.4216451346874237,0.0,0.5470002293586731,0.39640262722969055,0.0
9.41,-5.658426761627197,-4.1208295822143555,2.0,-0.3215641975402832,0.42561063170433044,0.0,0.546817421913147,0.39667990803718567,0.0
9.42,-5.661615371704102,-4.11655330657959,2.0,-0.3160970211029053,0.4295787811279297,0.0,0.5466284155845642,0.396952748298645,0.0
9.43,-5.664748191833496,-4.112238883972168,2.0,-0.31063175201416016,0.4335496127605438,0.0,0.54643315076828,0.3972212076187134,0.0
9.44,-5.667827129364014,-4.107882976531982,2.0,-0.30516839027404785,0.43752312660217285,0.0,0.5462318062782288,0.39748507738113403,0.0
9.450000000000001,-5.670851707458496,-4.103487968444824,2.0,-0.2997070848941803,0.4414993226528168,0.0,0.5460243225097656,0.39774444699287415,0.0
9.46,-5.673821926116943,-4.099052429199219,2.0,-0.29424792528152466,0.44547805190086365,0.0,0.5458106398582458,0.39799919724464417,0.0
9.47,-5.676736831665039,-4.094578266143799,2.0,-0.288790762424469,0.44945937395095825,0.0,0.5455906391143799,0.3982495665550232,0.0
9.48,-5.679597854614258,-4.090063095092773,2.0,-0.2833358943462372,0.45344313979148865,0.0,0.5453646779060364,0.39849528670310974,0.0
9.49,-5.682403564453125,-4.085509777069092,2.0,-0.27788373827934265,0.45742908120155334,0.0,0.5451324582099915,0.39873653650283813,0.0
9.5,-5.685154914855957,-4.0809149742126465,2.0,-0.2724335193634033,0.46141764521598816,0.0,0.5448941588401794,0.39897313714027405,0.0
9.51,-5.68785285949707,-4.07628059387207,2.0,-0.26698586344718933,0.4654086232185364,0.0,0.5446497797966003,0.39920514822006226,0.0
9.52,-5.690495014190674,-4.071606636047363,2.0,-0.26154041290283203,0.4694019854068756,0.0,0.5443992018699646,0.3994326591491699,0.0
9.53,-5.6930832862854,-4.066892623901367,2.0,-0.2560977041721344,0.4733973443508148,0.0,0.5441426038742065,0.3996555209159851,0.0
9.540000000000001,-5.695616722106934,-4.06213903427124,2.0,-0.25065770745277405,0.47739487886428833,0.0,0.5438797473907471,0.3998737931251526,0.0
9.55,-5.69809627532959,-4.057344913482666,2.0,-0.2452203333377838,0.4813947379589081,0.0,0.5436109900474548,0.4000874161720276,0.0
9.56,-5.700521469116211,-4.052510738372803,2.0,-0.23978553712368011,0.4853966236114502,0.0,0.5433360934257507,0.4002963900566101,0.0
9.57,-5.702892303466797,-4.047636985778809,2.0,-0.2343534529209137,0.4894007742404938,0.0,0.5430550575256348,0.4005007743835449,0.0
9.58,-5.705208778381348,-4.042722702026367,2.0,-0.2289242297410965,0.49340683221817017,0.0,0.5427680015563965,0.40070050954818726,0.0
9.59,-5.707470417022705,-4.037769317626953,2.0,-0.22349829971790314,0.49741458892822266,0.0,0.5424748659133911,0.4008955955505371,0.0
9.6,-5.7096781730651855,-4.032774925231934,2.0,-0.21807503700256348,0.5014244914054871,0.0,0.5421757102012634,0.4010859727859497,0.0
9.61,-5.711831569671631,-4.027740478515625,2.0,-0.21265463531017303,0.505436360836029,0.0,0.5418705344200134,0.4012717306613922,0.0
9.620000000000001,-5.713931560516357,-4.022665977478027,2.0,-0.20723743736743927,0.5094501376152039,0.0,0.5415593385696411,0.4014526903629303,0.0
9.63,-5.715976715087891,-4.017550945281982,2.0,-0.2018233835697174,0.5134654641151428,0.0,0.5412421226501465,0.4016289710998535,0.0
9.64,-5.717967987060547,-4.012396812438965,2.0,-0.19641290605068207,0.5174823999404907,0.0,0.5409188866615295,0.40180063247680664,0.0
9.65,-5.719905376434326,-4.007201671600342,2.0,-0.19100527465343475,0.5215013027191162,0.0,0.5405896902084351,0.40196746587753296,0.0
9.66,-5.721787452697754,-4.00196647644043,2.0,-0.1856009066104889,0.5255219340324402,0.0,0.5402544140815735,0.4021296501159668,0.0
9.67,-5.723616600036621,-3.9966912269592285,2.0,-0.18020005524158478,0.5295439958572388,0.0,0.5399132966995239,0.4022870659828186,0.0
9.68,-5.7253923416137695,-3.99137544631958,2.0,-0.17480269074440002,0.5335676074028015,0.0,0.539566159248352,0.4024397134780884,0.0
9.69,-5.727113723754883,-3.9860196113586426,2.0,-0.16940870881080627,0.5375928282737732,0.0,0.5392131209373474,0.40258756279945374,0.0
9.700000000000001,-5.728780269622803,-3.980624198913574,2.0,-0.1640184372663498,0.5416193604469299,0.0,0.5388540029525757,0.402730792760849,0.0
9.71,-5.730393409729004,-3.9751877784729004,2.0,-0.15863171219825745,0.5456474423408508,0.0,0.5384889841079712,0.4028691351413727,0.0
9.72,-5.731952667236328,-3.9697108268737793,2.0,-0.153248593211174,0.5496767163276672,0.0,0.5381180644035339,0.40300267934799194,0.0
9.73,-5.733458995819092,-3.964193820953369,2.0,-0.14786934852600098,0.553707480430603,0.0,0.5377412438392639,0.4031313955783844,0.0
9.74,-5.73491096496582,-3.9586362838745117,2.0,-0.14249376952648163,0.5577392578125,0.0,0.5373585224151611,0.4032553732395172,0.0
9.75,-5.7363080978393555,-3.9530396461486816,2.0,-0.1371222585439682,0.5617724657058716,0.0,0.5369698405265808,0.4033746123313904,0.0
9.76,-5.737652778625488,-3.947401523590088,2.0,-0.13175450265407562,0.5658068060874939,0.0,0.5365753769874573,0.4034889042377472,0.0
9.77,-5.738943576812744,-3.941722869873047,2.0,-0.126390740275383,0.5698422789573669,0.0,0.536175012588501,0.4035983681678772,0.0
9.78,-5.740180969238281,-3.936004161834717,2.0,-0.12103100121021271,0.5738787055015564,0.0,0.5357688069343567,0.4037030041217804,0.0
9.790000000000001,-5.741364479064941,-3.9302449226379395,2.0,-0.11567530781030655,0.5779162645339966,0.0,0.5353566408157349,0.403802752494812,0.0
9.8,-5.742493629455566,-3.9244465827941895,2.0,-0.11032400280237198,0.5819547772407532,0.0,0.5349387526512146,0.403897762298584,0.0
9.81,-5.743570327758789,-3.9186065196990967,2.0,-0.10497665405273438,0.5859941840171814,0.0,0.5345149636268616,0.4039877951145172,0.0
9.82,-5.744593620300293,-3.912726402282715,2.0,-0.09963364899158478,0.590034544467926,0.0,0.5340853929519653,0.40407297015190125,0.0
9.83,-5.745563507080078,-3.9068055152893066,2.0,-0.09429492801427841,0.5940756797790527,0.0,0.5336500406265259,0.4041532874107361,0.0
9.84,-5.746479511260986,-3.9008445739746094,2.0,-0.08896050602197647,0.5981177091598511,0.0,0.5332087874412537,0.40422865748405457,0.0
9.85,-5.747342586517334,-3.8948426246643066,2.0,-0.08363061398267746,0.6021603345870972,0.0,0.532761812210083,0.40429913997650146,0.0
9.86,-5.748152256011963,-3.8888018131256104,2.0,-0.07830553501844406,0.606203556060791,0.0,0.5323091149330139,0.40436476469039917,0.0
9.870000000000001,-5.748908996582031,-3.8827192783355713,2.0,-0.07298469543457031,0.6102474331855774,0.0,0.5318505764007568,0.40442541241645813,0.0
9.88,-5.749611854553223,-3.876596450805664,2.0,-0.06766849011182785,0.6142920851707458,0.0,0.5313863158226013,0.40448111295700073,0.0
9.89,-5.750262260437012,-3.8704333305358887,2.0,-0.06235680729150772,0.6183372139930725,0.0,0.5309163331985474,0.4045320153236389,0.0
9.9,-5.750859260559082,-3.864229202270508,2.0,-0.05704998970031738,0.6223827600479126,0.0,0.530440628528595,0.4045777916908264,0.0
9.91,-5.751402854919434,-3.8579862117767334,2.0,-0.05174822732806206,0.6264286041259766,0.0,0.5299591422080994,0.4046187400817871,0.0
9.92,-5.751894474029541,-3.851701259613037,2.0,-0.04645109176635742,0.6304749846458435,0.0,0.5294720530509949,0.40465468168258667,0.0
9.93,-5.75233268737793,-3.8453760147094727,2.0,-0.0411587730050087,0.6345216631889343,0.0,0.5289792418479919,0.4046856164932251,0.0
9.94,-5.7527174949646,-3.839010715484619,2.0,-0.035871267318725586,0.6385688185691833,0.0,0.5284806489944458,0.40471163392066956,0.0
9.950000000000001,-5.753049850463867,-3.83260440826416,2.0,-0.030589008703827858,0.6426159739494324,0.0,0.5279765129089355,0.4047326147556305,0.0
9.96,-5.753328800201416,-3.8261590003967285,2.0,-0.025311995297670364,0.646663248538971,0.0,0.5274666547775269,0.40474867820739746,0.0
9.97,-5.753555774688721,-3.819671630859375,2.0,-0.020039891824126244,0.6507108211517334,0.0,0.5269511938095093,0.4047596752643585,0.0
9.98,-5.753729820251465,-3.8131444454193115,2.0,-0.01477284450083971,0.654758632183075,0.0,0.526430070400238,0.40476569533348083,0.0
9.99,-5.753851413726807,-3.8065762519836426,2.0,-0.009511137381196022,0.6588062644004822,0.0,0.5259032845497131,0.40476667881011963,0.0
10.0,-5.753920555114746,-3.7999677658081055,2.0,-0.004254722502082586,0.6628538966178894,0.0,0.5253710150718689,0.4047625958919525,0.0
10.01,-5.753935813903809,-3.7933201789855957,2.0,0.0009961128234863281,0.6669015288352966,0.0,0.5248329639434814,0.4047536253929138,0.0
10.02,-5.753900051116943,-3.786630153656006,2.0,0.006241655442863703,0.67094886302948,0.0,0.5242894887924194,0.4047394394874573,0.0
10.03,-5.753811359405518,-3.779900550842285,2.0,0.011481952853500843,0.6749962568283081,0.0,0.5237403512001038,0.4047203063964844,0.0
10.040000000000001,-5.753671169281006,-3.773129940032959,2.0,0.016716528683900833,0.679043173789978,0.0,0.5231857895851135,0.4046960473060608,0.0
10.05,-5.753477573394775,-3.7663192749023438,2.0,0.021945714950561523,0.6830901503562927,0.0,0.5226255655288696,0.40466681122779846,0.0
10.06,-5.753231525421143,-3.7594680786132812,2.0,0.027169276028871536,0.6871367692947388,0.0,0.5220597982406616,0.40463247895240784,0.0
10.07,-5.752933979034424,-3.7525768280029297,2.0,0.03238663822412491,0.691182553768158,0.0,0.521488606929779,0.4045930802822113,0.0
10.08,-5.7525835037231445,-3.745645046234131,2.0,0.03759884834289551,0.6952284574508667,0.0,0.5209117531776428,0.40454864501953125,0.0
10.09,-5.752182483673096,-3.7386720180511475,2.0,0.04280495643615723,0.6992735266685486,0.0,0.5203296542167664,0.40449899435043335,0.0
10.1,-5.751728534698486,-3.731658935546875,2.0,0.04800543934106827,0.7033184766769409,0.0,0.5197418928146362,0.4044443368911743,0.0
10.11,-5.751221656799316,-3.7246055603027344,2.0,0.05320005491375923,0.707362711429596,0.0,0.5191486477851868,0.4043846130371094,0.0
10.120000000000001,-5.750663757324219,-3.7175121307373047,2.0,0.05838814005255699,0.7114059925079346,0.0,0.5185500383377075,0.404319703578949,0.0
10.13,-5.750053882598877,-3.7103779315948486,2.0,0.06357083469629288,0.7154489755630493,0.0,0.5179458856582642,0.40424975752830505,0.0
10.14,-5.749392032623291,-3.7032032012939453,2.0,0.068747378885746,0.719491183757782,0.0,0.5173363089561462,0.40417465567588806,0.0
10.15,-5.748679161071777,-3.6959877014160156,2.0,0.07391758263111115,0.7235323786735535,0.0,0.5167214870452881,0.4040943384170532,0.0
10.16,-5.7479143142700195,-3.688732147216797,2.0,0.07908182591199875,0.7275730967521667,0.0,0.516101062297821,0.40400901436805725,0.0
10.17,-5.747097492218018,-3.681436777114868,2.0,0.08423934131860733,0.7316124439239502,0.0,0.5154754519462585,0.40391847491264343,0.0
10.18,-5.74622917175293,-3.674100399017334,2.0,0.08939113467931747,0.7356513142585754,0.0,0.5148442983627319,0.4038228392601013,0.0
10.19,-5.745309352874756,-3.6667237281799316,2.0,0.09453654289245605,0.7396891713142395,0.0,0.5142077803611755,0.4037220776081085,0.0
10.200000000000001,-5.7443389892578125,-3.659306049346924,2.0,0.09967532008886337,0.7437257170677185,0.0,0.5135660767555237,0.4036160111427307,0.0
10.21,-5.743316173553467,-3.651848793029785,2.0,0.10480785369873047,0.7477614283561707,0.0,0.5129188299179077,0.4035049378871918,0.0
10.22,-5.74224328994751,-3.644350528717041,2.0,0.10993371158838272,0.7517957091331482,0.0,0.5122665166854858,0.4033885598182678,0.0
10.23,-5.741117477416992,-3.6368134021759033,2.0,0.11505299061536789,0.7558290362358093,0.0,0.5116086602210999,0.40326717495918274,0.0
10.24,-5.739941120147705,-3.629234790802002,2.0,0.1201658770442009,0.7598612308502197,0.0,0.5109455585479736,0.40314051508903503,0.0
10.25,-5.738714694976807,-3.621615409851074,2.0,0.12527194619178772,0.763891875743866,0.0,0.5102773308753967,0.4030085802078247,0.0
10.26,-5.737436294555664,-3.6139564514160156,2.0,0.13037143647670746,0.7679213881492615,0.0,0.5096036791801453,0.4028715491294861,0.0
10.27,-5.73610782623291,-3.6062564849853516,2.0,0.13546399772167206,0.7719492316246033,0.0,0.5089249014854431,0.40272924304008484,0.0
10.28,-5.734726905822754,-3.598518133163452,2.0,0.14054976403713226,0.7759758234024048,0.0,0.5082406997680664,0.4025819003582001,0.0
10.290000000000001,-5.733295440673828,-3.590738296508789,2.0,0.14562883973121643,0.7800010442733765,0.0,0.5075514316558838,0.4024292528629303,0.0
10.3,-5.731814384460449,-3.5829176902770996,2.0,0.15070080757141113,0.7840244174003601,0.0,0.5068569779396057,0.4022713005542755,0.0
10.31,-5.730281829833984,-3.575057029724121,2.0,0.15576601028442383,0.7880464196205139,0.0,0.5061572194099426,0.40210822224617004,0.0
10.32,-5.728699684143066,-3.5671563148498535,2.0,0.1608239710330963,0.7920665144920349,0.0,0.5054523944854736,0.40193983912467957,0.0
10.33,-5.727065086364746,-3.5592164993286133,2.0,0.16587482392787933,0.7960850596427917,0.0,0.5047423243522644,0.4017663896083832,0.0
10.34,-5.725381374359131,-3.5512356758117676,2.0,0.170918807387352,0.8001018762588501,0.0,0.5040270686149597,0.4015876352787018,0.0
10.35,-5.723647594451904,-3.5432138442993164,2.0,0.1759553998708725,0.8041166663169861,0.0,0.5033068060874939,0.401403546333313,0.0
10.36,-5.721862316131592,-3.5351526737213135,2.0,0.18098501861095428,0.8081299662590027,0.0,0.5025812983512878,0.40121427178382874,0.0
10.370000000000001,-5.720027923583984,-3.5270509719848633,2.0,0.1860070675611496,0.8121410608291626,0.0,0.5018508434295654,0.4010196924209595,0.0
10.38,-5.718142032623291,-3.5189104080200195,2.0,0.19102178514003754,0.8161501288414001,0.0,0.501115083694458,0.4008199870586395,0.0
10.39,-5.7162065505981445,-3.5107288360595703,2.0,0.19602933526039124,0.8201574683189392,0.0,0.5003743767738342,0.40061500668525696,0.0
10.4,-5.714221954345703,-3.502506732940674,2.0,0.20102930068969727,0.824162483215332,0.0,0.4996286630630493,0.40040460228919983,0.0
10.41,-5.712186813354492,-3.4942450523376465,2.0,0.2060219794511795,0.8281655311584473,0.0,0.4988778233528137,0.40018904209136963,0.0
10.42,-5.7101006507873535,-3.48594331741333,2.0,0.21100711822509766,0.8321664929389954,0.0,0.4981219470500946,0.3999682664871216,0.0
10.43,-5.7079668045043945,-3.4776010513305664,2.0,0.2159844934940338,0.8361649513244629,0.0,0.49736112356185913,0.3997420370578766,0.0
10.44,-5.705780982971191,-3.4692206382751465,2.0,0.22095409035682678,0.8401612639427185,0.0,0.496595174074173,0.39951077103614807,0.0
10.450000000000001,-5.703547477722168,-3.460798740386963,2.0,0.22591614723205566,0.844154953956604,0.0,0.4958244264125824,0.3992740213871002,0.0
10.46,-5.701263427734375,-3.4523372650146484,2.0,0.23087063431739807,0.8481466174125671,0.0,0.49504852294921875,0.3990320563316345,0.0
10.47,-5.698929786682129,-3.443835735321045,2.0,0.2358173429965973,0.8521358370780945,0.0,0.4942677319049835,0.3987847864627838,0.0
10.48,-5.696547031402588,-3.4352939128875732,2.0,0.24075599014759064,0.8561221957206726,0.0,0.4934820830821991,0.39853212237358093,0.0
10.49,-5.694114685058594,-3.4267139434814453,2.0,0.24568672478199005,0.8601062893867493,0.0,0.49269139766693115,0.39827436208724976,0.0
10.5,-5.691634178161621,-3.4180922508239746,2.0,0.2506096065044403,0.864087700843811,0.0,0.4918958842754364,0.39801111817359924,0.0
10.51,-5.689102649688721,-3.4094314575195312,2.0,0.25552472472190857,0.8680666089057922,0.0,0.4910954236984253,0.39774268865585327,0.0
10.52,-5.686522483825684,-3.400731086730957,2.0,0.26043182611465454,0.8720427751541138,0.0,0.4902900457382202,0.3974688649177551,0.0
10.53,-5.683894157409668,-3.3919901847839355,2.0,0.26533055305480957,0.876015841960907,0.0,0.4894799590110779,0.3971897065639496,0.0
10.540000000000001,-5.681216239929199,-3.383211135864258,2.0,0.27022114396095276,0.8799864053726196,0.0,0.488664835691452,0.3969053626060486,0.0
10.55,-5.678489685058594,-3.3743910789489746,2.0,0.2751036286354065,0.883953869342804,0.0,0.4878450632095337,0.39661550521850586,0.0
10.56,-5.675714492797852,-3.3655316829681396,2.0,0.27997809648513794,0.8879186511039734,0.0,0.4870203733444214,0.3963204622268677,0.0
10.57,-5.672889709472656,-3.356632709503174,2.0,0.2848442494869232,0.8918805122375488,0.0,0.4861908555030823,0.3960200548171997,0.0
10.58,-5.670017719268799,-3.34769344329834,2.0,0.28970199823379517,0.8958389163017273,0.0,0.4853566586971283,0.39571425318717957,0.0
10.59,-5.66709566116333,-3.338716506958008,2.0,0.29455119371414185,0.8997945785522461,0.0,0.48451757431030273,0.3954032361507416,0.0
10.6,-5.664126873016357,-3.329698085784912,2.0,0.29939204454421997,0.903747022151947,0.0,0.48367393016815186,0.39508673548698425,0.0
10.61,-5.661108493804932,-3.320641040802002,2.0,0.3042246997356415,0.9076963663101196,0.0,0.482825368642807,0.3947650194168091,0.0
10.620000000000001,-5.658041954040527,-3.311544418334961,2.0,0.3090488612651825,0.9116425514221191,0.0,0.4819720983505249,0.39443790912628174,0.0
10.63,-5.654928207397461,-3.302407741546631,2.0,0.31386423110961914,0.9155850410461426,0.0,0.48111429810523987,0.39410537481307983,0.0
10.64,-5.651764869689941,-3.293231964111328,2.0,0.31867116689682007,0.919524610042572,0.0,0.48025161027908325,0.3937675654888153,0.0
10.65,-5.648553371429443,-3.2840182781219482,2.0,0.3234691917896271,0.9234606027603149,0.0,0.47938430309295654,0.39342451095581055,0.0
10.66,-5.645295143127441,-3.274763584136963,2.0,0.32825860381126404,0.9273928999900818,0.0,0.4785124361515045,0.39307594299316406,0.0
10.67,-5.641988754272461,-3.265469789505005,2.0,0.3330394923686981,0.9313220977783203,0.0,0.47763586044311523,0.3927220404148102,0.0
10.68,-5.63863468170166,-3.256136417388916,2.0,0.3378113806247711,0.9352472424507141,0.0,0.476754754781723,0.3923627436161041,0.0
10.69,-5.635232925415039,-3.2467644214630127,2.0,0.3425746560096741,0.9391693472862244,0.0,0.47586891055107117,0.39199814200401306,0.0
10.700000000000001,-5.631782531738281,-3.237354278564453,2.0,0.34732866287231445,0.9430875182151794,0.0,0.474978506565094,0.3916282653808594,0.0
10.71,-5.628285884857178,-3.227903366088867,2.0,0.35207399725914,0.9470016360282898,0.0,0.47408363223075867,0.39125290513038635,0.0
10.72,-5.624741077423096,-3.2184135913848877,2.0,0.35681042075157166,0.9509124755859375,0.0,0.47318407893180847,0.39087218046188354,0.0
10.73,-5.621150493621826,-3.2088847160339355,2.0,0.36153772473335266,0.9548190236091614,0.0,0.4722801446914673,0.39048606157302856,0.0
10.74,-5.61751127243042,-3.1993167400360107,2.0,0.36625611782073975,0.9587221145629883,0.0,0.471371591091156,0.3900946080684662,0.0
10.75,-5.613824367523193,-3.189711093902588,2.0,0.37096506357192993,0.9626211524009705,0.0,0.470458447933197,0.3896978795528412,0.0
10.76,-5.6100921630859375,-3.1800649166107178,2.0,0.3756650388240814,0.9665159583091736,0.0,0.4695410430431366,0.3892955780029297,0.0
10.77,-5.606311321258545,-3.170380115509033,2.0,0.38035592436790466,0.9704069495201111,0.0,0.4686189591884613,0.38888800144195557,0.0
10.78,-5.602485179901123,-3.160656213760376,2.0,0.38503748178482056,0.9742937088012695,0.0,0.46769264340400696,0.3884750008583069,0.0
10.790000000000001,-5.598610877990723,-3.1508939266204834,2.0,0.38970983028411865,0.9781765341758728,0.0,0.46676161885261536,0.3880566358566284,0.0
10.8,-5.594690322875977,-3.1410927772521973,2.0,0.39437294006347656,0.982055127620697,0.0,0.46582624316215515,0.38763293623924255,0.0
10.81,-5.590723037719727,-3.131253480911255,2.0,0.39902615547180176,0.9859289526939392,0.0,0.4648866653442383,0.3872038424015045,0.0
10.82,-5.586709499359131,-3.1213746070861816,2.0,0.40367040038108826,0.9897989630699158,0.0,0.4639425277709961,0.3867693543434143,0.0
10.83,-5.582650661468506,-3.111456871032715,2.0,0.4083050787448883,0.9936642646789551,0.0,0.46299415826797485,0.38632941246032715,0.0
10.84,-5.5785441398620605,-3.101500988006592,2.0,0.4129303991794586,0.9975255131721497,0.0,0.46204131841659546,0.385884165763855,0.0
10.85,-5.5743913650512695,-3.091506242752075,2.0,0.4175461232662201,1.0013822317123413,0.0,0.4610840976238251,0.38543349504470825,0.0
10.86,-5.570193290710449,-3.0814738273620605,2.0,0.4221518635749817,1.0052341222763062,0.0,0.4601227343082428,0.38497745990753174,0.0
10.870000000000001,-5.565948009490967,-3.0714023113250732,2.0,0.4267483651638031,1.0090816020965576,0.0,0.45915693044662476,0.38451603055000305,0.0
10.88,-5.561657428741455,-3.0612921714782715,2.0,0.4313351809978485,1.0129245519638062,0.0,0.4581868648529053,0.3840492069721222,0.0
10.89,-5.557322025299072,-3.051143169403076,2.0,0.4359121322631836,1.016762614250183,0.0,0.4572126567363739,0.3835768699645996,0.0
10.9,-5.5529398918151855,-3.040956497192383,2.0,0.44047948718070984,1.0205961465835571,0.0,0.45623406767845154,0.3830992877483368,0.0
10.91,-5.5485124588012695,-3.0307321548461914,2.0,0.4450366199016571,1.024424433708191,0.0,0.45525142550468445,0.3826163113117218,0.0
10.92,-5.544038772583008,-3.0204687118530273,2.0,0.44958430528640747,1.0282483100891113,0.0,0.45426440238952637,0.38212788105010986,0.0
10.93,-5.539519786834717,-3.010166883468628,2.0,0.45412206649780273,1.0320671796798706,0.0,0.4532731771469116,0.38163405656814575,0.0
10.94,-5.534956932067871,-2.9998269081115723,2.0,0.4586498439311981,1.0358809232711792,0.0,0.4522779881954193,0.38113483786582947,0.0
10.950000000000001,-5.5303473472595215,-2.9894487857818604,2.0,0.4631677269935608,1.0396898984909058,0.0,0.451278418302536,0.380630224943161,0.0
10.96,-5.525693416595459,-2.9790337085723877,2.0,0.46767520904541016,1.043493390083313,0.0,0.45027488470077515,0.38012027740478516,0.0
10.97,-5.520993709564209,-2.9685795307159424,2.0,0.47217297554016113,1.0472921133041382,0.0,0.44926711916923523,0.37960487604141235,0.0
10.98,-5.516249656677246,-2.95808744430542,2.0,0.47666072845458984,1.0510858297348022,0.0,0.44825518131256104,0.37908411026000977,0.0
10.99,-5.51146125793457,-2.9475574493408203,2.0,0.4811381995677948,1.0548737049102783,0.0,0.44723936915397644,0.37855789065361023,0.0
11.0,-5.506627082824707,-2.9369897842407227,2.0,0.4856055676937103,1.058656930923462,0.0,0.4462193250656128,0.3780263066291809,0.0
11.01,-5.501749515533447,-2.9263839721679688,2.0,0.4900626838207245,1.062434196472168,0.0,0.44519537687301636,0.377489298582077,0.0
11.02,-5.496825695037842,-2.9157416820526123,2.0,0.4945092797279358,1.066206455230713,0.0,0.44416719675064087,0.3769470155239105,0.0
11.03,-5.491858005523682,-2.9050607681274414,2.0,0.4989459216594696,1.069973349571228,0.0,0.443135142326355,0.3763992488384247,0.0
11.040000000000001,-5.486847400665283,-2.8943417072296143,2.0,0.503372073173523,1.0737345218658447,0.0,0.4420991539955139,0.3758460581302643,0.0
11.05,-5.4817914962768555,-2.8835854530334473,2.0,0.5077879428863525,1.077490210533142,0.0,0.44105902314186096,0.3752875030040741,0.0
11.06,-5.476692199707031,-2.8727915287017822,2.0,0.5121933221817017,1.0812400579452515,0.0,0.44001513719558716,0.37472355365753174,0.0
11.07,-5.4715471267700195,-2.8619613647460938,2.0,0.516588032245636,1.0849846601486206,0.0,0.43896710872650146,0.374154269695282,0.0
11.08,-5.4663591384887695,-2.85109281539917,2.0,0.5209725499153137,1.0887234210968018,0.0,0.43791520595550537,0.37357956171035767,0.0
11.09,-5.461128234863281,-2.840186357498169,2.0,0.5253463983535767,1.0924561023712158,0.0,0.4368595778942108,0.372999370098114,0.0
11.1,-5.455852508544922,-2.8292431831359863,2.0,0.5297098159790039,1.0961833000183105,0.0,0.43579986691474915,0.37241390347480774,0.0
11.11,-5.450534343719482,-2.8182623386383057,2.0,0.5340625047683716,1.0999042987823486,0.0,0.434736430644989,0.37182295322418213,0.0
11.120000000000001,-5.44517183303833,-2.8072457313537598,2.0,0.5384042859077454,1.1036195755004883,0.0,0.4336690306663513,0.3712267577648163,0.0
11.13,-5.439765453338623,-2.7961907386779785,2.0,0.542735755443573,1.10732901096344,0.0,0.4325977861881256,0.3706251084804535,0.0
11.14,-5.434317111968994,-2.7850985527038574,2.0,0.5470563769340515,1.1110320091247559,0.0,0.4315229058265686,0.37001803517341614,0.0
11.15,-5.4288249015808105,-2.7739696502685547,2.0,0.5513662695884705,1.1147292852401733,0.0,0.43044406175613403,0.369405597448349,0.0
11.16,-5.4232892990112305,-2.762803792953491,2.0,0.5556654334068298,1.1184204816818237,0.0,0.4293614625930786,0.3687877953052521,0.0
11.17,-5.4177117347717285,-2.751600742340088,2.0,0.5599536299705505,1.1221050024032593,0.0,0.42827528715133667,0.3681645393371582,0.0
11.18,-5.412089824676514,-2.7403624057769775,2.0,0.5642306208610535,1.1257835626602173,0.0,0.4271851181983948,0.3675360679626465,0.0
11.19,-5.406427383422852,-2.729085922241211,2.0,0.5684971213340759,1.1294556856155396,0.0,0.4260914921760559,0.36690208315849304,0.0
11.200000000000001,-5.400720596313477,-2.717772960662842,2.0,0.5727525949478149,1.1331216096878052,0.0,0.42499399185180664,0.3662627637386322,0.0
11.21,-5.3949713706970215,-2.706423282623291,2.0,0.5769971013069153,1.136781096458435,0.0,0.4238928258419037,0.3656180799007416,0.0
11.22,-5.389181137084961,-2.6950366497039795,2.0,0.5812305808067322,1.1404337882995605,0.0,0.422788143157959,0.3649679720401764,0.0
11.23,-5.383347034454346,-2.683615207672119,2.0,0.585452675819397,1.144080400466919,0.0,0.42167964577674866,0.36431261897087097,0.0
11.24,-5.377472400665283,-2.6721558570861816,2.0,0.5896639227867126,1.1477199792861938,0.0,0.42056769132614136,0.3636518120765686,0.0
11.25,-5.371554374694824,-2.6606602668762207,2.0,0.5938641428947449,1.151353359222412,0.0,0.4194519817829132,0.36298564076423645,0.0
11.26,-5.365594387054443,-2.6491284370422363,2.0,0.5980531573295593,1.1549800634384155,0.0,0.41833269596099854,0.3623141050338745,0.0
11.27,-5.359593391418457,-2.6375601291656494,2.0,0.6022308468818665,1.158599615097046,0.0,0.4172099828720093,0.3616371750831604,0.0
11.28,-5.353549480438232,-2.6259572505950928,2.0,0.6063970923423767,1.1622127294540405,0.0,0.4160836338996887,0.36095502972602844,0.0
11.290000000000001,-5.347465515136719,-2.614316701889038,2.0,0.6105523109436035,1.1658185720443726,0.0,0.4149538278579712,0.36026740074157715,0.0
11.3,-5.341339111328125,-2.602640390396118,2.0,0.6146962642669678,1.1694179773330688,0.0,0.4138204753398895,0.35957446694374084,0.0
11.31,-5.335170745849609,-2.590928077697754,2.0,0.6188288927078247,1.173010230064392,0.0,0.41268354654312134,0.35887616872787476,0.0
11.32,-5.328962802886963,-2.5791797637939453,2.0,0.62295001745224,1.1765953302383423,0.0,0.4115433096885681,0.3581724762916565,0.0
11.33,-5.322711944580078,-2.567396879196167,2.0,0.6270595192909241,1.1801737546920776,0.0,0.410399466753006,0.3574635982513428,0.0
11.34,-5.3164215087890625,-2.555576801300049,2.0,0.6311578154563904,1.1837444305419922,0.0,0.4092523753643036,0.35674920678138733,0.0
11.35,-5.310089111328125,-2.5437214374542236,2.0,0.635244607925415,1.1873085498809814,0.0,0.4081017076969147,0.35602957010269165,0.0
11.36,-5.30371618270874,-2.531830310821533,2.0,0.6393199563026428,1.190865397453308,0.0,0.40694767236709595,0.3553045690059662,0.0
11.370000000000001,-5.297303199768066,-2.5199036598205566,2.0,0.6433836817741394,1.194414496421814,0.0,0.40579038858413696,0.35457420349121094,0.0
11.38,-5.290848255157471,-2.507941722869873,2.0,0.6474359035491943,1.1979568004608154,0.0,0.4046296179294586,0.35383856296539307,0.0
11.39,-5.284353256225586,-2.495945453643799,2.0,0.6514760851860046,1.2014915943145752,0.0,0.40346553921699524,0.35309767723083496,0.0
11.4,-5.2778191566467285,-2.483912706375122,2.0,0.6555050015449524,1.2050186395645142,0.0,0.4022982716560364,0.3523513376712799,0.0
11.41,-5.271243572235107,-2.4718446731567383,2.0,0.6595222353935242,1.2085384130477905,0.0,0.40112754702568054,0.35159972310066223,0.0
11.42,-5.264629364013672,-2.4597413539886475,2.0,0.6635276079177856,1.212050437927246,0.0,0.3999537229537964,0.35084277391433716,0.0
11.43,-5.257973670959473,-2.447603225708008,2.0,0.6675214171409607,1.2155553102493286,0.0,0.39877647161483765,0.3500805199146271,0.0
11.44,-5.251277923583984,-2.4354312419891357,2.0,0.6715030074119568,1.2190523147583008,0.0,0.39759600162506104,0.34931305050849915,0.0
11.450000000000001,-5.244543552398682,-2.4232230186462402,2.0,0.6754730939865112,1.222541332244873,0.0,0.3964124917984009,0.34854018688201904,0.0
11.46,-5.23776912689209,-2.410979747772217,2.0,0.6794313192367554,1.2260230779647827,0.0,0.3952255845069885,0.34776201844215393,0.0
11.47,-5.230955600738525,-2.3987019062042236,2.0,0.6833776831626892,1.2294965982437134,0.0,0.3940357267856598,0.3469785749912262,0.0
11.48,-5.224101543426514,-2.3863894939422607,2.0,0.687312126159668,1.2329624891281128,0.0,0.39284247159957886,0.34618979692459106,0.0
11.49,-5.217208385467529,-2.3740434646606445,2.0,0.6912343502044678,1.2364205121994019,0.0,0.391646146774292,0.34539589285850525,0.0
11.5,-5.210277080535889,-2.361661911010742,2.0,0.6951448321342468,1.2398704290390015,0.0,0.39044681191444397,0.3445965647697449,0.0
11.51,-5.203305721282959,-2.34924578666687,2.0,0.6990433931350708,1.2433124780654907,0.0,0.38924428820610046,0.34379199147224426,0.0
11.52,-5.196296215057373,-2.3367950916290283,2.0,0.7029298543930054,1.2467461824417114,0.0,0.3880387842655182,0.34298208355903625,0.0
11.53,-5.1892476081848145,-2.324310302734375,2.0,0.7068042755126953,1.2501720190048218,0.0,0.3868301212787628,0.3421670198440552,0.0
11.540000000000001,-5.182159423828125,-2.31179141998291,2.0,0.7106665968894958,1.2535897493362427,0.0,0.3856183886528015,0.3413466215133667,0.0
11.55,-5.175034046173096,-2.29923939704895,2.0,0.7145164012908936,1.2569987773895264,0.0,0.3844038248062134,0.34052103757858276,0.0
11.56,-5.167869567871094,-2.286652088165283,2.0,0.7183544039726257,1.2604000568389893,0.0,0.38318610191345215,0.3396901488304138,0.0
11.57,-5.160667419433594,-2.274030923843384,2.0,0.7221803069114685,1.2637925148010254,0.0,0.3819655179977417,0.33885398507118225,0.0
11.58,-5.153426170349121,-2.261375904083252,2.0,0.7259938716888428,1.2671769857406616,0.0,0.3807418644428253,0.33801260590553284,0.0
11.59,-5.146146774291992,-2.2486867904663086,2.0,0.7297952175140381,1.2705529928207397,0.0,0.37951526045799255,0.3371659815311432,0.0
11.6,-5.138830661773682,-2.2359654903411865,2.0,0.733583927154541,1.2739202976226807,0.0,0.37828588485717773,0.3363141417503357,0.0
11.61,-5.131475448608398,-2.2232091426849365,2.0,0.7373606562614441,1.277279257774353,0.0,0.37705346941947937,0.33545705676078796,0.0
11.620000000000001,-5.124083518981934,-2.2104194164276123,2.0,0.7411251068115234,1.280629277229309,0.0,0.3758183717727661,0.3345947563648224,0.0
11.63,-5.116652965545654,-2.197596311569214,2.0,0.7448771595954895,1.2839710712432861,0.0,0.37458017468452454,0.3337272107601166,0.0
11.64,-5.109185695648193,-2.184739589691162,2.0,0.7486168742179871,1.2873042821884155,0.0,0.3733392357826233,0.3328544795513153,0.0
11.65,-5.101680755615234,-2.1718509197235107,2.0,0.7523437738418579,1.2906279563903809,0.0,0.37209558486938477,0.33197662234306335,0.0
11.66,-5.0941386222839355,-2.1589279174804688,2.0,0.7560585737228394,1.2939436435699463,0.0,0.37084898352622986,0.331093430519104,0.0
11.67,-5.086559295654297,-2.1459717750549316,2.0,0.759760856628418,1.2972501516342163,0.0,0.3695996403694153,0.3302050828933716,0.0
11.68,-5.078943729400635,-2.1329824924468994,2.0,0.7634506821632385,1.3005475997924805,0.0,0.368347704410553,0.3293115496635437,0.0
11.69,-5.071290016174316,-2.119960308074951,2.0,0.7671279311180115,1.3038362264633179,0.0,0.3670928180217743,0.328412801027298,0.0
11.700000000000001,-5.063601493835449,-2.1069064140319824,2.0,0.7707923054695129,1.3071157932281494,0.0,0.36583536863327026,0.32750898599624634,0.0
11.71,-5.055874824523926,-2.0938186645507812,2.0,0.7744444608688354,1.3103864192962646,0.0,0.3645751476287842,0.32659992575645447,0.0
11.72,-5.048111915588379,-2.0806984901428223,2.0,0.7780839800834656,1.313647985458374,0.0,0.3633122146129608,0.32568567991256714,0.0
11.73,-5.040313243865967,-2.0675454139709473,2.0,0.7817108035087585,1.3169000148773193,0.0,0.3620467782020569,0.32476627826690674,0.0
11.74,-5.032477855682373,-2.0543599128723145,2.0,0.7853249907493591,1.320143222808838,0.0,0.3607785701751709,0.3238416910171509,0.0
11.75,-5.024607181549072,-2.041141986846924,2.0,0.7889264225959778,1.3233767747879028,0.0,0.35950785875320435,0.3229120075702667,0.0
11.76,-5.01669979095459,-2.027893304824829,2.0,0.792514979839325,1.3266013860702515,0.0,0.3582344353199005,0.32197725772857666,0.0
11.77,-5.008756160736084,-2.014610767364502,2.0,0.7960909605026245,1.3298165798187256,0.0,0.35695844888687134,0.321037232875824,0.0
11.78,-5.0007781982421875,-2.0012965202331543,2.0,0.7996541857719421,1.3330219984054565,0.0,0.35568007826805115,0.3200921416282654,0.0
11.790000000000001,-4.992763042449951,-1.9879499673843384,2.0,0.8032046556472778,1.336218237876892,0.0,0.3543989956378937,0.3191419541835785,0.0
11.8,-4.984714031219482,-1.9745715856552124,2.0,0.8067423105239868,1.3394047021865845,0.0,0.3531155586242676,0.31818661093711853,0.0
11.81,-4.97662878036499,-1.9611626863479614,2.0,0.8102667927742004,1.3425819873809814,0.0,0.351829469203949,0.31722623109817505,0.0
11.82,-4.968508243560791,-1.9477207660675049,2.0,0.8137786984443665,1.3457496166229248,0.0,0.3505409061908722,0.3162606954574585,0.0
11.83,-4.960353374481201,-1.9342472553253174,2.0,0.817277729511261,1.3489071130752563,0.0,0.34925004839897156,0.31529006361961365,0.0
11.84,-4.952162742614746,-1.9207422733306885,2.0,0.8207637667655945,1.352055311203003,0.0,0.34795668721199036,0.3143143355846405,0.0
11.85,-4.943938732147217,-1.9072057008743286,2.0,0.8242369890213013,1.3551933765411377,0.0,0.3466610014438629,0.31333351135253906,0.0
11.86,-4.935678482055664,-1.893639087677002,2.0,0.8276968002319336,1.3583219051361084,0.0,0.3453628122806549,0.31234773993492126,0.0
11.870000000000001,-4.927383899688721,-1.8800400495529175,2.0,0.8311439752578735,1.3614405393600464,0.0,0.3440621793270111,0.311356782913208,0.0
11.88,-4.919055461883545,-1.8664098978042603,2.0,0.8345781564712524,1.364548921585083,0.0,0.34275946021080017,0.3103608191013336,0.0
11.89,-4.9106926918029785,-1.8527486324310303,2.0,0.8379992842674255,1.367647647857666,0.0,0.3414542078971863,0.30935975909233093,0.0
11.9,-4.902294635772705,-1.8390564918518066,2.0,0.841407299041748,1.3707363605499268,0.0,0.34014663100242615,0.3083536624908447,0.0
11.91,-4.893864631652832,-1.8253334760665894,2.0,0.8448023200035095,1.373814582824707,0.0,0.3388369381427765,0.307342529296875,0.0
11.92,-4.885398864746094,-1.8115808963775635,2.0,0.848183810710907,1.3768831491470337,0.0,0.3375248312950134,0.3063264787197113,0.0
11.93,-4.876901149749756,-1.797796607017517,2.0,0.8515526056289673,1.3799409866333008,0.0,0.3362106680870056,0.3053053319454193,0.0
11.94,-4.868368148803711,-1.7839816808700562,2.0,0.8549081683158875,1.3829890489578247,0.0,0.3348940908908844,0.3042791187763214,0.0
11.950000000000001,-4.85980224609375,-1.7701363563537598,2.0,0.858250617980957,1.3860268592834473,0.0,0.3335753083229065,0.30324795842170715,0.0
11.96,-4.851203441619873,-1.7562607526779175,2.0,0.8615798354148865,1.3890539407730103,0.0,0.3322545289993286,0.3022117614746094,0.0
11.97,-4.842570781707764,-1.7423560619354248,2.0,0.8648955225944519,1.3920711278915405,0.0,0.3309314250946045,0.3011707067489624,0.0
11.98,-4.833906173706055,-1.7284201383590698,2.0,0.8681983351707458,1.3950772285461426,0.0,0.3296063542366028,0.3001245856285095,0.0
11.99,-4.825206756591797,-1.714454174041748,2.0,0.8714877367019653,1.398073434829712,0.0,0.3282789885997772,0.2990734577178955,0.0
12.0,-4.8164753913879395,-1.7004581689834595,2.0,0.8747639060020447,1.4010590314865112,0.0,0.3269495368003845,0.29801738262176514,0.0
12.01,-4.807712078094482,-1.6864326000213623,2.0,0.8780269026756287,1.4040336608886719,0.0,0.32561811804771423,0.2969563901424408,0.0
12.02,-4.798915386199951,-1.6723783016204834,2.0,0.8812761306762695,1.4069980382919312,0.0,0.32428455352783203,0.2958905100822449,0.0
12.030000000000001,-4.7900872230529785,-1.65829336643219,2.0,0.8845123648643494,1.4099513292312622,0.0,0.3229491114616394,0.29481959342956543,0.0
12.040000000000001,-4.781225204467773,-1.6441789865493774,2.0,0.8877351880073547,1.412894368171692,0.0,0.3216114342212677,0.2937437891960144,0.0
12.05,-4.772331714630127,-1.6300350427627563,2.0,0.8909446597099304,1.415826678276062,0.0,0.3202718198299408,0.29266300797462463,0.0
12.06,-4.763406276702881,-1.6158620119094849,2.0,0.8941408395767212,1.4187475442886353,0.0,0.31893035769462585,0.29157736897468567,0.0
12.07,-4.754448890686035,-1.6016608476638794,2.0,0.8973230719566345,1.421657919883728,0.0,0.3175868093967438,0.2904868721961975,0.0
12.08,-4.745460510253906,-1.5874296426773071,2.0,0.9004923105239868,1.424557089805603,0.0,0.3162415027618408,0.2893914580345154,0.0
12.09,-4.736439228057861,-1.5731693506240845,2.0,0.9036480188369751,1.427445650100708,0.0,0.31489408016204834,0.2882911264896393,0.0
12.1,-4.727386474609375,-1.5588802099227905,2.0,0.9067902565002441,1.4303232431411743,0.0,0.3135448396205902,0.2871859073638916,0.0
12.11,-4.718303680419922,-1.5445624589920044,2.0,0.9099190831184387,1.4331892728805542,0.0,0.3121938407421112,0.2860758602619171,0.0
12.120000000000001,-4.709188461303711,-1.530216097831726,2.0,0.9130342602729797,1.436044692993164,0.0,0.31084081530570984,0.28496092557907104,0.0
12.13,-4.700042247772217,-1.5158421993255615,2.0,0.9161356091499329,1.4388889074325562,0.0,0.3094860315322876,0.28384125232696533,0.0
12.14,-4.690865993499756,-1.501439094543457,2.0,0.9192237854003906,1.4417213201522827,0.0,0.30812951922416687,0.28271666169166565,0.0
12.15,-4.6816582679748535,-1.48700749874115,2.0,0.9222983717918396,1.4445430040359497,0.0,0.3067711591720581,0.28158724308013916,0.0
12.16,-4.672420024871826,-1.4725478887557983,2.0,0.9253593683242798,1.4473530054092407,0.0,0.30541113018989563,0.28045299649238586,0.0
12.17,-4.663151264190674,-1.4580600261688232,2.0,0.9284067153930664,1.4501519203186035,0.0,0.30404919385910034,0.27931395173072815,0.0
12.18,-4.653851509094238,-1.4435454607009888,2.0,0.9314400553703308,1.452939510345459,0.0,0.30268555879592896,0.2781701683998108,0.0
12.19,-4.644522190093994,-1.429002046585083,2.0,0.9344602823257446,1.455715298652649,0.0,0.3013203740119934,0.277021586894989,0.0
12.200000000000001,-4.635162830352783,-1.414430856704712,2.0,0.9374666213989258,1.4584800004959106,0.0,0.2999533712863922,0.27586814761161804,0.0
12.21,-4.625773906707764,-1.399832010269165,2.0,0.9404594302177429,1.4612325429916382,0.0,0.29858484864234924,0.2747099995613098,0.0
12.22,-4.616353511810303,-1.3852057456970215,2.0,0.9434384703636169,1.4639739990234375,0.0,0.297214537858963,0.27354705333709717,0.0
12.23,-4.606904029846191,-1.3705532550811768,2.0,0.9464035034179688,1.4667037725448608,0.0,0.29584261775016785,0.27237945795059204,0.0
12.24,-4.597425937652588,-1.3558725118637085,2.0,0.9493551254272461,1.4694215059280396,0.0,0.2944692373275757,0.2712070643901825,0.0
12.25,-4.587917327880859,-1.3411643505096436,2.0,0.9522929191589355,1.472127914428711,0.0,0.29309412837028503,0.2700299322605133,0.0
12.26,-4.578380107879639,-1.3264296054840088,2.0,0.9552170634269714,1.4748220443725586,0.0,0.29171761870384216,0.26884809136390686,0.0
12.27,-4.568813323974609,-1.311667561531067,2.0,0.9581274390220642,1.477504849433899,0.0,0.2903394401073456,0.26766154170036316,0.0
12.280000000000001,-4.5592169761657715,-1.2968800067901611,2.0,0.9610236287117004,1.4801756143569946,0.0,0.2889597415924072,0.266470342874527,0.0
12.290000000000001,-4.549593448638916,-1.2820649147033691,2.0,0.963906466960907,1.4828341007232666,0.0,0.2875787317752838,0.26527443528175354,0.0
12.3,-4.539938926696777,-1.2672230005264282,2.0,0.9667753577232361,1.4854809045791626,0.0,0.2861960530281067,0.26407381892204285,0.0
12.31,-4.530257701873779,-1.2523549795150757,2.0,0.9696304202079773,1.4881155490875244,0.0,0.2848120927810669,0.26286858320236206,0.0
12.32,-4.520546913146973,-1.2374603748321533,2.0,0.9724717140197754,1.4907382726669312,0.0,0.28342658281326294,0.2616586685180664,0.0
12.33,-4.510807514190674,-1.2225396633148193,2.0,0.975299060344696,1.4933489561080933,0.0,0.282039612531662,0.26044410467147827,0.0
12.34,-4.501041412353516,-1.2075941562652588,2.0,0.9781123399734497,1.4959471225738525,0.0,0.2806514799594879,0.2592250108718872,0.0
12.35,-4.491245746612549,-1.1926214694976807,2.0,0.980911910533905,1.4985333681106567,0.0,0.2792617976665497,0.2580012083053589,0.0
12.36,-4.4814229011535645,-1.1776231527328491,2.0,0.9836977124214172,1.5011069774627686,0.0,0.27787089347839355,0.25677281618118286,0.0
12.370000000000001,-4.471571922302246,-1.162598967552185,2.0,0.9864694476127625,1.5036686658859253,0.0,0.27647849917411804,0.25553980469703674,0.0
12.38,-4.461692810058594,-1.1475493907928467,2.0,0.989227294921875,1.5062180757522583,0.0,0.27508485317230225,0.2543022334575653,0.0
12.39,-4.45178747177124,-1.13247549533844,2.0,0.9919710159301758,1.5087546110153198,0.0,0.2736900746822357,0.2530601918697357,0.0
12.4,-4.441854000091553,-1.1173750162124634,2.0,0.9947010278701782,1.5112791061401367,0.0,0.27229389548301697,0.25181347131729126,0.0
12.41,-4.4318928718566895,-1.102249264717102,2.0,0.9974169135093689,1.5137910842895508,0.0,0.27089640498161316,0.2505621612071991,0.0
12.42,-4.421905994415283,-1.0870988368988037,2.0,1.0001190900802612,1.516290307044983,0.0,0.26949790120124817,0.24930641055107117,0.0
12.43,-4.411890506744385,-1.0719231367111206,2.0,1.0028070211410522,1.5187771320343018,0.0,0.26809805631637573,0.24804605543613434,0.0
12.44,-4.401849746704102,-1.0567240715026855,2.0,1.0054807662963867,1.5212510824203491,0.0,0.2666971981525421,0.2467813491821289,0.0
12.450000000000001,-4.391781806945801,-1.0414988994598389,2.0,1.0081408023834229,1.5237127542495728,0.0,0.26529499888420105,0.2455119788646698,0.0
12.46,-4.381686687469482,-1.0262491703033447,2.0,1.010786771774292,1.5261616706848145,0.0,0.26389166712760925,0.24423812329769135,0.0
12.47,-4.371565818786621,-1.0109753608703613,2.0,1.0134187936782837,1.528597354888916,0.0,0.26248738169670105,0.2429598569869995,0.0
12.48,-4.3614182472229,-0.9956769943237305,2.0,1.0160366296768188,1.5310206413269043,0.0,0.26108184456825256,0.24167709052562714,0.0
12.49,-4.351245403289795,-0.9803546071052551,2.0,1.0186405181884766,1.533430814743042,0.0,0.25967541337013245,0.2403898984193802,0.0
12.5,-4.341045379638672,-0.9650092124938965,2.0,1.0212299823760986,1.5358284711837769,0.0,0.25826773047447205,0.23909829556941986,0.0
12.51,-4.330820083618164,-0.9496386051177979,2.0,1.0238056182861328,1.5382131338119507,0.0,0.25685909390449524,0.237802192568779,0.0
12.52,-4.3205695152282715,-0.9342444539070129,2.0,1.0263671875,1.5405844449996948,0.0,0.2554495334625244,0.23650169372558594,0.0
12.530000000000001,-4.310292720794678,-0.9188265800476074,2.0,1.0289148092269897,1.542943000793457,0.0,0.25403887033462524,0.2351967990398407,0.0
12.540000000000001,-4.299991607666016,-0.9033854007720947,2.0,1.031448245048523,1.5452882051467896,0.0,0.2526273727416992,0.23388750851154327,0.0
12.55,-4.289664268493652,-0.8879215717315674,2.0,1.0339670181274414,1.5476206541061401,0.0,0.25121477246284485,0.23257391154766083,0.0
12.56,-4.279311656951904,-0.8724334239959717,2.0,1.036472201347351,1.5499399900436401,0.0,0.24980126321315765,0.23125584423542023,0.0
12.57,-4.268935203552246,-0.8569225072860718,2.0,1.0389631986618042,1.5522457361221313,0.0,0.24838699400424957,0.2299334853887558,0.0
12.58,-4.258532524108887,-0.8413882255554199,2.0,1.0414400100708008,1.554538607597351,0.0,0.24697168171405792,0.22860674560070038,0.0
12.59,-4.248106479644775,-0.825831413269043,2.0,1.0439027547836304,1.556817650794983,0.0,0.24555568397045135,0.22727572917938232,0.0
12.6,-4.237654685974121,-0.8102526664733887,2.0,1.0463510751724243,1.5590839385986328,0.0,0.2441386729478836,0.22594040632247925,0.0
12.61,-4.227179050445557,-0.7946501970291138,2.0,1.0487853288650513,1.561336874961853,0.0,0.2427208423614502,0.22460073232650757,0.0
12.620000000000001,-4.216679573059082,-0.779025673866272,2.0,1.0512055158615112,1.5635758638381958,0.0,0.24130237102508545,0.22325679659843445,0.0
12.63,-4.206154823303223,-0.763378381729126,2.0,1.0536116361618042,1.5658018589019775,0.0,0.2398829460144043,0.2219085693359375,0.0
12.64,-4.195606231689453,-0.7477089166641235,2.0,1.0560033321380615,1.56801438331604,0.0,0.23846280574798584,0.22055605053901672,0.0
12.65,-4.185035228729248,-0.7320189476013184,2.0,1.0583806037902832,1.570212960243225,0.0,0.23704205453395844,0.21919941902160645,0.0
12.66,-4.174439430236816,-0.7163054943084717,2.0,1.0607439279556274,1.5723981857299805,0.0,0.2356204390525818,0.21783843636512756,0.0
12.67,-4.163820266723633,-0.7005707025527954,2.0,1.0630931854248047,1.574569582939148,0.0,0.23419824242591858,0.2164732813835144,0.0
12.68,-4.153177738189697,-0.6848138570785522,2.0,1.0654280185699463,1.5767277479171753,0.0,0.23277528584003448,0.2151038646697998,0.0
12.69,-4.142511367797852,-0.6690354347229004,2.0,1.0677486658096313,1.5788719654083252,0.0,0.23135164380073547,0.21373027563095093,0.0
12.700000000000001,-4.1318230628967285,-0.6532360315322876,2.0,1.0700552463531494,1.581002116203308,0.0,0.22992748022079468,0.21235251426696777,0.0
12.71,-4.121110916137695,-0.6374161243438721,2.0,1.0723470449447632,1.5831189155578613,0.0,0.22850261628627777,0.21097064018249512,0.0
12.72,-4.110376358032227,-0.6215745210647583,2.0,1.0746251344680786,1.5852214097976685,0.0,0.22707729041576385,0.20958460867404938,0.0
12.73,-4.099618434906006,-0.6057115793228149,2.0,1.0768887996673584,1.587310552597046,0.0,0.22565123438835144,0.20819438993930817,0.0
12.74,-4.088837623596191,-0.5898276567459106,2.0,1.079138159751892,1.5893855094909668,0.0,0.22422462701797485,0.20680001378059387,0.0
12.75,-4.078035831451416,-0.5739234685897827,2.0,1.0813734531402588,1.5914462804794312,0.0,0.22279763221740723,0.20540159940719604,0.0
12.76,-4.0672101974487305,-0.5579997301101685,2.0,1.0835939645767212,1.5934934616088867,0.0,0.22136998176574707,0.2039991319179535,0.0
12.77,-4.056364059448242,-0.5420544147491455,2.0,1.0858005285263062,1.5955262184143066,0.0,0.21994201838970184,0.20259253680706024,0.0
12.780000000000001,-4.045494556427002,-0.5260887145996094,2.0,1.0879929065704346,1.5975452661514282,0.0,0.21851341426372528,0.20118184387683868,0.0
12.790000000000001,-4.034603595733643,-0.5101028680801392,2.0,1.0901708602905273,1.5995501279830933,0.0,0.2170843482017517,0.19976706802845,0.0
12.8,-4.023691177368164,-0.49409735202789307,2.0,1.0923346281051636,1.601540446281433,0.0,0.21565501391887665,0.19834834337234497,0.0
12.81,-4.012757301330566,-0.4780728816986084,2.0,1.094483733177185,1.603516936302185,0.0,0.2142251580953598,0.19692561030387878,0.0
12.82,-4.00180196762085,-0.462027907371521,2.0,1.0966190099716187,1.6054788827896118,0.0,0.21279504895210266,0.19549883902072906,0.0
12.83,-3.9908249378204346,-0.44596314430236816,2.0,1.0987398624420166,1.6074270009994507,0.0,0.21136440336704254,0.1940680295228958,0.0
12.84,-3.9798264503479004,-0.42987871170043945,2.0,1.100846290588379,1.6093605756759644,0.0,0.20993342995643616,0.1926332265138626,0.0
12.85,-3.9688079357147217,-0.4137754440307617,2.0,1.1029386520385742,1.6112794876098633,0.0,0.20850226283073425,0.1911945343017578,0.0
12.86,-3.957767963409424,-0.3976527452468872,2.0,1.1050165891647339,1.6131843328475952,0.0,0.20707066357135773,0.18975181877613068,0.0
12.870000000000001,-3.9467082023620605,-0.38151252269744873,2.0,1.1070798635482788,1.6150745153427124,0.0,0.20563894510269165,0.1883053183555603,0.0
12.88,-3.935626983642578,-0.3653520345687866,2.0,1.1091291904449463,1.6169503927230835,0.0,0.20420680940151215,0.1868547797203064,0.0
12.89,-3.924525022506714,-0.3491729497909546,2.0,1.1111640930175781,1.618811845779419,0.0,0.20277442038059235,0.18540030717849731,0.0
12.9,-3.9134037494659424,-0.3329756259918213,2.0,1.1131848096847534,1.620658278465271,0.0,0.20134197175502777,0.1839420348405838,0.0
12.91,-3.902261257171631,-0.3167593479156494,2.0,1.115191102027893,1.6224905252456665,0.0,0.19990913569927216,0.18247979879379272,0.0
12.92,-3.891099452972412,-0.30052614212036133,2.0,1.117182731628418,1.6243082284927368,0.0,0.19847621023654938,0.1810138076543808,0.0
12.93,-3.879918098449707,-0.2842741012573242,2.0,1.119160532951355,1.6261109113693237,0.0,0.19704318046569824,0.17954394221305847,0.0
12.94,-3.868716239929199,-0.2680037021636963,2.0,1.1211236715316772,1.6278988122940063,0.0,0.19560988247394562,0.17807021737098694,0.0
12.950000000000001,-3.8574957847595215,-0.2517157793045044,2.0,1.123072862625122,1.6296720504760742,0.0,0.19417662918567657,0.17659270763397217,0.0
12.96,-3.846254825592041,-0.23540997505187988,2.0,1.1250073909759521,1.6314306259155273,0.0,0.19274312257766724,0.17511136829853058,0.0
12.97,-3.8349952697753906,-0.21908771991729736,2.0,1.1269272565841675,1.6331745386123657,0.0,0.19130954146385193,0.17362631857395172,0.0
12.98,-3.823716878890991,-0.20274746417999268,2.0,1.1288334131240845,1.6349031925201416,0.0,0.18987604975700378,0.17213749885559082,0.0
12.99,-3.8124189376831055,-0.18638932704925537,2.0,1.1307250261306763,1.6366173028945923,0.0,0.1884423792362213,0.1706448495388031,0.0
13.0,-3.80110239982605,-0.17001473903656006,2.0,1.132602334022522,1.638316035270691,0.0,0.1870088130235672,0.1691485494375229,0.0
13.01,-3.789766550064087,-0.15362262725830078,2.0,1.134465217590332,1.6400002241134644,0.0,0.18557509779930115,0.16764844954013824,0.0
13.02,-3.7784130573272705,-0.1372150182723999,2.0,1.136313557624817,1.6416692733764648,0.0,0.18414150178432465,0.1661447435617447,0.0
13.030000000000001,-3.767040729522705,-0.12079024314880371,2.0,1.1381479501724243,1.6433229446411133,0.0,0.1827079802751541,0.16463735699653625,0.0
13.040000000000001,-3.755650043487549,-0.10434854030609131,2.0,1.139967918395996,1.644961953163147,0.0,0.1812743842601776,0.16312621533870697,0.0
13.05,-3.744241714477539,-0.087890625,2.0,1.1417735815048218,1.6465853452682495,0.0,0.1798410564661026,0.16161148250102997,0.0
13.06,-3.7328147888183594,-0.07141649723052979,2.0,1.1435648202896118,1.6481939554214478,0.0,0.178407683968544,0.16009306907653809,0.0
13.07,-3.721369504928589,-0.054926156997680664,2.0,1.1453417539596558,1.6497873067855835,0.0,0.17697444558143616,0.1585710048675537,0.0
13.08,-3.7099080085754395,-0.0384213924407959,2.0,1.1471041440963745,1.6513652801513672,0.0,0.175541490316391,0.15704549849033356,0.0
13.09,-3.698427677154541,-0.02189958095550537,2.0,1.1488524675369263,1.652928352355957,0.0,0.1741085648536682,0.15551626682281494,0.0
13.1,-3.6869311332702637,-0.0053626298904418945,2.0,1.150586485862732,1.6544755697250366,0.0,0.17267590761184692,0.15398354828357697,0.0
13.11,-3.6754159927368164,0.011190295219421387,2.0,1.152306079864502,1.656008005142212,0.0,0.17124338448047638,0.1524471789598465,0.0
13.120000000000001,-3.6638846397399902,0.027758240699768066,2.0,1.1540113687515259,1.6575249433517456,0.0,0.16981104016304016,0.15090729296207428,0.0
13.13,-3.652336835861206,0.044339895248413086,2.0,1.1557022333145142,1.659026026725769,0.0,0.16837912797927856,0.14936402440071106,0.0
13.14,-3.64077091217041,0.06093788146972656,2.0,1.1573787927627563,1.6605119705200195,0.0,0.16694730520248413,0.14781711995601654,0.0
13.15,-3.6291885375976562,0.07755088806152344,2.0,1.159041166305542,1.661982536315918,0.0,0.16551576554775238,0.14626671373844147,0.0
13.16,-3.6175894737243652,0.09417784214019775,2.0,1.160689353942871,1.6634372472763062,0.0,0.16408464312553406,0.1447129249572754,0.0
13.17,-3.6059744358062744,0.11081969738006592,2.0,1.162322998046875,1.6648765802383423,0.0,0.16265372931957245,0.14315560460090637,0.0
13.18,-3.594344139099121,0.12747442722320557,2.0,1.1639422178268433,1.6663001775741577,0.0,0.16122330725193024,0.1415950059890747,0.0
13.19,-3.582695960998535,0.14414501190185547,2.0,1.165547251701355,1.6677086353302002,0.0,0.15979310870170593,0.14003081619739532,0.0
13.200000000000001,-3.5710325241088867,0.16082942485809326,2.0,1.1671379804611206,1.6691011190414429,0.0,0.15836331248283386,0.13846325874328613,0.0
13.21,-3.5593531131744385,0.1775273084640503,2.0,1.1687146425247192,1.6704777479171753,0.0,0.1569340080022812,0.1368923783302307,0.0
13.22,-3.5476584434509277,0.19423925876617432,2.0,1.1702768802642822,1.6718387603759766,0.0,0.15550503134727478,0.13531805574893951,0.0
13.23,-3.5359480381011963,0.21096432209014893,2.0,1.1718250513076782,1.673183798789978,0.0,0.15407660603523254,0.13374045491218567,0.0
13.24,-3.524221897125244,0.22770214080810547,2.0,1.1733583211898804,1.6745136976242065,0.0,0.15264852344989777,0.1321595311164856,0.0
13.25,-3.5124807357788086,0.2444542646408081,2.0,1.1748775243759155,1.6758273839950562,0.0,0.15122094750404358,0.13057520985603333,0.0
13.26,-3.5007243156433105,0.2612190246582031,2.0,1.1763828992843628,1.6771249771118164,0.0,0.14979395270347595,0.12898766994476318,0.0
13.27,-3.488953113555908,0.2779970169067383,2.0,1.1778736114501953,1.678407073020935,0.0,0.14836736023426056,0.12739679217338562,0.0
13.280000000000001,-3.4771666526794434,0.29478728771209717,2.0,1.1793503761291504,1.6796728372573853,0.0,0.14694146811962128,0.12580274045467377,0.0
13.290000000000001,-3.4653663635253906,0.3115895986557007,2.0,1.1808122396469116,1.6809231042861938,0.0,0.14551600813865662,0.12420540302991867,0.0
13.3,-3.453550338745117,0.32840538024902344,2.0,1.1822603940963745,1.6821571588516235,0.0,0.14409111440181732,0.12260478734970093,0.0
13.31,-3.4417214393615723,0.3452329635620117,2.0,1.1836942434310913,1.6833750009536743,0.0,0.14266690611839294,0.12100104242563248,0.0
13.32,-3.4298765659332275,0.36207306385040283,2.0,1.185113787651062,1.684577226638794,0.0,0.14124324917793274,0.11939403414726257,0.0
13.33,-3.4180188179016113,0.3789246082305908,2.0,1.1865193843841553,1.6857627630233765,0.0,0.13982030749320984,0.11778393387794495,0.0
13.34,-3.40614652633667,0.3957875967025757,2.0,1.1879100799560547,1.6869328022003174,0.0,0.1383979618549347,0.11617065221071243,0.0
13.35,-3.3942604064941406,0.4126631021499634,2.0,1.1892869472503662,1.6880865097045898,0.0,0.13697625696659088,0.11455418169498444,0.0
13.36,-3.3823611736297607,0.4295496940612793,2.0,1.1906498670578003,1.6892238855361938,0.0,0.13555534183979034,0.1129346713423729,0.0
13.370000000000001,-3.3704476356506348,0.44644784927368164,2.0,1.1919982433319092,1.6903451681137085,0.0,0.13413506746292114,0.11131197959184647,0.0
13.38,-3.3585205078125,0.46335721015930176,2.0,1.1933324337005615,1.6914501190185547,0.0,0.13271546363830566,0.10968621075153351,0.0
13.39,-3.34658145904541,0.4802759885787964,2.0,1.1946524381637573,1.692538857460022,0.0,0.13129684329032898,0.10805753618478775,0.0
13.4,-3.334628105163574,0.4972071647644043,2.0,1.195958137512207,1.6936113834381104,0.0,0.12987878918647766,0.10642564296722412,0.0
13.41,-3.322662353515625,0.5141483545303345,2.0,1.1972501277923584,1.6946672201156616,0.0,0.12846165895462036,0.10479084402322769,0.0
13.42,-3.310682773590088,0.5311006307601929,2.0,1.1985275745391846,1.6957069635391235,0.0,0.12704524397850037,0.10315292328596115,0.0
13.43,-3.2986907958984375,0.5480635166168213,2.0,1.1997909545898438,1.6967304944992065,0.0,0.12562964856624603,0.10151200741529465,0.0
13.44,-3.286687135696411,0.5650355815887451,2.0,1.201040267944336,1.6977370977401733,0.0,0.1242150068283081,0.09986823797225952,0.0
13.450000000000001,-3.2746706008911133,0.5820174217224121,2.0,1.2022751569747925,1.6987278461456299,0.0,0.12280116975307465,0.09822148829698563,0.0
13.46,-3.2626421451568604,0.5990092754364014,2.0,1.2034963369369507,1.6997016668319702,0.0,0.121388278901577,0.09657183289527893,0.0
13.47,-3.250600814819336,0.6160115003585815,2.0,1.2047030925750732,1.700659155845642,0.0,0.1199762150645256,0.09491917490959167,0.0
13.48,-3.2385473251342773,0.6330232620239258,2.0,1.2058957815170288,1.7016003131866455,0.0,0.11856502294540405,0.09326360374689102,0.0
13.49,-3.226482629776001,0.6500438451766968,2.0,1.207074522972107,1.702524185180664,0.0,0.11715491861104965,0.09160525351762772,0.0
13.5,-3.2144064903259277,0.6670727729797363,2.0,1.2082387208938599,1.703432321548462,0.0,0.11574571579694748,0.08994404226541519,0.0
13.51,-3.2023186683654785,0.6841113567352295,2.0,1.209389328956604,1.704323172569275,0.0,0.11433757841587067,0.08828000724315643,0.0
13.52,-3.190218448638916,0.7011594772338867,2.0,1.210525631904602,1.7051976919174194,0.0,0.1129302978515625,0.08661305159330368,0.0
13.530000000000001,-3.178107261657715,0.7182161808013916,2.0,1.211647868156433,1.7060556411743164,0.0,0.11152404546737671,0.08494330197572708,0.0
13.540000000000001,-3.165985584259033,0.7352809906005859,2.0,1.2127562761306763,1.7068966627120972,0.0,0.11011891812086105,0.08327087014913559,0.0
13.55,-3.153852701187134,0.7523534297943115,2.0,1.2138500213623047,1.7077209949493408,0.0,0.10871484875679016,0.08159564435482025,0.0
13.56,-3.141709327697754,0.7694345712661743,2.0,1.2149304151535034,1.7085285186767578,0.0,0.10731187462806702,0.07991769909858704,0.0
13.57,-3.129554271697998,0.7865241765975952,2.0,1.215996503829956,1.7093193531036377,0.0,0.10590987652540207,0.07823693752288818,0.0
13.58,-3.1173884868621826,0.8036218881607056,2.0,1.2170485258102417,1.710093379020691,0.0,0.10450901091098785,0.07655347883701324,0.0
13.59,-3.105213165283203,0.8207262754440308,2.0,1.218086838722229,1.7108501195907593,0.0,0.10310937464237213,0.07486743479967117,0.0
13.6,-3.093026876449585,0.837838888168335,2.0,1.2191108465194702,1.7115906476974487,0.0,0.10171079635620117,0.07317861169576645,0.0
13.61,-3.080831527709961,0.8549573421478271,2.0,1.220120906829834,1.7123138904571533,0.0,0.10031352937221527,0.07148735225200653,0.0
13.620000000000001,-3.068624973297119,0.8720842599868774,2.0,1.2211170196533203,1.7130203247070312,0.0,0.09891729056835175,0.06979326158761978,0.0
13.63,-3.056408405303955,0.8892185688018799,2.0,1.2220991849899292,1.713709831237793,0.0,0.09752225875854492,0.06809656322002411,0.0
13.64,-3.0441832542419434,0.9063588380813599,2.0,1.2230676412582397,1.7143821716308594,0.0,0.09612857550382614,0.06639739871025085,0.0
13.65,-3.031946897506714,0.9235063791275024,2.0,1.2240219116210938,1.7150375843048096,0.0,0.0947360023856163,0.0646955668926239,0.0
13.66,-3.019702434539795,0.9406592845916748,2.0,1.2249621152877808,1.7156763076782227,0.0,0.09334476292133331,0.06299125403165817,0.0
13.67,-3.007448196411133,0.9578192234039307,2.0,1.2258886098861694,1.7162975072860718,0.0,0.09195484220981598,0.061284445226192474,0.0
13.68,-2.9951846599578857,0.9749855995178223,2.0,1.2268012762069702,1.7169017791748047,0.0,0.09056609869003296,0.05957503989338875,0.0
13.69,-2.982912063598633,0.9921574592590332,2.0,1.2277002334594727,1.7174888849258423,0.0,0.08917878568172455,0.05786323547363281,0.0
13.700000000000001,-2.970630645751953,1.0093353986740112,2.0,1.228585124015808,1.7180591821670532,0.0,0.08779273927211761,0.056148871779441833,0.0
13.71,-2.958340644836426,1.0265182256698608,2.0,1.229455828666687,1.7186123132705688,0.0,0.08640804141759872,0.05443212389945984,0.0
13.72,-2.946042060852051,1.0437068939208984,2.0,1.2303131818771362,1.7191476821899414,0.0,0.08502479642629623,0.05271299183368683,0.0
13.73,-2.9337339401245117,1.0609015226364136,2.0,1.231156349182129,1.7196663618087769,0.0,0.08364280313253403,0.05099134147167206,0.0
13.74,-2.9214186668395996,1.0781002044677734,2.0,1.2319860458374023,1.7201673984527588,0.0,0.08226234465837479,0.049267444759607315,0.0
13.75,-2.9090945720672607,1.0953052043914795,2.0,1.2328017950057983,1.720651626586914,0.0,0.0808832123875618,0.04754100739955902,0.0
13.76,-2.8967628479003906,1.1125130653381348,2.0,1.2336033582687378,1.7211185693740845,0.0,0.079505555331707,0.04581237584352493,0.0
13.77,-2.884422779083252,1.1297264099121094,2.0,1.2343918085098267,1.7215677499771118,0.0,0.07812942564487457,0.04408140107989311,0.0
13.780000000000001,-2.872074604034424,1.1469449996948242,2.0,1.2351661920547485,1.722000002861023,0.0,0.07675464451313019,0.04234800115227699,0.0
13.790000000000001,-2.8597195148468018,1.1641664505004883,2.0,1.2359269857406616,1.7224148511886597,0.0,0.07538146525621414,0.04061248525977135,0.0
13.8,-2.8473563194274902,1.181393027305603,2.0,1.2366739511489868,1.722812294960022,0.0,0.0740097239613533,0.03887456655502319,0.0
13.81,-2.8349852561950684,1.198623776435852,2.0,1.2374070882797241,1.7231922149658203,0.0,0.07263946533203125,0.03713441640138626,0.0
13.82,-2.8226089477539062,1.2158561944961548,2.0,1.2381266355514526,1.7235549688339233,0.0,0.07127094268798828,0.03539220616221428,0.0
13.83,-2.8102235794067383,1.2330939769744873,2.0,1.2388323545455933,1.7239001989364624,0.0,0.06990382820367813,0.03364761173725128,0.0
13.84,-2.7978320121765137,1.2503345012664795,2.0,1.2395248413085938,1.724227786064148,0.0,0.0685383751988411,0.031900957226753235,0.0
13.85,-2.785432815551758,1.2675787210464478,2.0,1.2402032613754272,1.7245380878448486,0.0,0.06717443466186523,0.030152034014463425,0.0
13.86,-2.773026943206787,1.2848261594772339,2.0,1.2408682107925415,1.7248308658599854,0.0,0.0658121258020401,0.028400974348187447,0.0
13.870000000000001,-2.7606163024902344,1.3020747900009155,2.0,1.241519570350647,1.725106120109558,0.0,0.06445157527923584,0.02664794772863388,0.0
13.88,-2.748197317123413,1.3193271160125732,2.0,1.2421571016311646,1.7253639698028564,0.0,0.06309255212545395,0.024892691522836685,0.0
13.89,-2.735772132873535,1.3365826606750488,2.0,1.2427812814712524,1.7256040573120117,0.0,0.06173517182469368,0.023135337978601456,0.0
13.9,-2.723341941833496,1.3538395166397095,2.0,1.243391990661621,1.7258265018463135,0.0,0.06037957966327667,0.021376056596636772,0.0
13.91,-2.710904121398926,1.3710992336273193,2.0,1.2439889907836914,1.7260315418243408,0.0,0.059025611728429794,0.019614601507782936,0.0
13.92,-2.6984622478485107,1.388359546661377,2.0,1.2445725202560425,1.726218819618225,0.0,0.05767349153757095,0.017851294949650764,0.0
13.93,-2.6860134601593018,1.4056228399276733,2.0,1.2451423406600952,1.7263885736465454,0.0,0.05632297322154045,0.016085872426629066,0.0
13.94,-2.6735589504241943,1.4228880405426025,2.0,1.2456988096237183,1.7265408039093018,0.0,0.05497421324253082,0.01431844662874937,0.0
13.950000000000001,-2.661099910736084,1.44015371799469,2.0,1.2462419271469116,1.7266749143600464,0.0,0.053627319633960724,0.01254918985068798,0.0
13.96,-2.6486339569091797,1.4574217796325684,2.0,1.2467714548110962,1.7267916202545166,0.0,0.05228210240602493,0.010777873918414116,0.0
13.97,-2.6361639499664307,1.4746898412704468,2.0,1.2472877502441406,1.726890206336975,0.0,0.05093879625201225,0.009004783816635609,0.0
13.98,-2.6236889362335205,1.491958737373352,2.0,1.2477902173995972,1.7269716262817383,0.0,0.04959726333618164,0.007229747716337442,0.0
13.99,-2.611207962036133,1.509229302406311,2.0,1.2482794523239136,1.7270351648330688,0.0,0.04825752228498459,0.005452785175293684,0.0
14.0,-2.5987229347229004,1.5264995098114014,2.0,1.2487554550170898,1.7270805835723877,0.0,0.046919744461774826,0.003674106439575553,0.0
14.01,-2.586233139038086,1.5437707901000977,2.0,1.2492179870605469,1.727108359336853,0.0,0.045583706349134445,0.0018935012631118298,0.0
14.02,-2.5737390518188477,1.5610419511795044,2.0,1.2496674060821533,1.7271183729171753,0.0,0.04424970597028732,0.00011117934627691284,0.0
14.030000000000001,-2.5612401962280273,1.5783123970031738,2.0,1.2501028776168823,1.7271108627319336,0.0,0.042917538434267044,-0.0016729545313864946,0.0
14.040000000000001,-2.548736572265625,1.5955841541290283,2.0,1.2505253553390503,1.7270851135253906,0.0,0.041587237268686295,-0.0034589385613799095,0.0
14.05,-2.5362296104431152,1.6128543615341187,2.0,1.2509348392486572,1.727041482925415,0.0,0.04025895893573761,-0.005246505606919527,0.0
14.06,-2.5237178802490234,1.630124807357788,2.0,1.2513306140899658,1.726980209350586,0.0,0.038932569324970245,-0.007035903632640839,0.0
14.07,-2.511202812194824,1.6473941802978516,2.0,1.2517136335372925,1.7269006967544556,0.0,0.03760823979973793,-0.008826903998851776,0.0
14.08,-2.4986844062805176,1.6646620035171509,2.0,1.2520827054977417,1.7268036603927612,0.0,0.03628585860133171,-0.01061962079256773,0.0
14.09,-2.486161708831787,1.6819300651550293,2.0,1.2524389028549194,1.7266886234283447,0.0,0.03496541827917099,-0.012414035387337208,0.0
14.1,-2.47363543510437,1.6991961002349854,2.0,1.2527822256088257,1.7265552282333374,0.0,0.0336470790207386,-0.014209975488483906,0.0
14.11,-2.4611058235168457,1.716461420059204,2.0,1.2531120777130127,1.7264041900634766,0.0,0.032330721616744995,-0.01600763201713562,0.0
14.120000000000001,-2.448573112487793,1.7337244749069214,2.0,1.2534290552139282,1.726235032081604,0.0,0.031016482040286064,-0.01780673861503601,0.0
14.13,-2.436037302017212,1.7509852647781372,2.0,1.2537323236465454,1.7260481119155884,0.0,0.029704265296459198,-0.01960746757686138,0.0
14.14,-2.4234981536865234,1.7682453393936157,2.0,1.2540227174758911,1.725843071937561,0.0,0.028394069522619247,-0.021409817039966583,0.0
14.15,-2.410956859588623,1.785502314567566,2.0,1.2543003559112549,1.7256196737289429,0.0,0.027086105197668076,-0.023213539272546768,0.0
14.16,-2.3984122276306152,1.802757740020752,2.0,1.2545645236968994,1.7253788709640503,0.0,0.02578016184270382,-0.025018900632858276,0.0
14.17,-2.3858652114868164,1.8200106620788574,2.0,1.2548158168792725,1.7251195907592773,0.0,0.02447633631527424,-0.026825712993741035,0.0
14.18,-2.3733158111572266,1.837260127067566,2.0,1.2550543546676636,1.7248420715332031,0.0,0.023174762725830078,-0.028633860871195793,0.0
14.19,-2.360764503479004,1.8545066118240356,2.0,1.2552791833877563,1.724547028541565,0.0,0.021875305101275444,-0.03044351562857628,0.0
14.200000000000001,-2.3482108116149902,1.8717504739761353,2.0,1.2554916143417358,1.7242332696914673,0.0,0.02057807892560959,-0.03225450590252876,0.0
14.21,-2.3356547355651855,1.8889917135238647,2.0,1.2556909322738647,1.7239017486572266,0.0,0.019282931461930275,-0.03406698256731033,0.0
14.22,-2.32309627532959,1.9062294960021973,2.0,1.2558772563934326,1.7235519886016846,0.0,0.01799003593623638,-0.03588085249066353,0.0
14.23,-2.3105368614196777,1.9234626293182373,2.0,1.256050944328308,1.7231839895248413,0.0,0.01669940911233425,-0.037695903331041336,0.0
14.24,-2.297976016998291,1.9406921863555908,2.0,1.2562111616134644,1.722798228263855,0.0,0.015411033295094967,-0.03951234742999077,0.0
14.25,-2.2854132652282715,1.9579178094863892,2.0,1.2563589811325073,1.7223938703536987,0.0,0.01412492711097002,-0.04133003205060959,0.0
14.26,-2.2728488445281982,1.9751403331756592,2.0,1.2564938068389893,1.7219715118408203,0.0,0.01284103374928236,-0.043149128556251526,0.0
14.27,-2.2602829933166504,1.9923582077026367,2.0,1.2566157579421997,1.7215309143066406,0.0,0.01155939046293497,-0.04496946185827255,0.0
14.280000000000001,-2.247716188430786,2.009570598602295,2.0,1.2567251920700073,1.7210720777511597,0.0,0.010280150920152664,-0.04679088667035103,0.0
14.290000000000001,-2.2351489067077637,2.0267786979675293,2.0,1.2568212747573853,1.7205952405929565,0.0,0.009003219194710255,-0.04861358553171158,0.0
14.3,-2.2225804328918457,2.0439820289611816,2.0,1.256905198097229,1.720099687576294,0.0,0.007728633936494589,-0.050437409430742264,0.0
14.31,-2.210010528564453,2.06118106842041,2.0,1.2569760084152222,1.7195862531661987,0.0,0.006456317845731974,-0.05226253345608711,0.0
14.32,-2.1974403858184814,2.0783748626708984,2.0,1.257034182548523,1.7190545797348022,0.0,0.005186385940760374,-0.0540887825191021,0.0
14.33,-2.1848697662353516,2.095562219619751,2.0,1.2570799589157104,1.7185043096542358,0.0,0.003918876405805349,-0.05591598525643349,0.0
14.34,-2.172299385070801,2.112743854522705,2.0,1.2571123838424683,1.717936396598816,0.0,0.002653751289471984,-0.05774436891078949,0.0
14.35,-2.159728527069092,2.12992000579834,2.0,1.257132887840271,1.717349648475647,0.0,0.001391086494550109,-0.05957374349236488,0.0
14.36,-2.1471564769744873,2.1470909118652344,2.0,1.2571403980255127,1.7167446613311768,0.0,0.00013074874004814774,-0.06140433996915817,0.0
14.370000000000001,-2.134584665298462,2.1642558574676514,2.0,1.257135272026062,1.7161215543746948,0.0,-0.0011271476978436112,-0.06323590874671936,0.0
14.38,-2.122013807296753,2.1814136505126953,2.0,1.2571181058883667,1.715479850769043,0.0,-0.0023825073149055243,-0.06506839394569397,0.0
14.39,-2.1094422340393066,2.198565721511841,2.0,1.2570879459381104,1.714820146560669,0.0,-0.0036354826297611,-0.06690196692943573,0.0
14.4,-2.096872091293335,2.215710163116455,2.0,1.2570449113845825,1.7141422033309937,0.0,-0.004885902162641287,-0.06873642653226852,0.0
14.41,-2.0843019485473633,2.2328474521636963,2.0,1.2569900751113892,1.7134453058242798,0.0,-0.006133842281997204,-0.07057174295186996,0.0
14.42,-2.07173228263855,2.249979019165039,2.0,1.2569224834442139,1.7127304077148438,0.0,-0.0073792836628854275,-0.07240810990333557,0.0
14.43,-2.0591635704040527,2.2671022415161133,2.0,1.2568426132202148,1.7119970321655273,0.0,-0.008622169494628906,-0.07424522936344147,0.0
14.44,-2.0465950965881348,2.284219264984131,2.0,1.2567501068115234,1.7112455368041992,0.0,-0.009862575680017471,-0.07608335465192795,0.0
14.450000000000001,-2.0340287685394287,2.3013272285461426,2.0,1.2566449642181396,1.7104758024215698,0.0,-0.011100349016487598,-0.07792225480079651,0.0
14.46,-2.021462917327881,2.318427562713623,2.0,1.2565280199050903,1.7096872329711914,0.0,-0.01233556680381298,-0.07976187765598297,0.0
14.47,-2.0088977813720703,2.3355214595794678,2.0,1.2563984394073486,1.7088804244995117,0.0,-0.013568267226219177,-0.08160248398780823,0.0
14.48,-1.9963347911834717,2.3526053428649902,2.0,1.2562569379806519,1.7080551385879517,0.0,-0.014798278920352459,-0.08344367146492004,0.0
14.49,-1.9837723970413208,2.3696823120117188,2.0,1.2561025619506836,1.7072113752365112,0.0,-0.01602577231824398,-0.08528576046228409,0.0
14.5,-1.97121262550354,2.3867499828338623,2.0,1.2559360265731812,1.7063496112823486,0.0,-0.017250575125217438,-0.08712853491306305,0.0
14.51,-1.958654522895813,2.40380859375,2.0,1.2557576894760132,1.705468773841858,0.0,-0.018472690135240555,-0.08897192031145096,0.0
14.52,-1.946097493171692,2.4208590984344482,2.0,1.2555667161941528,1.7045700550079346,0.0,-0.019692249596118927,-0.09081608802080154,0.0
14.530000000000001,-1.9335429668426514,2.4378998279571533,2.0,1.2553638219833374,1.7036526203155518,0.0,-0.020909080281853676,-0.0926608145236969,0.0
14.540000000000001,-1.9209898710250854,2.45493221282959,2.0,1.2551487684249878,1.7027167081832886,0.0,-0.02212327904999256,-0.09450631588697433,0.0
14.55,-1.9084395170211792,2.4719552993774414,2.0,1.254921317100525,1.7017624378204346,0.0,-0.023334769532084465,-0.09635239094495773,0.0
14.56,-1.8958921432495117,2.488966941833496,2.0,1.254681944847107,1.7007896900177002,0.0,-0.024543438106775284,-0.09819889068603516,0.0
14.57,-1.883346438407898,2.5059702396392822,2.0,1.2544302940368652,1.6997984647750854,0.0,-0.025749512016773224,-0.10004612803459167,0.0
14.58,-1.8708033561706543,2.522962808609009,2.0,1.254167079925537,1.6987886428833008,0.0,-0.026952780783176422,-0.10189377516508102,0.0
14.59,-1.8582630157470703,2.5399460792541504,2.0,1.2538913488388062,1.6977604627609253,0.0,-0.028153343126177788,-0.10374206304550171,0.0
14.6,-1.8457250595092773,2.5569190979003906,2.0,1.2536038160324097,1.6967138051986694,0.0,-0.029351158067584038,-0.10559086501598358,0.0
14.61,-1.8331916332244873,2.5738797187805176,2.0,1.253304362297058,1.6956487894058228,0.0,-0.030546072870492935,-0.10743991285562515,0.0
14.620000000000001,-1.8206595182418823,2.5908312797546387,2.0,1.252992868423462,1.6945651769638062,0.0,-0.031738318502902985,-0.10928962379693985,0.0
14.63,-1.8081309795379639,2.607771873474121,2.0,1.252669334411621,1.6934632062911987,0.0,-0.03292775899171829,-0.11113975197076797,0.0
14.64,-1.7956061363220215,2.6247005462646484,2.0,1.252334475517273,1.6923424005508423,0.0,-0.03411432355642319,-0.1129901260137558,0.0
14.65,-1.7830842733383179,2.6416189670562744,2.0,1.251987338066101,1.6912031173706055,0.0,-0.035298097878694534,-0.1148410513997078,0.0
14.66,-1.7705669403076172,2.6585240364074707,2.0,1.2516285181045532,1.6900455951690674,0.0,-0.0364789180457592,-0.11669210344552994,0.0
14.67,-1.7580522298812866,2.6754188537597656,2.0,1.2512577772140503,1.6888694763183594,0.0,-0.0376569926738739,-0.11854367703199387,0.0
14.68,-1.7455413341522217,2.6923022270202637,2.0,1.2508751153945923,1.6876747608184814,0.0,-0.03883220627903938,-0.12039556354284286,0.0
14.69,-1.733034372329712,2.7091727256774902,2.0,1.2504812479019165,1.686461329460144,0.0,-0.04000449925661087,-0.1222475916147232,0.0
14.700000000000001,-1.7205315828323364,2.726031541824341,2.0,1.2500752210617065,1.6852296590805054,0.0,-0.041173916310071945,-0.12410000711679459,0.0
14.71,-1.708033561706543,2.7428760528564453,2.0,1.2496576309204102,1.6839793920516968,0.0,-0.04234033450484276,-0.12595245242118835,0.0
14.72,-1.6955389976501465,2.7597103118896484,2.0,1.2492283582687378,1.6827106475830078,0.0,-0.043503932654857635,-0.12780533730983734,0.0
14.73,-1.6830483675003052,2.776531457901001,2.0,1.2487874031066895,1.6814234256744385,0.0,-0.04466461017727852,-0.12965838611125946,0.0
14.74,-1.6705628633499146,2.7933390140533447,2.0,1.2483352422714233,1.6801174879074097,0.0,-0.045822277665138245,-0.13151146471500397,0.0
14.75,-1.6580814123153687,2.810133934020996,2.0,1.2478711605072021,1.678792953491211,0.0,-0.04697704315185547,-0.13336481153964996,0.0
14.76,-1.645605206489563,2.8269147872924805,2.0,1.2473958730697632,1.6774500608444214,0.0,-0.048128776252269745,-0.13521812856197357,0.0
14.77,-1.633134365081787,2.843682050704956,2.0,1.2469085454940796,1.6760886907577515,0.0,-0.049277495592832565,-0.1370716094970703,0.0
14.780000000000001,-1.6206674575805664,2.8604366779327393,2.0,1.2464098930358887,1.6747087240219116,0.0,-0.05042329803109169,-0.13892525434494019,0.0
14.790000000000001,-1.6082059144973755,2.877176284790039,2.0,1.2459001541137695,1.6733101606369019,0.0,-0.051566045731306076,-0.1407787799835205,0.0
14.8,-1.5957491397857666,2.8939030170440674,2.0,1.245378851890564,1.6718931198120117,0.0,-0.05270582064986229,-0.14263248443603516,0.0
14.81,-1.5832982063293457,2.910614252090454,2.0,1.244846224784851,1.6704574823379517,0.0,-0.05384250357747078,-0.14448603987693787,0.0
14.82,-1.5708526372909546,2.9273111820220947,2.0,1.2443017959594727,1.6690034866333008,0.0,-0.05497615784406662,-0.14633962512016296,0.0
14.83,-1.5584123134613037,2.9439945220947266,2.0,1.243746280670166,1.66753089427948,0.0,-0.056106794625520706,-0.14819322526454926,0.0
14.84,-1.5459778308868408,2.9606618881225586,2.0,1.2431799173355103,1.6660394668579102,0.0,-0.05723428726196289,-0.15004663169384003,0.0
14.85,-1.5335487127304077,2.9773154258728027,2.0,1.242601752281189,1.664529800415039,0.0,-0.05835878103971481,-0.151900053024292,0.0
14.86,-1.5211255550384521,2.993952751159668,2.0,1.242012858390808,1.663001298904419,0.0,-0.059480130672454834,-0.15375322103500366,0.0
14.870000000000001,-1.5087090730667114,3.0105745792388916,2.0,1.2414121627807617,1.6614550352096558,0.0,-0.060598332434892654,-0.15560634434223175,0.0
14.88,-1.496297836303711,3.027181625366211,2.0,1.2408004999160767,1.659889578819275,0.0,-0.06171350181102753,-0.1574593335390091,0.0
14.89,-1.483892798423767,3.0437724590301514,2.0,1.2401779890060425,1.6583055257797241,0.0,-0.062825508415699,-0.15931199491024017,0.0
14.9,-1.4714938402175903,3.06034779548645,2.0,1.239544153213501,1.656703233718872,0.0,-0.06393440067768097,-0.1611645519733429,0.0
14.91,-1.4591013193130493,3.0769073963165283,2.0,1.2388992309570312,1.65508234500885,0.0,-0.06504014879465103,-0.1630169302225113,0.0
14.92,-1.4467154741287231,3.093449592590332,2.0,1.2382434606552124,1.6534427404403687,0.0,-0.06614269316196442,-0.16486884653568268,0.0
14.93,-1.4343370199203491,3.1099753379821777,2.0,1.2375763654708862,1.651784896850586,0.0,-0.06724204868078232,-0.16672053933143616,0.0
14.94,-1.4219646453857422,3.1264846324920654,2.0,1.2368987798690796,1.6501083374023438,0.0,-0.06833822280168533,-0.16857188940048218,0.0
14.950000000000001,-1.409598708152771,3.142977714538574,2.0,1.236209750175476,1.6484135389328003,0.0,-0.06943124532699585,-0.1704230010509491,0.0
14.96,-1.3972399234771729,3.1594536304473877,2.0,1.2355097532272339,1.6466999053955078,0.0,-0.07052106410264969,-0.17227378487586975,0.0
14.97,-1.3848884105682373,3.1759119033813477,2.0,1.2347993850708008,1.6449679136276245,0.0,-0.07160760462284088,-0.17412400245666504,0.0
14.98,-1.3725448846817017,3.192352771759033,2.0,1.2340776920318604,1.64321768283844,0.0,-0.07269088923931122,-0.17597392201423645,0.0
14.99,-1.3602076768875122,3.208775520324707,2.0,1.233345627784729,1.6414486169815063,0.0,-0.07377097755670547,-0.1778232902288437,0.0
15.0,-1.3478775024414062,3.2251815795898438,2.0,1.2326024770736694,1.6396610736846924,0.0,-0.07484784722328186,-0.17967239022254944,0.0
15.01,-1.3355557918548584,3.2415688037872314,2.0,1.2318482398986816,1.6378554105758667,0.0,-0.07592141628265381,-0.18152090907096863,0.0
15.02,-1.3232403993606567,3.2579383850097656,2.0,1.2310842275619507,1.6360305547714233,0.0,-0.07699176669120789,-0.18336890637874603,0.0
15.030000000000001,-1.3109339475631714,3.27428936958313,2.0,1.2303085327148438,1.6341876983642578,0.0,-0.07805873453617096,-0.18521639704704285,0.0
15.040000000000001,-1.2986341714859009,3.2906222343444824,2.0,1.2295230627059937,1.6323261260986328,0.0,-0.07912250608205795,-0.1870633214712143,0.0
15.05,-1.2863432168960571,3.3069357872009277,2.0,1.2287262678146362,1.630446434020996,0.0,-0.08018290996551514,-0.18890966475009918,0.0
15.06,-1.274060606956482,3.323230743408203,2.0,1.2279188632965088,1.628548502922058,0.0,-0.0812399834394455,-0.1907554417848587,0.0
15.07,-1.2617846727371216,3.3395068645477295,2.0,1.2271016836166382,1.6266311407089233,0.0,-0.0822937935590744,-0.1926005333662033,0.0
15.08,-1.2495183944702148,3.3557634353637695,2.0,1.2262731790542603,1.6246963739395142,0.0,-0.08334419131278992,-0.19444501399993896,0.0
15.09,-1.237258791923523,3.3720009326934814,2.0,1.2254348993301392,1.6227422952651978,0.0,-0.08439134061336517,-0.19628877937793732,0.0
15.1,-1.2250093221664429,3.3882181644439697,2.0,1.2245855331420898,1.6207703351974487,0.0,-0.08543502539396286,-0.19813190400600433,0.0
15.11,-1.2127684354782104,3.4044158458709717,2.0,1.22372567653656,1.6187800168991089,0.0,-0.08647534996271133,-0.19997428357601166,0.0
15.120000000000001,-1.200534462928772,3.4205939769744873,2.0,1.2228561639785767,1.6167707443237305,0.0,-0.08751241117715836,-0.2018158733844757,0.0
15.13,-1.188310980796814,3.436750888824463,2.0,1.221975564956665,1.6147435903549194,0.0,-0.08854597061872482,-0.20365673303604126,0.0
15.14,-1.176094651222229,3.4528896808624268,2.0,1.2210849523544312,1.6126976013183594,0.0,-0.08957624435424805,-0.2054968923330307,0.0
15.15,-1.1638892889022827,3.4690051078796387,2.0,1.2201842069625854,1.6106337308883667,0.0,-0.09060294926166534,-0.20733600854873657,0.0
15.16,-1.1516926288604736,3.485100746154785,2.0,1.2192727327346802,1.608551263809204,0.0,-0.09162627905607224,-0.20917439460754395,0.0
15.17,-1.1395034790039062,3.501176118850708,2.0,1.2183517217636108,1.6064499616622925,0.0,-0.0926462933421135,-0.2110118865966797,0.0
15.18,-1.127325177192688,3.5172295570373535,2.0,1.217419981956482,1.6043308973312378,0.0,-0.09366275370121002,-0.21284852921962738,0.0
15.19,-1.115154504776001,3.533263921737671,2.0,1.2164783477783203,1.6021931171417236,0.0,-0.09467589855194092,-0.2146843671798706,0.0
15.200000000000001,-1.1029953956604004,3.549273729324341,2.0,1.2155265808105469,1.6000369787216187,0.0,-0.09568542242050171,-0.21651901304721832,0.0
15.21,-1.0908437967300415,3.5652642250061035,2.0,1.2145648002624512,1.5978624820709229,0.0,-0.09669164568185806,-0.21835292875766754,0.0
15.22,-1.0787039995193481,3.581231117248535,2.0,1.2135928869247437,1.5956699848175049,0.0,-0.09769422560930252,-0.22018559277057648,0.0
15.23,-1.0665736198425293,3.5971765518188477,2.0,1.2126106023788452,1.5934592485427856,0.0,-0.0986933708190918,-0.22201739251613617,0.0
15.24,-1.0544511079788208,3.6131012439727783,2.0,1.2116189002990723,1.5912296772003174,0.0,-0.09968915581703186,-0.22384828329086304,0.0
15.25,-1.042340874671936,3.6290011405944824,2.0,1.210617184638977,1.5889819860458374,0.0,-0.10068126767873764,-0.22567786276340485,0.0
15.26,-1.0302386283874512,3.644880771636963,2.0,1.2096054553985596,1.5867159366607666,0.0,-0.10166999697685242,-0.2275065779685974,0.0
15.27,-1.018148422241211,3.660735845565796,2.0,1.2085838317871094,1.5844318866729736,0.0,-0.1026550829410553,-0.22933395206928253,0.0
15.280000000000001,-1.0060687065124512,3.6765682697296143,2.0,1.2075520753860474,1.582129716873169,0.0,-0.10363662242889404,-0.23116031289100647,0.0
15.290000000000001,-0.9939967393875122,3.6923789978027344,2.0,1.2065109014511108,1.5798085927963257,0.0,-0.10461480915546417,-0.23298564553260803,0.0
15.3,-0.9819380044937134,3.7081639766693115,2.0,1.2054599523544312,1.577469825744629,0.0,-0.10558925569057465,-0.2348095327615738,0.0
15.31,-0.9698872566223145,3.723928451538086,2.0,1.2043992280960083,1.5751123428344727,0.0,-0.10656031966209412,-0.23663245141506195,0.0
15.32,-0.9578497409820557,3.73966646194458,2.0,1.2033289670944214,1.5727370977401733,0.0,-0.10752763599157333,-0.23845389485359192,0.0
15.33,-0.9458227157592773,3.7553818225860596,2.0,1.2022485733032227,1.5703436136245728,0.0,-0.10849139839410782,-0.24027423560619354,0.0
15.34,-0.9338043928146362,3.7710742950439453,2.0,1.201158881187439,1.5679315328598022,0.0,-0.10945173352956772,-0.24209342896938324,0.0
15.35,-0.9217991828918457,3.786740303039551,2.0,1.2000597715377808,1.5655018091201782,0.0,-0.11040830612182617,-0.243911013007164,0.0
15.36,-0.9098026752471924,3.802384376525879,2.0,1.1989507675170898,1.5630531311035156,0.0,-0.11136146634817123,-0.2457275539636612,0.0
15.370000000000001,-0.8978195190429688,3.8180012702941895,2.0,1.1978325843811035,1.560586929321289,0.0,-0.11231082677841187,-0.24754248559474945,0.0
15.38,-0.885847806930542,3.833594560623169,2.0,1.196704387664795,1.5581028461456299,0.0,-0.11325658857822418,-0.24935616552829742,0.0
15.39,-0.8738851547241211,3.8491644859313965,2.0,1.1955671310424805,1.5555999279022217,0.0,-0.11419887095689774,-0.2511685788631439,0.0
15.4,-0.8619362115859985,3.8647067546844482,2.0,1.1944206953048706,1.55307936668396,0.0,-0.11513738334178925,-0.2529792785644531,0.0
15.41,-0.8499963283538818,3.880225896835327,2.0,1.1932646036148071,1.5505402088165283,0.0,-0.1160724014043808,-0.2547888457775116,0.0
15.42,-0.8380701541900635,3.895718812942505,2.0,1.1920989751815796,1.5479834079742432,0.0,-0.11700361222028732,-0.25659677386283875,0.0
15.43,-0.8261560201644897,3.911184310913086,2.0,1.1909244060516357,1.5454086065292358,0.0,-0.11793114989995956,-0.25840309262275696,0.0
15.44,-0.8142516613006592,3.926626682281494,2.0,1.189740538597107,1.5428153276443481,0.0,-0.11885518580675125,-0.2602081000804901,0.0
15.450000000000001,-0.8023607730865479,3.9420406818389893,2.0,1.1885474920272827,1.540204405784607,0.0,-0.1197754293680191,-0.26201131939888,0.0
15.46,-0.7904802560806274,3.957430601119995,2.0,1.1873451471328735,1.5375750064849854,0.0,-0.12069209665060043,-0.2638132572174072,0.0
15.47,-0.7786136865615845,3.9727933406829834,2.0,1.1861333847045898,1.5349280834197998,0.0,-0.12160495668649673,-0.26561346650123596,0.0
15.48,-0.7667592763900757,3.9881279468536377,2.0,1.184912919998169,1.532263159751892,0.0,-0.12251409143209457,-0.2674119174480438,0.0
15.49,-0.7549152374267578,4.003438472747803,2.0,1.1836832761764526,1.529579758644104,0.0,-0.12341966480016708,-0.26920896768569946,0.0
15.5,-0.7430851459503174,4.018719673156738,2.0,1.18244469165802,1.526878833770752,0.0,-0.12432142347097397,-0.2710041403770447,0.0
15.51,-0.7312660217285156,4.033976078033447,2.0,1.1811970472335815,1.524159550666809,0.0,-0.12521955370903015,-0.2727978229522705,0.0
15.52,-0.7194610834121704,4.049203872680664,2.0,1.179940104484558,1.5214227437973022,0.0,-0.1261138767004013,-0.2745897173881531,0.0
15.530000000000001,-0.7076685428619385,4.064403057098389,2.0,1.178674578666687,1.5186681747436523,0.0,-0.12700442969799042,-0.27637970447540283,0.0
15.540000000000001,-0.6958872079849243,4.0795769691467285,2.0,1.1774001121520996,1.515895128250122,0.0,-0.12789136171340942,-0.2781682014465332,0.0
15.55,-0.6841206550598145,4.094720840454102,2.0,1.1761168241500854,1.513104796409607,0.0,-0.12877443432807922,-0.2799546420574188,0.0
15.56,-0.6723644733428955,4.10983943939209,2.0,1.174824833869934,1.5102958679199219,0.0,-0.12965388596057892,-0.28173956274986267,0.0
15.57,-0.6606235504150391,4.124927520751953,2.0,1.1735236644744873,1.507469892501831,0.0,-0.1305294632911682,-0.28352248668670654,0.0
15.58,-0.6488937139511108,4.139987945556641,2.0,1.172214388847351,1.5046253204345703,0.0,-0.13140138983726501,-0.2853035032749176,0.0
15.59,-0.6371785402297974,4.155020236968994,2.0,1.1708958148956299,1.5017637014389038,0.0,-0.13226941227912903,-0.2870827317237854,0.0
15.6,-0.6254773139953613,4.170022487640381,2.0,1.1695687770843506,1.4988842010498047,0.0,-0.1331336349248886,-0.28885987401008606,0.0
15.610000000000001,-0.6137872934341431,4.184998035430908,2.0,1.1682331562042236,1.4959863424301147,0.0,-0.1339941918849945,-0.290635347366333,0.0
15.620000000000001,-0.6021122932434082,4.1999430656433105,2.0,1.16688871383667,1.493071436882019,0.0,-0.1348508596420288,-0.2924087941646576,0.0
15.63,-0.5904488563537598,4.214859485626221,2.0,1.1655362844467163,1.490138053894043,0.0,-0.13570384681224823,-0.29418015480041504,0.0
15.64,-0.5788010358810425,4.229745864868164,2.0,1.1641746759414673,1.4871876239776611,0.0,-0.13655288517475128,-0.2959495782852173,0.0
15.65,-0.5671671628952026,4.244602680206299,2.0,1.1628047227859497,1.4842195510864258,0.0,-0.1373981088399887,-0.29771700501441956,0.0
15.66,-0.5555448532104492,4.259430408477783,2.0,1.1614270210266113,1.4812332391738892,0.0,-0.13823965191841125,-0.2994822859764099,0.0
15.67,-0.543938398361206,4.274227142333984,2.0,1.1600401401519775,1.4782298803329468,0.0,-0.13907721638679504,-0.3012455999851227,0.0
15.68,-0.5323435068130493,4.288994789123535,2.0,1.1586456298828125,1.4752081632614136,0.0,-0.13991111516952515,-0.30300670862197876,0.0
15.69,-0.5207651853561401,4.303731441497803,2.0,1.1572420597076416,1.4721696376800537,0.0,-0.14074097573757172,-0.3047657608985901,0.0
15.700000000000001,-0.5092006921768188,4.318437576293945,2.0,1.1558301448822021,1.4691133499145508,0.0,-0.14156705141067505,-0.3065226674079895,0.0
15.71,-0.49764788150787354,4.333113670349121,2.0,1.1544108390808105,1.4660390615463257,0.0,-0.14238940179347992,-0.30827733874320984,0.0
15.72,-0.4861118793487549,4.347758769989014,2.0,1.1529825925827026,1.4629477262496948,0.0,-0.14320775866508484,-0.31002989411354065,0.0
15.73,-0.47458815574645996,4.362372398376465,2.0,1.151546835899353,1.4598382711410522,0.0,-0.1440223604440689,-0.31178018450737,0.0
15.74,-0.46308064460754395,4.376955032348633,2.0,1.1501022577285767,1.456712007522583,0.0,-0.14483298361301422,-0.31352826952934265,0.0
15.75,-0.4515876770019531,4.391506195068359,2.0,1.1486495733261108,1.4535683393478394,0.0,-0.14563971757888794,-0.31527408957481384,0.0
15.76,-0.4401071071624756,4.406026363372803,2.0,1.1471896171569824,1.4504064321517944,0.0,-0.14644275605678558,-0.3170175552368164,0.0
15.77,-0.4286435842514038,4.4205145835876465,2.0,1.1457209587097168,1.4472278356552124,0.0,-0.1472417265176773,-0.3187587857246399,0.0
15.780000000000001,-0.4171924591064453,4.434971332550049,2.0,1.1442450284957886,1.4440311193466187,0.0,-0.14803695678710938,-0.32049763202667236,0.0
15.790000000000001,-0.4057583808898926,4.449395179748535,2.0,1.1427603960037231,1.4408177137374878,0.0,-0.14882813394069672,-0.3222341537475586,0.0
15.8,-0.39433884620666504,4.463787078857422,2.0,1.1412677764892578,1.437587022781372,0.0,-0.14961543679237366,-0.3239682614803314,0.0
15.81,-0.3829326629638672,4.478147029876709,2.0,1.1397682428359985,1.4343383312225342,0.0,-0.15039895474910736,-0.32569992542266846,0.0
15.82,-0.371543288230896,4.49247407913208,2.0,1.138260006904602,1.4310728311538696,0.0,-0.15117841958999634,-0.32742923498153687,0.0
15.83,-0.36016690731048584,4.506768226623535,2.0,1.1367448568344116,1.427789568901062,0.0,-0.15195412933826447,-0.32915598154067993,0.0
15.84,-0.34880805015563965,4.521029949188232,2.0,1.135221004486084,1.4244896173477173,0.0,-0.15272575616836548,-0.33088037371635437,0.0
15.85,-0.33746445178985596,4.535257816314697,2.0,1.1336897611618042,1.4211724996566772,0.0,-0.15349343419075012,-0.33260223269462585,0.0
15.860000000000001,-0.3261338472366333,4.549453258514404,2.0,1.1321513652801514,1.4178375005722046,0.0,-0.1542573720216751,-0.3343214690685272,0.0
15.870000000000001,-0.3148210048675537,4.563614368438721,2.0,1.1306047439575195,1.4144859313964844,0.0,-0.1550171971321106,-0.3360382914543152,0.0
15.88,-0.3035212755203247,4.5777435302734375,2.0,1.1290507316589355,1.411116600036621,0.0,-0.15577325224876404,-0.3377525508403778,0.0
15.89,-0.29223954677581787,4.591836929321289,2.0,1.127489447593689,1.4077306985855103,0.0,-0.15652520954608917,-0.3394640386104584,0.0
15.9,-0.28097331523895264,4.605896949768066,2.0,1.1259201765060425,1.4043277502059937,0.0,-0.15727321803569794,-0.3411730229854584,0.0
15.91,-0.26972079277038574,4.619923114776611,2.0,1.1243441104888916,1.400907278060913,0.0,-0.15801739692687988,-0.3428792953491211,0.0
15.92,-0.2584860324859619,4.633914947509766,2.0,1.1227599382400513,1.3974701166152954,0.0,-0.15875749289989471,-0.3445829749107361,0.0
15.93,-0.24726521968841553,4.647873878479004,2.0,1.121168851852417,1.3940154314041138,0.0,-0.15949375927448273,-0.34628406167030334,0.0
15.94,-0.23606228828430176,4.661795139312744,2.0,1.1195701360702515,1.3905442953109741,0.0,-0.16022594273090363,-0.34798216819763184,0.0
15.950000000000001,-0.22487330436706543,4.675684452056885,2.0,1.1179643869400024,1.38705575466156,0.0,-0.16095423698425293,-0.34967777132987976,0.0
15.96,-0.21370267868041992,4.6895365715026855,2.0,1.1163512468338013,1.3835506439208984,0.0,-0.1616784632205963,-0.3513703942298889,0.0
15.97,-0.20254802703857422,4.703354358673096,2.0,1.114730715751648,1.3800287246704102,0.0,-0.16239869594573975,-0.35306036472320557,0.0
15.98,-0.19140779972076416,4.717137813568115,2.0,1.1131030321121216,1.3764894008636475,0.0,-0.16311508417129517,-0.3547476530075073,0.0
15.99,-0.18028569221496582,4.730884552001953,2.0,1.1114685535430908,1.3729337453842163,0.0,-0.16382735967636108,-0.35643184185028076,0.0
16.0,-0.16917777061462402,4.744596481323242,2.0,1.109826683998108,1.3693606853485107,0.0,-0.1645357608795166,-0.3581134080886841,0.0
16.01,-0.1580888032913208,4.75827169418335,2.0,1.1081780195236206,1.3657712936401367,0.0,-0.16524003446102142,-0.35979190468788147,0.0
16.02,-0.14701604843139648,4.771911144256592,2.0,1.106521725654602,1.3621653318405151,0.0,-0.1659403145313263,-0.3614676296710968,0.0
16.03,-0.13595795631408691,4.785515785217285,2.0,1.1048587560653687,1.3585418462753296,0.0,-0.16663673520088196,-0.3631404936313629,0.0
16.04,-0.12491834163665771,4.799081802368164,2.0,1.10318922996521,1.3549023866653442,0.0,-0.16732902824878693,-0.36481016874313354,0.0
16.05,-0.11389374732971191,4.812613487243652,2.0,1.1015124320983887,1.3512455224990845,0.0,-0.16801738739013672,-0.3664770722389221,0.0
16.06,-0.10288798809051514,4.826106548309326,2.0,1.0998289585113525,1.347572684288025,0.0,-0.1687016487121582,-0.36814084649086,0.0
16.07,-0.09189903736114502,4.839563846588135,2.0,1.0981382131576538,1.3438832759857178,0.0,-0.16938185691833496,-0.36980170011520386,0.0
16.080000000000002,-0.08092474937438965,4.852985382080078,2.0,1.0964411497116089,1.3401765823364258,0.0,-0.1700582504272461,-0.37145960330963135,0.0
16.09,-0.06996965408325195,4.866367340087891,2.0,1.0947374105453491,1.3364540338516235,0.0,-0.17073044180870056,-0.3731142282485962,0.0
16.1,-0.05902969837188721,4.879714012145996,2.0,1.0930265188217163,1.3327142000198364,0.0,-0.17139872908592224,-0.37476596236228943,0.0
16.11,-0.048108696937561035,4.893021583557129,2.0,1.0913094282150269,1.328958511352539,0.0,-0.17206287384033203,-0.37641441822052,0.0
16.12,-0.03720521926879883,4.906291961669922,2.0,1.0895851850509644,1.3251863718032837,0.0,-0.1727229654788971,-0.37805983424186707,0.0
16.13,-0.02631664276123047,4.919526100158691,2.0,1.0878547430038452,1.3213971853256226,0.0,-0.17337916791439056,-0.3797021806240082,0.0
16.14,-0.015447735786437988,4.932719707489014,2.0,1.0861177444458008,1.3175922632217407,0.0,-0.17403121292591095,-0.3813410997390747,0.0
16.15,-0.004593968391418457,4.945878028869629,2.0,1.0843743085861206,1.3137702941894531,0.0,-0.17467935383319855,-0.38297709822654724,0.0
16.16,0.006240129470825195,4.958996295928955,2.0,1.0826239585876465,1.3099325895309448,0.0,-0.17532329261302948,-0.38460975885391235,0.0
16.17,0.017056941986083984,4.97207498550415,2.0,1.0808676481246948,1.3060786724090576,0.0,-0.17596320807933807,-0.38623905181884766,0.0
16.18,0.02785789966583252,4.9851179122924805,2.0,1.0791049003601074,1.3022078275680542,0.0,-0.1765991896390915,-0.387865275144577,0.0
16.19,0.03863930702209473,4.998119831085205,2.0,1.0773358345031738,1.29832124710083,0.0,-0.17723102867603302,-0.38948798179626465,0.0
16.2,0.04940509796142578,5.01108455657959,2.0,1.075560450553894,1.2944178581237793,0.0,-0.17785891890525818,-0.39110758900642395,0.0
16.21,0.060150742530822754,5.024008750915527,2.0,1.073778510093689,1.290498971939087,0.0,-0.17848259210586548,-0.39272382855415344,0.0
16.22,0.07087886333465576,5.036892890930176,2.0,1.0719906091690063,1.2865639925003052,0.0,-0.17910225689411163,-0.3943365514278412,0.0
16.23,0.08159112930297852,5.049740314483643,2.0,1.070196509361267,1.2826122045516968,0.0,-0.1797179877758026,-0.39594602584838867,0.0
16.240000000000002,0.09228324890136719,5.062545299530029,2.0,1.0683964490890503,1.2786449193954468,0.0,-0.18032953143119812,-0.397551953792572,0.0
16.25,0.1029595136642456,5.075313091278076,2.0,1.0665901899337769,1.2746609449386597,0.0,-0.18093712627887726,-0.3991546928882599,0.0
16.26,0.11361515522003174,5.088039875030518,2.0,1.0647774934768677,1.27066171169281,0.0,-0.18154048919677734,-0.4007538855075836,0.0
16.27,0.12425315380096436,5.100725173950195,2.0,1.0629591941833496,1.266646385192871,0.0,-0.18213984370231628,-0.40234947204589844,0.0
16.28,0.13487482070922852,5.113371849060059,2.0,1.061134696006775,1.2626146078109741,0.0,-0.18273524940013885,-0.40394172072410583,0.0
16.29,0.1454763412475586,5.125977039337158,2.0,1.0593045949935913,1.258567452430725,0.0,-0.18332646787166595,-0.40553027391433716,0.0
16.3,0.15606141090393066,5.138543605804443,2.0,1.0574684143066406,1.254503846168518,0.0,-0.1839137226343155,-0.40711554884910583,0.0
16.31,0.1666259765625,5.151068210601807,2.0,1.0556261539459229,1.2504249811172485,0.0,-0.18449676036834717,-0.40869712829589844,0.0
16.32,0.17717444896697998,5.1635518074035645,2.0,1.0537786483764648,1.2463299036026,0.0,-0.18507590889930725,-0.41027507185935974,0.0
16.330000000000002,0.18770182132720947,5.175994873046875,2.0,1.051924705505371,1.2422194480895996,0.0,-0.1856507807970047,-0.4118494689464569,0.0
16.34,0.1982111930847168,5.188395023345947,2.0,1.0500653982162476,1.238093376159668,0.0,-0.1862216293811798,-0.41342008113861084,0.0
16.35,0.20870375633239746,5.200756072998047,2.0,1.0482004880905151,1.2339509725570679,0.0,-0.18678851425647736,-0.41498732566833496,0.0
16.36,0.2191753387451172,5.213075637817383,2.0,1.0463294982910156,1.2297935485839844,0.0,-0.18735116720199585,-0.41655078530311584,0.0
16.37,0.229630708694458,5.225351810455322,2.0,1.044453501701355,1.225619912147522,0.0,-0.18790991604328156,-0.4181104600429535,0.0
16.38,0.2400648593902588,5.2375874519348145,2.0,1.0425714254379272,1.2214311361312866,0.0,-0.18846438825130463,-0.41966649889945984,0.0
16.39,0.25048017501831055,5.249780654907227,2.0,1.0406837463378906,1.2172269821166992,0.0,-0.18901480734348297,-0.42121878266334534,0.0
16.4,0.2608790397644043,5.261932373046875,2.0,1.038791298866272,1.213006854057312,0.0,-0.18956132233142853,-0.4227672517299652,0.0
16.41,0.2712564468383789,5.274041175842285,2.0,1.0368927717208862,1.2087715864181519,0.0,-0.19010356068611145,-0.4243120551109314,0.0
16.42,0.2816174030303955,5.286107540130615,2.0,1.034989356994629,1.2045204639434814,0.0,-0.19064190983772278,-0.42585289478302,0.0
16.43,0.29195666313171387,5.298131465911865,2.0,1.033079981803894,1.2002544403076172,0.0,-0.19117595255374908,-0.4273900091648102,0.0
16.44,0.3022768497467041,5.310112476348877,2.0,1.031165361404419,1.1959730386734009,0.0,-0.19170592725276947,-0.42892327904701233,0.0
16.45,0.3125804662704468,5.322051048278809,2.0,1.0292460918426514,1.1916760206222534,0.0,-0.19223202764987946,-0.4304526150226593,0.0
16.46,0.3228623867034912,5.3339457511901855,2.0,1.0273208618164062,1.1873639822006226,0.0,-0.19275382161140442,-0.43197810649871826,0.0
16.47,0.33312737941741943,5.345798015594482,2.0,1.0253909826278687,1.183036208152771,0.0,-0.19327174127101898,-0.43349960446357727,0.0
16.48,0.34337055683135986,5.357606410980225,2.0,1.0234556198120117,1.1786937713623047,0.0,-0.19378535449504852,-0.43501731753349304,0.0
16.490000000000002,0.35359442234039307,5.36937141418457,2.0,1.021514892578125,1.174336314201355,0.0,-0.19429488480091095,-0.4365309774875641,0.0
16.5,0.36380136013031006,5.3810930252075195,2.0,1.019569754600525,1.1699631214141846,0.0,-0.19480057060718536,-0.4380406439304352,0.0
16.51,0.3739861249923706,5.392770767211914,2.0,1.017619013786316,1.165575385093689,0.0,-0.19530189037322998,-0.4395463764667511,0.0
16.52,0.3841543197631836,5.404404640197754,2.0,1.015663981437683,1.1611721515655518,0.0,-0.19579941034317017,-0.4410479664802551,0.0
16.53,0.39430010318756104,5.415994167327881,2.0,1.0137032270431519,1.1567543745040894,0.0,-0.19629256427288055,-0.442545622587204,0.0
16.54,0.40442609786987305,5.427539825439453,2.0,1.0117377042770386,1.152321696281433,0.0,-0.19678166508674622,-0.4440392255783081,0.0
16.55,0.41453516483306885,5.439040184020996,2.0,1.0097676515579224,1.1478735208511353,0.0,-0.19726687669754028,-0.44552862644195557,0.0
16.56,0.42462193965911865,5.450496673583984,2.0,1.007792353630066,1.1434110403060913,0.0,-0.19774779677391052,-0.4470140337944031,0.0
16.57,0.4346916675567627,5.461908340454102,2.0,1.0058127641677856,1.1389331817626953,0.0,-0.19822485744953156,-0.44849520921707153,0.0
16.580000000000002,0.4447387456893921,5.473275184631348,2.0,1.0038279294967651,1.1344410181045532,0.0,-0.19869758188724518,-0.44997233152389526,0.0
16.59,0.45476603507995605,5.484597206115723,2.0,1.0018385648727417,1.1299341917037964,0.0,-0.19916625320911407,-0.4514453113079071,0.0
16.6,0.46477603912353516,5.495874404907227,2.0,0.9998448491096497,1.1254119873046875,0.0,-0.19963103532791138,-0.45291391015052795,0.0
16.61,0.4747633934020996,5.507105827331543,2.0,0.9978460669517517,1.1208757162094116,0.0,-0.20009152591228485,-0.45437848567962646,0.0
16.62,0.48473334312438965,5.518291473388672,2.0,0.9958431124687195,1.1163244247436523,0.0,-0.20054812729358673,-0.455838680267334,0.0
16.63,0.4946807622909546,5.52943229675293,2.0,0.9938350915908813,1.1117589473724365,0.0,-0.20100048184394836,-0.457294762134552,0.0
16.64,0.5046079158782959,5.540526866912842,2.0,0.9918226599693298,1.1071789264678955,0.0,-0.2014487087726593,-0.4587465226650238,0.0
16.65,0.5145176649093628,5.551575660705566,2.0,0.9898062944412231,1.102583885192871,0.0,-0.20189307630062103,-0.4601939022541046,0.0
16.66,0.5244045257568359,5.562578201293945,2.0,0.9877849817276001,1.0979750156402588,0.0,-0.20233313739299774,-0.461637020111084,0.0
16.67,0.5342735052108765,5.573535919189453,2.0,0.9857593774795532,1.0933510065078735,0.0,-0.20276927947998047,-0.4630759358406067,0.0
16.68,0.544120192527771,5.584444999694824,2.0,0.9837297797203064,1.0887134075164795,0.0,-0.2032012641429901,-0.4645101726055145,0.0
16.69,0.5539486408233643,5.595309734344482,2.0,0.9816954731941223,1.0840606689453125,0.0,-0.2036292552947998,-0.46594032645225525,0.0
16.7,0.5637547969818115,5.60612678527832,2.0,0.9796572923660278,1.0793945789337158,0.0,-0.2040531039237976,-0.4673658609390259,0.0
16.71,0.5735399723052979,5.616897106170654,2.0,0.9776144027709961,1.074713945388794,0.0,-0.20447276532649994,-0.46878713369369507,0.0
16.72,0.583307147026062,5.627621650695801,2.0,0.9755675196647644,1.0700185298919678,0.0,-0.20488856732845306,-0.4702039659023285,0.0
16.73,0.5930519104003906,5.6382975578308105,2.0,0.9735166430473328,1.065309762954712,0.0,-0.20530016720294952,-0.47161611914634705,0.0
16.740000000000002,0.6027779579162598,5.648927688598633,2.0,0.9714617133140564,1.0605862140655518,0.0,-0.20570777356624603,-0.47302404046058655,0.0
16.75,0.6124815940856934,5.659509181976318,2.0,0.9694027304649353,1.055849313735962,0.0,-0.20611125230789185,-0.4744272530078888,0.0
16.76,0.6221641302108765,5.6700439453125,2.0,0.9673394560813904,1.0510982275009155,0.0,-0.20651057362556458,-0.47582611441612244,0.0
16.77,0.6318285465240479,5.6805315017700195,2.0,0.9652723670005798,1.0463324785232544,0.0,-0.2069060206413269,-0.4772203862667084,0.0
16.78,0.641470193862915,5.690970420837402,2.0,0.9632013440132141,1.0415537357330322,0.0,-0.20729729533195496,-0.47860997915267944,0.0
16.79,0.6510930061340332,5.701362609863281,2.0,0.9611265063285828,1.0367602109909058,0.0,-0.20768460631370544,-0.4799951910972595,0.0
16.8,0.6606931686401367,5.711705207824707,2.0,0.9590479135513306,1.0319536924362183,0.0,-0.20806775987148285,-0.4813755452632904,0.0
16.81,0.6702721118927002,5.722001075744629,2.0,0.9569649696350098,1.0271332263946533,0.0,-0.20844678580760956,-0.48275142908096313,0.0
16.82,0.6798325777053833,5.732248783111572,2.0,0.9548786282539368,1.0222984552383423,0.0,-0.20882193744182587,-0.48412275314331055,0.0
16.830000000000002,0.6893702745437622,5.742446422576904,2.0,0.9527886509895325,1.0174506902694702,0.0,-0.2091929167509079,-0.4854891896247864,0.0
16.84,0.698888897895813,5.752597808837891,2.0,0.9506949782371521,1.012588620185852,0.0,-0.20955994725227356,-0.4868510961532593,0.0
16.85,0.7083847522735596,5.762698650360107,2.0,0.9485977292060852,1.0077136754989624,0.0,-0.20992286503314972,-0.488208144903183,0.0
16.86,0.7178590297698975,5.7727508544921875,2.0,0.9464964270591736,1.0028250217437744,0.0,-0.210281640291214,-0.489560604095459,0.0
16.87,0.7273147106170654,5.782755374908447,2.0,0.9443917274475098,0.9979221224784851,0.0,-0.21063651144504547,-0.4909083843231201,0.0
16.88,0.7367472648620605,5.7927093505859375,2.0,0.9422837495803833,0.993006706237793,0.0,-0.21098726987838745,-0.4922511875629425,0.0
16.89,0.7461609840393066,5.802615642547607,2.0,0.9401721358299255,0.9880771040916443,0.0,-0.21133410930633545,-0.4935894012451172,0.0
16.9,0.7555509805679321,5.812471866607666,2.0,0.9380568861961365,0.9831346869468689,0.0,-0.2116767317056656,-0.4949227273464203,0.0
16.91,0.7649202346801758,5.822277545928955,2.0,0.9359384775161743,0.9781791567802429,0.0,-0.21201537549495697,-0.4962511360645294,0.0
16.92,0.7742702960968018,5.832035064697266,2.0,0.9338166117668152,0.97320955991745,0.0,-0.21235011518001556,-0.4975748658180237,0.0
16.93,0.7835971117019653,5.841741561889648,2.0,0.9316916465759277,0.9682276844978333,0.0,-0.21268069744110107,-0.4988935887813568,0.0
16.94,0.7929046154022217,5.851399898529053,2.0,0.9295631647109985,0.9632316827774048,0.0,-0.213007390499115,-0.5002075433731079,0.0
16.95,0.8021884560585022,5.861007213592529,2.0,0.9274312853813171,0.958223283290863,0.0,-0.21332986652851105,-0.501516580581665,0.0
16.96,0.8114513754844666,5.870563507080078,2.0,0.9252966046333313,0.9532018899917603,0.0,-0.21364839375019073,-0.5028205513954163,0.0
16.97,0.8206949234008789,5.88007116317749,2.0,0.9231584668159485,0.9481667876243591,0.0,-0.21396300196647644,-0.5041198134422302,0.0
16.98,0.8299150466918945,5.889526844024658,2.0,0.9210174679756165,0.943119466304779,0.0,-0.21427352726459503,-0.5054138898849487,0.0
16.990000000000002,0.8391157388687134,5.898933410644531,2.0,0.918873131275177,0.9380584955215454,0.0,-0.21458013355731964,-0.5067031383514404,0.0
17.0,0.8482925891876221,5.908288478851318,2.0,0.9167255759239197,0.9329851269721985,0.0,-0.21488255262374878,-0.507987380027771,0.0
17.01,0.8574484586715698,5.917592525482178,2.0,0.9145753979682922,0.927899181842804,0.0,-0.21518105268478394,-0.5092664957046509,0.0
17.02,0.8665846586227417,5.926846504211426,2.0,0.9124221205711365,0.9227997660636902,0.0,-0.2154756486415863,-0.5105406641960144,0.0
17.03,0.8756974339485168,5.93604850769043,2.0,0.910266101360321,0.9176883697509766,0.0,-0.21576617658138275,-0.5118097066879272,0.0
17.04,0.8847905397415161,5.945199966430664,2.0,0.908106803894043,0.9125635027885437,0.0,-0.2160528004169464,-0.513073742389679,0.0
17.05,0.8938596248626709,5.9542999267578125,2.0,0.90594482421875,0.907426655292511,0.0,-0.2163352370262146,-0.5143327116966248,0.0
17.06,0.90290766954422,5.963347911834717,2.0,0.9037801623344421,0.902277410030365,0.0,-0.2166137993335724,-0.5155864357948303,0.0
17.07,0.9119357466697693,5.97234582901001,2.0,0.9016126990318298,0.8971148729324341,0.0,-0.2168884575366974,-0.5168352127075195,0.0
17.080000000000002,0.9209404587745667,5.981289863586426,2.0,0.8994424939155579,0.891940712928772,0.0,-0.21715906262397766,-0.518078625202179,0.0
17.09,0.9299252033233643,5.990184307098389,2.0,0.8972694277763367,0.886753261089325,0.0,-0.21742577850818634,-0.5193170309066772,0.0
17.1,0.9388858079910278,5.999025821685791,2.0,0.8950937390327454,0.8815540671348572,0.0,-0.21768835186958313,-0.5205503106117249,0.0
17.11,0.9478275775909424,6.007814884185791,2.0,0.8929157257080078,0.876342236995697,0.0,-0.21794722974300385,-0.5217781662940979,0.0
17.12,0.9567446708679199,6.016552925109863,2.0,0.890734851360321,0.8711184859275818,0.0,-0.2182018756866455,-0.523000955581665,0.0
17.13,0.9656400680541992,6.025238037109375,2.0,0.8885514140129089,0.8658825159072876,0.0,-0.2184526026248932,-0.5242184996604919,0.0
17.14,0.9745163321495056,6.033870220184326,2.0,0.8863658905029297,0.8606340289115906,0.0,-0.2186996042728424,-0.5254306793212891,0.0
17.150000000000002,0.983367919921875,6.042449951171875,2.0,0.8841776251792908,0.8553738594055176,0.0,-0.21894240379333496,-0.5266377329826355,0.0
17.16,0.9922004342079163,6.05097770690918,2.0,0.8819872140884399,0.8501011729240417,0.0,-0.21918153762817383,-0.5278393030166626,0.0
17.17,1.001008152961731,6.059452056884766,2.0,0.8797939419746399,0.8448169827461243,0.0,-0.21941645443439484,-0.5290356874465942,0.0
17.18,1.009793996810913,6.067873954772949,2.0,0.8775985836982727,0.8395208716392517,0.0,-0.21964746713638306,-0.5302267074584961,0.0
17.19,1.0185606479644775,6.076242446899414,2.0,0.8754011392593384,0.8342124223709106,0.0,-0.2198747992515564,-0.5314123630523682,0.0
17.2,1.0273025035858154,6.084558010101318,2.0,0.8732011914253235,0.8288925290107727,0.0,-0.22009794414043427,-0.5325927138328552,0.0
17.21,1.0360252857208252,6.092820167541504,2.0,0.870999276638031,0.8235605359077454,0.0,-0.22031742334365845,-0.533767580986023,0.0
17.22,1.0447230339050293,6.101029396057129,2.0,0.868794858455658,0.8182170987129211,0.0,-0.22053273022174835,-0.5349371433258057,0.0
17.23,1.053398847579956,6.109184741973877,2.0,0.8665884137153625,0.8128620982170105,0.0,-0.22074414789676666,-0.5361012816429138,0.0
17.240000000000002,1.0620553493499756,6.117286205291748,2.0,0.8643800616264343,0.8074950575828552,0.0,-0.22095191478729248,-0.5372598767280579,0.0
17.25,1.070686936378479,6.125334739685059,2.0,0.8621693849563599,0.802116870880127,0.0,-0.22115550935268402,-0.5384131073951721,0.0
17.26,1.0792993307113647,6.133328437805176,2.0,0.8599571585655212,0.7967267036437988,0.0,-0.22135549783706665,-0.5395607352256775,0.0
17.27,1.0878865718841553,6.141268730163574,2.0,0.857742428779602,0.791325569152832,0.0,-0.221551313996315,-0.5407030582427979,0.0
17.28,1.096451759338379,6.149155139923096,2.0,0.85552579164505,0.7859129905700684,0.0,-0.22174325585365295,-0.5418398380279541,0.0
17.29,1.1049976348876953,6.156986713409424,2.0,0.8533075451850891,0.7804887294769287,0.0,-0.221931591629982,-0.5429709553718567,0.0
17.3,1.113518476486206,6.164765357971191,2.0,0.851087212562561,0.7750535607337952,0.0,-0.22211578488349915,-0.5440966486930847,0.0
17.31,1.1220201253890991,6.172488212585449,2.0,0.8488654494285583,0.7696067690849304,0.0,-0.22229637205600739,-0.5452166795730591,0.0
17.32,1.1304963827133179,6.18015718460083,2.0,0.8466413617134094,0.7641491889953613,0.0,-0.22247283160686493,-0.5463312268257141,0.0
17.330000000000002,1.1389505863189697,6.187771797180176,2.0,0.8444156646728516,0.758680522441864,0.0,-0.22264544665813446,-0.5474401712417603,0.0
17.34,1.1473853588104248,6.195330619812012,2.0,0.8421886563301086,0.753200352191925,0.0,-0.22281448543071747,-0.548543393611908,0.0
17.35,1.1557948589324951,6.2028350830078125,2.0,0.8399595618247986,0.7477095723152161,0.0,-0.2229793816804886,-0.5496411919593811,0.0
17.36,1.1641850471496582,6.210284233093262,2.0,0.8377290964126587,0.7422074675559998,0.0,-0.22314073145389557,-0.5507331490516663,0.0
17.37,1.1725499629974365,6.217679500579834,2.0,0.835496723651886,0.7366948127746582,0.0,-0.22329796850681305,-0.5518195033073425,0.0
17.38,1.1808927059173584,6.2250189781188965,2.0,0.8332628607749939,0.7311714291572571,0.0,-0.2234514057636261,-0.5529003143310547,0.0
17.39,1.1892157793045044,6.232302665710449,2.0,0.8310278058052063,0.7256367802619934,0.0,-0.22360126674175262,-0.5539752244949341,0.0
17.400000000000002,1.1975138187408447,6.239531517028809,2.0,0.8287908434867859,0.7200918793678284,0.0,-0.22374704480171204,-0.5550445318222046,0.0
17.41,1.205791711807251,6.246705055236816,2.0,0.82655268907547,0.714535653591156,0.0,-0.22388918697834015,-0.5561081767082214,0.0
17.42,1.2140454053878784,6.253821849822998,2.0,0.8243131637573242,0.7089696526527405,0.0,-0.22402745485305786,-0.5571659207344055,0.0
17.43,1.2222760915756226,6.2608842849731445,2.0,0.8220722079277039,0.7033929228782654,0.0,-0.22416183352470398,-0.5582180023193359,0.0
17.44,1.23048734664917,6.267889022827148,2.0,0.819830060005188,0.6978052258491516,0.0,-0.22429268062114716,-0.5592641830444336,0.0
17.45,1.2386733293533325,6.274839878082275,2.0,0.817586362361908,0.6922075748443604,0.0,-0.2244194895029068,-0.5603047013282776,0.0
17.46,1.246839165687561,6.281734466552734,2.0,0.8153414726257324,0.6865988969802856,0.0,-0.22454269230365753,-0.5613394975662231,0.0
17.47,1.2549806833267212,6.288571357727051,2.0,0.8130955696105957,0.6809807419776917,0.0,-0.22466203570365906,-0.5623682141304016,0.0
17.48,1.263101577758789,6.295353412628174,2.0,0.8108482360839844,0.6753514409065247,0.0,-0.22477766871452332,-0.5633912682533264,0.0
17.490000000000002,1.2711982727050781,6.3020782470703125,2.0,0.808600127696991,0.6697128415107727,0.0,-0.22488951683044434,-0.5644083619117737,0.0
17.5,1.2792718410491943,6.308747291564941,2.0,0.8063505291938782,0.6640638709068298,0.0,-0.22499749064445496,-0.5654196739196777,0.0
17.51,1.287325143814087,6.315360069274902,2.0,0.804099977016449,0.6584041714668274,0.0,-0.22510190308094025,-0.5664251446723938,0.0
17.52,1.2953543663024902,6.321915626525879,2.0,0.8018485903739929,0.6527353525161743,0.0,-0.2252025008201599,-0.5674245357513428,0.0
17.53,1.3033628463745117,6.3284149169921875,2.0,0.7995960116386414,0.6470556259155273,0.0,-0.22529944777488708,-0.5684180855751038,0.0
17.54,1.3113467693328857,6.334856986999512,2.0,0.7973427176475525,0.6413668990135193,0.0,-0.22539258003234863,-0.5694056749343872,0.0
17.55,1.319307804107666,6.34124231338501,2.0,0.7950882911682129,0.6356680989265442,0.0,-0.22548191249370575,-0.5703874230384827,0.0
17.56,1.3272485733032227,6.347570419311523,2.0,0.7928328514099121,0.6299588680267334,0.0,-0.22556769847869873,-0.5713631510734558,0.0
17.57,1.335165023803711,6.3538408279418945,2.0,0.7905769348144531,0.6242408156394958,0.0,-0.22564969956874847,-0.5723327994346619,0.0
17.580000000000002,1.3430607318878174,6.360055446624756,2.0,0.788320004940033,0.6185121536254883,0.0,-0.2257280945777893,-0.5732965469360352,0.0
17.59,1.350932002067566,6.3662109375,2.0,0.786062479019165,0.6127747893333435,0.0,-0.2258027195930481,-0.5742542147636414,0.0
17.6,1.3587801456451416,6.372310161590576,2.0,0.7838039994239807,0.6070276498794556,0.0,-0.22587355971336365,-0.57520592212677,0.0
17.61,1.3666080236434937,6.378352165222168,2.0,0.7815448641777039,0.6012703776359558,0.0,-0.22594091296195984,-0.5761515498161316,0.0
17.62,1.374411702156067,6.384335517883301,2.0,0.7792851328849792,0.5955045819282532,0.0,-0.22600452601909637,-0.5770910978317261,0.0
17.63,1.3821943998336792,6.390262126922607,2.0,0.7770248055458069,0.5897285342216492,0.0,-0.2260645478963852,-0.578024685382843,0.0
17.64,1.3899521827697754,6.396130561828613,2.0,0.7747637629508972,0.583943784236908,0.0,-0.2261207401752472,-0.5789520740509033,0.0
17.650000000000002,1.3976879119873047,6.401940822601318,2.0,0.7725023627281189,0.5781500935554504,0.0,-0.22617337107658386,-0.5798733234405518,0.0
17.66,1.4054027795791626,6.407693386077881,2.0,0.7702403664588928,0.5723463296890259,0.0,-0.2262224555015564,-0.5807886123657227,0.0
17.67,1.4130933284759521,6.413387298583984,2.0,0.7679780721664429,0.5665342807769775,0.0,-0.22626784443855286,-0.5816975831985474,0.0
17.68,1.4207627773284912,6.4190239906311035,2.0,0.7657150626182556,0.5607122778892517,0.0,-0.2263096570968628,-0.5826005339622498,0.0
17.69,1.4284075498580933,6.424602508544922,2.0,0.7634516358375549,0.5548819899559021,0.0,-0.22634772956371307,-0.5834974050521851,0.0
17.7,1.4360300302505493,6.430121421813965,2.0,0.7611881494522095,0.5490428805351257,0.0,-0.22638225555419922,-0.5843878984451294,0.0
17.71,1.443631887435913,6.435583114624023,2.0,0.758924126625061,0.5431941747665405,0.0,-0.2264132797718048,-0.5852723121643066,0.0
17.72,1.4512091875076294,6.440985679626465,2.0,0.756659984588623,0.5373374819755554,0.0,-0.2264406383037567,-0.5861504077911377,0.0
17.73,1.4587656259536743,6.446329116821289,2.0,0.7543954253196716,0.5314710736274719,0.0,-0.22646448016166687,-0.5870224237442017,0.0
17.740000000000002,1.4662970304489136,6.451615333557129,2.0,0.7521305084228516,0.5255966782569885,0.0,-0.22648456692695618,-0.5878881812095642,0.0
17.75,1.473806381225586,6.456841468811035,2.0,0.7498656511306763,0.5197138786315918,0.0,-0.2265011966228485,-0.5887476801872253,0.0
17.76,1.481294870376587,6.462009429931641,2.0,0.7476004958152771,0.5138217210769653,0.0,-0.22651435434818268,-0.5896009206771851,0.0
17.77,1.488759160041809,6.467117786407471,2.0,0.7453354597091675,0.5079218745231628,0.0,-0.22652389109134674,-0.5904478430747986,0.0
17.78,1.4962022304534912,6.472167491912842,2.0,0.743070125579834,0.5020126700401306,0.0,-0.22652991116046906,-0.5912885069847107,0.0
17.79,1.5036203861236572,6.477158069610596,2.0,0.7408046722412109,0.4960957467556,0.0,-0.22653226554393768,-0.5921229124069214,0.0
17.8,1.511016607284546,6.482089519500732,2.0,0.7385396361351013,0.4901708662509918,0.0,-0.22653120756149292,-0.5929509401321411,0.0
17.81,1.518391728401184,6.486961364746094,2.0,0.7362741827964783,0.4842367172241211,0.0,-0.22652667760849,-0.5937727093696594,0.0
17.82,1.5257426500320435,6.491774082183838,2.0,0.7340090274810791,0.47829532623291016,0.0,-0.22651858627796173,-0.5945879817008972,0.0
17.830000000000002,1.5330724716186523,6.496527194976807,2.0,0.7317438125610352,0.47234487533569336,0.0,-0.2265070527791977,-0.5953970551490784,0.0
17.84,1.5403774976730347,6.501221179962158,2.0,0.7294787764549255,0.4663870930671692,0.0,-0.22649186849594116,-0.5961998105049133,0.0
17.85,1.5476627349853516,6.505855083465576,2.0,0.7272140383720398,0.4604209065437317,0.0,-0.22647348046302795,-0.596996009349823,0.0
17.86,1.554922342300415,6.510429382324219,2.0,0.7249493598937988,0.4544471204280853,0.0,-0.2264513373374939,-0.5977858901023865,0.0
17.87,1.5621598958969116,6.514943599700928,2.0,0.7226850390434265,0.4484657347202301,0.0,-0.22642581164836884,-0.5985692739486694,0.0
17.88,1.5693767070770264,6.5193986892700195,2.0,0.7204208970069885,0.44247570633888245,0.0,-0.22639693319797516,-0.599346399307251,0.0
17.89,1.5765682458877563,6.523793697357178,2.0,0.7181569933891296,0.43647852540016174,0.0,-0.22636441886425018,-0.6001170873641968,0.0
17.900000000000002,1.583740472793579,6.528127670288086,2.0,0.715893566608429,0.43047332763671875,0.0,-0.2263287454843521,-0.6008811593055725,0.0
17.91,1.5908868312835693,6.532402515411377,2.0,0.7136304378509521,0.42446088790893555,0.0,-0.22628936171531677,-0.601638913154602,0.0
17.92,1.598010540008545,6.536617755889893,2.0,0.7113677263259888,0.41844087839126587,0.0,-0.22624656558036804,-0.6023901700973511,0.0
17.93,1.6051146984100342,6.540771484375,2.0,0.7091056108474731,0.4124130308628082,0.0,-0.2262006402015686,-0.6031349301338196,0.0
17.94,1.61219322681427,6.544865608215332,2.0,0.7068437337875366,0.4063781201839447,0.0,-0.2261510193347931,-0.6038731932640076,0.0
17.95,1.6192522048950195,6.548899173736572,2.0,0.7045826315879822,0.40033552050590515,0.0,-0.22609828412532806,-0.6046048402786255,0.0
17.96,1.626285433769226,6.552872180938721,2.0,0.7023217678070068,0.39428597688674927,0.0,-0.22604189813137054,-0.6053301095962524,0.0
17.97,1.633296251296997,6.556785583496094,2.0,0.7000616192817688,0.38822925090789795,0.0,-0.2259821593761444,-0.6060488820075989,0.0
17.98,1.6402872800827026,6.5606369972229,2.0,0.6978022456169128,0.38216495513916016,0.0,-0.22591930627822876,-0.6067609190940857,0.0
17.990000000000002,1.6472527980804443,6.564428329467773,2.0,0.6955432891845703,0.37609395384788513,0.0,-0.22585280239582062,-0.6074665784835815,0.0
18.0,1.6541987657546997,6.568158149719238,2.0,0.6932852268218994,0.37001562118530273,0.0,-0.22578328847885132,-0.6081655025482178,0.0
18.01,1.6611191034317017,6.571828365325928,2.0,0.6910277605056763,0.36393067240715027,0.0,-0.22571012377738953,-0.6088579893112183,0.0
18.02,1.668016791343689,6.575437545776367,2.0,0.6887708902359009,0.3578387200832367,0.0,-0.2256336212158203,-0.6095439195632935,0.0
18.03,1.6748950481414795,6.578985214233398,2.0,0.6865150332450867,0.35173970460891724,0.0,-0.22555409371852875,-0.6102230548858643,0.0
18.04,1.6817476749420166,6.58247184753418,2.0,0.6842598915100098,0.34563422203063965,0.0,-0.22547097504138947,-0.6108956933021545,0.0
18.05,1.6885809898376465,6.585897445678711,2.0,0.6820056438446045,0.33952176570892334,0.0,-0.22538486123085022,-0.61156165599823,0.0
18.06,1.6953884363174438,6.58926248550415,2.0,0.6797522902488708,0.33340296149253845,0.0,-0.22529515624046326,-0.6122210621833801,0.0
18.07,1.7021734714508057,6.59256649017334,2.0,0.6774997711181641,0.32727763056755066,0.0,-0.22520217299461365,-0.6128737926483154,0.0
18.080000000000002,1.7089390754699707,6.5958075523376465,2.0,0.6752483248710632,0.3211454749107361,0.0,-0.22510623931884766,-0.6135197281837463,0.0
18.09,1.7156791687011719,6.598989486694336,2.0,0.6729976534843445,0.3150072395801544,0.0,-0.22500672936439514,-0.6141591668128967,0.0
18.1,1.7223997116088867,6.602108001708984,2.0,0.6707481741905212,0.30886226892471313,0.0,-0.22490426898002625,-0.614791750907898,0.0
18.11,1.7290946245193481,6.605165958404541,2.0,0.6684995889663696,0.3027113378047943,0.0,-0.2247982770204544,-0.6154177784919739,0.0
18.12,1.735767126083374,6.608162879943848,2.0,0.666252076625824,0.29655417799949646,0.0,-0.2246890366077423,-0.6160370707511902,0.0
18.13,1.7424204349517822,6.6110968589782715,2.0,0.6640058159828186,0.29039061069488525,0.0,-0.2245769053697586,-0.6166495084762573,0.0
18.14,1.749047875404358,6.613969802856445,2.0,0.6617606282234192,0.28422120213508606,0.0,-0.22446125745773315,-0.617255449295044,0.0
18.150000000000002,1.755655288696289,6.616782188415527,2.0,0.659516453742981,0.2780451476573944,0.0,-0.22434258460998535,-0.6178545355796814,0.0
18.16,1.76223886013031,6.61953067779541,2.0,0.6572737693786621,0.2718640863895416,0.0,-0.22422069311141968,-0.6184468269348145,0.0
18.17,1.768799066543579,6.622219085693359,2.0,0.6550321578979492,0.2656768262386322,0.0,-0.22409547865390778,-0.6190324425697327,0.0
18.18,1.7753400802612305,6.624844551086426,2.0,0.6527919173240662,0.2594834268093109,0.0,-0.22396738827228546,-0.6196111440658569,0.0
18.19,1.781855583190918,6.627408504486084,2.0,0.6505527496337891,0.2532845437526703,0.0,-0.22383587062358856,-0.6201832294464111,0.0
18.2,1.7883509397506714,6.629910469055176,2.0,0.6483150124549866,0.24707937240600586,0.0,-0.2237013578414917,-0.6207484006881714,0.0
18.21,1.7948224544525146,6.632349967956543,2.0,0.646078884601593,0.24086955189704895,0.0,-0.22356367111206055,-0.621306836605072,0.0
18.22,1.801273226737976,6.634727478027344,2.0,0.6438437700271606,0.23465323448181152,0.0,-0.22342289984226227,-0.6218584179878235,0.0
18.23,1.8076999187469482,6.63704252243042,2.0,0.6416104435920715,0.22843237221240997,0.0,-0.2232789695262909,-0.6224031448364258,0.0
18.240000000000002,1.814103603363037,6.639296531677246,2.0,0.6393783688545227,0.2222057431936264,0.0,-0.22313182055950165,-0.6229411363601685,0.0
18.25,1.8204872608184814,6.641487121582031,2.0,0.6371476054191589,0.2159731686115265,0.0,-0.22298173606395721,-0.623472273349762,0.0
18.26,1.8268471956253052,6.64361572265625,2.0,0.6349188089370728,0.20973627269268036,0.0,-0.22282853722572327,-0.6239964962005615,0.0
18.27,1.833186388015747,6.645681858062744,2.0,0.6326910853385925,0.20349322259426117,0.0,-0.22267229855060577,-0.6245139241218567,0.0
18.28,1.8395016193389893,6.6476850509643555,2.0,0.6304652690887451,0.1972459852695465,0.0,-0.22251296043395996,-0.6250243782997131,0.0
18.29,1.8457939624786377,6.649626731872559,2.0,0.6282410025596619,0.19099335372447968,0.0,-0.22235046327114105,-0.62552809715271,0.0
18.3,1.8520662784576416,6.651505470275879,2.0,0.626018226146698,0.18473505973815918,0.0,-0.22218507528305054,-0.6260248422622681,0.0
18.31,1.8583149909973145,6.653321266174316,2.0,0.6237972974777222,0.1784728318452835,0.0,-0.22201663255691528,-0.6265146732330322,0.0
18.32,1.8645429611206055,6.6550750732421875,2.0,0.6215778589248657,0.17220476269721985,0.0,-0.22184520959854126,-0.6269975900650024,0.0
18.330000000000002,1.8707470893859863,6.656765460968018,2.0,0.6193604469299316,0.16593284904956818,0.0,-0.2216707319021225,-0.6274735927581787,0.0
18.34,1.8769283294677734,6.658393383026123,2.0,0.6171445250511169,0.15965591371059418,0.0,-0.22149313986301422,-0.6279427409172058,0.0
18.35,1.8830897808074951,6.659958839416504,2.0,0.6149303317070007,0.15337364375591278,0.0,-0.2213127315044403,-0.6284048557281494,0.0
18.36,1.8892276287078857,6.661460876464844,2.0,0.612718403339386,0.14708776772022247,0.0,-0.22112931311130524,-0.6288600564002991,0.0
18.37,1.8953447341918945,6.662900447845459,2.0,0.6105078458786011,0.14079642295837402,0.0,-0.22094294428825378,-0.62930828332901,0.0
18.38,1.901437520980835,6.664277076721191,2.0,0.6082993745803833,0.13450124859809875,0.0,-0.2207535058259964,-0.6297496557235718,0.0
18.39,1.9075090885162354,6.665590763092041,2.0,0.6060929298400879,0.12820200622081757,0.0,-0.22056123614311218,-0.6301839351654053,0.0
18.400000000000002,1.913560152053833,6.66684103012085,2.0,0.6038880944252014,0.12189753353595734,0.0,-0.22036607563495636,-0.6306112408638,0.0
18.41,1.91958749294281,6.668028354644775,2.0,0.6016855835914612,0.11558976024389267,0.0,-0.22016794979572296,-0.6310316324234009,0.0
18.42,1.9255943298339844,6.66915225982666,2.0,0.5994847416877747,0.10927689075469971,0.0,-0.21996697783470154,-0.6314449310302734,0.0
18.43,1.9315769672393799,6.67021369934082,2.0,0.5972861051559448,0.10296051949262619,0.0,-0.21976295113563538,-0.631851315498352,0.0
18.44,1.9375383853912354,6.671212196350098,2.0,0.5950896143913269,0.09664046764373779,0.0,-0.21955615282058716,-0.6322506666183472,0.0
18.45,1.9434795379638672,6.672146797180176,2.0,0.592894971370697,0.09031548351049423,0.0,-0.2193465381860733,-0.6326429843902588,0.0
18.46,1.9493969678878784,6.673018455505371,2.0,0.5907028317451477,0.08398757129907608,0.0,-0.21913401782512665,-0.6330282688140869,0.0
18.47,1.9552940130233765,6.673826217651367,2.0,0.5885123610496521,0.07765491306781769,0.0,-0.21891868114471436,-0.6334065198898315,0.0
18.48,1.9611669778823853,6.674571514129639,2.0,0.5863242745399475,0.071319080889225,0.0,-0.2187003493309021,-0.6337777376174927,0.0
18.490000000000002,1.9670188426971436,6.675252914428711,2.0,0.5841385722160339,0.06497996300458908,0.0,-0.21847933530807495,-0.6341418027877808,0.0
18.5,1.9728504419326782,6.675870895385742,2.0,0.5819546580314636,0.05863623693585396,0.0,-0.21825553476810455,-0.6344989538192749,0.0
18.51,1.9786585569381714,6.676425457000732,2.0,0.5797734260559082,0.0522899404168129,0.0,-0.21802890300750732,-0.634848952293396,0.0
18.52,1.9844465255737305,6.676916122436523,2.0,0.5775941014289856,0.045939233154058456,0.0,-0.21779952943325043,-0.6351918578147888,0.0
18.53,1.9902102947235107,6.67734432220459,2.0,0.5754172801971436,0.03958575800061226,0.0,-0.21756720542907715,-0.6355277895927429,0.0
18.54,1.99595308303833,6.677708625793457,2.0,0.5732429623603821,0.0332292802631855,0.0,-0.21733222901821136,-0.6358565092086792,0.0
18.55,2.001675844192505,6.678008556365967,2.0,0.5710706114768982,0.026868605986237526,0.0,-0.2170945703983307,-0.636178195476532,0.0
18.56,2.0073752403259277,6.678245544433594,2.0,0.5689010620117188,0.020505690947175026,0.0,-0.21685411036014557,-0.6364927291870117,0.0
18.57,2.013054370880127,6.67841911315918,2.0,0.5667336583137512,0.0141387227922678,0.0,-0.21661096811294556,-0.636800229549408,0.0
18.580000000000002,2.018709659576416,6.678528785705566,2.0,0.5645687580108643,0.0077693224884569645,0.0,-0.21636493504047394,-0.6371005773544312,0.0
18.59,2.024346351623535,6.6785736083984375,2.0,0.5624063611030579,0.0013967037666589022,0.0,-0.2161165177822113,-0.6373937129974365,0.0
18.6,2.0299582481384277,6.678556442260742,2.0,0.5602464079856873,-0.00497856130823493,0.0,-0.2158650904893875,-0.6376798152923584,0.0
18.61,2.0355496406555176,6.678474426269531,2.0,0.5580891370773315,-0.01135630626231432,0.0,-0.21561112999916077,-0.6379587650299072,0.0
18.62,2.041120767593384,6.6783294677734375,2.0,0.5559341907501221,-0.017737770453095436,0.0,-0.21535451710224152,-0.638230562210083,0.0
18.63,2.04666805267334,6.6781206130981445,2.0,0.5537819266319275,-0.02412128448486328,0.0,-0.21509510278701782,-0.6384952664375305,0.0
18.64,2.052196979522705,6.677846908569336,2.0,0.5516323447227478,-0.030507683753967285,0.0,-0.2148333340883255,-0.6387526392936707,0.0
18.650000000000002,2.057701349258423,6.677509784698486,2.0,0.5494853258132935,-0.036896347999572754,0.0,-0.214568629860878,-0.6390030384063721,0.0
18.66,2.0631842613220215,6.677109718322754,2.0,0.547340989112854,-0.043287493288517,0.0,-0.21430131793022156,-0.6392462253570557,0.0
18.67,2.0686488151550293,6.6766438484191895,2.0,0.5451992750167847,-0.04968128353357315,0.0,-0.21403171122074127,-0.6394820809364319,0.0
18.68,2.0740888118743896,6.676115989685059,2.0,0.543060302734375,-0.056077148765325546,0.0,-0.213759183883667,-0.6397109627723694,0.0
18.69,2.0795106887817383,6.675522327423096,2.0,0.5409240126609802,-0.06247551366686821,0.0,-0.21348439157009125,-0.6399324536323547,0.0
18.7,2.0849080085754395,6.67486572265625,2.0,0.5387906432151794,-0.06887581199407578,0.0,-0.21320673823356628,-0.6401469111442566,0.0
18.71,2.0902838706970215,6.674145698547363,2.0,0.5366600155830383,-0.07527821511030197,0.0,-0.21292652189731598,-0.6403541564941406,0.0
18.72,2.095641851425171,6.6733598709106445,2.0,0.5345322489738464,-0.08168292045593262,0.0,-0.2126440703868866,-0.6405541300773621,0.0
18.73,2.100975275039673,6.672511577606201,2.0,0.5324071645736694,-0.08808932453393936,0.0,-0.2123587727546692,-0.6407469511032104,0.0
18.740000000000002,2.106290578842163,6.671597957611084,2.0,0.5302849411964417,-0.09449787437915802,0.0,-0.2120712846517563,-0.6409324407577515,0.0
18.75,2.111581563949585,6.670621395111084,2.0,0.5281657576560974,-0.10090801864862442,0.0,-0.21178096532821655,-0.6411108374595642,0.0
18.76,2.116851329803467,6.669580459594727,2.0,0.5260494351387024,-0.10731983184814453,0.0,-0.21148814260959625,-0.6412820219993591,0.0
18.77,2.122103214263916,6.6684746742248535,2.0,0.5239359736442566,-0.11373360455036163,0.0,-0.21119318902492523,-0.6414458155632019,0.0
18.78,2.127330780029297,6.6673054695129395,2.0,0.5218254923820496,-0.12014875560998917,0.0,-0.21089543402194977,-0.6416025161743164,0.0
18.79,2.132540225982666,6.666071891784668,2.0,0.5197179913520813,-0.12656569480895996,0.0,-0.21059554815292358,-0.6417518258094788,0.0
18.8,2.137725830078125,6.664774417877197,2.0,0.5176136493682861,-0.13298383355140686,0.0,-0.21029290556907654,-0.6418941617012024,0.0
18.81,2.142889976501465,6.663413047790527,2.0,0.5155121684074402,-0.1394033432006836,0.0,-0.2099878191947937,-0.6420291066169739,0.0
18.82,2.1480367183685303,6.661986351013184,2.0,0.5134138464927673,-0.14582443237304688,0.0,-0.20968066155910492,-0.6421566605567932,0.0
18.830000000000002,2.1531591415405273,6.660496234893799,2.0,0.5113186240196228,-0.15224650502204895,0.0,-0.20937076210975647,-0.6422771215438843,0.0
18.84,2.158263683319092,6.658940315246582,2.0,0.5092264413833618,-0.15866997838020325,0.0,-0.20905879139900208,-0.6423901319503784,0.0
18.85,2.163344144821167,6.657322406768799,2.0,0.5071374773979187,-0.16509433090686798,0.0,-0.2087441235780716,-0.6424961090087891,0.0
18.86,2.1684038639068604,6.6556396484375,2.0,0.5050516724586487,-0.1715196669101715,0.0,-0.20842711627483368,-0.6425946950912476,0.0
18.87,2.173445701599121,6.653891563415527,2.0,0.5029689073562622,-0.17794620990753174,0.0,-0.208108052611351,-0.6426858901977539,0.0
18.88,2.178463935852051,6.65208101272583,2.0,0.5008894801139832,-0.1843734085559845,0.0,-0.20778636634349823,-0.642769992351532,0.0
18.89,2.1834633350372314,6.650204658508301,2.0,0.49881306290626526,-0.1908019781112671,0.0,-0.20746248960494995,-0.6428466439247131,0.0
18.900000000000002,2.1884407997131348,6.648264408111572,2.0,0.4967401921749115,-0.19723032414913177,0.0,-0.20713630318641663,-0.6429161429405212,0.0
18.91,2.19339656829834,6.6462602615356445,2.0,0.4946705400943756,-0.20365972816944122,0.0,-0.2068076729774475,-0.6429783701896667,0.0
18.92,2.1983346939086914,6.644191265106201,2.0,0.4926040768623352,-0.21008990705013275,0.0,-0.20647704601287842,-0.6430331468582153,0.0
18.93,2.203249216079712,6.642058372497559,2.0,0.4905409514904022,-0.21652038395404816,0.0,-0.20614387094974518,-0.6430807113647461,0.0
18.94,2.2081453800201416,6.6398606300354,2.0,0.4884811043739319,-0.22295188903808594,0.0,-0.2058085948228836,-0.6431210041046143,0.0
18.95,2.213019371032715,6.637598991394043,2.0,0.4864247441291809,-0.22938285768032074,0.0,-0.20547103881835938,-0.643153965473175,0.0
18.96,2.217874526977539,6.635272979736328,2.0,0.4843716323375702,-0.23581500351428986,0.0,-0.20513126254081726,-0.6431795358657837,0.0
18.97,2.222707509994507,6.632882595062256,2.0,0.48232218623161316,-0.24224641919136047,0.0,-0.20478926599025726,-0.6431978344917297,0.0
18.98,2.2275192737579346,6.630428791046143,2.0,0.480275958776474,-0.24867840111255646,0.0,-0.20444494485855103,-0.643208920955658,0.0
18.990000000000002,2.2323129177093506,6.627909183502197,2.0,0.47823309898376465,-0.2551110088825226,0.0,-0.20409856736660004,-0.6432125568389893,0.0
19.0,2.2370846271514893,6.625325679779053,2.0,0.4761940538883209,-0.2615426480770111,0.0,-0.20374999940395355,-0.643208920955658,0.0
19.01,2.2418372631073,6.622677803039551,2.0,0.4741581082344055,-0.2679751515388489,0.0,-0.20339928567409515,-0.6431978940963745,0.0
19.02,2.246568202972412,6.619966506958008,2.0,0.4721260964870453,-0.2744065523147583,0.0,-0.20304641127586365,-0.6431795954704285,0.0
19.03,2.2512781620025635,6.617190361022949,2.0,0.47009745240211487,-0.28083816170692444,0.0,-0.20269125699996948,-0.643153965473175,0.0
19.04,2.255970001220703,6.614349842071533,2.0,0.46807214617729187,-0.28727006912231445,0.0,-0.20233413577079773,-0.6431210041046143,0.0
19.05,2.2606403827667236,6.61144495010376,2.0,0.4660506844520569,-0.29370060563087463,0.0,-0.20197488367557526,-0.6430807113647461,0.0
19.06,2.265291690826416,6.608475685119629,2.0,0.4640326499938965,-0.3001317083835602,0.0,-0.20161357522010803,-0.643032968044281,0.0
19.07,2.2699215412139893,6.605442047119141,2.0,0.4620184004306793,-0.30656129121780396,0.0,-0.2012501358985901,-0.6429780721664429,0.0
19.080000000000002,2.2745304107666016,6.602344989776611,2.0,0.46000781655311584,-0.312990665435791,0.0,-0.20088450610637665,-0.6429157257080078,0.0
19.09,2.2791216373443604,6.59918212890625,2.0,0.45800063014030457,-0.3194199502468109,0.0,-0.2005169689655304,-0.6428459882736206,0.0
19.1,2.283691167831421,6.595956325531006,2.0,0.4559974670410156,-0.3258475959300995,0.0,-0.2001473754644394,-0.6427689790725708,0.0
19.11,2.2882421016693115,6.592665195465088,2.0,0.4539977014064789,-0.3322753608226776,0.0,-0.19977577030658722,-0.6426846385002136,0.0
19.12,2.292771577835083,6.589310169219971,2.0,0.4520018696784973,-0.3387012481689453,0.0,-0.19940213859081268,-0.6425928473472595,0.0
19.13,2.2972805500030518,6.5858917236328125,2.0,0.45000988245010376,-0.3451266288757324,0.0,-0.19902637600898743,-0.6424937844276428,0.0
19.14,2.301771640777588,6.5824079513549805,2.0,0.44802138209342957,-0.35155150294303894,0.0,-0.19864876568317413,-0.6423873901367188,0.0
19.150000000000002,2.306241512298584,6.578860282897949,2.0,0.4460369050502777,-0.3579743802547455,0.0,-0.19826917350292206,-0.6422735452651978,0.0
19.16,2.3106930255889893,6.5752482414245605,2.0,0.44405585527420044,-0.3643970191478729,0.0,-0.19788764417171478,-0.6421523690223694,0.0
19.17,2.315122365951538,6.571572303771973,2.0,0.4420790374279022,-0.37081775069236755,0.0,-0.19750401377677917,-0.6420239210128784,0.0
19.18,2.319533109664917,6.5678324699401855,2.0,0.440106064081192,-0.377236932516098,0.0,-0.1971185952425003,-0.6418880224227905,0.0
19.19,2.323925018310547,6.564027786254883,2.0,0.43813663721084595,-0.3836556077003479,0.0,-0.19673128426074982,-0.6417447328567505,0.0
19.2,2.328296422958374,6.560159206390381,2.0,0.43617138266563416,-0.390071839094162,0.0,-0.19634205102920532,-0.6415941715240479,0.0
19.21,2.3326492309570312,6.556225776672363,2.0,0.4342096745967865,-0.3964874744415283,0.0,-0.1959509253501892,-0.6414361596107483,0.0
19.22,2.3369803428649902,6.552229404449463,2.0,0.43225225806236267,-0.40290090441703796,0.0,-0.19555778801441193,-0.6412708163261414,0.0
19.23,2.3412926197052,6.548168659210205,2.0,0.4302988052368164,-0.40931230783462524,0.0,-0.19516290724277496,-0.641098141670227,0.0
19.240000000000002,2.3455867767333984,6.544043064117432,2.0,0.42834898829460144,-0.41572290658950806,0.0,-0.19476620852947235,-0.6409180164337158,0.0
19.25,2.349860429763794,6.539854049682617,2.0,0.4264034926891327,-0.42213067412376404,0.0,-0.1943676769733429,-0.6407306790351868,0.0
19.26,2.3541157245635986,6.535600185394287,2.0,0.42446157336235046,-0.428537517786026,0.0,-0.1939673125743866,-0.6405357718467712,0.0
19.27,2.358349084854126,6.531283378601074,2.0,0.42252403497695923,-0.43494173884391785,0.0,-0.1935649961233139,-0.6403337121009827,0.0
19.28,2.3625645637512207,6.526902198791504,2.0,0.4205905497074127,-0.44134360551834106,0.0,-0.19316107034683228,-0.6401241421699524,0.0
19.29,2.3667616844177246,6.522456169128418,2.0,0.4186607897281647,-0.447744220495224,0.0,-0.192755326628685,-0.6399072408676147,0.0
19.3,2.370938301086426,6.517946720123291,2.0,0.41673538088798523,-0.454141765832901,0.0,-0.19234786927700043,-0.639682948589325,0.0
19.31,2.3750967979431152,6.513372898101807,2.0,0.41481372714042664,-0.4605379104614258,0.0,-0.1919386237859726,-0.639451265335083,0.0
19.32,2.3792343139648438,6.508736610412598,2.0,0.4128965437412262,-0.4669311046600342,0.0,-0.19152750074863434,-0.6392123103141785,0.0
19.330000000000002,2.3833553791046143,6.504034519195557,2.0,0.4109831750392914,-0.47332215309143066,0.0,-0.19111497700214386,-0.638965904712677,0.0
19.34,2.3874547481536865,6.499269485473633,2.0,0.40907415747642517,-0.47971048951148987,0.0,-0.19070042669773102,-0.6387122273445129,0.0
19.35,2.391535520553589,6.494441032409668,2.0,0.4071694314479828,-0.4860958755016327,0.0,-0.1902843415737152,-0.638451099395752,0.0
19.36,2.3955984115600586,6.4895477294921875,2.0,0.40526849031448364,-0.49247947335243225,0.0,-0.1898665726184845,-0.6381825804710388,0.0
19.37,2.3996405601501465,6.484591007232666,2.0,0.4033719599246979,-0.49885985255241394,0.0,-0.18944701552391052,-0.6379067897796631,0.0
19.38,2.4036667346954346,6.479569911956787,2.0,0.40147945284843445,-0.5052376389503479,0.0,-0.1890261024236679,-0.6376235485076904,0.0
19.39,2.407670736312866,6.474486351013184,2.0,0.39959144592285156,-0.5116123557090759,0.0,-0.1886032223701477,-0.6373329758644104,0.0
19.400000000000002,2.411655902862549,6.469338417053223,2.0,0.39770767092704773,-0.5179840922355652,0.0,-0.18817876279354095,-0.6370351314544678,0.0
19.41,2.41562557220459,6.4641265869140625,2.0,0.3958277702331543,-0.52435302734375,0.0,-0.18775299191474915,-0.6367297768592834,0.0
19.42,2.4195733070373535,6.458851337432861,2.0,0.39395251870155334,-0.5307186841964722,0.0,-0.18732531368732452,-0.6364171504974365,0.0
19.43,2.4235050678253174,6.453511714935303,2.0,0.39208126068115234,-0.5370814204216003,0.0,-0.18689638376235962,-0.6360970735549927,0.0
19.44,2.427415370941162,6.4481096267700195,2.0,0.3902145326137543,-0.5434406399726868,0.0,-0.1864655613899231,-0.6357697248458862,0.0
19.45,2.431307077407837,6.442643642425537,2.0,0.3883522152900696,-0.5497966408729553,0.0,-0.1860332041978836,-0.6354350447654724,0.0
19.46,2.435183048248291,6.4371137619018555,2.0,0.3864937722682953,-0.5561493635177612,0.0,-0.18559961020946503,-0.6350929141044617,0.0
19.47,2.439037561416626,6.431520462036133,2.0,0.3846401870250702,-0.5624985098838806,0.0,-0.1851641982793808,-0.6347435116767883,0.0
19.48,2.4428763389587402,6.425863265991211,2.0,0.38279053568840027,-0.568844199180603,0.0,-0.18472760915756226,-0.6343866586685181,0.0
19.490000000000002,2.4466941356658936,6.420143127441406,2.0,0.3809455931186676,-0.5751861929893494,0.0,-0.18428920209407806,-0.63402259349823,0.0
19.5,2.4504928588867188,6.414360046386719,2.0,0.37910494208335876,-0.5815244913101196,0.0,-0.18384933471679688,-0.6336511373519897,0.0
19.51,2.4542768001556396,6.408512592315674,2.0,0.377268522977829,-0.5878592133522034,0.0,-0.18340829014778137,-0.6332722306251526,0.0
19.52,2.4580390453338623,6.4026031494140625,2.0,0.3754367530345917,-0.5941899418830872,0.0,-0.1829655021429062,-0.6328861117362976,0.0
19.53,2.4617860317230225,6.396628379821777,2.0,0.37360912561416626,-0.6005169749259949,0.0,-0.18252158164978027,-0.6324924826622009,0.0
19.54,2.4655117988586426,6.390592575073242,2.0,0.37178632616996765,-0.6068398356437683,0.0,-0.18207594752311707,-0.6320917010307312,0.0
19.55,2.469219207763672,6.384492874145508,2.0,0.36996784806251526,-0.6131585836410522,0.0,-0.18162892758846283,-0.6316835284233093,0.0
19.56,2.4729115962982178,6.378329277038574,2.0,0.3681536614894867,-0.6194734573364258,0.0,-0.18118079006671906,-0.6312679648399353,0.0
19.57,2.476583242416382,6.372103691101074,2.0,0.3663441836833954,-0.6257839798927307,0.0,-0.18073098361492157,-0.6308451294898987,0.0
19.580000000000002,2.480239152908325,6.365813732147217,2.0,0.3645389974117279,-0.6320903301239014,0.0,-0.1802801489830017,-0.6304148435592651,0.0
19.59,2.4838743209838867,6.359461307525635,2.0,0.3627385199069977,-0.6383922100067139,0.0,-0.17982764542102814,-0.6299774050712585,0.0
19.6,2.4874913692474365,6.353046417236328,2.0,0.36094266176223755,-0.6446897387504578,0.0,-0.1793738156557083,-0.6295326352119446,0.0
19.61,2.491093873977661,6.346567153930664,2.0,0.3591509759426117,-0.6509828567504883,0.0,-0.1789189726114273,-0.6290803551673889,0.0
19.62,2.4946751594543457,6.340026378631592,2.0,0.3573641777038574,-0.6572713255882263,0.0,-0.17846252024173737,-0.6286209225654602,0.0
19.63,2.4982409477233887,6.33342170715332,2.0,0.35558173060417175,-0.6635557413101196,0.0,-0.1780049353837967,-0.6281540393829346,0.0
19.64,2.5017874240875244,6.326755523681641,2.0,0.3538041114807129,-0.6698343753814697,0.0,-0.17754605412483215,-0.6276800632476807,0.0
19.650000000000002,2.5053153038024902,6.32002592086792,2.0,0.35203105211257935,-0.6761087775230408,0.0,-0.17708581686019897,-0.6271986365318298,0.0
19.66,2.50882887840271,6.313232421875,2.0,0.35026225447654724,-0.682378351688385,0.0,-0.1766246110200882,-0.6267098188400269,0.0
19.67,2.5123212337493896,6.306378364562988,2.0,0.34849855303764343,-0.6886429190635681,0.0,-0.17616187036037445,-0.6262139081954956,0.0
19.68,2.515798330307007,6.299459457397461,2.0,0.3467389643192291,-0.6949030756950378,0.0,-0.17569810152053833,-0.6257104873657227,0.0
19.69,2.519256591796875,6.292479515075684,2.0,0.3449845016002655,-0.7011571526527405,0.0,-0.17523309588432312,-0.6251999139785767,0.0
19.7,2.5226986408233643,6.285436630249023,2.0,0.34323427081108093,-0.7074069380760193,0.0,-0.1747669130563736,-0.6246820092201233,0.0
19.71,2.5261218547821045,6.278331756591797,2.0,0.3414890468120575,-0.7136507630348206,0.0,-0.17429958283901215,-0.6241568326950073,0.0
19.72,2.529527187347412,6.271164417266846,2.0,0.3397485315799713,-0.7198896408081055,0.0,-0.17383094131946564,-0.6236243844032288,0.0
19.73,2.532916784286499,6.2639336585998535,2.0,0.3380124270915985,-0.7261236906051636,0.0,-0.17336130142211914,-0.623084545135498,0.0
19.740000000000002,2.536288022994995,6.256641864776611,2.0,0.33628129959106445,-0.7323513031005859,0.0,-0.1728905439376831,-0.6225376129150391,0.0
19.75,2.539642810821533,6.24928617477417,2.0,0.334554523229599,-0.7385743856430054,0.0,-0.17241866886615753,-0.6219832301139832,0.0
19.76,2.5429797172546387,6.241869926452637,2.0,0.33283281326293945,-0.7447909712791443,0.0,-0.1719457060098648,-0.621421754360199,0.0
19.77,2.546298027038574,6.234391689300537,2.0,0.3311159312725067,-0.7510022521018982,0.0,-0.1714714914560318,-0.6208529472351074,0.0
19.78,2.5496015548706055,6.226849555969238,2.0,0.3294034004211426,-0.7572084665298462,0.0,-0.17099638283252716,-0.6202768683433533,0.0
19.79,2.552886724472046,6.219246864318848,2.0,0.32769590616226196,-0.763407826423645,0.0,-0.17052020132541656,-0.6196935772895813,0.0
19.8,2.5561559200286865,6.211581230163574,2.0,0.3259928822517395,-0.7696022391319275,0.0,-0.17004302144050598,-0.6191028952598572,0.0
19.81,2.5594074726104736,6.203855037689209,2.0,0.3242950141429901,-0.7757899165153503,0.0,-0.16956479847431183,-0.6185051798820496,0.0
19.82,2.56264066696167,6.196066856384277,2.0,0.32260188460350037,-0.7819718718528748,0.0,-0.16908542811870575,-0.6179001331329346,0.0
19.830000000000002,2.565858840942383,6.1882147789001465,2.0,0.32091328501701355,-0.7881482243537903,0.0,-0.16860519349575043,-0.6172878742218018,0.0
19.84,2.569059371948242,6.18030309677124,2.0,0.31922975182533264,-0.7943175435066223,0.0,-0.1681240051984787,-0.6166684031486511,0.0
19.85,2.572244167327881,6.172328472137451,2.0,0.3175507187843323,-0.8004816174507141,0.0,-0.1676418036222458,-0.6160416007041931,0.0
19.86,2.575411081314087,6.1642937660217285,2.0,0.31587672233581543,-0.8066383600234985,0.0,-0.16715870797634125,-0.6154077649116516,0.0
19.87,2.5785605907440186,6.1561970710754395,2.0,0.3142077624797821,-0.812789261341095,0.0,-0.16667453944683075,-0.6147665977478027,0.0
19.88,2.5816948413848877,6.148037910461426,2.0,0.31254321336746216,-0.8189341425895691,0.0,-0.16618956625461578,-0.614118218421936,0.0
19.89,2.5848119258880615,6.139817714691162,2.0,0.31088384985923767,-0.8250716328620911,0.0,-0.16570372879505157,-0.6134627461433411,0.0
19.900000000000002,2.5879130363464355,6.131535530090332,2.0,0.30922913551330566,-0.8312034010887146,0.0,-0.16521693766117096,-0.6127999424934387,0.0
19.91,2.5909957885742188,6.123193740844727,2.0,0.30757951736450195,-0.8373279571533203,0.0,-0.16472917795181274,-0.6121300458908081,0.0
19.92,2.5940632820129395,6.114790439605713,2.0,0.305934876203537,-0.8434454202651978,0.0,-0.16424070298671722,-0.6114529967308044,0.0
19.93,2.5971152782440186,6.106324195861816,2.0,0.3042945861816406,-0.8495570421218872,0.0,-0.16375136375427246,-0.6107686758041382,0.0
19.94,2.6001498699188232,6.097799301147461,2.0,0.3026597201824188,-0.8556608557701111,0.0,-0.16326120495796204,-0.6100772619247437,0.0
19.95,2.6031689643859863,6.089211463928223,2.0,0.30102941393852234,-0.8617585301399231,0.0,-0.16277022659778595,-0.6093786358833313,0.0
19.96,2.606170177459717,6.080563545227051,2.0,0.2994043529033661,-0.867848813533783,0.0,-0.16227830946445465,-0.6086729168891907,0.0
19.97,2.6091556549072266,6.071855545043945,2.0,0.29778414964675903,-0.8739314079284668,0.0,-0.16178575158119202,-0.607960045337677,0.0
19.98,2.612126350402832,6.063084602355957,2.0,0.2961685359477997,-0.8800079226493835,0.0,-0.1612924188375473,-0.6072399020195007,0.0
19.990000000000002,2.615079879760742,6.05425500869751,2.0,0.29455819725990295,-0.8860762715339661,0.0,-0.1607983559370041,-0.6065127849578857,0.0
