time,px,py,pz,vx,vy,vz,ax,ay,az
0.0,6.999788761138916,-0.01333341933786869,2.0,-0.021110862493515015,-0.6666795611381531,0.0,-1.0555182695388794,-0.0012962399050593376,0.0
0.01,6.99952507019043,-0.020000291988253593,2.0,-0.031665824353694916,-0.666695773601532,0.0,-1.0554715394973755,-0.0019442555494606495,0.0
0.02,6.999155521392822,-0.026667363941669464,2.0,-0.04222022742033005,-0.6667185425758362,0.0,-1.0554062128067017,-0.0025921445339918137,0.0
0.03,6.998680591583252,-0.033334679901599884,2.0,-0.05277388542890549,-0.6667476296424866,0.0,-1.0553221702575684,-0.0032398663461208344,0.0
0.04,6.998100280761719,-0.04000233858823776,2.0,-0.06332660466432571,-0.6667832732200623,0.0,-1.0552195310592651,-0.0038873786106705666,0.0
0.05,6.9974141120910645,-0.04667036235332489,2.0,-0.0738782063126564,-0.6668253540992737,0.0,-1.0550981760025024,-0.004534639418125153,0.0
0.06,6.996622562408447,-0.053338855504989624,2.0,-0.08442850410938263,-0.6668739318847656,0.0,-1.0549581050872803,-0.005181606858968735,0.0
0.07,6.995725631713867,-0.06000787019729614,2.0,-0.09497730433940887,-0.6669290065765381,0.0,-1.0547994375228882,-0.005828239023685455,0.0
0.08,6.994722843170166,-0.06667747348546982,2.0,-0.10552442073822021,-0.6669904589653015,0.0,-1.0546220541000366,-0.006474491208791733,0.0
0.09,6.99361515045166,-0.07334770262241364,2.0,-0.11606967449188232,-0.667058527469635,0.0,-1.0544260740280151,-0.007120329886674881,0.0
0.1,6.992401123046875,-0.08001864701509476,2.0,-0.12661287188529968,-0.6671329736709595,0.0,-1.0542113780975342,-0.0077657029032707214,0.0
0.11,6.991083145141602,-0.08669038116931915,2.0,-0.13715383410453796,-0.6672138571739197,0.0,-1.0539782047271729,-0.008410574868321419,0.0
0.12,6.989658355712891,-0.093362957239151,2.0,-0.14769238233566284,-0.6673011183738708,0.0,-1.053726315498352,-0.00905490294098854,0.0
0.13,6.988129138946533,-0.10003642737865448,2.0,-0.1582283079624176,-0.6673949956893921,0.0,-1.0534557104110718,-0.009698646143078804,0.0
0.14,6.986494064331055,-0.10671091079711914,2.0,-0.1687614470720291,-0.6674951314926147,0.0,-1.0531665086746216,-0.010341757908463478,0.0
0.15,6.984753608703613,-0.1133863627910614,2.0,-0.17929159104824066,-0.6676016449928284,0.0,-1.0528587102890015,-0.010984204709529877,0.0
0.16,6.982908248901367,-0.1200629323720932,2.0,-0.18981856107711792,-0.6677148342132568,0.0,-1.0525321960449219,-0.011625934392213821,0.0
0.17,6.980957984924316,-0.1267406940460205,2.0,-0.20034217834472656,-0.6678342819213867,0.0,-1.052187204360962,-0.012266915291547775,0.0
0.18,6.978901386260986,-0.13341966271400452,2.0,-0.21086226403713226,-0.6679601669311523,0.0,-1.051823616027832,-0.012907098978757858,0.0
0.19,6.97674036026001,-0.1400999128818512,2.0,-0.22137859463691711,-0.6680924296379089,0.0,-1.0514413118362427,-0.013546448200941086,0.0
0.2,6.97447395324707,-0.1467815339565277,2.0,-0.23189103603363037,-0.6682310104370117,0.0,-1.0510404109954834,-0.014184914529323578,0.0
0.21,6.972102642059326,-0.15346461534500122,2.0,-0.24239937961101532,-0.6683761477470398,0.0,-1.0506210327148438,-0.01482246071100235,0.0
0.22,6.969625949859619,-0.16014905273914337,2.0,-0.25290340185165405,-0.6685275435447693,0.0,-1.0501830577850342,-0.015459053218364716,0.0
0.23,6.967044353485107,-0.16683514416217804,2.0,-0.26340293884277344,-0.668685257434845,0.0,-1.0497264862060547,-0.0160946324467659,0.0
0.24,6.964357852935791,-0.17352280020713806,2.0,-0.27389785647392273,-0.6688494682312012,0.0,-1.0492514371871948,-0.01672917604446411,0.0
0.25,6.961565971374512,-0.180212140083313,2.0,-0.28438788652420044,-0.6690198183059692,0.0,-1.048757791519165,-0.017362624406814575,0.0
0.26,6.958670139312744,-0.1869032084941864,2.0,-0.2948729395866394,-0.669196605682373,0.0,-1.0482456684112549,-0.017994951456785202,0.0
0.27,6.9556684494018555,-0.19359606504440308,2.0,-0.30535274744033813,-0.669379711151123,0.0,-1.0477149486541748,-0.01862611249089241,0.0
0.28,6.952563285827637,-0.20029082894325256,2.0,-0.3158271312713623,-0.6695691347122192,0.0,-1.0471656322479248,-0.01925605535507202,0.0
0.29,6.949352741241455,-0.2069874405860901,2.0,-0.32629597187042236,-0.6697648167610168,0.0,-1.046597957611084,-0.01988474652171135,0.0
0.3,6.9460368156433105,-0.21368607878684998,2.0,-0.3367590308189392,-0.6699668765068054,0.0,-1.0460116863250732,-0.020512152463197708,0.0
0.31,6.942617416381836,-0.220386803150177,2.0,-0.3472161293029785,-0.6701750755310059,0.0,-1.0454070568084717,-0.02113821730017662,0.0
0.32,6.939092636108398,-0.22708961367607117,2.0,-0.35766705870628357,-0.6703895926475525,0.0,-1.0447838306427002,-0.0217629075050354,0.0
0.33,6.935463905334473,-0.23379459977149963,2.0,-0.3681116998195648,-0.6706103086471558,0.0,-1.044142246246338,-0.022386178374290466,0.0
0.34,6.931730270385742,-0.24050185084342957,2.0,-0.37854984402656555,-0.67083740234375,0.0,-1.0434823036193848,-0.023007996380329132,0.0
0.35000000000000003,6.927892684936523,-0.24721139669418335,2.0,-0.38898128271102905,-0.6710705757141113,0.0,-1.0428037643432617,-0.02362830936908722,0.0
0.36,6.923950672149658,-0.2539232075214386,2.0,-0.399405837059021,-0.6713098883628845,0.0,-1.0421068668365479,-0.024247094988822937,0.0
0.37,6.919904708862305,-0.2606376111507416,2.0,-0.40982335805892944,-0.6715554594993591,0.0,-1.0413916110992432,-0.02486429363489151,0.0
0.38,6.915754318237305,-0.2673543393611908,2.0,-0.4202335476875305,-0.6718071103096008,0.0,-1.040657877922058,-0.025479868054389954,0.0
0.39,6.911499977111816,-0.27407369017601013,2.0,-0.4306364059448242,-0.672065019607544,0.0,-1.0399059057235718,-0.026093780994415283,0.0
0.4,6.907142162322998,-0.2807956635951996,2.0,-0.44103163480758667,-0.6723290681838989,0.0,-1.039135456085205,-0.026705987751483917,0.0
0.41000000000000003,6.902679443359375,-0.28752031922340393,2.0,-0.45141905546188354,-0.672599196434021,0.0,-1.038346767425537,-0.02731645107269287,0.0
0.42,6.89811372756958,-0.29424765706062317,2.0,-0.46179845929145813,-0.6728753447532654,0.0,-1.0375397205352783,-0.02792513370513916,0.0
0.43,6.893443584442139,-0.3009778559207916,2.0,-0.47216975688934326,-0.6731575727462769,0.0,-1.0367143154144287,-0.02853197604417801,0.0
0.44,6.888670444488525,-0.3077108561992645,2.0,-0.48253268003463745,-0.6734460592269897,0.0,-1.0358707904815674,-0.02913697063922882,0.0
0.45,6.883792877197266,-0.31444674730300903,2.0,-0.49288707971572876,-0.6737403869628906,0.0,-1.0350087881088257,-0.029740042984485626,0.0
0.46,6.878812789916992,-0.3211856782436371,2.0,-0.5032327771186829,-0.6740408539772034,0.0,-1.0341286659240723,-0.03034117817878723,0.0
0.47000000000000003,6.873728275299072,-0.3279276192188263,2.0,-0.5135695934295654,-0.6743471622467041,0.0,-1.0332303047180176,-0.030940324068069458,0.0
0.48,6.8685407638549805,-0.33467257022857666,2.0,-0.5238972902297974,-0.6746595501899719,0.0,-1.032313585281372,-0.03153745085000992,0.0
0.49,6.863250732421875,-0.34142082929611206,2.0,-0.5342158079147339,-0.6749779582023621,0.0,-1.0313788652420044,-0.03213249146938324,0.0
0.5,6.857856750488281,-0.3481721878051758,2.0,-0.5445247888565063,-0.675302267074585,0.0,-1.030425786972046,-0.032725438475608826,0.0
0.51,6.852359771728516,-0.3549269437789917,2.0,-0.5548242330551147,-0.6756324768066406,0.0,-1.0294547080993652,-0.03331620991230011,0.0
0.52,6.846760272979736,-0.3616849184036255,2.0,-0.5651138424873352,-0.6759684681892395,0.0,-1.0284652709960938,-0.033904820680618286,0.0
0.53,6.841057777404785,-0.3684462308883667,2.0,-0.5753934383392334,-0.6763105392456055,0.0,-1.0274579524993896,-0.034491196274757385,0.0
0.54,6.83525276184082,-0.37521106004714966,2.0,-0.5856629014015198,-0.6766584515571594,0.0,-1.0264323949813843,-0.03507530689239502,0.0
0.55,6.829344749450684,-0.38197940587997437,2.0,-0.59592205286026,-0.677012026309967,0.0,-1.0253887176513672,-0.03565710037946701,0.0
0.56,6.823333740234375,-0.3887513279914856,2.0,-0.6061705946922302,-0.6773714423179626,0.0,-1.0243271589279175,-0.036236539483070374,0.0
0.5700000000000001,6.817221164703369,-0.3955268859863281,2.0,-0.6164084672927856,-0.6777366995811462,0.0,-1.023247480392456,-0.03681359440088272,0.0
0.58,6.81100606918335,-0.40230607986450195,2.0,-0.6266354322433472,-0.6781077980995178,0.0,-1.022149682044983,-0.03738822788000107,0.0
0.59,6.804688453674316,-0.4090890884399414,2.0,-0.63685142993927,-0.6784844994544983,0.0,-1.0210340023040771,-0.03796038776636124,0.0
0.6,6.798269271850586,-0.41587573289871216,2.0,-0.6470561027526855,-0.6788669228553772,0.0,-1.0199003219604492,-0.038530051708221436,0.0
0.61,6.791747570037842,-0.42266637086868286,2.0,-0.6572493314743042,-0.6792550683021545,0.0,-1.0187487602233887,-0.03909715265035629,0.0
0.62,6.785123825073242,-0.42946094274520874,2.0,-0.6674309968948364,-0.6796488165855408,0.0,-1.017579197883606,-0.039661675691604614,0.0
0.63,6.778399467468262,-0.436259388923645,2.0,-0.6776008605957031,-0.6800483465194702,0.0,-1.0163917541503906,-0.04022357612848282,0.0
0.64,6.771572113037109,-0.44306182861328125,2.0,-0.6877586841583252,-0.6804534196853638,0.0,-1.0151865482330322,-0.04078280180692673,0.0
0.65,6.764643669128418,-0.44986850023269653,2.0,-0.6979044675827026,-0.6808640360832214,0.0,-1.0139633417129517,-0.04133933037519455,0.0
0.66,6.7576141357421875,-0.456679105758667,2.0,-0.7080379128456116,-0.6812800168991089,0.0,-1.012722373008728,-0.041893117129802704,0.0
0.67,6.75048303604126,-0.46349406242370605,2.0,-0.7181588411331177,-0.6817018389701843,0.0,-1.0114635229110718,-0.0424441397190094,0.0
0.68,6.743251323699951,-0.47031325101852417,2.0,-0.7282670736312866,-0.6821290254592896,0.0,-1.010187029838562,-0.04299230873584747,0.0
0.6900000000000001,6.735918045043945,-0.47713667154312134,2.0,-0.7383624911308289,-0.6825615763664246,0.0,-1.0088927745819092,-0.043537646532058716,0.0
0.7000000000000001,6.728484153747559,-0.4839644432067871,2.0,-0.7484449148178101,-0.682999849319458,0.0,-1.0075807571411133,-0.04408007860183716,0.0
0.71,6.720948696136475,-0.49079662561416626,2.0,-0.7585140466690063,-0.6834432482719421,0.0,-1.0062509775161743,-0.04461956024169922,0.0
0.72,6.713313579559326,-0.49763333797454834,2.0,-0.768569827079773,-0.6838920712471008,0.0,-1.0049035549163818,-0.0451560914516449,0.0
0.73,6.705577850341797,-0.5044745206832886,2.0,-0.7786120176315308,-0.6843463778495789,0.0,-1.0035386085510254,-0.04568958282470703,0.0
0.74,6.6977410316467285,-0.5113202929496765,2.0,-0.7886404991149902,-0.6848058104515076,0.0,-1.0021559000015259,-0.04622003436088562,0.0
0.75,6.689805030822754,-0.5181706547737122,2.0,-0.798655092716217,-0.6852707266807556,0.0,-1.0007556676864624,-0.04674740135669708,0.0
0.76,6.681768417358398,-0.5250257849693298,2.0,-0.8086556196212769,-0.6857407689094543,0.0,-0.999337911605835,-0.04727162420749664,0.0
0.77,6.67363166809082,-0.5318854451179504,2.0,-0.8186417818069458,-0.6862162351608276,0.0,-0.9979026317596436,-0.047792717814445496,0.0
0.78,6.665395736694336,-0.5387500524520874,2.0,-0.8286135196685791,-0.6866967082023621,0.0,-0.9964498281478882,-0.04831057786941528,0.0
0.79,6.657059669494629,-0.5456193685531616,2.0,-0.8385707139968872,-0.6871823668479919,0.0,-0.9949796199798584,-0.048825204372406006,0.0
0.8,6.648624420166016,-0.552493691444397,2.0,-0.8485130071640015,-0.6876732110977173,0.0,-0.9934918880462646,-0.04933655261993408,0.0
0.81,6.640089988708496,-0.5593729019165039,2.0,-0.8584405183792114,-0.6881691217422485,0.0,-0.9919867515563965,-0.049844592809677124,0.0
0.8200000000000001,6.631455421447754,-0.5662570595741272,2.0,-0.8683527708053589,-0.6886700391769409,0.0,-0.9904642701148987,-0.05034928023815155,0.0
0.8300000000000001,6.622722625732422,-0.5731462240219116,2.0,-0.8782496452331543,-0.689176082611084,0.0,-0.9889244437217712,-0.05085057020187378,0.0
0.84,6.613890647888184,-0.5800406336784363,2.0,-0.8881311416625977,-0.6896870732307434,0.0,-0.9873672723770142,-0.051348403096199036,0.0
0.85,6.604959964752197,-0.5869399905204773,2.0,-0.8979969024658203,-0.6902030110359192,0.0,-0.985792875289917,-0.0518428236246109,0.0
0.86,6.595930576324463,-0.5938447117805481,2.0,-0.9078469276428223,-0.6907238960266113,0.0,-0.9842011332511902,-0.05233369767665863,0.0
0.87,6.586802959442139,-0.6007545590400696,2.0,-0.9176808595657349,-0.6912497282028198,0.0,-0.9825922250747681,-0.05282104015350342,0.0
0.88,6.577577590942383,-0.6076696515083313,2.0,-0.9274986982345581,-0.6917803287506104,0.0,-0.9809662103652954,-0.05330483615398407,0.0
0.89,6.568253517150879,-0.6145901679992676,2.0,-0.9373002052307129,-0.6923156976699829,0.0,-0.9793229699134827,-0.05378498136997223,0.0
0.9,6.558831214904785,-0.6215158700942993,2.0,-0.9470850229263306,-0.6928558945655823,0.0,-0.9776625633239746,-0.05426152050495148,0.0
0.91,6.549311637878418,-0.6284472942352295,2.0,-0.9568533301353455,-0.6934009790420532,0.0,-0.9759851098060608,-0.05473433434963226,0.0
0.92,6.539694309234619,-0.6353840231895447,2.0,-0.9666047096252441,-0.6939506530761719,0.0,-0.9742906093597412,-0.05520343780517578,0.0
0.93,6.529979705810547,-0.642326295375824,2.0,-0.9763391017913818,-0.6945050358772278,0.0,-0.9725791215896606,-0.05566878616809845,0.0
0.9400000000000001,6.520167827606201,-0.6492740511894226,2.0,-0.9860562086105347,-0.6950640678405762,0.0,-0.9708506464958191,-0.05613034963607788,0.0
0.9500000000000001,6.510258197784424,-0.6562276482582092,2.0,-0.9957560300827026,-0.6956276297569275,0.0,-0.9691051244735718,-0.056588053703308105,0.0
0.96,6.5002522468566895,-0.6631866097450256,2.0,-1.005438208580017,-0.6961957216262817,0.0,-0.9673427939414978,-0.05704192817211151,0.0
0.97,6.490149974822998,-0.6701514720916748,2.0,-1.0151028633117676,-0.6967684030532837,0.0,-0.9655635952949524,-0.05749186873435974,0.0
0.98,6.479950428009033,-0.6771219968795776,2.0,-1.0247493982315063,-0.6973455548286438,0.0,-0.9637675285339355,-0.05793789029121399,0.0
0.99,6.4696550369262695,-0.6840983033180237,2.0,-1.0343780517578125,-0.6979272365570068,0.0,-0.961954653263092,-0.058379948139190674,0.0
1.0,6.459262847900391,-0.6910805106163025,2.0,-1.0439884662628174,-0.6985131502151489,0.0,-0.9601250290870667,-0.05881798267364502,0.0
1.01,6.448775291442871,-0.6980684995651245,2.0,-1.0535805225372314,-0.6991034746170044,0.0,-0.9582786560058594,-0.05925197899341583,0.0
1.02,6.4381914138793945,-0.7050626277923584,2.0,-1.0631539821624756,-0.699698269367218,0.0,-0.9564155340194702,-0.05968189239501953,0.0
1.03,6.427512168884277,-0.7120625972747803,2.0,-1.0727086067199707,-0.7002971172332764,0.0,-0.9545358419418335,-0.06010769307613373,0.0
1.04,6.4167375564575195,-0.7190685272216797,2.0,-1.082244634628296,-0.7009004354476929,0.0,-0.9526395797729492,-0.06052932143211365,0.0
1.05,6.405867576599121,-0.7260805368423462,2.0,-1.0917614698410034,-0.7015076875686646,0.0,-0.9507266283035278,-0.06094682216644287,0.0
1.06,6.39490270614624,-0.7330987453460693,2.0,-1.1012591123580933,-0.7021192908287048,0.0,-0.9487972259521484,-0.061360061168670654,0.0
1.07,6.383842468261719,-0.7401230335235596,2.0,-1.1107373237609863,-0.7027349472045898,0.0,-0.9468512535095215,-0.061769038438797,0.0
1.08,6.372687816619873,-0.7471534013748169,2.0,-1.1201961040496826,-0.7033546566963196,0.0,-0.9448888301849365,-0.06217376887798309,0.0
1.09,6.361438751220703,-0.7541899681091309,2.0,-1.1296350955963135,-0.7039783596992493,0.0,-0.9429100751876831,-0.06257416307926178,0.0
1.1,6.350094795227051,-0.761232852935791,2.0,-1.1390540599822998,-0.7046061158180237,0.0,-0.9409148693084717,-0.06297020614147186,0.0
1.11,6.338657379150391,-0.7682821750640869,2.0,-1.1484532356262207,-0.7052378058433533,0.0,-0.9389033317565918,-0.06336183845996857,0.0
1.12,6.327126502990723,-0.7753376960754395,2.0,-1.157832145690918,-0.7058733701705933,0.0,-0.9368754625320435,-0.0637490451335907,0.0
1.1300000000000001,6.3155012130737305,-0.7823995351791382,2.0,-1.167190670967102,-0.7065128087997437,0.0,-0.9348313808441162,-0.06413184106349945,0.0
1.1400000000000001,6.3037824630737305,-0.7894680500030518,2.0,-1.1765286922454834,-0.7071559429168701,0.0,-0.9327710866928101,-0.06451010704040527,0.0
1.1500000000000001,6.291970729827881,-0.796542763710022,2.0,-1.185845971107483,-0.707802951335907,0.0,-0.930694580078125,-0.06488387286663055,0.0
1.16,6.280065536499023,-0.8036240339279175,2.0,-1.1951425075531006,-0.7084535956382751,0.0,-0.9286019802093506,-0.06525307893753052,0.0
1.17,6.268067359924316,-0.8107118606567383,2.0,-1.2044179439544678,-0.7091079950332642,0.0,-0.9264932870864868,-0.06561768054962158,0.0
1.18,6.255977630615234,-0.8178062438964844,2.0,-1.2136722803115845,-0.7097659111022949,0.0,-0.9243685603141785,-0.06597766280174255,0.0
1.19,6.2437944412231445,-0.8249070644378662,2.0,-1.2229052782058716,-0.710427463054657,0.0,-0.9222277402877808,-0.06633302569389343,0.0
1.2,6.2315192222595215,-0.8320146799087524,2.0,-1.2321168184280396,-0.7110925912857056,0.0,-0.9200711250305176,-0.06668367981910706,0.0
1.21,6.219151973724365,-0.8391289710998535,2.0,-1.2413065433502197,-0.7117611765861511,0.0,-0.9178985357284546,-0.06702959537506104,0.0
1.22,6.206693172454834,-0.8462499380111694,2.0,-1.2504746913909912,-0.7124331593513489,0.0,-0.9157099723815918,-0.06737078726291656,0.0
1.23,6.194142818450928,-0.8533775806427002,2.0,-1.2596207857131958,-0.7131085395812988,0.0,-0.9135057330131531,-0.06770718097686768,0.0
1.24,6.181500434875488,-0.8605121374130249,2.0,-1.268744707107544,-0.7137872576713562,0.0,-0.9112856388092041,-0.06803874671459198,0.0
1.25,6.168767929077148,-0.8676533699035645,2.0,-1.2778464555740356,-0.714469313621521,0.0,-0.9090498089790344,-0.06836549937725067,0.0
1.26,6.155943870544434,-0.874801516532898,2.0,-1.2869256734848022,-0.7151546478271484,0.0,-0.906798243522644,-0.0686873346567154,0.0
1.27,6.14302921295166,-0.8819565773010254,2.0,-1.2959823608398438,-0.7158430814743042,0.0,-0.9045311212539673,-0.06900428235530853,0.0
1.28,6.130024433135986,-0.8891183137893677,2.0,-1.3050161600112915,-0.7165346741676331,0.0,-0.9022483825683594,-0.06931629776954651,0.0
1.29,6.116929054260254,-0.896287202835083,2.0,-1.314027190208435,-0.7172293066978455,0.0,-0.8999500274658203,-0.06962330639362335,0.0
1.3,6.103744029998779,-0.9034628868103027,2.0,-1.3230152130126953,-0.7179270386695862,0.0,-0.8976361751556396,-0.06992535293102264,0.0
1.31,6.0904693603515625,-0.910645604133606,2.0,-1.3319799900054932,-0.7186278104782104,0.0,-0.8953068852424622,-0.07022236287593842,0.0
1.32,6.077104568481445,-0.9178354740142822,2.0,-1.34092116355896,-0.7193316221237183,0.0,-0.8929621577262878,-0.07051427662372589,0.0
1.33,6.063651084899902,-0.9250322580337524,2.0,-1.3498389720916748,-0.7200381755828857,0.0,-0.8906021118164062,-0.07080109417438507,0.0
1.34,6.050107955932617,-0.9322363138198853,2.0,-1.3587331771850586,-0.7207475304603577,0.0,-0.8882267475128174,-0.07108283042907715,0.0
1.35,6.036476135253906,-0.9394474029541016,2.0,-1.3676035404205322,-0.7214598059654236,0.0,-0.885836124420166,-0.07135936617851257,0.0
1.36,6.0227556228637695,-0.9466655254364014,2.0,-1.3764498233795166,-0.7221747636795044,0.0,-0.8834302425384521,-0.07163073122501373,0.0
1.37,6.008947372436523,-0.9538909196853638,2.0,-1.3852720260620117,-0.7228924036026001,0.0,-0.8810091614723206,-0.07189686596393585,0.0
1.3800000000000001,5.995050430297852,-0.9611233472824097,2.0,-1.3940699100494385,-0.7236125469207764,0.0,-0.8785730004310608,-0.07215775549411774,0.0
1.3900000000000001,5.98106575012207,-0.9683630466461182,2.0,-1.4028434753417969,-0.7243354916572571,0.0,-0.8761217594146729,-0.07241341471672058,0.0
1.4000000000000001,5.966993808746338,-0.9756100177764893,2.0,-1.4115923643112183,-0.7250608801841736,0.0,-0.8736554980278015,-0.07266372442245483,0.0
1.41,5.952834129333496,-0.982864260673523,2.0,-1.420316457748413,-0.7257887125015259,0.0,-0.8711742758750916,-0.07290869951248169,0.0
1.42,5.938587665557861,-0.9901257753372192,2.0,-1.4290157556533813,-0.7265190482139587,0.0,-0.868678092956543,-0.07314831018447876,0.0
1.43,5.924254417419434,-0.9973945617675781,2.0,-1.437690019607544,-0.7272517681121826,0.0,-0.8661670684814453,-0.07338255643844604,0.0
1.44,5.909833908081055,-1.0046706199645996,2.0,-1.4463390111923218,-0.7279866933822632,0.0,-0.8636412620544434,-0.07361137866973877,0.0
1.45,5.895327091217041,-1.011954426765442,2.0,-1.4549627304077148,-0.72872394323349,0.0,-0.8611006140708923,-0.07383471727371216,0.0
1.46,5.880734443664551,-1.0192451477050781,2.0,-1.4635610580444336,-0.7294632792472839,0.0,-0.8585452437400818,-0.07405263185501099,0.0
1.47,5.866056442260742,-1.0265434980392456,2.0,-1.4721336364746094,-0.7302049994468689,0.0,-0.8559752702713013,-0.07426497340202332,0.0
1.48,5.851292133331299,-1.0338494777679443,2.0,-1.4806804656982422,-0.7309486269950867,0.0,-0.853390634059906,-0.07447183132171631,0.0
1.49,5.836442947387695,-1.0411624908447266,2.0,-1.489201307296753,-0.7316944003105164,0.0,-0.8507913947105408,-0.07467314600944519,0.0
1.5,5.821508407592773,-1.04848313331604,2.0,-1.4976961612701416,-0.7324420809745789,0.0,-0.8481777310371399,-0.0748688280582428,0.0
1.51,5.806488990783691,-1.0558114051818848,2.0,-1.506164789199829,-0.733191728591919,0.0,-0.8455495834350586,-0.07505887746810913,0.0
1.52,5.791385173797607,-1.063146948814392,2.0,-1.5146071910858154,-0.7339431643486023,0.0,-0.8429069519042969,-0.07524332404136658,0.0
1.53,5.7761969566345215,-1.0704902410507202,2.0,-1.5230228900909424,-0.7346965670585632,0.0,-0.8402501344680786,-0.07542207837104797,0.0
1.54,5.760924816131592,-1.07784104347229,2.0,-1.5314120054244995,-0.7354516386985779,0.0,-0.8375788927078247,-0.07559514045715332,0.0
1.55,5.745568752288818,-1.0851993560791016,2.0,-1.5397744178771973,-0.7362084984779358,0.0,-0.8348934650421143,-0.07576251029968262,0.0
1.56,5.730129241943359,-1.0925650596618652,2.0,-1.5481098890304565,-0.7369668483734131,0.0,-0.8321937322616577,-0.0759240984916687,0.0
1.57,5.714606761932373,-1.0999387502670288,2.0,-1.5564181804656982,-0.7377269268035889,0.0,-0.829479992389679,-0.07607990503311157,0.0
1.58,5.699001312255859,-1.1073195934295654,2.0,-1.564699411392212,-0.7384884357452393,0.0,-0.8267521262168884,-0.07622995972633362,0.0
1.59,5.683312892913818,-1.1147085428237915,2.0,-1.572953224182129,-0.7392514944076538,0.0,-0.8240102529525757,-0.0763741135597229,0.0
1.6,5.667541980743408,-1.1221046447753906,2.0,-1.5811796188354492,-0.7400159239768982,0.0,-0.8212543725967407,-0.07651245594024658,0.0
1.61,5.651689529418945,-1.1295086145401,2.0,-1.5893781185150146,-0.7407816648483276,0.0,-0.8184846639633179,-0.07664492726325989,0.0
1.62,5.635754585266113,-1.1369203329086304,2.0,-1.5975492000579834,-0.7415487766265869,0.0,-0.8157010078430176,-0.07677143812179565,0.0
1.6300000000000001,5.619738578796387,-1.144339680671692,2.0,-1.6056922674179077,-0.7423171997070312,0.0,-0.8129035830497742,-0.07689210772514343,0.0
1.6400000000000001,5.603641033172607,-1.1517667770385742,2.0,-1.613807201385498,-0.7430866956710815,0.0,-0.8100924491882324,-0.0770067572593689,0.0
1.6500000000000001,5.587462425231934,-1.1592012643814087,2.0,-1.6218938827514648,-0.743857204914093,0.0,-0.8072675466537476,-0.07711544632911682,0.0
1.6600000000000001,5.571203231811523,-1.1666438579559326,2.0,-1.6299524307250977,-0.74462890625,0.0,-0.8044290542602539,-0.07721808552742004,0.0
1.67,5.554863929748535,-1.1740939617156982,2.0,-1.6379824876785278,-0.7454015612602234,0.0,-0.8015770316123962,-0.07731473445892334,0.0
1.68,5.538443565368652,-1.1815518140792847,2.0,-1.6459839344024658,-0.7461751699447632,0.0,-0.7987114191055298,-0.07740533351898193,0.0
1.69,5.521944046020508,-1.189017653465271,2.0,-1.653956651687622,-0.7469496726989746,0.0,-0.7958323955535889,-0.07748985290527344,0.0
1.7,5.505364894866943,-1.196491003036499,2.0,-1.661900520324707,-0.7477249503135681,0.0,-0.7929400205612183,-0.07756826281547546,0.0
1.71,5.488706588745117,-1.2039719820022583,2.0,-1.6698154211044312,-0.7485010623931885,0.0,-0.7900342345237732,-0.07764056324958801,0.0
1.72,5.471968650817871,-1.2114609479904175,2.0,-1.6777012348175049,-0.7492777705192566,0.0,-0.787115216255188,-0.0777067244052887,0.0
1.73,5.45515251159668,-1.2189573049545288,2.0,-1.6855576038360596,-0.7500551342964172,0.0,-0.7841829061508179,-0.07776671648025513,0.0
1.74,5.438257694244385,-1.2264621257781982,2.0,-1.6933847665786743,-0.7508330941200256,0.0,-0.7812374234199524,-0.07782045006752014,0.0
1.75,5.421285152435303,-1.2339742183685303,2.0,-1.7011823654174805,-0.7516115307807922,0.0,-0.7782788872718811,-0.0778680145740509,0.0
1.76,5.404233932495117,-1.2414941787719727,2.0,-1.7089502811431885,-0.7523903846740723,0.0,-0.775307297706604,-0.07790935039520264,0.0
1.77,5.387105464935303,-1.2490217685699463,2.0,-1.7166883945465088,-0.753169596195221,0.0,-0.7723226547241211,-0.07794442772865295,0.0
1.78,5.369900703430176,-1.2565577030181885,2.0,-1.7243967056274414,-0.7539491653442383,0.0,-0.7693251967430115,-0.07797315716743469,0.0
1.79,5.3526177406311035,-1.2641007900238037,2.0,-1.7320748567581177,-0.7547290921211243,0.0,-0.7663148045539856,-0.0779956579208374,0.0
1.8,5.335259437561035,-1.2716522216796875,2.0,-1.7397229671478271,-0.7555091381072998,0.0,-0.7632916569709778,-0.07801178097724915,0.0
1.81,5.317823886871338,-1.279211163520813,2.0,-1.7473406791687012,-0.7562894225120544,0.0,-0.760255753993988,-0.0780215859413147,0.0
1.82,5.300312042236328,-1.2867777347564697,2.0,-1.7549278736114502,-0.7570695281028748,0.0,-0.7572071552276611,-0.07802504301071167,0.0
1.83,5.2827253341674805,-1.2943525314331055,2.0,-1.7624847888946533,-0.757849931716919,0.0,-0.7541459798812866,-0.07802200317382812,0.0
1.84,5.265063285827637,-1.3019347190856934,2.0,-1.7700108289718628,-0.758630096912384,0.0,-0.7510721683502197,-0.07801264524459839,0.0
1.85,5.2473249435424805,-1.3095250129699707,2.0,-1.7775061130523682,-0.75941002368927,0.0,-0.7479858994483948,-0.07799685001373291,0.0
1.86,5.229513168334961,-1.3171231746673584,2.0,-1.7849705219268799,-0.760189950466156,0.0,-0.7448871731758118,-0.07797455787658691,0.0
1.87,5.211626052856445,-1.3247284889221191,2.0,-1.7924038171768188,-0.7609694600105286,0.0,-0.7417761087417603,-0.07794585824012756,0.0
1.8800000000000001,5.19366455078125,-1.332342505455017,2.0,-1.799805998802185,-0.761748731136322,0.0,-0.7386527061462402,-0.07791057229042053,0.0
1.8900000000000001,5.17563009262085,-1.3399637937545776,2.0,-1.8071768283843994,-0.7625277638435364,0.0,-0.7355170845985413,-0.07786881923675537,0.0
1.9000000000000001,5.157521724700928,-1.3475929498672485,2.0,-1.8145161867141724,-0.763306200504303,0.0,-0.7323692440986633,-0.0778205394744873,0.0
1.9100000000000001,5.139339923858643,-1.3552298545837402,2.0,-1.821824073791504,-0.7640841007232666,0.0,-0.729209303855896,-0.07776570320129395,0.0
1.92,5.121085166931152,-1.3628746271133423,2.0,-1.8291003704071045,-0.7648614048957825,0.0,-0.7260372638702393,-0.0777042806148529,0.0
1.93,5.102757930755615,-1.3705271482467651,2.0,-1.8363449573516846,-0.7656381130218506,0.0,-0.7228533029556274,-0.07763627171516418,0.0
1.94,5.084358215332031,-1.3781872987747192,2.0,-1.843557357788086,-0.7664141654968262,0.0,-0.7196574211120605,-0.07756167650222778,0.0
1.95,5.065886497497559,-1.3858555555343628,2.0,-1.8507380485534668,-0.7671893835067749,0.0,-0.7164496183395386,-0.07748040556907654,0.0
1.96,5.047343730926514,-1.393531084060669,2.0,-1.8578863143920898,-0.767963707447052,0.0,-0.7132300138473511,-0.07739254832267761,0.0
1.97,5.02872896194458,-1.401214838027954,2.0,-1.8650025129318237,-0.7687371373176575,0.0,-0.7099987268447876,-0.07729795575141907,0.0
1.98,5.010044097900391,-1.4089057445526123,2.0,-1.8720862865447998,-0.7695097327232361,0.0,-0.7067556977272034,-0.07719671726226807,0.0
1.99,4.9912872314453125,-1.4166048765182495,2.0,-1.8791375160217285,-0.7702810764312744,0.0,-0.7035011053085327,-0.07708874344825745,0.0
2.0,4.972460746765137,-1.4243117570877075,2.0,-1.8861563205718994,-0.7710514068603516,0.0,-0.7002348899841309,-0.07697409391403198,0.0
2.0100000000000002,4.953564643859863,-1.4320260286331177,2.0,-1.8931422233581543,-0.7718205451965332,0.0,-0.6969573497772217,-0.0768527090549469,0.0
2.02,4.934598445892334,-1.4397482872009277,2.0,-1.9000954627990723,-0.7725884914398193,0.0,-0.6936683654785156,-0.07672452926635742,0.0
2.0300000000000002,4.915562629699707,-1.4474778175354004,2.0,-1.9070155620574951,-0.7733550667762756,0.0,-0.6903679966926575,-0.07658961415290833,0.0
2.04,4.896458148956299,-1.4552149772644043,2.0,-1.9139026403427124,-0.7741202712059021,0.0,-0.687056303024292,-0.07644793391227722,0.0
2.05,4.877285003662109,-1.4629602432250977,2.0,-1.9207566976547241,-0.7748839855194092,0.0,-0.6837334632873535,-0.07629939913749695,0.0
2.06,4.858043193817139,-1.4707129001617432,2.0,-1.9275773763656616,-0.7756462693214417,0.0,-0.6803995370864868,-0.07614406943321228,0.0
2.07,4.838733673095703,-1.4784729480743408,2.0,-1.9343645572662354,-0.7764067649841309,0.0,-0.6770544648170471,-0.07598194479942322,0.0
2.08,4.8193559646606445,-1.4862407445907593,2.0,-1.9411184787750244,-0.7771657705307007,0.0,-0.673698365688324,-0.07581290602684021,0.0
2.09,4.7999114990234375,-1.494016408920288,2.0,-1.947838544845581,-0.777923047542572,0.0,-0.6703313589096069,-0.07563701272010803,0.0
2.1,4.780399322509766,-1.5017995834350586,2.0,-1.9545249938964844,-0.7786785364151001,0.0,-0.6669535040855408,-0.0754542350769043,0.0
2.11,4.7608208656311035,-1.5095900297164917,2.0,-1.9611775875091553,-0.7794321179389954,0.0,-0.6635648012161255,-0.07526460289955139,0.0
2.12,4.741176128387451,-1.517388105392456,2.0,-1.9677962064743042,-0.7801838517189026,0.0,-0.6601653695106506,-0.07506799697875977,0.0
2.13,4.721465587615967,-1.525193691253662,2.0,-1.9743808507919312,-0.7809334993362427,0.0,-0.6567553281784058,-0.07486450672149658,0.0
2.14,4.701688289642334,-1.5330066680908203,2.0,-1.980931282043457,-0.7816810607910156,0.0,-0.6533346176147461,-0.07465407252311707,0.0
2.15,4.681846618652344,-1.5408271551132202,2.0,-1.9874475002288818,-0.7824264764785767,0.0,-0.649903416633606,-0.07443669438362122,0.0
2.16,4.661940097808838,-1.5486549139022827,2.0,-1.993929147720337,-0.7831698060035706,0.0,-0.6464617252349854,-0.07421234250068665,0.0
2.17,4.641968250274658,-1.5564905405044556,2.0,-2.0003767013549805,-0.7839106917381287,0.0,-0.643009603023529,-0.07398098707199097,0.0
2.18,4.621932506561279,-1.564333438873291,2.0,-2.006789445877075,-0.7846493721008301,0.0,-0.6395472288131714,-0.07374265789985657,0.0
2.19,4.601832389831543,-1.572183609008789,2.0,-2.0131676197052,-0.7853856086730957,0.0,-0.6360745429992676,-0.07349732518196106,0.0
2.2,4.581669330596924,-1.5800411701202393,2.0,-2.0195107460021973,-0.786119282245636,0.0,-0.632591724395752,-0.07324492931365967,0.0
2.21,4.5614423751831055,-1.587906002998352,2.0,-2.0258193016052246,-0.7868503332138062,0.0,-0.6290987133979797,-0.07298555970191956,0.0
2.22,4.5411529541015625,-1.595777988433838,2.0,-2.032092809677124,-0.7875788807868958,0.0,-0.6255956888198853,-0.07271912693977356,0.0
2.23,4.520801067352295,-1.6036572456359863,2.0,-2.0383310317993164,-0.7883048057556152,0.0,-0.6220827102661133,-0.07244560122489929,0.0
2.24,4.500386714935303,-1.6115440130233765,2.0,-2.04453444480896,-0.7890279293060303,0.0,-0.6185597777366638,-0.07216504216194153,0.0
2.25,4.479909896850586,-1.6194379329681396,2.0,-2.0507023334503174,-0.789747953414917,0.0,-0.6150270700454712,-0.0718773901462555,0.0
2.2600000000000002,4.459372520446777,-1.6273390054702759,2.0,-2.0568349361419678,-0.7904653549194336,0.0,-0.6114845871925354,-0.0715826153755188,0.0
2.27,4.4387736320495605,-1.6352472305297852,2.0,-2.062932014465332,-0.7911796569824219,0.0,-0.6079323291778564,-0.07128077745437622,0.0
2.2800000000000002,4.418114185333252,-1.643162488937378,2.0,-2.06899356842041,-0.7918909788131714,0.0,-0.6043705344200134,-0.07097181677818298,0.0
2.29,4.397394180297852,-1.6510850191116333,2.0,-2.075019359588623,-0.792599081993103,0.0,-0.6007992029190063,-0.0706557035446167,0.0
2.3000000000000003,4.376614093780518,-1.6590144634246826,2.0,-2.0810093879699707,-0.7933040261268616,0.0,-0.5972183346748352,-0.07033246755599976,0.0
2.31,4.35577392578125,-1.666951060295105,2.0,-2.086963653564453,-0.7940056920051575,0.0,-0.5936280488967896,-0.07000207901000977,0.0
2.32,4.334874629974365,-1.6748945713043213,2.0,-2.092881917953491,-0.794704020023346,0.0,-0.5900284647941589,-0.06966453790664673,0.0
2.33,4.3139166831970215,-1.6828452348709106,2.0,-2.098764181137085,-0.7953989505767822,0.0,-0.5864196419715881,-0.06931981444358826,0.0
2.34,4.2928996086120605,-1.6908026933670044,2.0,-2.1046102046966553,-0.7960903644561768,0.0,-0.5828015804290771,-0.06896790862083435,0.0
2.35,4.271824359893799,-1.698767066001892,2.0,-2.1104202270507812,-0.7967782616615295,0.0,-0.5791743993759155,-0.0686088502407074,0.0
2.36,4.2506914138793945,-1.7067383527755737,2.0,-2.1161937713623047,-0.7974625825881958,0.0,-0.575538158416748,-0.06824254989624023,0.0
2.37,4.2295002937316895,-1.7147160768508911,2.0,-2.1219308376312256,-0.7981430292129517,0.0,-0.5718929171562195,-0.06786909699440002,0.0
2.38,4.208252906799316,-1.722701072692871,2.0,-2.127631664276123,-0.798819899559021,0.0,-0.5682388544082642,-0.0674884021282196,0.0
2.39,4.186948299407959,-1.7306925058364868,2.0,-2.1332955360412598,-0.7994928359985352,0.0,-0.5645759105682373,-0.06710052490234375,0.0
2.4,4.165586948394775,-1.7386908531188965,2.0,-2.138923168182373,-0.8001618385314941,0.0,-0.5609042048454285,-0.06670534610748291,0.0
2.41,4.144169807434082,-1.746695876121521,2.0,-2.1445136070251465,-0.800826907157898,0.0,-0.5572238564491272,-0.06630295515060425,0.0
2.42,4.122696876525879,-1.7547074556350708,2.0,-2.1500675678253174,-0.801487922668457,0.0,-0.5535348653793335,-0.06589332222938538,0.0
2.43,4.101168632507324,-1.7627257108688354,2.0,-2.1555843353271484,-0.8021448850631714,0.0,-0.5498373508453369,-0.0654764175415039,0.0
2.44,4.079585552215576,-1.7707501649856567,2.0,-2.1610641479492188,-0.8027974367141724,0.0,-0.5461313724517822,-0.06505230069160461,0.0
2.45,4.057947635650635,-1.7787812948226929,2.0,-2.1665070056915283,-0.8034458160400391,0.0,-0.5424169898033142,-0.06462091207504272,0.0
2.46,4.036255359649658,-1.7868191003799438,2.0,-2.171912431716919,-0.8040899038314819,0.0,-0.5386942625045776,-0.06418219208717346,0.0
2.47,4.014509677886963,-1.7948633432388306,2.0,-2.177280902862549,-0.8047294020652771,0.0,-0.5349633693695068,-0.06373623013496399,0.0
2.48,3.9927101135253906,-1.8029135465621948,2.0,-2.1826117038726807,-0.8053645491600037,0.0,-0.531224250793457,-0.06328299641609192,0.0
2.49,3.9708573818206787,-1.810970664024353,2.0,-2.1879053115844727,-0.8059951066970825,0.0,-0.5274770855903625,-0.06282243132591248,0.0
2.5,3.9489521980285645,-1.8190336227416992,2.0,-2.1931612491607666,-0.8066209554672241,0.0,-0.5237218737602234,-0.062354594469070435,0.0
2.5100000000000002,3.9269943237304688,-1.8271028995513916,2.0,-2.1983795166015625,-0.8072420954704285,0.0,-0.5199587345123291,-0.06187942624092102,0.0
2.52,3.904984712600708,-1.8351783752441406,2.0,-2.2035603523254395,-0.8078585863113403,0.0,-0.5161877274513245,-0.06139698624610901,0.0
2.5300000000000002,3.8829233646392822,-1.8432600498199463,2.0,-2.2087035179138184,-0.8084701299667358,0.0,-0.5124089121818542,-0.060907214879989624,0.0
2.54,3.8608107566833496,-1.8513476848602295,2.0,-2.213808536529541,-0.8090766072273254,0.0,-0.508622407913208,-0.060410112142562866,0.0
2.5500000000000003,3.8386473655700684,-1.8594413995742798,2.0,-2.2188756465911865,-0.8096782565116882,0.0,-0.5048282146453857,-0.05990570783615112,0.0
2.56,3.8164334297180176,-1.8675411939620972,2.0,-2.223905086517334,-0.8102747797966003,0.0,-0.5010265111923218,-0.05939394235610962,0.0
2.57,3.7941691875457764,-1.8756468296051025,2.0,-2.228896141052246,-0.810866117477417,0.0,-0.49721723794937134,-0.05887487530708313,0.0
2.58,3.7718558311462402,-1.8837584257125854,2.0,-2.233849287033081,-0.8114522695541382,0.0,-0.49340060353279114,-0.05834844708442688,0.0
2.59,3.749492883682251,-1.8918758630752563,2.0,-2.2387642860412598,-0.8120330572128296,0.0,-0.48957663774490356,-0.057814717292785645,0.0
2.6,3.7270805835723877,-1.8999992609024048,2.0,-2.243640899658203,-0.8126084804534912,0.0,-0.485745370388031,-0.05727359652519226,0.0
2.61,3.704619884490967,-1.9081281423568726,2.0,-2.248479127883911,-0.8131784796714783,0.0,-0.481906920671463,-0.05672517418861389,0.0
2.62,3.6821112632751465,-1.9162628650665283,2.0,-2.253278970718384,-0.813742995262146,0.0,-0.47806137800216675,-0.056169360876083374,0.0
2.63,3.6595544815063477,-1.9244029521942139,2.0,-2.258040428161621,-0.8143018484115601,0.0,-0.4742088317871094,-0.05560624599456787,0.0
2.64,3.6369504928588867,-1.9325487613677979,2.0,-2.262763023376465,-0.8148550391197205,0.0,-0.4703492522239685,-0.05503571033477783,0.0
2.65,3.6142995357513428,-1.9407001733779907,2.0,-2.2674472332000732,-0.8154025077819824,0.0,-0.46648281812667847,-0.05445784330368042,0.0
2.66,3.591601848602295,-1.9488568305969238,2.0,-2.272092819213867,-0.8159441947937012,0.0,-0.4626096189022064,-0.05387261509895325,0.0
2.67,3.5688576698303223,-1.9570187330245972,2.0,-2.2766993045806885,-0.8164798617362976,0.0,-0.45872962474823,-0.05328008532524109,0.0
2.68,3.5460681915283203,-1.965186357498169,2.0,-2.2812671661376953,-0.8170098066329956,0.0,-0.45484307408332825,-0.05268016457557678,0.0
2.69,3.5232324600219727,-1.9733589887619019,2.0,-2.2857961654663086,-0.8175336122512817,0.0,-0.45094984769821167,-0.05207285284996033,0.0
2.7,3.500352144241333,-1.981536865234375,2.0,-2.290286064147949,-0.8180512189865112,0.0,-0.44705018401145935,-0.0514582097530365,0.0
2.71,3.4774270057678223,-1.9897199869155884,2.0,-2.2947371006011963,-0.8185626864433289,0.0,-0.4431440830230713,-0.05083617568016052,0.0
2.72,3.4544575214385986,-1.997908353805542,2.0,-2.2991490364074707,-0.8190679550170898,0.0,-0.43923163414001465,-0.05020681023597717,0.0
2.73,3.4314444065093994,-2.006101608276367,2.0,-2.3035218715667725,-0.8195668458938599,0.0,-0.4353129267692566,-0.049570053815841675,0.0
2.74,3.4083871841430664,-2.0142998695373535,2.0,-2.3078553676605225,-0.8200592398643494,0.0,-0.4313880205154419,-0.048925936222076416,0.0
2.75,3.385287284851074,-2.0225024223327637,2.0,-2.3121495246887207,-0.8205451965332031,0.0,-0.4274570047855377,-0.04827451705932617,0.0
2.7600000000000002,3.3621444702148438,-2.030710220336914,2.0,-2.316404342651367,-0.8210247159004211,0.0,-0.42351996898651123,-0.04761567711830139,0.0
2.77,3.338959217071533,-2.0389227867126465,2.0,-2.320619821548462,-0.8214975595474243,0.0,-0.4195769727230072,-0.04694947600364685,0.0
2.7800000000000002,3.31573224067688,-2.047140121459961,2.0,-2.324795961380005,-0.8219636678695679,0.0,-0.4156281352043152,-0.046275943517684937,0.0
2.79,3.292463779449463,-2.0553622245788574,2.0,-2.328932523727417,-0.8224231004714966,0.0,-0.4116734564304352,-0.045595020055770874,0.0
2.8000000000000003,3.2691540718078613,-2.0635886192321777,2.0,-2.3330295085906982,-0.8228756189346313,0.0,-0.40771305561065674,-0.044906795024871826,0.0
2.81,3.245803117752075,-2.07181978225708,2.0,-2.3370866775512695,-0.8233211636543274,0.0,-0.403747022151947,-0.04421114921569824,0.0
2.82,3.222412347793579,-2.0800552368164062,2.0,-2.34110426902771,-0.8237597942352295,0.0,-0.3997754454612732,-0.04350820183753967,0.0
2.83,3.198981285095215,-2.0882949829101562,2.0,-2.3450822830200195,-0.8241913318634033,0.0,-0.39579838514328003,-0.04279789328575134,0.0
2.84,3.1755106449127197,-2.096538543701172,2.0,-2.34902024269104,-0.8246157169342041,0.0,-0.39181584119796753,-0.04208022356033325,0.0
2.85,3.15200138092041,-2.1047868728637695,2.0,-2.3529186248779297,-0.8250329494476318,0.0,-0.3878280520439148,-0.04135522246360779,0.0
2.86,3.128452777862549,-2.113039493560791,2.0,-2.356776714324951,-0.8254427909851074,0.0,-0.38383495807647705,-0.040622860193252563,0.0
2.87,3.104865789413452,-2.121295928955078,2.0,-2.3605949878692627,-0.8258453607559204,0.0,-0.3798367381095886,-0.039883196353912354,0.0
2.88,3.0812408924102783,-2.12955641746521,2.0,-2.3643736839294434,-0.8262404799461365,0.0,-0.3758334219455719,-0.03913617134094238,0.0
2.89,3.0575785636901855,-2.1378204822540283,2.0,-2.3681116104125977,-0.8266280889511108,0.0,-0.37182506918907166,-0.03838184475898743,0.0
2.9,3.033878803253174,-2.1460888385772705,2.0,-2.371809959411621,-0.827008068561554,0.0,-0.36781179904937744,-0.03762015700340271,0.0
2.91,3.0101425647735596,-2.154360771179199,2.0,-2.3754680156707764,-0.8273804187774658,0.0,-0.3637937009334564,-0.03685116767883301,0.0
2.92,2.9863696098327637,-2.1626362800598145,2.0,-2.3790857791900635,-0.8277450203895569,0.0,-0.3597707748413086,-0.03607490658760071,0.0
2.93,2.9625606536865234,-2.1709156036376953,2.0,-2.3826634883880615,-0.8281018137931824,0.0,-0.3557431697845459,-0.03529125452041626,0.0
2.94,2.938716411590576,-2.1791985034942627,2.0,-2.3862006664276123,-0.8284508585929871,0.0,-0.3517109751701355,-0.0345003604888916,0.0
2.95,2.914837121963501,-2.1874847412109375,2.0,-2.389697551727295,-0.8287918567657471,0.0,-0.3476742208003998,-0.03370216488838196,0.0
2.96,2.890922784805298,-2.1957740783691406,2.0,-2.3931541442871094,-0.8291248679161072,0.0,-0.3436329960823059,-0.03289663791656494,0.0
2.97,2.866974115371704,-2.2040672302246094,2.0,-2.3965702056884766,-0.8294497132301331,0.0,-0.33958739042282104,-0.03208380937576294,0.0
2.98,2.842991590499878,-2.2123632431030273,2.0,-2.3999457359313965,-0.8297665119171143,0.0,-0.33553749322891235,-0.03126373887062073,0.0
2.99,2.8189752101898193,-2.2206625938415527,2.0,-2.4032809734344482,-0.8300749659538269,0.0,-0.331483393907547,-0.030436396598815918,0.0
3.0,2.7949256896972656,-2.2289645671844482,2.0,-2.4065756797790527,-0.8303751349449158,0.0,-0.32742512226104736,-0.02960178256034851,0.0
3.0100000000000002,2.770843744277954,-2.2372701168060303,2.0,-2.409829616546631,-0.8306668996810913,0.0,-0.3233628273010254,-0.028759896755218506,0.0
3.02,2.7467293739318848,-2.245577812194824,2.0,-2.4130427837371826,-0.8309503197669983,0.0,-0.31929653882980347,-0.02791076898574829,0.0
3.0300000000000002,2.722583055496216,-2.2538890838623047,2.0,-2.416215419769287,-0.8312250971794128,0.0,-0.31522634625434875,-0.027054399251937866,0.0
3.04,2.6984052658081055,-2.262202262878418,2.0,-2.4193472862243652,-0.8314914107322693,0.0,-0.31115230917930603,-0.02619078755378723,0.0
3.0500000000000003,2.674196243286133,-2.2705183029174805,2.0,-2.422438383102417,-0.831748902797699,0.0,-0.30707457661628723,-0.025319933891296387,0.0
3.06,2.649956703186035,-2.2788376808166504,2.0,-2.4254889488220215,-0.8319976925849915,0.0,-0.30299317836761475,-0.02444186806678772,0.0
3.0700000000000003,2.6256866455078125,-2.287158727645874,2.0,-2.4284982681274414,-0.832237720489502,0.0,-0.29890814423561096,-0.023556619882583618,0.0
3.08,2.6013870239257812,-2.2954821586608887,2.0,-2.431467056274414,-0.8324688673019409,0.0,-0.2948196828365326,-0.022664129734039307,0.0
3.09,2.5770576000213623,-2.3038077354431152,2.0,-2.434394598007202,-0.8326910138130188,0.0,-0.29072776436805725,-0.021764427423477173,0.0
3.1,2.552699089050293,-2.312135934829712,2.0,-2.437281608581543,-0.832904040813446,0.0,-0.2866325378417969,-0.020857572555541992,0.0
3.11,2.5283119678497314,-2.3204658031463623,2.0,-2.440127372741699,-0.8331080675125122,0.0,-0.28253403306007385,-0.019943535327911377,0.0
3.12,2.503896951675415,-2.3287978172302246,2.0,-2.44293212890625,-0.8333029747009277,0.0,-0.27843230962753296,-0.019022345542907715,0.0
3.13,2.4794538021087646,-2.337131977081299,2.0,-2.4456958770751953,-0.8334885835647583,0.0,-0.27432751655578613,-0.018093973398208618,0.0
3.14,2.4549832344055176,-2.3454678058624268,2.0,-2.448418617248535,-0.8336648344993591,0.0,-0.27021971344947815,-0.017158478498458862,0.0
3.15,2.430485486984253,-2.3538050651550293,2.0,-2.4511003494262695,-0.8338317275047302,0.0,-0.2661089599132538,-0.01621583104133606,0.0
3.16,2.405961275100708,-2.3621439933776855,2.0,-2.4537408351898193,-0.8339890837669373,0.0,-0.2619953751564026,-0.015266060829162598,0.0
3.17,2.381410837173462,-2.3704848289489746,2.0,-2.4563403129577637,-0.834136962890625,0.0,-0.25787898898124695,-0.014309197664260864,0.0
3.18,2.356834650039673,-2.3788270950317383,2.0,-2.4588983058929443,-0.8342752456665039,0.0,-0.2537599205970764,-0.013345211744308472,0.0
3.19,2.332233190536499,-2.3871703147888184,2.0,-2.4614152908325195,-0.8344038724899292,0.0,-0.24963819980621338,-0.012374162673950195,0.0
3.2,2.3076066970825195,-2.395515203475952,2.0,-2.46389102935791,-0.8345227837562561,0.0,-0.24551399052143097,-0.01139599084854126,0.0
3.21,2.2829554080963135,-2.4038610458374023,2.0,-2.4663257598876953,-0.8346317410469055,0.0,-0.24138730764389038,-0.010410785675048828,0.0
3.22,2.2582802772521973,-2.41220760345459,2.0,-2.4687187671661377,-0.8347309827804565,0.0,-0.23725822567939758,-0.009418517351150513,0.0
3.23,2.233581304550171,-2.420555591583252,2.0,-2.4710707664489746,-0.8348202109336853,0.0,-0.23312689363956451,-0.008419215679168701,0.0
3.24,2.2088592052459717,-2.428903579711914,2.0,-2.473381280899048,-0.834899365901947,0.0,-0.22899331152439117,-0.007412910461425781,0.0
3.25,2.1841139793395996,-2.437252998352051,2.0,-2.4756505489349365,-0.8349683880805969,0.0,-0.22485759854316711,-0.006399571895599365,0.0
3.2600000000000002,2.159346342086792,-2.445603370666504,2.0,-2.4778785705566406,-0.835027277469635,0.0,-0.2207198441028595,-0.005379170179367065,0.0
3.27,2.134556531906128,-2.453953504562378,2.0,-2.480064868927002,-0.8350759744644165,0.0,-0.2165801078081131,-0.004351884126663208,0.0
3.2800000000000002,2.1097452640533447,-2.4623043537139893,2.0,-2.482210159301758,-0.8351143002510071,0.0,-0.21243849396705627,-0.0033175647258758545,0.0
3.29,2.0849125385284424,-2.470655918121338,2.0,-2.484313726425171,-0.8351423144340515,0.0,-0.2082950472831726,-0.002276301383972168,0.0
3.3000000000000003,2.0600593090057373,-2.4790072441101074,2.0,-2.4863758087158203,-0.8351598381996155,0.0,-0.20414988696575165,-0.0012280941009521484,0.0
3.31,2.0351853370666504,-2.4873592853546143,2.0,-2.488396644592285,-0.8351668119430542,0.0,-0.20000308752059937,-0.0001729428768157959,0.0
3.3200000000000003,2.010291337966919,-2.495710849761963,2.0,-2.4903759956359863,-0.8351632356643677,0.0,-0.19585469365119934,0.000889122486114502,0.0
3.33,1.9853776693344116,-2.5040619373321533,2.0,-2.492313861846924,-0.8351489901542664,0.0,-0.19170480966567993,0.0019580721855163574,0.0
3.34,1.9604451656341553,-2.51241397857666,2.0,-2.4942102432250977,-0.8351240158081055,0.0,-0.1875535249710083,0.0030339956283569336,0.0
3.35,1.93549382686615,-2.5207648277282715,2.0,-2.4960649013519287,-0.835088312625885,0.0,-0.1834009289741516,0.004116684198379517,0.0
3.36,1.9105241298675537,-2.5291154384613037,2.0,-2.497878074645996,-0.8350417017936707,0.0,-0.17924706637859344,0.0052062273025512695,0.0
3.37,1.8855364322662354,-2.537465810775757,2.0,-2.499650001525879,-0.8349841833114624,0.0,-0.17509205639362335,0.00630265474319458,0.0
3.38,1.860531210899353,-2.5458152294158936,2.0,-2.50137996673584,-0.8349156379699707,0.0,-0.17093594372272491,0.007405877113342285,0.0
3.39,1.8355090618133545,-2.554163694381714,2.0,-2.503068447113037,-0.8348360061645508,0.0,-0.1667788326740265,0.008515894412994385,0.0
3.4,1.8104701042175293,-2.562511682510376,2.0,-2.5047154426574707,-0.8347453474998474,0.0,-0.16262081265449524,0.009632706642150879,0.0
3.41,1.7854148149490356,-2.5708584785461426,2.0,-2.5063209533691406,-0.8346433639526367,0.0,-0.15846192836761475,0.01075628399848938,0.0
3.42,1.7603437900543213,-2.579204559326172,2.0,-2.5078847408294678,-0.8345301747322083,0.0,-0.15430229902267456,0.011886626482009888,0.0
3.43,1.7352573871612549,-2.5875492095947266,2.0,-2.5094070434570312,-0.8344056010246277,0.0,-0.15014198422431946,0.013023734092712402,0.0
3.44,1.710155963897705,-2.5958924293518066,2.0,-2.510887622833252,-0.834269642829895,0.0,-0.1459810435771942,0.014167547225952148,0.0
3.45,1.685039758682251,-2.604234218597412,2.0,-2.512326717376709,-0.8341222405433655,0.0,-0.14181962609291077,0.01531800627708435,0.0
3.46,1.6599096059799194,-2.612575054168701,2.0,-2.513723850250244,-0.8339632749557495,0.0,-0.13765771687030792,0.016475200653076172,0.0
3.47,1.6347655057907104,-2.620913505554199,2.0,-2.5150797367095947,-0.8337926864624023,0.0,-0.1334954798221588,0.01763901114463806,0.0
3.48,1.6096081733703613,-2.629251003265381,2.0,-2.5163938999176025,-0.833610475063324,0.0,-0.12933295965194702,0.018809467554092407,0.0
3.49,1.5844378471374512,-2.6375856399536133,2.0,-2.5176663398742676,-0.8334165215492249,0.0,-0.1251702457666397,0.019986599683761597,0.0
3.5,1.5592550039291382,-2.645918846130371,2.0,-2.518897294998169,-0.8332107067108154,0.0,-0.12100739777088165,0.021170318126678467,0.0
3.5100000000000002,1.5340601205825806,-2.654250144958496,2.0,-2.5200865268707275,-0.8329930305480957,0.0,-0.11684451252222061,0.02236059308052063,0.0
3.52,1.5088534355163574,-2.662578582763672,2.0,-2.5212342739105225,-0.8327634334564209,0.0,-0.11268167197704315,0.023557454347610474,0.0
3.5300000000000002,1.4836355447769165,-2.670905590057373,2.0,-2.5223402976989746,-0.832521915435791,0.0,-0.10851896554231644,0.02476087212562561,0.0
3.54,1.458406925201416,-2.679229259490967,2.0,-2.523404598236084,-0.832268238067627,0.0,-0.10435645282268524,0.025970786809921265,0.0
3.5500000000000003,1.4331676959991455,-2.6875507831573486,2.0,-2.5244274139404297,-0.8320024013519287,0.0,-0.10019420832395554,0.027187228202819824,0.0
3.56,1.4079185724258423,-2.695869207382202,2.0,-2.5254082679748535,-0.8317244648933411,0.0,-0.09603234380483627,0.028410136699676514,0.0
3.5700000000000003,1.382659673690796,-2.7041850090026855,2.0,-2.5263478755950928,-0.8314341902732849,0.0,-0.09187091886997223,0.02963954210281372,0.0
3.58,1.357391595840454,-2.7124979496002197,2.0,-2.5272459983825684,-0.8311316967010498,0.0,-0.08771000802516937,0.03087538480758667,0.0
3.59,1.3321149349212646,-2.7208075523376465,2.0,-2.528102159500122,-0.8308166861534119,0.0,-0.08354971557855606,0.0321175754070282,0.0
3.6,1.3068299293518066,-2.729114055633545,2.0,-2.528916835784912,-0.8304892778396606,0.0,-0.07939010858535767,0.03336620330810547,0.0
3.61,1.2815369367599487,-2.737417221069336,2.0,-2.5296900272369385,-0.8301493525505066,0.0,-0.07523126900196075,0.034621208906173706,0.0
3.62,1.25623619556427,-2.7457170486450195,2.0,-2.530421495437622,-0.8297967910766602,0.0,-0.07107324153184891,0.0358826220035553,0.0
3.63,1.230928659439087,-2.7540130615234375,2.0,-2.531111478805542,-0.8294316530227661,0.0,-0.06691618263721466,0.03715035319328308,0.0
3.64,1.2056142091751099,-2.762305736541748,2.0,-2.531759738922119,-0.8290538191795349,0.0,-0.06276006996631622,0.03842434287071228,0.0
3.65,1.1802935600280762,-2.770594358444214,2.0,-2.5323667526245117,-0.8286631107330322,0.0,-0.058605074882507324,0.03970462083816528,0.0
3.66,1.1549670696258545,-2.778878927230835,2.0,-2.5329318046569824,-0.8282597064971924,0.0,-0.054451242089271545,0.04099118709564209,0.0
3.67,1.129635214805603,-2.7871594429016113,2.0,-2.5334556102752686,-0.8278433084487915,0.0,-0.050298646092414856,0.042283982038497925,0.0
3.68,1.1042983531951904,-2.795435905456543,2.0,-2.533937931060791,-0.8274140357971191,0.0,-0.04614737629890442,0.04358294606208801,0.0
3.69,1.0789566040039062,-2.8037075996398926,2.0,-2.5343785285949707,-0.8269716501235962,0.0,-0.041997507214546204,0.04488816857337952,0.0
3.7,1.0536108016967773,-2.8119750022888184,2.0,-2.534777879714966,-0.8265161514282227,0.0,-0.037849098443984985,0.046199530363082886,0.0
3.71,1.0282611846923828,-2.820237636566162,2.0,-2.535135507583618,-0.8260476589202881,0.0,-0.033702269196510315,0.04751703143119812,0.0
3.72,1.0029082298278809,-2.828495979309082,2.0,-2.535451889038086,-0.8255659341812134,0.0,-0.029557079076766968,0.04884067177772522,0.0
3.73,0.9775524735450745,-2.8367490768432617,2.0,-2.53572678565979,-0.825070858001709,0.0,-0.025413602590560913,0.05017039179801941,0.0
3.74,0.9521939158439636,-2.8449974060058594,2.0,-2.5359601974487305,-0.8245624303817749,0.0,-0.021271929144859314,0.05150619149208069,0.0
3.75,0.9268333315849304,-2.8532400131225586,2.0,-2.5361521244049072,-0.8240406513214111,0.0,-0.017132118344306946,0.05284801125526428,0.0
3.7600000000000002,0.9014710783958435,-2.861478090286255,2.0,-2.5363028049468994,-0.8235054016113281,0.0,-0.012994274497032166,0.05419588088989258,0.0
3.77,0.8761075735092163,-2.8697102069854736,2.0,-2.536412000656128,-0.8229567408561707,0.0,-0.008858472108840942,0.0555497407913208,0.0
3.7800000000000002,0.8507431149482727,-2.877937078475952,2.0,-2.536479949951172,-0.8223944306373596,0.0,-0.004724785685539246,0.05690950155258179,0.0
3.79,0.8253780603408813,-2.886157989501953,2.0,-2.5365066528320312,-0.8218185305595398,0.0,-0.0005932599306106567,0.05827528238296509,0.0
3.8000000000000003,0.8000131249427795,-2.894373655319214,2.0,-2.536491870880127,-0.8212289214134216,0.0,0.0035359561443328857,0.05964696407318115,0.0
3.81,0.7746484875679016,-2.9025826454162598,2.0,-2.536435842514038,-0.8206255435943604,0.0,0.007662832736968994,0.06102445721626282,0.0
3.8200000000000003,0.749284565448761,-2.910785675048828,2.0,-2.5363385677337646,-0.820008397102356,0.0,0.011787310242652893,0.06240791082382202,0.0
3.83,0.7239218354225159,-2.918982744216919,2.0,-2.5362000465393066,-0.8193774223327637,0.0,0.015909254550933838,0.06379711627960205,0.0
3.84,0.6985607147216797,-2.927173376083374,2.0,-2.536020278930664,-0.818732500076294,0.0,0.020028606057167053,0.06519216299057007,0.0
3.85,0.6732015609741211,-2.9353573322296143,2.0,-2.535799503326416,-0.8180735111236572,0.0,0.024145305156707764,0.0665929913520813,0.0
3.86,0.6478449106216431,-2.9435346126556396,2.0,-2.5355377197265625,-0.8174005746841431,0.0,0.02825927734375,0.06799954175949097,0.0
3.87,0.6224911212921143,-2.95170521736145,2.0,-2.5352344512939453,-0.8167135119438171,0.0,0.03237040340900421,0.06941181421279907,0.0
3.88,0.597140371799469,-2.959868907928467,2.0,-2.5348901748657227,-0.8160123229026794,0.0,0.03647865355014801,0.07082980871200562,0.0
3.89,0.5717934370040894,-2.9680256843566895,2.0,-2.5345048904418945,-0.8152968883514404,0.0,0.040583908557891846,0.07225343585014343,0.0
3.9,0.5464505553245544,-2.976174831390381,2.0,-2.534078598022461,-0.8145672082901001,0.0,0.04468610882759094,0.07368272542953491,0.0
3.91,0.5211120843887329,-2.984316825866699,2.0,-2.533611297607422,-0.8138232231140137,0.0,0.04878517985343933,0.07511758804321289,0.0
3.92,0.49577850103378296,-2.9924511909484863,2.0,-2.5331027507781982,-0.8130648732185364,0.0,0.052881062030792236,0.07655805349349976,0.0
3.93,0.4704500436782837,-3.0005781650543213,2.0,-2.5325536727905273,-0.8122920393943787,0.0,0.0569736510515213,0.07800412178039551,0.0
3.94,0.44512760639190674,-3.0086967945098877,2.0,-2.531963348388672,-0.8115047216415405,0.0,0.06106285750865936,0.07945561408996582,0.0
3.95,0.41981106996536255,-3.016808032989502,2.0,-2.53133225440979,-0.810702919960022,0.0,0.06514863669872284,0.08091267943382263,0.0
3.96,0.3945010304450989,-3.0249109268188477,2.0,-2.530660390853882,-0.8098864555358887,0.0,0.06923089921474457,0.08237513899803162,0.0
3.97,0.36919790506362915,-3.033005714416504,2.0,-2.5299477577209473,-0.8090553879737854,0.0,0.07330957055091858,0.08384302258491516,0.0
3.98,0.3439022898674011,-3.0410919189453125,2.0,-2.5291941165924072,-0.8082095980644226,0.0,0.07738454639911652,0.08531633019447327,0.0
3.99,0.31861406564712524,-3.0491700172424316,2.0,-2.52839994430542,-0.8073492050170898,0.0,0.08145584166049957,0.08679500222206116,0.0
4.0,0.2933334708213806,-3.057239294052124,2.0,-2.5275650024414062,-0.8064737319946289,0.0,0.08552336692810059,0.08827906847000122,0.0
4.01,0.26806139945983887,-3.0652997493743896,2.0,-2.5266895294189453,-0.8055833578109741,0.0,0.08958698809146881,0.0897684097290039,0.0
4.0200000000000005,0.2427988052368164,-3.0733513832092285,2.0,-2.525773286819458,-0.8046783208847046,0.0,0.0936465933918953,0.09126302599906921,0.0
4.03,0.2175450325012207,-3.0813934803009033,2.0,-2.5248165130615234,-0.8037581443786621,0.0,0.09770216792821884,0.09276288747787476,0.0
4.04,0.19230109453201294,-3.0894269943237305,2.0,-2.5238192081451416,-0.8028228878974915,0.0,0.10175362974405289,0.09426796436309814,0.0
4.05,0.16706788539886475,-3.0974502563476562,2.0,-2.5227813720703125,-0.801872730255127,0.0,0.1058008149266243,0.0957781970500946,0.0
4.0600000000000005,0.14184457063674927,-3.105464220046997,2.0,-2.5217032432556152,-0.8009073138237,0.0,0.10984377562999725,0.09729355573654175,0.0
4.07,0.11663240194320679,-3.113468647003174,2.0,-2.5205845832824707,-0.7999266982078552,0.0,0.11388237774372101,0.09881410002708435,0.0
4.08,0.09143209457397461,-3.1214632987976074,2.0,-2.519425630569458,-0.7989310026168823,0.0,0.11791647970676422,0.10033968091011047,0.0
4.09,0.06624311208724976,-3.1294476985931396,2.0,-2.518226146697998,-0.7979199290275574,0.0,0.12194613367319107,0.10187029838562012,0.0
4.1,0.04106616973876953,-3.1374223232269287,2.0,-2.51698637008667,-0.7968934774398804,0.0,0.1259712129831314,0.10340601205825806,0.0
4.11,0.015902459621429443,-3.1453857421875,2.0,-2.5157065391540527,-0.7958517670631409,0.0,0.1299915462732315,0.10494652390480042,0.0
4.12,-0.009248793125152588,-3.1533396244049072,2.0,-2.5143866539001465,-0.7947945594787598,0.0,0.13400721549987793,0.10649216175079346,0.0
4.13,-0.03438675403594971,-3.1612823009490967,2.0,-2.513026475906372,-0.7937217950820923,0.0,0.13801808655261993,0.1080426573753357,0.0
4.14,-0.05951017141342163,-3.1692142486572266,2.0,-2.5116262435913086,-0.7926336526870728,0.0,0.1420239806175232,0.10959801077842712,0.0
4.15,-0.08461999893188477,-3.1771352291107178,2.0,-2.510185956954956,-0.7915298342704773,0.0,0.14602497220039368,0.11115825176239014,0.0
4.16,-0.10971534252166748,-3.1850452423095703,2.0,-2.5087056159973145,-0.7904103398323059,0.0,0.15002094209194183,0.11272329092025757,0.0
4.17,-0.13479501008987427,-3.192943811416626,2.0,-2.507185459136963,-0.7892754077911377,0.0,0.15401172637939453,0.11429309844970703,0.0
4.18,-0.1598597764968872,-3.2008309364318848,2.0,-2.5056252479553223,-0.7881244421005249,0.0,0.15799736976623535,0.11586758494377136,0.0
4.19,-0.18490886688232422,-3.208706855773926,2.0,-2.504025459289551,-0.7869578003883362,0.0,0.16197776794433594,0.11744686961174011,0.0
4.2,-0.20994114875793457,-3.2165703773498535,2.0,-2.5023858547210693,-0.7857755422592163,0.0,0.16595277190208435,0.11903080344200134,0.0
4.21,-0.23495745658874512,-3.2244224548339844,2.0,-2.500706434249878,-0.7845771908760071,0.0,0.16992244124412537,0.12061932682991028,0.0
4.22,-0.2599567174911499,-3.232262134552002,2.0,-2.4989871978759766,-0.7833629846572876,0.0,0.17388661205768585,0.1222124993801117,0.0
4.23,-0.2849379777908325,-3.2400898933410645,2.0,-2.4972286224365234,-0.7821329236030579,0.0,0.17784515023231506,0.12381023168563843,0.0
4.24,-0.3099020719528198,-3.2479047775268555,2.0,-2.4954302310943604,-0.780886709690094,0.0,0.18179813027381897,0.1254124939441681,0.0
4.25,-0.3348480463027954,-3.2557079792022705,2.0,-2.4935927391052246,-0.7796245217323303,0.0,0.18574541807174683,0.1270192265510559,0.0
4.26,-0.35977476835250854,-3.263498067855835,2.0,-2.491715431213379,-0.7783463597297668,0.0,0.1896868497133255,0.12863045930862427,0.0
4.2700000000000005,-0.38468313217163086,-3.271275520324707,2.0,-2.4897987842559814,-0.7770519256591797,0.0,0.19362249970436096,0.13024607300758362,0.0
4.28,-0.40957212448120117,-3.2790393829345703,2.0,-2.4878430366516113,-0.7757412195205688,0.0,0.19755221903324127,0.13186609745025635,0.0
4.29,-0.4344407320022583,-3.286789894104004,2.0,-2.4858474731445312,-0.7744145393371582,0.0,0.20147587358951569,0.1334904432296753,0.0
4.3,-0.45928990840911865,-3.294528007507324,2.0,-2.4838132858276367,-0.7730714082717896,0.0,0.20539355278015137,0.13511916995048523,0.0
4.3100000000000005,-0.4841184616088867,-3.3022518157958984,2.0,-2.4817397594451904,-0.7717119455337524,0.0,0.209305077791214,0.13675203919410706,0.0
4.32,-0.5089254379272461,-3.309962272644043,2.0,-2.4796271324157715,-0.7703363299369812,0.0,0.2132102996110916,0.13838928937911987,0.0
4.33,-0.5337117910385132,-3.3176589012145996,2.0,-2.47747540473938,-0.7689441442489624,0.0,0.2171093225479126,0.1400306224822998,0.0
4.34,-0.5584763288497925,-3.3253414630889893,2.0,-2.4752848148345947,-0.7675355076789856,0.0,0.22100196778774261,0.141676127910614,0.0
4.3500000000000005,-0.5832183361053467,-3.333009719848633,2.0,-2.473055362701416,-0.7661105990409851,0.0,0.2248881459236145,0.1433258056640625,0.0
4.36,-0.6079383492469788,-3.3406643867492676,2.0,-2.4707870483398438,-0.7646690011024475,0.0,0.22876788675785065,0.1449795663356781,0.0
4.37,-0.6326354146003723,-3.34830379486084,2.0,-2.468479871749878,-0.7632108330726624,0.0,0.2326410412788391,0.14663735032081604,0.0
4.38,-0.6573086977005005,-3.355928659439087,2.0,-2.4661340713500977,-0.7617362141609192,0.0,0.23650749027729034,0.14829915761947632,0.0
4.39,-0.6819588541984558,-3.3635387420654297,2.0,-2.463749408721924,-0.7602447867393494,0.0,0.24036727845668793,0.14996486902236938,0.0
4.4,-0.7065850496292114,-3.371133804321289,2.0,-2.4613265991210938,-0.7587367296218872,0.0,0.2442203015089035,0.15163454413414001,0.0
4.41,-0.7311862707138062,-3.378713607788086,2.0,-2.458865165710449,-0.7572121620178223,0.0,0.24806639552116394,0.15330812335014343,0.0
4.42,-0.7557631731033325,-3.3862786293029785,2.0,-2.4563651084899902,-0.7556705474853516,0.0,0.251905620098114,0.15498557686805725,0.0
4.43,-0.7803149223327637,-3.393827438354492,2.0,-2.453826904296875,-0.754112184047699,0.0,0.255737841129303,0.15666678547859192,0.0
4.44,-0.8048405051231384,-3.4013609886169434,2.0,-2.4512503147125244,-0.752537190914154,0.0,0.2595629394054413,0.1583518087863922,0.0
4.45,-0.8293407559394836,-3.4088785648345947,2.0,-2.4486355781555176,-0.7509450912475586,0.0,0.2633809745311737,0.16004055738449097,0.0
4.46,-0.8538147211074829,-3.4163801670074463,2.0,-2.4459826946258545,-0.7493361830711365,0.0,0.2671918272972107,0.1617329716682434,0.0
4.47,-0.8782612681388855,-3.42386531829834,2.0,-2.443291664123535,-0.7477104663848877,0.0,0.27099528908729553,0.16342899203300476,0.0
4.48,-0.902681291103363,-3.4313344955444336,2.0,-2.4405624866485596,-0.7460675835609436,0.0,0.2747914791107178,0.1651286780834198,0.0
4.49,-0.9270738959312439,-3.4387869834899902,2.0,-2.437795639038086,-0.7444077134132385,0.0,0.2785802483558655,0.16683191061019897,0.0
4.5,-0.9514379501342773,-3.446223258972168,2.0,-2.434990882873535,-0.7427309155464172,0.0,0.2823614776134491,0.16853868961334229,0.0
4.51,-0.9757744073867798,-3.453641891479492,2.0,-2.4321484565734863,-0.7410368919372559,0.0,0.2861352264881134,0.17024901509284973,0.0
4.5200000000000005,-1.0000823736190796,-3.4610438346862793,2.0,-2.4292681217193604,-0.7393257021903992,0.0,0.28990134596824646,0.1719626486301422,0.0
4.53,-1.0243605375289917,-3.4684290885925293,2.0,-2.4263501167297363,-0.7375975847244263,0.0,0.29365968704223633,0.17367979884147644,0.0
4.54,-1.0486102104187012,-3.4757964611053467,2.0,-2.4233946800231934,-0.7358521223068237,0.0,0.29741039872169495,0.1754002571105957,0.0
4.55,-1.0728298425674438,-3.4831461906433105,2.0,-2.4204020500183105,-0.7340893745422363,0.0,0.3011532127857208,0.17712408304214478,0.0
4.5600000000000005,-1.0970189571380615,-3.490478277206421,2.0,-2.4173717498779297,-0.7323096394538879,0.0,0.3048880994319916,0.17885112762451172,0.0
4.57,-1.1211780309677124,-3.4977927207946777,2.0,-2.41430401802063,-0.7305123209953308,0.0,0.3086150586605072,0.1805814504623413,0.0
4.58,-1.1453063488006592,-3.5050888061523438,2.0,-2.4111990928649902,-0.7286977171897888,0.0,0.31233400106430054,0.18231496214866638,0.0
4.59,-1.1694029569625854,-3.512367010116577,2.0,-2.40805721282959,-0.7268660068511963,0.0,0.31604480743408203,0.18405163288116455,0.0
4.6000000000000005,-1.1934683322906494,-3.5196263790130615,2.0,-2.4048781394958496,-0.7250166535377502,0.0,0.3197475075721741,0.18579143285751343,0.0
4.61,-1.2175018787384033,-3.526867389678955,2.0,-2.4016621112823486,-0.7231499552726746,0.0,0.3234419524669647,0.18753421306610107,0.0
4.62,-1.2415024042129517,-3.534090042114258,2.0,-2.398409366607666,-0.721265971660614,0.0,0.3271280527114868,0.18928012251853943,0.0
4.63,-1.2654708623886108,-3.5412933826446533,2.0,-2.3951194286346436,-0.7193643450737,0.0,0.33080586791038513,0.19102901220321655,0.0
4.64,-1.2894060611724854,-3.5484771728515625,2.0,-2.3917930126190186,-0.7174451351165771,0.0,0.33447518944740295,0.19278070330619812,0.0
4.65,-1.313307523727417,-3.5556421279907227,2.0,-2.388429880142212,-0.7155086994171143,0.0,0.3381360173225403,0.19453540444374084,0.0
4.66,-1.3371754884719849,-3.5627875328063965,2.0,-2.3850302696228027,-0.7135543823242188,0.0,0.34178829193115234,0.1962929368019104,0.0
4.67,-1.3610093593597412,-3.569913387298584,2.0,-2.381593942642212,-0.7115825414657593,0.0,0.34543198347091675,0.19805333018302917,0.0
4.68,-1.38480806350708,-3.577019691467285,2.0,-2.3781213760375977,-0.7095932960510254,0.0,0.34906691312789917,0.19981643557548523,0.0
4.69,-1.4085725545883179,-3.584105968475342,2.0,-2.37461256980896,-0.7075861692428589,0.0,0.352693110704422,0.20158222317695618,0.0
4.7,-1.4323017597198486,-3.5911715030670166,2.0,-2.371067523956299,-0.7055614590644836,0.0,0.35631051659584045,0.2033507227897644,0.0
4.71,-1.4559946060180664,-3.598217010498047,2.0,-2.367486000061035,-0.7035191655158997,0.0,0.3599189817905426,0.20512184500694275,0.0
4.72,-1.4796521663665771,-3.6052424907684326,2.0,-2.3638689517974854,-0.7014589309692383,0.0,0.36351853609085083,0.2068955898284912,0.0
4.73,-1.503273367881775,-3.6122469902038574,2.0,-2.360215663909912,-0.6993809938430786,0.0,0.3671090602874756,0.20867183804512024,0.0
4.74,-1.5268572568893433,-3.619230270385742,2.0,-2.3565263748168945,-0.6972854733467102,0.0,0.3706904649734497,0.2104506492614746,0.0
4.75,-1.550404667854309,-3.626192569732666,2.0,-2.35280179977417,-0.6951719522476196,0.0,0.3742627799510956,0.21223184466362,0.0
4.76,-1.573914647102356,-3.633133888244629,2.0,-2.349041223526001,-0.6930406093597412,0.0,0.37782585620880127,0.21401545405387878,0.0
4.7700000000000005,-1.5973862409591675,-3.6400537490844727,2.0,-2.345245122909546,-0.6908915638923645,0.0,0.381379634141922,0.2158014476299286,0.0
4.78,-1.62082040309906,-3.6469521522521973,2.0,-2.3414134979248047,-0.6887245774269104,0.0,0.38492414355278015,0.21758973598480225,0.0
4.79,-1.6442158222198486,-3.6538281440734863,2.0,-2.3375463485717773,-0.6865395307540894,0.0,0.3884592354297638,0.21938034892082214,0.0
4.8,-1.6675719022750854,-3.6606831550598145,2.0,-2.333644151687622,-0.6843368411064148,0.0,0.3919847905635834,0.22117319703102112,0.0
4.8100000000000005,-1.690889596939087,-3.667515277862549,2.0,-2.3297066688537598,-0.6821160912513733,0.0,0.39550092816352844,0.222968190908432,0.0
4.82,-1.7141674757003784,-3.6743252277374268,2.0,-2.3257339000701904,-0.6798772811889648,0.0,0.3990074396133423,0.22476530075073242,0.0
4.83,-1.7374049425125122,-3.6811132431030273,2.0,-2.3217263221740723,-0.6776207089424133,0.0,0.4025042653083801,0.22656452655792236,0.0
4.84,-1.7606027126312256,-3.687878131866455,2.0,-2.317683696746826,-0.6753458976745605,0.0,0.40599143505096436,0.22836574912071228,0.0
4.8500000000000005,-1.7837599515914917,-3.694620132446289,2.0,-2.3136062622070312,-0.6730531454086304,0.0,0.4094688594341278,0.23016902804374695,0.0
4.86,-1.8068757057189941,-3.7013397216796875,2.0,-2.3094942569732666,-0.6707425117492676,0.0,0.41293635964393616,0.2319742739200592,0.0
4.87,-1.8299505710601807,-3.708035469055176,2.0,-2.305347442626953,-0.6684136390686035,0.0,0.41639402508735657,0.2337813675403595,0.0
4.88,-1.8529839515686035,-3.7147083282470703,2.0,-2.30116605758667,-0.6660666465759277,0.0,0.4198417663574219,0.2355903685092926,0.0
4.89,-1.8759746551513672,-3.7213571071624756,2.0,-2.296950340270996,-0.6637017726898193,0.0,0.42327940464019775,0.23740112781524658,0.0
4.9,-1.898923635482788,-3.727982521057129,2.0,-2.2927002906799316,-0.6613185405731201,0.0,0.42670702934265137,0.23921367526054382,0.0
4.91,-1.9218299388885498,-3.7345833778381348,2.0,-2.2884159088134766,-0.6589171886444092,0.0,0.43012452125549316,0.24102795124053955,0.0
4.92,-1.9446927309036255,-3.7411608695983887,2.0,-2.284097671508789,-0.6564979553222656,0.0,0.433531790971756,0.2428438663482666,0.0
4.93,-1.9675127267837524,-3.747713565826416,2.0,-2.27974534034729,-0.6540603637695312,0.0,0.4369288384914398,0.24466148018836975,0.0
4.94,-1.9902889728546143,-3.754242420196533,2.0,-2.2753589153289795,-0.6516044735908508,0.0,0.4403155744075775,0.24648061394691467,0.0
4.95,-2.0130205154418945,-3.760746479034424,2.0,-2.2709388732910156,-0.649130642414093,0.0,0.44369184970855713,0.24830123782157898,0.0
4.96,-2.035708427429199,-3.7672247886657715,2.0,-2.2664849758148193,-0.6466383934020996,0.0,0.4470577836036682,0.25012341141700745,0.0
4.97,-2.058351516723633,-3.773679256439209,2.0,-2.2619974613189697,-0.6441279649734497,0.0,0.4504132568836212,0.25194695591926575,0.0
4.98,-2.080949068069458,-3.7801077365875244,2.0,-2.257476568222046,-0.6415994167327881,0.0,0.4537580907344818,0.25377190113067627,0.0
4.99,-2.103501796722412,-3.786511182785034,2.0,-2.2529220581054688,-0.6390523910522461,0.0,0.45709237456321716,0.25559818744659424,0.0
5.0,-2.126008987426758,-3.79288911819458,2.0,-2.2483344078063965,-0.6364871859550476,0.0,0.4604160189628601,0.25742578506469727,0.0
5.01,-2.1484692096710205,-3.799241065979004,2.0,-2.243713617324829,-0.6339038610458374,0.0,0.4637288749217987,0.25925466418266296,0.0
5.0200000000000005,-2.170883893966675,-3.805567741394043,2.0,-2.2390599250793457,-0.6313020586967468,0.0,0.46703100204467773,0.2610846757888794,0.0
5.03,-2.193251609802246,-3.8118677139282227,2.0,-2.234372854232788,-0.6286818981170654,0.0,0.47032228112220764,0.26291581988334656,0.0
5.04,-2.215571880340576,-3.818141460418701,2.0,-2.2296531200408936,-0.6260436773300171,0.0,0.47360262274742126,0.26474806666374207,0.0
5.05,-2.2378456592559814,-3.8243889808654785,2.0,-2.224900722503662,-0.6233869194984436,0.0,0.4768720865249634,0.26658135652542114,0.0
5.0600000000000005,-2.260071277618408,-3.8306093215942383,2.0,-2.2201154232025146,-0.6207117438316345,0.0,0.48013052344322205,0.2684156596660614,0.0
5.07,-2.2822484970092773,-3.836803436279297,2.0,-2.2152979373931885,-0.6180185675621033,0.0,0.4833778738975525,0.27025094628334045,0.0
5.08,-2.304378032684326,-3.8429698944091797,2.0,-2.2104477882385254,-0.6153067350387573,0.0,0.4866141378879547,0.27208706736564636,0.0
5.09,-2.3264589309692383,-3.849109649658203,2.0,-2.2055654525756836,-0.6125765442848206,0.0,0.48983925580978394,0.2739240527153015,0.0
5.1000000000000005,-2.348489999771118,-3.855221748352051,2.0,-2.200650691986084,-0.6098281145095825,0.0,0.49305301904678345,0.27576181292533875,0.0
5.11,-2.3704724311828613,-3.8613061904907227,2.0,-2.1957039833068848,-0.6070612072944641,0.0,0.49625563621520996,0.27760034799575806,0.0
5.12,-2.3924055099487305,-3.8673629760742188,2.0,-2.190725326538086,-0.6042758822441101,0.0,0.49944689869880676,0.27943962812423706,0.0
5.13,-2.414287567138672,-3.873392105102539,2.0,-2.1857149600982666,-0.6014723777770996,0.0,0.5026266574859619,0.2812795341014862,0.0
5.14,-2.4361205101013184,-3.8793931007385254,2.0,-2.1806728839874268,-0.5986502170562744,0.0,0.5057951211929321,0.2831200063228607,0.0
5.15,-2.457902431488037,-3.8853654861450195,2.0,-2.1755988597869873,-0.5958096981048584,0.0,0.5089520215988159,0.284961074590683,0.0
5.16,-2.479633092880249,-3.8913092613220215,2.0,-2.1704936027526855,-0.5929509401321411,0.0,0.5120973587036133,0.28680264949798584,0.0
5.17,-2.5013129711151123,-3.8972244262695312,2.0,-2.1653566360473633,-0.5900735855102539,0.0,0.5152311325073242,0.28864461183547974,0.0
5.18,-2.5229415893554688,-3.903110980987549,2.0,-2.160188674926758,-0.5871778130531311,0.0,0.5183532238006592,0.2904870808124542,0.0
5.19,-2.5445175170898438,-3.908968210220337,2.0,-2.154989719390869,-0.584263801574707,0.0,0.5214635729789734,0.2923298478126526,0.0
5.2,-2.566041946411133,-3.9147963523864746,2.0,-2.149759292602539,-0.5813311338424683,0.0,0.5245621800422668,0.29417288303375244,0.0
5.21,-2.5875139236450195,-3.9205949306488037,2.0,-2.144497871398926,-0.5783800482749939,0.0,0.5276489853858948,0.29601621627807617,0.0
5.22,-2.6089324951171875,-3.9263641834259033,2.0,-2.1392061710357666,-0.5754107236862183,0.0,0.5307238698005676,0.29785972833633423,0.0
5.23,-2.6302988529205322,-3.932103157043457,2.0,-2.133883237838745,-0.5724228620529175,0.0,0.533786952495575,0.29970335960388184,0.0
5.24,-2.651611566543579,-3.9378130435943604,2.0,-2.128530263900757,-0.5694164037704468,0.0,0.5368379950523376,0.30154716968536377,0.0
5.25,-2.67287015914917,-3.9434919357299805,2.0,-2.1231465339660645,-0.5663917660713196,0.0,0.5398769974708557,0.3033909797668457,0.0
5.26,-2.694075107574463,-3.949141263961792,2.0,-2.117732524871826,-0.5633485317230225,0.0,0.5429039597511292,0.30523478984832764,0.0
5.2700000000000005,-2.7152259349823,-3.954759359359741,2.0,-2.112287998199463,-0.5602867603302002,0.0,0.5459188222885132,0.3070785403251648,0.0
5.28,-2.7363216876983643,-3.9603466987609863,2.0,-2.106813669204712,-0.5572068691253662,0.0,0.5489214062690735,0.3089222013950348,0.0
5.29,-2.7573628425598145,-3.9659035205841064,2.0,-2.101309299468994,-0.5541082620620728,0.0,0.5519118905067444,0.31076568365097046,0.0
5.3,-2.778348922729492,-3.9714293479919434,2.0,-2.0957751274108887,-0.5509912967681885,0.0,0.5548900365829468,0.3126090168952942,0.0
5.3100000000000005,-2.79927921295166,-3.976923942565918,2.0,-2.0902113914489746,-0.5478559732437134,0.0,0.5578558444976807,0.31445205211639404,0.0
5.32,-2.8201539516448975,-3.982386589050293,2.0,-2.084618091583252,-0.5447021722793579,0.0,0.5608093738555908,0.31629478931427,0.0
5.33,-2.840972900390625,-3.9878175258636475,2.0,-2.0789949893951416,-0.5415298938751221,0.0,0.5637504458427429,0.31813710927963257,0.0
5.34,-2.861734390258789,-3.9932172298431396,2.0,-2.073342800140381,-0.538339376449585,0.0,0.5666790008544922,0.31997913122177124,0.0
5.3500000000000005,-2.8824400901794434,-3.998584747314453,2.0,-2.0676610469818115,-0.5351302027702332,0.0,0.5695950388908386,0.32182061672210693,0.0
5.36,-2.9030890464782715,-4.003920078277588,2.0,-2.06195068359375,-0.5319026708602905,0.0,0.572498619556427,0.3236616253852844,0.0
5.37,-2.923679828643799,-4.009222984313965,2.0,-2.056210994720459,-0.5286568403244019,0.0,0.5753894448280334,0.32550203800201416,0.0
5.38,-2.9442138671875,-4.014492988586426,2.0,-2.050442695617676,-0.5253925323486328,0.0,0.5782677531242371,0.32734182476997375,0.0
5.39,-2.9646899700164795,-4.019731044769287,2.0,-2.044645309448242,-0.5221098065376282,0.0,0.5811333060264587,0.3291809558868408,0.0
5.4,-2.985107421875,-4.024935722351074,2.0,-2.0388197898864746,-0.5188088417053223,0.0,0.5839860439300537,0.33101940155029297,0.0
5.41,-3.005466938018799,-4.030107498168945,2.0,-2.032965660095215,-0.5154893398284912,0.0,0.5868260860443115,0.33285704255104065,0.0
5.42,-3.0257678031921387,-4.035245895385742,2.0,-2.027082920074463,-0.5121513605117798,0.0,0.5896532535552979,0.3346937894821167,0.0
5.43,-3.0460093021392822,-4.040350437164307,2.0,-2.021172285079956,-0.5087953805923462,0.0,0.5924674272537231,0.33652976155281067,0.0
5.44,-3.066192150115967,-4.045422077178955,2.0,-2.0152335166931152,-0.5054207444190979,0.0,0.5952687859535217,0.33836477994918823,0.0
5.45,-3.086315155029297,-4.050458908081055,2.0,-2.0092666149139404,-0.5020277500152588,0.0,0.5980571508407593,0.340198814868927,0.0
5.46,-3.1063780784606934,-4.05546236038208,2.0,-2.00327205657959,-0.49861669540405273,0.0,0.600832462310791,0.3420318365097046,0.0
5.47,-3.1263811588287354,-4.060431480407715,2.0,-1.997249722480774,-0.49518710374832153,0.0,0.6035947203636169,0.34386372566223145,0.0
5.48,-3.1463241577148438,-4.065366744995117,2.0,-1.9911998510360718,-0.4917391240596771,0.0,0.6063438653945923,0.34569448232650757,0.0
5.49,-3.166205883026123,-4.0702667236328125,2.0,-1.9851226806640625,-0.48827314376831055,0.0,0.6090798377990723,0.3475240468978882,0.0
5.5,-3.1860272884368896,-4.075132369995117,2.0,-1.9790180921554565,-0.48478856682777405,0.0,0.6118026375770569,0.3493523597717285,0.0
5.51,-3.205787420272827,-4.079962730407715,2.0,-1.972886323928833,-0.48128581047058105,0.0,0.6145122051239014,0.3511793613433838,0.0
5.5200000000000005,-3.225485324859619,-4.084758281707764,2.0,-1.9667277336120605,-0.47776487469673157,0.0,0.6172083616256714,0.3530050814151764,0.0
5.53,-3.2451224327087402,-4.089518070220947,2.0,-1.9605419635772705,-0.47422555088996887,0.0,0.619891345500946,0.3548293709754944,0.0
5.54,-3.264697551727295,-4.094242572784424,2.0,-1.954329490661621,-0.4706680476665497,0.0,0.622560977935791,0.356652170419693,0.0
5.55,-3.284209728240967,-4.098931789398193,2.0,-1.9480905532836914,-0.46709245443344116,0.0,0.625217080116272,0.3584735691547394,0.0
5.5600000000000005,-3.3036599159240723,-4.1035847663879395,2.0,-1.9418249130249023,-0.46349841356277466,0.0,0.6278597116470337,0.36029329895973206,0.0
5.57,-3.323047637939453,-4.108201503753662,2.0,-1.935533046722412,-0.4598862826824188,0.0,0.6304889917373657,0.3621114492416382,0.0
5.58,-3.3423712253570557,-4.112782955169678,2.0,-1.9292150735855103,-0.45625609159469604,0.0,0.6331045627593994,0.363927960395813,0.0
5.59,-3.3616323471069336,-4.117326736450195,2.0,-1.9228706359863281,-0.4526076316833496,0.0,0.6357066631317139,0.3657427430152893,0.0
5.6000000000000005,-3.3808298110961914,-4.121834754943848,2.0,-1.9165005683898926,-0.4489409625530243,0.0,0.6382951736450195,0.36755573749542236,0.0
5.61,-3.399962902069092,-4.126306056976318,2.0,-1.910104513168335,-0.44525641202926636,0.0,0.6408699154853821,0.36936691403388977,0.0
5.62,-3.419032573699951,-4.130740165710449,2.0,-1.903682827949524,-0.44155353307724,0.0,0.6434310078620911,0.37117624282836914,0.0
5.63,-3.438037872314453,-4.13513708114624,2.0,-1.8972357511520386,-0.4378325939178467,0.0,0.6459784507751465,0.3729836344718933,0.0
5.64,-3.4569778442382812,-4.139496803283691,2.0,-1.8907630443572998,-0.43409377336502075,0.0,0.6485119462013245,0.3747889995574951,0.0
5.65,-3.475853443145752,-4.143819332122803,2.0,-1.8842651844024658,-0.43033677339553833,0.0,0.6510317325592041,0.37659236788749695,0.0
5.66,-3.494664192199707,-4.148104190826416,2.0,-1.8777422904968262,-0.4265615940093994,0.0,0.6535376310348511,0.37839359045028687,0.0
5.67,-3.51340913772583,-4.152350902557373,2.0,-1.8711942434310913,-0.422768771648407,0.0,0.6560296416282654,0.38019275665283203,0.0
5.68,-3.5320887565612793,-4.156559467315674,2.0,-1.8646214008331299,-0.4189576506614685,0.0,0.6585077047348022,0.3819896876811981,0.0
5.69,-3.5507025718688965,-4.160729885101318,2.0,-1.8580238819122314,-0.4151286482810974,0.0,0.6609718799591064,0.38378435373306274,0.0
5.7,-3.5692498683929443,-4.164861679077148,2.0,-1.851401686668396,-0.41128188371658325,0.0,0.6634219884872437,0.3855767250061035,0.0
5.71,-3.58773136138916,-4.1689558029174805,2.0,-1.8447551727294922,-0.4074169993400574,0.0,0.6658580303192139,0.38736677169799805,0.0
5.72,-3.6061460971832275,-4.173009872436523,2.0,-1.838084101676941,-0.4035342335700989,0.0,0.6682800650596619,0.3891543745994568,0.0
5.73,-3.6244935989379883,-4.177026748657227,2.0,-1.8313891887664795,-0.39963382482528687,0.0,0.6706879138946533,0.3909395635128021,0.0
5.74,-3.6427743434906006,-4.181003093719482,2.0,-1.8246701955795288,-0.3957154154777527,0.0,0.673081636428833,0.3927221894264221,0.0
5.75,-3.6609880924224854,-4.184940814971924,2.0,-1.817927360534668,-0.3917791247367859,0.0,0.6754611730575562,0.3945022523403168,0.0
5.76,-3.679133415222168,-4.188838958740234,2.0,-1.8111608028411865,-0.38782525062561035,0.0,0.677826464176178,0.3962797522544861,0.0
5.7700000000000005,-3.697211742401123,-4.192697525024414,2.0,-1.8043705224990845,-0.3838534355163574,0.0,0.6801775693893433,0.3980545103549957,0.0
5.78,-3.715222120285034,-4.196516036987305,2.0,-1.79755699634552,-0.37986379861831665,0.0,0.6825143098831177,0.3998265564441681,0.0
5.79,-3.733163595199585,-4.2002949714660645,2.0,-1.7907201051712036,-0.37585675716400146,0.0,0.684836745262146,0.4015958607196808,0.0
5.8,-3.751037120819092,-4.204033374786377,2.0,-1.7838599681854248,-0.3718317747116089,0.0,0.6871448159217834,0.4033622443675995,0.0
5.8100000000000005,-3.7688417434692383,-4.207731246948242,2.0,-1.7769767045974731,-0.36778920888900757,0.0,0.68943852186203,0.40512579679489136,0.0
5.82,-3.7865772247314453,-4.211389541625977,2.0,-1.7700709104537964,-0.36372917890548706,0.0,0.6917177438735962,0.4068864583969116,0.0
5.83,-3.804244041442871,-4.215006351470947,2.0,-1.7631422281265259,-0.3596513271331787,0.0,0.6939825415611267,0.40864405035972595,0.0
5.84,-3.82184100151062,-4.2185821533203125,2.0,-1.7561910152435303,-0.3555559515953064,0.0,0.6962328553199768,0.41039860248565674,0.0
5.8500000000000005,-3.8393681049346924,-4.2221174240112305,2.0,-1.7492172718048096,-0.35144323110580444,0.0,0.6984685659408569,0.4121500551700592,0.0
5.86,-3.856825828552246,-4.225611209869385,2.0,-1.7422213554382324,-0.347312867641449,0.0,0.7006897926330566,0.4138983488082886,0.0
5.87,-3.874213695526123,-4.229063987731934,2.0,-1.7352031469345093,-0.3431650400161743,0.0,0.7028964757919312,0.41564345359802246,0.0
5.88,-3.8915305137634277,-4.2324748039245605,2.0,-1.728163242340088,-0.33899986743927,0.0,0.7050883769989014,0.4173853099346161,0.0
5.89,-3.9087774753570557,-4.235843658447266,2.0,-1.72110116481781,-0.33481717109680176,0.0,0.7072657942771912,0.4191238284111023,0.0
5.9,-3.9259536266326904,-4.239171028137207,2.0,-1.7140175104141235,-0.3306170701980591,0.0,0.7094284296035767,0.4208589196205139,0.0
5.91,-3.943058490753174,-4.242456436157227,2.0,-1.7069122791290283,-0.32639986276626587,0.0,0.7115763425827026,0.4225907027721405,0.0
5.92,-3.960092544555664,-4.245699405670166,2.0,-1.6997857093811035,-0.32216519117355347,0.0,0.7137095928192139,0.42431893944740295,0.0
5.93,-3.977055072784424,-4.248899936676025,2.0,-1.6926379203796387,-0.3179131746292114,0.0,0.7158280611038208,0.42604365944862366,0.0
5.94,-3.993945598602295,-4.2520575523376465,2.0,-1.6854689121246338,-0.3136441707611084,0.0,0.7179316282272339,0.4277648329734802,0.0
5.95,-4.010765075683594,-4.2551727294921875,2.0,-1.678278923034668,-0.30935776233673096,0.0,0.7200204730033875,0.4294823110103607,0.0
5.96,-4.027512550354004,-4.25824499130249,2.0,-1.6710681915283203,-0.3050541877746582,0.0,0.7220944166183472,0.4311961233615875,0.0
5.97,-4.044187068939209,-4.2612738609313965,2.0,-1.6638368368148804,-0.30073368549346924,0.0,0.724153459072113,0.43290624022483826,0.0
5.98,-4.060790061950684,-4.264259338378906,2.0,-1.6565847396850586,-0.29639577865600586,0.0,0.7261976599693298,0.434612512588501,0.0
5.99,-4.077319622039795,-4.267201900482178,2.0,-1.6493124961853027,-0.29204118251800537,0.0,0.7282267808914185,0.4363149404525757,0.0
6.0,-4.093776702880859,-4.2701005935668945,2.0,-1.6420201063156128,-0.2876695394515991,0.0,0.7302410006523132,0.4380134642124176,0.0
6.01,-4.110160827636719,-4.272955417633057,2.0,-1.6347073316574097,-0.283280611038208,0.0,0.7322403192520142,0.4397079646587372,0.0
6.0200000000000005,-4.126471519470215,-4.275765895843506,2.0,-1.6273748874664307,-0.27887511253356934,0.0,0.7342244386672974,0.441398561000824,0.0
6.03,-4.142708778381348,-4.278532981872559,2.0,-1.6200226545333862,-0.27445268630981445,0.0,0.7361935377120972,0.44308507442474365,0.0
6.04,-4.158873081207275,-4.28125524520874,2.0,-1.612650752067566,-0.27001309394836426,0.0,0.7381476759910583,0.44476741552352905,0.0
6.05,-4.174962520599365,-4.283933162689209,2.0,-1.6052594184875488,-0.26555705070495605,0.0,0.7400866150856018,0.44644564390182495,0.0
6.0600000000000005,-4.190978050231934,-4.286566734313965,2.0,-1.5978487730026245,-0.26108425855636597,0.0,0.7420104146003723,0.4481196701526642,0.0
6.07,-4.206920623779297,-4.289155006408691,2.0,-1.5904189348220825,-0.25659430027008057,0.0,0.7439191937446594,0.4497893750667572,0.0
6.08,-4.222787857055664,-4.291698455810547,2.0,-1.5829700231552124,-0.25208812952041626,0.0,0.7458126544952393,0.451454758644104,0.0
6.09,-4.238579750061035,-4.294197082519531,2.0,-1.5755023956298828,-0.24756526947021484,0.0,0.7476909160614014,0.4531157612800598,0.0
6.1000000000000005,-4.254298686981201,-4.296649932861328,2.0,-1.5680159330368042,-0.24302548170089722,0.0,0.7495540380477905,0.45477229356765747,0.0
6.11,-4.269941329956055,-4.299057483673096,2.0,-1.5605109930038452,-0.23846948146820068,0.0,0.7514017820358276,0.45642438530921936,0.0
6.12,-4.28550910949707,-4.301419734954834,2.0,-1.5529876947402954,-0.23389703035354614,0.0,0.753234326839447,0.4580719769001007,0.0
6.13,-4.301002025604248,-4.303735256195068,2.0,-1.5454460382461548,-0.22930771112442017,0.0,0.7550516128540039,0.4597148895263672,0.0
6.140000000000001,-4.316418647766113,-4.306005001068115,2.0,-1.5378862619400024,-0.2247023582458496,0.0,0.7568535208702087,0.46135321259498596,0.0
6.15,-4.331759929656982,-4.308229923248291,2.0,-1.530308723449707,-0.22008079290390015,0.0,0.7586400508880615,0.46298685669898987,0.0
6.16,-4.3470258712768555,-4.3104071617126465,2.0,-1.522713303565979,-0.21544235944747925,0.0,0.7604113817214966,0.46461567282676697,0.0
6.17,-4.362215042114258,-4.3125386238098145,2.0,-1.515100121498108,-0.2107880711555481,0.0,0.76216721534729,0.4662397503852844,0.0
6.18,-4.377327919006348,-4.3146233558654785,2.0,-1.507469654083252,-0.2061176300048828,0.0,0.7639076113700867,0.4678589105606079,0.0
6.19,-4.392365455627441,-4.3166608810424805,2.0,-1.499821662902832,-0.2014305591583252,0.0,0.7656326293945312,0.4694731533527374,0.0
6.2,-4.407325267791748,-4.31865119934082,2.0,-1.4921565055847168,-0.19672781229019165,0.0,0.767342209815979,0.471082478761673,0.0
6.21,-4.422208309173584,-4.3205952644348145,2.0,-1.484474539756775,-0.19200897216796875,0.0,0.7690362930297852,0.4726868271827698,0.0
6.22,-4.437015533447266,-4.322491645812988,2.0,-1.4767755270004272,-0.1872738003730774,0.0,0.7707149386405945,0.4742860496044159,0.0
6.23,-4.45174503326416,-4.3243408203125,2.0,-1.4690598249435425,-0.18252289295196533,0.0,0.7723779678344727,0.47588014602661133,0.0
6.24,-4.466396808624268,-4.326142311096191,2.0,-1.4613277912139893,-0.17775613069534302,0.0,0.774025559425354,0.4774691164493561,0.0
6.25,-4.4809722900390625,-4.3278961181640625,2.0,-1.453579068183899,-0.17297321557998657,0.0,0.7756576538085938,0.4790528118610382,0.0
6.26,-4.495469570159912,-4.329601764678955,2.0,-1.4458142518997192,-0.16817474365234375,0.0,0.7772740125656128,0.4806312620639801,0.0
6.2700000000000005,-4.509888648986816,-4.331259727478027,2.0,-1.4380333423614502,-0.163360595703125,0.0,0.7788748741149902,0.4822043776512146,0.0
6.28,-4.52423095703125,-4.332868576049805,2.0,-1.4302363395690918,-0.15853041410446167,0.0,0.7804602980613708,0.48377206921577454,0.0
6.29,-4.53849458694458,-4.33443021774292,2.0,-1.4224238395690918,-0.15368491411209106,0.0,0.7820298671722412,0.4853343963623047,0.0
6.3,-4.552679538726807,-4.33594274520874,2.0,-1.414595603942871,-0.14882373809814453,0.0,0.7835838794708252,0.4868912100791931,0.0
6.3100000000000005,-4.566787242889404,-4.337406158447266,2.0,-1.4067517518997192,-0.14394670724868774,0.0,0.7851223349571228,0.48844242095947266,0.0
6.32,-4.580815315246582,-4.3388214111328125,2.0,-1.3988927602767944,-0.13905459642410278,0.0,0.7866450548171997,0.48998814821243286,0.0
6.33,-4.5947651863098145,-4.340188026428223,2.0,-1.3910187482833862,-0.13414698839187622,0.0,0.7881520390510559,0.4915282428264618,0.0
6.34,-4.608636856079102,-4.3415045738220215,2.0,-1.383129358291626,-0.12922370433807373,0.0,0.789643406867981,0.49306249618530273,0.0
6.3500000000000005,-4.622428894042969,-4.342772006988525,2.0,-1.3752254247665405,-0.12428539991378784,0.0,0.7911189794540405,0.4945911169052124,0.0
6.36,-4.636141300201416,-4.343990802764893,2.0,-1.3673068284988403,-0.11933183670043945,0.0,0.7925788760185242,0.49611398577690125,0.0
6.37,-4.649775505065918,-4.345158576965332,2.0,-1.3593734502792358,-0.11436283588409424,0.0,0.7940230369567871,0.49763086438179016,0.0
6.38,-4.663329601287842,-4.346277713775635,2.0,-1.3514258861541748,-0.10937893390655518,0.0,0.7954514026641846,0.4991419315338135,0.0
6.390000000000001,-4.676804065704346,-4.347346782684326,2.0,-1.3434643745422363,-0.10437995195388794,0.0,0.7968640327453613,0.5006470680236816,0.0
6.4,-4.690199851989746,-4.34836483001709,2.0,-1.3354883193969727,-0.0993657112121582,0.0,0.7982609272003174,0.5021461248397827,0.0
6.41,-4.703514575958252,-4.349333763122559,2.0,-1.3274986743927002,-0.09433674812316895,0.0,0.7996419072151184,0.5036391615867615,0.0
6.42,-4.716749668121338,-4.3502516746521,2.0,-1.3194953203201294,-0.08929288387298584,0.0,0.8010071516036987,0.5051261186599731,0.0
6.43,-4.729905605316162,-4.351119041442871,2.0,-1.3114781379699707,-0.08423388004302979,0.0,0.8023566007614136,0.5066068768501282,0.0
6.44,-4.742980003356934,-4.3519368171691895,2.0,-1.3034478425979614,-0.07916045188903809,0.0,0.8036900758743286,0.5080814957618713,0.0
6.45,-4.755974769592285,-4.352702617645264,2.0,-1.2954041957855225,-0.07407230138778687,0.0,0.805007815361023,0.5095497965812683,0.0
6.46,-4.768889427185059,-4.353417873382568,2.0,-1.2873473167419434,-0.06896907091140747,0.0,0.806309700012207,0.5110117793083191,0.0
6.47,-4.781722068786621,-4.354082107543945,2.0,-1.2792776823043823,-0.06385171413421631,0.0,0.8075956106185913,0.5124674439430237,0.0
6.48,-4.7944746017456055,-4.3546953201293945,2.0,-1.2711951732635498,-0.058719754219055176,0.0,0.8088656663894653,0.5139166712760925,0.0
6.49,-4.807147026062012,-4.3552565574646,2.0,-1.2630999088287354,-0.053573012351989746,0.0,0.8101199865341187,0.5153594017028809,0.0
6.5,-4.819737434387207,-4.355766296386719,2.0,-1.2549923658370972,-0.0484122633934021,0.0,0.8113583326339722,0.5167956948280334,0.0
6.51,-4.832246780395508,-4.35622501373291,2.0,-1.2468725442886353,-0.04323709011077881,0.0,0.8125806450843811,0.518225371837616,0.0
6.5200000000000005,-4.844675540924072,-4.356630802154541,2.0,-1.23874032497406,-0.03804749250411987,0.0,0.8137872219085693,0.5196484327316284,0.0
6.53,-4.857022285461426,-4.356985569000244,2.0,-1.2305965423583984,-0.032843828201293945,0.0,0.8149777054786682,0.5210649371147156,0.0
6.54,-4.869287490844727,-4.357288360595703,2.0,-1.2224406003952026,-0.0276261568069458,0.0,0.8161522746086121,0.5224745869636536,0.0
6.55,-4.881472110748291,-4.357537746429443,2.0,-1.2142729759216309,-0.02239406108856201,0.0,0.8173110485076904,0.5238775014877319,0.0
6.5600000000000005,-4.893573760986328,-4.357736110687256,2.0,-1.2060940265655518,-0.017148315906524658,0.0,0.8184536695480347,0.5252736210823059,0.0
6.57,-4.9055938720703125,-4.357881546020508,2.0,-1.1979038715362549,-0.011888563632965088,0.0,0.8195803761482239,0.5266629457473755,0.0
6.58,-4.917532920837402,-4.357973098754883,2.0,-1.189702033996582,-0.00661468505859375,0.0,0.8206912279129028,0.5280451774597168,0.0
6.59,-4.929388523101807,-4.35801362991333,2.0,-1.1814895868301392,-0.0013273358345031738,0.0,0.8217860460281372,0.5294206142425537,0.0
6.6000000000000005,-4.941162109375,-4.3580002784729,2.0,-1.1732661724090576,0.003973662853240967,0.0,0.8228647708892822,0.5307890176773071,0.0
6.61,-4.952854633331299,-4.357933521270752,2.0,-1.1650317907333374,0.0092887282371521,0.0,0.823927640914917,0.5321502685546875,0.0
6.62,-4.964463710784912,-4.357813835144043,2.0,-1.1567871570587158,0.014617085456848145,0.0,0.8249744772911072,0.5335044860839844,0.0
6.63,-4.975990295410156,-4.357641696929932,2.0,-1.1485321521759033,0.019958853721618652,0.0,0.826005220413208,0.534851610660553,0.0
6.640000000000001,-4.987435340881348,-4.357414722442627,2.0,-1.1402666568756104,0.02531445026397705,0.0,0.8270201683044434,0.5361914038658142,0.0
6.65,-4.998796463012695,-4.35713529586792,2.0,-1.1319913864135742,0.030683040618896484,0.0,0.8280189037322998,0.5375239849090576,0.0
6.66,-5.010075092315674,-4.356801509857178,2.0,-1.1237061023712158,0.036064982414245605,0.0,0.8290016651153564,0.5388492345809937,0.0
6.67,-5.021271228790283,-4.3564133644104,2.0,-1.1154108047485352,0.04146033525466919,0.0,0.8299685120582581,0.5401670932769775,0.0
6.68,-5.032383918762207,-4.355971813201904,2.0,-1.1071064472198486,0.04686856269836426,0.0,0.8309192657470703,0.541477620601654,0.0
6.69,-5.043413162231445,-4.355476379394531,2.0,-1.098792314529419,0.05228984355926514,0.0,0.8318539261817932,0.5427806973457336,0.0
6.7,-5.054360389709473,-4.354926109313965,2.0,-1.0904688835144043,0.0577244758605957,0.0,0.8327727317810059,0.5440762042999268,0.0
6.71,-5.065223693847656,-4.354321479797363,2.0,-1.0821365118026733,0.06317174434661865,0.0,0.8336752653121948,0.545364260673523,0.0
6.72,-5.076003074645996,-4.353662967681885,2.0,-1.073795199394226,0.06863188743591309,0.0,0.8345619440078735,0.5466446280479431,0.0
6.73,-5.086699962615967,-4.3529486656188965,2.0,-1.0654449462890625,0.074104905128479,0.0,0.8354325294494629,0.5479173064231873,0.0
6.74,-5.097312927246094,-4.352180480957031,2.0,-1.0570862293243408,0.07959049940109253,0.0,0.8362870216369629,0.5491824150085449,0.0
6.75,-5.107841968536377,-4.351357460021973,2.0,-1.0487189292907715,0.08508855104446411,0.0,0.8371255397796631,0.5504397749900818,0.0
6.76,-5.118288040161133,-4.350478172302246,2.0,-1.0403432846069336,0.09059959650039673,0.0,0.8379480838775635,0.5516892075538635,0.0
6.7700000000000005,-5.128649711608887,-4.349545001983643,2.0,-1.0319595336914062,0.0961228609085083,0.0,0.8387544751167297,0.5529308915138245,0.0
6.78,-5.138926982879639,-4.348556041717529,2.0,-1.0235679149627686,0.10165822505950928,0.0,0.8395447731018066,0.5541647672653198,0.0
6.79,-5.149121284484863,-4.347511291503906,2.0,-1.0151681900024414,0.10720634460449219,0.0,0.8403192162513733,0.5553905367851257,0.0
6.8,-5.159231185913086,-4.34641170501709,2.0,-1.0067611932754517,0.11276644468307495,0.0,0.841077446937561,0.5566084384918213,0.0
6.8100000000000005,-5.169256687164307,-4.345256805419922,2.0,-0.9983465671539307,0.11833846569061279,0.0,0.8418196439743042,0.5578183531761169,0.0
6.82,-5.179198741912842,-4.3440446853637695,2.0,-0.9899243116378784,0.12392318248748779,0.0,0.8425459861755371,0.5590200424194336,0.0
6.83,-5.189055919647217,-4.342777729034424,2.0,-0.9814951419830322,0.12951934337615967,0.0,0.8432561159133911,0.5602137446403503,0.0
6.84,-5.19882869720459,-4.341454982757568,2.0,-0.9730591177940369,0.13512736558914185,0.0,0.8439502120018005,0.5613993406295776,0.0
6.8500000000000005,-5.208517551422119,-4.34007453918457,2.0,-0.9646158218383789,0.14074760675430298,0.0,0.8446283340454102,0.5625765323638916,0.0
6.86,-5.218121528625488,-4.338639259338379,2.0,-0.9561660885810852,0.1463792324066162,0.0,0.8452904224395752,0.5637455582618713,0.0
6.87,-5.2276411056518555,-4.3371477127075195,2.0,-0.947709858417511,0.15202254056930542,0.0,0.8459364175796509,0.5649063587188721,0.0
6.88,-5.237076282501221,-4.335598468780518,2.0,-0.9392468929290771,0.15767771005630493,0.0,0.8465664982795715,0.5660586357116699,0.0
6.890000000000001,-5.246426582336426,-4.333993911743164,2.0,-0.9307781457901001,0.16334408521652222,0.0,0.8471804261207581,0.567202627658844,0.0
6.9,-5.2556915283203125,-4.332332134246826,2.0,-0.9223031997680664,0.1690218448638916,0.0,0.8477783203125,0.56833815574646,0.0
6.91,-5.264873504638672,-4.330612659454346,2.0,-0.9138221144676208,0.1747111678123474,0.0,0.8483603596687317,0.569465160369873,0.0
6.92,-5.2739691734313965,-4.328837871551514,2.0,-0.905335545539856,0.1804114580154419,0.0,0.848926305770874,0.570583701133728,0.0
6.93,-5.282979965209961,-4.327004909515381,2.0,-0.8968433141708374,0.18612289428710938,0.0,0.849476158618927,0.5716935992240906,0.0
6.94,-5.291906356811523,-4.325114727020264,2.0,-0.8883455395698547,0.19184565544128418,0.0,0.8500101566314697,0.5727949142456055,0.0
6.95,-5.300747394561768,-4.32316780090332,2.0,-0.8798428773880005,0.19757914543151855,0.0,0.8505280613899231,0.5738875269889832,0.0
6.96,-5.309503078460693,-4.321163654327393,2.0,-0.8713349103927612,0.2033233642578125,0.0,0.8510299921035767,0.5749714374542236,0.0
6.97,-5.318174839019775,-4.319100856781006,2.0,-0.8628216981887817,0.20907890796661377,0.0,0.8515160083770752,0.5760465264320374,0.0
6.98,-5.326760292053223,-4.316981792449951,2.0,-0.8543041348457336,0.2148447036743164,0.0,0.8519859313964844,0.5771129131317139,0.0
6.99,-5.33526086807251,-4.314804553985596,2.0,-0.8457819223403931,0.22062116861343384,0.0,0.8524399995803833,0.5781704783439636,0.0
7.0,-5.343676567077637,-4.312568664550781,2.0,-0.8372548818588257,0.22640842199325562,0.0,0.8528780341148376,0.5792189836502075,0.0
7.01,-5.352005958557129,-4.310276031494141,2.0,-0.8287239074707031,0.23220586776733398,0.0,0.8533000946044922,0.5802586674690247,0.0
7.0200000000000005,-5.360250949859619,-4.307925224304199,2.0,-0.8201888203620911,0.23801368474960327,0.0,0.8537062406539917,0.5812894105911255,0.0
7.03,-5.368411064147949,-4.305515289306641,2.0,-0.8116493225097656,0.24383199214935303,0.0,0.8540964722633362,0.5823109745979309,0.0
7.04,-5.3764848709106445,-4.303048133850098,2.0,-0.8031064867973328,0.24966025352478027,0.0,0.8544707298278809,0.58332359790802,0.0
7.05,-5.384472846984863,-4.300522804260254,2.0,-0.7945598363876343,0.25549840927124023,0.0,0.8548290729522705,0.5843271017074585,0.0
7.0600000000000005,-5.392375946044922,-4.297937870025635,2.0,-0.7860094308853149,0.2613469958305359,0.0,0.8551715612411499,0.5853214263916016,0.0
7.07,-5.400193214416504,-4.295295238494873,2.0,-0.7774560451507568,0.26720523834228516,0.0,0.8554980754852295,0.5863065719604492,0.0
7.08,-5.407924652099609,-4.292593955993652,2.0,-0.7688993811607361,0.2730731964111328,0.0,0.8558086156845093,0.5872824192047119,0.0
7.09,-5.415572166442871,-4.289833068847656,2.0,-0.7603393197059631,0.27895116806030273,0.0,0.8561035394668579,0.5882489681243896,0.0
7.1000000000000005,-5.423132419586182,-4.287014484405518,2.0,-0.7517768144607544,0.2848384976387024,0.0,0.8563823699951172,0.589206337928772,0.0
7.11,-5.430607318878174,-4.284136772155762,2.0,-0.743211567401886,0.2907353639602661,0.0,0.8566453456878662,0.590154230594635,0.0
7.12,-5.437997341156006,-4.2811994552612305,2.0,-0.7346434593200684,0.2966419458389282,0.0,0.8568925857543945,0.5910927057266235,0.0
7.13,-5.445300579071045,-4.278203964233398,2.0,-0.7260732650756836,0.3025575280189514,0.0,0.857123851776123,0.5920217037200928,0.0
7.140000000000001,-5.452518463134766,-4.275148391723633,2.0,-0.7175008058547974,0.30848240852355957,0.0,0.8573393821716309,0.5929412841796875,0.0
7.15,-5.459651470184326,-4.27203369140625,2.0,-0.7089260816574097,0.31441664695739746,0.0,0.857539176940918,0.5938512086868286,0.0
7.16,-5.466697692871094,-4.26885986328125,2.0,-0.7003495693206787,0.32035982608795166,0.0,0.8577229976654053,0.5947517156600952,0.0
7.17,-5.473658561706543,-4.265626907348633,2.0,-0.6917715072631836,0.3263118863105774,0.0,0.8578910827636719,0.5956425666809082,0.0
7.18,-5.480533599853516,-4.262333393096924,2.0,-0.6831913590431213,0.332273006439209,0.0,0.8580434918403625,0.596523642539978,0.0
7.19,-5.487322807312012,-4.258980751037598,2.0,-0.6746101379394531,0.3382425308227539,0.0,0.858180046081543,0.597395122051239,0.0
7.2,-5.494025707244873,-4.255568504333496,2.0,-0.6660276055335999,0.3442208766937256,0.0,0.8583008050918579,0.5982568264007568,0.0
7.21,-5.500643730163574,-4.252095699310303,2.0,-0.6574437022209167,0.350208044052124,0.0,0.8584059476852417,0.5991086959838867,0.0
7.22,-5.507174968719482,-4.248563766479492,2.0,-0.6488590240478516,0.3562033176422119,0.0,0.85849529504776,0.5999508500099182,0.0
7.23,-5.513620853424072,-4.244972229003906,2.0,-0.6402735710144043,0.36220717430114746,0.0,0.8585689663887024,0.600783109664917,0.0
7.24,-5.5199809074401855,-4.24131965637207,2.0,-0.6316872835159302,0.36821943521499634,0.0,0.8586269617080688,0.6016054153442383,0.0
7.25,-5.526254653930664,-4.237607002258301,2.0,-0.6231006383895874,0.3742395043373108,0.0,0.8586692214012146,0.6024178266525269,0.0
7.26,-5.532443046569824,-4.233835220336914,2.0,-0.6145136952400208,0.380267858505249,0.0,0.8586958646774292,0.6032202243804932,0.0
7.2700000000000005,-5.538545608520508,-4.230001449584961,2.0,-0.6059263348579407,0.3863043189048767,0.0,0.8587069511413574,0.6040125489234924,0.0
7.28,-5.544561862945557,-4.226108074188232,2.0,-0.5973391532897949,0.39234840869903564,0.0,0.8587023019790649,0.6047948598861694,0.0
7.29,-5.550492286682129,-4.2221550941467285,2.0,-0.5887521505355835,0.39840036630630493,0.0,0.8586820363998413,0.6055671572685242,0.0
7.3,-5.556337833404541,-4.218140125274658,2.0,-0.5801651477813721,0.4044601321220398,0.0,0.8586462736129761,0.6063291430473328,0.0
7.3100000000000005,-5.56209659576416,-4.214065074920654,2.0,-0.5715787410736084,0.41052722930908203,0.0,0.8585948944091797,0.6070810556411743,0.0
7.32,-5.5677690505981445,-4.209929466247559,2.0,-0.562993049621582,0.4166017770767212,0.0,0.8585278987884521,0.6078227758407593,0.0
7.33,-5.573356628417969,-4.205732822418213,2.0,-0.5544077754020691,0.4226838946342468,0.0,0.858445405960083,0.6085541248321533,0.0
7.34,-5.578857421875,-4.201475620269775,2.0,-0.5458236336708069,0.4287732243537903,0.0,0.8583474159240723,0.6092753410339355,0.0
7.3500000000000005,-5.584272384643555,-4.197157382965088,2.0,-0.5372406840324402,0.43486952781677246,0.0,0.8582339286804199,0.6099861264228821,0.0
7.36,-5.589602947235107,-4.192777633666992,2.0,-0.5286585688591003,0.4409732222557068,0.0,0.858104944229126,0.6106865406036377,0.0
7.37,-5.594846725463867,-4.188337326049805,2.0,-0.520078182220459,0.44708359241485596,0.0,0.8579604625701904,0.6113765835762024,0.0
7.38,-5.600004196166992,-4.183836460113525,2.0,-0.5114992260932922,0.4532007575035095,0.0,0.8578006029129028,0.6120561957359314,0.0
7.390000000000001,-5.605076789855957,-4.179272651672363,2.0,-0.5029216408729553,0.4593249559402466,0.0,0.8576253652572632,0.6127251982688904,0.0
7.4,-5.610063076019287,-4.174649238586426,2.0,-0.4943462610244751,0.46545565128326416,0.0,0.8574346303939819,0.6133838891983032,0.0
7.41,-5.614963531494141,-4.16996431350708,2.0,-0.48577284812927246,0.47159290313720703,0.0,0.8572285175323486,0.6140319108963013,0.0
7.42,-5.619779109954834,-4.16521692276001,2.0,-0.47720128297805786,0.4777366518974304,0.0,0.8570071458816528,0.6146692633628845,0.0
7.43,-5.624507904052734,-4.160408973693848,2.0,-0.4686322808265686,0.4838864803314209,0.0,0.8567702770233154,0.6152961254119873,0.0
7.44,-5.629151344299316,-4.155539512634277,2.0,-0.4600657820701599,0.49004262685775757,0.0,0.8565181493759155,0.6159123182296753,0.0
7.45,-5.633709907531738,-4.150607585906982,2.0,-0.45150142908096313,0.4962051510810852,0.0,0.8562508225440979,0.6165176630020142,0.0
7.46,-5.638182163238525,-4.1456146240234375,2.0,-0.44294023513793945,0.5023733377456665,0.0,0.8559681177139282,0.617112398147583,0.0
7.47,-5.642568111419678,-4.140560626983643,2.0,-0.434381902217865,0.5085474848747253,0.0,0.855670154094696,0.6176964044570923,0.0
7.48,-5.646869659423828,-4.135443687438965,2.0,-0.42582643032073975,0.5147275924682617,0.0,0.8553570508956909,0.6182695031166077,0.0
7.49,-5.651085376739502,-4.130265235900879,2.0,-0.4172743558883667,0.5209131240844727,0.0,0.8550287485122681,0.6188318729400635,0.0
7.5,-5.655215263366699,-4.125025272369385,2.0,-0.40872567892074585,0.527104377746582,0.0,0.8546851873397827,0.6193833351135254,0.0
7.51,-5.659260272979736,-4.119722843170166,2.0,-0.40018028020858765,0.5333011746406555,0.0,0.8543265461921692,0.6199237704277039,0.0
7.5200000000000005,-5.663219451904297,-4.114358901977539,2.0,-0.39163869619369507,0.5395030975341797,0.0,0.8539527058601379,0.6204533576965332,0.0
7.53,-5.667092800140381,-4.108932971954346,2.0,-0.3831009864807129,0.5457103252410889,0.0,0.8535637855529785,0.6209720373153687,0.0
7.54,-5.670881748199463,-4.1034440994262695,2.0,-0.37456703186035156,0.5519227981567383,0.0,0.8531598448753357,0.6214795112609863,0.0
7.55,-5.674584865570068,-4.097894191741943,2.0,-0.36603742837905884,0.558140218257904,0.0,0.8527407646179199,0.6219761371612549,0.0
7.5600000000000005,-5.678201675415039,-4.092281341552734,2.0,-0.35751205682754517,0.5643624067306519,0.0,0.852306604385376,0.6224616169929504,0.0
7.57,-5.681735515594482,-4.086606025695801,2.0,-0.34899085760116577,0.5705897212028503,0.0,0.851857602596283,0.6229358911514282,0.0
7.58,-5.685182571411133,-4.080869197845459,2.0,-0.3404744863510132,0.576821506023407,0.0,0.851393461227417,0.6233991384506226,0.0
7.59,-5.688544750213623,-4.075070381164551,2.0,-0.3319628834724426,0.5830578207969666,0.0,0.850914478302002,0.6238511800765991,0.0
7.6000000000000005,-5.691822052001953,-4.069207191467285,2.0,-0.323455810546875,0.5892987847328186,0.0,0.8504205942153931,0.6242920160293579,0.0
7.61,-5.695013523101807,-4.0632829666137695,2.0,-0.31495392322540283,0.5955439209938049,0.0,0.8499116897583008,0.6247215867042542,0.0
7.62,-5.698121070861816,-4.0572967529296875,2.0,-0.30645740032196045,0.6017934083938599,0.0,0.8493879437446594,0.6251399517059326,0.0
7.63,-5.701143264770508,-4.0512471199035645,2.0,-0.29796576499938965,0.6080471277236938,0.0,0.8488494157791138,0.6255468726158142,0.0
7.640000000000001,-5.704080104827881,-4.045135498046875,2.0,-0.2894800305366516,0.6143046021461487,0.0,0.8482959866523743,0.625942587852478,0.0
7.65,-5.70693302154541,-4.038960933685303,2.0,-0.28099966049194336,0.6205660104751587,0.0,0.8477277755737305,0.6263269186019897,0.0
7.66,-5.709700584411621,-4.032723426818848,2.0,-0.27252495288848877,0.6268315315246582,0.0,0.8471449017524719,0.6266997456550598,0.0
7.67,-5.712383270263672,-4.026424407958984,2.0,-0.2640564441680908,0.6331003308296204,0.0,0.8465472459793091,0.6270612478256226,0.0
7.68,-5.714982032775879,-4.020061492919922,2.0,-0.25559383630752563,0.6393728256225586,0.0,0.8459348082542419,0.6274113655090332,0.0
7.69,-5.717495918273926,-4.013635635375977,2.0,-0.247137188911438,0.6456490159034729,0.0,0.8453078269958496,0.6277498006820679,0.0
7.7,-5.7199249267578125,-4.007148265838623,2.0,-0.23868727684020996,0.6519281268119812,0.0,0.8446661233901978,0.6280767917633057,0.0
7.71,-5.722269058227539,-4.000597953796387,2.0,-0.23024380207061768,0.6582105755805969,0.0,0.8440098166465759,0.6283923387527466,0.0
7.72,-5.724530220031738,-3.993983268737793,2.0,-0.22180664539337158,0.6644963026046753,0.0,0.8433389663696289,0.628696084022522,0.0
7.73,-5.726706027984619,-3.987307071685791,2.0,-0.21337658166885376,0.6707847714424133,0.0,0.8426535129547119,0.6289883852005005,0.0
7.74,-5.72879695892334,-3.9805679321289062,2.0,-0.2049533724784851,0.6770761013031006,0.0,0.8419535160064697,0.6292691230773926,0.0
7.75,-5.730805397033691,-3.9737648963928223,2.0,-0.1965370774269104,0.6833704710006714,0.0,0.8412390947341919,0.6295379400253296,0.0
7.76,-5.732728004455566,-3.966899871826172,2.0,-0.1881282925605774,0.6896672248840332,0.0,0.8405101895332336,0.6297953128814697,0.0
7.7700000000000005,-5.734567642211914,-3.9599719047546387,2.0,-0.1797267198562622,0.6959666013717651,0.0,0.8397668600082397,0.6300408840179443,0.0
7.78,-5.73632287979126,-3.9529800415039062,2.0,-0.17133235931396484,0.7022684216499329,0.0,0.839009165763855,0.6302745938301086,0.0
7.79,-5.73799467086792,-3.945925712585449,2.0,-0.16294610500335693,0.7085723280906677,0.0,0.8382370471954346,0.630496621131897,0.0
7.8,-5.739582061767578,-3.9388089179992676,2.0,-0.15456759929656982,0.7148784399032593,0.0,0.8374505639076233,0.6307069063186646,0.0
7.8100000000000005,-5.741086006164551,-3.9316272735595703,2.0,-0.14619660377502441,0.7211868762969971,0.0,0.8366498947143555,0.6309051513671875,0.0
7.82,-5.74250602722168,-3.924384593963623,2.0,-0.13783413171768188,0.7274969220161438,0.0,0.8358348608016968,0.6310917139053345,0.0
7.83,-5.743842601776123,-3.9170777797698975,2.0,-0.1294797658920288,0.7338087558746338,0.0,0.8350056409835815,0.6312663555145264,0.0
7.84,-5.745095729827881,-3.909707546234131,2.0,-0.12113356590270996,0.7401226162910461,0.0,0.8341622352600098,0.6314289569854736,0.0
7.8500000000000005,-5.746265411376953,-3.9022750854492188,2.0,-0.1127961277961731,0.7464376091957092,0.0,0.8333046436309814,0.6315798163414001,0.0
7.86,-5.74735164642334,-3.8947792053222656,2.0,-0.10446739196777344,0.752754271030426,0.0,0.8324328660964966,0.631718635559082,0.0
7.87,-5.748354911804199,-3.887218952178955,2.0,-0.09614706039428711,0.7590723037719727,0.0,0.8315471410751343,0.6318453550338745,0.0
7.88,-5.749274253845215,-3.8795971870422363,2.0,-0.08783602714538574,0.76539146900177,0.0,0.8306472301483154,0.6319601535797119,0.0
7.890000000000001,-5.7501115798950195,-3.8719115257263184,2.0,-0.07953399419784546,0.7717117071151733,0.0,0.8297333121299744,0.6320629119873047,0.0
7.9,-5.750865936279297,-3.864161968231201,2.0,-0.07124090194702148,0.7780330181121826,0.0,0.8288054466247559,0.6321535110473633,0.0
7.91,-5.7515363693237305,-3.8563501834869385,2.0,-0.06295734643936157,0.784355103969574,0.0,0.8278635740280151,0.632232129573822,0.0
7.92,-5.752124786376953,-3.848475217819214,2.0,-0.05468344688415527,0.7906778454780579,0.0,0.8269078135490417,0.6322985887527466,0.0
7.930000000000001,-5.752630233764648,-3.8405356407165527,2.0,-0.04641878604888916,0.7970013618469238,0.0,0.8259382247924805,0.6323528289794922,0.0
7.94,-5.753053188323975,-3.8325345516204834,2.0,-0.03816419839859009,0.8033251166343689,0.0,0.8249546885490417,0.6323950290679932,0.0
7.95,-5.753393650054932,-3.824469566345215,2.0,-0.029919564723968506,0.8096494078636169,0.0,0.8239573240280151,0.6324250102043152,0.0
7.96,-5.7536516189575195,-3.816340684890747,2.0,-0.021684587001800537,0.8159739971160889,0.0,0.822946310043335,0.6324427127838135,0.0
7.97,-5.753827095031738,-3.8081493377685547,2.0,-0.013460218906402588,0.822298526763916,0.0,0.8219214677810669,0.6324481964111328,0.0
7.98,-5.753921031951904,-3.7998948097229004,2.0,-0.005246281623840332,0.8286229372024536,0.0,0.82088303565979,0.6324414014816284,0.0
7.99,-5.753931999206543,-3.791576862335205,2.0,0.0029573440551757812,0.8349473476409912,0.0,0.8198308944702148,0.6324224472045898,0.0
8.0,-5.753861427307129,-3.783195972442627,2.0,0.011150479316711426,0.8412714600563049,0.0,0.8187650442123413,0.632391095161438,0.0
8.01,-5.75370979309082,-3.7747509479522705,2.0,0.0193331241607666,0.8475954532623291,0.0,0.8176857233047485,0.6323473453521729,0.0
8.02,-5.753475189208984,-3.7662434577941895,2.0,0.027504563331604004,0.853918731212616,0.0,0.8165926933288574,0.632291316986084,0.0
8.03,-5.753159046173096,-3.7576727867126465,2.0,0.03566509485244751,0.8602414727210999,0.0,0.8154863119125366,0.6322230100631714,0.0
8.040000000000001,-5.7527618408203125,-3.749037981033325,2.0,0.04381483793258667,0.8665634393692017,0.0,0.8143664598464966,0.6321421265602112,0.0
8.05,-5.752283096313477,-3.7403407096862793,2.0,0.05195283889770508,0.8728845715522766,0.0,0.8132331371307373,0.6320489645004272,0.0
8.06,-5.751722812652588,-3.7315807342529297,2.0,0.06007951498031616,0.8792046904563904,0.0,0.8120863437652588,0.6319433450698853,0.0
8.07,-5.751081466674805,-3.7227561473846436,2.0,0.06819504499435425,0.8855236768722534,0.0,0.8109263181686401,0.6318252086639404,0.0
8.08,-5.750359058380127,-3.713869094848633,2.0,0.0762985348701477,0.891841471195221,0.0,0.8097529411315918,0.6316946148872375,0.0
8.09,-5.749555587768555,-3.7049195766448975,2.0,0.08439016342163086,0.8981578350067139,0.0,0.8085662722587585,0.6315516233444214,0.0
8.1,-5.748671054840088,-3.6959052085876465,2.0,0.09247028827667236,0.9044726490974426,0.0,0.8073664903640747,0.6313959360122681,0.0
8.11,-5.747705936431885,-3.6868293285369873,2.0,0.10053795576095581,0.910785973072052,0.0,0.8061532974243164,0.6312278509140015,0.0
8.120000000000001,-5.746660232543945,-3.677690029144287,2.0,0.10859346389770508,0.9170974493026733,0.0,0.8049271106719971,0.631047248840332,0.0
8.13,-5.745534420013428,-3.6684865951538086,2.0,0.11663693189620972,0.9234071969985962,0.0,0.8036878705024719,0.6308538913726807,0.0
8.14,-5.744327545166016,-3.6592211723327637,2.0,0.12466764450073242,0.9297147393226624,0.0,0.8024355173110962,0.630648136138916,0.0
8.15,-5.743040084838867,-3.6498923301696777,2.0,0.13268572092056274,0.9360203146934509,0.0,0.8011699914932251,0.630429744720459,0.0
8.16,-5.741673946380615,-3.6404995918273926,2.0,0.14069145917892456,0.9423237442970276,0.0,0.7998917102813721,0.6301985383033752,0.0
8.17,-5.740226745605469,-3.631045341491699,2.0,0.14868396520614624,0.9486245512962341,0.0,0.798600435256958,0.6299548745155334,0.0
8.18,-5.738699913024902,-3.621527671813965,2.0,0.15666353702545166,0.9549230337142944,0.0,0.7972961664199829,0.6296985149383545,0.0
8.19,-5.737093925476074,-3.6119461059570312,2.0,0.16463035345077515,0.9612188339233398,0.0,0.7959792017936707,0.6294293999671936,0.0
8.2,-5.73540735244751,-3.6023025512695312,2.0,0.17258363962173462,0.9675118327140808,0.0,0.7946493625640869,0.6291477084159851,0.0
8.21,-5.733641624450684,-3.5925960540771484,2.0,0.18052339553833008,0.9738019108772278,0.0,0.7933065891265869,0.6288532614707947,0.0
8.22,-5.731797218322754,-3.5828256607055664,2.0,0.1884501576423645,0.9800891876220703,0.0,0.7919512987136841,0.6285459399223328,0.0
8.23,-5.729872703552246,-3.572993278503418,2.0,0.1963629126548767,0.986373245716095,0.0,0.7905832529067993,0.6282260417938232,0.0
8.24,-5.727869510650635,-3.563098430633545,2.0,0.2042618989944458,0.9926539063453674,0.0,0.7892025709152222,0.6278933882713318,0.0
8.25,-5.72578763961792,-3.5531394481658936,2.0,0.21214735507965088,0.998931348323822,0.0,0.7878093719482422,0.6275478005409241,0.0
8.26,-5.723627090454102,-3.543118953704834,2.0,0.22001850605010986,1.0052051544189453,0.0,0.7864035964012146,0.627189576625824,0.0
8.27,-5.721386909484863,-3.5330357551574707,2.0,0.22787553071975708,1.0114753246307373,0.0,0.7849853038787842,0.6268185377120972,0.0
8.28,-5.719069480895996,-3.522888660430908,2.0,0.23571866750717163,1.0177419185638428,0.0,0.7835545539855957,0.6264345645904541,0.0
8.290000000000001,-5.716672897338867,-3.5126800537109375,2.0,0.24354708194732666,1.0240042209625244,0.0,0.782111406326294,0.6260378360748291,0.0
8.3,-5.714198112487793,-3.502408981323242,2.0,0.2513609528541565,1.0302627086639404,0.0,0.7806559205055237,0.6256282925605774,0.0
8.31,-5.711645603179932,-3.4920740127563477,2.0,0.2591606378555298,1.0365171432495117,0.0,0.7791881561279297,0.6252057552337646,0.0
8.32,-5.709014415740967,-3.481677770614624,2.0,0.2669451832771301,1.04276704788208,0.0,0.7777079343795776,0.6247705221176147,0.0
8.33,-5.706306457519531,-3.4712188243865967,2.0,0.2747148871421814,1.0490126609802246,0.0,0.776215672492981,0.6243222951889038,0.0
8.34,-5.703520774841309,-3.4606966972351074,2.0,0.2824699282646179,1.0552538633346558,0.0,0.7747111320495605,0.6238610744476318,0.0
8.35,-5.700656890869141,-3.450112819671631,2.0,0.2902095317840576,1.0614901781082153,0.0,0.773194432258606,0.6233870983123779,0.0
8.36,-5.697716236114502,-3.439466953277588,2.0,0.2979338765144348,1.0677217245101929,0.0,0.7716657519340515,0.622900128364563,0.0
8.370000000000001,-5.694698333740234,-3.428757667541504,2.0,0.3056432008743286,1.0739483833312988,0.0,0.7701250314712524,0.622400164604187,0.0
8.38,-5.691603183746338,-3.41798734664917,2.0,0.3133368492126465,1.0801700353622437,0.0,0.768572211265564,0.6218873262405396,0.0
8.39,-5.688431262969971,-3.4071545600891113,2.0,0.32101476192474365,1.0863863229751587,0.0,0.7670074701309204,0.6213615536689758,0.0
8.4,-5.685183048248291,-3.39625883102417,2.0,0.3286774158477783,1.092597484588623,0.0,0.7654309272766113,0.6208226680755615,0.0
8.41,-5.681857585906982,-3.3853015899658203,2.0,0.3363238573074341,1.0988030433654785,0.0,0.7638424634933472,0.6202709078788757,0.0
8.42,-5.678455829620361,-3.3742828369140625,2.0,0.34395432472229004,1.1050031185150146,0.0,0.7622421979904175,0.6197062134742737,0.0
8.43,-5.674978733062744,-3.3632009029388428,2.0,0.35156911611557007,1.1111974716186523,0.0,0.760630190372467,0.6191283464431763,0.0
8.44,-5.671424865722656,-3.352057933807373,2.0,0.35916733741760254,1.1173858642578125,0.0,0.7590065002441406,0.6185375452041626,0.0
8.45,-5.667794704437256,-3.340853214263916,2.0,0.36674928665161133,1.1235682964324951,0.0,0.7573711276054382,0.6179337501525879,0.0
8.46,-5.664090156555176,-3.3295857906341553,2.0,0.37431520223617554,1.1297450065612793,0.0,0.7557241320610046,0.6173168420791626,0.0
8.47,-5.660308837890625,-3.3182575702667236,2.0,0.3818642497062683,1.1359151601791382,0.0,0.7540656328201294,0.616686999797821,0.0
8.48,-5.65645170211792,-3.3068675994873047,2.0,0.3893965482711792,1.1420787572860718,0.0,0.7523955702781677,0.6160440444946289,0.0
8.49,-5.652520656585693,-3.295415163040161,2.0,0.3969125747680664,1.1482361555099487,0.0,0.750714123249054,0.6153879761695862,0.0
8.5,-5.6485137939453125,-3.283902168273926,2.0,0.404411256313324,1.1543868780136108,0.0,0.7490211725234985,0.6147189140319824,0.0
8.51,-5.644432067871094,-3.2723276615142822,2.0,0.41189298033714294,1.1605308055877686,0.0,0.7473168969154358,0.6140367984771729,0.0
8.52,-5.640275955200195,-3.260690689086914,2.0,0.4193580150604248,1.1666679382324219,0.0,0.7456013560295105,0.6133414506912231,0.0
8.53,-5.636044979095459,-3.248993396759033,2.0,0.42680543661117554,1.1727979183197021,0.0,0.7438744902610779,0.6126331686973572,0.0
8.540000000000001,-5.631739139556885,-3.2372350692749023,2.0,0.434235543012619,1.1789206266403198,0.0,0.7421364784240723,0.6119117736816406,0.0
8.55,-5.627359867095947,-3.2254140377044678,2.0,0.44164860248565674,1.1850364208221436,0.0,0.7403873205184937,0.6111770868301392,0.0
8.56,-5.622906684875488,-3.213533401489258,2.0,0.44904378056526184,1.1911444664001465,0.0,0.738627016544342,0.6104295253753662,0.0
8.57,-5.618378639221191,-3.2015914916992188,2.0,0.45642122626304626,1.1972450017929077,0.0,0.736855685710907,0.6096687912940979,0.0
8.58,-5.613778114318848,-3.1895875930786133,2.0,0.4637812674045563,1.2033381462097168,0.0,0.7350733280181885,0.6088948249816895,0.0
8.59,-5.609103202819824,-3.1775238513946533,2.0,0.471123069524765,1.209423303604126,0.0,0.7332800030708313,0.6081078052520752,0.0
8.6,-5.604355335235596,-3.1653993129730225,2.0,0.478446900844574,1.2155005931854248,0.0,0.731475830078125,0.6073077321052551,0.0
8.61,-5.599534511566162,-3.1532130241394043,2.0,0.48575305938720703,1.2215696573257446,0.0,0.7296608090400696,0.6064943075180054,0.0
8.620000000000001,-5.594640254974365,-3.1409668922424316,2.0,0.493040531873703,1.227630615234375,0.0,0.727834939956665,0.6056679487228394,0.0
8.63,-5.589673042297363,-3.1286606788635254,2.0,0.5003098249435425,1.2336832284927368,0.0,0.7259983420372009,0.604828417301178,0.0
8.64,-5.584633827209473,-3.1162924766540527,2.0,0.5075609683990479,1.23972749710083,0.0,0.724151074886322,0.6039755344390869,0.0
8.65,-5.579522132873535,-3.103865146636963,2.0,0.5147932171821594,1.2457629442214966,0.0,0.7222931981086731,0.6031097173690796,0.0
8.66,-5.574337482452393,-3.0913772583007812,2.0,0.5220068693161011,1.2517898082733154,0.0,0.7204246520996094,0.6022306680679321,0.0
8.67,-5.569081783294678,-3.0788283348083496,2.0,0.5292021632194519,1.2578078508377075,0.0,0.71854567527771,0.6013383865356445,0.0
8.68,-5.563753128051758,-3.066220283508301,2.0,0.5363782048225403,1.2638168334960938,0.0,0.7166561484336853,0.6004331111907959,0.0
8.69,-5.558353424072266,-3.0535521507263184,2.0,0.5435352325439453,1.2698166370391846,0.0,0.7147561311721802,0.5995146036148071,0.0
8.700000000000001,-5.552882671356201,-3.040822982788086,2.0,0.5506737232208252,1.275807499885559,0.0,0.7128459215164185,0.5985828042030334,0.0
8.71,-5.547339916229248,-3.0280351638793945,2.0,0.5577926635742188,1.2817885875701904,0.0,0.710925281047821,0.597637951374054,0.0
8.72,-5.541726589202881,-3.0151875019073486,2.0,0.5648922920227051,1.2877603769302368,0.0,0.7089943885803223,0.5966799259185791,0.0
8.73,-5.536042213439941,-3.002279043197632,2.0,0.5719729661941528,1.2937225103378296,0.0,0.7070533037185669,0.5957086682319641,0.0
8.74,-5.53028678894043,-2.989312171936035,2.0,0.5790337324142456,1.2996747493743896,0.0,0.7051020264625549,0.5947242975234985,0.0
8.75,-5.524461269378662,-2.976285696029663,2.0,0.5860750675201416,1.305617094039917,0.0,0.7031406760215759,0.5937268137931824,0.0
8.76,-5.5185651779174805,-2.963198661804199,2.0,0.5930969715118408,1.3115495443344116,0.0,0.7011693120002747,0.5927159786224365,0.0
8.77,-5.512598991394043,-2.9500536918640137,2.0,0.6000987887382507,1.3174717426300049,0.0,0.6991879343986511,0.5916920900344849,0.0
8.78,-5.506563186645508,-2.936849594116211,2.0,0.6070808172225952,1.3233835697174072,0.0,0.6971966028213501,0.5906550884246826,0.0
8.790000000000001,-5.500456809997559,-2.9235851764678955,2.0,0.6140431761741638,1.3292850255966187,0.0,0.6951953768730164,0.5896047353744507,0.0
8.8,-5.494281768798828,-2.9102628231048584,2.0,0.6209850907325745,1.33517587184906,0.0,0.6931843757629395,0.5885413289070129,0.0
8.81,-5.488037109375,-2.8968818187713623,2.0,0.6279069185256958,1.3410561084747314,0.0,0.6911635398864746,0.5874648094177246,0.0
8.82,-5.481723785400391,-2.8834407329559326,2.0,0.6348087787628174,1.3469254970550537,0.0,0.6891330480575562,0.5863749384880066,0.0
8.83,-5.475340843200684,-2.8699421882629395,2.0,0.6416899561882019,1.3527836799621582,0.0,0.6870929002761841,0.5852720737457275,0.0
8.84,-5.468889236450195,-2.8563852310180664,2.0,0.6485506296157837,1.3586310148239136,0.0,0.6850430965423584,0.5841559767723083,0.0
8.85,-5.462369918823242,-2.842768669128418,2.0,0.6553912162780762,1.3644671440124512,0.0,0.6829837560653687,0.583026647567749,0.0
8.86,-5.45578145980835,-2.829094886779785,2.0,0.6622107625007629,1.3702919483184814,0.0,0.6809149980545044,0.5818842649459839,0.0
8.870000000000001,-5.449125289916992,-2.8153629302978516,2.0,0.6690095663070679,1.3761050701141357,0.0,0.6788367033004761,0.5807287693023682,0.0
8.88,-5.44240140914917,-2.801571846008301,2.0,0.6757879257202148,1.3819066286087036,0.0,0.6767491102218628,0.5795599818229675,0.0
8.89,-5.435609340667725,-2.787724018096924,2.0,0.6825448870658875,1.3876965045928955,0.0,0.6746521592140198,0.5783781409263611,0.0
8.9,-5.4287495613098145,-2.773818016052246,2.0,0.6892809271812439,1.3934744596481323,0.0,0.6725459098815918,0.577183187007904,0.0
8.91,-5.421823024749756,-2.7598533630371094,2.0,0.6959962844848633,1.399240255355835,0.0,0.6704305410385132,0.5759749412536621,0.0
8.92,-5.414829730987549,-2.7458324432373047,2.0,0.7026899456977844,1.404994249343872,0.0,0.6683059334754944,0.5747537016868591,0.0
8.93,-5.407769203186035,-2.7317538261413574,2.0,0.7093623876571655,1.4107356071472168,0.0,0.6661722660064697,0.5735193490982056,0.0
8.94,-5.400642395019531,-2.717616558074951,2.0,0.7160137891769409,1.4164648056030273,0.0,0.664029598236084,0.5722717046737671,0.0
8.950000000000001,-5.393448829650879,-2.703423500061035,2.0,0.7226433753967285,1.4221813678741455,0.0,0.6618779301643372,0.5710111260414124,0.0
8.96,-5.386188983917236,-2.6891732215881348,2.0,0.7292513847351074,1.4278851747512817,0.0,0.659717321395874,0.569737434387207,0.0
8.97,-5.378863334655762,-2.6748647689819336,2.0,0.7358381152153015,1.4335763454437256,0.0,0.6575478315353394,0.5684505105018616,0.0
8.98,-5.371471881866455,-2.6605007648468018,2.0,0.7424027919769287,1.4392544031143188,0.0,0.6553696393966675,0.5671505928039551,0.0
8.99,-5.364015102386475,-2.6460797786712646,2.0,0.7489455342292786,1.444919466972351,0.0,0.6531826257705688,0.565837562084198,0.0
9.0,-5.35649299621582,-2.631601333618164,2.0,0.7554668188095093,1.4505714178085327,0.0,0.6509869694709778,0.5645113587379456,0.0
9.01,-5.348905563354492,-2.617067337036133,2.0,0.7619656920433044,1.4562100172042847,0.0,0.6487826108932495,0.5631722211837769,0.0
9.02,-5.341253280639648,-2.6024773120880127,2.0,0.7684425115585327,1.4618350267410278,0.0,0.6465696692466736,0.5618199706077576,0.0
9.03,-5.333536148071289,-2.58782958984375,2.0,0.7748974561691284,1.4674465656280518,0.0,0.6443483829498291,0.5604545474052429,0.0
9.040000000000001,-5.3257551193237305,-2.573127269744873,2.0,0.781329870223999,1.4730443954467773,0.0,0.6421184539794922,0.559076189994812,0.0
9.05,-5.3179097175598145,-2.5583689212799072,2.0,0.7877398133277893,1.478628396987915,0.0,0.6398801803588867,0.5576847791671753,0.0
9.06,-5.310000419616699,-2.543553590774536,2.0,0.7941278219223022,1.4841983318328857,0.0,0.6376336216926575,0.556280255317688,0.0
9.07,-5.302026271820068,-2.528684139251709,2.0,0.8004928827285767,1.4897541999816895,0.0,0.6353787183761597,0.5548627972602844,0.0
9.08,-5.293990135192871,-2.513758659362793,2.0,0.806835412979126,1.495295763015747,0.0,0.6331157088279724,0.5534323453903198,0.0
9.09,-5.285889625549316,-2.498776912689209,2.0,0.8131556510925293,1.500822901725769,0.0,0.6308444738388062,0.5519887804985046,0.0
9.1,-5.277726173400879,-2.483741283416748,2.0,0.8194526433944702,1.506335735321045,0.0,0.6285650730133057,0.550532341003418,0.0
9.11,-5.269500255584717,-2.4686505794525146,2.0,0.8257269263267517,1.511833667755127,0.0,0.6262778043746948,0.5490629076957703,0.0
9.120000000000001,-5.261211395263672,-2.4535036087036133,2.0,0.8319786190986633,1.5173171758651733,0.0,0.6239824295043945,0.547580361366272,0.0
9.13,-5.2528605461120605,-2.438302993774414,2.0,0.838206946849823,1.5227856636047363,0.0,0.6216791272163391,0.546085000038147,0.0
9.14,-5.244446754455566,-2.4230480194091797,2.0,0.8444122076034546,1.5282390117645264,0.0,0.6193680167198181,0.5445767045021057,0.0
9.15,-5.235971927642822,-2.4077372550964355,2.0,0.850594699382782,1.5336774587631226,0.0,0.6170490980148315,0.5430552959442139,0.0
9.16,-5.2274346351623535,-2.3923733234405518,2.0,0.8567535877227783,1.5391004085540771,0.0,0.6147224307060242,0.5415211915969849,0.0
9.17,-5.218836784362793,-2.376955270767212,2.0,0.8628891110420227,1.5445079803466797,0.0,0.6123880743980408,0.5399740934371948,0.0
9.18,-5.210176944732666,-2.3614821434020996,2.0,0.8690017461776733,1.5499001741409302,0.0,0.6100461483001709,0.5384140014648438,0.0
9.19,-5.201456069946289,-2.345956325531006,2.0,0.8750904202461243,1.5552765130996704,0.0,0.6076965928077698,0.5368411540985107,0.0
9.200000000000001,-5.19267463684082,-2.3303768634796143,2.0,0.8811556696891785,1.5606369972229004,0.0,0.6053396463394165,0.5352554321289062,0.0
9.21,-5.18383264541626,-2.3147425651550293,2.0,0.8871976137161255,1.5659818649291992,0.0,0.6029751300811768,0.5336567163467407,0.0
9.22,-5.174930572509766,-2.299056053161621,2.0,0.893215537071228,1.5713105201721191,0.0,0.6006033420562744,0.5320452451705933,0.0
9.23,-5.165968418121338,-2.2833166122436523,2.0,0.8992096781730652,1.5766229629516602,0.0,0.5982242226600647,0.5304210186004639,0.0
9.24,-5.156945705413818,-2.2675225734710693,2.0,0.9051803946495056,1.5819190740585327,0.0,0.5958378314971924,0.5287837982177734,0.0
9.25,-5.14786434173584,-2.2516770362854004,2.0,0.9111267924308777,1.5871987342834473,0.0,0.593444287776947,0.5271339416503906,0.0
9.26,-5.138722896575928,-2.235778570175171,2.0,0.91704922914505,1.5924619436264038,0.0,0.5910435318946838,0.5254713296890259,0.0
9.27,-5.129522800445557,-2.2198266983032227,2.0,0.9229480624198914,1.5977084636688232,0.0,0.5886357426643372,0.5237957835197449,0.0
9.28,-5.120264053344727,-2.2038233280181885,2.0,0.9288223385810852,1.602938175201416,0.0,0.586220920085907,0.5221076011657715,0.0
9.290000000000001,-5.110945701599121,-2.18776798248291,2.0,0.9346724152565002,1.6081507205963135,0.0,0.5837992429733276,0.5204067230224609,0.0
9.3,-5.101570129394531,-2.171659469604492,2.0,0.9404987096786499,1.6133463382720947,0.0,0.5813706517219543,0.5186930298805237,0.0
9.31,-5.092135906219482,-2.1554999351501465,2.0,0.946300208568573,1.6185247898101807,0.0,0.5789352059364319,0.516966700553894,0.0
9.32,-5.082643508911133,-2.139288902282715,2.0,0.9520773887634277,1.6236858367919922,0.0,0.576492965221405,0.515227735042572,0.0
9.33,-5.073093891143799,-2.1230251789093018,2.0,0.9578304886817932,1.6288295984268188,0.0,0.5740440487861633,0.5134759545326233,0.0
9.34,-5.063486099243164,-2.1067113876342773,2.0,0.9635586142539978,1.6339555978775024,0.0,0.5715885162353516,0.5117116570472717,0.0
9.35,-5.053822040557861,-2.090346336364746,2.0,0.9692622423171997,1.6390639543533325,0.0,0.5691263675689697,0.5099347233772278,0.0
9.36,-5.044100761413574,-2.0739290714263916,2.0,0.9749415516853333,1.6441545486450195,0.0,0.5666577219963074,0.5081450939178467,0.0
9.370000000000001,-5.034322738647461,-2.057461977005005,2.0,0.9805957674980164,1.6492270231246948,0.0,0.564182698726654,0.5063429474830627,0.0
9.38,-5.024488925933838,-2.0409445762634277,2.0,0.9862251877784729,1.6542816162109375,0.0,0.5617011785507202,0.504528284072876,0.0
9.39,-5.014598369598389,-2.0243752002716064,2.0,0.9918301105499268,1.6593178510665894,0.0,0.559213399887085,0.502700924873352,0.0
9.4,-5.00465202331543,-2.0077571868896484,2.0,0.9974098205566406,1.6643357276916504,0.0,0.5567193627357483,0.5008611679077148,0.0
9.41,-4.994649410247803,-1.991088628768921,2.0,1.0029644966125488,1.6693352460861206,0.0,0.5542190670967102,0.4990088641643524,0.0
9.42,-4.984591960906982,-1.9743691682815552,2.0,1.00849449634552,1.674316167831421,0.0,0.551712691783905,0.49714395403862,0.0
9.43,-4.9744791984558105,-1.9576013088226318,2.0,1.013999104499817,1.6792782545089722,0.0,0.549200177192688,0.49526673555374146,0.0
9.44,-4.964311599731445,-1.9407837390899658,2.0,1.019478440284729,1.684221625328064,0.0,0.5466817021369934,0.49337702989578247,0.0
9.450000000000001,-4.954089164733887,-1.9239156246185303,2.0,1.024933099746704,1.6891460418701172,0.0,0.5441572666168213,0.49147480726242065,0.0
9.46,-4.943812847137451,-1.9069997072219849,2.0,1.0303620100021362,1.6940512657165527,0.0,0.5416269302368164,0.4895603060722351,0.0
9.47,-4.933481216430664,-1.890034794807434,2.0,1.035765528678894,1.6989372968673706,0.0,0.5390907526016235,0.4876333773136139,0.0
9.48,-4.923096656799316,-1.873019814491272,2.0,1.0411441326141357,1.7038041353225708,0.0,0.5365488529205322,0.4856939911842346,0.0
9.49,-4.91265869140625,-1.8559575080871582,2.0,1.046496868133545,1.7086514234542847,0.0,0.5340012311935425,0.4837424159049988,0.0
9.5,-4.902166843414307,-1.8388469219207764,2.0,1.0518242120742798,1.7134792804718018,0.0,0.5314478874206543,0.48177850246429443,0.0
9.51,-4.8916215896606445,-1.821686863899231,2.0,1.0571262836456299,1.7182872295379639,0.0,0.5288890600204468,0.4798021912574768,0.0
9.52,-4.88102388381958,-1.8044800758361816,2.0,1.0624022483825684,1.72307550907135,0.0,0.5263247489929199,0.477813720703125,0.0
9.53,-4.870373249053955,-1.7872254848480225,2.0,1.067652702331543,1.7278436422348022,0.0,0.5237549543380737,0.47581303119659424,0.0
9.540000000000001,-4.859670639038086,-1.7699220180511475,2.0,1.0728777647018433,1.7325918674468994,0.0,0.521179735660553,0.4737999737262726,0.0
9.55,-4.848915100097656,-1.7525724172592163,2.0,1.0780766010284424,1.7373199462890625,0.0,0.5185992121696472,0.4717748463153839,0.0
9.56,-4.838108062744141,-1.7351757287979126,2.0,1.0832496881484985,1.7420275211334229,0.0,0.516013503074646,0.46973755955696106,0.0
9.57,-4.827250003814697,-1.7177307605743408,2.0,1.0883972644805908,1.74671471118927,0.0,0.5134225487709045,0.46768802404403687,0.0
9.58,-4.81633996963501,-1.7002403736114502,2.0,1.0935184955596924,1.7513813972473145,0.0,0.5108264088630676,0.46562647819519043,0.0
9.59,-4.8053789138793945,-1.6827032566070557,2.0,1.0986137390136719,1.7560275793075562,0.0,0.5082252621650696,0.4635528326034546,0.0
9.6,-4.79436731338501,-1.6651185750961304,2.0,1.103683352470398,1.7606526613235474,0.0,0.5056191086769104,0.4614669680595398,0.0
9.61,-4.783304691314697,-1.647489070892334,2.0,1.1087265014648438,1.7652570009231567,0.0,0.5030079483985901,0.4593692421913147,0.0
9.620000000000001,-4.772192001342773,-1.629813551902771,2.0,1.113743543624878,1.7698402404785156,0.0,0.5003920197486877,0.45725950598716736,0.0
9.63,-4.761029243469238,-1.612091064453125,2.0,1.1187347173690796,1.774402379989624,0.0,0.4977712333202362,0.45513761043548584,0.0
9.64,-4.74981689453125,-1.5943243503570557,2.0,1.1236991882324219,1.7789431810379028,0.0,0.49514564871788025,0.4530039429664612,0.0
9.65,-4.738554954528809,-1.576512336730957,2.0,1.1286375522613525,1.783462643623352,0.0,0.4925154447555542,0.45085829496383667,0.0
9.66,-4.727243900299072,-1.5586539506912231,2.0,1.1335499286651611,1.7879605293273926,0.0,0.4898805618286133,0.4487006366252899,0.0
9.67,-4.715883731842041,-1.5407519340515137,2.0,1.1384354829788208,1.7924368381500244,0.0,0.48724114894866943,0.4465312361717224,0.0
9.68,-4.704474449157715,-1.5228052139282227,2.0,1.1432945728302002,1.7968913316726685,0.0,0.48459726572036743,0.4443499743938446,0.0
9.69,-4.69301700592041,-1.5048129558563232,2.0,1.148127794265747,1.8013238906860352,0.0,0.4819489121437073,0.4421567916870117,0.0
9.700000000000001,-4.681511878967285,-1.4867775440216064,2.0,1.152933955192566,1.805734634399414,0.0,0.4792962372303009,0.43995192646980286,0.0
9.71,-4.669958591461182,-1.4686983823776245,2.0,1.1577136516571045,1.8101232051849365,0.0,0.4766392409801483,0.43773531913757324,0.0
9.72,-4.6583571434021,-1.4505740404129028,2.0,1.162467122077942,1.8144893646240234,0.0,0.4739779531955719,0.4355068504810333,0.0
9.73,-4.6467084884643555,-1.4324073791503906,2.0,1.1671935319900513,1.8188334703445435,0.0,0.471312552690506,0.433266818523407,0.0
9.74,-4.635013103485107,-1.4141974449157715,2.0,1.1718932390213013,1.8231549263000488,0.0,0.4686429798603058,0.43101510405540466,0.0
9.75,-4.623270511627197,-1.3959431648254395,2.0,1.17656672000885,1.8274539709091187,0.0,0.46596941351890564,0.4287516474723816,0.0
9.76,-4.611481189727783,-1.3776471614837646,2.0,1.1812130212783813,1.8317301273345947,0.0,0.46329179406166077,0.42647668719291687,0.0
9.77,-4.599645614624023,-1.3593084812164307,2.0,1.1858325004577637,1.8359836339950562,0.0,0.46061035990715027,0.4241901636123657,0.0
9.78,-4.587763786315918,-1.3409262895584106,2.0,1.1904255151748657,1.8402140140533447,0.0,0.4579249918460846,0.421891987323761,0.0
9.790000000000001,-4.575836658477783,-1.3225030899047852,2.0,1.1949913501739502,1.8444215059280396,0.0,0.4552358388900757,0.41958242654800415,0.0
9.8,-4.563863754272461,-1.3040378093719482,2.0,1.1995301246643066,1.848605990409851,0.0,0.4525429606437683,0.4172613322734833,0.0
9.81,-4.551845550537109,-1.2855298519134521,2.0,1.2040425539016724,1.852766990661621,0.0,0.44984644651412964,0.41492870450019836,0.0
9.82,-4.539782524108887,-1.2669813632965088,2.0,1.2085274457931519,1.8569046258926392,0.0,0.44714632630348206,0.4125848114490509,0.0
9.83,-4.527674674987793,-1.2483916282653809,2.0,1.2129853963851929,1.8610188961029053,0.0,0.44444265961647034,0.41022950410842896,0.0
9.84,-4.515522003173828,-1.2297598123550415,2.0,1.2174166440963745,1.8651093244552612,0.0,0.4417354464530945,0.40786272287368774,0.0
9.85,-4.503325462341309,-1.2110884189605713,2.0,1.22182035446167,1.8691761493682861,0.0,0.439024955034256,0.40548479557037354,0.0
9.86,-4.491085529327393,-1.1923763751983643,2.0,1.2261970043182373,1.8732192516326904,0.0,0.4363110363483429,0.4030955731868744,0.0
9.870000000000001,-4.478801250457764,-1.1736228466033936,2.0,1.2305469512939453,1.8772382736206055,0.0,0.43359386920928955,0.40069496631622314,0.0
9.88,-4.466473579406738,-1.1548304557800293,2.0,1.2348692417144775,1.8812333345413208,0.0,0.43087342381477356,0.39828330278396606,0.0
9.89,-4.454103469848633,-1.135998249053955,2.0,1.2391643524169922,1.8852041959762573,0.0,0.42814990878105164,0.3958604037761688,0.0
9.9,-4.441689491271973,-1.117125153541565,2.0,1.2434325218200684,1.8891505002975464,0.0,0.425423264503479,0.3934262990951538,0.0
9.91,-4.429234027862549,-1.0982139110565186,2.0,1.2476730346679688,1.8930727243423462,0.0,0.4226936101913452,0.39098116755485535,0.0
9.92,-4.416735649108887,-1.079263687133789,2.0,1.2518863677978516,1.8969703912734985,0.0,0.41996097564697266,0.38852500915527344,0.0
9.93,-4.404195785522461,-1.0602734088897705,2.0,1.2560726404190063,1.9008432626724243,0.0,0.4172254800796509,0.38605764508247375,0.0
9.94,-4.391613960266113,-1.041245698928833,2.0,1.2602311372756958,1.9046916961669922,0.0,0.4144871234893799,0.38357946276664734,0.0
9.950000000000001,-4.37899112701416,-1.0221796035766602,2.0,1.2643623352050781,1.908515214920044,0.0,0.41174599528312683,0.38109031319618225,0.0
9.96,-4.366326332092285,-1.0030741691589355,2.0,1.2684663534164429,1.91231369972229,0.0,0.4090021550655365,0.37859007716178894,0.0
9.97,-4.353621006011963,-0.9839321374893188,2.0,1.2725425958633423,1.9160871505737305,0.0,0.40625572204589844,0.37607911229133606,0.0
9.98,-4.340875148773193,-0.9647523760795593,2.0,1.276591420173645,1.9198354482650757,0.0,0.40350669622421265,0.37355729937553406,0.0
9.99,-4.328088760375977,-0.9455342292785645,2.0,1.2806130647659302,1.9235583543777466,0.0,0.4007551074028015,0.37102454900741577,0.0
10.0,-4.315262317657471,-0.9262800812721252,2.0,1.2846068143844604,1.9272558689117432,0.0,0.3980010747909546,0.3684811592102051,0.0
10.01,-4.302396774291992,-0.9069889783859253,2.0,1.2885730266571045,1.9309282302856445,0.0,0.3952447474002838,0.3659270107746124,0.0
10.02,-4.289490222930908,-0.8876603841781616,2.0,1.292512059211731,1.9345746040344238,0.0,0.39248597621917725,0.36336207389831543,0.0
10.03,-4.276545524597168,-0.8682963848114014,2.0,1.296423077583313,1.9381954669952393,0.0,0.3897249698638916,0.3607865571975708,0.0
10.040000000000001,-4.263561725616455,-0.8488963842391968,2.0,1.3003064393997192,1.9417905807495117,0.0,0.38696184754371643,0.35820046067237854,0.0
10.05,-4.2505388259887695,-0.8294594287872314,2.0,1.3041625022888184,1.9453595876693726,0.0,0.38419651985168457,0.3556036353111267,0.0
10.06,-4.237477779388428,-0.8099880218505859,2.0,1.3079906702041626,1.9489027261734009,0.0,0.38142913579940796,0.35299643874168396,0.0
10.07,-4.22437858581543,-0.7904813289642334,2.0,1.3117910623550415,1.9524197578430176,0.0,0.37865984439849854,0.35037875175476074,0.0
10.08,-4.211241722106934,-0.770938515663147,2.0,1.3155641555786133,1.955910325050354,0.0,0.37588852643966675,0.3477504253387451,0.0
10.09,-4.198066711425781,-0.7513619661331177,2.0,1.319309115409851,1.9593747854232788,0.0,0.3731153607368469,0.3451118469238281,0.0
10.1,-4.184854507446289,-0.7317508459091187,2.0,1.323026418685913,1.9628127813339233,0.0,0.37034034729003906,0.3424628674983978,0.0
10.11,-4.171605587005615,-0.7121044397354126,2.0,1.3267161846160889,1.966224193572998,0.0,0.3675636351108551,0.33980345726013184,0.0
10.120000000000001,-4.15831995010376,-0.6924252510070801,2.0,1.3303779363632202,1.969609022140503,0.0,0.36478516459465027,0.33713382482528687,0.0
10.13,-4.144997596740723,-0.6727123260498047,2.0,1.3340117931365967,1.9729670286178589,0.0,0.3620051145553589,0.3344539999961853,0.0
10.14,-4.131639003753662,-0.65296471118927,2.0,1.337618350982666,1.9762980937957764,0.0,0.35922348499298096,0.3317638337612152,0.0
10.15,-4.1182451248168945,-0.6331851482391357,2.0,1.3411966562271118,1.979602336883545,0.0,0.3564404249191284,0.3290635943412781,0.0
10.16,-4.104814529418945,-0.6133725643157959,2.0,1.3447470664978027,1.982879638671875,0.0,0.3536559045314789,0.3263532519340515,0.0
10.17,-4.0913496017456055,-0.5935262441635132,2.0,1.3482699394226074,1.9861295223236084,0.0,0.3508699834346771,0.32363271713256836,0.0
10.18,-4.077848434448242,-0.5736488103866577,2.0,1.3517646789550781,1.9893522262573242,0.0,0.3480827808380127,0.3209022283554077,0.0
10.19,-4.064313888549805,-0.553739070892334,2.0,1.355231523513794,1.9925477504730225,0.0,0.3452942967414856,0.3181617856025696,0.0
10.200000000000001,-4.050743579864502,-0.5337966680526733,2.0,1.3586708307266235,1.995715618133545,0.0,0.342504620552063,0.315411239862442,0.0
10.21,-4.037139415740967,-0.5138237476348877,2.0,1.3620818853378296,1.9988560676574707,0.0,0.3397139310836792,0.3126509189605713,0.0
10.22,-4.023501396179199,-0.49381935596466064,2.0,1.3654651641845703,2.0019688606262207,0.0,0.3369221091270447,0.30988073348999023,0.0
10.23,-4.009829521179199,-0.47378313541412354,2.0,1.3688206672668457,2.005053758621216,0.0,0.33412930369377136,0.3071006238460541,0.0
10.24,-3.996124505996704,-0.45371711254119873,2.0,1.3721479177474976,2.008111000061035,0.0,0.3313356041908264,0.3043108284473419,0.0
10.25,-3.9823861122131348,-0.4336206912994385,2.0,1.3754472732543945,2.0111401081085205,0.0,0.32854101061820984,0.30151131749153137,0.0
10.26,-3.9686150550842285,-0.41349315643310547,2.0,1.3787190914154053,2.014141082763672,0.0,0.3257456421852112,0.2987020015716553,0.0
10.27,-3.9548110961914062,-0.39333677291870117,2.0,1.381962537765503,2.0171141624450684,0.0,0.32294952869415283,0.2958831787109375,0.0
10.28,-3.9409749507904053,-0.3731508255004883,2.0,1.3851778507232666,2.0200588703155518,0.0,0.3201526999473572,0.2930547893047333,0.0
10.290000000000001,-3.927107334136963,-0.3529343605041504,2.0,1.3883657455444336,2.022975444793701,0.0,0.31735530495643616,0.29021668434143066,0.0
10.3,-3.913207530975342,-0.3326900005340576,2.0,1.3915252685546875,2.0258634090423584,0.0,0.31455737352371216,0.2873692214488983,0.0
10.31,-3.8992764949798584,-0.31241703033447266,2.0,1.394656777381897,2.0287230014801025,0.0,0.31175893545150757,0.28451231122016907,0.0
10.32,-3.8853135108947754,-0.2921144962310791,2.0,1.3977607488632202,2.0315537452697754,0.0,0.3089599907398224,0.28164586424827576,0.0
10.33,-3.8713200092315674,-0.27178478240966797,2.0,1.4008362293243408,2.034355878829956,0.0,0.30616074800491333,0.2787701487541199,0.0
10.34,-3.8572964668273926,-0.2514272928237915,2.0,1.4038838148117065,2.0371294021606445,0.0,0.3033612370491028,0.2758851647377014,0.0
10.35,-3.8432421684265137,-0.23104095458984375,2.0,1.4069037437438965,2.0398738384246826,0.0,0.30056139826774597,0.27299076318740845,0.0
10.36,-3.8291573524475098,-0.21062862873077393,2.0,1.4098953008651733,2.0425891876220703,0.0,0.2977614104747772,0.2700873017311096,0.0
10.370000000000001,-3.8150439262390137,-0.19018912315368652,2.0,1.4128588438034058,2.0452756881713867,0.0,0.2949613928794861,0.2671746611595154,0.0
10.38,-3.8009002208709717,-0.16972172260284424,2.0,1.415794849395752,2.0479328632354736,0.0,0.292161226272583,0.26425275206565857,0.0
10.39,-3.7867274284362793,-0.1492292881011963,2.0,1.4187023639678955,2.050560712814331,0.0,0.2893611192703247,0.26132193207740784,0.0
10.4,-3.7725257873535156,-0.12871050834655762,2.0,1.4215819835662842,2.053159236907959,0.0,0.2865610718727112,0.25838208198547363,0.0
10.41,-3.7582945823669434,-0.10816490650177002,2.0,1.4244338274002075,2.0557284355163574,0.0,0.2837611138820648,0.2554331421852112,0.0
10.42,-3.7440361976623535,-0.08759462833404541,2.0,1.4272572994232178,2.0582680702209473,0.0,0.28096139430999756,0.2524753212928772,0.0
10.43,-3.7297494411468506,-0.06699943542480469,2.0,1.4300529956817627,2.0607781410217285,0.0,0.278161883354187,0.24950872361660004,0.0
10.44,-3.7154345512390137,-0.04637789726257324,2.0,1.4328209161758423,2.063258409500122,0.0,0.27536270022392273,0.2465331256389618,0.0
10.450000000000001,-3.70109224319458,-0.025732994079589844,2.0,1.4355604648590088,2.065708875656128,0.0,0.2725639045238495,0.24354888498783112,0.0
10.46,-3.686722755432129,-0.005063652992248535,2.0,1.4382719993591309,2.068129539489746,0.0,0.2697656452655792,0.24055594205856323,0.0
10.47,-3.67232608795166,0.01563084125518799,2.0,1.4409561157226562,2.0705199241638184,0.0,0.2669677436351776,0.23755419254302979,0.0
10.48,-3.6579031944274902,0.03634798526763916,2.0,1.4436116218566895,2.072880506515503,0.0,0.26417043805122375,0.23454393446445465,0.0
10.49,-3.643453598022461,0.057088613510131836,2.0,1.4462392330169678,2.0752110481262207,0.0,0.2613738179206848,0.23152510821819305,0.0
10.5,-3.6289777755737305,0.07785344123840332,2.0,1.4488394260406494,2.0775110721588135,0.0,0.25857779383659363,0.22849765419960022,0.0
10.51,-3.614476203918457,0.09863996505737305,2.0,1.4514111280441284,2.0797810554504395,0.0,0.2557825446128845,0.22546185553073883,0.0
10.52,-3.599949359893799,0.11944913864135742,2.0,1.4539549350738525,2.0820205211639404,0.0,0.25298815965652466,0.22241760790348053,0.0
10.53,-3.5853965282440186,0.14028167724609375,2.0,1.4564710855484009,2.0842294692993164,0.0,0.2501944899559021,0.21936489641666412,0.0
10.540000000000001,-3.57081937789917,0.16113495826721191,2.0,1.4589589834213257,2.0864078998565674,0.0,0.2474018633365631,0.2163039892911911,0.0
10.55,-3.5562169551849365,0.18200981616973877,2.0,1.4614191055297852,2.0885555744171143,0.0,0.2446102499961853,0.21323485672473907,0.0
10.56,-3.5415897369384766,0.20290744304656982,2.0,1.4638514518737793,2.090672492980957,0.0,0.2418195903301239,0.2101573348045349,0.0
10.57,-3.5269389152526855,0.2238246202468872,2.0,1.4662556648254395,2.0927586555480957,0.0,0.23903006315231323,0.20707184076309204,0.0
10.58,-3.5122644901275635,0.24476265907287598,2.0,1.4686319828033447,2.0948140621185303,0.0,0.23624175786972046,0.20397821068763733,0.0
10.59,-3.497565746307373,0.2657221555709839,2.0,1.4709806442260742,2.0968384742736816,0.0,0.2334546148777008,0.2008764147758484,0.0
10.6,-3.482844114303589,0.28670060634613037,2.0,1.4733012914657593,2.0988316535949707,0.0,0.2306687831878662,0.19776678085327148,0.0
10.61,-3.468099594116211,0.3076988458633423,2.0,1.4755939245224,2.1007938385009766,0.0,0.22788426280021667,0.19464917480945587,0.0
10.620000000000001,-3.453331708908081,0.3287177085876465,2.0,1.4778591394424438,2.102724552154541,0.0,0.22510117292404175,0.19152358174324036,0.0
10.63,-3.438541889190674,0.34975457191467285,2.0,1.4800962209701538,2.1046242713928223,0.0,0.22231954336166382,0.18839026987552643,0.0
10.64,-3.423729419708252,0.37081027030944824,2.0,1.4823054075241089,2.106492519378662,0.0,0.21953946352005005,0.1852491796016693,0.0
10.65,-3.4088947772979736,0.39188551902770996,2.0,1.4844872951507568,2.1083292961120605,0.0,0.21676093339920044,0.18210026621818542,0.0
10.66,-3.394038677215576,0.41297805309295654,2.0,1.4866409301757812,2.1101346015930176,0.0,0.21398404240608215,0.17894379794597626,0.0
10.67,-3.379161834716797,0.43408846855163574,2.0,1.4887667894363403,2.111908435821533,0.0,0.21120890974998474,0.17577970027923584,0.0
10.68,-3.3642630577087402,0.45521748065948486,2.0,1.4908652305603027,2.113650321960449,0.0,0.20843541622161865,0.17260795831680298,0.0
10.69,-3.349343776702881,0.47636282444000244,2.0,1.4929356575012207,2.1153604984283447,0.0,0.20566383004188538,0.16942882537841797,0.0
10.700000000000001,-3.3344037532806396,0.49752485752105713,2.0,1.494978427886963,2.1170389652252197,0.0,0.2028941512107849,0.16624224185943604,0.0
10.71,-3.3194427490234375,0.5187045335769653,2.0,1.4969937801361084,2.118685483932495,0.0,0.20012632012367249,0.1630481779575348,0.0
10.72,-3.3044629096984863,0.5398997068405151,2.0,1.4989811182022095,2.120299816131592,0.0,0.19736051559448242,0.15984688699245453,0.0
10.73,-3.289463520050049,0.5611107349395752,2.0,1.5009407997131348,2.121882438659668,0.0,0.19459685683250427,0.15663832426071167,0.0
10.74,-3.2744436264038086,0.5823385715484619,2.0,1.5028733015060425,2.1234326362609863,0.0,0.19183513522148132,0.15342243015766144,0.0
10.75,-3.2594051361083984,0.6035807132720947,2.0,1.5047776699066162,2.124950885772705,0.0,0.18907570838928223,0.15019948780536652,0.0
10.76,-3.2443478107452393,0.6248377561569214,2.0,1.5066547393798828,2.126436948776245,0.0,0.1863185167312622,0.1469694823026657,0.0
10.77,-3.229271411895752,0.6461106538772583,2.0,1.5085043907165527,2.1278903484344482,0.0,0.18356353044509888,0.14373227953910828,0.0
10.78,-3.214177131652832,0.6673966646194458,2.0,1.5103261470794678,2.1293115615844727,0.0,0.18081092834472656,0.14048822224140167,0.0
10.790000000000001,-3.1990647315979004,0.6886969804763794,2.0,1.5121204853057861,2.13070011138916,0.0,0.17806074023246765,0.13723722100257874,0.0
10.8,-3.183933734893799,0.7100119590759277,2.0,1.5138875246047974,2.13205623626709,0.0,0.17531296610832214,0.13397924602031708,0.0
10.81,-3.16878604888916,0.7313394546508789,2.0,1.5156269073486328,2.1333799362182617,0.0,0.1725677251815796,0.1307145655155182,0.0
10.82,-3.153620719909668,0.7526798248291016,2.0,1.517338752746582,2.1346707344055176,0.0,0.16982504725456238,0.12744316458702087,0.0
10.83,-3.1384384632110596,0.7740341424942017,2.0,1.5190236568450928,2.1359286308288574,0.0,0.16708499193191528,0.12416490912437439,0.0
10.84,-3.123239517211914,0.79539954662323,2.0,1.5206806659698486,2.1371538639068604,0.0,0.16434761881828308,0.12088018655776978,0.0
10.85,-3.1080245971679688,0.8167771100997925,2.0,1.5223103761672974,2.1383464336395264,0.0,0.16161304712295532,0.11758884787559509,0.0
10.86,-3.092792510986328,0.838167667388916,2.0,1.5239131450653076,2.1395058631896973,0.0,0.15888115763664246,0.11429089307785034,0.0
10.870000000000001,-3.077545642852783,0.8595685958862305,2.0,1.5254881381988525,2.140632152557373,0.0,0.15615224838256836,0.11098659038543701,0.0
10.88,-3.0622825622558594,0.8809804916381836,2.0,1.5270360708236694,2.141725540161133,0.0,0.15342622995376587,0.10767590999603271,0.0
10.89,-3.047003984451294,0.9024043083190918,2.0,1.5285569429397583,2.1427855491638184,0.0,0.1507030725479126,0.10435876250267029,0.0
10.9,-3.031710624694824,0.9238376617431641,2.0,1.530050277709961,2.143812656402588,0.0,0.14798301458358765,0.10103544592857361,0.0
10.91,-3.0164029598236084,0.9452805519104004,2.0,1.531516432762146,2.1448066234588623,0.0,0.14526605606079102,0.09770596027374268,0.0
10.92,-3.001079559326172,0.966734766960144,2.0,1.5329558849334717,2.1457667350769043,0.0,0.14255216717720032,0.09437015652656555,0.0
10.93,-2.9857428073883057,0.9881972074508667,2.0,1.534367561340332,2.1466939449310303,0.0,0.13984152674674988,0.09102839231491089,0.0
10.94,-2.9703919887542725,1.0096688270568848,2.0,1.5357524156570435,2.147587537765503,0.0,0.1371341347694397,0.08768057823181152,0.0
10.950000000000001,-2.955026626586914,1.031150221824646,2.0,1.5371105670928955,2.1484475135803223,0.0,0.134429931640625,0.08432671427726746,0.0
10.96,-2.9396491050720215,1.0526390075683594,2.0,1.5384411811828613,2.1492741107940674,0.0,0.13172918558120728,0.08096703886985779,0.0
10.97,-2.924258232116699,1.0741357803344727,2.0,1.5397448539733887,2.15006685256958,0.0,0.12903186678886414,0.07760149240493774,0.0
10.98,-2.908853530883789,1.0956414937973022,2.0,1.5410220623016357,2.1508259773254395,0.0,0.1263379156589508,0.07423007488250732,0.0
10.99,-2.8934364318847656,1.1171537637710571,2.0,1.5422718524932861,2.1515514850616455,0.0,0.123647540807724,0.07085302472114563,0.0
11.0,-2.878007411956787,1.1386728286743164,2.0,1.5434948205947876,2.1522433757781982,0.0,0.1209607720375061,0.06747034192085266,0.0
11.01,-2.8625659942626953,1.160199761390686,2.0,1.5446912050247192,2.1529009342193604,0.0,0.11827754974365234,0.06408190727233887,0.0
11.02,-2.8471131324768066,1.1817322969436646,2.0,1.5458605289459229,2.153524875640869,0.0,0.11559808254241943,0.06068804860115051,0.0
11.03,-2.831648588180542,1.2032703161239624,2.0,1.5470030307769775,2.1541147232055664,0.0,0.11292234063148499,0.0572887659072876,0.0
11.040000000000001,-2.8161721229553223,1.2248154878616333,2.0,1.548119068145752,2.154670476913452,0.0,0.11025026440620422,0.05388393998146057,0.0
11.05,-2.8006858825683594,1.2463650703430176,2.0,1.5492082834243774,2.1551923751831055,0.0,0.10758218169212341,0.05047383904457092,0.0
11.06,-2.7851877212524414,1.2679194211959839,2.0,1.5502705574035645,2.1556801795959473,0.0,0.104917973279953,0.04705849289894104,0.0
11.07,-2.769679307937622,1.2894798517227173,2.0,1.5513067245483398,2.1561336517333984,0.0,0.1022576093673706,0.04363781213760376,0.0
11.08,-2.7541606426239014,1.311043381690979,2.0,1.5523159503936768,2.156552791595459,0.0,0.09960135817527771,0.04021209478378296,0.0
11.09,-2.7386324405670166,1.3326112031936646,2.0,1.5532985925674438,2.156938076019287,0.0,0.09694913029670715,0.03678122162818909,0.0
11.1,-2.7230939865112305,1.354183316230774,2.0,1.5542551279067993,2.1572883129119873,0.0,0.09430095553398132,0.03334528207778931,0.0
11.11,-2.7075464725494385,1.3757580518722534,2.0,1.5551848411560059,2.157604694366455,0.0,0.09165701270103455,0.029904454946517944,0.0
11.120000000000001,-2.6919901371002197,1.3973358869552612,2.0,1.5560880899429321,2.157886505126953,0.0,0.08901727199554443,0.026458710432052612,0.0
11.13,-2.6764237880706787,1.4189170598983765,2.0,1.5569653511047363,2.1581339836120605,0.0,0.0863817036151886,0.02300804853439331,0.0
11.14,-2.6608500480651855,1.4404995441436768,2.0,1.5578159093856812,2.1583468914031982,0.0,0.08375057578086853,0.01955270767211914,0.0
11.15,-2.6452674865722656,1.4620842933654785,2.0,1.5586402416229248,2.158524990081787,0.0,0.08112376928329468,0.016092658042907715,0.0
11.16,-2.629676342010498,1.4836711883544922,2.0,1.5594385862350464,2.1586685180664062,0.0,0.07850131392478943,0.012627869844436646,0.0
11.17,-2.6140780448913574,1.5052587985992432,2.0,1.5602104663848877,2.1587777137756348,0.0,0.07588344812393188,0.009158611297607422,0.0
11.18,-2.5984721183776855,1.5268468856811523,2.0,1.5609560012817383,2.1588518619537354,0.0,0.0732700526714325,0.005684852600097656,0.0
11.19,-2.582858085632324,1.5484368801116943,2.0,1.561675786972046,2.158891201019287,0.0,0.07066118717193604,0.002206474542617798,0.0
11.200000000000001,-2.5672378540039062,1.57002592086792,2.0,1.5623693466186523,2.15889573097229,0.0,0.06805700063705444,-0.0012761354446411133,0.0
11.21,-2.551609992980957,1.591614842414856,2.0,1.5630369186401367,2.1588656902313232,0.0,0.06545746326446533,-0.0047630369663238525,0.0
11.22,-2.5359761714935303,1.6132045984268188,2.0,1.5636787414550781,2.1588006019592285,0.0,0.06286260485649109,-0.008254319429397583,0.0
11.23,-2.5203356742858887,1.634792447090149,2.0,1.5642943382263184,2.158700466156006,0.0,0.06027260422706604,-0.011749714612960815,0.0
11.24,-2.504690170288086,1.6563786268234253,2.0,1.5648839473724365,2.1585655212402344,0.0,0.05768737196922302,-0.015249133110046387,0.0
11.25,-2.48903751373291,1.677964687347412,2.0,1.5654481649398804,2.158395528793335,0.0,0.05510702729225159,-0.01875278353691101,0.0
11.26,-2.4733800888061523,1.6995480060577393,2.0,1.5659863948822021,2.1581904888153076,0.0,0.05253162980079651,-0.022260278463363647,0.0
11.27,-2.4577174186706543,1.7211289405822754,2.0,1.5664987564086914,2.1579504013061523,0.0,0.049961209297180176,-0.02577170729637146,0.0
11.28,-2.442049264907837,1.7427082061767578,2.0,1.5669856071472168,2.15767502784729,0.0,0.0473957359790802,-0.029287099838256836,0.0
11.290000000000001,-2.4263768196105957,1.7642834186553955,2.0,1.5674467086791992,2.1573646068573,0.0,0.044835418462753296,-0.0328061580657959,0.0
11.3,-2.4107003211975098,1.7858555316925049,2.0,1.5678821802139282,2.1570188999176025,0.0,0.04228019714355469,-0.036328911781311035,0.0
11.31,-2.3950185775756836,1.8074251413345337,2.0,1.568292498588562,2.1566379070281982,0.0,0.03973010182380676,-0.03985545039176941,0.0
11.32,-2.37933349609375,1.8289895057678223,2.0,1.5686769485473633,2.156221628189087,0.0,0.03718528151512146,-0.043385475873947144,0.0
11.33,-2.363644599914551,1.8505498170852661,2.0,1.5690360069274902,2.1557703018188477,0.0,0.03464573621749878,-0.04691895842552185,0.0
11.34,-2.347951889038086,1.8721063137054443,2.0,1.5693700313568115,2.155283212661743,0.0,0.03211143612861633,-0.05045604705810547,0.0
11.35,-2.33225679397583,1.8936564922332764,2.0,1.5696783065795898,2.1547610759735107,0.0,0.029582589864730835,-0.05399641394615173,0.0
11.36,-2.3165578842163086,1.9152017831802368,2.0,1.5699613094329834,2.154203414916992,0.0,0.027059108018875122,-0.057540059089660645,0.0
11.370000000000001,-2.300856590270996,1.936741828918457,2.0,1.57021963596344,2.1536102294921875,0.0,0.02454105019569397,-0.06108704209327698,0.0
11.38,-2.2851526737213135,1.9582749605178833,2.0,1.5704524517059326,2.1529815196990967,0.0,0.02202853560447693,-0.06463712453842163,0.0
11.39,-2.2694473266601562,1.9798016548156738,2.0,1.5706599950790405,2.152317523956299,0.0,0.019521653652191162,-0.06819027662277222,0.0
11.4,-2.2537386417388916,2.0013227462768555,2.0,1.570842981338501,2.1516175270080566,0.0,0.017020195722579956,-0.07174661755561829,0.0
11.41,-2.2380294799804688,2.0228352546691895,2.0,1.571000576019287,2.1508824825286865,0.0,0.014524519443511963,-0.07530578970909119,0.0
11.42,-2.222318649291992,2.0443406105041504,2.0,1.5711331367492676,2.150111675262451,0.0,0.012034505605697632,-0.07886788249015808,0.0
11.43,-2.206605911254883,2.065838575363159,2.0,1.5712413787841797,2.1493048667907715,0.0,0.00955018401145935,-0.08243286609649658,0.0
11.44,-2.1908926963806152,2.0873279571533203,2.0,1.5713244676589966,2.1484627723693848,0.0,0.00707167387008667,-0.08600059151649475,0.0
11.450000000000001,-2.1751794815063477,2.1088082790374756,2.0,1.5713826417922974,2.147585153579712,0.0,0.004599034786224365,-0.08957093954086304,0.0
11.46,-2.1594643592834473,2.1302804946899414,2.0,1.5714163780212402,2.1466712951660156,0.0,0.002132207155227661,-0.09314402937889099,0.0
11.47,-2.143749952316284,2.151742696762085,2.0,1.571425437927246,2.145721912384033,0.0,-0.0003286600112915039,-0.09671956300735474,0.0
11.48,-2.128035545349121,2.1731953620910645,2.0,1.5714097023010254,2.1447370052337646,0.0,-0.002783536911010742,-0.10029762983322144,0.0
11.49,-2.112320899963379,2.19463849067688,2.0,1.5713698863983154,2.1437160968780518,0.0,-0.005232483148574829,-0.10387814044952393,0.0
11.5,-2.096607208251953,2.216071128845215,2.0,1.571305274963379,2.1426591873168945,0.0,-0.0076753199100494385,-0.10746094584465027,0.0
11.51,-2.080894708633423,2.237492322921753,2.0,1.5712162256240845,2.141566753387451,0.0,-0.010111987590789795,-0.11104600131511688,0.0
11.52,-2.0651822090148926,2.2589035034179688,2.0,1.5711030960083008,2.1404383182525635,0.0,-0.012542665004730225,-0.11463338136672974,0.0
11.53,-2.049471855163574,2.280302047729492,2.0,1.5709654092788696,2.1392741203308105,0.0,-0.014967024326324463,-0.11822280287742615,0.0
11.540000000000001,-2.0337629318237305,2.3016891479492188,2.0,1.5708036422729492,2.1380739212036133,0.0,-0.017385154962539673,-0.12181425094604492,0.0
11.55,-2.018054962158203,2.3230645656585693,2.0,1.570617914199829,2.1368374824523926,0.0,-0.01979711651802063,-0.12540782988071442,0.0
11.56,-2.002349376678467,2.3444271087646484,2.0,1.570407748222351,2.1355655193328857,0.0,-0.022202640771865845,-0.12900324165821075,0.0
11.57,-1.9866464138031006,2.365776300430298,2.0,1.5701736211776733,2.1342577934265137,0.0,-0.024601846933364868,-0.13260047137737274,0.0
11.58,-1.970945119857788,2.387113094329834,2.0,1.569915771484375,2.132913589477539,0.0,-0.026994705200195312,-0.13619959354400635,0.0
11.59,-1.955247163772583,2.408435583114624,2.0,1.5696337223052979,2.131533622741699,0.0,-0.02938103675842285,-0.1398003250360489,0.0
11.6,-1.9395523071289062,2.4297444820404053,2.0,1.5693280696868896,2.130117416381836,0.0,-0.031760841608047485,-0.14340274035930634,0.0
11.61,-1.9238598346710205,2.4510390758514404,2.0,1.5689986944198608,2.1286652088165283,0.0,-0.03413420915603638,-0.14700676500797272,0.0
11.620000000000001,-1.9081716537475586,2.472318649291992,2.0,1.5686454772949219,2.1271772384643555,0.0,-0.03650093078613281,-0.1506122350692749,0.0
11.63,-1.8924866914749146,2.4935829639434814,2.0,1.5682685375213623,2.125653028488159,0.0,-0.03886103630065918,-0.1542191058397293,0.0
11.64,-1.876805305480957,2.5148329734802246,2.0,1.5678682327270508,2.1240925788879395,0.0,-0.041214555501937866,-0.1578274518251419,0.0
11.65,-1.861128568649292,2.5360660552978516,2.0,1.5674443244934082,2.1224963665008545,0.0,-0.043561309576034546,-0.16143698990345,0.0
11.66,-1.8454562425613403,2.557283401489258,2.0,1.5669968128204346,2.120864152908325,0.0,-0.04590126872062683,-0.16504773497581482,0.0
11.67,-1.8297877311706543,2.578484535217285,2.0,1.5665264129638672,2.1191954612731934,0.0,-0.04823458194732666,-0.16865971684455872,0.0
11.68,-1.8141247034072876,2.599668264389038,2.0,1.5660321712493896,2.117490768432617,0.0,-0.050560981035232544,-0.1722726672887802,0.0
11.69,-1.7984670400619507,2.6208345890045166,2.0,1.5655149221420288,2.1157500743865967,0.0,-0.05288049578666687,-0.1758866161108017,0.0
11.700000000000001,-1.7828136682510376,2.641984462738037,2.0,1.5649747848510742,2.1139729022979736,0.0,-0.055193156003952026,-0.17950159311294556,0.0
11.71,-1.7671667337417603,2.6631152629852295,2.0,1.5644112825393677,2.1121597290039062,0.0,-0.05749884247779846,-0.1831173449754715,0.0
11.72,-1.7515254020690918,2.68422794342041,2.0,1.5638245344161987,2.1103105545043945,0.0,-0.05979752540588379,-0.1867338865995407,0.0
11.73,-1.7358893156051636,2.705322742462158,2.0,1.5632152557373047,2.1084249019622803,0.0,-0.06208926439285278,-0.1903512179851532,0.0
11.74,-1.7202601432800293,2.7263972759246826,2.0,1.5625829696655273,2.106503486633301,0.0,-0.06437385082244873,-0.19396908581256866,0.0
11.75,-1.7046372890472412,2.747452735900879,2.0,1.5619277954101562,2.1045455932617188,0.0,-0.0666513741016388,-0.19758754968643188,0.0
11.76,-1.6890207529067993,2.768489360809326,2.0,1.5612499713897705,2.1025514602661133,0.0,-0.0689217746257782,-0.20120659470558167,0.0
11.77,-1.67341148853302,2.7895050048828125,2.0,1.560549259185791,2.1005213260650635,0.0,-0.07118496298789978,-0.20482595264911652,0.0
11.78,-1.6578094959259033,2.810500383377075,2.0,1.559826135635376,2.0984549522399902,0.0,-0.07344090938568115,-0.2084456980228424,0.0
11.790000000000001,-1.6422138214111328,2.831475257873535,2.0,1.5590806007385254,2.0963521003723145,0.0,-0.07568967342376709,-0.21206581592559814,0.0
11.8,-1.6266268491744995,2.852428436279297,2.0,1.5583124160766602,2.0942134857177734,0.0,-0.07793107628822327,-0.21568599343299866,0.0
11.81,-1.611047625541687,2.8733596801757812,2.0,1.5575217008590698,2.092038631439209,0.0,-0.08016514778137207,-0.2193063497543335,0.0
11.82,-1.5954755544662476,2.894270420074463,2.0,1.5567091703414917,2.089827060699463,0.0,-0.08239191770553589,-0.22292686998844147,0.0
11.83,-1.5799126625061035,2.9151575565338135,2.0,1.5558741092681885,2.0875797271728516,0.0,-0.08461117744445801,-0.22654728591442108,0.0
11.84,-1.564358115196228,2.9360222816467285,2.0,1.5550167560577393,2.085296392440796,0.0,-0.08682301640510559,-0.23016756772994995,0.0
11.85,-1.5488113164901733,2.956864356994629,2.0,1.5541377067565918,2.0829761028289795,0.0,-0.08902746438980103,-0.23378780484199524,0.0
11.86,-1.5332742929458618,2.9776830673217773,2.0,1.5532362461090088,2.080620288848877,0.0,-0.0912243127822876,-0.23740777373313904,0.0
11.870000000000001,-1.5177464485168457,2.9984772205352783,2.0,1.552312970161438,2.078227996826172,0.0,-0.09341362118721008,-0.24102741479873657,0.0
11.88,-1.5022271871566772,3.0192484855651855,2.0,1.5513681173324585,2.0757994651794434,0.0,-0.09559538960456848,-0.24464672803878784,0.0
11.89,-1.4867182970046997,3.039994239807129,2.0,1.550401210784912,2.0733349323272705,0.0,-0.09776943922042847,-0.2482655644416809,0.0
11.9,-1.4712191820144653,3.060715436935425,2.0,1.549412488937378,2.0708343982696533,0.0,-0.0999358594417572,-0.251883864402771,0.0
11.91,-1.4557288885116577,3.0814120769500732,2.0,1.5484024286270142,2.0682971477508545,0.0,-0.10209468007087708,-0.2555016279220581,0.0
11.92,-1.4402501583099365,3.1020824909210205,2.0,1.5473706722259521,2.0657238960266113,0.0,-0.10424566268920898,-0.2591186463832855,0.0
11.93,-1.4247816801071167,3.1227269172668457,2.0,1.5463173389434814,2.063114881515503,0.0,-0.1063888669013977,-0.26273494958877563,0.0
11.94,-1.4093230962753296,3.143345832824707,2.0,1.5452429056167603,2.060469150543213,0.0,-0.10852435231208801,-0.26635050773620605,0.0
11.950000000000001,-1.3938758373260498,3.1639373302459717,2.0,1.5441468954086304,2.0577876567840576,0.0,-0.11065196990966797,-0.2699650526046753,0.0
11.96,-1.378440022468567,3.184501886367798,2.0,1.5430296659469604,2.055069923400879,0.0,-0.1127716600894928,-0.2735787034034729,0.0
11.97,-1.3630141019821167,3.2050397396087646,2.0,1.5418915748596191,2.0523157119750977,0.0,-0.11488360166549683,-0.2771914005279541,0.0
11.98,-1.3476003408432007,3.2255499362945557,2.0,1.5407323837280273,2.049525737762451,0.0,-0.11698755621910095,-0.28080296516418457,0.0
11.99,-1.3321996927261353,3.246030807495117,2.0,1.5395517349243164,2.0466997623443604,0.0,-0.11908334493637085,-0.2844131886959076,0.0
12.0,-1.3168092966079712,3.266484498977661,2.0,1.5383504629135132,2.043837547302246,0.0,-0.12117135524749756,-0.28802233934402466,0.0
12.01,-1.3014308214187622,3.2869091033935547,2.0,1.5371284484863281,2.0409388542175293,0.0,-0.12325134873390198,-0.2916301190853119,0.0
12.02,-1.2860667705535889,3.3073034286499023,2.0,1.535885214805603,2.0380048751831055,0.0,-0.12532302737236023,-0.29523634910583496,0.0
12.030000000000001,-1.2707128524780273,3.327669620513916,2.0,1.5346219539642334,2.0350341796875,0.0,-0.12738686800003052,-0.29884132742881775,0.0
12.040000000000001,-1.255372405052185,3.348006010055542,2.0,1.5333378314971924,2.03202748298645,0.0,-0.12944254279136658,-0.3024446964263916,0.0
12.05,-1.2400461435317993,3.3683106899261475,2.0,1.5320327281951904,2.0289852619171143,0.0,-0.1314898431301117,-0.3060463070869446,0.0
12.06,-1.2247315645217896,3.3885860443115234,2.0,1.530707836151123,2.025906562805176,0.0,-0.1335291564464569,-0.3096463978290558,0.0
12.07,-1.20943021774292,3.408830404281616,2.0,1.529362440109253,2.022791862487793,0.0,-0.1355602741241455,-0.31324464082717896,0.0
12.08,-1.1941441297531128,3.429042100906372,2.0,1.5279964208602905,2.019641876220703,0.0,-0.1375828981399536,-0.3168409466743469,0.0
12.09,-1.1788702011108398,3.449223756790161,2.0,1.5266106128692627,2.0164551734924316,0.0,-0.13959747552871704,-0.3204355239868164,0.0
12.1,-1.1636101007461548,3.4693729877471924,2.0,1.5252047777175903,2.013232469558716,0.0,-0.14160370826721191,-0.32402804493904114,0.0
12.11,-1.1483662128448486,3.4894886016845703,2.0,1.5237784385681152,2.009974718093872,0.0,-0.14360138773918152,-0.32761839032173157,0.0
12.120000000000001,-1.1331346035003662,3.509572744369507,2.0,1.5223325490951538,2.0066802501678467,0.0,-0.14559093117713928,-0.331206738948822,0.0
12.13,-1.117917537689209,3.5296237468719482,2.0,1.5208667516708374,2.003349781036377,0.0,-0.14757204055786133,-0.3347928524017334,0.0
12.14,-1.1027171611785889,3.549639940261841,2.0,1.5193809270858765,1.9999843835830688,0.0,-0.14954453706741333,-0.338376522064209,0.0
12.15,-1.0875300168991089,3.5696237087249756,2.0,1.5178757905960083,1.9965825080871582,0.0,-0.15150874853134155,-0.34195804595947266,0.0
12.16,-1.0723581314086914,3.589573383331299,2.0,1.5163511037826538,1.9931447505950928,0.0,-0.1534644365310669,-0.34553712606430054,0.0
12.17,-1.0572030544281006,3.6094870567321777,2.0,1.5148062705993652,1.9896718263626099,0.0,-0.15541145205497742,-0.34911349415779114,0.0
12.18,-1.0420618057250977,3.6293673515319824,2.0,1.513242483139038,1.986162543296814,0.0,-0.15735012292861938,-0.3526874780654907,0.0
12.19,-1.0269361734390259,3.64921236038208,2.0,1.5116596221923828,1.9826173782348633,0.0,-0.1592802107334137,-0.3562588095664978,0.0
12.200000000000001,-1.0118284225463867,3.669019937515259,2.0,1.5100568532943726,1.9790374040603638,0.0,-0.16120147705078125,-0.3598272502422333,0.0
12.21,-0.9967352151870728,3.688793182373047,2.0,1.5084352493286133,1.9754210710525513,0.0,-0.1631142795085907,-0.36339297890663147,0.0
12.22,-0.981657862663269,3.7085301876068115,2.0,1.5067946910858154,1.9717689752578735,0.0,-0.1650184988975525,-0.36695587635040283,0.0
12.23,-0.9665993452072144,3.728228807449341,2.0,1.5051347017288208,1.9680819511413574,0.0,-0.16691377758979797,-0.37051570415496826,0.0
12.24,-0.9515553712844849,3.747891902923584,2.0,1.5034562349319458,1.9643588066101074,0.0,-0.16880056262016296,-0.3740726411342621,0.0
12.25,-0.9365279674530029,3.767517328262329,2.0,1.5017589330673218,1.9605998992919922,0.0,-0.17067861557006836,-0.3776264786720276,0.0
12.26,-0.9215202331542969,3.787104606628418,2.0,1.50004243850708,1.9568061828613281,0.0,-0.17254766821861267,-0.38117697834968567,0.0
12.27,-0.9065275192260742,3.8066539764404297,2.0,1.498307704925537,1.9529764652252197,0.0,-0.1744081676006317,-0.38472437858581543,0.0
12.280000000000001,-0.8915520906448364,3.8261659145355225,2.0,1.4965546131134033,1.9491112232208252,0.0,-0.1762598156929016,-0.38826853036880493,0.0
12.290000000000001,-0.8765963315963745,3.8456368446350098,2.0,1.4947824478149414,1.9452111721038818,0.0,-0.17810243368148804,-0.39180904626846313,0.0
12.3,-0.8616563081741333,3.865070104598999,2.0,1.4929922819137573,1.9412750005722046,0.0,-0.17993640899658203,-0.3953463137149811,0.0
12.31,-0.8467344045639038,3.8844637870788574,2.0,1.491183876991272,1.9373035430908203,0.0,-0.1817615032196045,-0.3988800048828125,0.0
12.32,-0.8318326473236084,3.9038166999816895,2.0,1.4893569946289062,1.9332973957061768,0.0,-0.18357744812965393,-0.40240997076034546,0.0
12.33,-0.816947340965271,3.923130512237549,2.0,1.487512230873108,1.929255485534668,0.0,-0.18538466095924377,-0.4059363603591919,0.0
12.34,-0.8020806312561035,3.9424033164978027,2.0,1.4856494665145874,1.9251781702041626,0.0,-0.18718290328979492,-0.4094589948654175,0.0
12.35,-0.7872345447540283,3.9616336822509766,2.0,1.483768343925476,1.9210662841796875,0.0,-0.18897196650505066,-0.4129776358604431,0.0
12.36,-0.7724052667617798,3.9808247089385986,2.0,1.4818698167800903,1.9169186353683472,0.0,-0.19075223803520203,-0.4164925515651703,0.0
12.370000000000001,-0.7575950622558594,3.999974489212036,2.0,1.4799535274505615,1.9127358198165894,0.0,-0.19252344965934753,-0.4200034737586975,0.0
12.38,-0.742806077003479,4.01908016204834,2.0,1.478019118309021,1.9085185527801514,0.0,-0.19428539276123047,-0.4235101342201233,0.0
12.39,-0.7280346155166626,4.038145065307617,2.0,1.4760675430297852,1.9042656421661377,0.0,-0.19603848457336426,-0.4270128607749939,0.0
12.4,-0.7132828235626221,4.057167053222656,2.0,1.4740986824035645,1.899977684020996,0.0,-0.1977824568748474,-0.43051138520240784,0.0
12.41,-0.6985527276992798,4.076144695281982,2.0,1.472111701965332,1.8956555128097534,0.0,-0.19951710104942322,-0.4340054988861084,0.0
12.42,-0.6838406324386597,4.0950798988342285,2.0,1.4701080322265625,1.8912975788116455,0.0,-0.2012428343296051,-0.4374953806400299,0.0
12.43,-0.6691485643386841,4.1139726638793945,2.0,1.4680871963500977,1.8869049549102783,0.0,-0.20295938849449158,-0.4409808814525604,0.0
12.44,-0.6544787883758545,4.132818698883057,2.0,1.4660485982894897,1.8824779987335205,0.0,-0.20466652512550354,-0.4444617033004761,0.0
12.450000000000001,-0.6398277282714844,4.1516218185424805,2.0,1.4639935493469238,1.8780157566070557,0.0,-0.20636463165283203,-0.44793811440467834,0.0
12.46,-0.6251972913742065,4.170380592346191,2.0,1.4619215726852417,1.873518705368042,0.0,-0.2080535590648651,-0.45140987634658813,0.0
12.47,-0.6105893850326538,4.189092636108398,2.0,1.4598323106765747,1.8689875602722168,0.0,-0.2097330093383789,-0.45487675070762634,0.0
12.48,-0.5960006713867188,4.207760810852051,2.0,1.4577267169952393,1.8644211292266846,0.0,-0.21140342950820923,-0.45833900570869446,0.0
12.49,-0.5814328193664551,4.226382732391357,2.0,1.4556044340133667,1.8598201274871826,0.0,-0.2130645513534546,-0.4617964029312134,0.0
12.5,-0.5668885707855225,4.244957447052002,2.0,1.4534651041030884,1.8551852703094482,0.0,-0.2147161066532135,-0.465248703956604,0.0
12.51,-0.5523635149002075,4.263486862182617,2.0,1.4513098001480103,1.8505151271820068,0.0,-0.21635857224464417,-0.4686961770057678,0.0
12.52,-0.5378605127334595,4.28196907043457,2.0,1.4491381645202637,1.8458106517791748,0.0,-0.2179916799068451,-0.47213852405548096,0.0
12.530000000000001,-0.5233808755874634,4.300403118133545,2.0,1.44694983959198,1.8410724401474,0.0,-0.21961522102355957,-0.4755755662918091,0.0
12.540000000000001,-0.5089216232299805,4.318791389465332,2.0,1.444745659828186,1.836299180984497,0.0,-0.22122958302497864,-0.4790075719356537,0.0
12.55,-0.4944840669631958,4.337131023406982,2.0,1.4425256252288818,1.8314917087554932,0.0,-0.22283455729484558,-0.4824342727661133,0.0
12.56,-0.48007118701934814,4.355421543121338,2.0,1.440288782119751,1.826650619506836,0.0,-0.2244298756122589,-0.4858554005622864,0.0
12.57,-0.46567845344543457,4.373664379119873,2.0,1.4380366802215576,1.8217746019363403,0.0,-0.22601601481437683,-0.48927125334739685,0.0
12.58,-0.45130836963653564,4.391858100891113,2.0,1.435768723487854,1.8168644905090332,0.0,-0.22759267687797546,-0.4926815927028656,0.0
12.59,-0.43696320056915283,4.410001754760742,2.0,1.4334845542907715,1.8119210004806519,0.0,-0.2291596233844757,-0.4960862398147583,0.0
12.6,-0.42263877391815186,4.428096771240234,2.0,1.4311853647232056,1.8069427013397217,0.0,-0.23071730136871338,-0.4994852840900421,0.0
12.61,-0.4083375930786133,4.446142196655273,2.0,1.428870439529419,1.8019306659698486,0.0,-0.23226550221443176,-0.5028786659240723,0.0
12.620000000000001,-0.3940615653991699,4.464136123657227,2.0,1.4265398979187012,1.7968852519989014,0.0,-0.23380395770072937,-0.5062660574913025,0.0
12.63,-0.37980663776397705,4.482079982757568,2.0,1.424194097518921,1.7918052673339844,0.0,-0.23533308506011963,-0.5096476674079895,0.0
12.64,-0.36557555198669434,4.499973773956299,2.0,1.4218332767486572,1.7866915464401245,0.0,-0.23685264587402344,-0.5130233764648438,0.0
12.65,-0.3513702154159546,4.5178141593933105,2.0,1.4194568395614624,1.781544804573059,0.0,-0.23836243152618408,-0.5163928866386414,0.0
12.66,-0.33718645572662354,4.535604476928711,2.0,1.4170658588409424,1.7763638496398926,0.0,-0.239862859249115,-0.5197564959526062,0.0
12.67,-0.3230268955230713,4.553342819213867,2.0,1.4146597385406494,1.7711490392684937,0.0,-0.24135369062423706,-0.5231138467788696,0.0
12.68,-0.30889344215393066,4.571027755737305,2.0,1.4122384786605835,1.7659014463424683,0.0,-0.2428346574306488,-0.5264648795127869,0.0
12.69,-0.2947821617126465,4.5886616706848145,2.0,1.4098029136657715,1.7606197595596313,0.0,-0.24430623650550842,-0.5298097729682922,0.0
12.700000000000001,-0.2806955575942993,4.606241703033447,2.0,1.4073526859283447,1.7553045749664307,0.0,-0.24576818943023682,-0.5331482291221619,0.0
12.71,-0.26663529872894287,4.623767852783203,2.0,1.4048874378204346,1.7499568462371826,0.0,-0.2472202479839325,-0.5364800691604614,0.0
12.72,-0.2525975704193115,4.641241073608398,2.0,1.4024080038070679,1.744575023651123,0.0,-0.24866288900375366,-0.53980553150177,0.0
12.73,-0.23858511447906494,4.658660411834717,2.0,1.399914264678955,1.7391600608825684,0.0,-0.25009578466415405,-0.5431244373321533,0.0
12.74,-0.22459948062896729,4.676024913787842,2.0,1.397405982017517,1.7337125539779663,0.0,-0.2515188157558441,-0.5464364886283875,0.0
12.75,-0.21063697338104248,4.693335056304932,2.0,1.3948837518692017,1.7282311916351318,0.0,-0.2529323697090149,-0.5497419834136963,0.0
12.76,-0.196699857711792,4.710590839385986,2.0,1.3923473358154297,1.722717046737671,0.0,-0.2543361783027649,-0.5530405640602112,0.0
12.77,-0.18279027938842773,4.727789878845215,2.0,1.3897967338562012,1.7171704769134521,0.0,-0.2557300329208374,-0.5563322305679321,0.0
12.780000000000001,-0.16890418529510498,4.74493408203125,2.0,1.3872325420379639,1.71159029006958,0.0,-0.25711438059806824,-0.5596170425415039,0.0
12.790000000000001,-0.15504372119903564,4.762022972106934,2.0,1.3846546411514282,1.705977439880371,0.0,-0.2584889531135559,-0.5628947615623474,0.0
12.8,-0.1412111520767212,4.779054641723633,2.0,1.3820626735687256,1.7003324031829834,0.0,-0.2598535418510437,-0.5661653280258179,0.0
12.81,-0.1274024248123169,4.796030044555664,2.0,1.3794573545455933,1.6946539878845215,0.0,-0.26120859384536743,-0.5694288015365601,0.0
12.82,-0.11361992359161377,4.812948703765869,2.0,1.3768384456634521,1.6889431476593018,0.0,-0.262553870677948,-0.5726850628852844,0.0
12.83,-0.09986591339111328,4.829809188842773,2.0,1.3742060661315918,1.6832003593444824,0.0,-0.2638890743255615,-0.5759339332580566,0.0
12.84,-0.0861358642578125,4.846612930297852,2.0,1.3715605735778809,1.677424430847168,0.0,-0.2652147710323334,-0.5791754722595215,0.0
12.85,-0.0724325180053711,4.863358974456787,2.0,1.3689018487930298,1.6716161966323853,0.0,-0.2665305733680725,-0.5824095606803894,0.0
12.86,-0.05875802040100098,4.8800458908081055,2.0,1.366229772567749,1.665776252746582,0.0,-0.2678363621234894,-0.5856360197067261,0.0
12.870000000000001,-0.04510807991027832,4.896674633026123,2.0,1.3635449409484863,1.6599035263061523,0.0,-0.2691325545310974,-0.5888550281524658,0.0
12.88,-0.03148519992828369,4.91324520111084,2.0,1.3608472347259521,1.6539983749389648,0.0,-0.2704188823699951,-0.5920663475990295,0.0
12.89,-0.017891287803649902,4.929755210876465,2.0,1.3581364154815674,1.6480621099472046,0.0,-0.2716951370239258,-0.5952697992324829,0.0
12.9,-0.004322528839111328,4.946207046508789,2.0,1.3554131984710693,1.6420930624008179,0.0,-0.27296173572540283,-0.598465621471405,0.0
12.91,0.009219050407409668,4.9625983238220215,2.0,1.3526772260665894,1.6360920667648315,0.0,-0.27421849966049194,-0.601653516292572,0.0
12.92,0.02273094654083252,4.978929042816162,2.0,1.3499287366867065,1.6300599575042725,0.0,-0.27546513080596924,-0.6048334240913391,0.0
12.93,0.036217451095581055,4.995200157165527,2.0,1.3471678495407104,1.6239954233169556,0.0,-0.2767021358013153,-0.6080053448677063,0.0
12.94,0.04967617988586426,5.011409759521484,2.0,1.3443946838378906,1.6178991794586182,0.0,-0.2779292166233063,-0.6111692786216736,0.0
12.950000000000001,0.06310510635375977,5.027558326721191,2.0,1.341609001159668,1.611772060394287,0.0,-0.2791461944580078,-0.6143249273300171,0.0
12.96,0.07650816440582275,5.043645858764648,2.0,1.3388116359710693,1.6056126356124878,0.0,-0.28035348653793335,-0.6174724102020264,0.0
12.97,0.08988344669342041,5.059671401977539,2.0,1.336001992225647,1.599421739578247,0.0,-0.28155088424682617,-0.6206116080284119,0.0
12.98,0.10322821140289307,5.075634479522705,2.0,1.33318030834198,1.593200445175171,0.0,-0.2827380895614624,-0.6237423419952393,0.0
12.99,0.11654698848724365,5.091536045074463,2.0,1.3303470611572266,1.586946964263916,0.0,-0.283915638923645,-0.6268648505210876,0.0
13.0,0.12983715534210205,5.107374668121338,2.0,1.3275021314620972,1.5806622505187988,0.0,-0.28508323431015015,-0.6299787759780884,0.0
13.01,0.14309680461883545,5.123149871826172,2.0,1.3246452808380127,1.5743473768234253,0.0,-0.28624069690704346,-0.6330841183662415,0.0
13.02,0.15632987022399902,5.138862133026123,2.0,1.321777105331421,1.5680006742477417,0.0,-0.2873884439468384,-0.6361808776855469,0.0
13.030000000000001,0.1695343255996704,5.154510974884033,2.0,1.3188976049423218,1.561622977256775,0.0,-0.2885262370109558,-0.6392688751220703,0.0
13.040000000000001,0.1827077865600586,5.1700944900512695,2.0,1.3160063028335571,1.5552152395248413,0.0,-0.28965383768081665,-0.6423481106758118,0.0
13.05,0.19585418701171875,5.185615062713623,2.0,1.313104271888733,1.5487760305404663,0.0,-0.2907717227935791,-0.6454185843467712,0.0
13.06,0.20897185802459717,5.201071262359619,2.0,1.3101909160614014,1.5423061847686768,0.0,-0.29187965393066406,-0.6484800577163696,0.0
13.07,0.22205781936645508,5.216462135314941,2.0,1.3072664737701416,1.53580641746521,0.0,-0.29297736287117004,-0.6515325903892517,0.0
13.08,0.2351168394088745,5.231788158416748,2.0,1.3043313026428223,1.5292754173278809,0.0,-0.29406535625457764,-0.6545761227607727,0.0
13.09,0.24814653396606445,5.247048377990723,2.0,1.3013852834701538,1.5227141380310059,0.0,-0.2951434254646301,-0.6576105356216431,0.0
13.1,0.26114463806152344,5.262242317199707,2.0,1.2984282970428467,1.5161232948303223,0.0,-0.296211302280426,-0.6606357097625732,0.0
13.11,0.27411508560180664,5.277371406555176,2.0,1.295460820198059,1.5095014572143555,0.0,-0.29726940393447876,-0.6636517643928528,0.0
13.120000000000001,0.28705573081970215,5.292433261871338,2.0,1.292482852935791,1.5028493404388428,0.0,-0.2983175218105316,-0.6666585206985474,0.0
13.13,0.2999645471572876,5.307428359985352,2.0,1.289494276046753,1.4961681365966797,0.0,-0.2993554472923279,-0.6696557402610779,0.0
13.14,0.31284546852111816,5.322357654571533,2.0,1.2864954471588135,1.4894561767578125,0.0,-0.30038362741470337,-0.6726436614990234,0.0
13.15,0.32569634914398193,5.33721923828125,2.0,1.2834867238998413,1.4827145338058472,0.0,-0.3014017939567566,-0.6756220459938049,0.0
13.16,0.338515043258667,5.352011680603027,2.0,1.2804672718048096,1.4759438037872314,0.0,-0.3024097979068756,-0.6785908341407776,0.0
13.17,0.35130560398101807,5.3667378425598145,2.0,1.2774382829666138,1.4691426753997803,0.0,-0.30340802669525146,-0.6815500259399414,0.0
13.18,0.36406588554382324,5.3813958168029785,2.0,1.2743992805480957,1.4623119831085205,0.0,-0.30439630150794983,-0.6844995021820068,0.0
13.19,0.3767932653427124,5.395984649658203,2.0,1.2713501453399658,1.4554526805877686,0.0,-0.3053743243217468,-0.6874390840530396,0.0
13.200000000000001,0.3894925117492676,5.410505294799805,2.0,1.2682915925979614,1.4485632181167603,0.0,-0.30634260177612305,-0.6903690099716187,0.0
13.21,0.40216124057769775,5.424956798553467,2.0,1.2652232646942139,1.4416444301605225,0.0,-0.30730095505714417,-0.6932889223098755,0.0
13.22,0.4147968292236328,5.439338684082031,2.0,1.2621454000473022,1.4346973896026611,0.0,-0.30824902653694153,-0.6961988806724548,0.0
13.23,0.42740392684936523,5.453650951385498,2.0,1.2590581178665161,1.427720546722412,0.0,-0.3091874122619629,-0.6990988850593567,0.0
13.24,0.43998003005981445,5.467894077301025,2.0,1.2559616565704346,1.4207146167755127,0.0,-0.3101157546043396,-0.701988697052002,0.0
13.25,0.452522873878479,5.482065677642822,2.0,1.252855658531189,1.4136806726455688,0.0,-0.3110339343547821,-0.7048683762550354,0.0
13.26,0.4650369882583618,5.49616813659668,2.0,1.2497408390045166,1.4066171646118164,0.0,-0.31194236874580383,-0.7077378630638123,0.0
13.27,0.4775198698043823,5.510199069976807,2.0,1.2466168403625488,1.3995251655578613,0.0,-0.3128408193588257,-0.7105970978736877,0.0
13.280000000000001,0.4899691343307495,5.524158954620361,2.0,1.2434839010238647,1.3924052715301514,0.0,-0.31372904777526855,-0.7134458422660828,0.0
13.290000000000001,0.5023891925811768,5.538047790527344,2.0,1.240342140197754,1.3852561712265015,0.0,-0.31460756063461304,-0.7162842750549316,0.0
13.3,0.5147781372070312,5.551865100860596,2.0,1.2371916770935059,1.378078818321228,0.0,-0.31547611951828003,-0.7191121578216553,0.0
13.31,0.5271328687667847,5.565609455108643,2.0,1.234032392501831,1.3708739280700684,0.0,-0.31633445620536804,-0.7219295501708984,0.0
13.32,0.5394583940505981,5.579282760620117,2.0,1.2308648824691772,1.3636400699615479,0.0,-0.31718307733535767,-0.7247362732887268,0.0
13.33,0.5517523288726807,5.592883110046387,2.0,1.2276887893676758,1.3563783168792725,0.0,-0.3180217742919922,-0.7275324463844299,0.0
13.34,0.5640119314193726,5.606410503387451,2.0,1.2245043516159058,1.3490893840789795,0.0,-0.31885021924972534,-0.7303177118301392,0.0
13.35,0.5762420892715454,5.619865417480469,2.0,1.2213115692138672,1.3417719602584839,0.0,-0.3196690082550049,-0.7330923676490784,0.0
13.36,0.5884402990341187,5.633246421813965,2.0,1.2181107997894287,1.334426760673523,0.0,-0.32047784328460693,-0.7358559966087341,0.0
13.370000000000001,0.6006041765213013,5.646554470062256,2.0,1.2149019241333008,1.327054738998413,0.0,-0.3212764859199524,-0.738608717918396,0.0
13.38,0.6127381324768066,5.659788608551025,2.0,1.2116851806640625,1.3196545839309692,0.0,-0.32206547260284424,-0.741350531578064,0.0
13.39,0.6248399019241333,5.672948360443115,2.0,1.2084606885910034,1.3122270107269287,0.0,-0.3228444755077362,-0.7440813183784485,0.0
13.4,0.6369071006774902,5.686032772064209,2.0,1.2052280902862549,1.3047728538513184,0.0,-0.32361334562301636,-0.7468008399009705,0.0
13.41,0.6489442586898804,5.6990437507629395,2.0,1.2019882202148438,1.2972908020019531,0.0,-0.3243725299835205,-0.749509334564209,0.0
13.42,0.6609489917755127,5.711979866027832,2.0,1.1987407207489014,1.2897818088531494,0.0,-0.32512179017066956,-0.752206563949585,0.0
13.43,0.6729187965393066,5.72484016418457,2.0,1.1954854726791382,1.282246708869934,0.0,-0.3258609175682068,-0.7548924684524536,0.0
13.44,0.6848584413528442,5.7376251220703125,2.0,1.192223310470581,1.274683952331543,0.0,-0.3265904188156128,-0.7575669884681702,0.0
13.450000000000001,0.6967653036117554,5.750334739685059,2.0,1.1889537572860718,1.267094612121582,0.0,-0.3273099660873413,-0.7602301239967346,0.0
13.46,0.7086372375488281,5.762967586517334,2.0,1.1856768131256104,1.259479284286499,0.0,-0.3280194103717804,-0.7628817558288574,0.0
13.47,0.7204786539077759,5.775524139404297,2.0,1.182393193244934,1.251836895942688,0.0,-0.32871925830841064,-0.7655218839645386,0.0
13.48,0.7322871685028076,5.7880048751831055,2.0,1.1791024208068848,1.2441680431365967,0.0,-0.3294092118740082,-0.7681504487991333,0.0
13.49,0.7440603971481323,5.800407886505127,2.0,1.175804853439331,1.236473798751831,0.0,-0.3300890326499939,-0.7707672119140625,0.0
13.5,0.7558029890060425,5.812735080718994,2.0,1.1725006103515625,1.228752613067627,0.0,-0.3307592570781708,-0.7733724117279053,0.0
13.51,0.7675124406814575,5.824984073638916,2.0,1.169189691543579,1.2210055589675903,0.0,-0.3314196765422821,-0.7759657502174377,0.0
13.52,0.779186487197876,5.837155342102051,2.0,1.1658719778060913,1.213233232498169,0.0,-0.3320699632167816,-0.7785471677780151,0.0
13.530000000000001,0.7908296585083008,5.849248886108398,2.0,1.1625480651855469,1.2054345607757568,0.0,-0.3327106833457947,-0.781116783618927,0.0
13.540000000000001,0.8024396300315857,5.861264705657959,2.0,1.1592178344726562,1.1976101398468018,0.0,-0.3333416283130646,-0.7836744785308838,0.0
13.55,0.8140137791633606,5.873201370239258,2.0,1.1558810472488403,1.1897609233856201,0.0,-0.33396244049072266,-0.7862200736999512,0.0
13.56,0.8255568742752075,5.8850603103637695,2.0,1.1525382995605469,1.1818857192993164,0.0,-0.33457374572753906,-0.7887536287307739,0.0
13.57,0.837066650390625,5.8968400955200195,2.0,1.1491895914077759,1.1739850044250488,0.0,-0.3351752758026123,-0.7912750840187073,0.0
13.58,0.8485404253005981,5.908539772033691,2.0,1.1458346843719482,1.166060209274292,0.0,-0.3357667624950409,-0.7937842607498169,0.0
13.59,0.859982967376709,5.920161247253418,2.0,1.1424740552902222,1.1581093072891235,0.0,-0.3363487124443054,-0.7962812185287476,0.0
13.6,0.8713918924331665,5.931703090667725,2.0,1.1391077041625977,1.1501336097717285,0.0,-0.33692091703414917,-0.7987658977508545,0.0
13.61,0.8827648758888245,5.943164348602295,2.0,1.1357355117797852,1.1421339511871338,0.0,-0.33748313784599304,-0.8012381792068481,0.0
13.620000000000001,0.8941065073013306,5.954545974731445,2.0,1.1323577165603638,1.1341087818145752,0.0,-0.3380358815193176,-0.8036980628967285,0.0
13.63,0.9054141044616699,5.965847015380859,2.0,1.1289746761322021,1.1260590553283691,0.0,-0.33857887983322144,-0.8061454892158508,0.0
13.64,0.9166856408119202,5.977067947387695,2.0,1.1255861520767212,1.1179858446121216,0.0,-0.33911192417144775,-0.8085802793502808,0.0
13.65,0.9279256463050842,5.9882073402404785,2.0,1.1221922636032104,1.1098874807357788,0.0,-0.3396355211734772,-0.8110025525093079,0.0
13.66,0.9391316175460815,5.999265670776367,2.0,1.1187934875488281,1.1017649173736572,0.0,-0.3401494324207306,-0.813412070274353,0.0
13.67,0.9503010511398315,6.010242462158203,2.0,1.115389108657837,1.0936191082000732,0.0,-0.34065335988998413,-0.8158090114593506,0.0
13.68,0.9614390134811401,6.021139144897461,2.0,1.1119801998138428,1.0854486227035522,0.0,-0.34114792943000793,-0.8181931376457214,0.0
13.69,0.9725427627563477,6.031952857971191,2.0,1.1085660457611084,1.0772544145584106,0.0,-0.3416328430175781,-0.8205643892288208,0.0
13.700000000000001,0.9836100935935974,6.042684555053711,2.0,1.105147361755371,1.0690373182296753,0.0,-0.342107892036438,-0.8229228258132935,0.0
13.71,0.9946454763412476,6.053333282470703,2.0,1.1017239093780518,1.0607959032058716,0.0,-0.3425735831260681,-0.8252682685852051,0.0
13.72,1.0056465864181519,6.063900470733643,2.0,1.0982956886291504,1.052531123161316,0.0,-0.34302961826324463,-0.8276008367538452,0.0
13.73,1.016611099243164,6.074384689331055,2.0,1.094862937927246,1.0442438125610352,0.0,-0.3434758186340332,-0.8299202919006348,0.0
13.74,1.027543544769287,6.084785461425781,2.0,1.091426134109497,1.0359325408935547,0.0,-0.34391269087791443,-0.8322266340255737,0.0
13.75,1.0384416580200195,6.095103740692139,2.0,1.0879848003387451,1.02759850025177,0.0,-0.3443400263786316,-0.8345198631286621,0.0
13.76,1.0493029356002808,6.105338096618652,2.0,1.0845390558242798,1.0192421674728394,0.0,-0.3447575271129608,-0.8367998003959656,0.0
13.77,1.0601321458816528,6.115488529205322,2.0,1.0810892581939697,1.0108623504638672,0.0,-0.34516575932502747,-0.8390666246414185,0.0
13.780000000000001,1.0709269046783447,6.125555992126465,2.0,1.077635645866394,1.00246000289917,0.0,-0.34556448459625244,-0.8413200378417969,0.0
13.790000000000001,1.0816845893859863,6.135538101196289,2.0,1.0741779804229736,0.9940358996391296,0.0,-0.34595340490341187,-0.8435600399971008,0.0
13.8,1.0924100875854492,6.145437240600586,2.0,1.0707166194915771,0.9855886697769165,0.0,-0.3463331162929535,-0.8457868099212646,0.0
13.81,1.1031008958816528,6.1552510261535645,2.0,1.067251205444336,0.9771192669868469,0.0,-0.34670335054397583,-0.8479999303817749,0.0
13.82,1.1137547492980957,6.164979457855225,2.0,1.0637822151184082,0.9686286449432373,0.0,-0.34706389904022217,-0.8501995801925659,0.0
13.83,1.1243762969970703,6.174623489379883,2.0,1.060309886932373,0.9601151943206787,0.0,-0.3474152386188507,-0.8523856401443481,0.0
13.84,1.134963035583496,6.184182167053223,2.0,1.0568338632583618,0.9515800476074219,0.0,-0.34775716066360474,-0.8545581102371216,0.0
13.85,1.1455127000808716,6.193655490875244,2.0,1.0533545017242432,0.9430239796638489,0.0,-0.34808945655822754,-0.8567168712615967,0.0
13.86,1.1560298204421997,6.203042984008789,2.0,1.0498719215393066,0.9344456195831299,0.0,-0.34841257333755493,-0.8588618040084839,0.0
13.870000000000001,1.166512131690979,6.212345123291016,2.0,1.0463862419128418,0.9258458614349365,0.0,-0.3487263321876526,-0.8609931468963623,0.0
13.88,1.1769572496414185,6.221560478210449,2.0,1.042897343635559,0.9172256588935852,0.0,-0.3490304946899414,-0.8631105422973633,0.0
13.89,1.187369704246521,6.230689525604248,2.0,1.039405345916748,0.9085835218429565,0.0,-0.3493255376815796,-0.8652139902114868,0.0
13.9,1.1977472305297852,6.239732265472412,2.0,1.0359106063842773,0.8999204635620117,0.0,-0.3496112823486328,-0.8673036098480225,0.0
13.91,1.208087682723999,6.248688220977783,2.0,1.0324130058288574,0.8912373781204224,0.0,-0.34988752007484436,-0.8693792223930359,0.0
13.92,1.2183953523635864,6.257557392120361,2.0,1.0289127826690674,0.8825328350067139,0.0,-0.35015469789505005,-0.8714407682418823,0.0
13.93,1.228667974472046,6.266339302062988,2.0,1.0254098176956177,0.8738077282905579,0.0,-0.35041260719299316,-0.8734882473945618,0.0
13.94,1.2389030456542969,6.275033950805664,2.0,1.021904468536377,0.865062952041626,0.0,-0.3506610095500946,-0.8755216598510742,0.0
13.950000000000001,1.24910569190979,6.2836408615112305,2.0,1.0183963775634766,0.8562971949577332,0.0,-0.35090047121047974,-0.8775407075881958,0.0
13.96,1.2592730522155762,6.2921600341796875,2.0,1.0148862600326538,0.8475112915039062,0.0,-0.35113072395324707,-0.8795456886291504,0.0
13.97,1.269403100013733,6.300591468811035,2.0,1.01137375831604,0.8387061953544617,0.0,-0.3513515591621399,-0.8815363645553589,0.0
13.98,1.2795002460479736,6.308935165405273,2.0,1.0078591108322144,0.8298804759979248,0.0,-0.3515634536743164,-0.8835126161575317,0.0
13.99,1.2895623445510864,6.3171892166137695,2.0,1.0043423175811768,0.8210350871086121,0.0,-0.3517662286758423,-0.8854745626449585,0.0
14.0,1.2995867729187012,6.325355529785156,2.0,1.0008234977722168,0.8121708631515503,0.0,-0.35195958614349365,-0.8874219655990601,0.0
14.01,1.3095784187316895,6.333433151245117,2.0,0.9973030090332031,0.8032865524291992,0.0,-0.35214415192604065,-0.8893550634384155,0.0
14.02,1.3195348978042603,6.341421604156494,2.0,0.9937806725502014,0.7943829298019409,0.0,-0.3523196578025818,-0.8912734985351562,0.0
14.030000000000001,1.329453706741333,6.349321365356445,2.0,0.9902564287185669,0.7854609489440918,0.0,-0.3524857759475708,-0.8931774497032166,0.0
14.040000000000001,1.3393396139144897,6.357131481170654,2.0,0.9867308735847473,0.776519238948822,0.0,-0.3526431620121002,-0.8950667381286621,0.0
14.05,1.349190354347229,6.364851951599121,2.0,0.9832035303115845,0.767558753490448,0.0,-0.35279151797294617,-0.8969414234161377,0.0
14.06,1.3590033054351807,6.3724822998046875,2.0,0.9796748161315918,0.7585803270339966,0.0,-0.35293060541152954,-0.898801326751709,0.0
14.07,1.3687834739685059,6.38002347946167,2.0,0.9761446714401245,0.7495825886726379,0.0,-0.3530610203742981,-0.9006465077400208,0.0
14.08,1.378528356552124,6.387474536895752,2.0,0.9726134538650513,0.7405664920806885,0.0,-0.35318246483802795,-0.9024768471717834,0.0
14.09,1.3882354497909546,6.394835472106934,2.0,0.9690811038017273,0.7315329909324646,0.0,-0.3532947301864624,-0.9042923450469971,0.0
14.1,1.3979096412658691,6.402105331420898,2.0,0.9655475616455078,0.7224805951118469,0.0,-0.3533983528614044,-0.9060930609703064,0.0
14.11,1.407548427581787,6.409285068511963,2.0,0.9620129466056824,0.7134101986885071,0.0,-0.3534930944442749,-0.9078787565231323,0.0
14.120000000000001,1.4171494245529175,6.4163737297058105,2.0,0.9584774971008301,0.704322874546051,0.0,-0.35357871651649475,-0.9096494317054749,0.0
14.13,1.4267175197601318,6.423372268676758,2.0,0.9549412727355957,0.6952170729637146,0.0,-0.35365575551986694,-0.9114051461219788,0.0
14.14,1.4362502098083496,6.430278778076172,2.0,0.9514042139053345,0.6860938668251038,0.0,-0.35372400283813477,-0.9131457209587097,0.0
14.15,1.4457452297210693,6.437093734741211,2.0,0.9478665590286255,0.6769540905952454,0.0,-0.3537832200527191,-0.9148712754249573,0.0
14.16,1.4552072286605835,6.443818092346191,2.0,0.9443284273147583,0.6677963137626648,0.0,-0.3538339138031006,-0.9165816307067871,0.0
14.17,1.464633822441101,6.450450420379639,2.0,0.9407897591590881,0.6586215496063232,0.0,-0.35387587547302246,-0.9182767868041992,0.0
14.18,1.4740227460861206,6.4569902420043945,2.0,0.9372507333755493,0.6494306921958923,0.0,-0.353908896446228,-0.9199566841125488,0.0
14.19,1.4833784103393555,6.463439464569092,2.0,0.9337114691734314,0.6402223110198975,0.0,-0.3539334535598755,-0.9216213226318359,0.0
14.200000000000001,1.4926989078521729,6.469795227050781,2.0,0.9301719069480896,0.630997359752655,0.0,-0.3539493978023529,-0.923270583152771,0.0
14.21,1.5019816160202026,6.4760589599609375,2.0,0.926632285118103,0.6217567920684814,0.0,-0.353956401348114,-0.9249045252799988,0.0
14.22,1.5112311840057373,6.482230186462402,2.0,0.9230926632881165,0.6124991774559021,0.0,-0.35395506024360657,-0.926522970199585,0.0
14.23,1.520445466041565,6.488309383392334,2.0,0.9195531010627747,0.6032254695892334,0.0,-0.35394516587257385,-0.9281260967254639,0.0
14.24,1.5296218395233154,6.494295597076416,2.0,0.9160135984420776,0.5939365029335022,0.0,-0.3539263904094696,-0.9297136664390564,0.0
14.25,1.5387654304504395,6.50018835067749,2.0,0.9124743938446045,0.584631085395813,0.0,-0.35389941930770874,-0.9312856793403625,0.0
14.26,1.5478733777999878,6.505988121032715,2.0,0.9089354872703552,0.5753099918365479,0.0,-0.3538638949394226,-0.9328421354293823,0.0
14.27,1.556943655014038,6.511694431304932,2.0,0.9053969979286194,0.5659741163253784,0.0,-0.3538196384906769,-0.9343830347061157,0.0
14.280000000000001,1.5659809112548828,6.517308235168457,2.0,0.9018590450286865,0.5566221475601196,0.0,-0.35376718640327454,-0.9359081387519836,0.0
14.290000000000001,1.5749828815460205,6.522827625274658,2.0,0.8983216285705566,0.5472550392150879,0.0,-0.3537063002586365,-0.9374176859855652,0.0
14.3,1.583946943283081,6.528253078460693,2.0,0.8947847485542297,0.5378736853599548,0.0,-0.353636771440506,-0.9389114379882812,0.0
14.31,1.5928782224655151,6.533585548400879,2.0,0.8912486433982849,0.5284767150878906,0.0,-0.35355913639068604,-0.9403895139694214,0.0
14.32,1.601773977279663,6.538823127746582,2.0,0.8877133727073669,0.5190650224685669,0.0,-0.35347315669059753,-0.9418516159057617,0.0
14.33,1.610632061958313,6.543967247009277,2.0,0.8841791152954102,0.5096395611763,0.0,-0.3533785939216614,-0.9432979822158813,0.0
14.34,1.6194572448730469,6.549015998840332,2.0,0.8806456923484802,0.5001989603042603,0.0,-0.35327601432800293,-0.9447283744812012,0.0
14.35,1.6282470226287842,6.553970813751221,2.0,0.8771133422851562,0.49074408411979675,0.0,-0.3531651794910431,-0.9461429119110107,0.0
14.36,1.6369991302490234,6.558831214904785,2.0,0.8735822439193726,0.4812759757041931,0.0,-0.35304585099220276,-0.9475414752960205,0.0
14.370000000000001,1.6457182168960571,6.563596248626709,2.0,0.8700523972511292,0.47179311513900757,0.0,-0.3529185652732849,-0.9489240646362305,0.0
14.38,1.6544021368026733,6.568266868591309,2.0,0.866523802280426,0.46229657530784607,0.0,-0.35278311371803284,-0.9502905607223511,0.0
14.39,1.663048267364502,6.572842597961426,2.0,0.8629965782165527,0.4527871906757355,0.0,-0.35263925790786743,-0.9516410827636719,0.0
14.4,1.671661615371704,6.577322959899902,2.0,0.8594708442687988,0.44326359033584595,0.0,-0.3524875342845917,-0.952975332736969,0.0
14.41,1.6802396774291992,6.581707954406738,2.0,0.8559466600418091,0.43372678756713867,0.0,-0.35232776403427124,-0.9542936086654663,0.0
14.42,1.6887801885604858,6.585997581481934,2.0,0.852424144744873,0.4241776466369629,0.0,-0.35215964913368225,-0.9555956125259399,0.0
14.43,1.6972877979278564,6.590191841125488,2.0,0.8489033579826355,0.41461479663848877,0.0,-0.35198378562927246,-0.9568814039230347,0.0
14.44,1.7057602405548096,6.594289779663086,2.0,0.8453842401504517,0.40503913164138794,0.0,-0.3517999053001404,-0.9581509828567505,0.0
14.450000000000001,1.7141951322555542,6.598292827606201,2.0,0.8418672680854797,0.3954516649246216,0.0,-0.3516077995300293,-0.9594042301177979,0.0
14.46,1.7225971221923828,6.602199077606201,2.0,0.8383520841598511,0.3858509063720703,0.0,-0.3514080047607422,-0.9606412053108215,0.0
14.47,1.7309640645980835,6.6060099601745605,2.0,0.8348389267921448,0.3762378692626953,0.0,-0.3512003421783447,-0.9618618488311768,0.0
14.48,1.7392935752868652,6.609724044799805,2.0,0.8313279747962952,0.366613507270813,0.0,-0.35098451375961304,-0.9630661010742188,0.0
14.49,1.7475903034210205,6.61334228515625,2.0,0.8278191089630127,0.3569764196872711,0.0,-0.3507611155509949,-0.9642539024353027,0.0
14.5,1.7558519840240479,6.61686372756958,2.0,0.8243125081062317,0.3473275303840637,0.0,-0.35052990913391113,-0.9654252529144287,0.0
14.51,1.7640762329101562,6.620289325714111,2.0,0.820808470249176,0.3376678228378296,0.0,-0.3502906560897827,-0.9665801525115967,0.0
14.52,1.7722675800323486,6.623617172241211,2.0,0.8173065185546875,0.32799577713012695,0.0,-0.3500438928604126,-0.9677184820175171,0.0
14.530000000000001,1.7804241180419922,6.626849174499512,2.0,0.8138072490692139,0.31831252574920654,0.0,-0.34978944063186646,-0.9688403010368347,0.0
14.540000000000001,1.788543462753296,6.629983901977539,2.0,0.8103106617927551,0.3086188733577728,0.0,-0.3495270609855652,-0.9699455499649048,0.0
14.55,1.7966300249099731,6.633021354675293,2.0,0.8068167567253113,0.29891353845596313,0.0,-0.3492572605609894,-0.9710341691970825,0.0
14.56,1.804681658744812,6.635962009429932,2.0,0.803325355052948,0.28919729590415955,0.0,-0.3489798307418823,-0.9721060991287231,0.0
14.57,1.812696099281311,6.638805389404297,2.0,0.7998369932174683,0.279471218585968,0.0,-0.3486945629119873,-0.9731614589691162,0.0
14.58,1.8206779956817627,6.641551494598389,2.0,0.7963513731956482,0.26973390579223633,0.0,-0.3484019935131073,-0.9742000102996826,0.0
14.59,1.8286250829696655,6.644200325012207,2.0,0.7928687334060669,0.25998637080192566,0.0,-0.3481019139289856,-0.9752219319343567,0.0
14.6,1.8365349769592285,6.646751403808594,2.0,0.7893892526626587,0.2502293586730957,0.0,-0.3477940559387207,-0.9762270450592041,0.0
14.61,1.8444123268127441,6.649204730987549,2.0,0.7859127521514893,0.24046161770820618,0.0,-0.3474790155887604,-0.9772153496742249,0.0
14.620000000000001,1.8522552251815796,6.6515607833862305,2.0,0.7824394702911377,0.23068416118621826,0.0,-0.3471565842628479,-0.9781869053840637,0.0
14.63,1.860060691833496,6.653818130493164,2.0,0.7789695262908936,0.22089779376983643,0.0,-0.346826434135437,-0.9791415333747864,0.0
14.64,1.8678340911865234,6.655978679656982,2.0,0.7755028605461121,0.21110114455223083,0.0,-0.34648922085762024,-0.9800792932510376,0.0
14.65,1.8755728006362915,6.658040523529053,2.0,0.772039532661438,0.20129528641700745,0.0,-0.3461446762084961,-0.9810001850128174,0.0
14.66,1.8832745552062988,6.660004615783691,2.0,0.76857990026474,0.19148105382919312,0.0,-0.34579259157180786,-0.981904149055481,0.0
14.67,1.890944004058838,6.661870002746582,2.0,0.7651235461235046,0.18165704607963562,0.0,-0.3454335331916809,-0.9827911853790283,0.0
14.68,1.8985788822174072,6.663637638092041,2.0,0.7616708874702454,0.17182430624961853,0.0,-0.34506720304489136,-0.9836611747741699,0.0
14.69,1.906177043914795,6.66530704498291,2.0,0.758222222328186,0.16198375821113586,0.0,-0.34469348192214966,-0.9845141172409058,0.0
14.700000000000001,1.913743019104004,6.666877746582031,2.0,0.7547770738601685,0.15213391184806824,0.0,-0.3443128168582916,-0.9853500723838806,0.0
14.71,1.9212744235992432,6.668349742889404,2.0,0.7513356804847717,0.14227581024169922,0.0,-0.3439250588417053,-0.9861689805984497,0.0
14.72,1.9287693500518799,6.669723033905029,2.0,0.747898519039154,0.13241040706634521,0.0,-0.34352993965148926,-0.9869707822799683,0.0
14.73,1.9362319707870483,6.6709980964660645,2.0,0.7444649934768677,0.12253627181053162,0.0,-0.3431280553340912,-0.9877554774284363,0.0
14.74,1.9436604976654053,6.672173500061035,2.0,0.7410356998443604,0.11265438795089722,0.0,-0.3427191376686096,-0.988523006439209,0.0
14.75,1.9510524272918701,6.673251152038574,2.0,0.7376105785369873,0.10276567935943604,0.0,-0.34230300784111023,-0.9892734885215759,0.0
14.76,1.9584122896194458,6.674229145050049,2.0,0.7341895699501038,0.09286877512931824,0.0,-0.341880202293396,-0.990006685256958,0.0
14.77,1.96573805809021,6.675108432769775,2.0,0.7307727932929993,0.08296462893486023,0.0,-0.34145045280456543,-0.99072265625,0.0
14.780000000000001,1.973027229309082,6.675888538360596,2.0,0.7273604273796082,0.07305416464805603,0.0,-0.3410135805606842,-0.9914213418960571,0.0
14.790000000000001,1.9802846908569336,6.676568984985352,2.0,0.7239524126052856,0.06313607096672058,0.0,-0.3405701518058777,-0.992102861404419,0.0
14.8,1.9875082969665527,6.677151203155518,2.0,0.7205488085746765,0.053211212158203125,0.0,-0.3401198983192444,-0.9927670955657959,0.0
14.81,1.9946954250335693,6.677634239196777,2.0,0.7171498537063599,0.043280601501464844,0.0,-0.33966267108917236,-0.993414044380188,0.0
14.82,2.0018508434295654,6.678016662597656,2.0,0.7137554883956909,0.03334280848503113,0.0,-0.3391989469528198,-0.9940435886383057,0.0
14.83,2.008972406387329,6.678300857543945,2.0,0.7103657722473145,0.02339881658554077,0.0,-0.33872854709625244,-0.9946557879447937,0.0
14.84,2.0160577297210693,6.678484916687012,2.0,0.7069807648658752,0.013449549674987793,0.0,-0.3382512032985687,-0.9952507019042969,0.0
14.85,2.023111581802368,6.678569316864014,2.0,0.7036005854606628,0.0034936368465423584,0.0,-0.3377675414085388,-0.9958281517028809,0.0
14.86,2.0301315784454346,6.678554534912109,2.0,0.7002252340316772,-0.006467908620834351,0.0,-0.33727729320526123,-0.9963881969451904,0.0
14.870000000000001,2.0371155738830566,6.678440570831299,2.0,0.6968550086021423,-0.01643422245979309,0.0,-0.33678022027015686,-0.9969309568405151,0.0
14.88,2.0440680980682373,6.678225517272949,2.0,0.6934894919395447,-0.02640664577484131,0.0,-0.33627691864967346,-0.9974560737609863,0.0
14.89,2.0509872436523438,6.677911758422852,2.0,0.6901291608810425,-0.036384254693984985,0.0,-0.33576714992523193,-0.9979637861251831,0.0
14.9,2.057870388031006,6.6774983406066895,2.0,0.6867741346359253,-0.0463661253452301,0.0,-0.33525073528289795,-0.9984540939331055,0.0
14.91,2.0647222995758057,6.676984786987305,2.0,0.6834241151809692,-0.056353479623794556,0.0,-0.3347281217575073,-0.9989267587661743,0.0
14.92,2.071540594100952,6.676370620727539,2.0,0.6800792813301086,-0.06634551286697388,0.0,-0.3341991901397705,-0.9993820190429688,0.0
14.93,2.0783233642578125,6.675658226013184,2.0,0.6767400503158569,-0.07634130120277405,0.0,-0.3336637020111084,-0.9998196363449097,0.0
14.94,2.0850749015808105,6.674843788146973,2.0,0.6734060049057007,-0.08634206652641296,0.0,-0.3331221640110016,-1.0002397298812866,0.0
14.950000000000001,2.0917932987213135,6.673930644989014,2.0,0.670077383518219,-0.09634697437286377,0.0,-0.33257442712783813,-1.00064218044281,0.0
14.96,2.0984761714935303,6.672917366027832,2.0,0.6667543649673462,-0.10635504126548767,0.0,-0.33202019333839417,-1.001027226448059,0.0
14.97,2.1051278114318848,6.671803951263428,2.0,0.6634368896484375,-0.11636766791343689,0.0,-0.33146005868911743,-1.001394510269165,0.0
14.98,2.1117467880249023,6.670589447021484,2.0,0.6601249575614929,-0.12638387084007263,0.0,-0.3308938145637512,-1.0017441511154175,0.0
14.99,2.1183300018310547,6.669276237487793,2.0,0.6568189263343811,-0.1364026665687561,0.0,-0.3303212523460388,-1.002076268196106,0.0
15.0,2.124882698059082,6.6678619384765625,2.0,0.6535184979438782,-0.1464255154132843,0.0,-0.3297428488731384,-1.0023906230926514,0.0
15.01,2.1314022541046143,6.666347503662109,2.0,0.6502237319946289,-0.15645137429237366,0.0,-0.3291584849357605,-1.0026872158050537,0.0
15.02,2.1378865242004395,6.664732933044434,2.0,0.6469352841377258,-0.16647940874099731,0.0,-0.32856786251068115,-1.002966284751892,0.0
15.030000000000001,2.1443405151367188,6.663017749786377,2.0,0.6436523199081421,-0.17651090025901794,0.0,-0.3279716372489929,-1.0032274723052979,0.0
15.040000000000001,2.150761604309082,6.661202430725098,2.0,0.6403754949569702,-0.18654489517211914,0.0,-0.32736945152282715,-1.0034711360931396,0.0
15.05,2.1571474075317383,6.6592864990234375,2.0,0.6371049880981445,-0.1965804398059845,0.0,-0.3267611861228943,-1.0036970376968384,0.0
15.06,2.1635031700134277,6.657270431518555,2.0,0.6338402032852173,-0.20661893486976624,0.0,-0.3261473774909973,-1.0039050579071045,0.0
15.07,2.1698262691497803,6.655153751373291,2.0,0.6305816769599915,-0.21665948629379272,0.0,-0.32552778720855713,-1.004095435142517,0.0
15.08,2.176114559173584,6.652937412261963,2.0,0.6273296475410461,-0.226701021194458,0.0,-0.3249022364616394,-1.0042680501937866,0.0
15.09,2.1823723316192627,6.6506195068359375,2.0,0.6240836381912231,-0.2367449700832367,0.0,-0.32427123188972473,-1.004422664642334,0.0
15.1,2.188598155975342,6.648201942443848,2.0,0.6208438277244568,-0.24679034948349,0.0,-0.32363462448120117,-1.0045597553253174,0.0
15.11,2.194788694381714,6.645684242248535,2.0,0.6176108717918396,-0.25683626532554626,0.0,-0.32299208641052246,-1.0046789646148682,0.0
15.120000000000001,2.2009496688842773,6.643065452575684,2.0,0.6143840551376343,-0.26688411831855774,0.0,-0.3223443031311035,-1.0047802925109863,0.0
15.13,2.207078456878662,6.640345573425293,2.0,0.6111635565757751,-0.27693283557891846,0.0,-0.3216909170150757,-1.0048637390136719,0.0
15.14,2.213172435760498,6.6375274658203125,2.0,0.6079502105712891,-0.2869815230369568,0.0,-0.3210318386554718,-1.004929542541504,0.0
15.15,2.2192368507385254,6.63460636138916,2.0,0.6047429442405701,-0.29703155159950256,0.0,-0.32036757469177246,-1.0049772262573242,0.0
15.16,2.225269317626953,6.631585597991943,2.0,0.6015425324440002,-0.307081937789917,0.0,-0.31969785690307617,-1.0050071477890015,0.0
15.17,2.2312674522399902,6.628465175628662,2.0,0.5983490347862244,-0.31713181734085083,0.0,-0.31902259588241577,-1.0050193071365356,0.0
15.18,2.2372355461120605,6.625243186950684,2.0,0.595162034034729,-0.32718244194984436,0.0,-0.3183422088623047,-1.0050134658813477,0.0
15.19,2.2431724071502686,6.621920585632324,2.0,0.5919818878173828,-0.3372330665588379,0.0,-0.317656546831131,-1.0049898624420166,0.0
15.200000000000001,2.249074935913086,6.6184983253479,2.0,0.5888087749481201,-0.3472824692726135,0.0,-0.31696540117263794,-1.004948377609253,0.0
15.21,2.2549479007720947,6.6149749755859375,2.0,0.585642397403717,-0.35733211040496826,0.0,-0.31626930832862854,-1.0048887729644775,0.0
15.22,2.260789394378662,6.611351013183594,2.0,0.582483172416687,-0.36738115549087524,0.0,-0.31556808948516846,-1.0048112869262695,0.0
15.23,2.266597270965576,6.6076273918151855,2.0,0.57933109998703,-0.3774285316467285,0.0,-0.3148614466190338,-1.004716157913208,0.0
15.24,2.2723758220672607,6.603802680969238,2.0,0.5761858224868774,-0.3874756097793579,0.0,-0.31415003538131714,-1.0046029090881348,0.0
15.25,2.278122663497925,6.599876880645752,2.0,0.5730478167533875,-0.397521436214447,0.0,-0.31343352794647217,-1.0044715404510498,0.0
15.26,2.2838361263275146,6.595852851867676,2.0,0.5699172019958496,-0.407565176486969,0.0,-0.31271183490753174,-1.0043225288391113,0.0
15.27,2.289520502090454,6.591726303100586,2.0,0.5667935609817505,-0.41760802268981934,0.0,-0.31198543310165405,-1.0041553974151611,0.0
15.280000000000001,2.2951738834381104,6.587499141693115,2.0,0.5636770725250244,-0.42764922976493835,0.0,-0.3112541139125824,-1.0039703845977783,0.0
15.290000000000001,2.3007936477661133,6.5831732749938965,2.0,0.5605683922767639,-0.43768763542175293,0.0,-0.31051766872406006,-1.003767490386963,0.0
15.3,2.306384801864624,6.5787458419799805,2.0,0.5574668049812317,-0.44772467017173767,0.0,-0.3097766637802124,-1.0035464763641357,0.0
15.31,2.3119447231292725,6.574217796325684,2.0,0.5543725490570068,-0.45775943994522095,0.0,-0.3090308904647827,-1.003307580947876,0.0
15.32,2.317471742630005,6.569591045379639,2.0,0.5512862205505371,-0.46779096126556396,0.0,-0.3082801103591919,-1.0030508041381836,0.0
15.33,2.322969913482666,6.564862251281738,2.0,0.5482068657875061,-0.47782063484191895,0.0,-0.3075249195098877,-1.0027759075164795,0.0
15.34,2.328437566757202,6.560033798217773,2.0,0.5451353788375854,-0.48784738779067993,0.0,-0.30676501989364624,-1.0024831295013428,0.0
15.35,2.333872079849243,6.555105209350586,2.0,0.5420715808868408,-0.49787038564682007,0.0,-0.306000292301178,-1.0021722316741943,0.0
15.36,2.33927845954895,6.550076007843018,2.0,0.5390152335166931,-0.5078909993171692,0.0,-0.3052312731742859,-1.0018434524536133,0.0
15.370000000000001,2.3446543216705322,6.544946670532227,2.0,0.5359666347503662,-0.5179081559181213,0.0,-0.3044576942920685,-1.0014967918395996,0.0
15.38,2.3499975204467773,6.539718151092529,2.0,0.5329261422157288,-0.5279210805892944,0.0,-0.3036794066429138,-1.0011320114135742,0.0
15.39,2.3553123474121094,6.534388542175293,2.0,0.5298931002616882,-0.5379310250282288,0.0,-0.3028969168663025,-1.0007492303848267,0.0
15.4,2.3605971336364746,6.528958797454834,2.0,0.5268678665161133,-0.5479369163513184,0.0,-0.3021100163459778,-1.000348448753357,0.0
15.41,2.365849256515503,6.523429870605469,2.0,0.5238508582115173,-0.5579380989074707,0.0,-0.30131852626800537,-0.9999299049377441,0.0
15.42,2.3710734844207764,6.517800331115723,2.0,0.5208413600921631,-0.5679357051849365,0.0,-0.30052298307418823,-0.9994931221008301,0.0
15.43,2.376267910003662,6.512070178985596,2.0,0.5178399682044983,-0.5779288411140442,0.0,-0.29972317814826965,-0.9990383386611938,0.0
15.44,2.38142991065979,6.506241321563721,2.0,0.514846920967102,-0.5879166722297668,0.0,-0.2989189028739929,-0.9985657930374146,0.0
15.450000000000001,2.3865644931793213,6.500312328338623,2.0,0.5118616223335266,-0.5979003310203552,0.0,-0.298110693693161,-0.9980751276016235,0.0
15.46,2.3916687965393066,6.4942827224731445,2.0,0.5088844299316406,-0.6078790426254272,0.0,-0.2972983121871948,-0.9975664019584656,0.0
15.47,2.3967416286468506,6.488154411315918,2.0,0.5059157013893127,-0.6178517937660217,0.0,-0.2964816391468048,-0.997039794921875,0.0
15.48,2.4017868041992188,6.4819254875183105,2.0,0.5029547214508057,-0.6278199553489685,0.0,-0.29566115140914917,-0.9964951276779175,0.0
15.49,2.406802177429199,6.475596904754639,2.0,0.5000020265579224,-0.6377825736999512,0.0,-0.2948366403579712,-0.9959324598312378,0.0
15.5,2.4117863178253174,6.469170570373535,2.0,0.49705803394317627,-0.6477387547492981,0.0,-0.29400792717933655,-0.995352029800415,0.0
15.51,2.416743040084839,6.462642192840576,2.0,0.49412184953689575,-0.6576898097991943,0.0,-0.2931755483150482,-0.9947534203529358,0.0
15.52,2.421670436859131,6.456015586853027,2.0,0.4911942481994629,-0.6676347255706787,0.0,-0.2923392951488495,-0.9941369295120239,0.0
15.530000000000001,2.4265663623809814,6.449289798736572,2.0,0.48827511072158813,-0.6775726675987244,0.0,-0.29149898886680603,-0.9935024976730347,0.0
15.540000000000001,2.4314353466033936,6.442463397979736,2.0,0.4853641390800476,-0.6875049471855164,0.0,-0.29065507650375366,-0.9928499460220337,0.0
15.55,2.4362754821777344,6.435538291931152,2.0,0.48246169090270996,-0.6974305510520935,0.0,-0.2898074984550476,-0.9921795129776001,0.0
15.56,2.441084146499634,6.428515434265137,2.0,0.4795680046081543,-0.707348644733429,0.0,-0.288955956697464,-0.9914911985397339,0.0
15.57,2.445866107940674,6.42139196395874,2.0,0.4766826033592224,-0.717260479927063,0.0,-0.2881009578704834,-0.9907848834991455,0.0
15.58,2.450619697570801,6.4141693115234375,2.0,0.47380566596984863,-0.7271652221679688,0.0,-0.28724241256713867,-0.990060567855835,0.0
15.59,2.4553418159484863,6.406848907470703,2.0,0.47093772888183594,-0.7370619177818298,0.0,-0.28638002276420593,-0.9893184900283813,0.0
15.6,2.4600377082824707,6.399427890777588,2.0,0.46807801723480225,-0.7469517588615417,0.0,-0.28551438450813293,-0.988558292388916,0.0
15.610000000000001,2.464705228805542,6.391908168792725,2.0,0.4652271270751953,-0.7568339705467224,0.0,-0.2846451997756958,-0.9877802133560181,0.0
15.620000000000001,2.469341993331909,6.384291172027588,2.0,0.46238523721694946,-0.7667074799537659,0.0,-0.28377240896224976,-0.986984372138977,0.0
15.63,2.473952531814575,6.376574516296387,2.0,0.45955169200897217,-0.7765737771987915,0.0,-0.2828964293003082,-0.9861704111099243,0.0
15.64,2.478534698486328,6.368758678436279,2.0,0.4567268490791321,-0.7864317893981934,0.0,-0.28201714158058167,-0.9853386878967285,0.0
15.65,2.483086585998535,6.360845565795898,2.0,0.4539112448692322,-0.7962806820869446,0.0,-0.28113430738449097,-0.9844890832901001,0.0
15.66,2.487612247467041,6.352833271026611,2.0,0.45110422372817993,-0.8061217069625854,0.0,-0.2802484631538391,-0.9836214780807495,0.0
15.67,2.492110252380371,6.344722270965576,2.0,0.4483059048652649,-0.8159540295600891,0.0,-0.279359370470047,-0.9827360510826111,0.0
15.68,2.4965779781341553,6.336514472961426,2.0,0.44551706314086914,-0.8257766366004944,0.0,-0.2784669101238251,-0.9818328619003296,0.0
15.69,2.5010201930999756,6.328206539154053,2.0,0.44273656606674194,-0.8355908393859863,0.0,-0.27757155895233154,-0.9809117317199707,0.0
15.700000000000001,2.505434274673462,6.319801330566406,2.0,0.4399651885032654,-0.8453956246376038,0.0,-0.2766731083393097,-0.9799726605415344,0.0
15.71,2.5098187923431396,6.311298370361328,2.0,0.4372031092643738,-0.8551903963088989,0.0,-0.2757714092731476,-0.9790159463882446,0.0
15.72,2.5141780376434326,6.302697658538818,2.0,0.43444979190826416,-0.864976167678833,0.0,-0.2748669683933258,-0.9780412912368774,0.0
15.73,2.51850962638855,6.2939982414245605,2.0,0.4317055344581604,-0.8747521042823792,0.0,-0.27395960688591003,-0.9770487546920776,0.0
15.74,2.5228116512298584,6.285202503204346,2.0,0.4289705753326416,-0.8845173120498657,0.0,-0.2730490565299988,-0.9760386943817139,0.0
15.75,2.5270884037017822,6.276307582855225,2.0,0.42624449729919434,-0.8942729830741882,0.0,-0.2721359431743622,-0.9750105738639832,0.0
15.76,2.5313382148742676,6.267315864562988,2.0,0.42352747917175293,-0.9040184020996094,0.0,-0.27121996879577637,-0.9739646911621094,0.0
15.77,2.5355587005615234,6.258227348327637,2.0,0.42082011699676514,-0.9137524366378784,0.0,-0.2703010141849518,-0.9729012250900269,0.0
15.780000000000001,2.5397541522979736,6.249040603637695,2.0,0.41812145709991455,-0.92347651720047,0.0,-0.269379585981369,-0.9718198776245117,0.0
15.790000000000001,2.5439226627349854,6.2397565841674805,2.0,0.4154320955276489,-0.9331897497177124,0.0,-0.26845550537109375,-0.9707207679748535,0.0
15.8,2.548062324523926,6.230377197265625,2.0,0.41275250911712646,-0.9428911209106445,0.0,-0.2675285339355469,-0.9696041345596313,0.0
15.81,2.5521771907806396,6.2208991050720215,2.0,0.4100816249847412,-0.9525819420814514,0.0,-0.26659923791885376,-0.9684696197509766,0.0
15.82,2.556265354156494,6.211324214935303,2.0,0.4074200391769409,-0.9622613191604614,0.0,-0.2656673789024353,-0.9673173427581787,0.0
15.83,2.5603251457214355,6.201653480529785,2.0,0.40476834774017334,-0.9719284176826477,0.0,-0.2647327780723572,-0.9661476612091064,0.0
15.84,2.5643601417541504,6.191885471343994,2.0,0.40212541818618774,-0.981584370136261,0.0,-0.26379600167274475,-0.9649600386619568,0.0
15.85,2.568369150161743,6.182020664215088,2.0,0.39949196577072144,-0.991228461265564,0.0,-0.26285678148269653,-0.9637547731399536,0.0
15.860000000000001,2.572349786758423,6.172060966491699,2.0,0.39686834812164307,-1.0008597373962402,0.0,-0.26191502809524536,-0.962532103061676,0.0
15.870000000000001,2.576306104660034,6.162003517150879,2.0,0.394253671169281,-1.010479211807251,0.0,-0.2609711289405823,-0.9612916707992554,0.0
15.88,2.5802364349365234,6.151849746704102,2.0,0.391648530960083,-1.0200862884521484,0.0,-0.2600249946117401,-0.9600335955619812,0.0
15.89,2.5841386318206787,6.1416015625,2.0,0.38905322551727295,-1.0296801328659058,0.0,-0.25907644629478455,-0.9587581157684326,0.0
15.9,2.588017225265503,6.131256103515625,2.0,0.3864670991897583,-1.0392616987228394,0.0,-0.258125901222229,-0.9574649333953857,0.0
15.91,2.591869592666626,6.120815277099609,2.0,0.3838902711868286,-1.048830270767212,0.0,-0.25717324018478394,-0.9561542272567749,0.0
15.92,2.5956945419311523,6.1102800369262695,2.0,0.38132357597351074,-1.058384895324707,0.0,-0.2562182545661926,-0.9548261165618896,0.0
15.93,2.5994958877563477,6.099647521972656,2.0,0.37876594066619873,-1.0679268836975098,0.0,-0.25526145100593567,-0.9534803032875061,0.0
15.94,2.603271484375,6.0889201164245605,2.0,0.3762180209159851,-1.0774554014205933,0.0,-0.2543026804924011,-0.9521170258522034,0.0
15.950000000000001,2.6070194244384766,6.078098297119141,2.0,0.3736799955368042,-1.0869694948196411,0.0,-0.2533417046070099,-0.950736403465271,0.0
15.96,2.6107444763183594,6.067180633544922,2.0,0.3711510896682739,-1.0964702367782593,0.0,-0.25237902998924255,-0.9493382573127747,0.0
15.97,2.6144440174102783,6.056168079376221,2.0,0.3686319589614868,-1.10595703125,0.0,-0.25141453742980957,-0.9479227066040039,0.0
15.98,2.618116617202759,6.045061111450195,2.0,0.3661229610443115,-1.1154289245605469,0.0,-0.25044798851013184,-0.9464898109436035,0.0
15.99,2.6217658519744873,6.0338592529296875,2.0,0.3636230230331421,-1.1248869895935059,0.0,-0.24947986006736755,-0.9450393915176392,0.0
16.0,2.6253905296325684,6.022562503814697,2.0,0.3611329197883606,-1.13433039188385,0.0,-0.24851000308990479,-0.9435715675354004,0.0
16.01,2.628988265991211,6.011172294616699,2.0,0.35865288972854614,-1.1437585353851318,0.0,-0.24753829836845398,-0.9420865774154663,0.0
16.02,2.6325631141662598,5.999687194824219,2.0,0.3561822175979614,-1.1531723737716675,0.0,-0.24656516313552856,-0.9405841827392578,0.0
16.03,2.636113405227661,5.988107681274414,2.0,0.3537212014198303,-1.1625709533691406,0.0,-0.24559038877487183,-0.9390644431114197,0.0
16.04,2.639636993408203,5.976436138153076,2.0,0.3512703776359558,-1.171953797340393,0.0,-0.244613915681839,-0.9375275373458862,0.0
16.05,2.6431381702423096,5.9646687507629395,2.0,0.3488289713859558,-1.1813217401504517,0.0,-0.2436361014842987,-0.9359732866287231,0.0
16.06,2.6466150283813477,5.952807903289795,2.0,0.346397340297699,-1.190674066543579,0.0,-0.2426568567752838,-0.9344017505645752,0.0
16.07,2.6500656604766846,5.940855026245117,2.0,0.34397584199905396,-1.200009822845459,0.0,-0.2416759878396988,-0.9328132271766663,0.0
16.080000000000002,2.653494119644165,5.928807735443115,2.0,0.34156376123428345,-1.209330439567566,0.0,-0.24069395661354065,-0.9312072992324829,0.0
16.09,2.6568984985351562,5.9166669845581055,2.0,0.3391615152359009,-1.218634843826294,0.0,-0.23971062898635864,-0.929584264755249,0.0
16.1,2.6602768898010254,5.904435157775879,2.0,0.3367697596549988,-1.2279222011566162,0.0,-0.23872579634189606,-0.9279442429542542,0.0
16.11,2.663633346557617,5.89210844039917,2.0,0.3343871235847473,-1.2371938228607178,0.0,-0.2377399206161499,-0.9262869358062744,0.0
16.12,2.666965961456299,5.879689693450928,2.0,0.3320145010948181,-1.2464488744735718,0.0,-0.23675291240215302,-0.9246125221252441,0.0
16.13,2.6702733039855957,5.8671793937683105,2.0,0.32965201139450073,-1.2556862831115723,0.0,-0.2357645034790039,-0.9229212403297424,0.0
16.14,2.6735589504241943,5.854576110839844,2.0,0.32729917764663696,-1.2649073600769043,0.0,-0.23477526009082794,-0.9212127923965454,0.0
16.15,2.676820755004883,5.841879844665527,2.0,0.32495617866516113,-1.274111270904541,0.0,-0.23378491401672363,-0.9194872975349426,0.0
16.16,2.6800572872161865,5.8290934562683105,2.0,0.3226235508918762,-1.2832973003387451,0.0,-0.23279337584972382,-0.9177449941635132,0.0
16.17,2.6832728385925293,5.816213607788086,2.0,0.3203003406524658,-1.292466402053833,0.0,-0.23180106282234192,-0.9159855842590332,0.0
16.18,2.68646502494812,5.8032426834106445,2.0,0.3179870843887329,-1.3016178607940674,0.0,-0.23080787062644958,-0.914209246635437,0.0
16.19,2.689631938934326,5.790181636810303,2.0,0.3156842589378357,-1.3107507228851318,0.0,-0.2298135757446289,-0.9124162197113037,0.0
16.2,2.6927781105041504,5.777027606964111,2.0,0.313390851020813,-1.3198661804199219,0.0,-0.22881865501403809,-0.9106061458587646,0.0
16.21,2.695901393890381,5.763782978057861,2.0,0.31110745668411255,-1.3289636373519897,0.0,-0.22782297432422638,-0.9087792634963989,0.0
16.22,2.6989996433258057,5.750448226928711,2.0,0.3088344931602478,-1.3380420207977295,0.0,-0.22682629525661469,-0.9069356918334961,0.0
16.23,2.702077627182007,5.737021446228027,2.0,0.3065708875656128,-1.3471025228500366,0.0,-0.22582921385765076,-0.9050751328468323,0.0
16.240000000000002,2.7051329612731934,5.723504543304443,2.0,0.3043174147605896,-1.3561443090438843,0.0,-0.22483141720294952,-0.9031978845596313,0.0
16.25,2.7081634998321533,5.709898948669434,2.0,0.3020745515823364,-1.3651665449142456,0.0,-0.22383283078670502,-0.9013041257858276,0.0
16.26,2.7111737728118896,5.696201324462891,2.0,0.29984086751937866,-1.3741705417633057,0.0,-0.22283387184143066,-0.8993934392929077,0.0
16.27,2.7141616344451904,5.6824140548706055,2.0,0.29761725664138794,-1.3831552267074585,0.0,-0.22183440625667572,-0.8974661231040955,0.0
16.28,2.717125654220581,5.6685380935668945,2.0,0.29540425539016724,-1.3921200037002563,0.0,-0.22083428502082825,-0.8955223560333252,0.0
16.29,2.720069408416748,5.654571533203125,2.0,0.2932007312774658,-1.4010658264160156,0.0,-0.21983392536640167,-0.893561840057373,0.0
16.3,2.7229912281036377,5.640515327453613,2.0,0.2910071611404419,-1.409991979598999,0.0,-0.21883319318294525,-0.8915846943855286,0.0
16.31,2.725888967514038,5.62637186050415,2.0,0.2888241410255432,-1.4188976287841797,0.0,-0.21783190965652466,-0.8895912170410156,0.0
16.32,2.7287673950195312,5.612137317657471,2.0,0.2866506576538086,-1.4277839660644531,0.0,-0.2168305516242981,-0.8875811100006104,0.0
16.330000000000002,2.731623411178589,5.597814083099365,2.0,0.2844870686531067,-1.436650037765503,0.0,-0.21582892537117004,-0.8855545520782471,0.0
16.34,2.7344565391540527,5.583404064178467,2.0,0.2823341488838196,-1.4454952478408813,0.0,-0.21482691168785095,-0.8835116624832153,0.0
16.35,2.737269639968872,5.568903923034668,2.0,0.28019052743911743,-1.4543204307556152,0.0,-0.21382486820220947,-0.8814523220062256,0.0
16.36,2.7400615215301514,5.55431604385376,2.0,0.27805715799331665,-1.4631249904632568,0.0,-0.2128227800130844,-0.8793765306472778,0.0
16.37,2.742830276489258,5.539641857147217,2.0,0.27593421936035156,-1.4719080924987793,0.0,-0.21182039380073547,-0.877284586429596,0.0
16.38,2.745579957962036,5.524878025054932,2.0,0.27382081747055054,-1.4806709289550781,0.0,-0.21081818640232086,-0.875176191329956,0.0
16.39,2.7483081817626953,5.510026931762695,2.0,0.2717174291610718,-1.4894124269485474,0.0,-0.20981599390506744,-0.8730515241622925,0.0
16.4,2.751013994216919,5.495089530944824,2.0,0.26962465047836304,-1.4981319904327393,0.0,-0.2088136523962021,-0.8709108829498291,0.0
16.41,2.7537002563476562,5.4800639152526855,2.0,0.26754122972488403,-1.5068306922912598,0.0,-0.2078116089105606,-0.8687537908554077,0.0
16.42,2.7563657760620117,5.464951515197754,2.0,0.26546788215637207,-1.5155078172683716,0.0,-0.20680968463420868,-0.866580605506897,0.0
16.43,2.7590091228485107,5.449753761291504,2.0,0.26340508460998535,-1.5241625308990479,0.0,-0.20580777525901794,-0.8643914461135864,0.0
16.44,2.7616333961486816,5.4344682693481445,2.0,0.26135188341140747,-1.532795786857605,0.0,-0.20480631291866302,-0.862186074256897,0.0
16.45,2.764237403869629,5.419095993041992,2.0,0.25930851697921753,-1.5414068698883057,0.0,-0.2038050889968872,-0.8599646091461182,0.0
16.46,2.7668192386627197,5.403639793395996,2.0,0.2572757601737976,-1.5499951839447021,0.0,-0.20280402898788452,-0.8577273488044739,0.0
16.47,2.7693827152252197,5.388095855712891,2.0,0.2552525997161865,-1.5585616827011108,0.0,-0.201803520321846,-0.8554739356040955,0.0
16.48,2.771925926208496,5.372466564178467,2.0,0.2532392144203186,-1.5671055316925049,0.0,-0.20080339908599854,-0.853204607963562,0.0
16.490000000000002,2.774447202682495,5.356753826141357,2.0,0.2512364983558655,-1.5756258964538574,0.0,-0.19980354607105255,-0.8509196043014526,0.0
16.5,2.7769501209259033,5.340954303741455,2.0,0.24924331903457642,-1.584123969078064,0.0,-0.1988043636083603,-0.8486185073852539,0.0
16.51,2.779433012008667,5.325069427490234,2.0,0.24726003408432007,-1.5925989151000977,0.0,-0.19780568778514862,-0.8463015556335449,0.0
16.52,2.7818946838378906,5.3091020584106445,2.0,0.24528717994689941,-1.6010501384735107,0.0,-0.19680744409561157,-0.8439691066741943,0.0
16.53,2.7843384742736816,5.29304838180542,2.0,0.2433239221572876,-1.60947847366333,0.0,-0.1958099901676178,-0.8416208028793335,0.0
16.54,2.7867627143859863,5.276910781860352,2.0,0.2413705587387085,-1.6178832054138184,0.0,-0.19481325149536133,-0.8392567038536072,0.0
16.55,2.789165496826172,5.260690689086914,2.0,0.23942780494689941,-1.6262638568878174,0.0,-0.19381697475910187,-0.836877167224884,0.0
16.56,2.791550636291504,5.244385242462158,2.0,0.2374943494796753,-1.6346209049224854,0.0,-0.19282162189483643,-0.8344818353652954,0.0
16.57,2.7939164638519287,5.227996349334717,2.0,0.23557084798812866,-1.6429541110992432,0.0,-0.19182707369327545,-0.8320709466934204,0.0
16.580000000000002,2.796261787414551,5.211525917053223,2.0,0.23365795612335205,-1.6512625217437744,0.0,-0.1908332109451294,-0.8296446800231934,0.0
16.59,2.7985892295837402,5.194971084594727,2.0,0.23175424337387085,-1.659547209739685,0.0,-0.18984036147594452,-0.8272027969360352,0.0
16.6,2.8008980751037598,5.178333282470703,2.0,0.22986066341400146,-1.6678073406219482,0.0,-0.18884846568107605,-0.8247454166412354,0.0
16.61,2.8031861782073975,5.161614894866943,2.0,0.227977454662323,-1.6760423183441162,0.0,-0.18785734474658966,-0.8222728967666626,0.0
16.62,2.80545711517334,5.14481258392334,2.0,0.22610366344451904,-1.6842529773712158,0.0,-0.1868673861026764,-0.8197848200798035,0.0
16.63,2.8077094554901123,5.127928256988525,2.0,0.22423964738845825,-1.6924386024475098,0.0,-0.18587850034236908,-0.8172814249992371,0.0
16.64,2.809941291809082,5.110963821411133,2.0,0.2223861813545227,-1.7005985975265503,0.0,-0.1848904937505722,-0.8147629499435425,0.0
16.65,2.812156915664673,5.0939154624938965,2.0,0.22054189443588257,-1.7087340354919434,0.0,-0.18390382826328278,-0.8122289776802063,0.0
16.66,2.8143534660339355,5.076786994934082,2.0,0.21870756149291992,-1.7168439626693726,0.0,-0.18291829526424408,-0.8096799254417419,0.0
16.67,2.816530704498291,5.059578895568848,2.0,0.21688371896743774,-1.7249276638031006,0.0,-0.18193385004997253,-0.807115912437439,0.0
16.68,2.818690776824951,5.042287826538086,2.0,0.21506893634796143,-1.7329864501953125,0.0,-0.18095076084136963,-0.8045365810394287,0.0
16.69,2.8208329677581787,5.024917125701904,2.0,0.21326416730880737,-1.7410191297531128,0.0,-0.17996898293495178,-0.8019422292709351,0.0
16.7,2.82295560836792,5.007467746734619,2.0,0.21146970987319946,-1.7490253448486328,0.0,-0.17898839712142944,-0.7993329763412476,0.0
16.71,2.8250620365142822,4.989936828613281,2.0,0.2096845507621765,-1.7570059299468994,0.0,-0.17800939083099365,-0.7967087030410767,0.0
16.72,2.827150821685791,4.972325801849365,2.0,0.20790916681289673,-1.7649602890014648,0.0,-0.1770317405462265,-0.7940694689750671,0.0
16.73,2.8292198181152344,4.95463752746582,2.0,0.20614397525787354,-1.7728874683380127,0.0,-0.1760554164648056,-0.7914155721664429,0.0
16.740000000000002,2.831273078918457,4.936867713928223,2.0,0.20438802242279053,-1.7807886600494385,0.0,-0.17508074641227722,-0.7887466549873352,0.0
16.75,2.833308696746826,4.91901969909668,2.0,0.20264196395874023,-1.7886631488800049,0.0,-0.1741076111793518,-0.7860629558563232,0.0
16.76,2.8353257179260254,4.901094436645508,2.0,0.20090609788894653,-1.7965102195739746,0.0,-0.1731359362602234,-0.7833647727966309,0.0
16.77,2.8373265266418457,4.883089065551758,2.0,0.1991792917251587,-1.8043304681777954,0.0,-0.17216601967811584,-0.7806516885757446,0.0
16.78,2.8393101692199707,4.865005970001221,2.0,0.197462260723114,-1.8121237754821777,0.0,-0.171197772026062,-0.7779239416122437,0.0
16.79,2.841275453567505,4.846846580505371,2.0,0.19575554132461548,-1.8198891878128052,0.0,-0.17023107409477234,-0.7751818895339966,0.0
16.8,2.8432247638702393,4.82860803604126,2.0,0.19405782222747803,-1.8276275396347046,0.0,-0.1692662239074707,-0.7724250555038452,0.0
16.81,2.8451576232910156,4.8102922439575195,2.0,0.19236958026885986,-1.8353383541107178,0.0,-0.1683032214641571,-0.7696537971496582,0.0
16.82,2.847072124481201,4.791901111602783,2.0,0.1906917691230774,-1.8430207967758179,0.0,-0.16734188795089722,-0.7668682336807251,0.0
16.830000000000002,2.848971366882324,4.773431777954102,2.0,0.189022958278656,-1.8506758213043213,0.0,-0.1663825809955597,-0.7640681266784668,0.0
16.84,2.850853443145752,4.754885673522949,2.0,0.1873636245727539,-1.8583028316497803,0.0,-0.1654251515865326,-0.7612537145614624,0.0
16.85,2.8527183532714844,4.736265182495117,2.0,0.18571454286575317,-1.865900993347168,0.0,-0.16446954011917114,-0.7584251165390015,0.0
16.86,2.854567527770996,4.717567443847656,2.0,0.18407440185546875,-1.8734713792800903,0.0,-0.16351604461669922,-0.7555822134017944,0.0
16.87,2.856400728225708,4.698793888092041,2.0,0.18244367837905884,-1.88101327419281,0.0,-0.16256457567214966,-0.7527250051498413,0.0
16.88,2.8582160472869873,4.6799468994140625,2.0,0.1808232069015503,-1.8885259628295898,0.0,-0.1616150140762329,-0.7498539686203003,0.0
16.89,2.8600168228149414,4.661023139953613,2.0,0.17921149730682373,-1.896010398864746,0.0,-0.16066771745681763,-0.7469686269760132,0.0
16.9,2.8618016242980957,4.642024993896484,2.0,0.17760932445526123,-1.903465986251831,0.0,-0.15972256660461426,-0.7440692186355591,0.0
16.91,2.8635687828063965,4.62295389175415,2.0,0.17601722478866577,-1.910892128944397,0.0,-0.15877944231033325,-0.7411561012268066,0.0
16.92,2.865321397781372,4.603806972503662,2.0,0.1744338870048523,-1.918289303779602,0.0,-0.15783867239952087,-0.7382287979125977,0.0
16.93,2.867058277130127,4.584586143493652,2.0,0.17285996675491333,-1.9256572723388672,0.0,-0.15690019726753235,-0.7352876663208008,0.0
16.94,2.8687782287597656,4.565293312072754,2.0,0.17129606008529663,-1.932995080947876,0.0,-0.15596383810043335,-0.7323329448699951,0.0
16.95,2.870483636856079,4.545925617218018,2.0,0.1697407364845276,-1.940303921699524,0.0,-0.15502998232841492,-0.7293641567230225,0.0
16.96,2.87217378616333,4.526485443115234,2.0,0.16819489002227783,-1.9475829601287842,0.0,-0.1540985107421875,-0.726381778717041,0.0
16.97,2.873847484588623,4.506974220275879,2.0,0.16665899753570557,-1.954831600189209,0.0,-0.15316927433013916,-0.7233858704566956,0.0
16.98,2.87550687789917,4.487388610839844,2.0,0.16513162851333618,-1.9620509147644043,0.0,-0.15224263072013855,-0.7203761339187622,0.0
16.990000000000002,2.8771510124206543,4.46773099899292,2.0,0.16361361742019653,-1.9692399501800537,0.0,-0.15131855010986328,-0.7173529267311096,0.0
17.0,2.8787789344787598,4.448003768920898,2.0,0.1621055006980896,-1.9763981103897095,0.0,-0.15039679408073425,-0.7143163681030273,0.0
17.01,2.880392551422119,4.4282026290893555,2.0,0.160605788230896,-1.9835262298583984,0.0,-0.14947772026062012,-0.7112661600112915,0.0
17.02,2.8819916248321533,4.408330917358398,2.0,0.15911543369293213,-1.9906240701675415,0.0,-0.14856132864952087,-0.708202600479126,0.0
17.03,2.8835744857788086,4.38839054107666,2.0,0.15763473510742188,-1.9976904392242432,0.0,-0.14764738082885742,-0.7051259279251099,0.0
17.04,2.885143995285034,4.368376731872559,2.0,0.1561625599861145,-2.0047266483306885,0.0,-0.1467362642288208,-0.7020357847213745,0.0
17.05,2.8866991996765137,4.348293781280518,2.0,0.15469950437545776,-2.0117318630218506,0.0,-0.14582788944244385,-0.698932409286499,0.0
17.06,2.888237476348877,4.328142166137695,2.0,0.15324616432189941,-2.018705368041992,0.0,-0.14492207765579224,-0.6958160400390625,0.0
17.07,2.889763593673706,4.307919025421143,2.0,0.15180116891860962,-2.0256481170654297,0.0,-0.1440192461013794,-0.6926863193511963,0.0
17.080000000000002,2.891274929046631,4.287627220153809,2.0,0.15036523342132568,-2.032559871673584,0.0,-0.143119215965271,-0.6895436644554138,0.0
17.09,2.892770290374756,4.267268180847168,2.0,0.14893901348114014,-2.0394392013549805,0.0,-0.1422218680381775,-0.6863881349563599,0.0
17.1,2.8942532539367676,4.246838092803955,2.0,0.14752095937728882,-2.0462875366210938,0.0,-0.1413276493549347,-0.6832195520401001,0.0
17.11,2.895721912384033,4.226340293884277,2.0,0.14611178636550903,-2.0531041622161865,0.0,-0.1404362916946411,-0.6800380349159241,0.0
17.12,2.8971750736236572,4.205775737762451,2.0,0.1447123885154724,-2.0598883628845215,0.0,-0.13954779505729675,-0.6768438816070557,0.0
17.13,2.898615837097168,4.1851420402526855,2.0,0.14332109689712524,-2.066641092300415,0.0,-0.1386624574661255,-0.6736368536949158,0.0
17.14,2.9000425338745117,4.164441108703613,2.0,0.14193856716156006,-2.07336163520813,0.0,-0.13778015971183777,-0.670417070388794,0.0
17.150000000000002,2.901454448699951,4.143674850463867,2.0,0.1405656337738037,-2.080049753189087,0.0,-0.13690078258514404,-0.6671848297119141,0.0
17.16,2.90285325050354,4.12283992767334,2.0,0.13920074701309204,-2.086705446243286,0.0,-0.13602465391159058,-0.6639398336410522,0.0
17.17,2.9042394161224365,4.101938247680664,2.0,0.13784456253051758,-2.0933289527893066,0.0,-0.13515174388885498,-0.6606823205947876,0.0
17.18,2.9056100845336914,4.080973148345947,2.0,0.1364978551864624,-2.099919319152832,0.0,-0.13428181409835815,-0.6574125289916992,0.0
17.19,2.906968593597412,4.059939861297607,2.0,0.13515913486480713,-2.1064772605895996,0.0,-0.13341525197029114,-0.6541301012039185,0.0
17.2,2.9083142280578613,4.038841247558594,2.0,0.1338289976119995,-2.1130025386810303,0.0,-0.13255196809768677,-0.650835394859314,0.0
17.21,2.909644603729248,4.017679691314697,2.0,0.13250821828842163,-2.1194941997528076,0.0,-0.1316918134689331,-0.6475285291671753,0.0
17.22,2.910964012145996,3.996450901031494,2.0,0.1311953067779541,-2.125953197479248,0.0,-0.1308351755142212,-0.6442092657089233,0.0
17.23,2.9122700691223145,3.975158214569092,2.0,0.12989097833633423,-2.1323788166046143,0.0,-0.1299818456172943,-0.640877902507782,0.0
17.240000000000002,2.9135615825653076,3.953803300857544,2.0,0.12859588861465454,-2.138770818710327,0.0,-0.12913179397583008,-0.6375346183776855,0.0
17.25,2.914841413497925,3.932382583618164,2.0,0.12730854749679565,-2.145129680633545,0.0,-0.12828531861305237,-0.6341789960861206,0.0
17.26,2.9161088466644287,3.910898447036743,2.0,0.1260296106338501,-2.1514549255371094,0.0,-0.12744230031967163,-0.6308114528656006,0.0
17.27,2.9173617362976074,3.8893532752990723,2.0,0.12475979328155518,-2.1577460765838623,0.0,-0.1266026496887207,-0.6274322867393494,0.0
17.28,2.9186036586761475,3.867743492126465,2.0,0.12349766492843628,-2.164003849029541,0.0,-0.12576666474342346,-0.624040961265564,0.0
17.29,2.919832706451416,3.846071243286133,2.0,0.12224394083023071,-2.170227527618408,0.0,-0.12493422627449036,-0.6206378936767578,0.0
17.3,2.921048164367676,3.824338436126709,2.0,0.12099921703338623,-2.1764163970947266,0.0,-0.12410527467727661,-0.6172232627868652,0.0
17.31,2.9222521781921387,3.8025426864624023,2.0,0.11976200342178345,-2.1825718879699707,0.0,-0.12328007817268372,-0.6137967705726624,0.0
17.32,2.9234445095062256,3.7806849479675293,2.0,0.11853307485580444,-2.188693046569824,0.0,-0.1224585771560669,-0.610358715057373,0.0
17.330000000000002,2.9246227741241455,3.7587685585021973,2.0,0.1173129677772522,-2.194779396057129,0.0,-0.12164059281349182,-0.6069092750549316,0.0
17.34,2.9257898330688477,3.7367892265319824,2.0,0.11610043048858643,-2.200831413269043,0.0,-0.12082648277282715,-0.6034481525421143,0.0
17.35,2.926945209503174,3.714749813079834,2.0,0.11489593982696533,-2.206848621368408,0.0,-0.12001615762710571,-0.5999755859375,0.0
17.36,2.9280877113342285,3.6926522254943848,2.0,0.113700270652771,-2.2128307819366455,0.0,-0.11920949816703796,-0.5964919924736023,0.0
17.37,2.9292192459106445,3.6704928874969482,2.0,0.11251193284988403,-2.218778610229492,0.0,-0.11840680241584778,-0.5929968357086182,0.0
17.38,2.9303388595581055,3.6482741832733154,2.0,0.11133164167404175,-2.224691390991211,0.0,-0.1176079511642456,-0.5894904136657715,0.0
17.39,2.931445598602295,3.6259989738464355,2.0,0.11015993356704712,-2.2305686473846436,0.0,-0.11681288480758667,-0.5859731435775757,0.0
17.400000000000002,2.932541847229004,3.6036624908447266,2.0,0.10899543762207031,-2.2364108562469482,0.0,-0.11602184176445007,-0.5824445486068726,0.0
17.41,2.933626174926758,3.581268310546875,2.0,0.10783898830413818,-2.242218017578125,0.0,-0.11523476243019104,-0.5789048671722412,0.0
17.42,2.9346983432769775,3.5588178634643555,2.0,0.10669100284576416,-2.2479891777038574,0.0,-0.11445155739784241,-0.5753545165061951,0.0
17.43,2.935760021209717,3.5363082885742188,2.0,0.10555011034011841,-2.253725051879883,0.0,-0.11367246508598328,-0.5717930197715759,0.0
17.44,2.936809778213501,3.5137414932250977,2.0,0.10441702604293823,-2.259425401687622,0.0,-0.11289745569229126,-0.5682207345962524,0.0
17.45,2.9378480911254883,3.491119861602783,2.0,0.10329228639602661,-2.265089750289917,0.0,-0.1121264100074768,-0.5646378993988037,0.0
17.46,2.938875675201416,3.4684391021728516,2.0,0.10217463970184326,-2.2707183361053467,0.0,-0.11135956645011902,-0.5610440969467163,0.0
17.47,2.939891815185547,3.4457027912139893,2.0,0.10106462240219116,-2.276310920715332,0.0,-0.11059689521789551,-0.5574396848678589,0.0
17.48,2.940896511077881,3.422912836074829,2.0,0.09996289014816284,-2.281867027282715,0.0,-0.10983824729919434,-0.5538250207901001,0.0
17.490000000000002,2.9418911933898926,3.4000651836395264,2.0,0.09886795282363892,-2.2873876094818115,0.0,-0.10908392071723938,-0.550199568271637,0.0
17.5,2.9428749084472656,3.377162456512451,2.0,0.09778064489364624,-2.2928717136383057,0.0,-0.10833385586738586,-0.5465636849403381,0.0
17.51,2.9438462257385254,3.3542075157165527,2.0,0.09670150279998779,-2.298318862915039,0.0,-0.10758790373802185,-0.5429177284240723,0.0
17.52,2.9448084831237793,3.331195831298828,2.0,0.09562909603118896,-2.303730010986328,0.0,-0.10684642195701599,-0.5392611622810364,0.0
17.53,2.9457600116729736,3.3081307411193848,2.0,0.09456402063369751,-2.3091044425964355,0.0,-0.10610926151275635,-0.5355944633483887,0.0
17.54,2.946699380874634,3.2850136756896973,2.0,0.09350705146789551,-2.3144421577453613,0.0,-0.1053762435913086,-0.5319178104400635,0.0
17.55,2.947629690170288,3.2618417739868164,2.0,0.09245669841766357,-2.3197431564331055,0.0,-0.10464781522750854,-0.5282308459281921,0.0
17.56,2.948549509048462,3.238616466522217,2.0,0.09141355752944946,-2.3250069618225098,0.0,-0.1039237380027771,-0.5245338678359985,0.0
17.57,2.9494576454162598,3.215341329574585,2.0,0.09037840366363525,-2.3302338123321533,0.0,-0.10320401191711426,-0.5208271741867065,0.0
17.580000000000002,2.9503564834594727,3.192011594772339,2.0,0.08934968709945679,-2.335423707962036,0.0,-0.10248884558677673,-0.5171103477478027,0.0
17.59,2.951245069503784,3.168630361557007,2.0,0.08832806348800659,-2.340576410293579,0.0,-0.10177814960479736,-0.5133837461471558,0.0
17.6,2.952122688293457,3.145199775695801,2.0,0.08731430768966675,-2.345691442489624,0.0,-0.10107192397117615,-0.5096476078033447,0.0
17.61,2.952991247177124,3.121716260910034,2.0,0.08630675077438354,-2.350769519805908,0.0,-0.10037034749984741,-0.505901575088501,0.0
17.62,2.9538497924804688,3.098181962966919,2.0,0.08530634641647339,-2.3558099269866943,0.0,-0.0996733009815216,-0.5021459460258484,0.0
17.63,2.954697370529175,3.0745997428894043,2.0,0.08431357145309448,-2.3608124256134033,0.0,-0.0989808440208435,-0.4983810782432556,0.0
17.64,2.955535888671875,3.0509657859802246,2.0,0.08332687616348267,-2.3657777309417725,0.0,-0.09829309582710266,-0.49460646510124207,0.0
17.650000000000002,2.956364631652832,3.0272817611694336,2.0,0.08234715461730957,-2.3707048892974854,0.0,-0.09760990738868713,-0.4908224940299988,0.0
17.66,2.9571828842163086,3.0035512447357178,2.0,0.0813748836517334,-2.3755943775177,0.0,-0.09693142771720886,-0.48702940344810486,0.0
17.67,2.957991361618042,2.979769706726074,2.0,0.08040863275527954,-2.3804454803466797,0.0,-0.09625768661499023,-0.48322686553001404,0.0
17.68,2.9587912559509277,2.955940008163452,2.0,0.07944917678833008,-2.3852591514587402,0.0,-0.09558871388435364,-0.4794151484966278,0.0
17.69,2.959580421447754,2.9320645332336426,2.0,0.07849711179733276,-2.3900341987609863,0.0,-0.09492442011833191,-0.47559458017349243,0.0
17.7,2.9603610038757324,2.908139228820801,2.0,0.07755088806152344,-2.394771099090576,0.0,-0.09426498413085938,-0.4717647135257721,0.0
17.71,2.961132049560547,2.884166717529297,2.0,0.0766112208366394,-2.3994698524475098,0.0,-0.09361043572425842,-0.46792590618133545,0.0
17.72,2.961892604827881,2.860149383544922,2.0,0.07567888498306274,-2.40412974357605,0.0,-0.09296056628227234,-0.464078426361084,0.0
17.73,2.9626455307006836,2.8360838890075684,2.0,0.07475221157073975,-2.4087514877319336,0.0,-0.09231570363044739,-0.46022191643714905,0.0
17.740000000000002,2.963388442993164,2.81197190284729,2.0,0.07383197546005249,-2.413334608078003,0.0,-0.09167572855949402,-0.45635664463043213,0.0
17.75,2.9641218185424805,2.7878170013427734,2.0,0.07291889190673828,-2.4178786277770996,0.0,-0.09104058146476746,-0.45248299837112427,0.0
17.76,2.9648470878601074,2.7636141777038574,2.0,0.07201141119003296,-2.422384262084961,0.0,-0.0904105007648468,-0.4486004710197449,0.0
17.77,2.9655628204345703,2.7393665313720703,2.0,0.07111012935638428,-2.4268510341644287,0.0,-0.08978530764579773,-0.4447094202041626,0.0
17.78,2.966268539428711,2.7150769233703613,2.0,0.07021582126617432,-2.4312784671783447,0.0,-0.08916506171226501,-0.4408101439476013,0.0
17.79,2.9669671058654785,2.6907405853271484,2.0,0.06932699680328369,-2.4356672763824463,0.0,-0.08854994177818298,-0.4369022846221924,0.0
17.8,2.967655897140503,2.666361093521118,2.0,0.06844431161880493,-2.440016984939575,0.0,-0.08793985843658447,-0.43298614025115967,0.0
17.81,2.9683356285095215,2.641940116882324,2.0,0.06756839156150818,-2.4443271160125732,0.0,-0.0873347818851471,-0.42906197905540466,0.0
17.82,2.9690072536468506,2.61747407913208,2.0,0.06669777631759644,-2.4485983848571777,0.0,-0.0867348313331604,-0.42512941360473633,0.0
17.830000000000002,2.969670295715332,2.592965602874756,2.0,0.065833181142807,-2.4528300762176514,0.0,-0.08614000678062439,-0.4211887717247009,0.0
17.84,2.9703235626220703,2.5684173107147217,2.0,0.06497523188591003,-2.457022190093994,0.0,-0.08555027842521667,-0.4172403812408447,0.0
17.85,2.9709692001342773,2.543825149536133,2.0,0.06412237882614136,-2.461174964904785,0.0,-0.0849657654762268,-0.4132837653160095,0.0
17.86,2.971606492996216,2.519191265106201,2.0,0.06327533721923828,-2.4652881622314453,0.0,-0.08438640832901001,-0.40931934118270874,0.0
17.87,2.9722347259521484,2.494518995285034,2.0,0.0624348521232605,-2.4693613052368164,0.0,-0.08381226658821106,-0.4053473472595215,0.0
17.88,2.9728550910949707,2.469803810119629,2.0,0.061599284410476685,-2.4733951091766357,0.0,-0.08324334025382996,-0.4013674259185791,0.0
17.89,2.9734668731689453,2.4450485706329346,2.0,0.06076940894126892,-2.477389097213745,0.0,-0.08267971873283386,-0.39737987518310547,0.0
17.900000000000002,2.9740700721740723,2.4202558994293213,2.0,0.059945911169052124,-2.4813427925109863,0.0,-0.08212128281593323,-0.39338499307632446,0.0
17.91,2.974665641784668,2.3954215049743652,2.0,0.05912715196609497,-2.4852566719055176,0.0,-0.08156818151473999,-0.38938239216804504,0.0
17.92,2.9752533435821533,2.3705482482910156,2.0,0.058313965797424316,-2.489130973815918,0.0,-0.08102047443389893,-0.3853723704814911,0.0
17.93,2.9758317470550537,2.3456387519836426,2.0,0.0575069785118103,-2.492964267730713,0.0,-0.08047795295715332,-0.38135528564453125,0.0
17.94,2.97640323638916,2.3206887245178223,2.0,0.05670464038848877,-2.496757984161377,0.0,-0.07994088530540466,-0.3773306906223297,0.0
17.95,2.9769668579101562,2.295701026916504,2.0,0.055907636880874634,-2.500511407852173,0.0,-0.07940921187400818,-0.37329888343811035,0.0
17.96,2.9775214195251465,2.2706782817840576,2.0,0.055116623640060425,-2.5042240619659424,0.0,-0.07888290286064148,-0.3692602515220642,0.0
17.97,2.9780688285827637,2.2456161975860596,2.0,0.05433011054992676,-2.507896661758423,0.0,-0.07836207747459412,-0.36521434783935547,0.0
17.98,2.9786086082458496,2.220517635345459,2.0,0.05354887247085571,-2.511528491973877,0.0,-0.07784664630889893,-0.361161470413208,0.0
17.990000000000002,2.9791393280029297,2.195385456085205,2.0,0.05277344584465027,-2.515119791030884,0.0,-0.07733660936355591,-0.3571019768714905,0.0
18.0,2.979663610458374,2.170215129852295,2.0,0.05200231075286865,-2.5186705589294434,0.0,-0.07683217525482178,-0.35303544998168945,0.0
18.01,2.980179786682129,2.1450092792510986,2.0,0.05123621225357056,-2.5221807956695557,0.0,-0.0763331949710846,-0.3489621877670288,0.0
18.02,2.9806880950927734,2.1197712421417236,2.0,0.050475895404815674,-2.5256500244140625,0.0,-0.07583969831466675,-0.3448825478553772,0.0
18.03,2.981189250946045,2.094496250152588,2.0,0.04971963167190552,-2.529078483581543,0.0,-0.07535180449485779,-0.3407961130142212,0.0
18.04,2.9816832542419434,2.0691871643066406,2.0,0.04896825551986694,-2.532466411590576,0.0,-0.07486951351165771,-0.3367031216621399,0.0
18.05,2.982168674468994,2.043846607208252,2.0,0.04822245240211487,-2.5358126163482666,0.0,-0.07439270615577698,-0.3326040506362915,0.0
18.06,2.982646942138672,2.018470525741577,2.0,0.04748058319091797,-2.5391182899475098,0.0,-0.07392153143882751,-0.32849833369255066,0.0
18.07,2.9831185340881348,1.9930615425109863,2.0,0.04674345254898071,-2.5423829555511475,0.0,-0.07345598936080933,-0.3243863582611084,0.0
18.080000000000002,2.98358154296875,1.9676226377487183,2.0,0.04601171612739563,-2.5456061363220215,0.0,-0.07299599051475525,-0.32026851177215576,0.0
18.09,2.984038829803467,1.9421494007110596,2.0,0.045283734798431396,-2.54878830909729,0.0,-0.072541743516922,-0.31614428758621216,0.0
18.1,2.9844884872436523,1.9166443347930908,2.0,0.04456028342247009,-2.551929235458374,0.0,-0.07209315896034241,-0.31201398372650146,0.0
18.11,2.9849295616149902,1.8911104202270508,2.0,0.04384207725524902,-2.5550286769866943,0.0,-0.0716501772403717,-0.3078780770301819,0.0
18.12,2.9853649139404297,1.8655433654785156,2.0,0.043127477169036865,-2.55808687210083,0.0,-0.0712130069732666,-0.30373600125312805,0.0
18.13,2.985792636871338,1.8399460315704346,2.0,0.0424172580242157,-2.561103582382202,0.0,-0.07078152894973755,-0.299588143825531,0.0
18.14,2.986212968826294,1.8143211603164673,2.0,0.04171207547187805,-2.5640788078308105,0.0,-0.07035571336746216,-0.295434832572937,0.0
18.150000000000002,2.986626625061035,1.7886643409729004,2.0,0.04101032018661499,-2.567012310028076,0.0,-0.06993570923805237,-0.29127568006515503,0.0
18.16,2.9870333671569824,1.7629783153533936,2.0,0.040312767028808594,-2.569904327392578,0.0,-0.06952154636383057,-0.28711092472076416,0.0
18.17,2.9874324798583984,1.737265944480896,2.0,0.03962010145187378,-2.5727546215057373,0.0,-0.06911304593086243,-0.28294098377227783,0.0
18.18,2.987825632095337,1.7115230560302734,2.0,0.038930743932724,-2.575563430786133,0.0,-0.06871044635772705,-0.27876538038253784,0.0
18.19,2.9882116317749023,1.685752034187317,2.0,0.03824535012245178,-2.5783302783966064,0.0,-0.06831362843513489,-0.27458447217941284,0.0
18.2,2.988590717315674,1.6599560976028442,2.0,0.03756466507911682,-2.581054925918579,0.0,-0.06792262196540833,-0.2703985571861267,0.0
18.21,2.9889631271362305,1.6341307163238525,2.0,0.03688710927963257,-2.583738327026367,0.0,-0.06753751635551453,-0.2662072777748108,0.0
18.22,2.9893288612365723,1.608278751373291,2.0,0.03621333837509155,-2.5863795280456543,0.0,-0.06715825200080872,-0.2620109021663666,0.0
18.23,2.989687442779541,1.5824029445648193,2.0,0.035544127225875854,-2.5889785289764404,0.0,-0.0667848289012909,-0.2578098177909851,0.0
18.240000000000002,2.990039348602295,1.5564988851547241,2.0,0.03487786650657654,-2.5915355682373047,0.0,-0.06641730666160583,-0.2536035180091858,0.0
18.25,2.990385055541992,1.5305695533752441,2.0,0.03421521186828613,-2.594050645828247,0.0,-0.06605574488639832,-0.24939239025115967,0.0
18.26,2.9907236099243164,1.504617691040039,2.0,0.03355693817138672,-2.5965235233306885,0.0,-0.06570002436637878,-0.2451767772436142,0.0
18.27,2.991055965423584,1.4786388874053955,2.0,0.03290140628814697,-2.598954200744629,0.0,-0.06535035371780396,-0.24095624685287476,0.0
18.28,2.9913816452026367,1.4526360034942627,2.0,0.03224936127662659,-2.6013429164886475,0.0,-0.06500652432441711,-0.23673109710216522,0.0
18.29,2.991701126098633,1.4266116619110107,2.0,0.031601518392562866,-2.603688955307007,0.0,-0.0646686851978302,-0.23250168561935425,0.0
18.3,2.992013931274414,1.400561809539795,2.0,0.030956238508224487,-2.6059927940368652,0.0,-0.06433683633804321,-0.2282676100730896,0.0
18.31,2.9923205375671387,1.3744893074035645,2.0,0.030314207077026367,-2.6082546710968018,0.0,-0.06401100754737854,-0.22402916848659515,0.0
18.32,2.9926199913024902,1.3483965396881104,2.0,0.029676198959350586,-2.6104736328125,0.0,-0.06369110941886902,-0.21978673338890076,0.0
18.330000000000002,2.9929137229919434,1.322279453277588,2.0,0.029040589928627014,-2.6126503944396973,0.0,-0.06337729096412659,-0.215539813041687,0.0
18.34,2.9932007789611816,1.2961407899856567,2.0,0.028408095240592957,-2.6147844791412354,0.0,-0.0630694329738617,-0.21128879487514496,0.0
18.35,2.9934816360473633,1.2699835300445557,2.0,0.027779430150985718,-2.6168761253356934,0.0,-0.0627676248550415,-0.20703402161598206,0.0
18.36,2.9937567710876465,1.2438030242919922,2.0,0.027152925729751587,-2.6189253330230713,0.0,-0.0624718964099884,-0.2027750313282013,0.0
18.37,2.9940249919891357,1.2176023721694946,2.0,0.02652941644191742,-2.620931625366211,0.0,-0.06218224763870239,-0.19851216673851013,0.0
18.38,2.9942870140075684,1.191384196281433,2.0,0.025909528136253357,-2.6228954792022705,0.0,-0.061898618936538696,-0.19424578547477722,0.0
18.39,2.9945430755615234,1.1651442050933838,2.0,0.025291651487350464,-2.624816656112671,0.0,-0.06162109971046448,-0.18997542560100555,0.0
18.400000000000002,2.99479341506958,1.138885259628296,2.0,0.02467651665210724,-2.626695156097412,0.0,-0.061349719762802124,-0.18570144474506378,0.0
18.41,2.9950363636016846,1.1126099824905396,2.0,0.024064868688583374,-2.628530740737915,0.0,-0.0610843300819397,-0.18142420053482056,0.0
18.42,2.995274543762207,1.08631432056427,2.0,0.023455068469047546,-2.630323648452759,0.0,-0.06082513928413391,-0.17714321613311768,0.0
18.43,2.9955058097839355,1.0600008964538574,2.0,0.02284778654575348,-2.6320738792419434,0.0,-0.06057208776473999,-0.1728588491678238,0.0
18.44,2.9957313537597656,1.033672571182251,2.0,0.02224382758140564,-2.6337809562683105,0.0,-0.06032511591911316,-0.16857145726680756,0.0
18.45,2.995950937271118,1.0073249340057373,2.0,0.02164149284362793,-2.6354451179504395,0.0,-0.06008428335189819,-0.16428059339523315,0.0
18.46,2.996164321899414,0.9809610843658447,2.0,0.021041586995124817,-2.637066602706909,0.0,-0.05984964966773987,-0.15998658537864685,0.0
18.47,2.9963717460632324,0.9545834064483643,2.0,0.020444750785827637,-2.6386451721191406,0.0,-0.05962109565734863,-0.1556897759437561,0.0
18.48,2.9965734481811523,0.9281878471374512,2.0,0.019849374890327454,-2.6401805877685547,0.0,-0.0593988299369812,-0.15138974785804749,0.0
18.490000000000002,2.9967689514160156,0.9017771482467651,2.0,0.01925620436668396,-2.6416728496551514,0.0,-0.05918267369270325,-0.14708682894706726,0.0
18.5,2.9969582557678223,0.8753541111946106,2.0,0.018665939569473267,-2.6431221961975098,0.0,-0.058972686529159546,-0.1427813619375229,0.0
18.51,2.9971423149108887,0.8489144444465637,2.0,0.018076956272125244,-2.64452862739563,0.0,-0.05876895785331726,-0.13847291469573975,0.0
18.52,2.9973196983337402,0.8224608898162842,2.0,0.01748998463153839,-2.6458919048309326,0.0,-0.05857136845588684,-0.1341618150472641,0.0
18.53,2.9974915981292725,0.7959963083267212,2.0,0.016905754804611206,-2.647212028503418,0.0,-0.05838000774383545,-0.1298484355211258,0.0
18.54,2.9976577758789062,0.7695163488388062,2.0,0.016322612762451172,-2.648488759994507,0.0,-0.0581948459148407,-0.12553229928016663,0.0
18.55,2.9978184700012207,0.7430238723754883,2.0,0.015741288661956787,-2.6497225761413574,0.0,-0.05801600217819214,-0.12121377140283585,0.0
18.56,2.9979727268218994,0.716521680355072,2.0,0.015162497758865356,-2.6509132385253906,0.0,-0.05784332752227783,-0.11689320206642151,0.0
18.57,2.998121738433838,0.690005362033844,2.0,0.014584630727767944,-2.6520605087280273,0.0,-0.057676881551742554,-0.11257012188434601,0.0
18.580000000000002,2.998264789581299,0.6634778380393982,2.0,0.014008380472660065,-2.6531646251678467,0.0,-0.05751672387123108,-0.10824491083621979,0.0
18.59,2.998401403427124,0.6369418501853943,2.0,0.013434506952762604,-2.6542253494262695,0.0,-0.05736273527145386,-0.10391788184642792,0.0
18.6,2.998533248901367,0.6103930473327637,2.0,0.012861356139183044,-2.655242919921875,0.0,-0.05721503496170044,-0.09958861768245697,0.0
18.61,2.998659133911133,0.5838342905044556,2.0,0.012289628386497498,-2.656217336654663,0.0,-0.0570736825466156,-0.09525744616985321,0.0
18.62,2.998778820037842,0.5572684407234192,2.0,0.011720098555088043,-2.6571481227874756,0.0,-0.056938499212265015,-0.09092472493648529,0.0
18.63,2.9988937377929688,0.5306910276412964,2.0,0.01115107536315918,-2.6580357551574707,0.0,-0.05680966377258301,-0.0865899920463562,0.0
18.64,2.99900221824646,0.5041050314903259,2.0,0.010583333671092987,-2.6588799953460693,0.0,-0.05668705701828003,-0.08225362002849579,0.0
18.650000000000002,2.999105215072632,0.4775131344795227,2.0,0.010017551481723785,-2.6596808433532715,0.0,-0.05657070875167847,-0.07791593670845032,0.0
18.66,2.999202251434326,0.45091110467910767,2.0,0.009452126920223236,-2.660438299179077,0.0,-0.05646073818206787,-0.07357649505138397,0.0
18.67,2.9992942810058594,0.42430174350738525,2.0,0.008887767791748047,-2.6611523628234863,0.0,-0.056356996297836304,-0.069235660135746,0.0
18.68,2.999380111694336,0.39768779277801514,2.0,0.008325204253196716,-2.661823034286499,0.0,-0.05625954270362854,-0.06489376723766327,0.0
18.69,2.9994606971740723,0.3710649609565735,2.0,0.007762789726257324,-2.6624503135681152,0.0,-0.05616840720176697,-0.06055036559700966,0.0
18.7,2.99953556060791,0.3444361090660095,2.0,0.007201254367828369,-2.663034200668335,0.0,-0.05608353018760681,-0.056205812841653824,0.0
18.71,2.9996047019958496,0.3178040087223053,2.0,0.006641339510679245,-2.663574457168579,0.0,-0.05600506067276001,-0.051860447973012924,0.0
18.72,2.9996681213378906,0.2911643385887146,2.0,0.006081379950046539,-2.6640713214874268,0.0,-0.055932819843292236,-0.04751382768154144,0.0
18.73,2.9997265338897705,0.26451992988586426,2.0,0.005522102117538452,-2.664524793624878,0.0,-0.05586695671081543,-0.043166302144527435,0.0
18.740000000000002,2.9997787475585938,0.23787356913089752,2.0,0.004964258521795273,-2.6649346351623535,0.0,-0.05580735206604004,-0.03881821781396866,0.0
18.75,2.9998254776000977,0.21122094988822937,2.0,0.004406176507472992,-2.6653013229370117,0.0,-0.055754125118255615,-0.034469131380319595,0.0
18.76,2.9998669624328613,0.18456488847732544,2.0,0.003848601132631302,-2.6656241416931152,0.0,-0.05570715665817261,-0.030119381844997406,0.0
18.77,2.9999024868011475,0.15790818631649017,2.0,0.0032922588288784027,-2.6659035682678223,0.0,-0.05566650629043579,-0.025769323110580444,0.0
18.78,2.9999327659606934,0.13124653697013855,2.0,0.002735491842031479,-2.6661393642425537,0.0,-0.05563226342201233,-0.021418508142232895,0.0
18.79,2.999957323074341,0.10458272695541382,2.0,0.002179037779569626,-2.6663317680358887,0.0,-0.05560421943664551,-0.017067283391952515,0.0
18.8,2.99997615814209,0.0779196172952652,2.0,0.0016236267983913422,-2.666480779647827,0.0,-0.05558261275291443,-0.012715998105704784,0.0
18.81,2.9999899864196777,0.051252834498882294,2.0,0.0010676058009266853,-2.66658616065979,0.0,-0.05556729435920715,-0.008364205248653889,0.0
18.82,2.999997854232788,0.024585220962762833,2.0,0.0005117044784128666,-2.6666481494903564,0.0,-0.05555826425552368,-0.004012253135442734,0.0
18.830000000000002,2.999999523162842,-0.0020804088562726974,2.0,-4.334186087362468e-05,-2.6666665077209473,0.0,-0.0555555522441864,0.0003395111416466534,0.0
18.84,2.9999966621398926,-0.028748389333486557,2.0,-0.0005991882644593716,-2.6666412353515625,0.0,-0.05555927753448486,0.0046915337443351746,0.0
18.85,2.999987840652466,-0.05541589856147766,2.0,-0.0011551016941666603,-2.6665725708007812,0.0,-0.055569231510162354,0.009043466299772263,0.0
18.86,2.999973773956299,-0.08208012580871582,2.0,-0.0017103534191846848,-2.6664605140686035,0.0,-0.05558553338050842,0.01339496299624443,0.0
18.87,2.9999537467956543,-0.10874538868665695,2.0,-0.0022665951400995255,-2.666304588317871,0.0,-0.05560821294784546,0.017746467143297195,0.0
18.88,2.9999284744262695,-0.13540887832641602,2.0,-0.00282309390604496,-2.6661055088043213,0.0,-0.05563712120056152,0.0220976322889328,0.0
18.89,2.9998974800109863,-0.16206780076026917,2.0,-0.0033791176974773407,-2.665862798690796,0.0,-0.05567243695259094,0.026448111981153488,0.0
18.900000000000002,2.9998605251312256,-0.18872642517089844,2.0,-0.003936324268579483,-2.665576457977295,0.0,-0.05571407079696655,0.030798349529504776,0.0
18.91,2.999818801879883,-0.21538197994232178,2.0,-0.004493977874517441,-2.6652469635009766,0.0,-0.05576199293136597,0.035148002207279205,0.0
18.92,2.9997706413269043,-0.24203163385391235,2.0,-0.0050513483583927155,-2.6648736000061035,0.0,-0.05581626296043396,0.03949671611189842,0.0
18.93,2.9997177124023438,-0.26867973804473877,2.0,-0.005610082298517227,-2.664456844329834,0.0,-0.05587679147720337,0.04384494200348854,0.0
18.94,2.9996585845947266,-0.2953234314918518,2.0,-0.006169453263282776,-2.663996696472168,0.0,-0.055943697690963745,0.048192329704761505,0.0
18.95,2.999593734741211,-0.3219599723815918,2.0,-0.00672873854637146,-2.6634929180145264,0.0,-0.056016892194747925,0.05253853648900986,0.0
18.96,2.9995241165161133,-0.3485935926437378,2.0,-0.007289581000804901,-2.6629459857940674,0.0,-0.05609634518623352,0.056884001940488815,0.0
18.97,2.999448299407959,-0.3752215504646301,2.0,-0.007851235568523407,-2.662355422973633,0.0,-0.05618220567703247,0.06122838333249092,0.0
18.98,2.9993669986724854,-0.4018409550189972,2.0,-0.008413001894950867,-2.6617212295532227,0.0,-0.05627429485321045,0.06557133048772812,0.0
18.990000000000002,2.9992799758911133,-0.42845624685287476,2.0,-0.008976511657238007,-2.661043882369995,0.0,-0.05637273192405701,0.06991329044103622,0.0
19.0,2.999187469482422,-0.45506447553634644,2.0,-0.009541034698486328,-2.660322904586792,0.0,-0.05647745728492737,0.07425391674041748,0.0
19.01,2.999089002609253,-0.48166295886039734,2.0,-0.010105840861797333,-2.6595587730407715,0.0,-0.05658841133117676,0.07859285175800323,0.0
19.02,2.9989852905273438,-0.5082559585571289,2.0,-0.01067257672548294,-2.6587510108947754,0.0,-0.05670571327209473,0.0829305648803711,0.0
19.03,2.9988760948181152,-0.5348406434059143,2.0,-0.011240527033805847,-2.657900094985962,0.0,-0.0568293035030365,0.08726668357849121,0.0
19.04,2.99876070022583,-0.5614142417907715,2.0,-0.01180894672870636,-2.657005786895752,0.0,-0.056959182024002075,0.09160088002681732,0.0
19.05,2.9986395835876465,-0.5879810452461243,2.0,-0.012379497289657593,-2.6560680866241455,0.0,-0.05709528923034668,0.09593359380960464,0.0
19.06,2.9985129833221436,-0.6145382523536682,2.0,-0.012951426208019257,-2.6550869941711426,0.0,-0.05723762512207031,0.10026447474956512,0.0
19.07,2.998380661010742,-0.6410830616950989,2.0,-0.013524025678634644,-2.6540627479553223,0.0,-0.057386308908462524,0.1045931726694107,0.0
19.080000000000002,2.9982423782348633,-0.6676198244094849,2.0,-0.01409892737865448,-2.6529951095581055,0.0,-0.05754128098487854,0.1089201420545578,0.0
19.09,2.998098373413086,-0.6941456198692322,2.0,-0.014675423502922058,-2.651884078979492,0.0,-0.05770242214202881,0.11324503272771835,0.0
19.1,2.9979491233825684,-0.7206577062606812,2.0,-0.015252754092216492,-2.6507301330566406,0.0,-0.05786982178688049,0.11756749451160431,0.0
19.11,2.997793436050415,-0.7471604943275452,2.0,-0.01583258807659149,-2.6495327949523926,0.0,-0.05804342031478882,0.12188798934221268,0.0
19.12,2.9976320266723633,-0.7736510634422302,2.0,-0.01641419529914856,-2.648292303085327,0.0,-0.058223336935043335,0.1262061446905136,0.0
19.13,2.9974653720855713,-0.8001266121864319,2.0,-0.016996845602989197,-2.6470088958740234,0.0,-0.05840945243835449,0.13052162528038025,0.0
19.14,2.9972922801971436,-0.8265915513038635,2.0,-0.017582163214683533,-2.645681858062744,0.0,-0.0586017370223999,0.1348349004983902,0.0
19.150000000000002,2.9971137046813965,-0.8530429601669312,2.0,-0.01816946268081665,-2.6443119049072266,0.0,-0.05880028009414673,0.13914558291435242,0.0
19.16,2.9969286918640137,-0.8794780969619751,2.0,-0.01875796914100647,-2.6428990364074707,0.0,-0.05900505185127258,0.14345334470272064,0.0
19.17,2.9967384338378906,-0.9059011936187744,2.0,-0.0193493515253067,-2.6414427757263184,0.0,-0.059215933084487915,0.1477586328983307,0.0
19.18,2.996541976928711,-0.9323095083236694,2.0,-0.019942864775657654,-2.6399435997009277,0.0,-0.05943307280540466,0.1520611196756363,0.0
19.19,2.996339797973633,-0.9587002992630005,2.0,-0.02053779363632202,-2.638401746749878,0.0,-0.059656351804733276,0.1563604176044464,0.0
19.2,2.99613094329834,-0.9850778579711914,2.0,-0.021135762333869934,-2.6368165016174316,0.0,-0.05988579988479614,0.16065701842308044,0.0
19.21,2.9959166049957275,-1.011439323425293,2.0,-0.02173610031604767,-2.635188341140747,0.0,-0.06012141704559326,0.16495054960250854,0.0
19.22,2.995696544647217,-1.0377819538116455,2.0,-0.02233797311782837,-2.633517265319824,0.0,-0.060363203287124634,0.16924065351486206,0.0
19.23,2.9954700469970703,-1.0641099214553833,2.0,-0.022943124175071716,-2.631803512573242,0.0,-0.06061112880706787,0.1735278069972992,0.0
19.240000000000002,2.995237350463867,-1.0904207229614258,2.0,-0.023550793528556824,-2.6300466060638428,0.0,-0.060865163803100586,0.1778116524219513,0.0
19.25,2.9949991703033447,-1.116711139678955,2.0,-0.024160236120224,-2.6282472610473633,0.0,-0.061125338077545166,0.1820918321609497,0.0
19.26,2.9947547912597656,-1.1429858207702637,2.0,-0.02477307617664337,-2.6264047622680664,0.0,-0.061391621828079224,0.18636879324913025,0.0
19.27,2.9945037364959717,-1.1692419052124023,2.0,-0.025388628244400024,-2.6245198249816895,0.0,-0.06166398525238037,0.19064220786094666,0.0
19.28,2.994246482849121,-1.1954765319824219,2.0,-0.026006147265434265,-2.622591972351074,0.0,-0.061942487955093384,0.19491173326969147,0.0
19.29,2.993983030319214,-1.221693992614746,2.0,-0.026627272367477417,-2.6206212043762207,0.0,-0.06222701072692871,0.1991778016090393,0.0
19.3,2.9937143325805664,-1.2478916645050049,2.0,-0.027251258492469788,-2.618608236312866,0.0,-0.06251761317253113,0.20344007015228271,0.0
19.31,2.993438720703125,-1.27406644821167,2.0,-0.027877390384674072,-2.6165525913238525,0.0,-0.06281435489654541,0.20769816637039185,0.0
19.32,2.9931564331054688,-1.3002228736877441,2.0,-0.028507307171821594,-2.6144542694091797,0.0,-0.06311702728271484,0.2119525969028473,0.0
19.330000000000002,2.992867946624756,-1.3263580799102783,2.0,-0.02914029359817505,-2.6123132705688477,0.0,-0.06342580914497375,0.216202974319458,0.0
19.34,2.9925737380981445,-1.3524694442749023,2.0,-0.029775649309158325,-2.6101300716400146,0.0,-0.06374064087867737,0.22044897079467773,0.0
19.35,2.99227237701416,-1.378561019897461,2.0,-0.03041490912437439,-2.6079044342041016,0.0,-0.06406140327453613,0.2246910184621811,0.0
19.36,2.991964817047119,-1.404630184173584,2.0,-0.031057417392730713,-2.6056361198425293,0.0,-0.06438818573951721,0.228928804397583,0.0
19.37,2.9916512966156006,-1.4306740760803223,2.0,-0.03170245885848999,-2.603325843811035,0.0,-0.0647209882736206,0.23316192626953125,0.0
19.38,2.991331100463867,-1.4566969871520996,2.0,-0.03235164284706116,-2.6009726524353027,0.0,-0.06505972146987915,0.2373908907175064,0.0
19.39,2.99100399017334,-1.4826960563659668,2.0,-0.03300422430038452,-2.5985777378082275,0.0,-0.06540444493293762,0.24161531031131744,0.0
19.400000000000002,2.990671157836914,-1.5086686611175537,2.0,-0.033659517765045166,-2.5961406230926514,0.0,-0.06575515866279602,0.24583488702774048,0.0
19.41,2.9903311729431152,-1.5346192121505737,2.0,-0.03431910276412964,-2.593660831451416,0.0,-0.06611168384552002,0.25005000829696655,0.0
19.42,2.9899845123291016,-1.5605446100234985,2.0,-0.03498232364654541,-2.591139316558838,0.0,-0.06647422909736633,0.254260390996933,0.0
19.43,2.9896316528320312,-1.586442232131958,2.0,-0.0356484055519104,-2.588575601577759,0.0,-0.0668427050113678,0.25846564769744873,0.0
19.44,2.989271640777588,-1.6123162508010864,2.0,-0.036318957805633545,-2.585969924926758,0.0,-0.06721696257591248,0.2626662254333496,0.0
19.45,2.9889049530029297,-1.6381642818450928,2.0,-0.036993324756622314,-2.583322048187256,0.0,-0.0675971508026123,0.26686182618141174,0.0
19.46,2.9885318279266357,-1.6639831066131592,2.0,-0.03767070174217224,-2.5806326866149902,0.0,-0.06798321008682251,0.2710520625114441,0.0
19.47,2.988152027130127,-1.689777135848999,2.0,-0.038352757692337036,-2.5779011249542236,0.0,-0.06837514042854309,0.27523738145828247,0.0
19.48,2.987764596939087,-1.7155436277389526,2.0,-0.039038777351379395,-2.575127601623535,0.0,-0.06877285242080688,0.279417484998703,0.0
19.490000000000002,2.987370729446411,-1.7412798404693604,2.0,-0.039728015661239624,-2.572312831878662,0.0,-0.06917637586593628,0.28359198570251465,0.0
19.5,2.9869704246520996,-1.7669901847839355,2.0,-0.04042208194732666,-2.569455862045288,0.0,-0.06958571076393127,0.2877613604068756,0.0
19.51,2.9865622520446777,-1.7926716804504395,2.0,-0.041120290756225586,-2.5665571689605713,0.0,-0.07000085711479187,0.29192525148391724,0.0
19.52,2.986147880554199,-1.8183215856552124,2.0,-0.04182186722755432,-2.56361722946167,0.0,-0.07042178511619568,0.2960832715034485,0.0
19.53,2.9857258796691895,-1.8439441919326782,2.0,-0.042528510093688965,-2.560635566711426,0.0,-0.07084840536117554,0.30023595690727234,0.0
19.54,2.9852969646453857,-1.8695368766784668,2.0,-0.04323941469192505,-2.557612419128418,0.0,-0.07128077745437622,0.30438292026519775,0.0
19.55,2.984860897064209,-1.895096778869629,2.0,-0.043953925371170044,-2.5545477867126465,0.0,-0.07171893119812012,0.30852383375167847,0.0
19.56,2.9844179153442383,-1.9206280708312988,2.0,-0.0446736216545105,-2.5514416694641113,0.0,-0.07216271758079529,0.3126590847969055,0.0
19.57,2.9839670658111572,-1.9461281299591064,2.0,-0.04539772868156433,-2.5482943058013916,0.0,-0.07261216640472412,0.3167884349822998,0.0
19.580000000000002,2.9835100173950195,-1.9715943336486816,2.0,-0.04612565040588379,-2.5451059341430664,0.0,-0.07306736707687378,0.3209114372730255,0.0
19.59,2.9830451011657715,-1.99703049659729,2.0,-0.046858906745910645,-2.5418760776519775,0.0,-0.07352817058563232,0.32502859830856323,0.0
19.6,2.982572555541992,-2.0224342346191406,2.0,-0.04759678244590759,-2.538604974746704,0.0,-0.07399460673332214,0.3291395902633667,0.0
19.61,2.982093334197998,-2.0478029251098633,2.0,-0.04833856225013733,-2.5352933406829834,0.0,-0.07446667551994324,0.33324405550956726,0.0
19.62,2.9816055297851562,-2.0731403827667236,2.0,-0.049085915088653564,-2.531940221786499,0.0,-0.07494428753852844,0.33734244108200073,0.0
19.63,2.9811112880706787,-2.0984442234039307,2.0,-0.04983803629875183,-2.528546094894409,0.0,-0.07542753219604492,0.34143438935279846,0.0
19.64,2.980609655380249,-2.123711585998535,2.0,-0.050594210624694824,-2.525111436843872,0.0,-0.0759163498878479,0.3455195724964142,0.0
19.650000000000002,2.9800994396209717,-2.148946762084961,2.0,-0.05135616660118103,-2.5216355323791504,0.0,-0.07641065120697021,0.3495984375476837,0.0
19.66,2.979581832885742,-2.174147129058838,2.0,-0.05212301015853882,-2.5181190967559814,0.0,-0.07691043615341187,0.3536706566810608,0.0
19.67,2.9790568351745605,-2.1993093490600586,2.0,-0.052894145250320435,-2.5145621299743652,0.0,-0.07741585373878479,0.35773587226867676,0.0
19.68,2.9785237312316895,-2.224438190460205,2.0,-0.05367115139961243,-2.5109643936157227,0.0,-0.07792660593986511,0.36179453134536743,0.0
19.69,2.977982997894287,-2.2495312690734863,2.0,-0.0544532835483551,-2.5073258876800537,0.0,-0.07844290137290955,0.36584633588790894,0.0
19.7,2.9774351119995117,-2.274585247039795,2.0,-0.05523976683616638,-2.5036473274230957,0.0,-0.07896462082862854,0.36989089846611023,0.0
19.71,2.9768786430358887,-2.2996044158935547,2.0,-0.05603229999542236,-2.4999279975891113,0.0,-0.0794917643070221,0.37392866611480713,0.0
19.72,2.976313829421997,-2.3245863914489746,2.0,-0.05683019757270813,-2.496168375015259,0.0,-0.08002424240112305,0.37795937061309814,0.0
19.73,2.9757423400878906,-2.3495280742645264,2.0,-0.057632654905319214,-2.4923689365386963,0.0,-0.08056226372718811,0.38198256492614746,0.0
19.740000000000002,2.9751620292663574,-2.374433994293213,2.0,-0.05844125151634216,-2.4885287284851074,0.0,-0.08110550045967102,0.38599878549575806,0.0
19.75,2.9745731353759766,-2.399301052093506,2.0,-0.05925530195236206,-2.4846484661102295,0.0,-0.08165410161018372,0.3900076150894165,0.0
19.76,2.9739763736724854,-2.4241271018981934,2.0,-0.0600740909576416,-2.4807286262512207,0.0,-0.08220803737640381,0.3940088450908661,0.0
19.77,2.9733715057373047,-2.448915958404541,2.0,-0.06089925765991211,-2.4767682552337646,0.0,-0.08276721835136414,0.3980028033256531,0.0
19.78,2.9727578163146973,-2.4736649990081787,2.0,-0.06173005700111389,-2.4727680683135986,0.0,-0.08333167433738708,0.4019891619682312,0.0
19.79,2.972136974334717,-2.4983716011047363,2.0,-0.06256568431854248,-2.4687283039093018,0.0,-0.08390149474143982,0.405967652797699,0.0
19.8,2.9715065956115723,-2.5230398178100586,2.0,-0.06340789794921875,-2.464648723602295,0.0,-0.08447635173797607,0.40993866324424744,0.0
19.81,2.9708681106567383,-2.5476670265197754,2.0,-0.06425577402114868,-2.460529327392578,0.0,-0.08505657315254211,0.4139018654823303,0.0
19.82,2.970221996307373,-2.5722506046295166,2.0,-0.0651087760925293,-2.4563705921173096,0.0,-0.08564189076423645,0.41785696148872375,0.0
19.830000000000002,2.9695661067962646,-2.596794605255127,2.0,-0.06596842408180237,-2.45217227935791,0.0,-0.08623236417770386,0.42180436849594116,0.0
19.84,2.9689018726348877,-2.6212964057922363,2.0,-0.06683403253555298,-2.447934150695801,0.0,-0.08682799339294434,0.4257437586784363,0.0
19.85,2.9682297706604004,-2.6457533836364746,2.0,-0.06770482659339905,-2.443657159805298,0.0,-0.08742880821228027,0.42967480421066284,0.0
19.86,2.96754789352417,-2.6701698303222656,2.0,-0.06858241558074951,-2.439340591430664,0.0,-0.08803460001945496,0.4335979223251343,0.0
19.87,2.966857671737671,-2.69454288482666,2.0,-0.06946605443954468,-2.4349849224090576,0.0,-0.08864551782608032,0.4375128149986267,0.0
19.88,2.966158866882324,-2.718869686126709,2.0,-0.0703551173210144,-2.4305901527404785,0.0,-0.0892615020275116,0.4414191246032715,0.0
19.89,2.9654507637023926,-2.743155002593994,2.0,-0.07125109434127808,-2.426156520843506,0.0,-0.08988243341445923,0.4453172981739044,0.0
19.900000000000002,2.964733362197876,-2.767395496368408,2.0,-0.07215332984924316,-2.4216835498809814,0.0,-0.0905083417892456,0.44920700788497925,0.0
19.91,2.96400785446167,-2.79158878326416,2.0,-0.07306104898452759,-2.4171721935272217,0.0,-0.09113931655883789,0.4530879855155945,0.0
19.92,2.9632725715637207,-2.815739154815674,2.0,-0.07397586107254028,-2.4126217365264893,0.0,-0.09177514910697937,0.4569605588912964,0.0
19.93,2.9625277519226074,-2.83984375,2.0,-0.07489711046218872,-2.4080324172973633,0.0,-0.09241586923599243,0.4608244299888611,0.0
19.94,2.9617745876312256,-2.8638999462127686,2.0,-0.07582402229309082,-2.40340518951416,0.0,-0.09306162595748901,0.4646793305873871,0.0
19.95,2.9610114097595215,-2.887911796569824,2.0,-0.07675820589065552,-2.3987388610839844,0.0,-0.09371212124824524,0.46852564811706543,0.0
19.96,2.9602394104003906,-2.911877155303955,2.0,-0.07769882678985596,-2.3940343856811523,0.0,-0.09436747431755066,0.47236305475234985,0.0
19.97,2.9594578742980957,-2.935792922973633,2.0,-0.07864534854888916,-2.389291524887085,0.0,-0.09502774477005005,0.47619128227233887,0.0
19.98,2.9586663246154785,-2.9596633911132812,2.0,-0.07959920167922974,-2.3845102787017822,0.0,-0.09569266438484192,0.4800106883049011,0.0
19.990000000000002,2.9578652381896973,-2.983485698699951,2.0,-0.08055979013442993,-2.3796908855438232,0.0,-0.09636238217353821,0.48382097482681274,0.0
20.0,2.9570555686950684,-3.0072574615478516,2.0,-0.08152627944946289,-2.374833822250366,0.0,-0.0970369279384613,0.48762184381484985,0.0
20.01,2.956234931945801,-3.030982494354248,2.0,-0.08250033855438232,-2.369938373565674,0.0,-0.09771612286567688,0.4914137125015259,0.0
20.02,2.955404758453369,-3.0546584129333496,2.0,-0.08348119258880615,-2.3650050163269043,0.0,-0.09839996695518494,0.49519622325897217,0.0
20.03,2.9545655250549316,-3.0782828330993652,2.0,-0.08446812629699707,-2.360034465789795,0.0,-0.09908854961395264,0.4989691376686096,0.0
20.04,2.9537158012390137,-3.1018595695495605,2.0,-0.08546274900436401,-2.3550257682800293,0.0,-0.09978166222572327,0.5027328133583069,0.0
20.05,2.9528555870056152,-3.1253857612609863,2.0,-0.0864642858505249,-2.3499794006347656,0.0,-0.1004793643951416,0.5064868927001953,0.0
20.06,2.951986312866211,-3.1488592624664307,2.0,-0.08747214078903198,-2.344895839691162,0.0,-0.10118180513381958,0.5102311968803406,0.0
20.07,2.951106548309326,-3.1722841262817383,2.0,-0.08848774433135986,-2.3397746086120605,0.0,-0.10188862681388855,0.5139660835266113,0.0
20.080000000000002,2.950216293334961,-3.195657253265381,2.0,-0.08951050043106079,-2.334616184234619,0.0,-0.10260000824928284,0.5176911354064941,0.0
20.09,2.9493165016174316,-3.2189764976501465,2.0,-0.09053957462310791,-2.329420804977417,0.0,-0.10331597924232483,0.5214061737060547,0.0
20.1,2.9484052658081055,-3.242245674133301,2.0,-0.09157657623291016,-2.324187994003296,0.0,-0.10403630137443542,0.5251115560531616,0.0
20.11,2.947484254837036,-3.265462636947632,2.0,-0.092620849609375,-2.318918228149414,0.0,-0.10476106405258179,0.5288069844245911,0.0
20.12,2.9465537071228027,-3.2886242866516113,2.0,-0.09367156028747559,-2.3136117458343506,0.0,-0.10549035668373108,0.5324921607971191,0.0
20.13,2.9456112384796143,-3.311735153198242,2.0,-0.0947304368019104,-2.3082680702209473,0.0,-0.10622382164001465,0.5361674427986145,0.0
20.14,2.944657802581787,-3.334792137145996,2.0,-0.09579664468765259,-2.3028879165649414,0.0,-0.10696172714233398,0.539832592010498,0.0
20.150000000000002,2.943695306777954,-3.357792854309082,2.0,-0.09686952829360962,-2.297471523284912,0.0,-0.10770398378372192,0.5434872508049011,0.0
20.16,2.942720890045166,-3.380741596221924,2.0,-0.0979505181312561,-2.292017936706543,0.0,-0.10845044255256653,0.5471318960189819,0.0
20.17,2.9417357444763184,-3.4036357402801514,2.0,-0.09903907775878906,-2.2865283489227295,0.0,-0.10920122265815735,0.550766110420227,0.0
20.18,2.9407405853271484,-3.4264724254608154,2.0,-0.10013437271118164,-2.2810025215148926,0.0,-0.109956294298172,0.5543897151947021,0.0
20.19,2.9397332668304443,-3.44925594329834,2.0,-0.10123801231384277,-2.2754404544830322,0.0,-0.11071547865867615,0.5580030083656311,0.0
20.2,2.9387149810791016,-3.4719839096069336,2.0,-0.10234922170639038,-2.2698421478271484,0.0,-0.11147880554199219,0.5616057515144348,0.0
20.21,2.9376866817474365,-3.4946532249450684,2.0,-0.10346740484237671,-2.2642083168029785,0.0,-0.11224642395973206,0.5651976466178894,0.0
20.22,2.9366455078125,-3.517268180847168,2.0,-0.10459399223327637,-2.258538007736206,0.0,-0.11301794648170471,0.5687789916992188,0.0
20.23,2.935593605041504,-3.539825916290283,2.0,-0.10572832822799683,-2.2528321743011475,0.0,-0.11379361152648926,0.5723496675491333,0.0
20.240000000000002,2.9345316886901855,-3.5623250007629395,2.0,-0.10686969757080078,-2.2470908164978027,0.0,-0.11457347869873047,0.5759091973304749,0.0
20.25,2.9334568977355957,-3.584768295288086,2.0,-0.10801959037780762,-2.241313934326172,0.0,-0.1153571605682373,0.5794581174850464,0.0
20.26,2.932370185852051,-3.6071534156799316,2.0,-0.10917741060256958,-2.235501289367676,0.0,-0.11614486575126648,0.5829960107803345,0.0
20.27,2.9312734603881836,-3.6294782161712646,2.0,-0.11034232378005981,-2.229653835296631,0.0,-0.11693662405014038,0.5865226984024048,0.0
20.28,2.930163860321045,-3.6517467498779297,2.0,-0.11151593923568726,-2.2237708568573,0.0,-0.11773219704627991,0.590038537979126,0.0
20.29,2.929042339324951,-3.6739563941955566,2.0,-0.11269748210906982,-2.2178525924682617,0.0,-0.11853164434432983,0.5935431718826294,0.0
20.3,2.927910327911377,-3.696104049682617,2.0,-0.11388641595840454,-2.211899757385254,0.0,-0.11933508515357971,0.5970362424850464,0.0
20.31,2.926764726638794,-3.7181942462921143,2.0,-0.11508405208587646,-2.205911636352539,0.0,-0.12014219164848328,0.6005184054374695,0.0
20.32,2.925607681274414,-3.740224599838257,2.0,-0.11628973484039307,-2.1998889446258545,0.0,-0.12095314264297485,0.6039891242980957,0.0
20.330000000000002,2.9244394302368164,-3.7621922492980957,2.0,-0.11750292778015137,-2.1938319206237793,0.0,-0.12176796793937683,0.6074482202529907,0.0
20.34,2.9232583045959473,-3.7841014862060547,2.0,-0.1187250018119812,-2.187739849090576,0.0,-0.12258636951446533,0.610896110534668,0.0
20.35,2.9220643043518066,-3.8059492111206055,2.0,-0.11995518207550049,-2.1816134452819824,0.0,-0.12340846657752991,0.6143323183059692,0.0
20.36,2.920858860015869,-3.8277339935302734,2.0,-0.12119299173355103,-2.175452947616577,0.0,-0.12423434853553772,0.6177568435668945,0.0
20.37,2.91964054107666,-3.849458694458008,2.0,-0.12243974208831787,-2.1692581176757812,0.0,-0.12506374716758728,0.6211698055267334,0.0
20.38,2.9184093475341797,-3.871121406555176,2.0,-0.1236947774887085,-2.163029193878174,0.0,-0.12589672207832336,0.6245710849761963,0.0
20.39,2.9171667098999023,-3.892719268798828,2.0,-0.12495750188827515,-2.156766414642334,0.0,-0.12673339247703552,0.6279603242874146,0.0
20.400000000000002,2.915910482406616,-3.9142565727233887,2.0,-0.12622922658920288,-2.1504697799682617,0.0,-0.12757349014282227,0.6313379406929016,0.0
20.41,2.9146413803100586,-3.9357309341430664,2.0,-0.1275094747543335,-2.144139289855957,0.0,-0.12841704487800598,0.6347035765647888,0.0
20.42,2.913360834121704,-3.9571399688720703,2.0,-0.1287974715232849,-2.1377756595611572,0.0,-0.1292642056941986,0.6380571126937866,0.0
20.43,2.9120659828186035,-3.978487014770508,2.0,-0.13009458780288696,-2.131378173828125,0.0,-0.13011464476585388,0.6413986682891846,0.0
20.44,2.9107580184936523,-3.999769687652588,2.0,-0.1314002275466919,-2.1249470710754395,0.0,-0.13096848130226135,0.6447281837463379,0.0
20.45,2.909438371658325,-4.0209856033325195,2.0,-0.13271379470825195,-2.118483543395996,0.0,-0.13182583451271057,0.6480453014373779,0.0
20.46,2.9081039428710938,-4.042139053344727,2.0,-0.1340366005897522,-2.1119861602783203,0.0,-0.1326863169670105,0.6513504981994629,0.0
20.47,2.9067564010620117,-4.063227653503418,2.0,-0.13536810874938965,-2.1054558753967285,0.0,-0.13355010747909546,0.6546432971954346,0.0
20.48,2.9053969383239746,-4.0842485427856445,2.0,-0.13670748472213745,-2.098893165588379,0.0,-0.134417325258255,0.6579235792160034,0.0
20.490000000000002,2.904022693634033,-4.10520601272583,2.0,-0.13805627822875977,-2.092297315597534,0.0,-0.13528761267662048,0.6611915826797485,0.0
20.5,2.902635097503662,-4.126096725463867,2.0,-0.1394137144088745,-2.0856688022613525,0.0,-0.13616105914115906,0.6644471883773804,0.0
20.51,2.9012348651885986,-4.146919250488281,2.0,-0.1407793164253235,-2.079008102416992,0.0,-0.13703778386116028,0.6676900386810303,0.0
20.52,2.899819850921631,-4.167677402496338,2.0,-0.14215439558029175,-2.072314977645874,0.0,-0.13791745901107788,0.6709204912185669,0.0
20.53,2.898390769958496,-4.18836784362793,2.0,-0.14353829622268677,-2.065589189529419,0.0,-0.1388002634048462,0.6741383075714111,0.0
20.54,2.896949291229248,-4.208989143371582,2.0,-0.14493024349212646,-2.0588319301605225,0.0,-0.1396862268447876,0.6773431897163391,0.0
20.55,2.8954923152923584,-4.229544639587402,2.0,-0.146331787109375,-2.052042245864868,0.0,-0.14057505130767822,0.6805354952812195,0.0
20.56,2.894021511077881,-4.250032424926758,2.0,-0.14774227142333984,-2.0452206134796143,0.0,-0.14146682620048523,0.6837149858474731,0.0
20.57,2.892538070678711,-4.270449161529541,2.0,-0.14916092157363892,-2.038367748260498,0.0,-0.14236170053482056,0.6868813633918762,0.0
20.580000000000002,2.8910388946533203,-4.290799617767334,2.0,-0.15058940649032593,-2.0314829349517822,0.0,-0.14325931668281555,0.6900351047515869,0.0
20.59,2.8895249366760254,-4.3110809326171875,2.0,-0.15202665328979492,-2.024566411972046,0.0,-0.14415976405143738,0.6931757926940918,0.0
20.6,2.887998342514038,-4.331291198730469,2.0,-0.15347230434417725,-2.0176191329956055,0.0,-0.14506322145462036,0.696303129196167,0.0
20.61,2.886455774307251,-4.351433753967285,2.0,-0.1549277901649475,-2.0106403827667236,0.0,-0.14596927165985107,0.6994176506996155,0.0
20.62,2.8848989009857178,-4.371506214141846,2.0,-0.15639227628707886,-2.0036303997039795,0.0,-0.14687809348106384,0.7025189995765686,0.0
20.63,2.883328437805176,-4.391506671905518,2.0,-0.1578652262687683,-1.9965898990631104,0.0,-0.14778980612754822,0.7056069374084473,0.0
20.64,2.881742000579834,-4.41143798828125,2.0,-0.15934795141220093,-1.989518165588379,0.0,-0.14870399236679077,0.7086817026138306,0.0
20.650000000000002,2.880140542984009,-4.431298732757568,2.0,-0.16083985567092896,-1.9824156761169434,0.0,-0.14962083101272583,0.7117432355880737,0.0
20.66,2.878525495529175,-4.451086521148682,2.0,-0.1623402237892151,-1.975283145904541,0.0,-0.15054044127464294,0.7147910594940186,0.0
20.67,2.876893997192383,-4.470804691314697,2.0,-0.16385048627853394,-1.9681196212768555,0.0,-0.15146243572235107,0.717825710773468,0.0
20.68,2.8752477169036865,-4.490451335906982,2.0,-0.16536998748779297,-1.9609260559082031,0.0,-0.15238693356513977,0.7208468914031982,0.0
20.69,2.873587131500244,-4.51002311706543,2.0,-0.16689807176589966,-1.953702688217163,0.0,-0.15331408381462097,0.7238542437553406,0.0
20.7,2.8719100952148438,-4.529525279998779,2.0,-0.16843611001968384,-1.946448802947998,0.0,-0.15424349904060364,0.7268481850624084,0.0
20.71,2.8702173233032227,-4.548954486846924,2.0,-0.16998350620269775,-1.9391651153564453,0.0,-0.15517538785934448,0.7298284769058228,0.0
20.72,2.8685107231140137,-4.5683088302612305,2.0,-0.1715395450592041,-1.931852102279663,0.0,-0.1561097800731659,0.7327948808670044,0.0
20.73,2.8667871952056885,-4.587591648101807,2.0,-0.17310553789138794,-1.924509048461914,0.0,-0.1570463478565216,0.7357476949691772,0.0
20.740000000000002,2.8650474548339844,-4.6068010330200195,2.0,-0.1746809482574463,-1.9171366691589355,0.0,-0.1579851508140564,0.7386866807937622,0.0
20.75,2.8632936477661133,-4.625934600830078,2.0,-0.17626506090164185,-1.9097352027893066,0.0,-0.15892642736434937,0.7416115999221802,0.0
20.76,2.861522674560547,-4.64499568939209,2.0,-0.17785924673080444,-1.9023041725158691,0.0,-0.1598697304725647,0.744522750377655,0.0
20.77,2.8597352504730225,-4.66398286819458,2.0,-0.1794629693031311,-1.8948440551757812,0.0,-0.16081523895263672,0.7474199533462524,0.0
20.78,2.857933759689331,-4.682892799377441,2.0,-0.18107551336288452,-1.8873555660247803,0.0,-0.1617630124092102,0.7503029108047485,0.0
20.79,2.856114387512207,-4.701729774475098,2.0,-0.18269801139831543,-1.879837989807129,0.0,-0.16271275281906128,0.7531719207763672,0.0
20.8,2.854278564453125,-4.720491409301758,2.0,-0.18433034420013428,-1.8722915649414062,0.0,-0.16366451978683472,0.7560269236564636,0.0
20.81,2.8524279594421387,-4.739175796508789,2.0,-0.18597131967544556,-1.8647172451019287,0.0,-0.16461846232414246,0.7588674426078796,0.0
20.82,2.8505594730377197,-4.757786273956299,2.0,-0.18762248754501343,-1.8571140766143799,0.0,-0.16557425260543823,0.7616939544677734,0.0
20.830000000000002,2.8486745357513428,-4.776320457458496,2.0,-0.1892833113670349,-1.849482774734497,0.0,-0.1665319800376892,0.7645061612129211,0.0
20.84,2.846774101257324,-4.79477596282959,2.0,-0.19095301628112793,-1.8418238162994385,0.0,-0.16749173402786255,0.7673038244247437,0.0
20.85,2.844855785369873,-4.813156604766846,2.0,-0.19263297319412231,-1.8341364860534668,0.0,-0.16845324635505676,0.7700873017311096,0.0
20.86,2.8429203033447266,-4.831460475921631,2.0,-0.1943225860595703,-1.8264214992523193,0.0,-0.16941648721694946,0.7728563547134399,0.0
20.87,2.840970039367676,-4.849685192108154,2.0,-0.19602125883102417,-1.8186793327331543,0.0,-0.17038175463676453,0.7756106853485107,0.0
20.88,2.8390002250671387,-4.867834568023682,2.0,-0.19773012399673462,-1.8109091520309448,0.0,-0.17134854197502136,0.7783507108688354,0.0
20.89,2.8370141983032227,-4.8859052658081055,2.0,-0.1994485855102539,-1.8031115531921387,0.0,-0.17231705784797668,0.7810761332511902,0.0
20.900000000000002,2.8350119590759277,-4.903896808624268,2.0,-0.20117634534835815,-1.7952874898910522,0.0,-0.17328742146492004,0.7837867140769958,0.0
20.91,2.832990884780884,-4.921811103820801,2.0,-0.20291423797607422,-1.78743577003479,0.0,-0.17425918579101562,0.7864828109741211,0.0
20.92,2.8309526443481445,-4.939647674560547,2.0,-0.204662024974823,-1.779557228088379,0.0,-0.17523255944252014,0.7891642451286316,0.0
20.93,2.8288981914520264,-4.95740270614624,2.0,-0.20641881227493286,-1.771652340888977,0.0,-0.17620763182640076,0.7918306589126587,0.0
20.94,2.826824426651001,-4.975080490112305,2.0,-0.20818597078323364,-1.7637203931808472,0.0,-0.17718404531478882,0.7944824695587158,0.0
20.95,2.824733257293701,-4.992678642272949,2.0,-0.20996296405792236,-1.7557621002197266,0.0,-0.1781618595123291,0.7971193790435791,0.0
20.96,2.8226256370544434,-5.010195732116699,2.0,-0.2117491364479065,-1.7477778196334839,0.0,-0.17914129793643951,0.7997411489486694,0.0
20.97,2.820498466491699,-5.027634620666504,2.0,-0.21354562044143677,-1.739767074584961,0.0,-0.18012192845344543,0.8023481369018555,0.0
20.98,2.8183534145355225,-5.0449934005737305,2.0,-0.2153521180152893,-1.7317302227020264,0.0,-0.1811039000749588,0.8049402236938477,0.0
20.990000000000002,2.8161919116973877,-5.06226921081543,2.0,-0.2171676754951477,-1.723668098449707,0.0,-0.18208731710910797,0.8075169324874878,0.0
21.0,2.8140106201171875,-5.079466819763184,2.0,-0.2189936637878418,-1.7155797481536865,0.0,-0.1830718219280243,0.8100787997245789,0.0
21.01,2.8118109703063965,-5.096582412719727,2.0,-0.22082960605621338,-1.7074658870697021,0.0,-0.18405750393867493,0.812625527381897,0.0
21.02,2.8095943927764893,-5.113615989685059,2.0,-0.22267472743988037,-1.699326992034912,0.0,-0.1850445419549942,0.815156877040863,0.0
21.03,2.8073580265045166,-5.1305694580078125,2.0,-0.2245303988456726,-1.6911625862121582,0.0,-0.18603254854679108,0.8176732063293457,0.0
21.04,2.805102586746216,-5.1474409103393555,2.0,-0.226395845413208,-1.6829729080200195,0.0,-0.1870216280221939,0.8201742172241211,0.0
21.05,2.802830219268799,-5.164228916168213,2.0,-0.22827070951461792,-1.6747589111328125,0.0,-0.18801191449165344,0.8226597309112549,0.0
21.06,2.800537347793579,-5.180936336517334,2.0,-0.23015600442886353,-1.6665196418762207,0.0,-0.18900300562381744,0.825130045413971,0.0
21.07,2.7982258796691895,-5.197561264038086,2.0,-0.2320513129234314,-1.6582555770874023,0.0,-0.18999503552913666,0.827584981918335,0.0
21.080000000000002,2.7958970069885254,-5.214101791381836,2.0,-0.23395580053329468,-1.6499677896499634,0.0,-0.1909881979227066,0.8300243020057678,0.0
21.09,2.7935471534729004,-5.230560779571533,2.0,-0.23587089776992798,-1.6416550874710083,0.0,-0.19198206067085266,0.8324483036994934,0.0
21.1,2.7911782264709473,-5.246936321258545,2.0,-0.237795889377594,-1.6333180665969849,0.0,-0.1929766982793808,0.8348567485809326,0.0
21.11,2.7887916564941406,-5.263227462768555,2.0,-0.23973029851913452,-1.6249576807022095,0.0,-0.19397233426570892,0.8372495174407959,0.0
21.12,2.786383628845215,-5.279435634613037,2.0,-0.2416752576828003,-1.6165729761123657,0.0,-0.19496850669384003,0.8396267890930176,0.0
21.13,2.783957004547119,-5.295560359954834,2.0,-0.24363017082214355,-1.6081645488739014,0.0,-0.19596540927886963,0.8419883847236633,0.0
21.14,2.7815117835998535,-5.311599254608154,2.0,-0.24559450149536133,-1.5997331142425537,0.0,-0.1969631463289261,0.8443341255187988,0.0
21.150000000000002,2.779045581817627,-5.327555179595947,2.0,-0.24756932258605957,-1.5912775993347168,0.0,-0.19796130061149597,0.846664309501648,0.0
21.16,2.776559352874756,-5.34342622756958,2.0,-0.2495540976524353,-1.5827990770339966,0.0,-0.1989600509405136,0.8489787578582764,0.0
21.17,2.774055004119873,-5.359210968017578,2.0,-0.2515484690666199,-1.5742979049682617,0.0,-0.19995948672294617,0.8512771129608154,0.0
21.18,2.771528720855713,-5.374912738800049,2.0,-0.2535533308982849,-1.565773367881775,0.0,-0.2009592354297638,0.8535599112510681,0.0
21.19,2.768982410430908,-5.390528202056885,2.0,-0.25556808710098267,-1.5572260618209839,0.0,-0.20195941627025604,0.855826735496521,0.0
21.2,2.7664175033569336,-5.406056880950928,2.0,-0.2575923204421997,-1.548656702041626,0.0,-0.20296017825603485,0.8580774664878845,0.0
21.21,2.7638309001922607,-5.421501636505127,2.0,-0.2596272826194763,-1.5400643348693848,0.0,-0.20396111905574799,0.8603124022483826,0.0
21.22,2.761223793029785,-5.436860084533691,2.0,-0.2616720199584961,-1.5314496755599976,0.0,-0.2049623727798462,0.8625313639640808,0.0
21.23,2.7585978507995605,-5.4521307945251465,2.0,-0.2637263536453247,-1.5228135585784912,0.0,-0.20596405863761902,0.8647340536117554,0.0
21.240000000000002,2.7559494972229004,-5.467316627502441,2.0,-0.26579123735427856,-1.5141547918319702,0.0,-0.20696581900119781,0.8669208884239197,0.0
21.25,2.7532808780670166,-5.482415676116943,2.0,-0.2678660750389099,-1.505474328994751,0.0,-0.20796774327754974,0.8690916299819946,0.0
21.26,2.7505927085876465,-5.4974260330200195,2.0,-0.2699505090713501,-1.4967728853225708,0.0,-0.20896999537944794,0.8712459802627563,0.0
21.27,2.74788236618042,-5.512351036071777,2.0,-0.27204543352127075,-1.4880492687225342,0.0,-0.20997215807437897,0.8733842372894287,0.0
21.28,2.745150566101074,-5.527188777923584,2.0,-0.27415043115615845,-1.479304552078247,0.0,-0.21097436547279358,0.8755064010620117,0.0
21.29,2.7423996925354004,-5.541937351226807,2.0,-0.27626490592956543,-1.4705390930175781,0.0,-0.2119767665863037,0.8776121139526367,0.0
21.3,2.7396254539489746,-5.5565996170043945,2.0,-0.27838993072509766,-1.4617520570755005,0.0,-0.21297892928123474,0.8797016739845276,0.0
21.31,2.736830711364746,-5.571173667907715,2.0,-0.2805249094963074,-1.452944278717041,0.0,-0.213981032371521,0.8817748427391052,0.0
21.32,2.734015464782715,-5.585658550262451,2.0,-0.28266942501068115,-1.4441163539886475,0.0,-0.21498319506645203,0.8838315606117249,0.0
21.330000000000002,2.73117733001709,-5.6000566482543945,2.0,-0.2848244905471802,-1.435267448425293,0.0,-0.2159850001335144,0.8858720064163208,0.0
21.34,2.7283177375793457,-5.614365577697754,2.0,-0.2869895100593567,-1.4263982772827148,0.0,-0.21698659658432007,0.8878960013389587,0.0
21.35,2.725438356399536,-5.628584384918213,2.0,-0.28916412591934204,-1.4175094366073608,0.0,-0.21798814833164215,0.8899034261703491,0.0
21.36,2.7225351333618164,-5.642715930938721,2.0,-0.29134929180145264,-1.408600091934204,0.0,-0.21898916363716125,0.8918944597244263,0.0
21.37,2.7196097373962402,-5.656757831573486,2.0,-0.29354435205459595,-1.3996708393096924,0.0,-0.2199898511171341,0.8938689231872559,0.0
21.38,2.7166643142700195,-5.670709133148193,2.0,-0.2957489490509033,-1.390722393989563,0.0,-0.22099032998085022,0.8958266973495483,0.0
21.39,2.7136952877044678,-5.684572696685791,2.0,-0.29796403646469116,-1.3817540407180786,0.0,-0.2219901978969574,0.8977680802345276,0.0
21.400000000000002,2.7107038497924805,-5.698346138000488,2.0,-0.3001892566680908,-1.372766375541687,0.0,-0.22298957407474518,0.8996927738189697,0.0
21.41,2.7076919078826904,-5.7120280265808105,2.0,-0.30242377519607544,-1.363759994506836,0.0,-0.2239886373281479,0.90160071849823,0.0
21.42,2.704655885696411,-5.725621223449707,2.0,-0.3046688437461853,-1.354734182357788,0.0,-0.2249869555234909,0.9034920930862427,0.0
21.43,2.701597213745117,-5.739124298095703,2.0,-0.30692392587661743,-1.3456894159317017,0.0,-0.2259846180677414,0.9053666591644287,0.0
21.44,2.6985177993774414,-5.752534866333008,2.0,-0.3091886043548584,-1.336626648902893,0.0,-0.22698183357715607,0.9072244167327881,0.0
21.45,2.695413589477539,-5.765856742858887,2.0,-0.3114636540412903,-1.3275448083877563,0.0,-0.2279781550168991,0.9090654850006104,0.0
21.46,2.692286968231201,-5.779087543487549,2.0,-0.31374865770339966,-1.3184446096420288,0.0,-0.22897373139858246,0.9108898639678955,0.0
21.47,2.6891393661499023,-5.7922258377075195,2.0,-0.316042959690094,-1.3093268871307373,0.0,-0.22996875643730164,0.9126971364021301,0.0
21.48,2.685966730117798,-5.80527400970459,2.0,-0.3183477520942688,-1.3001905679702759,0.0,-0.23096272349357605,0.9144877195358276,0.0
21.490000000000002,2.6827707290649414,-5.818231105804443,2.0,-0.3206626772880554,-1.2910362482070923,0.0,-0.23195576667785645,0.9162614345550537,0.0
21.5,2.679553747177124,-5.831094741821289,2.0,-0.3229869604110718,-1.281865119934082,0.0,-0.23294810950756073,0.9180179834365845,0.0
21.51,2.676311492919922,-5.843868255615234,2.0,-0.3253215551376343,-1.2726757526397705,0.0,-0.23393931984901428,0.9197578430175781,0.0
21.52,2.6730458736419678,-5.8565497398376465,2.0,-0.32766610383987427,-1.2634692192077637,0.0,-0.23492944240570068,0.921480655670166,0.0
21.53,2.6697587966918945,-5.869137763977051,2.0,-0.33002012968063354,-1.2542459964752197,0.0,-0.235918790102005,0.9231863021850586,0.0
21.54,2.6664459705352783,-5.881634712219238,2.0,-0.33238446712493896,-1.2450052499771118,0.0,-0.2369067668914795,0.9248750805854797,0.0
21.55,2.66310977935791,-5.894039154052734,2.0,-0.3347586989402771,-1.2357478141784668,0.0,-0.23789364099502563,0.9265468120574951,0.0
21.56,2.6597511768341064,-5.906350135803223,2.0,-0.3371422290802002,-1.2264741659164429,0.0,-0.2388795018196106,0.9282013177871704,0.0
21.57,2.656367063522339,-5.918569087982178,2.0,-0.33953630924224854,-1.2171835899353027,0.0,-0.23986396193504333,0.9298387765884399,0.0
21.580000000000002,2.652958869934082,-5.930694580078125,2.0,-0.3419399857521057,-1.2078766822814941,0.0,-0.24084708094596863,0.9314591884613037,0.0
21.59,2.649528980255127,-5.942726135253906,2.0,-0.3443530201911926,-1.1985541582107544,0.0,-0.24182909727096558,0.9330621957778931,0.0
21.6,2.6460723876953125,-5.9546661376953125,2.0,-0.34677654504776,-1.1892151832580566,0.0,-0.24280956387519836,0.9346482753753662,0.0
21.61,2.642591714859009,-5.966512203216553,2.0,-0.3492097854614258,-1.1798604726791382,0.0,-0.24378857016563416,0.9362170696258545,0.0
21.62,2.6390888690948486,-5.9782633781433105,2.0,-0.3516523241996765,-1.1704907417297363,0.0,-0.24476632475852966,0.9377685189247131,0.0
21.63,2.635559320449829,-5.989922046661377,2.0,-0.35410505533218384,-1.1611050367355347,0.0,-0.24574241042137146,0.9393028020858765,0.0
21.64,2.632005214691162,-6.001486778259277,2.0,-0.35656750202178955,-1.151703953742981,0.0,-0.24671690165996552,0.9408198595046997,0.0
21.650000000000002,2.6284282207489014,-6.012956142425537,2.0,-0.3590392470359802,-1.1422884464263916,0.0,-0.24768999218940735,0.9423195123672485,0.0
21.66,2.6248247623443604,-6.024332046508789,2.0,-0.3615211844444275,-1.1328574419021606,0.0,-0.24866127967834473,0.9438018798828125,0.0
21.67,2.6211962699890137,-6.035614490509033,2.0,-0.3640129566192627,-1.1234115362167358,0.0,-0.24963082373142242,0.9452669620513916,0.0
21.68,2.6175448894500732,-6.0468010902404785,2.0,-0.3665139079093933,-1.1139519214630127,0.0,-0.25059887766838074,0.9467145204544067,0.0
21.69,2.6138665676116943,-6.057893753051758,2.0,-0.3690248727798462,-1.1044771671295166,0.0,-0.2515649199485779,0.948144793510437,0.0
21.7,2.6101629734039307,-6.068891525268555,2.0,-0.37154561281204224,-1.094988226890564,0.0,-0.25252917408943176,0.9495577216148376,0.0
21.71,2.606436014175415,-6.079793453216553,2.0,-0.37407535314559937,-1.085485816001892,0.0,-0.25349172949790955,0.9509530067443848,0.0
21.72,2.602681875228882,-6.090601444244385,2.0,-0.37661534547805786,-1.075968861579895,0.0,-0.2544521689414978,0.9523310661315918,0.0
21.73,2.5989019870758057,-6.101314067840576,2.0,-0.37916475534439087,-1.0664383172988892,0.0,-0.25541067123413086,0.9536916017532349,0.0
21.740000000000002,2.5950992107391357,-6.1119303703308105,2.0,-0.3817235231399536,-1.0568950176239014,0.0,-0.25636738538742065,0.9550344944000244,0.0
21.75,2.5912680625915527,-6.122452259063721,2.0,-0.38429224491119385,-1.047337532043457,0.0,-0.2573217749595642,0.9563599824905396,0.0
21.76,2.587411403656006,-6.132878303527832,2.0,-0.3868703842163086,-1.037766933441162,0.0,-0.2582741379737854,0.9576680064201355,0.0
21.77,2.583531379699707,-6.143207550048828,2.0,-0.389457643032074,-1.028183937072754,0.0,-0.259224534034729,0.9589583277702332,0.0
21.78,2.579622745513916,-6.153441905975342,2.0,-0.39205479621887207,-1.018587589263916,0.0,-0.260172575712204,0.9602311849594116,0.0
21.79,2.575688600540161,-6.163580417633057,2.0,-0.39466148614883423,-1.0089784860610962,0.0,-0.2611183524131775,0.9614864587783813,0.0
21.8,2.571729898452759,-6.17362117767334,2.0,-0.39727717638015747,-0.9993577003479004,0.0,-0.26206207275390625,0.9627240896224976,0.0
21.81,2.5677433013916016,-6.183567523956299,2.0,-0.3999027609825134,-0.9897238612174988,0.0,-0.26300325989723206,0.9639441967010498,0.0
21.82,2.5637307167053223,-6.193417072296143,2.0,-0.4025375247001648,-0.9800780415534973,0.0,-0.2639421224594116,0.9651466012001038,0.0
21.830000000000002,2.5596930980682373,-6.203169345855713,2.0,-0.4051814675331116,-0.970420777797699,0.0,-0.2648787200450897,0.9663312435150146,0.0
21.84,2.5556273460388184,-6.212825298309326,2.0,-0.40783512592315674,-0.9607512354850769,0.0,-0.2658126950263977,0.9674984216690063,0.0
21.85,2.55153489112854,-6.222385406494141,2.0,-0.41049808263778687,-0.9510700106620789,0.0,-0.2667441666126251,0.9686478972434998,0.0
21.86,2.5474178791046143,-6.231846809387207,2.0,-0.4131699204444885,-0.9413779973983765,0.0,-0.2676733136177063,0.9697794914245605,0.0
21.87,2.543272018432617,-6.241212844848633,2.0,-0.4158515930175781,-0.9316743016242981,0.0,-0.26859962940216064,0.9708935618400574,0.0
21.88,2.5390992164611816,-6.250481605529785,2.0,-0.4185423254966736,-0.921959400177002,0.0,-0.2695233225822449,0.9719899296760559,0.0
21.89,2.5349018573760986,-6.259652137756348,2.0,-0.42124199867248535,-0.912234365940094,0.0,-0.2704445719718933,0.973068356513977,0.0
21.900000000000002,2.530674695968628,-6.268726348876953,2.0,-0.4239511489868164,-0.9024978280067444,0.0,-0.27136287093162537,0.9741291999816895,0.0
21.91,2.526421070098877,-6.277703285217285,2.0,-0.4266696572303772,-0.8927508592605591,0.0,-0.2722783386707306,0.9751722812652588,0.0
21.92,2.522141933441162,-6.286581039428711,2.0,-0.4293968081474304,-0.8829942345619202,0.0,-0.27319130301475525,0.9761974811553955,0.0
21.93,2.5178334712982178,-6.295362949371338,2.0,-0.4321334958076477,-0.8732267618179321,0.0,-0.2741011381149292,0.9772049188613892,0.0
21.94,2.5134975910186768,-6.304046630859375,2.0,-0.4348791837692261,-0.8634492754936218,0.0,-0.27500805258750916,0.9781946539878845,0.0
21.95,2.509136438369751,-6.312631607055664,2.0,-0.4376335144042969,-0.8536627292633057,0.0,-0.2759122848510742,0.9791663885116577,0.0
21.96,2.5047454833984375,-6.321120262145996,2.0,-0.44039738178253174,-0.8438657522201538,0.0,-0.2768132984638214,0.9801204800605774,0.0
21.97,2.5003271102905273,-6.329510688781738,2.0,-0.4431702494621277,-0.834059476852417,0.0,-0.27771124243736267,0.9810566902160645,0.0
21.98,2.495882272720337,-6.337801456451416,2.0,-0.44595158100128174,-0.824244499206543,0.0,-0.2786063551902771,0.9819749593734741,0.0
21.990000000000002,2.491408109664917,-6.345995903015137,2.0,-0.4487423896789551,-0.8144197463989258,0.0,-0.2794981002807617,0.9828755259513855,0.0
22.0,2.486906051635742,-6.354090690612793,2.0,-0.4515419602394104,-0.8045861721038818,0.0,-0.28038665652275085,0.9837582111358643,0.0
22.01,2.4823780059814453,-6.362087249755859,2.0,-0.45434999465942383,-0.7947444915771484,0.0,-0.2812722623348236,0.9846228361129761,0.0
22.02,2.4778196811676025,-6.369985580444336,2.0,-0.4571673274040222,-0.7848935723304749,0.0,-0.2821543216705322,0.9854696989059448,0.0
22.03,2.4732327461242676,-6.377786159515381,2.0,-0.45999348163604736,-0.7750342488288879,0.0,-0.2830331027507782,0.9862987995147705,0.0
22.04,2.4686198234558105,-6.385486125946045,2.0,-0.46282798051834106,-0.7651674151420593,0.0,-0.28390878438949585,0.9871097803115845,0.0
22.05,2.463977098464966,-6.393089294433594,2.0,-0.46567171812057495,-0.7552919387817383,0.0,-0.2847808599472046,0.9879029989242554,0.0
22.06,2.4593050479888916,-6.400592803955078,2.0,-0.4685239791870117,-0.7454085350036621,0.0,-0.28564944863319397,0.9886782169342041,0.0
22.07,2.4546070098876953,-6.407997131347656,2.0,-0.4713847041130066,-0.735518217086792,0.0,-0.2865147888660431,0.9894354343414307,0.0
22.080000000000002,2.449877977371216,-6.4153032302856445,2.0,-0.4742542505264282,-0.7256196737289429,0.0,-0.28737637400627136,0.9901748895645142,0.0
22.09,2.445120096206665,-6.422510623931885,2.0,-0.47713255882263184,-0.7157138586044312,0.0,-0.2882343828678131,0.9908963441848755,0.0
22.1,2.440335750579834,-6.429617881774902,2.0,-0.4800190329551697,-0.7058016061782837,0.0,-0.28908902406692505,0.9915997982025146,0.0
22.11,2.4355201721191406,-6.436626434326172,2.0,-0.4829143285751343,-0.6958816647529602,0.0,-0.2899397611618042,0.9922853708267212,0.0
22.12,2.430675983428955,-6.443536758422852,2.0,-0.4858182668685913,-0.6859550476074219,0.0,-0.2907868027687073,0.9929530620574951,0.0
22.13,2.425804376602173,-6.450345039367676,2.0,-0.4887300729751587,-0.6760224103927612,0.0,-0.2916303277015686,0.9936026334762573,0.0
22.14,2.4209015369415283,-6.457056999206543,2.0,-0.4916508197784424,-0.6660827994346619,0.0,-0.2924698293209076,0.9942343235015869,0.0
22.150000000000002,2.4159696102142334,-6.463668346405029,2.0,-0.49457991123199463,-0.6561369299888611,0.0,-0.2933054566383362,0.9948481321334839,0.0
22.16,2.411010503768921,-6.470179557800293,2.0,-0.4975168704986572,-0.6461856365203857,0.0,-0.29413747787475586,0.9954437613487244,0.0
22.17,2.406019687652588,-6.476592063903809,2.0,-0.5004625916481018,-0.6362279057502747,0.0,-0.29496532678604126,0.9960216283798218,0.0
22.18,2.4009995460510254,-6.482904434204102,2.0,-0.5034165382385254,-0.6262643337249756,0.0,-0.2957892119884491,0.9965814352035522,0.0
22.19,2.395951747894287,-6.48911714553833,2.0,-0.5063784122467041,-0.6162960529327393,0.0,-0.2966093122959137,0.997123122215271,0.0
22.2,2.3908724784851074,-6.495230674743652,2.0,-0.5093487501144409,-0.6063217520713806,0.0,-0.29742512106895447,0.9976470470428467,0.0
22.21,2.385763168334961,-6.50124454498291,2.0,-0.5123271942138672,-0.5963422656059265,0.0,-0.2982368469238281,0.9981529116630554,0.0
22.22,2.3806264400482178,-6.507157325744629,2.0,-0.5153135061264038,-0.5863585472106934,0.0,-0.299044668674469,0.9986407160758972,0.0
22.23,2.375457286834717,-6.512971878051758,2.0,-0.5183080434799194,-0.5763692855834961,0.0,-0.2998480200767517,0.9991106390953064,0.0
22.240000000000002,2.3702585697174072,-6.518686294555664,2.0,-0.5213108062744141,-0.5663754343986511,0.0,-0.30064719915390015,0.9995625615119934,0.0
22.25,2.3650317192077637,-6.524299621582031,2.0,-0.5243210792541504,-0.5563778877258301,0.0,-0.30144232511520386,0.9999963641166687,0.0
22.26,2.3597724437713623,-6.529813289642334,2.0,-0.527339518070221,-0.5463753938674927,0.0,-0.30223286151885986,1.0004123449325562,0.0
22.27,2.354483127593994,-6.535227298736572,2.0,-0.5303661227226257,-0.536368727684021,0.0,-0.30301907658576965,1.0008102655410767,0.0
22.28,2.349165678024292,-6.54054069519043,2.0,-0.5334000587463379,-0.526358962059021,0.0,-0.30380111932754517,1.001190185546875,0.0
22.29,2.343815803527832,-6.545754432678223,2.0,-0.5364421606063843,-0.5163447856903076,0.0,-0.3045784831047058,1.0015521049499512,0.0
22.3,2.338434934616089,-6.550868511199951,2.0,-0.5394919514656067,-0.5063270926475525,0.0,-0.3053513467311859,1.0018961429595947,0.0
22.31,2.333026170730591,-6.555881023406982,2.0,-0.542549192905426,-0.49630671739578247,0.0,-0.3061199188232422,1.002221941947937,0.0
22.32,2.3275845050811768,-6.560794353485107,2.0,-0.5456143021583557,-0.48628246784210205,0.0,-0.30688369274139404,1.0025299787521362,0.0
22.330000000000002,2.3221123218536377,-6.565607070922852,2.0,-0.5486871600151062,-0.47625529766082764,0.0,-0.3076428472995758,1.0028200149536133,0.0
22.34,2.3166112899780273,-6.570319175720215,2.0,-0.5517673492431641,-0.46622589230537415,0.0,-0.3083975613117218,1.0030920505523682,0.0
22.35,2.311077356338501,-6.574932098388672,2.0,-0.5548551082611084,-0.4561932682991028,0.0,-0.30914735794067383,1.0033462047576904,0.0
22.36,2.3055124282836914,-6.57944393157959,2.0,-0.5579504370689392,-0.44615811109542847,0.0,-0.3098923861980438,1.003582239151001,0.0
22.37,2.2999186515808105,-6.583855152130127,2.0,-0.5610529780387878,-0.4361214339733124,0.0,-0.3106328845024109,1.003800392150879,0.0
22.38,2.2942917346954346,-6.588166236877441,2.0,-0.5641631484031677,-0.42608192563056946,0.0,-0.31136831641197205,1.0040005445480347,0.0
22.39,2.2886338233947754,-6.592377185821533,2.0,-0.5672807097434998,-0.4160405397415161,0.0,-0.312098890542984,1.0041828155517578,0.0
22.400000000000002,2.2829465866088867,-6.596487045288086,2.0,-0.5704051852226257,-0.4059981405735016,0.0,-0.3128247559070587,1.0043469667434692,0.0
22.41,2.277225971221924,-6.600497245788574,2.0,-0.5735371708869934,-0.3959534168243408,0.0,-0.31354546546936035,1.0044933557510376,0.0
22.42,2.2714741230010986,-6.604406833648682,2.0,-0.5766764283180237,-0.385907381772995,0.0,-0.31426113843917847,1.0046217441558838,0.0
22.43,2.265692949295044,-6.60821533203125,2.0,-0.5798223614692688,-0.37586086988449097,0.0,-0.31497204303741455,1.0047321319580078,0.0
22.44,2.259878158569336,-6.611923694610596,2.0,-0.5829758644104004,-0.3658125698566437,0.0,-0.31567758321762085,1.0048246383666992,0.0
22.45,2.2540316581726074,-6.615531921386719,2.0,-0.5861362814903259,-0.3557634949684143,0.0,-0.31637805700302124,1.0048993825912476,0.0
22.46,2.2481558322906494,-6.619039058685303,2.0,-0.5893034338951111,-0.3457144498825073,0.0,-0.3170735836029053,1.0049560070037842,0.0
22.47,2.242246150970459,-6.622446537017822,2.0,-0.5924778580665588,-0.33566421270370483,0.0,-0.31776365637779236,1.0049947500228882,0.0
22.48,2.236304521560669,-6.625753402709961,2.0,-0.5956590175628662,-0.32561367750167847,0.0,-0.3184484839439392,1.0050157308578491,0.0
22.490000000000002,2.2303333282470703,-6.628958702087402,2.0,-0.5988467931747437,-0.31556373834609985,0.0,-0.31912827491760254,1.005018711090088,0.0
22.5,2.22432804107666,-6.632064342498779,2.0,-0.6020416617393494,-0.3055132031440735,0.0,-0.31980249285697937,1.005003809928894,0.0
22.51,2.2182908058166504,-6.635069370269775,2.0,-0.6052431464195251,-0.29546281695365906,0.0,-0.3204713463783264,1.0049710273742676,0.0
22.52,2.212223768234253,-6.637973308563232,2.0,-0.6084511876106262,-0.28541359305381775,0.0,-0.321135014295578,1.0049203634262085,0.0
22.53,2.2061221599578857,-6.640777587890625,2.0,-0.6116659045219421,-0.2753642499446869,0.0,-0.3217930197715759,1.0048519372940063,0.0
22.54,2.19998836517334,-6.643481254577637,2.0,-0.6148872375488281,-0.26531562209129333,0.0,-0.32244545221328735,1.0047657489776611,0.0
22.55,2.1938247680664062,-6.646083831787109,2.0,-0.6181149482727051,-0.25526875257492065,0.0,-0.3230926990509033,1.0046615600585938,0.0
22.56,2.187626600265503,-6.648586273193359,2.0,-0.6213491559028625,-0.2452223002910614,0.0,-0.3237340450286865,1.0045396089553833,0.0
22.57,2.181396007537842,-6.650988578796387,2.0,-0.6245898008346558,-0.23517706990242004,0.0,-0.3243698477745056,1.0043997764587402,0.0
22.580000000000002,2.175135374069214,-6.653289794921875,2.0,-0.6278365850448608,-0.22513410449028015,0.0,-0.32500019669532776,1.004242181777954,0.0
22.59,2.168839931488037,-6.655491352081299,2.0,-0.6310899257659912,-0.21509206295013428,0.0,-0.32562464475631714,1.0040669441223145,0.0
22.6,2.1625118255615234,-6.657592296600342,2.0,-0.6343494057655334,-0.20505189895629883,0.0,-0.3262432813644409,1.0038738250732422,0.0
22.61,2.1561532020568848,-6.659592628479004,2.0,-0.6376148462295532,-0.19501441717147827,0.0,-0.32685646414756775,1.0036629438400269,0.0
22.62,2.1497597694396973,-6.661492347717285,2.0,-0.6408865451812744,-0.1849784553050995,0.0,-0.3274635672569275,1.003434419631958,0.0
22.63,2.143333673477173,-6.663292407989502,2.0,-0.6441643238067627,-0.17494484782218933,0.0,-0.32806479930877686,1.0031880140304565,0.0
22.64,2.1368770599365234,-6.66499137878418,2.0,-0.6474480032920837,-0.1649145781993866,0.0,-0.32866042852401733,1.0029239654541016,0.0
22.650000000000002,2.130385160446167,-6.666590690612793,2.0,-0.6507376432418823,-0.15488621592521667,0.0,-0.3292498290538788,1.0026421546936035,0.0
22.66,2.1238603591918945,-6.668089866638184,2.0,-0.6540331840515137,-0.14486083388328552,0.0,-0.3298332691192627,1.002342700958252,0.0
22.67,2.117304801940918,-6.669487953186035,2.0,-0.6573343276977539,-0.13483926653862,0.0,-0.3304109573364258,1.0020256042480469,0.0
22.68,2.1107139587402344,-6.670786380767822,2.0,-0.6606414914131165,-0.12482014298439026,0.0,-0.3309823274612427,1.0016908645629883,0.0
22.69,2.1040902137756348,-6.671984672546387,2.0,-0.6639543771743774,-0.11480450630187988,0.0,-0.3315476179122925,1.0013384819030762,0.0
22.7,2.097435474395752,-6.67308235168457,2.0,-0.6672725081443787,-0.10479322075843811,0.0,-0.3321070373058319,1.000968337059021,0.0
22.71,2.090745210647583,-6.6740803718566895,2.0,-0.6705964803695679,-0.09478500485420227,0.0,-0.3326600193977356,1.0005806684494019,0.0
22.72,2.08402156829834,-6.674978256225586,2.0,-0.673926055431366,-0.0847807228565216,0.0,-0.33320683240890503,1.0001753568649292,0.0
22.73,2.0772671699523926,-6.675775527954102,2.0,-0.67726069688797,-0.07478132843971252,0.0,-0.33374762535095215,0.9997525215148926,0.0
22.740000000000002,2.07047700881958,-6.676473617553711,2.0,-0.6806010007858276,-0.06478551030158997,0.0,-0.33428189158439636,0.999312162399292,0.0
22.75,2.0636534690856934,-6.677072048187256,2.0,-0.6839465498924255,-0.05479419231414795,0.0,-0.3348098397254944,0.9988542795181274,0.0
22.76,2.0567984580993652,-6.67756986618042,2.0,-0.6872973442077637,-0.044808268547058105,0.0,-0.33533167839050293,0.9983787536621094,0.0
22.77,2.049907684326172,-6.6779680252075195,2.0,-0.6906533241271973,-0.03482648730278015,0.0,-0.3358469009399414,0.9978858232498169,0.0
22.78,2.0429835319519043,-6.678266525268555,2.0,-0.6940144896507263,-0.024849653244018555,0.0,-0.33635562658309937,0.9973753690719604,0.0
22.79,2.0360279083251953,-6.678464889526367,2.0,-0.6973804831504822,-0.014878839254379272,0.0,-0.33685818314552307,0.99684739112854,0.0
22.8,2.029036283493042,-6.678564071655273,2.0,-0.7007516622543335,-0.004912525415420532,0.0,-0.3373539447784424,0.99630206823349,0.0
22.81,2.0220108032226562,-6.678563117980957,2.0,-0.704127848148346,0.005048125982284546,0.0,-0.3378431797027588,0.995739221572876,0.0
22.82,2.014954090118408,-6.678462982177734,2.0,-0.7075086236000061,0.01500236988067627,0.0,-0.338326096534729,0.9951590299606323,0.0
22.830000000000002,2.0078611373901367,-6.678263187408447,2.0,-0.7108944058418274,0.024951457977294922,0.0,-0.3388020992279053,0.9945614337921143,0.0
22.84,2.000734329223633,-6.677964210510254,2.0,-0.7142849564552307,0.03489449620246887,0.0,-0.3392714858055115,0.9939465522766113,0.0
22.85,1.9935758113861084,-6.677565097808838,2.0,-0.7176799774169922,0.044830530881881714,0.0,-0.33973440527915955,0.993314266204834,0.0
22.86,1.9863810539245605,-6.677067756652832,2.0,-0.7210797071456909,0.054760903120040894,0.0,-0.3401903510093689,0.992664635181427,0.0
22.87,1.9791524410247803,-6.676470756530762,2.0,-0.7244839668273926,0.06468474864959717,0.0,-0.34063953161239624,0.9919977188110352,0.0
22.88,1.9718918800354004,-6.675773620605469,2.0,-0.7278925180435181,0.07460099458694458,0.0,-0.3410821557044983,0.9913135170936584,0.0
22.89,1.9645949602127075,-6.674978256225586,2.0,-0.7313057780265808,0.0845111608505249,0.0,-0.34151768684387207,0.9906120300292969,0.0
22.900000000000002,1.9572639465332031,-6.674083709716797,2.0,-0.7347231507301331,0.09441417455673218,0.0,-0.3419463634490967,0.9898934364318848,0.0
22.91,1.9499008655548096,-6.673089504241943,2.0,-0.7381446957588196,0.10430914163589478,0.0,-0.34236836433410645,0.9891575574874878,0.0
22.92,1.9425015449523926,-6.6719970703125,2.0,-0.7415705323219299,0.11419746279716492,0.0,-0.3427831530570984,0.988404393196106,0.0
22.93,1.9350675344467163,-6.670805931091309,2.0,-0.7450005412101746,0.12407815456390381,0.0,-0.3431909680366516,0.9876343011856079,0.0
22.94,1.9276018142700195,-6.669515609741211,2.0,-0.7484345436096191,0.13395029306411743,0.0,-0.3435920178890228,0.9868468642234802,0.0
22.95,1.9200993776321411,-6.668126583099365,2.0,-0.7518725395202637,0.14381524920463562,0.0,-0.34398576617240906,0.9860423803329468,0.0
22.96,1.9125624895095825,-6.66663932800293,2.0,-0.7553145289421082,0.15367203950881958,0.0,-0.344372421503067,0.9852207899093628,0.0
22.97,1.9049935340881348,-6.665053367614746,2.0,-0.7587600946426392,0.16351976990699768,0.0,-0.3447522222995758,0.9843822121620178,0.0
22.98,1.8973877429962158,-6.663369178771973,2.0,-0.7622096538543701,0.17335981130599976,0.0,-0.34512460231781006,0.9835265874862671,0.0
22.990000000000002,1.8897473812103271,-6.661586284637451,2.0,-0.7656627893447876,0.1831912100315094,0.0,-0.3454897701740265,0.9826539158821106,0.0
23.0,1.8820748329162598,-6.65970516204834,2.0,-0.7691194415092468,0.1930130422115326,0.0,-0.3458479642868042,0.9817641973495483,0.0
23.01,1.8743653297424316,-6.657725811004639,2.0,-0.7725798487663269,0.20282664895057678,0.0,-0.3461986780166626,0.9808577299118042,0.0
23.02,1.8666212558746338,-6.655648708343506,2.0,-0.776043713092804,0.21263107657432556,0.0,-0.3465420603752136,0.9799342155456543,0.0
23.03,1.8588449954986572,-6.653472900390625,2.0,-0.7795107364654541,0.22242549061775208,0.0,-0.34687840938568115,0.9789937138557434,0.0
23.04,1.8510315418243408,-6.651199817657471,2.0,-0.7829813361167908,0.2322111427783966,0.0,-0.34720712900161743,0.9780364036560059,0.0
23.05,1.8431833982467651,-6.648828983306885,2.0,-0.7864550948143005,0.24198710918426514,0.0,-0.3475283980369568,0.9770623445510864,0.0
23.06,1.8353028297424316,-6.646359920501709,2.0,-0.7899319529533386,0.25175249576568604,0.0,-0.34784257411956787,0.9760713577270508,0.0
23.07,1.8273850679397583,-6.64379358291626,2.0,-0.7934120893478394,0.26150864362716675,0.0,-0.3481489419937134,0.9750635623931885,0.0
23.080000000000002,1.8194327354431152,-6.641129970550537,2.0,-0.7968951463699341,0.27125468850135803,0.0,-0.34844788908958435,0.9740391373634338,0.0
23.09,1.8114476203918457,-6.638368606567383,2.0,-0.8003811240196228,0.28098952770233154,0.0,-0.34873953461647034,0.9729979038238525,0.0
23.1,1.8034254312515259,-6.635509967803955,2.0,-0.8038700222969055,0.29071474075317383,0.0,-0.34902337193489075,0.9719399213790894,0.0
23.11,1.7953681945800781,-6.632554054260254,2.0,-0.8073618412017822,0.30042925477027893,0.0,-0.3492995798587799,0.9708653688430786,0.0
23.12,1.787278652191162,-6.629500865936279,2.0,-0.8108561635017395,0.3101322054862976,0.0,-0.3495684862136841,0.9697742462158203,0.0
23.13,1.7791516780853271,-6.626351356506348,2.0,-0.8143532872200012,0.31982487440109253,0.0,-0.34982943534851074,0.9686664342880249,0.0
23.14,1.7709896564483643,-6.623105049133301,2.0,-0.8178529739379883,0.32950639724731445,0.0,-0.350082665681839,0.9675419926643372,0.0
23.150000000000002,1.7627949714660645,-6.619760513305664,2.0,-0.8213550448417664,0.339175820350647,0.0,-0.3503284752368927,0.9664009809494019,0.0
23.16,1.7545628547668457,-6.616321086883545,2.0,-0.824859619140625,0.3488345742225647,0.0,-0.3505662679672241,0.9652435779571533,0.0
23.17,1.7462959289550781,-6.612784385681152,2.0,-0.8283665776252747,0.35848164558410645,0.0,-0.35079625248908997,0.9640696048736572,0.0
23.18,1.7379961013793945,-6.6091508865356445,2.0,-0.8318755626678467,0.3681161105632782,0.0,-0.3510186970233917,0.9628792405128479,0.0
23.19,1.7296587228775024,-6.605421543121338,2.0,-0.8353869915008545,0.3777393102645874,0.0,-0.35123300552368164,0.9616724848747253,0.0
23.2,1.7212862968444824,-6.601596355438232,2.0,-0.8389005661010742,0.3873504400253296,0.0,-0.3514394760131836,0.9604493379592896,0.0
23.21,1.712881088256836,-6.597674369812012,2.0,-0.8424159288406372,0.3969484567642212,0.0,-0.3516382575035095,0.9592097997665405,0.0
23.22,1.7044384479522705,-6.593657493591309,2.0,-0.8459333181381226,0.40653473138809204,0.0,-0.3518288731575012,0.9579539895057678,0.0
23.23,1.695960521697998,-6.589543342590332,2.0,-0.8494526743888855,0.4161084294319153,0.0,-0.352011501789093,0.9566818475723267,0.0
23.240000000000002,1.6874496936798096,-6.585334777832031,2.0,-0.8529736995697021,0.42566847801208496,0.0,-0.352186381816864,0.9553935527801514,0.0
23.25,1.6789014339447021,-6.581030368804932,2.0,-0.8564965128898621,0.43521642684936523,0.0,-0.35235297679901123,0.9540890455245972,0.0
23.26,1.6703178882598877,-6.576630592346191,2.0,-0.8600209355354309,0.44475120306015015,0.0,-0.35251152515411377,0.9527683258056641,0.0
23.27,1.6617013216018677,-6.572134971618652,2.0,-0.8635468482971191,0.4542718827724457,0.0,-0.35266220569610596,0.9514313340187073,0.0
23.28,1.6530473232269287,-6.567544937133789,2.0,-0.8670743107795715,0.4637799561023712,0.0,-0.3528045415878296,0.9500783681869507,0.0
23.29,1.6443579196929932,-6.562859058380127,2.0,-0.870603084564209,0.4732743501663208,0.0,-0.352938711643219,0.9487093687057495,0.0
23.3,1.6356356143951416,-6.558078765869141,2.0,-0.8741331696510315,0.48275429010391235,0.0,-0.35306498408317566,0.947324275970459,0.0
23.31,1.626875638961792,-6.55320405960083,2.0,-0.8776646256446838,0.4922209680080414,0.0,-0.35318276286125183,0.9459233283996582,0.0
23.32,1.6180803775787354,-6.548234462738037,2.0,-0.8811970353126526,0.5016736388206482,0.0,-0.3532923460006714,0.9445062875747681,0.0
23.330000000000002,1.6092520952224731,-6.54317045211792,2.0,-0.8847304582595825,0.5111112594604492,0.0,-0.35339388251304626,0.9430733323097229,0.0
23.34,1.600386142730713,-6.5380120277404785,2.0,-0.8882649540901184,0.5205352306365967,0.0,-0.35348689556121826,0.9416245222091675,0.0
23.35,1.591484785079956,-6.532759666442871,2.0,-0.8918003439903259,0.529944658279419,0.0,-0.3535715639591217,0.9401599168777466,0.0
23.36,1.5825504064559937,-6.527412414550781,2.0,-0.8953365087509155,0.5393384695053101,0.0,-0.3536481559276581,0.9386793971061707,0.0
23.37,1.5735784769058228,-6.52197265625,2.0,-0.8988734483718872,0.5487183332443237,0.0,-0.3537161350250244,0.9371832013130188,0.0
23.38,1.5645709037780762,-6.5164384841918945,2.0,-0.9024109840393066,0.5580830574035645,0.0,-0.35377568006515503,0.9356712698936462,0.0
23.39,1.5555305480957031,-6.510810375213623,2.0,-0.905949056148529,0.5674318671226501,0.0,-0.3538270890712738,0.9341436624526978,0.0
23.400000000000002,1.5464524030685425,-6.50508975982666,2.0,-0.9094876050949097,0.5767661333084106,0.0,-0.353869765996933,0.9326003193855286,0.0
23.41,1.5373388528823853,-6.499275207519531,2.0,-0.9130266308784485,0.58608478307724,0.0,-0.35390394926071167,0.9310414791107178,0.0
23.42,1.528192162513733,-6.493367671966553,2.0,-0.9165658950805664,0.5953869819641113,0.0,-0.35392987728118896,0.9294670224189758,0.0
23.43,1.519007921218872,-6.487367153167725,2.0,-0.9201053380966187,0.604674220085144,0.0,-0.3539470136165619,0.9278770089149475,0.0
23.44,1.509788155555725,-6.481274127960205,2.0,-0.9236449599266052,0.613945484161377,0.0,-0.35395559668540955,0.9262715578079224,0.0
23.45,1.500535249710083,-6.475088119506836,2.0,-0.9271847009658813,0.6231997609138489,0.0,-0.35395583510398865,0.9246506094932556,0.0
23.46,1.4912447929382324,-6.468810081481934,2.0,-0.9307242631912231,0.6324385404586792,0.0,-0.3539472222328186,0.9230142831802368,0.0
23.47,1.4819188117980957,-6.462439060211182,2.0,-0.9342637062072754,0.6416609287261963,0.0,-0.35392996668815613,0.921362578868866,0.0
23.48,1.472559928894043,-6.455976486206055,2.0,-0.9378030896186829,0.650865912437439,0.0,-0.3539043068885803,0.9196956157684326,0.0
23.490000000000002,1.463163137435913,-6.449421405792236,2.0,-0.9413419365882874,0.6600549817085266,0.0,-0.3538697063922882,0.918013334274292,0.0
23.5,1.4537309408187866,-6.442774772644043,2.0,-0.9448806047439575,0.6692270636558533,0.0,-0.3538263440132141,0.9163157343864441,0.0
23.51,1.4442659616470337,-6.436036586761475,2.0,-0.9484185576438904,0.6783813834190369,0.0,-0.3537745475769043,0.9146029949188232,0.0
23.52,1.434762954711914,-6.4292073249816895,2.0,-0.9519560933113098,0.6875192523002625,0.0,-0.3537136912345886,0.9128751754760742,0.0
23.53,1.4252246618270874,-6.422286033630371,2.0,-0.9554930329322815,0.6966397762298584,0.0,-0.35364407300949097,0.9111322164535522,0.0
23.54,1.4156534671783447,-6.415274143218994,2.0,-0.9590290784835815,0.7057419419288635,0.0,-0.35356590151786804,0.9093741774559021,0.0
23.55,1.4060444831848145,-6.408170700073242,2.0,-0.9625644683837891,0.7148273587226868,0.0,-0.35347864031791687,0.9076011180877686,0.0
23.56,1.3964002132415771,-6.40097713470459,2.0,-0.9660988450050354,0.7238949537277222,0.0,-0.35338252782821655,0.9058130979537964,0.0
23.57,1.3867229223251343,-6.393692970275879,2.0,-0.9696322083473206,0.7329437136650085,0.0,-0.3532777726650238,0.9040100574493408,0.0
23.580000000000002,1.3770079612731934,-6.386317729949951,2.0,-0.973164439201355,0.7419752478599548,0.0,-0.35316386818885803,0.902192234992981,0.0
23.59,1.3672575950622559,-6.378852844238281,2.0,-0.9766956567764282,0.7509884834289551,0.0,-0.35304102301597595,0.900359570980072,0.0
23.6,1.357474446296692,-6.371297836303711,2.0,-0.9802255034446716,0.7599825263023376,0.0,-0.35290950536727905,0.8985121250152588,0.0
23.61,1.3476535081863403,-6.363653182983398,2.0,-0.98375403881073,0.7689588665962219,0.0,-0.3527687191963196,0.8966498970985413,0.0
23.62,1.3377972841262817,-6.3559184074401855,2.0,-0.9872809052467346,0.777916431427002,0.0,-0.3526189625263214,0.8947728872299194,0.0
23.63,1.3279081583023071,-6.348094463348389,2.0,-0.990806519985199,0.7868543863296509,0.0,-0.35246041417121887,0.8928812742233276,0.0
23.64,1.317981481552124,-6.34018087387085,2.0,-0.9943302869796753,0.7957741618156433,0.0,-0.35229259729385376,0.8909751176834106,0.0
23.650000000000002,1.3080195188522339,-6.332178115844727,2.0,-0.9978524446487427,0.8046748042106628,0.0,-0.3521157205104828,0.8890543580055237,0.0
23.66,1.2980246543884277,-6.324087619781494,2.0,-1.0013728141784668,0.8135553002357483,0.0,-0.35192999243736267,0.8871190547943115,0.0
23.67,1.2879923582077026,-6.3159074783325195,2.0,-1.0048911571502686,0.8224171996116638,0.0,-0.3517349362373352,0.8851693868637085,0.0
23.68,1.27792489528656,-6.307638645172119,2.0,-1.0084075927734375,0.831259548664093,0.0,-0.3515307307243347,0.8832051753997803,0.0
23.69,1.267824649810791,-6.299282073974609,2.0,-1.0119218826293945,0.8400814533233643,0.0,-0.3513176739215851,0.881226658821106,0.0
23.7,1.2576868534088135,-6.290836811065674,2.0,-1.0154340267181396,0.8488842248916626,0.0,-0.35109516978263855,0.8792338371276855,0.0
23.71,1.247514009475708,-6.282303810119629,2.0,-1.0189440250396729,0.8576670289039612,0.0,-0.3508634865283966,0.8772265911102295,0.0
23.72,1.2373082637786865,-6.273683071136475,2.0,-1.022451400756836,0.8664288520812988,0.0,-0.35062286257743835,0.8752052783966064,0.0
23.73,1.2270652055740356,-6.264974594116211,2.0,-1.0259565114974976,0.8751711845397949,0.0,-0.3503727316856384,0.8731697201728821,0.0
23.740000000000002,1.2167870998382568,-6.256179332733154,2.0,-1.029458999633789,0.8838930726051331,0.0,-0.3501133620738983,0.8711199760437012,0.0
23.75,1.2064763307571411,-6.2472968101501465,2.0,-1.032958984375,0.8925936818122864,0.0,-0.3498449921607971,0.8690563440322876,0.0
23.76,1.196128249168396,-6.2383270263671875,2.0,-1.0364561080932617,0.9012743234634399,0.0,-0.34956711530685425,0.8669785261154175,0.0
23.77,1.185745120048523,-6.229270935058594,2.0,-1.0399503707885742,0.9099341034889221,0.0,-0.34927988052368164,0.8648867607116699,0.0
23.78,1.1753294467926025,-6.220128059387207,2.0,-1.0434417724609375,0.9185720682144165,0.0,-0.3489835858345032,0.8627810478210449,0.0
23.79,1.1648766994476318,-6.210899353027344,2.0,-1.046930193901062,0.927189826965332,0.0,-0.34867775440216064,0.860661506652832,0.0
23.8,1.1543889045715332,-6.2015838623046875,2.0,-1.0504155158996582,0.935786247253418,0.0,-0.3483625054359436,0.8585280179977417,0.0
23.81,1.1438686847686768,-6.192182540893555,2.0,-1.0538976192474365,0.9443604350090027,0.0,-0.3480381965637207,0.8563809394836426,0.0
23.82,1.1333112716674805,-6.182696342468262,2.0,-1.057376503944397,0.9529138803482056,0.0,-0.3477041721343994,0.8542199730873108,0.0
23.830000000000002,1.1227190494537354,-6.173124313354492,2.0,-1.060851812362671,0.9614457488059998,0.0,-0.3473608195781708,0.8520454168319702,0.0
23.84,1.112094521522522,-6.163466930389404,2.0,-1.064323902130127,0.9699549078941345,0.0,-0.34700822830200195,0.8498572111129761,0.0
23.85,1.1014329195022583,-6.153724670410156,2.0,-1.0677920579910278,0.9784429669380188,0.0,-0.3466459810733795,0.8476554155349731,0.0
23.86,1.0907366275787354,-6.143897533416748,2.0,-1.0712567567825317,0.9869089126586914,0.0,-0.3462742567062378,0.845440149307251,0.0
23.87,1.0800080299377441,-6.133986473083496,2.0,-1.0747177600860596,0.9953517913818359,0.0,-0.3458932936191559,0.8432114124298096,0.0
23.88,1.0692425966262817,-6.123990535736084,2.0,-1.0781748294830322,1.0037732124328613,0.0,-0.345502644777298,0.8409693241119385,0.0
23.89,1.0584425926208496,-6.11391019821167,2.0,-1.0816278457641602,1.0121721029281616,0.0,-0.3451024293899536,0.8387137651443481,0.0
23.900000000000002,1.0476102828979492,-6.10374641418457,2.0,-1.085076928138733,1.0205475091934204,0.0,-0.34469297528266907,0.8364449739456177,0.0
23.91,1.0367412567138672,-6.093498706817627,2.0,-1.088521957397461,1.0289011001586914,0.0,-0.34427374601364136,0.8341628313064575,0.0
23.92,1.0258376598358154,-6.083168029785156,2.0,-1.0919625759124756,1.037231683731079,0.0,-0.3438448905944824,0.8318676352500916,0.0
23.93,1.0149023532867432,-6.07275390625,2.0,-1.095399022102356,1.0455384254455566,0.0,-0.3434067964553833,0.8295592069625854,0.0
23.94,1.0039302110671997,-6.062256813049316,2.0,-1.0988309383392334,1.0538229942321777,0.0,-0.34295886754989624,0.8272377252578735,0.0
23.95,0.9929236769676208,-6.051677227020264,2.0,-1.1022582054138184,1.0620841979980469,0.0,-0.34250128269195557,0.8249031901359558,0.0
23.96,0.9818852543830872,-6.041014671325684,2.0,-1.1056809425354004,1.0703210830688477,0.0,-0.34203439950942993,0.822555661201477,0.0
23.97,0.9708102941513062,-6.030270099639893,2.0,-1.1090989112854004,1.0785353183746338,0.0,-0.3415576219558716,0.820195198059082,0.0
23.98,0.9597011804580688,-6.019443511962891,2.0,-1.112512230873108,1.0867258310317993,0.0,-0.34107115864753723,0.8178219199180603,0.0
23.990000000000002,0.948560357093811,-6.008535385131836,2.0,-1.1159206628799438,1.0948917865753174,0.0,-0.34057533740997314,0.8154358267784119,0.0
24.0,0.9373807907104492,-5.99754524230957,2.0,-1.11932373046875,1.1030354499816895,0.0,-0.34006935358047485,0.8130369186401367,0.0
24.01,0.9261717796325684,-5.986474514007568,2.0,-1.1227221488952637,1.1111533641815186,0.0,-0.33955419063568115,0.8106253147125244,0.0
24.02,0.9149289131164551,-5.975322246551514,2.0,-1.126115083694458,1.1192471981048584,0.0,-0.33902934193611145,0.8082011938095093,0.0
24.03,0.9036474823951721,-5.964088439941406,2.0,-1.1295026540756226,1.127318263053894,0.0,-0.33849430084228516,0.8057643175125122,0.0
24.04,0.8923368453979492,-5.952775001525879,2.0,-1.1328850984573364,1.1353633403778076,0.0,-0.3379500210285187,0.8033150434494019,0.0
24.05,0.8809922933578491,-5.941381454467773,2.0,-1.1362619400024414,1.1433837413787842,0.0,-0.3373960256576538,0.8008532524108887,0.0
24.060000000000002,0.8696095943450928,-5.929906845092773,2.0,-1.1396329402923584,1.151381254196167,0.0,-0.33683180809020996,0.7983789443969727,0.0
24.07,0.8581975698471069,-5.918353080749512,2.0,-1.1429986953735352,1.1593523025512695,0.0,-0.33625829219818115,0.7958924174308777,0.0
24.080000000000002,0.8467521667480469,-5.90671968460083,2.0,-1.1463584899902344,1.1672983169555664,0.0,-0.33567509055137634,0.7933935523033142,0.0
24.09,0.8352683782577515,-5.89500617980957,2.0,-1.1497122049331665,1.1752209663391113,0.0,-0.335081547498703,0.7908823490142822,0.0
24.1,0.8237558007240295,-5.883214473724365,2.0,-1.1530601978302002,1.1831169128417969,0.0,-0.3344787657260895,0.7883591055870056,0.0
24.11,0.8122098445892334,-5.871344089508057,2.0,-1.1564021110534668,1.190987467765808,0.0,-0.3338662087917328,0.7858237028121948,0.0
24.12,0.8006256818771362,-5.859394073486328,2.0,-1.159737467765808,1.1988341808319092,0.0,-0.33324331045150757,0.7832760810852051,0.0
24.13,0.7890129685401917,-5.847366809844971,2.0,-1.1630668640136719,1.2066538333892822,0.0,-0.3326111137866974,0.7807166576385498,0.0
24.14,0.7773669362068176,-5.83526086807251,2.0,-1.166390061378479,1.2144477367401123,0.0,-0.33196911215782166,0.7781451940536499,0.0
24.150000000000002,0.7656830549240112,-5.8230767250061035,2.0,-1.1697063446044922,1.2222175598144531,0.0,-0.3313167691230774,0.7755617499351501,0.0
24.16,0.753970742225647,-5.810815811157227,2.0,-1.1730163097381592,1.2299598455429077,0.0,-0.3306550979614258,0.7729666233062744,0.0
24.17,0.7422254085540771,-5.798477649688721,2.0,-1.1763198375701904,1.2376761436462402,0.0,-0.32998359203338623,0.7703596949577332,0.0
24.18,0.7304422855377197,-5.7860612869262695,2.0,-1.179616093635559,1.2453678846359253,0.0,-0.3293016850948334,0.7677409052848816,0.0
24.19,0.7186310291290283,-5.773569583892822,2.0,-1.182905912399292,1.253031849861145,0.0,-0.32861047983169556,0.7651106119155884,0.0
24.2,0.7067867517471313,-5.7610015869140625,2.0,-1.1861886978149414,1.2606693506240845,0.0,-0.32790935039520264,0.7624687552452087,0.0
24.21,0.694905161857605,-5.748355388641357,2.0,-1.1894640922546387,1.2682819366455078,0.0,-0.3271978497505188,0.7598152160644531,0.0
24.22,0.6829954385757446,-5.735634803771973,2.0,-1.192732572555542,1.2758665084838867,0.0,-0.3264769911766052,0.757150411605835,0.0
24.23,0.6710530519485474,-5.722837924957275,2.0,-1.1959939002990723,1.2834242582321167,0.0,-0.32574620842933655,0.7544741034507751,0.0
24.240000000000002,0.6590734720230103,-5.709965229034424,2.0,-1.1992474794387817,1.290956735610962,0.0,-0.32500502467155457,0.7517863512039185,0.0
24.25,0.6470659971237183,-5.697018146514893,2.0,-1.2024940252304077,1.298460841178894,0.0,-0.32425445318222046,0.749087393283844,0.0
24.26,0.635026216506958,-5.683996200561523,2.0,-1.205732822418213,1.3059377670288086,0.0,-0.323494017124176,0.7463772892951965,0.0
24.27,0.6229493618011475,-5.6708984375,2.0,-1.2089638710021973,1.3133891820907593,0.0,-0.3227230906486511,0.7436558604240417,0.0
24.28,0.6108448505401611,-5.6577277183532715,2.0,-1.21218740940094,1.3208117485046387,0.0,-0.3219427764415741,0.7409234046936035,0.0
24.29,0.5987081527709961,-5.644482612609863,2.0,-1.2154030799865723,1.328207015991211,0.0,-0.3211525082588196,0.7381799221038818,0.0
24.3,0.5865347385406494,-5.631162643432617,2.0,-1.218610405921936,1.3355761766433716,0.0,-0.32035180926322937,0.7354254126548767,0.0
24.310000000000002,0.574333906173706,-5.617770195007324,2.0,-1.2218101024627686,1.3429162502288818,0.0,-0.31954169273376465,0.7326600551605225,0.0
24.32,0.5621011257171631,-5.604304790496826,2.0,-1.225001573562622,1.3502286672592163,0.0,-0.31872162222862244,0.7298839092254639,0.0
24.330000000000002,0.5498318672180176,-5.590764999389648,2.0,-1.228184461593628,1.35751473903656,0.0,-0.31789109110832214,0.727096676826477,0.0
24.34,0.5375353097915649,-5.57715368270874,2.0,-1.2313594818115234,1.3647713661193848,0.0,-0.31705111265182495,0.7242989540100098,0.0
24.35,0.5252071619033813,-5.563469409942627,2.0,-1.2345259189605713,1.371999979019165,0.0,-0.31620118021965027,0.7214906215667725,0.0
24.36,0.5128426551818848,-5.549712657928467,2.0,-1.2376835346221924,1.379201889038086,0.0,-0.3153407573699951,0.7186715602874756,0.0
24.37,0.5004514455795288,-5.535884857177734,2.0,-1.240832805633545,1.3863742351531982,0.0,-0.31447094678878784,0.7158420085906982,0.0
24.38,0.4880286455154419,-5.5219855308532715,2.0,-1.2439732551574707,1.393518090248108,0.0,-0.3135911226272583,0.71300208568573,0.0
24.39,0.4755699634552002,-5.5080132484436035,2.0,-1.247104525566101,1.400635004043579,0.0,-0.3127008080482483,0.7101514935493469,0.0
24.400000000000002,0.46308445930480957,-5.493971824645996,2.0,-1.2502272129058838,1.4077218770980835,0.0,-0.3118010461330414,0.707290768623352,0.0
24.41,0.4505678415298462,-5.479858875274658,2.0,-1.2533409595489502,1.4147801399230957,0.0,-0.310891330242157,0.704419732093811,0.0
24.42,0.43801558017730713,-5.465674877166748,2.0,-1.256445050239563,1.4218111038208008,0.0,-0.3099710941314697,0.7015383243560791,0.0
24.43,0.4254368543624878,-5.451422214508057,2.0,-1.2595404386520386,1.42881178855896,0.0,-0.30904144048690796,0.6986469626426697,0.0
24.44,0.41282737255096436,-5.437098979949951,2.0,-1.2626261711120605,1.4357833862304688,0.0,-0.3081017732620239,0.6957454681396484,0.0
24.45,0.40018224716186523,-5.422705173492432,2.0,-1.265702247619629,1.4427273273468018,0.0,-0.30715158581733704,0.6928338408470154,0.0
24.46,0.38751113414764404,-5.408243656158447,2.0,-1.2687692642211914,1.4496407508850098,0.0,-0.30619198083877563,0.6899123787879944,0.0
24.47,0.3748093843460083,-5.393712997436523,2.0,-1.2718266248703003,1.4565248489379883,0.0,-0.30522236227989197,0.6869810819625854,0.0
24.48,0.36207258701324463,-5.379112243652344,2.0,-1.2748736143112183,1.4633811712265015,0.0,-0.3042422831058502,0.6840397119522095,0.0
24.490000000000002,0.3493098020553589,-5.364444255828857,2.0,-1.2779114246368408,1.4702064990997314,0.0,-0.3032526969909668,0.6810888051986694,0.0
24.5,0.3365166187286377,-5.349708557128906,2.0,-1.2809392213821411,1.4770021438598633,0.0,-0.3022531270980835,0.678128182888031,0.0
24.51,0.32368898391723633,-5.334903240203857,2.0,-1.2839564085006714,1.4837698936462402,0.0,-0.3012431263923645,0.6751577854156494,0.0
24.52,0.310835599899292,-5.320031642913818,2.0,-1.286963939666748,1.4905061721801758,0.0,-0.3002236485481262,0.6721780300140381,0.0
24.53,0.29795217514038086,-5.305093288421631,2.0,-1.2899612188339233,1.4972126483917236,0.0,-0.2991941571235657,0.6691887378692627,0.0
24.54,0.28503429889678955,-5.29008674621582,2.0,-1.292947769165039,1.5038907527923584,0.0,-0.29815417528152466,0.6661897897720337,0.0
24.55,0.2720911502838135,-5.2750139236450195,2.0,-1.2959243059158325,1.5105371475219727,0.0,-0.29710471630096436,0.663181722164154,0.0
24.560000000000002,0.2591181993484497,-5.259876251220703,2.0,-1.2988903522491455,1.5171536207199097,0.0,-0.29604530334472656,0.6601643562316895,0.0
24.57,0.24611127376556396,-5.244670391082764,2.0,-1.3018451929092407,1.5237412452697754,0.0,-0.2949754297733307,0.6571375131607056,0.0
24.580000000000002,0.23307931423187256,-5.229400157928467,2.0,-1.3047897815704346,1.5302971601486206,0.0,-0.2938960790634155,0.6541017889976501,0.0
24.59,0.22001802921295166,-5.214064598083496,2.0,-1.3077235221862793,1.5368225574493408,0.0,-0.2928067445755005,0.6510568857192993,0.0
24.6,0.20692288875579834,-5.198662281036377,2.0,-1.3106458187103271,1.5433189868927002,0.0,-0.29170697927474976,0.6480028033256531,0.0
24.61,0.19380295276641846,-5.183197498321533,2.0,-1.3135576248168945,1.54978346824646,0.0,-0.29059773683547974,0.6449399590492249,0.0
24.62,0.18065416812896729,-5.167667388916016,2.0,-1.3164582252502441,1.556217074394226,0.0,-0.2894785404205322,0.6418682336807251,0.0
24.63,0.16747164726257324,-5.152071475982666,2.0,-1.3193470239639282,1.5626215934753418,0.0,-0.28834885358810425,0.6387875080108643,0.0
24.64,0.15426504611968994,-5.136414051055908,2.0,-1.3222250938415527,1.5689936876296997,0.0,-0.28720977902412415,0.6356981992721558,0.0
24.650000000000002,0.14102959632873535,-5.120692729949951,2.0,-1.3250917196273804,1.5753347873687744,0.0,-0.28606072068214417,0.6326001286506653,0.0
24.66,0.1277611255645752,-5.104905605316162,2.0,-1.3279461860656738,1.58164644241333,0.0,-0.2849012315273285,0.6294933557510376,0.0
24.67,0.11446857452392578,-5.0890583992004395,2.0,-1.3307896852493286,1.5879254341125488,0.0,-0.2837322950363159,0.6263781189918518,0.0
24.68,0.10114777088165283,-5.073148250579834,2.0,-1.3336213827133179,1.5941731929779053,0.0,-0.282553493976593,0.6232544779777527,0.0
24.69,0.08779406547546387,-5.057173728942871,2.0,-1.3364406824111938,1.6003912687301636,0.0,-0.28136420249938965,0.6201221346855164,0.0
24.7,0.0744168758392334,-5.041138648986816,2.0,-1.339248538017273,1.6065764427185059,0.0,-0.28016555309295654,0.6169817447662354,0.0
24.71,0.061011672019958496,-5.025042533874512,2.0,-1.3420443534851074,1.6127300262451172,0.0,-0.27895694971084595,0.6138330698013306,0.0
24.72,0.04757392406463623,-5.008882999420166,2.0,-1.344827651977539,1.6188538074493408,0.0,-0.27773797512054443,0.6106759309768677,0.0
24.73,0.03411293029785156,-4.992664337158203,2.0,-1.3475990295410156,1.6249444484710693,0.0,-0.276509553194046,0.6075109243392944,0.0
24.740000000000002,0.020624399185180664,-4.97638463973999,2.0,-1.350358247756958,1.6310033798217773,0.0,-0.2752712666988373,0.6043378114700317,0.0
24.75,0.007103681564331055,-4.960043430328369,2.0,-1.3531043529510498,1.63703191280365,0.0,-0.27402257919311523,0.60115647315979,0.0
24.76,-0.006439805030822754,-4.943643093109131,2.0,-1.355838656425476,1.6430271863937378,0.0,-0.27276456356048584,0.5979673862457275,0.0
24.77,-0.020010709762573242,-4.927183151245117,2.0,-1.3585602045059204,1.6489903926849365,0.0,-0.27149662375450134,0.5947704911231995,0.0
24.78,-0.03361308574676514,-4.9106621742248535,2.0,-1.361268401145935,1.6549233198165894,0.0,-0.2702183723449707,0.5915656089782715,0.0
24.79,-0.04723799228668213,-4.894083499908447,2.0,-1.363964557647705,1.6608226299285889,0.0,-0.2689307630062103,0.588353157043457,0.0
24.8,-0.06088995933532715,-4.877446174621582,2.0,-1.3666476011276245,1.6666896343231201,0.0,-0.26763325929641724,0.5851330757141113,0.0
24.810000000000002,-0.07457304000854492,-4.860748291015625,2.0,-1.3693169355392456,1.6725258827209473,0.0,-0.2663254737854004,0.5819051861763,0.0
24.82,-0.08827841281890869,-4.843994140625,2.0,-1.3719738721847534,1.678328514099121,0.0,-0.2650083303451538,0.578670084476471,0.0
24.830000000000002,-0.10201025009155273,-4.827182292938232,2.0,-1.3746176958084106,1.6840986013412476,0.0,-0.2636813819408417,0.5754274725914001,0.0
24.84,-0.11577284336090088,-4.810311317443848,2.0,-1.3772474527359009,1.6898376941680908,0.0,-0.2623441517353058,0.5721772909164429,0.0
24.85,-0.12955713272094727,-4.793384552001953,2.0,-1.3798644542694092,1.695542812347412,0.0,-0.26099759340286255,0.5689199566841125,0.0
24.86,-0.14336764812469482,-4.776401042938232,2.0,-1.3824678659439087,1.7012155055999756,0.0,-0.25964128971099854,0.565655529499054,0.0
24.87,-0.15720844268798828,-4.7593584060668945,2.0,-1.3850570917129517,1.7068567276000977,0.0,-0.2582746744155884,0.5623835921287537,0.0
24.88,-0.17107105255126953,-4.742262363433838,2.0,-1.3876333236694336,1.7124638557434082,0.0,-0.25689879059791565,0.559104859828949,0.0
24.89,-0.18495893478393555,-4.725110054016113,2.0,-1.390195608139038,1.7180380821228027,0.0,-0.25551319122314453,0.5558190941810608,0.0
24.900000000000002,-0.1988769769668579,-4.707900047302246,2.0,-1.3927433490753174,1.7235808372497559,0.0,-0.25411731004714966,0.5525261759757996,0.0
24.91,-0.21281588077545166,-4.690637111663818,2.0,-1.395277738571167,1.7290892601013184,0.0,-0.252712219953537,0.5492265224456787,0.0
24.92,-0.22678017616271973,-4.673319339752197,2.0,-1.3977981805801392,1.7345647811889648,0.0,-0.2512974143028259,0.545920193195343,0.0
24.93,-0.24077379703521729,-4.655944347381592,2.0,-1.400303602218628,1.7400083541870117,0.0,-0.24987241625785828,0.542606770992279,0.0
24.94,-0.25478827953338623,-4.638517379760742,2.0,-1.402795433998108,1.745417594909668,0.0,-0.24843820929527283,0.5392870306968689,0.0
24.95,-0.2688276767730713,-4.621036529541016,2.0,-1.4052728414535522,1.75079345703125,0.0,-0.246994286775589,0.5359606742858887,0.0
24.96,-0.282895565032959,-4.6035003662109375,2.0,-1.4077352285385132,1.7561373710632324,0.0,-0.2455402910709381,0.532627522945404,0.0
24.97,-0.29698431491851807,-4.585912704467773,2.0,-1.4101836681365967,1.7614467144012451,0.0,-0.24407705664634705,0.5292881727218628,0.0
24.98,-0.3110971450805664,-4.568271636962891,2.0,-1.4126173257827759,1.7667224407196045,0.0,-0.24260422587394714,0.5259424448013306,0.0
24.990000000000002,-0.3252387046813965,-4.550576686859131,2.0,-1.4150354862213135,1.7719662189483643,0.0,-0.24112126231193542,0.5225902199745178,0.0
25.0,-0.3393998146057129,-4.532831192016602,2.0,-1.4174394607543945,1.777174949645996,0.0,-0.23962914943695068,0.5192319750785828,0.0
25.01,-0.3535851240158081,-4.515033721923828,2.0,-1.4198286533355713,1.7823500633239746,0.0,-0.2381274700164795,0.5158675312995911,0.0
25.02,-0.36779844760894775,-4.497182846069336,2.0,-1.4222018718719482,1.7874929904937744,0.0,-0.23661574721336365,0.512496829032898,0.0
25.03,-0.3820312023162842,-4.479282855987549,2.0,-1.424560785293579,1.7926007509231567,0.0,-0.23509490489959717,0.5091203451156616,0.0
25.04,-0.3962874412536621,-4.461331844329834,2.0,-1.4269044399261475,1.7976746559143066,0.0,-0.23356452584266663,0.5057379007339478,0.0
25.05,-0.41057121753692627,-4.4433274269104,2.0,-1.429231882095337,1.8027162551879883,0.0,-0.23202413320541382,0.502349317073822,0.0
25.060000000000002,-0.42487430572509766,-4.425275802612305,2.0,-1.4315446615219116,1.8077223300933838,0.0,-0.23047468066215515,0.4989551603794098,0.0
25.07,-0.43920016288757324,-4.407174110412598,2.0,-1.4338419437408447,1.8126945495605469,0.0,-0.2289157211780548,0.4955553710460663,0.0
25.080000000000002,-0.45355308055877686,-4.3890204429626465,2.0,-1.4361227750778198,1.817634105682373,0.0,-0.22734683752059937,0.49214956164360046,0.0
25.09,-0.46792447566986084,-4.370820045471191,2.0,-1.4383888244628906,1.8225382566452026,0.0,-0.22576895356178284,0.4887385368347168,0.0
25.1,-0.4823185205459595,-4.352570533752441,2.0,-1.440638780593872,1.8274081945419312,0.0,-0.22418159246444702,0.48532193899154663,0.0
25.11,-0.4967392683029175,-4.334270477294922,2.0,-1.442872166633606,1.8322453498840332,0.0,-0.2225843369960785,0.4818996787071228,0.0
25.12,-0.5111780166625977,-4.315924167633057,2.0,-1.4450902938842773,1.8370468616485596,0.0,-0.22097811102867126,0.4784722924232483,0.0
25.13,-0.5256390571594238,-4.297530174255371,2.0,-1.4472923278808594,1.8418140411376953,0.0,-0.21936249732971191,0.47503966093063354,0.0
25.14,-0.5401260852813721,-4.279086112976074,2.0,-1.4494773149490356,1.846548318862915,0.0,-0.21773704886436462,0.4716014862060547,0.0
25.150000000000002,-0.5546306371688843,-4.260597229003906,2.0,-1.4516469240188599,1.8512468338012695,0.0,-0.2161026895046234,0.46815845370292664,0.0
25.16,-0.5691567659378052,-4.242062091827393,2.0,-1.4537999629974365,1.8559107780456543,0.0,-0.21445900201797485,0.4647103548049927,0.0
25.17,-0.583708643913269,-4.223477840423584,2.0,-1.4559358358383179,1.8605417013168335,0.0,-0.21280550956726074,0.4612569808959961,0.0
25.18,-0.5982775688171387,-4.204850196838379,2.0,-1.4580559730529785,1.8651366233825684,0.0,-0.21114316582679749,0.4577990174293518,0.0
25.19,-0.6128674745559692,-4.186176300048828,2.0,-1.460159420967102,1.869696855545044,0.0,-0.20947155356407166,0.45433613657951355,0.0
25.2,-0.6274826526641846,-4.167454242706299,2.0,-1.4622451066970825,1.8742239475250244,0.0,-0.20779019594192505,0.4508681893348694,0.0
25.21,-0.642114520072937,-4.1486897468566895,2.0,-1.4643149375915527,1.878714919090271,0.0,-0.20610004663467407,0.44739583134651184,0.0
25.22,-0.6567668914794922,-4.129880905151367,2.0,-1.4663677215576172,1.8831710815429688,0.0,-0.20440071821212769,0.4439188539981842,0.0
25.23,-0.6714437007904053,-4.111024856567383,2.0,-1.4684027433395386,1.8875939846038818,0.0,-0.2026917040348053,0.44043707847595215,0.0
25.240000000000002,-0.6861368417739868,-4.092127323150635,2.0,-1.4704214334487915,1.8919806480407715,0.0,-0.20097395777702332,0.43695104122161865,0.0
25.25,-0.7008501291275024,-4.07318639755249,2.0,-1.4724228382110596,1.8963322639465332,0.0,-0.19924700260162354,0.4334605932235718,0.0
25.26,-0.7155872583389282,-4.05419921875,2.0,-1.4744060039520264,1.9006503820419312,0.0,-0.1975105106830597,0.4299655258655548,0.0
25.27,-0.7303402423858643,-4.0351715087890625,2.0,-1.4763728380203247,1.9049321413040161,0.0,-0.19576531648635864,0.4264664947986603,0.0
25.28,-0.7451126575469971,-4.016101360321045,2.0,-1.4783220291137695,1.9091789722442627,0.0,-0.19401103258132935,0.4229632616043091,0.0
25.29,-0.7599085569381714,-3.9969863891601562,2.0,-1.4802528619766235,1.9133920669555664,0.0,-0.19224724173545837,0.4194556176662445,0.0
25.3,-0.7747195959091187,-3.977832078933716,2.0,-1.4821667671203613,1.9175686836242676,0.0,-0.19047483801841736,0.4159442186355591,0.0
25.310000000000002,-0.789549708366394,-3.9586362838745117,2.0,-1.484062910079956,1.9217102527618408,0.0,-0.18869340419769287,0.4124288558959961,0.0
25.32,-0.8044028282165527,-3.9393961429595947,2.0,-1.4859403371810913,1.9258179664611816,0.0,-0.1869024932384491,0.40890929102897644,0.0
25.330000000000002,-0.8192704916000366,-3.9201183319091797,2.0,-1.4878008365631104,1.9298889636993408,0.0,-0.18510305881500244,0.4053862392902374,0.0
25.34,-0.8341569900512695,-3.90079927444458,2.0,-1.4896430969238281,1.933924913406372,0.0,-0.1832946538925171,0.4018594026565552,0.0
25.35,-0.8490655422210693,-3.8814382553100586,2.0,-1.4914664030075073,1.9379268884658813,0.0,-0.181476891040802,0.39832863211631775,0.0
25.36,-0.8639880418777466,-3.862039089202881,2.0,-1.4932724237442017,1.941892147064209,0.0,-0.1796506643295288,0.3947944939136505,0.0
25.37,-0.8789288997650146,-3.8426010608673096,2.0,-1.4950600862503052,1.94582200050354,0.0,-0.1778154969215393,0.3912568688392639,0.0
25.38,-0.8938912153244019,-3.8231210708618164,2.0,-1.496828556060791,1.9497177600860596,0.0,-0.17597106099128723,0.3877154588699341,0.0
25.39,-0.9088674783706665,-3.803605079650879,2.0,-1.4985792636871338,1.9535770416259766,0.0,-0.1741182506084442,0.3841710090637207,0.0
25.400000000000002,-0.9238606691360474,-3.784050464630127,2.0,-1.5003113746643066,1.9574005603790283,0.0,-0.17225661873817444,0.3806232213973999,0.0
25.41,-0.9388754367828369,-3.764455556869507,2.0,-1.5020241737365723,1.9611899852752686,0.0,-0.17038574814796448,0.37707188725471497,0.0
25.42,-0.9539031982421875,-3.7448251247406006,2.0,-1.5037188529968262,1.9649426937103271,0.0,-0.16850653290748596,0.3735176920890808,0.0
25.43,-0.9689480066299438,-3.7251572608947754,2.0,-1.5053949356079102,1.9686596393585205,0.0,-0.16661858558654785,0.3699604570865631,0.0
25.44,-0.9840131998062134,-3.7054505348205566,2.0,-1.5070509910583496,1.9723424911499023,0.0,-0.1647215187549591,0.366399884223938,0.0
25.45,-0.9990909099578857,-3.685709238052368,2.0,-1.508689045906067,1.9759881496429443,0.0,-0.16281619668006897,0.36283665895462036,0.0
25.46,-1.014184832572937,-3.665931463241577,2.0,-1.5103081464767456,1.9795985221862793,0.0,-0.1609022617340088,0.3592706024646759,0.0
25.47,-1.029299020767212,-3.646115303039551,2.0,-1.5119068622589111,1.9831743240356445,0.0,-0.15897920727729797,0.3557014465332031,0.0
25.48,-1.0444250106811523,-3.6262664794921875,2.0,-1.5134873390197754,1.9867130517959595,0.0,-0.15704798698425293,0.35212987661361694,0.0
25.490000000000002,-1.0595664978027344,-3.606381893157959,2.0,-1.5150485038757324,1.9902161359786987,0.0,-0.155108243227005,0.34855562448501587,0.0
25.5,-1.0747277736663818,-3.5864601135253906,2.0,-1.5165892839431763,1.9936847686767578,0.0,-0.1531594693660736,0.3449785113334656,0.0
25.51,-1.0899004936218262,-3.5665063858032227,2.0,-1.5181113481521606,1.9971163272857666,0.0,-0.15120261907577515,0.341399222612381,0.0
25.52,-1.1050881147384644,-3.5465190410614014,2.0,-1.5196139812469482,2.00051212310791,0.0,-0.1492372751235962,0.337817519903183,0.0
25.53,-1.1202946901321411,-3.5264947414398193,2.0,-1.521095871925354,2.003873109817505,0.0,-0.1472630798816681,0.3342331647872925,0.0
25.54,-1.1355119943618774,-3.5064399242401123,2.0,-1.5225589275360107,2.007197141647339,0.0,-0.1452808678150177,0.330646812915802,0.0
25.55,-1.150743842124939,-3.48635196685791,2.0,-1.524002194404602,2.0104854106903076,0.0,-0.1432902216911316,0.3270582854747772,0.0
25.560000000000002,-1.1659939289093018,-3.4662282466888428,2.0,-1.5254244804382324,2.0137391090393066,0.0,-0.1412908136844635,0.32346731424331665,0.0
25.57,-1.1812541484832764,-3.446075439453125,2.0,-1.5268275737762451,2.0169553756713867,0.0,-0.13928350806236267,0.3198746144771576,0.0
25.580000000000002,-1.1965285539627075,-3.4258902072906494,2.0,-1.5282108783721924,2.0201356410980225,0.0,-0.1372678577899933,0.31627994775772095,0.0
25.59,-1.211820363998413,-3.4056711196899414,2.0,-1.5295727252960205,2.0232815742492676,0.0,-0.1352435052394867,0.3126830458641052,0.0
25.6,-1.2271220684051514,-3.385423183441162,2.0,-1.530915379524231,2.0263900756835938,0.0,-0.13321131467819214,0.30908462405204773,0.0
25.61,-1.2424368858337402,-3.3651442527770996,2.0,-1.5322376489639282,2.0294623374938965,0.0,-0.13117092847824097,0.305484414100647,0.0
25.62,-1.2577688694000244,-3.344831943511963,2.0,-1.533538579940796,2.0325002670288086,0.0,-0.12912189960479736,0.30188223719596863,0.0
25.63,-1.2731094360351562,-3.3244922161102295,2.0,-1.5348198413848877,2.0355005264282227,0.0,-0.12706518173217773,0.2982787489891052,0.0
25.64,-1.2884632349014282,-3.3041231632232666,2.0,-1.5360805988311768,2.0384650230407715,0.0,-0.12500029802322388,0.29467377066612244,0.0
25.650000000000002,-1.3038328886032104,-3.2837212085723877,2.0,-1.537319540977478,2.0413947105407715,0.0,-0.12292695045471191,0.2910669445991516,0.0
25.66,-1.319211483001709,-3.2632932662963867,2.0,-1.5385386943817139,2.0442869663238525,0.0,-0.12084591388702393,0.287459135055542,0.0
25.67,-1.3346019983291626,-3.2428369522094727,2.0,-1.5397372245788574,2.0471432209014893,0.0,-0.11875686049461365,0.28384995460510254,0.0
25.68,-1.3500080108642578,-3.222348690032959,2.0,-1.540913462638855,2.049964427947998,0.0,-0.11665940284729004,0.28023916482925415,0.0
25.69,-1.3654221296310425,-3.2018356323242188,2.0,-1.5420700311660767,2.052748441696167,0.0,-0.11455440521240234,0.27662762999534607,0.0
25.7,-1.3808475732803345,-3.181295156478882,2.0,-1.5432054996490479,2.0554964542388916,0.0,-0.11244148015975952,0.27301496267318726,0.0
25.71,-1.3962880373001099,-3.1607236862182617,2.0,-1.544318437576294,2.0582094192504883,0.0,-0.11032021045684814,0.2694008946418762,0.0
25.72,-1.411736011505127,-3.1401288509368896,2.0,-1.545411467552185,2.060884952545166,0.0,-0.10819149017333984,0.26578623056411743,0.0
25.73,-1.4271944761276245,-3.119507312774658,2.0,-1.546483039855957,2.0635244846343994,0.0,-0.10605496168136597,0.2621707618236542,0.0
25.740000000000002,-1.4426674842834473,-3.0988564491271973,2.0,-1.547532320022583,2.066128730773926,0.0,-0.10391023755073547,0.25855404138565063,0.0
25.75,-1.4581470489501953,-3.0781829357147217,2.0,-1.5485609769821167,2.0686960220336914,0.0,-0.10175815224647522,0.25493699312210083,0.0
25.76,-1.4736368656158447,-3.0574839115142822,2.0,-1.5495681762695312,2.0712268352508545,0.0,-0.09959831833839417,0.2513192892074585,0.0
25.77,-1.4891399145126343,-3.0367565155029297,2.0,-1.5505526065826416,2.0737228393554688,0.0,-0.09743046760559082,0.24770066142082214,0.0
25.78,-1.5046498775482178,-3.016007661819458,2.0,-1.5515164136886597,2.076181411743164,0.0,-0.09525525569915771,0.24408188462257385,0.0
25.79,-1.5201689004898071,-2.9952340126037598,2.0,-1.55245840549469,2.078603744506836,0.0,-0.09307247400283813,0.24046261608600616,0.0
25.8,-1.5357006788253784,-2.974433422088623,2.0,-1.5533775091171265,2.080991268157959,0.0,-0.09088173508644104,0.23684270679950714,0.0
25.810000000000002,-1.5512380599975586,-2.9536123275756836,2.0,-1.5542757511138916,2.083341121673584,0.0,-0.0886838436126709,0.23322279751300812,0.0
25.82,-1.5667846202850342,-2.9327681064605713,2.0,-1.5551519393920898,2.0856549739837646,0.0,-0.08647838234901428,0.22960270941257477,0.0
25.830000000000002,-1.5823429822921753,-2.9118974208831787,2.0,-1.5560048818588257,2.0879337787628174,0.0,-0.0842650830745697,0.22598208487033844,0.0
25.84,-1.5979063510894775,-2.891007423400879,2.0,-1.5568368434906006,2.090175151824951,0.0,-0.08204478025436401,0.22236177325248718,0.0
25.85,-1.6134779453277588,-2.8700954914093018,2.0,-1.557646632194519,2.0923802852630615,0.0,-0.0798170268535614,0.21874146163463593,0.0
25.86,-1.6290611028671265,-2.8491578102111816,2.0,-1.5584328174591064,2.094550371170044,0.0,-0.07758155465126038,0.21512086689472198,0.0
25.87,-1.6446483135223389,-2.828202247619629,2.0,-1.5591979026794434,2.0966830253601074,0.0,-0.07533913850784302,0.21150074899196625,0.0
25.88,-1.6602433919906616,-2.8072257041931152,2.0,-1.5599404573440552,2.0987796783447266,0.0,-0.07308939099311829,0.207880899310112,0.0
25.89,-1.6758488416671753,-2.786224842071533,2.0,-1.5606592893600464,2.1008412837982178,0.0,-0.07083204388618469,0.2042609453201294,0.0
25.900000000000002,-1.6914581060409546,-2.765207290649414,2.0,-1.561356782913208,2.10286545753479,0.0,-0.06856784224510193,0.2006417214870453,0.0
25.91,-1.707074522972107,-2.744168996810913,2.0,-1.5620313882827759,2.104853391647339,0.0,-0.06629648804664612,0.1970229297876358,0.0
25.92,-1.7227004766464233,-2.7231080532073975,2.0,-1.5626823902130127,2.1068062782287598,0.0,-0.06401762366294861,0.19340430200099945,0.0
25.93,-1.7383300065994263,-2.702031135559082,2.0,-1.5633113384246826,2.108721971511841,0.0,-0.061731964349746704,0.18978658318519592,0.0
25.94,-1.7539650201797485,-2.6809351444244385,2.0,-1.5639177560806274,2.1106014251708984,0.0,-0.05943936109542847,0.1861695796251297,0.0
25.95,-1.7696101665496826,-2.6598167419433594,2.0,-1.564499855041504,2.112445831298828,0.0,-0.05713927745819092,0.18255284428596497,0.0
25.96,-1.78525710105896,-2.638684034347534,2.0,-1.565060019493103,2.114253044128418,0.0,-0.05483260750770569,0.17893733084201813,0.0
25.97,-1.8009096384048462,-2.6175334453582764,2.0,-1.5655972957611084,2.1160240173339844,0.0,-0.0525190532207489,0.17532268166542053,0.0
25.98,-1.8165706396102905,-2.5963616371154785,2.0,-1.5661101341247559,2.1177597045898438,0.0,-0.05019819736480713,0.1717085838317871,0.0
25.990000000000002,-1.8322335481643677,-2.575176239013672,2.0,-1.5666009187698364,2.1194586753845215,0.0,-0.04787081480026245,0.1680959016084671,0.0
26.0,-1.8479012250900269,-2.553973913192749,2.0,-1.567068338394165,2.1211211681365967,0.0,-0.04553663730621338,0.16448426246643066,0.0
26.01,-1.8635766506195068,-2.5327517986297607,2.0,-1.5675112009048462,2.122748613357544,0.0,-0.04319533705711365,0.1608734279870987,0.0
26.02,-1.8792531490325928,-2.51151704788208,2.0,-1.5679317712783813,2.1243391036987305,0.0,-0.04084762930870056,0.15726418793201447,0.0
26.03,-1.8949339389801025,-2.4902663230895996,2.0,-1.568328857421875,2.1258933544158936,0.0,-0.038493216037750244,0.1536562442779541,0.0
26.04,-1.9106212854385376,-2.46899676322937,2.0,-1.5687012672424316,2.1274125576019287,0.0,-0.036131858825683594,0.15004928410053253,0.0
26.05,-1.926309585571289,-2.447715997695923,2.0,-1.5690511465072632,2.128894805908203,0.0,-0.03376418352127075,0.146444171667099,0.0
26.060000000000002,-1.9420007467269897,-2.4264204502105713,2.0,-1.5693774223327637,2.130340814590454,0.0,-0.031389981508255005,0.14284054934978485,0.0
26.07,-1.9576987028121948,-2.405107021331787,2.0,-1.569678544998169,2.1317520141601562,0.0,-0.029008865356445312,0.13923810422420502,0.0
26.080000000000002,-1.9733961820602417,-2.3837835788726807,2.0,-1.5699571371078491,2.1331260204315186,0.0,-0.026621639728546143,0.13563776016235352,0.0
26.09,-1.9890965223312378,-2.3624460697174072,2.0,-1.5702117681503296,2.1344640254974365,0.0,-0.024227917194366455,0.13203908503055573,0.0
26.1,-2.0048022270202637,-2.341092109680176,2.0,-1.5704412460327148,2.1357672214508057,0.0,-0.021827489137649536,0.12844184041023254,0.0
26.11,-2.0205066204071045,-2.3197288513183594,2.0,-1.570647954940796,2.137033224105835,0.0,-0.01942107081413269,0.12484683096408844,0.0
26.12,-2.0362136363983154,-2.2983531951904297,2.0,-1.5708304643630981,2.138263463973999,0.0,-0.017008274793624878,0.12125377357006073,0.0
26.13,-2.0519251823425293,-2.276961326599121,2.0,-1.5709877014160156,2.139458656311035,0.0,-0.014588922262191772,0.11766231060028076,0.0
26.14,-2.0676348209381104,-2.2555618286132812,2.0,-1.5711219310760498,2.1406171321868896,0.0,-0.012163668870925903,0.11407333612442017,0.0
26.150000000000002,-2.083346128463745,-2.2341504096984863,2.0,-1.5712316036224365,2.141739845275879,0.0,-0.009732246398925781,0.11048650741577148,0.0
26.16,-2.0990614891052246,-2.2127251625061035,2.0,-1.5713160037994385,2.142827272415161,0.0,-0.007294327020645142,0.10690149664878845,0.0
26.17,-2.114774227142334,-2.1912922859191895,2.0,-1.5713772773742676,2.1438779830932617,0.0,-0.004850655794143677,0.10331916809082031,0.0
26.18,-2.1304874420166016,-2.169848918914795,2.0,-1.5714137554168701,2.144892930984497,0.0,-0.002400904893875122,0.0997391939163208,0.0
26.19,-2.1462037563323975,-2.1483922004699707,2.0,-1.5714248418807983,2.1458730697631836,0.0,5.513429641723633e-05,0.09616124629974365,0.0
26.2,-2.1619176864624023,-2.12692928314209,2.0,-1.5714123249053955,2.1468167304992676,0.0,0.0025168657302856445,0.09258618950843811,0.0
26.21,-2.177631139755249,-2.105457305908203,2.0,-1.5713751316070557,2.1477243900299072,0.0,0.004984468221664429,0.08901369571685791,0.0
26.22,-2.1933467388153076,-2.083972454071045,2.0,-1.5713121891021729,2.148597240447998,0.0,0.0074582695960998535,0.08544343709945679,0.0
26.23,-2.2090587615966797,-2.062483549118042,2.0,-1.571225643157959,2.1494336128234863,0.0,0.009937554597854614,0.08187630772590637,0.0
26.240000000000002,-2.2247700691223145,-2.040985584259033,2.0,-1.5711143016815186,2.1502342224121094,0.0,0.012422651052474976,0.07831192016601562,0.0
26.25,-2.240482807159424,-2.0194764137268066,2.0,-1.570976734161377,2.1510002613067627,0.0,0.014913767576217651,0.07474997639656067,0.0
26.26,-2.2561910152435303,-1.9979636669158936,2.0,-1.5708155632019043,2.1517295837402344,0.0,0.0174102783203125,0.07119134068489075,0.0
26.27,-2.271897792816162,-1.9764436483383179,2.0,-1.570629358291626,2.15242338180542,0.0,0.019912421703338623,0.06763571500778198,0.0
26.28,-2.2876055240631104,-1.9549129009246826,2.0,-1.570416808128357,2.1530826091766357,0.0,0.02242046594619751,0.06408271193504333,0.0
26.29,-2.3033080101013184,-1.9333800077438354,2.0,-1.5701806545257568,2.153705596923828,0.0,0.024933725595474243,0.060533225536346436,0.0
26.3,-2.319007396697998,-1.9118404388427734,2.0,-1.5699189901351929,2.1542928218841553,0.0,0.027452468872070312,0.05698692798614502,0.0
26.310000000000002,-2.334707736968994,-1.8902915716171265,2.0,-1.5696310997009277,2.1548454761505127,0.0,0.02997705340385437,0.053443461656570435,0.0
26.32,-2.3504018783569336,-1.8687416315078735,2.0,-1.5693190097808838,2.155362129211426,0.0,0.03250667452812195,0.0499037504196167,0.0
26.330000000000002,-2.366093158721924,-1.8471863269805908,2.0,-1.568981647491455,2.1558430194854736,0.0,0.03504166007041931,0.04636746644973755,0.0
26.34,-2.3817834854125977,-1.8256224393844604,2.0,-1.568617820739746,2.156289577484131,0.0,0.03758224844932556,0.04283413290977478,0.0
26.35,-2.3974661827087402,-1.8040584325790405,2.0,-1.5682296752929688,2.1567001342773438,0.0,0.04012775421142578,0.03930482268333435,0.0
26.36,-2.4131462574005127,-1.7824902534484863,2.0,-1.5678160190582275,2.1570751667022705,0.0,0.04267853498458862,0.03577905893325806,0.0
26.37,-2.4288249015808105,-1.7609145641326904,2.0,-1.5673755407333374,2.1574158668518066,0.0,0.0452347993850708,0.032256513833999634,0.0
26.38,-2.444495439529419,-1.7393397092819214,2.0,-1.566910743713379,2.1577205657958984,0.0,0.04779580235481262,0.028738170862197876,0.0
26.39,-2.4601612091064453,-1.7177619934082031,2.0,-1.566420555114746,2.157989978790283,0.0,0.05036190152168274,0.025223612785339355,0.0
26.400000000000002,-2.475825309753418,-1.6961778402328491,2.0,-1.5659031867980957,2.1582252979278564,0.0,0.052933335304260254,0.021712452173233032,0.0
26.41,-2.491480827331543,-1.6745953559875488,2.0,-1.5653612613677979,2.1584246158599854,0.0,0.05550944805145264,0.0182056725025177,0.0
26.42,-2.5071310997009277,-1.6530112028121948,2.0,-1.5647938251495361,2.1585888862609863,0.0,0.058090418577194214,0.014702916145324707,0.0
26.43,-2.522778272628784,-1.6314213275909424,2.0,-1.5641989707946777,2.158719062805176,0.0,0.06067657470703125,0.01120370626449585,0.0
26.44,-2.538416862487793,-1.6098345518112183,2.0,-1.563579797744751,2.158813238143921,0.0,0.0632672905921936,0.007709145545959473,0.0
26.45,-2.554048776626587,-1.5882468223571777,2.0,-1.5629345178604126,2.158872604370117,0.0,0.06586271524429321,0.004218727350234985,0.0
26.46,-2.5696771144866943,-1.5666548013687134,2.0,-1.562261939048767,2.158897876739502,0.0,0.06846317648887634,0.000732123851776123,0.0
26.47,-2.5852959156036377,-1.545066475868225,2.0,-1.5615646839141846,2.1588876247406006,0.0,0.07106804847717285,-0.002749711275100708,0.0
26.48,-2.600907325744629,-1.5234787464141846,2.0,-1.56084144115448,2.1588423252105713,0.0,0.07367751002311707,-0.006227076053619385,0.0
26.490000000000002,-2.616513729095459,-1.5018876791000366,2.0,-1.5600907802581787,2.1587634086608887,0.0,0.0762917697429657,-0.009700506925582886,0.0
26.5,-2.632110595703125,-1.4803012609481812,2.0,-1.5593150854110718,2.158648729324341,0.0,0.07891035079956055,-0.013168960809707642,0.0
26.51,-2.6476993560791016,-1.4587165117263794,2.0,-1.5585134029388428,2.1584994792938232,0.0,0.08153331279754639,-0.016632795333862305,0.0
26.52,-2.6632823944091797,-1.437129020690918,2.0,-1.5576839447021484,2.1583163738250732,0.0,0.08416098356246948,-0.020092487335205078,0.0
26.53,-2.678854465484619,-1.4155476093292236,2.0,-1.556829571723938,2.158097743988037,0.0,0.08679276704788208,-0.023546963930130005,0.0
26.54,-2.694417953491211,-1.3939688205718994,2.0,-1.5559489727020264,2.1578450202941895,0.0,0.0894288420677185,-0.0269966721534729,0.0
26.55,-2.709975004196167,-1.3723887205123901,2.0,-1.5550405979156494,2.1575582027435303,0.0,0.09206944704055786,-0.030441969633102417,0.0
26.560000000000002,-2.725520133972168,-1.3508156538009644,2.0,-1.5541070699691772,2.157236337661743,0.0,0.09471401572227478,-0.03388187289237976,0.0
26.57,-2.741055965423584,-1.3292458057403564,2.0,-1.5531470775604248,2.1568799018859863,0.0,0.09736266732215881,-0.037316858768463135,0.0
26.580000000000002,-2.7565841674804688,-1.307675838470459,2.0,-1.552159309387207,2.1564900875091553,0.0,0.10001572966575623,-0.040747255086898804,0.0
26.59,-2.7721004486083984,-1.2861137390136719,2.0,-1.5511462688446045,2.1560654640197754,0.0,0.10267257690429688,-0.044172078371047974,0.0
26.6,-2.7876062393188477,-1.2645561695098877,2.0,-1.5501066446304321,2.155606269836426,0.0,0.10533338785171509,-0.047591716051101685,0.0
26.61,-2.8031044006347656,-1.24299955368042,2.0,-1.5490391254425049,2.155113935470581,0.0,0.10799843072891235,-0.051006585359573364,0.0
26.62,-2.8185882568359375,-1.2214516401290894,2.0,-1.5479462146759033,2.1545863151550293,0.0,0.11066704988479614,-0.054415732622146606,0.0
26.63,-2.834062099456787,-1.1999096870422363,2.0,-1.5468266010284424,2.154025077819824,0.0,0.11333954334259033,-0.057819485664367676,0.0
26.64,-2.8495264053344727,-1.178369164466858,2.0,-1.5456788539886475,2.153430461883545,0.0,0.11601608991622925,-0.06121829152107239,0.0
26.650000000000002,-2.8649768829345703,-1.1568386554718018,2.0,-1.5445058345794678,2.1528007984161377,0.0,0.11869606375694275,-0.06461116671562195,0.0
26.66,-2.880415678024292,-1.1353148221969604,2.0,-1.5433058738708496,2.152137517929077,0.0,0.12137973308563232,-0.0679984986782074,0.0
26.67,-2.8958449363708496,-1.1137937307357788,2.0,-1.5420777797698975,2.1514410972595215,0.0,0.12406730651855469,-0.07138064503669739,0.0
26.68,-2.9112589359283447,-1.0922839641571045,2.0,-1.5408239364624023,2.150710105895996,0.0,0.1267581284046173,-0.0747566819190979,0.0
26.69,-2.9266605377197266,-1.0707813501358032,2.0,-1.5395433902740479,2.1499454975128174,0.0,0.12945249676704407,-0.07812699675559998,0.0
26.7,-2.9420509338378906,-1.0492825508117676,2.0,-1.5382343530654907,2.1491477489471436,0.0,0.1321505606174469,-0.08149194717407227,0.0
26.71,-2.9574265480041504,-1.0277961492538452,2.0,-1.5368998050689697,2.148315906524658,0.0,0.13485175371170044,-0.08485060930252075,0.0
26.72,-2.9727883338928223,-1.0063180923461914,2.0,-1.5355381965637207,2.1474502086639404,0.0,0.1375563144683838,-0.0882033109664917,0.0
26.73,-2.988138198852539,-0.9848449230194092,2.0,-1.5341482162475586,2.1465518474578857,0.0,0.14026442170143127,-0.09155052900314331,0.0
26.740000000000002,-3.003472328186035,-0.9633848667144775,2.0,-1.532732367515564,2.1456193923950195,0.0,0.14297550916671753,-0.09489122033119202,0.0
26.75,-3.0187926292419434,-0.9419344663619995,2.0,-1.5312894582748413,2.144653558731079,0.0,0.14568978548049927,-0.09822583198547363,0.0
26.76,-3.034099578857422,-0.9204895496368408,2.0,-1.529818058013916,2.143655300140381,0.0,0.1484074592590332,-0.1015547513961792,0.0
26.77,-3.0493903160095215,-0.8990588188171387,2.0,-1.5283207893371582,2.142622709274292,0.0,0.1511278748512268,-0.10487696528434753,0.0
26.78,-3.064664840698242,-0.8776389360427856,2.0,-1.5267963409423828,2.141557216644287,0.0,0.15385133028030396,-0.10819286108016968,0.0
26.79,-3.079927444458008,-0.8562253713607788,2.0,-1.5252432823181152,2.1404592990875244,0.0,0.15657803416252136,-0.11150294542312622,0.0
26.8,-3.0951714515686035,-0.8348274230957031,2.0,-1.5236642360687256,2.13932728767395,0.0,0.1593073606491089,-0.11480611562728882,0.0
26.810000000000002,-3.1103997230529785,-0.8134407997131348,2.0,-1.5220578908920288,2.138162612915039,0.0,0.16203951835632324,-0.11810281872749329,0.0
26.82,-3.1256136894226074,-0.7920619249343872,2.0,-1.5204229354858398,2.13696551322937,0.0,0.16477477550506592,-0.12139347195625305,0.0
26.830000000000002,-3.1408095359802246,-0.7706992626190186,2.0,-1.5187618732452393,2.135735034942627,0.0,0.167512446641922,-0.12467709183692932,0.0
26.84,-3.1559884548187256,-0.7493492364883423,2.0,-1.517073392868042,2.1344714164733887,0.0,0.17025282979011536,-0.12795403599739075,0.0
26.85,-3.171152114868164,-0.7280076742172241,2.0,-1.515356183052063,2.133175849914551,0.0,0.17299604415893555,-0.13122475147247314,0.0
26.86,-3.1862967014312744,-0.7066835165023804,2.0,-1.513612985610962,2.1318471431732178,0.0,0.17574164271354675,-0.13448823988437653,0.0
26.87,-3.2014236450195312,-0.6853725910186768,2.0,-1.5118422508239746,2.1304855346679688,0.0,0.17848968505859375,-0.1377449333667755,0.0
26.88,-3.2165348529815674,-0.6640714406967163,2.0,-1.510042667388916,2.1290924549102783,0.0,0.18124043941497803,-0.14099518954753876,0.0
26.89,-3.231625556945801,-0.6427884101867676,2.0,-1.5082168579101562,2.1276659965515137,0.0,0.18399330973625183,-0.14423805475234985,0.0
26.900000000000002,-3.2466986179351807,-0.6215198040008545,2.0,-1.5063636302947998,2.126207113265991,0.0,0.18674856424331665,-0.14747394621372223,0.0
26.91,-3.261754035949707,-0.600261926651001,2.0,-1.504481315612793,2.1247165203094482,0.0,0.18950632214546204,-0.15070320665836334,0.0
26.92,-3.2767891883850098,-0.5790235996246338,2.0,-1.5025728940963745,2.1231932640075684,0.0,0.19226601719856262,-0.15392489731311798,0.0
26.93,-3.2918052673339844,-0.5578001737594604,2.0,-1.5006369352340698,2.1216378211975098,0.0,0.1950278878211975,-0.15713943541049957,0.0
26.94,-3.3068034648895264,-0.5365884304046631,2.0,-1.4986717700958252,2.1200506687164307,0.0,0.19779211282730103,-0.16034720838069916,0.0
26.95,-3.321779727935791,-0.5153968334197998,2.0,-1.496680498123169,2.1184308528900146,0.0,0.2005581557750702,-0.16354726254940033,0.0
26.96,-3.3367362022399902,-0.49422192573547363,2.0,-1.4946614503860474,2.116779088973999,0.0,0.20332619547843933,-0.16673994064331055,0.0
26.97,-3.3516740798950195,-0.47305893898010254,2.0,-1.4926133155822754,2.115096092224121,0.0,0.206096351146698,-0.169925719499588,0.0
26.98,-3.3665900230407715,-0.45191752910614014,2.0,-1.4905389547348022,2.1133809089660645,0.0,0.208868145942688,-0.17310355603694916,0.0
26.990000000000002,-3.381484031677246,-0.4307934045791626,2.0,-1.4884368181228638,2.111633777618408,0.0,0.2116418182849884,-0.1762738972902298,0.0
27.0,-3.39635968208313,-0.40968263149261475,2.0,-1.4863054752349854,2.1098556518554688,0.0,0.21441739797592163,-0.17943716049194336,0.0
27.01,-3.4112117290496826,-0.38859403133392334,2.0,-1.4841479063034058,2.1080451011657715,0.0,0.21719443798065186,-0.18259230256080627,0.0
27.02,-3.426041603088379,-0.3675236701965332,2.0,-1.4819625616073608,2.106203317642212,0.0,0.2199731171131134,-0.18573980033397675,0.0
27.03,-3.440852165222168,-0.34646761417388916,2.0,-1.4797478914260864,2.104330539703369,0.0,0.2227536141872406,-0.1888800412416458,0.0
27.04,-3.4556381702423096,-0.3254348039627075,2.0,-1.4775068759918213,2.1024258136749268,0.0,0.22553539276123047,-0.1920120120048523,0.0
27.05,-3.4704012870788574,-0.30442118644714355,2.0,-1.4752379655838013,2.100489616394043,0.0,0.22831866145133972,-0.19513612985610962,0.0
27.060000000000002,-3.4851436614990234,-0.283422589302063,2.0,-1.4729399681091309,2.0985231399536133,0.0,0.23110350966453552,-0.198252871632576,0.0
27.07,-3.499861240386963,-0.2624483108520508,2.0,-1.4706153869628906,2.096524715423584,0.0,0.23388946056365967,-0.20136117935180664,0.0
27.080000000000002,-3.5145556926727295,-0.2414942979812622,2.0,-1.4682629108428955,2.0944952964782715,0.0,0.23667675256729126,-0.20446144044399261,0.0
27.09,-3.5292282104492188,-0.2205561399459839,2.0,-1.4658812284469604,2.092435836791992,0.0,0.23946541547775269,-0.2075541764497757,0.0
27.1,-3.543874740600586,-0.19964325428009033,2.0,-1.4634730815887451,2.0903444290161133,0.0,0.24225503206253052,-0.21063829958438873,0.0
27.11,-3.5584967136383057,-0.17875134944915771,2.0,-1.4610369205474854,2.0882225036621094,0.0,0.24504578113555908,-0.21371427178382874,0.0
27.12,-3.573096513748169,-0.1578763723373413,2.0,-1.4585715532302856,2.0860702991485596,0.0,0.24783772230148315,-0.21678252518177032,0.0
27.13,-3.5876693725585938,-0.13702762126922607,2.0,-1.4560796022415161,2.0838871002197266,0.0,0.2506304383277893,-0.21984198689460754,0.0
27.14,-3.602217674255371,-0.11620080471038818,2.0,-1.4535598754882812,2.0816731452941895,0.0,0.25342413783073425,-0.22289316356182098,0.0
27.150000000000002,-3.61674165725708,-0.09539163112640381,2.0,-1.4510104656219482,2.0794291496276855,0.0,0.2562187612056732,-0.22593647241592407,0.0
27.16,-3.6312386989593506,-0.07460987567901611,2.0,-1.448434829711914,2.0771543979644775,0.0,0.2590140700340271,-0.22897081077098846,0.0
27.17,-3.645709991455078,-0.053850769996643066,2.0,-1.445831060409546,2.0748493671417236,0.0,0.26181015372276306,-0.23199670016765594,0.0
27.18,-3.660156726837158,-0.033110618591308594,2.0,-1.4431979656219482,2.072514533996582,0.0,0.2646070122718811,-0.23501455783843994,0.0
27.19,-3.674574851989746,-0.012398123741149902,2.0,-1.4405384063720703,2.0701491832733154,0.0,0.2674042880535126,-0.23802337050437927,0.0
27.2,-3.688966751098633,0.008290290832519531,2.0,-1.437850832939148,2.067753791809082,0.0,0.2702022194862366,-0.24102351069450378,0.0
27.21,-3.7033333778381348,0.028959274291992188,2.0,-1.435133695602417,2.06532883644104,0.0,0.2730007469654083,-0.24401548504829407,0.0
27.22,-3.717670440673828,0.049599289894104004,2.0,-1.4323902130126953,2.062873601913452,0.0,0.2757995128631592,-0.24699823558330536,0.0
27.23,-3.731980800628662,0.07021462917327881,2.0,-1.4296185970306396,2.0603885650634766,0.0,0.27859869599342346,-0.24997219443321228,0.0
27.240000000000002,-3.7462639808654785,0.09080922603607178,2.0,-1.426817536354065,2.0578742027282715,0.0,0.28139835596084595,-0.25293779373168945,0.0
27.25,-3.7605175971984863,0.11137425899505615,2.0,-1.42399001121521,2.0553297996520996,0.0,0.28419801592826843,-0.2558940649032593,0.0
27.26,-3.7747435569763184,0.13191378116607666,2.0,-1.4211344718933105,2.052755832672119,0.0,0.2869979739189148,-0.2588413655757904,0.0
27.27,-3.7889416217803955,0.15243184566497803,2.0,-1.4182493686676025,2.0501530170440674,0.0,0.28979814052581787,-0.2617802023887634,0.0
27.28,-3.8031089305877686,0.17291927337646484,2.0,-1.4153378009796143,2.047520160675049,0.0,0.2925981879234314,-0.2647095024585724,0.0
27.29,-3.8172478675842285,0.19337999820709229,2.0,-1.412398338317871,2.044858455657959,0.0,0.2953982949256897,-0.2676297426223755,0.0
27.3,-3.8313581943511963,0.21381866931915283,2.0,-1.4094293117523193,2.042167901992798,0.0,0.298198401927948,-0.27054131031036377,0.0
27.310000000000002,-3.8454372882843018,0.23422563076019287,2.0,-1.4064337015151978,2.039447546005249,0.0,0.300998330116272,-0.27344322204589844,0.0
27.32,-3.8594865798950195,0.25460541248321533,2.0,-1.4034100770950317,2.036698579788208,0.0,0.30379799008369446,-0.2763359248638153,0.0
27.330000000000002,-3.873506546020508,0.27496206760406494,2.0,-1.4003570079803467,2.033921003341675,0.0,0.30659765005111694,-0.2792198359966278,0.0
27.34,-3.8874948024749756,0.2952861785888672,2.0,-1.397277593612671,2.031114101409912,0.0,0.30939674377441406,-0.28209394216537476,0.0
27.35,-3.901451826095581,0.31558215618133545,2.0,-1.3941700458526611,2.0282788276672363,0.0,0.3121955394744873,-0.28495869040489197,0.0
27.36,-3.915379047393799,0.33585405349731445,2.0,-1.3910329341888428,2.0254149436950684,0.0,0.31499403715133667,-0.28781449794769287,0.0
27.37,-3.9292736053466797,0.35609281063079834,2.0,-1.3878694772720337,2.022522449493408,0.0,0.3177918791770935,-0.29066038131713867,0.0
27.38,-3.943136215209961,0.3763023614883423,2.0,-1.3846780061721802,2.019601345062256,0.0,0.3205891251564026,-0.2934967279434204,0.0
27.39,-3.956968307495117,0.3964872360229492,2.0,-1.381456971168518,2.0166525840759277,0.0,0.32338595390319824,-0.2963240146636963,0.0
27.400000000000002,-3.970766067504883,0.4166377782821655,2.0,-1.3782095909118652,2.0136749744415283,0.0,0.32618188858032227,-0.2991412281990051,0.0
27.41,-3.984532117843628,0.4367583990097046,2.0,-1.3749343156814575,2.010669231414795,0.0,0.328977108001709,-0.30194878578186035,0.0
27.42,-3.9982657432556152,0.4568535089492798,2.0,-1.3716294765472412,2.007636070251465,0.0,0.3317716717720032,-0.30474716424942017,0.0
27.43,-4.011965751647949,0.47691357135772705,2.0,-1.3682981729507446,2.0045745372772217,0.0,0.3345651924610138,-0.3075352907180786,0.0
27.44,-4.025631904602051,0.49694275856018066,2.0,-1.3649389743804932,2.0014848709106445,0.0,0.337357759475708,-0.3103136122226715,0.0
27.45,-4.039265155792236,0.5169456005096436,2.0,-1.3615503311157227,1.9983681440353394,0.0,0.34014952182769775,-0.31308263540267944,0.0
27.46,-4.052863597869873,0.5369125604629517,2.0,-1.3581353425979614,1.9952235221862793,0.0,0.3429400622844696,-0.31584131717681885,0.0
27.47,-4.066427707672119,0.5568478107452393,2.0,-1.3546924591064453,1.9920508861541748,0.0,0.34572944045066833,-0.31859004497528076,0.0
27.48,-4.079958438873291,0.5767557621002197,2.0,-1.3512201309204102,1.9888516664505005,0.0,0.34851783514022827,-0.3213292956352234,0.0
27.490000000000002,-4.093453407287598,0.5966272354125977,2.0,-1.3477214574813843,1.9856245517730713,0.0,0.3513047695159912,-0.3240581154823303,0.0
27.5,-4.106912136077881,0.6164661645889282,2.0,-1.3441948890686035,1.982370138168335,0.0,0.3540904223918915,-0.3267768323421478,0.0
27.51,-4.12033748626709,0.6362769603729248,2.0,-1.3406389951705933,1.9790889024734497,0.0,0.35687482357025146,-0.3294859826564789,0.0
27.52,-4.133726596832275,0.6560503244400024,2.0,-1.3370566368103027,1.9757804870605469,0.0,0.3596576750278473,-0.33218449354171753,0.0
27.53,-4.147078514099121,0.6757903099060059,2.0,-1.333446741104126,1.9724448919296265,0.0,0.36243897676467896,-0.334872841835022,0.0
27.54,-4.160396099090576,0.6955015659332275,2.0,-1.3298072814941406,1.9690828323364258,0.0,0.3652189075946808,-0.337551474571228,0.0
27.55,-4.173675537109375,0.7151743173599243,2.0,-1.326141595840454,1.9656938314437866,0.0,0.3679969906806946,-0.34021931886672974,0.0
27.560000000000002,-4.18691873550415,0.7348130941390991,2.0,-1.3224481344223022,1.962278127670288,0.0,0.37077346444129944,-0.3428768813610077,0.0
27.57,-4.200125694274902,0.7544221878051758,2.0,-1.3187254667282104,1.958836317062378,0.0,0.3735482394695282,-0.3455246090888977,0.0
27.580000000000002,-4.21329402923584,0.7739921808242798,2.0,-1.314976453781128,1.9553676843643188,0.0,0.37632113695144653,-0.3481614589691162,0.0
27.59,-4.2264251708984375,0.7935272455215454,2.0,-1.3111999034881592,1.951872706413269,0.0,0.3790920376777649,-0.35078784823417664,0.0
27.6,-4.239519119262695,0.8130320310592651,2.0,-1.307394027709961,1.9483518600463867,0.0,0.38186120986938477,-0.35340434312820435,0.0
27.61,-4.252573490142822,0.8324966430664062,2.0,-1.3035619258880615,1.9448046684265137,0.0,0.38462820649147034,-0.3560097813606262,0.0
27.62,-4.265589714050293,0.8519257307052612,2.0,-1.2997022867202759,1.941231369972229,0.0,0.38739311695098877,-0.35860466957092285,0.0
27.63,-4.278568267822266,0.8713237047195435,2.0,-1.2958134412765503,1.937632441520691,0.0,0.3901560306549072,-0.36118951439857483,0.0
27.64,-4.291507244110107,0.8906807899475098,2.0,-1.291898488998413,1.9340075254440308,0.0,0.39291661977767944,-0.3637632131576538,0.0
27.650000000000002,-4.30440616607666,0.9100015163421631,2.0,-1.2879559993743896,1.9303568601608276,0.0,0.3956749439239502,-0.366326242685318,0.0
27.66,-4.317267417907715,0.9292902946472168,2.0,-1.2839843034744263,1.9266810417175293,0.0,0.3984310030937195,-0.3688790798187256,0.0
27.67,-4.330086708068848,0.9485374093055725,2.0,-1.2799866199493408,1.9229793548583984,0.0,0.40118464827537537,-0.371420681476593,0.0
27.68,-4.342866897583008,0.9677475690841675,2.0,-1.2759615182876587,1.9192522764205933,0.0,0.4039357304573059,-0.3739514946937561,0.0
27.69,-4.355607032775879,0.9869248867034912,2.0,-1.2719072103500366,1.9155001640319824,0.0,0.40668439865112305,-0.37647202610969543,0.0
27.7,-4.368305206298828,1.0060598850250244,2.0,-1.267827033996582,1.9117226600646973,0.0,0.40943050384521484,-0.37898117303848267,0.0
27.71,-4.380963325500488,1.0251569747924805,2.0,-1.2637195587158203,1.9079203605651855,0.0,0.4121738374233246,-0.381479412317276,0.0
27.72,-4.393580436706543,1.0442206859588623,2.0,-1.2595829963684082,1.9040930271148682,0.0,0.41491466760635376,-0.38396725058555603,0.0
27.73,-4.406155586242676,1.0632411241531372,2.0,-1.255420446395874,1.9002408981323242,0.0,0.4176524877548218,-0.3864436149597168,0.0
27.740000000000002,-4.418689250946045,1.0822230577468872,2.0,-1.2512307167053223,1.8963638544082642,0.0,0.4203875660896301,-0.3889089822769165,0.0
27.75,-4.431180953979492,1.1011708974838257,2.0,-1.2470121383666992,1.8924626111984253,0.0,0.42311978340148926,-0.39136382937431335,0.0
27.76,-4.443630218505859,1.12007474899292,2.0,-1.2427676916122437,1.8885365724563599,0.0,0.42584896087646484,-0.393807053565979,0.0
27.77,-4.456036567687988,1.1389391422271729,2.0,-1.238495945930481,1.884586215019226,0.0,0.4285750687122345,-0.39623919129371643,0.0
27.78,-4.468400955200195,1.157768726348877,2.0,-1.2341954708099365,1.880611777305603,0.0,0.431298166513443,-0.39866068959236145,0.0
27.79,-4.4807209968566895,1.1765538454055786,2.0,-1.2298692464828491,1.8766130208969116,0.0,0.4340180456638336,-0.4010705053806305,0.0
27.8,-4.492998123168945,1.195298671722412,2.0,-1.2255158424377441,1.8725900650024414,0.0,0.43673470616340637,-0.4034690856933594,0.0
27.810000000000002,-4.505232334136963,1.2140079736709595,2.0,-1.221133828163147,1.8685433864593506,0.0,0.43944811820983887,-0.4058569669723511,0.0
27.82,-4.517421245574951,1.232671856880188,2.0,-1.216726303100586,1.8644728660583496,0.0,0.44215813279151917,-0.40823301672935486,0.0
27.830000000000002,-4.529566287994385,1.2512950897216797,2.0,-1.2122915983200073,1.8603785037994385,0.0,0.4448646903038025,-0.4105977714061737,0.0
27.84,-4.541667938232422,1.2698817253112793,2.0,-1.207828164100647,1.8562607765197754,0.0,0.447567880153656,-0.41295164823532104,0.0
27.85,-4.5537238121032715,1.2884225845336914,2.0,-1.2033394575119019,1.8521193265914917,0.0,0.4502674341201782,-0.41529369354248047,0.0
27.86,-4.56573486328125,1.3069218397140503,2.0,-1.1988236904144287,1.847954511642456,0.0,0.45296338200569153,-0.41762426495552063,0.0
27.87,-4.577701091766357,1.3253840208053589,2.0,-1.1942795515060425,1.843766689300537,0.0,0.4556557238101959,-0.4199439287185669,0.0
27.88,-4.589621067047119,1.3437994718551636,2.0,-1.1897099018096924,1.8395557403564453,0.0,0.4583442509174347,-0.42225155234336853,0.0
27.89,-4.601495265960693,1.3621727228164673,2.0,-1.1851134300231934,1.8353215456008911,0.0,0.46102896332740784,-0.4245477020740509,0.0
27.900000000000002,-4.613324165344238,1.3805081844329834,2.0,-1.1804885864257812,1.8310645818710327,0.0,0.46370989084243774,-0.42683279514312744,0.0
27.91,-4.625105381011963,1.3987963199615479,2.0,-1.175838589668274,1.8267847299575806,0.0,0.4663868546485901,-0.42910581827163696,0.0
27.92,-4.636840343475342,1.417041540145874,2.0,-1.1711616516113281,1.8224821090698242,0.0,0.4690597951412201,-0.4313671886920929,0.0
27.93,-4.648529052734375,1.4352483749389648,2.0,-1.1664565801620483,1.8181571960449219,0.0,0.47172874212265015,-0.4336174726486206,0.0
27.94,-4.660170555114746,1.4534070491790771,2.0,-1.161726474761963,1.8138097524642944,0.0,0.47439348697662354,-0.43585556745529175,0.0
27.95,-4.671763896942139,1.4715220928192139,2.0,-1.1569695472717285,1.8094398975372314,0.0,0.47705405950546265,-0.4380819499492645,0.0
27.96,-4.683310508728027,1.4895981550216675,2.0,-1.1521846055984497,1.8050479888916016,0.0,0.4797104597091675,-0.44029712677001953,0.0
27.97,-4.694808006286621,1.5076253414154053,2.0,-1.1473746299743652,1.8006339073181152,0.0,0.48236241936683655,-0.4424999952316284,0.0
27.98,-4.706258296966553,1.5256084203720093,2.0,-1.1425381898880005,1.796197772026062,0.0,0.4850101172924042,-0.44469112157821655,0.0
27.990000000000002,-4.717659950256348,1.5435516834259033,2.0,-1.1376737356185913,1.7917399406433105,0.0,0.48765334486961365,-0.44687092304229736,0.0
28.0,-4.7290120124816895,1.5614454746246338,2.0,-1.132784366607666,1.7872601747512817,0.0,0.4902919828891754,-0.4490383267402649,0.0
28.01,-4.7403154373168945,1.5792944431304932,2.0,-1.12786865234375,1.7827588319778442,0.0,0.49292615056037903,-0.4511938691139221,0.0
28.02,-4.751570224761963,1.5971029996871948,2.0,-1.1229251623153687,1.7782361507415771,0.0,0.49555569887161255,-0.45333802700042725,0.0
28.03,-4.762774467468262,1.6148616075515747,2.0,-1.1179568767547607,1.7736918926239014,0.0,0.49818044900894165,-0.4554697573184967,0.0
28.04,-4.773929119110107,1.632574439048767,2.0,-1.1129623651504517,1.769126534461975,0.0,0.5008004903793335,-0.4575894773006439,0.0
28.05,-4.785034656524658,1.6502463817596436,2.0,-1.1079401969909668,1.7645400762557983,0.0,0.5034157633781433,-0.45969775319099426,0.0
28.060000000000002,-4.796088695526123,1.667867660522461,2.0,-1.102893352508545,1.759932518005371,0.0,0.506026029586792,-0.4617934823036194,0.0
28.07,-4.807092189788818,1.685442566871643,2.0,-1.0978204011917114,1.755303978919983,0.0,0.5086314678192139,-0.4638771712779999,0.0
28.080000000000002,-4.8180460929870605,1.7029759883880615,2.0,-1.0927199125289917,1.7506548166275024,0.0,0.5112318396568298,-0.46594929695129395,0.0
28.09,-4.8289475440979,1.7204580307006836,2.0,-1.0875951051712036,1.7459847927093506,0.0,0.5138271450996399,-0.4680088460445404,0.0
28.1,-4.8397979736328125,1.7378933429718018,2.0,-1.0824443101882935,1.741294264793396,0.0,0.5164172649383545,-0.4700562655925751,0.0
28.11,-4.850596904754639,1.7552862167358398,2.0,-1.077265977859497,1.7365834712982178,0.0,0.5190022587776184,-0.47209203243255615,0.0
28.12,-4.8613433837890625,1.7726272344589233,2.0,-1.0720634460449219,1.7318522930145264,0.0,0.5215818881988525,-0.4741151034832001,0.0
28.13,-4.8720383644104,1.7899208068847656,2.0,-1.0668351650238037,1.7271009683609009,0.0,0.5241562724113464,-0.4761259853839874,0.0
28.14,-4.882680892944336,1.8071715831756592,2.0,-1.0615795850753784,1.7223296165466309,0.0,0.5267252326011658,-0.4781252145767212,0.0
28.150000000000002,-4.893270492553711,1.8243696689605713,2.0,-1.0562999248504639,1.7175383567810059,0.0,0.5292887091636658,-0.48011159896850586,0.0
28.16,-4.903807163238525,1.841519832611084,2.0,-1.050994634628296,1.7127273082733154,0.0,0.5318466424942017,-0.4820857644081116,0.0
28.17,-4.914290904998779,1.8586266040802002,2.0,-1.0456622838974,1.7078964710235596,0.0,0.5343990921974182,-0.48404815793037415,0.0
28.18,-4.924720764160156,1.8756800889968872,2.0,-1.0403058528900146,1.7030460834503174,0.0,0.5369458198547363,-0.48599767684936523,0.0
28.19,-4.9350972175598145,1.892685055732727,2.0,-1.0349241495132446,1.6981762647628784,0.0,0.539486825466156,-0.4879348874092102,0.0
28.2,-4.945419788360596,1.909645915031433,2.0,-1.0295153856277466,1.6932872533798218,0.0,0.5420220494270325,-0.4898602366447449,0.0
28.21,-4.955687522888184,1.9265531301498413,2.0,-1.024082899093628,1.688378930091858,0.0,0.5445514917373657,-0.49177268147468567,0.0
28.22,-4.965901851654053,1.943411111831665,2.0,-1.018625259399414,1.683451533317566,0.0,0.5470750331878662,-0.4936727285385132,0.0
28.23,-4.97606086730957,1.9602243900299072,2.0,-1.0131406784057617,1.678505301475525,0.0,0.5495926141738892,-0.4955608546733856,0.0
28.240000000000002,-4.986164569854736,1.9769835472106934,2.0,-1.0076326131820679,1.6735402345657349,0.0,0.5521041750907898,-0.4974360167980194,0.0
28.25,-4.996213912963867,1.9936927556991577,2.0,-1.0020993947982788,1.6685564517974854,0.0,0.5546095967292786,-0.49929869174957275,0.0
28.26,-5.006207466125488,2.010356903076172,2.0,-0.9965396523475647,1.663554072380066,0.0,0.5571088790893555,-0.5011494159698486,0.0
28.27,-5.0161452293396,2.026966094970703,2.0,-0.9909564852714539,1.6585332155227661,0.0,0.5596020221710205,-0.5029870867729187,0.0
28.28,-5.026026725769043,2.043524980545044,2.0,-0.9853484034538269,1.653494119644165,0.0,0.5620887875556946,-0.5048122406005859,0.0
28.29,-5.035852432250977,2.0600383281707764,2.0,-0.9797139763832092,1.6484367847442627,0.0,0.5645692944526672,-0.5066253542900085,0.0
28.3,-5.045621871948242,2.076496124267578,2.0,-0.9740562438964844,1.6433614492416382,0.0,0.5670433640480042,-0.5084254145622253,0.0
28.310000000000002,-5.055334091186523,2.0929031372070312,2.0,-0.9683738946914673,1.6382681131362915,0.0,0.5695109367370605,-0.5102128386497498,0.0
28.32,-5.0649895668029785,2.1092636585235596,2.0,-0.962665319442749,1.6331568956375122,0.0,0.5719720721244812,-0.5119881629943848,0.0
28.330000000000002,-5.074587345123291,2.125568389892578,2.0,-0.9569336771965027,1.628028154373169,0.0,0.5744265913963318,-0.5137503743171692,0.0
28.34,-5.084128379821777,2.14182186126709,2.0,-0.9511775374412537,1.6228818893432617,0.0,0.5768744349479675,-0.5154998898506165,0.0
28.35,-5.093611240386963,2.1580283641815186,2.0,-0.9453954696655273,1.6177178621292114,0.0,0.5793156027793884,-0.5172373056411743,0.0
28.36,-5.103036403656006,2.1741783618927,2.0,-0.9395905137062073,1.612536907196045,0.0,0.5817499756813049,-0.518961489200592,0.0
28.37,-5.112403392791748,2.190276622772217,2.0,-0.9337612390518188,1.607338547706604,0.0,0.584177553653717,-0.5206729769706726,0.0
28.38,-5.121711730957031,2.206327438354492,2.0,-0.9279061555862427,1.6021231412887573,0.0,0.5865981578826904,-0.522372305393219,0.0
28.39,-5.130961894989014,2.2223212718963623,2.0,-0.9220285415649414,1.5968908071517944,0.0,0.5890119075775146,-0.5240582823753357,0.0
28.400000000000002,-5.140153408050537,2.23826265335083,2.0,-0.9161267280578613,1.591641902923584,0.0,0.5914185643196106,-0.5257315635681152,0.0
28.41,-5.149284839630127,2.2541565895080566,2.0,-0.9101994037628174,1.5863760709762573,0.0,0.5938181281089783,-0.5273926258087158,0.0
28.42,-5.158357620239258,2.2699925899505615,2.0,-0.9042496085166931,1.5810937881469727,0.0,0.5962106585502625,-0.5290403962135315,0.0
28.43,-5.167370319366455,2.285775899887085,2.0,-0.8982759714126587,1.5757951736450195,0.0,0.5985958576202393,-0.5306752920150757,0.0
28.44,-5.176322937011719,2.301510810852051,2.0,-0.8922768831253052,1.5704801082611084,0.0,0.6009738445281982,-0.5322979688644409,0.0
28.45,-5.185215950012207,2.317187786102295,2.0,-0.8862557411193848,1.5651488304138184,0.0,0.6033445596694946,-0.5339072346687317,0.0
28.46,-5.194048881530762,2.3328113555908203,2.0,-0.880210816860199,1.5598018169403076,0.0,0.6057078242301941,-0.5355036854743958,0.0
28.47,-5.202820301055908,2.34838604927063,2.0,-0.8741407990455627,1.554438591003418,0.0,0.6080636978149414,-0.5370877981185913,0.0
28.48,-5.211531639099121,2.3639023303985596,2.0,-0.8680487871170044,1.5490597486495972,0.0,0.6104120016098022,-0.5386584997177124,0.0
28.490000000000002,-5.220181941986084,2.379364490509033,2.0,-0.8619333505630493,1.5436652898788452,0.0,0.6127527952194214,-0.540216326713562,0.0
28.5,-5.228770732879639,2.394777774810791,2.0,-0.8557929992675781,1.538255214691162,0.0,0.6150859594345093,-0.5417618155479431,0.0
28.51,-5.237298011779785,2.4101319313049316,2.0,-0.8496308326721191,1.532829761505127,0.0,0.6174114346504211,-0.5432937741279602,0.0
28.52,-5.245763778686523,2.425431728363037,2.0,-0.8434455394744873,1.5273891687393188,0.0,0.6197291612625122,-0.5448128581047058,0.0
28.53,-5.254167079925537,2.4406819343566895,2.0,-0.8372354507446289,1.5219333171844482,0.0,0.6220389604568481,-0.5463196039199829,0.0
28.54,-5.262508392333984,2.4558727741241455,2.0,-0.8310039639472961,1.5164625644683838,0.0,0.6243410110473633,-0.5478127598762512,0.0
28.55,-5.270787715911865,2.471008777618408,2.0,-0.8247494697570801,1.510976791381836,0.0,0.6266351938247681,-0.549293041229248,0.0
28.560000000000002,-5.279003620147705,2.4860944747924805,2.0,-0.8184704780578613,1.5054763555526733,0.0,0.6289212703704834,-0.550760805606842,0.0
28.57,-5.2871575355529785,2.5011205673217773,2.0,-0.8121702671051025,1.499961495399475,0.0,0.6311993598937988,-0.5522150993347168,0.0
28.580000000000002,-5.295247554779053,2.5160911083221436,2.0,-0.8058472871780396,1.494431972503662,0.0,0.6334693431854248,-0.5536563992500305,0.0
28.59,-5.303274154663086,2.5310113430023193,2.0,-0.7995001077651978,1.4888880252838135,0.0,0.6357311010360718,-0.5550852417945862,0.0
28.6,-5.311237812042236,2.5458712577819824,2.0,-0.7931318879127502,1.4833300113677979,0.0,0.6379846930503845,-0.5565004944801331,0.0
28.61,-5.3191375732421875,2.5606753826141357,2.0,-0.7867411971092224,1.4777579307556152,0.0,0.6402300000190735,-0.5579027533531189,0.0
28.62,-5.326972484588623,2.5754284858703613,2.0,-0.7803264856338501,1.4721717834472656,0.0,0.6424669027328491,-0.5592924952507019,0.0
28.63,-5.334744453430176,2.590121030807495,2.0,-0.7738909721374512,1.4665718078613281,0.0,0.6446954607963562,-0.5606687068939209,0.0
28.64,-5.342451095581055,2.60475754737854,2.0,-0.7674333453178406,1.4609582424163818,0.0,0.6469154953956604,-0.5620318055152893,0.0
28.650000000000002,-5.350092887878418,2.61934232711792,2.0,-0.7609518766403198,1.4553308486938477,0.0,0.6491270065307617,-0.5633823871612549,0.0
28.66,-5.357670783996582,2.633866310119629,2.0,-0.7544499635696411,1.449690341949463,0.0,0.6513300538063049,-0.5647193789482117,0.0
28.67,-5.365182876586914,2.648333787918091,2.0,-0.7479261159896851,1.4440364837646484,0.0,0.6535243988037109,-0.5660433173179626,0.0
28.68,-5.372628688812256,2.6627492904663086,2.0,-0.7413787245750427,1.4383690357208252,0.0,0.6557100415229797,-0.567354679107666,0.0
28.69,-5.380010604858398,2.677103281021118,2.0,-0.7348111271858215,1.4326890707015991,0.0,0.6578869223594666,-0.5686523914337158,0.0
28.7,-5.387325763702393,2.6914005279541016,2.0,-0.7282217741012573,1.4269959926605225,0.0,0.6600550413131714,-0.5699370503425598,0.0
28.71,-5.3945746421813965,2.7056453227996826,2.0,-0.7216091752052307,1.4212899208068848,0.0,0.6622141599655151,-0.5712090730667114,0.0
28.72,-5.401758670806885,2.7198286056518555,2.0,-0.7149766683578491,1.4155715703964233,0.0,0.6643644571304321,-0.572467565536499,0.0
28.73,-5.408874988555908,2.733954429626465,2.0,-0.7083226442337036,1.4098405838012695,0.0,0.666505753993988,-0.5737128257751465,0.0
28.740000000000002,-5.415924549102783,2.7480273246765137,2.0,-0.7016457319259644,1.4040969610214233,0.0,0.6686379909515381,-0.5749455094337463,0.0
28.75,-5.422908306121826,2.762038469314575,2.0,-0.6949491500854492,1.398341417312622,0.0,0.6707611083984375,-0.5761646032333374,0.0
28.76,-5.429824352264404,2.775991678237915,2.0,-0.688231348991394,1.3925737142562866,0.0,0.672875165939331,-0.5773705244064331,0.0
28.77,-5.436672687530518,2.7898921966552734,2.0,-0.6814908981323242,1.3867937326431274,0.0,0.6749798655509949,-0.5785638093948364,0.0
28.78,-5.443454265594482,2.803729772567749,2.0,-0.6747308969497681,1.3810021877288818,0.0,0.6770753860473633,-0.5797434449195862,0.0
28.79,-5.450168132781982,2.817509651184082,2.0,-0.6679500937461853,1.3751988410949707,0.0,0.679161548614502,-0.5809099674224854,0.0
28.8,-5.456813335418701,2.831235885620117,2.0,-0.661146879196167,1.3693835735321045,0.0,0.6812382936477661,-0.5820637941360474,0.0
28.810000000000002,-5.463390827178955,2.8448991775512695,2.0,-0.6543245315551758,1.3635571002960205,0.0,0.6833056211471558,-0.5832039713859558,0.0
28.82,-5.469900608062744,2.8585045337677,2.0,-0.6474815607070923,1.3577195405960083,0.0,0.6853635311126709,-0.5843310356140137,0.0
28.830000000000002,-5.476340293884277,2.872056007385254,2.0,-0.6406164765357971,1.3518701791763306,0.0,0.6874117255210876,-0.5854454040527344,0.0
28.84,-5.482712745666504,2.8855440616607666,2.0,-0.6337324380874634,1.3460102081298828,0.0,0.6894504427909851,-0.5865460634231567,0.0
28.85,-5.489016056060791,2.8989734649658203,2.0,-0.6268281936645508,1.340139389038086,0.0,0.6914794445037842,-0.5876336097717285,0.0
28.86,-5.495249271392822,2.912348985671997,2.0,-0.6199020743370056,1.3342571258544922,0.0,0.6934986114501953,-0.5887085199356079,0.0
28.87,-5.5014142990112305,2.9256608486175537,2.0,-0.6129574179649353,1.3283648490905762,0.0,0.6955082416534424,-0.589769721031189,0.0
28.88,-5.507508754730225,2.9389138221740723,2.0,-0.6059926748275757,1.322461724281311,0.0,0.697507917881012,-0.5908177495002747,0.0
28.89,-5.513533592224121,2.9521121978759766,2.0,-0.5990064144134521,1.3165481090545654,0.0,0.699497640132904,-0.591853141784668,0.0
28.900000000000002,-5.519489288330078,2.9652466773986816,2.0,-0.5920019149780273,1.3106244802474976,0.0,0.7014774680137634,-0.5928748250007629,0.0
28.91,-5.525374889373779,2.9783222675323486,2.0,-0.5849776268005371,1.3046907186508179,0.0,0.7034473419189453,-0.5938833355903625,0.0
28.92,-5.53118896484375,2.991342782974243,2.0,-0.5779321193695068,1.2987464666366577,0.0,0.7054070830345154,-0.594879150390625,0.0
28.93,-5.536933422088623,3.0042991638183594,2.0,-0.570868730545044,1.292792797088623,0.0,0.7073568105697632,-0.5958613157272339,0.0
28.94,-5.542606830596924,3.0171961784362793,2.0,-0.5637857913970947,1.2868291139602661,0.0,0.7092962861061096,-0.5968303680419922,0.0
28.95,-5.548208713531494,3.0300378799438477,2.0,-0.5566819906234741,1.2808557748794556,0.0,0.7112255096435547,-0.5977866649627686,0.0
28.96,-5.553740501403809,3.0428152084350586,2.0,-0.5495604872703552,1.2748732566833496,0.0,0.7131445407867432,-0.5987293124198914,0.0
28.97,-5.559201240539551,3.055532932281494,2.0,-0.5424197912216187,1.2688812017440796,0.0,0.7150532603263855,-0.5996587872505188,0.0
28.98,-5.564589023590088,3.06819486618042,2.0,-0.5352585315704346,1.2628796100616455,0.0,0.7169515490531921,-0.6005755662918091,0.0
28.990000000000002,-5.569905757904053,3.0807924270629883,2.0,-0.5280799865722656,1.2568693161010742,0.0,0.7188394665718079,-0.6014787554740906,0.0
29.0,-5.575151443481445,3.093329906463623,2.0,-0.5208825469017029,1.250849962234497,0.0,0.7207168340682983,-0.6023687124252319,0.0
29.01,-5.580323219299316,3.105811595916748,2.0,-0.5136648416519165,1.244821548461914,0.0,0.7225836515426636,-0.6032460927963257,0.0
29.02,-5.585423946380615,3.1182284355163574,2.0,-0.5064300894737244,1.2387847900390625,0.0,0.7244399785995483,-0.6041097640991211,0.0
29.03,-5.590452671051025,3.130584716796875,2.0,-0.4991767704486847,1.2327394485473633,0.0,0.7262856364250183,-0.6049602627754211,0.0
29.04,-5.595407485961914,3.142885208129883,2.0,-0.49190354347229004,1.2266851663589478,0.0,0.7281203866004944,-0.6057981252670288,0.0
29.05,-5.600290775299072,3.155120372772217,2.0,-0.4846135079860687,1.2206231355667114,0.0,0.7299445867538452,-0.6066223382949829,0.0
29.060000000000002,-5.605100631713867,3.167294979095459,2.0,-0.4773053824901581,1.2145527601242065,0.0,0.7317579984664917,-0.6074334383010864,0.0
29.07,-5.609836101531982,3.1794137954711914,2.0,-0.46997758746147156,1.208474040031433,0.0,0.7335604429244995,-0.6082319021224976,0.0
29.080000000000002,-5.614500045776367,3.191466808319092,2.0,-0.4626333713531494,1.2023876905441284,0.0,0.7353520393371582,-0.6090166568756104,0.0
29.09,-5.619090557098389,3.203458786010742,2.0,-0.45527127385139465,1.196293830871582,0.0,0.737132728099823,-0.6097883582115173,0.0
29.1,-5.623605251312256,3.2153944969177246,2.0,-0.44788989424705505,1.190191626548767,0.0,0.7389022707939148,-0.6105474233627319,0.0
29.11,-5.628047943115234,3.227264881134033,2.0,-0.4404923915863037,1.1840823888778687,0.0,0.7406609058380127,-0.611292839050293,0.0
29.12,-5.632416248321533,3.2390737533569336,2.0,-0.4330773949623108,1.177965760231018,0.0,0.7424083948135376,-0.6120252013206482,0.0
29.13,-5.636708736419678,3.250825881958008,2.0,-0.4256434142589569,1.1718416213989258,0.0,0.7441445589065552,-0.612744927406311,0.0
29.14,-5.640928745269775,3.262512683868408,2.0,-0.41819366812705994,1.1657105684280396,0.0,0.7458696961402893,-0.6134510636329651,0.0
29.150000000000002,-5.645073890686035,3.2741377353668213,2.0,-0.41072675585746765,1.1595726013183594,0.0,0.7475835680961609,-0.6141440868377686,0.0
29.16,-5.649142742156982,3.285706043243408,2.0,-0.40324121713638306,1.153427243232727,0.0,0.7492859363555908,-0.6148245334625244,0.0
29.17,-5.653138160705566,3.297208309173584,2.0,-0.395740270614624,1.147275686264038,0.0,0.7509771585464478,-0.6154914498329163,0.0
29.18,-5.6570587158203125,3.3086490631103516,2.0,-0.3882223963737488,1.1411175727844238,0.0,0.752656877040863,-0.6161452531814575,0.0
29.19,-5.660902500152588,3.320032835006714,2.0,-0.38068628311157227,1.1349523067474365,0.0,0.7543250322341919,-0.616786539554596,0.0
29.2,-5.664672374725342,3.331350326538086,2.0,-0.3731350898742676,1.1287814378738403,0.0,0.7559818029403687,-0.6174142360687256,0.0
29.21,-5.668365955352783,3.3426058292388916,2.0,-0.36556732654571533,1.122604250907898,0.0,0.757627010345459,-0.6180288791656494,0.0
29.22,-5.671983242034912,3.353804111480713,2.0,-0.35798168182373047,1.1164205074310303,0.0,0.7592605352401733,-0.6186310052871704,0.0
29.23,-5.675525665283203,3.364936351776123,2.0,-0.3503813147544861,1.1102311611175537,0.0,0.7608823776245117,-0.6192196011543274,0.0
29.240000000000002,-5.678991794586182,3.376006603240967,2.0,-0.34276479482650757,1.1040360927581787,0.0,0.7624925971031189,-0.6197952032089233,0.0
29.25,-5.682380199432373,3.387018918991089,2.0,-0.33513063192367554,1.0978349447250366,0.0,0.764090895652771,-0.6203582286834717,0.0
29.26,-5.685694217681885,3.3979649543762207,2.0,-0.32748210430145264,1.0916285514831543,0.0,0.7656775712966919,-0.6209078431129456,0.0
29.27,-5.688931465148926,3.408849000930786,2.0,-0.31981778144836426,1.0854167938232422,0.0,0.7672524452209473,-0.6214444637298584,0.0
29.28,-5.692090034484863,3.419675350189209,2.0,-0.31213629245758057,1.079199194908142,0.0,0.7688151597976685,-0.6219686269760132,0.0
29.29,-5.695173740386963,3.4304349422454834,2.0,-0.3044407367706299,1.072977066040039,0.0,0.7703660726547241,-0.622479259967804,0.0
29.3,-5.698179721832275,3.4411323070526123,2.0,-0.2967296242713928,1.0667496919631958,0.0,0.7719050049781799,-0.6229770183563232,0.0
29.310000000000002,-5.701107501983643,3.4517717361450195,2.0,-0.2890017628669739,1.0605170726776123,0.0,0.7734317779541016,-0.6234622597694397,0.0
29.32,-5.7039594650268555,3.4623446464538574,2.0,-0.2812601327896118,1.0542800426483154,0.0,0.7749465703964233,-0.6239341497421265,0.0
29.330000000000002,-5.706733703613281,3.4728550910949707,2.0,-0.27350354194641113,1.0480384826660156,0.0,0.7764493227005005,-0.624393105506897,0.0
29.34,-5.709428787231445,3.483307361602783,2.0,-0.26573044061660767,1.0417919158935547,0.0,0.7779395580291748,-0.6248396635055542,0.0
29.35,-5.712048053741455,3.4936928749084473,2.0,-0.25794386863708496,1.035541296005249,0.0,0.779417872428894,-0.625272810459137,0.0
29.36,-5.7145891189575195,3.5040156841278076,2.0,-0.2501426935195923,1.0292863845825195,0.0,0.7808837890625,-0.6256930828094482,0.0
29.37,-5.717050552368164,3.514280319213867,2.0,-0.24232542514801025,1.023026943206787,0.0,0.7823371887207031,-0.626101016998291,0.0
29.38,-5.719435691833496,3.5244781970977783,2.0,-0.2344951629638672,1.0167640447616577,0.0,0.7837785482406616,-0.6264955997467041,0.0
29.39,-5.721741199493408,3.5346131324768066,2.0,-0.22665053606033325,1.0104970932006836,0.0,0.7852073907852173,-0.6268773078918457,0.0
29.400000000000002,-5.723967552185059,3.5446901321411133,2.0,-0.2187901735305786,1.0042259693145752,0.0,0.7866235971450806,-0.6272467374801636,0.0
29.41,-5.726117134094238,3.554699420928955,2.0,-0.21091723442077637,0.997951865196228,0.0,0.7880275249481201,-0.6276028156280518,0.0
29.42,-5.728187561035156,3.5646467208862305,2.0,-0.2030302882194519,0.9916741847991943,0.0,0.7894188761711121,-0.627946138381958,0.0
29.43,-5.73017692565918,3.5745351314544678,2.0,-0.19512808322906494,0.9853924512863159,0.0,0.7907974123954773,-0.6282771825790405,0.0
29.44,-5.732089519500732,3.5843563079833984,2.0,-0.18721354007720947,0.9791080355644226,0.0,0.792163610458374,-0.6285949945449829,0.0
29.45,-5.733922481536865,3.5941147804260254,2.0,-0.17928546667099,0.9728206992149353,0.0,0.793516993522644,-0.6289000511169434,0.0
29.46,-5.7356743812561035,3.6038146018981934,2.0,-0.1713423728942871,0.9665296673774719,0.0,0.7948575019836426,-0.6291928291320801,0.0
29.47,-5.737348556518555,3.6134471893310547,2.0,-0.1633874773979187,0.9602363705635071,0.0,0.7961853742599487,-0.6294724941253662,0.0
29.48,-5.738943576812744,3.623016834259033,2.0,-0.15541934967041016,0.9539403915405273,0.0,0.7975005507469177,-0.6297394037246704,0.0
29.490000000000002,-5.740456581115723,3.6325278282165527,2.0,-0.14743667840957642,0.9476411938667297,0.0,0.7988026142120361,-0.6299940943717957,0.0
29.5,-5.741891384124756,3.6419715881347656,2.0,-0.13944250345230103,0.9413400292396545,0.0,0.8000918626785278,-0.6302356719970703,0.0
29.51,-5.743246555328369,3.6513521671295166,2.0,-0.13143551349639893,0.9350365996360779,0.0,0.8013683557510376,-0.6304646730422974,0.0
29.52,-5.7445197105407715,3.6606740951538086,2.0,-0.12341427803039551,0.9287302494049072,0.0,0.8026316165924072,-0.6306813955307007,0.0
29.53,-5.74571418762207,3.669928550720215,2.0,-0.11538207530975342,0.9224226474761963,0.0,0.8038820028305054,-0.630885124206543,0.0
29.54,-5.746829032897949,3.6791200637817383,2.0,-0.1073373556137085,0.9161128401756287,0.0,0.8051192760467529,-0.6310762763023376,0.0
29.55,-5.747860431671143,3.6882529258728027,2.0,-0.09927880764007568,0.9098004698753357,0.0,0.8063433170318604,-0.6312552690505981,0.0
29.560000000000002,-5.748813152313232,3.6973180770874023,2.0,-0.09120965003967285,0.9034871459007263,0.0,0.8075543642044067,-0.6314213275909424,0.0
29.57,-5.749686241149902,3.70632004737854,2.0,-0.08312839269638062,0.8971723318099976,0.0,0.8087522983551025,-0.6315747499465942,0.0
29.580000000000002,-5.7504754066467285,3.7152633666992188,2.0,-0.07503384351730347,0.8908552527427673,0.0,0.8099367618560791,-0.6317161917686462,0.0
29.59,-5.751185894012451,3.7241392135620117,2.0,-0.06692886352539062,0.8845375180244446,0.0,0.8111081123352051,-0.6318446397781372,0.0
29.6,-5.751815319061279,3.7329516410827637,2.0,-0.05881226062774658,0.8782185316085815,0.0,0.8122661709785461,-0.6319606900215149,0.0
29.61,-5.75236177444458,3.7417051792144775,2.0,-0.05068272352218628,0.8718978762626648,0.0,0.8134106397628784,-0.6320646405220032,0.0
29.62,-5.752828598022461,3.7503914833068848,2.0,-0.04254329204559326,0.8655768036842346,0.0,0.8145419359207153,-0.6321557760238647,0.0
29.63,-5.753213882446289,3.759014129638672,2.0,-0.034392476081848145,0.8592548370361328,0.0,0.815659761428833,-0.6322344541549683,0.0
29.64,-5.753515720367432,3.767578125,2.0,-0.026229262351989746,0.8529316782951355,0.0,0.8167639970779419,-0.6323012709617615,0.0
29.650000000000002,-5.753737926483154,3.7760746479034424,2.0,-0.018056392669677734,0.8466084003448486,0.0,0.8178548812866211,-0.6323552131652832,0.0
29.66,-5.753878116607666,3.784507989883423,2.0,-0.009872794151306152,0.8402847647666931,0.0,0.8189322352409363,-0.6323968172073364,0.0
29.67,-5.753934383392334,3.792882204055786,2.0,-0.0016770362854003906,0.8339599967002869,0.0,0.8199957013130188,-0.6324265599250793,0.0
29.68,-5.753911018371582,3.8011889457702637,2.0,0.006527960300445557,0.8276357054710388,0.0,0.8210458755493164,-0.6324435472488403,0.0
29.69,-5.753805160522461,3.8094325065612793,2.0,0.014743328094482422,0.8213112950325012,0.0,0.8220822811126709,-0.6324481964111328,0.0
29.7,-5.753614902496338,3.8176169395446777,2.0,0.02297043800354004,0.8149862289428711,0.0,0.8231047987937927,-0.6324411034584045,0.0
29.71,-5.753345012664795,3.8257341384887695,2.0,0.031206250190734863,0.8086621165275574,0.0,0.8241138458251953,-0.6324213147163391,0.0
29.72,-5.752992153167725,3.8337879180908203,2.0,0.03945213556289673,0.8023380637168884,0.0,0.8251090049743652,-0.6323893070220947,0.0
29.73,-5.7525553703308105,3.841782569885254,2.0,0.04770922660827637,0.7960137724876404,0.0,0.8260902166366577,-0.6323455572128296,0.0
29.740000000000002,-5.752037525177002,3.849709987640381,2.0,0.05597466230392456,0.7896907329559326,0.0,0.8270578384399414,-0.6322891712188721,0.0
29.75,-5.751436710357666,3.857573986053467,2.0,0.06424975395202637,0.7833681702613831,0.0,0.8280114531517029,-0.6322207450866699,0.0
29.76,-5.750751495361328,3.8653788566589355,2.0,0.07253557443618774,0.7770457863807678,0.0,0.8289510011672974,-0.6321405172348022,0.0
29.77,-5.749985694885254,3.8731164932250977,2.0,0.08082950115203857,0.7707249522209167,0.0,0.8298767805099487,-0.6320478320121765,0.0
29.78,-5.749136447906494,3.8807907104492188,2.0,0.08913260698318481,0.7644050717353821,0.0,0.8307886123657227,-0.6319430470466614,0.0
29.79,-5.748202323913574,3.88840651512146,2.0,0.09744608402252197,0.7580856084823608,0.0,0.8316861391067505,-0.6318267583847046,0.0
29.8,-5.747186660766602,3.8959546089172363,2.0,0.1057671308517456,0.751768171787262,0.0,0.8325698375701904,-0.6316978931427002,0.0
29.810000000000002,-5.746088027954102,3.9034392833709717,2.0,0.11409687995910645,0.745451807975769,0.0,0.8334393501281738,-0.6315571069717407,0.0
29.82,-5.744904041290283,3.910865306854248,2.0,0.1224367618560791,0.7391364574432373,0.0,0.8342946171760559,-0.6314047574996948,0.0
29.830000000000002,-5.743638515472412,3.9182238578796387,2.0,0.1307835578918457,0.7328232526779175,0.0,0.8351359367370605,-0.6312400698661804,0.0
29.84,-5.742290019989014,3.9255192279815674,2.0,0.13913875818252563,0.7265118956565857,0.0,0.8359630107879639,-0.6310634613037109,0.0
29.85,-5.7408552169799805,3.932755708694458,2.0,0.14750361442565918,0.7202014923095703,0.0,0.836775541305542,-0.6308753490447998,0.0
29.86,-5.7393388748168945,3.939924955368042,2.0,0.15587514638900757,0.7138938903808594,0.0,0.8375741839408875,-0.6306749582290649,0.0
29.87,-5.737739086151123,3.947031021118164,2.0,0.16425442695617676,0.7075883150100708,0.0,0.838358461856842,-0.6304627656936646,0.0
29.88,-5.736052513122559,3.954078435897827,2.0,0.1726430058479309,0.7012840509414673,0.0,0.8391281366348267,-0.6302392482757568,0.0
29.89,-5.7342848777771,3.9610586166381836,2.0,0.18103784322738647,0.6949830055236816,0.0,0.8398836851119995,-0.6300034523010254,0.0
29.900000000000002,-5.732433795928955,3.967975616455078,2.0,0.18944013118743896,0.6886844038963318,0.0,0.8406249284744263,-0.629755973815918,0.0
29.91,-5.730495452880859,3.9748339653015137,2.0,0.19785112142562866,0.6823873519897461,0.0,0.8413513898849487,-0.6294971704483032,0.0
29.92,-5.728475570678711,3.9816253185272217,2.0,0.20626795291900635,0.6760938167572021,0.0,0.8420636057853699,-0.6292262077331543,0.0
29.93,-5.726371765136719,3.9883534908294678,2.0,0.2146918773651123,0.6698032021522522,0.0,0.8427613973617554,-0.6289436221122742,0.0
29.94,-5.724180698394775,3.995022773742676,2.0,0.22312390804290771,0.6635143756866455,0.0,0.8434444069862366,-0.6286498308181763,0.0
29.95,-5.721908092498779,4.0016255378723145,2.0,0.231561541557312,0.6572297215461731,0.0,0.8441131114959717,-0.6283439993858337,0.0
29.96,-5.719551086425781,4.00816535949707,2.0,0.24000567197799683,0.6509478688240051,0.0,0.8447672128677368,-0.6280266046524048,0.0
29.97,-5.717106819152832,4.014646053314209,2.0,0.248457670211792,0.6446685194969177,0.0,0.8454064130783081,-0.6276980638504028,0.0
29.98,-5.71458101272583,4.021059989929199,2.0,0.25691455602645874,0.6383934617042542,0.0,0.8460313081741333,-0.6273576021194458,0.0
29.990000000000002,-5.711970329284668,4.027411460876465,2.0,0.2653777003288269,0.6321218013763428,0.0,0.8466414213180542,-0.6270056366920471,0.0
30.0,-5.709272861480713,4.0337042808532715,2.0,0.2738482356071472,0.6258527636528015,0.0,0.8472366333007812,-0.6266427040100098,0.0
30.01,-5.7064924240112305,4.0399298667907715,2.0,0.2823232412338257,0.6195883750915527,0.0,0.8478173613548279,-0.6262677907943726,0.0
30.02,-5.703627586364746,4.046093463897705,2.0,0.29080402851104736,0.6133278012275696,0.0,0.8483833074569702,-0.6258816123008728,0.0
30.03,-5.7006754875183105,4.05219841003418,2.0,0.29929161071777344,0.6070702075958252,0.0,0.8489342331886292,-0.6254844665527344,0.0
30.04,-5.697640419006348,4.058236598968506,2.0,0.3077835440635681,0.6008175611495972,0.0,0.8494705557823181,-0.6250755786895752,0.0
30.05,-5.694521427154541,4.064212322235107,2.0,0.3162805438041687,0.5945689082145691,0.0,0.849992036819458,-0.6246553063392639,0.0
30.060000000000002,-5.691314220428467,4.070129871368408,2.0,0.3247841000556946,0.5883238911628723,0.0,0.8504984378814697,-0.6242243051528931,0.0
30.07,-5.688024520874023,4.075980186462402,2.0,0.33329135179519653,0.5820839405059814,0.0,0.8509900569915771,-0.6237815618515015,0.0
30.080000000000002,-5.684650421142578,4.081768989562988,2.0,0.3418034315109253,0.5758485794067383,0.0,0.8514668941497803,-0.6233276128768921,0.0
30.09,-5.681187629699707,4.087499141693115,2.0,0.3503214120864868,0.5696167945861816,0.0,0.8519284129142761,-0.6228629350662231,0.0
30.1,-5.677642345428467,4.093162536621094,2.0,0.35884273052215576,0.5633907914161682,0.0,0.8523752689361572,-0.6223866939544678,0.0
30.11,-5.674011707305908,4.098764419555664,2.0,0.3673684597015381,0.557169497013092,0.0,0.8528071045875549,-0.6218993663787842,0.0
30.12,-5.670293807983398,4.104308128356934,2.0,0.37589961290359497,0.5509521961212158,0.0,0.8532236218452454,-0.6214013695716858,0.0
30.13,-5.6664934158325195,4.109785079956055,2.0,0.38443368673324585,0.5447409152984619,0.0,0.8536254167556763,-0.6208919286727905,0.0
30.14,-5.662607192993164,4.115200042724609,2.0,0.39297157526016235,0.5385348200798035,0.0,0.8540120124816895,-0.6203714609146118,0.0
30.150000000000002,-5.658632278442383,4.1205573081970215,2.0,0.4015146493911743,0.5323328375816345,0.0,0.8543832302093506,-0.6198404431343079,0.0
30.16,-5.654575347900391,4.125848770141602,2.0,0.4100600481033325,0.5261373519897461,0.0,0.8547396659851074,-0.6192981004714966,0.0
30.17,-5.65043306350708,4.131077766418457,2.0,0.41860902309417725,0.519947350025177,0.0,0.8550809621810913,-0.6187448501586914,0.0
30.18,-5.646202087402344,4.13624906539917,2.0,0.4271625280380249,0.5137619376182556,0.0,0.8554067015647888,-0.6181811094284058,0.0
30.19,-5.641888618469238,4.141354560852051,2.0,0.4357178211212158,0.5075832009315491,0.0,0.8557175993919373,-0.6176061630249023,0.0
30.2,-5.6374897956848145,4.146398544311523,2.0,0.44427627325057983,0.501410186290741,0.0,0.8560132384300232,-0.6170203685760498,0.0
30.21,-5.633001804351807,4.151384353637695,2.0,0.45283883810043335,0.49524223804473877,0.0,0.856293261051178,-0.6164242625236511,0.0
30.22,-5.62843132019043,4.156304359436035,2.0,0.46140289306640625,0.48908114433288574,0.0,0.8565584421157837,-0.6158169507980347,0.0
30.23,-5.623775482177734,4.161163330078125,2.0,0.4699695110321045,0.48292624950408936,0.0,0.8568082451820374,-0.6151990294456482,0.0
30.240000000000002,-5.619030952453613,4.1659650802612305,2.0,0.4785398244857788,0.4767765998840332,0.0,0.8570424318313599,-0.6145708560943604,0.0
30.25,-5.614203453063965,4.170700550079346,2.0,0.48711109161376953,0.4706342816352844,0.0,0.8572615385055542,-0.6139315962791443,0.0
30.26,-5.609290599822998,4.175374984741211,2.0,0.49568450450897217,0.46449846029281616,0.0,0.857465386390686,-0.613281786441803,0.0
30.27,-5.604288578033447,4.179992198944092,2.0,0.5042612552642822,0.45836806297302246,0.0,0.8576534390449524,-0.6126218438148499,0.0
30.28,-5.599204063415527,4.184544086456299,2.0,0.5128384232521057,0.4522453546524048,0.0,0.8578264713287354,-0.6119509339332581,0.0
30.29,-5.594033718109131,4.189034461975098,2.0,0.5214172601699829,0.4461294412612915,0.0,0.8579840660095215,-0.6112695932388306,0.0
30.3,-5.58877420425415,4.19346809387207,2.0,0.5299988389015198,0.4400193691253662,0.0,0.8581258058547974,-0.6105782389640808,0.0
30.310000000000002,-5.583432197570801,4.197836399078369,2.0,0.5385804772377014,0.4339173436164856,0.0,0.8582525253295898,-0.6098760366439819,0.0
30.32,-5.578004837036133,4.202144145965576,2.0,0.5471634268760681,0.4278222918510437,0.0,0.8583637475967407,-0.6091635227203369,0.0
30.330000000000002,-5.572487831115723,4.206394195556641,2.0,0.555748462677002,0.4217334985733032,0.0,0.8584590554237366,-0.6084409952163696,0.0
30.34,-5.566887855529785,4.210580348968506,2.0,0.5643333792686462,0.415652871131897,0.0,0.8585392236709595,-0.6077078580856323,0.0
30.35,-5.5612030029296875,4.214705467224121,2.0,0.5729188919067383,0.40957969427108765,0.0,0.858603835105896,-0.6069644689559937,0.0
30.36,-5.555428504943848,4.218773365020752,2.0,0.5815061330795288,0.40351301431655884,0.0,0.8586525917053223,-0.606211245059967,0.0
30.37,-5.549571514129639,4.222776889801025,2.0,0.5900925993919373,0.3974549174308777,0.0,0.858686089515686,-0.6054474115371704,0.0
30.38,-5.543628215789795,4.226720333099365,2.0,0.5986794829368591,0.39140456914901733,0.0,0.8587039709091187,-0.6046735048294067,0.0
30.39,-5.537596702575684,4.230606555938721,2.0,0.607267439365387,0.3853608965873718,0.0,0.858705997467041,-0.6038898229598999,0.0
30.400000000000002,-5.531481742858887,4.234428882598877,2.0,0.6158542633056641,0.3793261647224426,0.0,0.8586926460266113,-0.6030957698822021,0.0
30.41,-5.5252814292907715,4.238190650939941,2.0,0.6244409084320068,0.37329941987991333,0.0,0.8586636781692505,-0.6022916436195374,0.0
30.42,-5.518991947174072,4.241896152496338,2.0,0.6330282688140869,0.3672797679901123,0.0,0.8586186766624451,-0.6014779806137085,0.0
30.43,-5.512619495391846,4.245537757873535,2.0,0.6416140794754028,0.3612692356109619,0.0,0.8585584163665771,-0.6006540060043335,0.0
30.44,-5.506161212921143,4.249119758605957,2.0,0.6501991748809814,0.3552670478820801,0.0,0.8584823608398438,-0.599820077419281,0.0
30.45,-5.4996137619018555,4.2526445388793945,2.0,0.6587843894958496,0.3492721915245056,0.0,0.8583903312683105,-0.598976731300354,0.0
30.46,-5.492984294891357,4.256106376647949,2.0,0.667367696762085,0.34328693151474,0.0,0.8582829236984253,-0.5981231331825256,0.0
30.47,-5.486268520355225,4.25950813293457,2.0,0.6759495735168457,0.33731019496917725,0.0,0.8581597208976746,-0.5972597599029541,0.0
30.48,-5.479463577270508,4.262853622436523,2.0,0.6845314502716064,0.3313411474227905,0.0,0.8580204248428345,-0.5963870286941528,0.0
30.490000000000002,-5.47257661819458,4.266136169433594,2.0,0.6931107044219971,0.3253819942474365,0.0,0.8578658103942871,-0.5955042839050293,0.0
30.5,-5.465603828430176,4.269359111785889,2.0,0.701688289642334,0.3194316625595093,0.0,0.8576953411102295,-0.5946118235588074,0.0
30.51,-5.458541393280029,4.272526264190674,2.0,0.7102653980255127,0.31348901987075806,0.0,0.8575087189674377,-0.59371018409729,0.0
30.52,-5.451396942138672,4.275629997253418,2.0,0.718839168548584,0.3075568675994873,0.0,0.857306718826294,-0.5927985310554504,0.0
30.53,-5.444166660308838,4.278675079345703,2.0,0.7274110317230225,0.30163371562957764,0.0,0.8570888638496399,-0.5918773412704468,0.0
30.54,-5.436846733093262,4.2816643714904785,2.0,0.735981822013855,0.29571855068206787,0.0,0.8568547368049622,-0.5909470915794373,0.0
30.55,-5.429445266723633,4.284591197967529,2.0,0.7445489168167114,0.2898140549659729,0.0,0.8566052317619324,-0.5900070071220398,0.0
30.560000000000002,-5.421957969665527,4.287458419799805,2.0,0.7531134486198425,0.28391897678375244,0.0,0.8563398122787476,-0.5890575051307678,0.0
30.57,-5.414381504058838,4.2902703285217285,2.0,0.7616763710975647,0.27803224325180054,0.0,0.8560582399368286,-0.5880990028381348,0.0
30.580000000000002,-5.4067230224609375,4.293020248413086,2.0,0.7702353596687317,0.27215635776519775,0.0,0.8557611703872681,-0.5871309041976929,0.0
30.59,-5.398979187011719,4.295711517333984,2.0,0.7787911295890808,0.26629018783569336,0.0,0.8554481267929077,-0.5861533880233765,0.0
30.6,-5.391145706176758,4.298347473144531,2.0,0.7873449325561523,0.26043272018432617,0.0,0.8551188707351685,-0.5851670503616333,0.0
30.61,-5.383230686187744,4.300921440124512,2.0,0.7958943247795105,0.2545861601829529,0.0,0.8547740578651428,-0.5841712355613708,0.0
30.62,-5.375229835510254,4.303437232971191,2.0,0.8044400215148926,0.24874985218048096,0.0,0.8544133305549622,-0.5831661820411682,0.0
30.63,-5.367140293121338,4.3058977127075195,2.0,0.8129832744598389,0.24292230606079102,0.0,0.8540363311767578,-0.5821524262428284,0.0
30.64,-5.358968734741211,4.308297157287598,2.0,0.821521520614624,0.2371060848236084,0.0,0.8536437749862671,-0.581129252910614,0.0
30.650000000000002,-5.350711822509766,4.310637950897217,2.0,0.830055832862854,0.2313002347946167,0.0,0.8532352447509766,-0.5800970792770386,0.0
30.66,-5.3423662185668945,4.312924385070801,2.0,0.8385869860649109,0.2255035638809204,0.0,0.8528103828430176,-0.5790562629699707,0.0
30.67,-5.3339385986328125,4.315149307250977,2.0,0.8471126556396484,0.21971845626831055,0.0,0.852370023727417,-0.5780060887336731,0.0
30.68,-5.325425624847412,4.31731653213501,2.0,0.8556339740753174,0.2139439582824707,0.0,0.851913571357727,-0.5769470930099487,0.0
30.69,-5.316823959350586,4.319429397583008,2.0,0.8641515970230103,0.20817887783050537,0.0,0.8514409065246582,-0.5758796334266663,0.0
30.7,-5.308140754699707,4.321481227874756,2.0,0.8726634979248047,0.2024257779121399,0.0,0.8509525060653687,-0.5748029947280884,0.0
30.71,-5.299372673034668,4.3234758377075195,2.0,0.881170392036438,0.19668340682983398,0.0,0.8504482507705688,-0.5737175941467285,0.0
30.72,-5.290515899658203,4.325416088104248,2.0,0.8896730542182922,0.19095075130462646,0.0,0.849927544593811,-0.5726238489151001,0.0
30.73,-5.281578063964844,4.327295780181885,2.0,0.8981696367263794,0.1852303147315979,0.0,0.8493912816047668,-0.5715211033821106,0.0
30.740000000000002,-5.272554397583008,4.329118728637695,2.0,0.9066605567932129,0.17952090501785278,0.0,0.8488389253616333,-0.5704097151756287,0.0
30.75,-5.2634429931640625,4.330887317657471,2.0,0.9151469469070435,0.17382150888442993,0.0,0.8482702374458313,-0.5692901015281677,0.0
30.76,-5.2542500495910645,4.332596302032471,2.0,0.9236266613006592,0.16813457012176514,0.0,0.8476859331130981,-0.5681616067886353,0.0
30.77,-5.2449727058410645,4.3342485427856445,2.0,0.9321004152297974,0.16245883703231812,0.0,0.8470855951309204,-0.5670247077941895,0.0
30.78,-5.2356061935424805,4.335846900939941,2.0,0.9405691623687744,0.15679335594177246,0.0,0.8464688658714294,-0.5658796429634094,0.0
30.79,-5.22615909576416,4.337385177612305,2.0,0.9490303993225098,0.15114057064056396,0.0,0.8458365201950073,-0.5647258162498474,0.0
30.8,-5.216627597808838,4.338867664337158,2.0,0.9574854969978333,0.14549940824508667,0.0,0.8451880812644958,-0.5635637044906616,0.0
30.810000000000002,-5.207008361816406,4.340296745300293,2.0,0.9659349322319031,0.13986867666244507,0.0,0.8445232510566711,-0.5623936653137207,0.0
30.82,-5.197307586669922,4.341666221618652,2.0,0.9743765592575073,0.13425087928771973,0.0,0.8438427448272705,-0.5612149238586426,0.0
30.830000000000002,-5.187522888183594,4.342979431152344,2.0,0.9828113317489624,0.12864500284194946,0.0,0.8431463241577148,-0.5600280165672302,0.0
30.84,-5.17764949798584,4.344240188598633,2.0,0.9912402629852295,0.12304973602294922,0.0,0.8424333333969116,-0.5588333606719971,0.0
30.85,-5.167695999145508,4.345441818237305,2.0,0.9996607303619385,0.11746764183044434,0.0,0.8417047262191772,-0.557630181312561,0.0
30.86,-5.157658576965332,4.346587657928467,2.0,1.0080739259719849,0.11189764738082886,0.0,0.8409601449966431,-0.5564188957214355,0.0
30.87,-5.147532939910889,4.347680568695068,2.0,1.0164806842803955,0.1063387393951416,0.0,0.8401990532875061,-0.5552000403404236,0.0
30.88,-5.137327194213867,4.348715305328369,2.0,1.0248786211013794,0.10079306364059448,0.0,0.839422345161438,-0.5539728403091431,0.0
30.89,-5.127037525177002,4.349694728851318,2.0,1.033268690109253,0.0952599048614502,0.0,0.8386296033859253,-0.5527377128601074,0.0
30.900000000000002,-5.116660118103027,4.350621700286865,2.0,1.041651964187622,0.08973771333694458,0.0,0.8378204107284546,-0.5514949560165405,0.0
30.91,-5.106202602386475,4.351490497589111,2.0,1.0500257015228271,0.08422929048538208,0.0,0.8369956016540527,-0.550244152545929,0.0
30.92,-5.095661640167236,4.352304458618164,2.0,1.0583913326263428,0.07873326539993286,0.0,0.8361546993255615,-0.548985481262207,0.0
30.93,-5.085033416748047,4.353066444396973,2.0,1.0667495727539062,0.07324886322021484,0.0,0.8352973461151123,-0.5477194786071777,0.0
30.94,-5.074324607849121,4.3537702560424805,2.0,1.0750980377197266,0.06777840852737427,0.0,0.8344243764877319,-0.546445369720459,0.0
30.95,-5.063533306121826,4.354420185089111,2.0,1.0834376811981201,0.062320590019226074,0.0,0.8335354328155518,-0.5451637506484985,0.0
30.96,-5.052654266357422,4.35501766204834,2.0,1.0917693376541138,0.05687439441680908,0.0,0.8326300382614136,-0.5438747406005859,0.0
30.970000000000002,-5.041696071624756,4.355558395385742,2.0,1.1000909805297852,0.051442503929138184,0.0,0.8317089676856995,-0.5425779223442078,0.0
30.98,-5.0306549072265625,4.356044769287109,2.0,1.108403205871582,0.04602348804473877,0.0,0.8307719230651855,-0.5412735939025879,0.0
30.990000000000002,-5.019526481628418,4.356479644775391,2.0,1.1167069673538208,0.04061627388000488,0.0,0.8298183679580688,-0.5399621725082397,0.0
31.0,-5.008318901062012,4.356858253479004,2.0,1.1250003576278687,0.03522372245788574,0.0,0.828849196434021,-0.5386430025100708,0.0
31.01,-4.997028350830078,4.357182502746582,2.0,1.1332836151123047,0.029844045639038086,0.0,0.8278640508651733,-0.5373164415359497,0.0
31.02,-4.98565149307251,4.357456207275391,2.0,1.141558051109314,0.02447664737701416,0.0,0.8268624544143677,-0.5359830260276794,0.0
31.03,-4.97419548034668,4.357673168182373,2.0,1.1498215198516846,0.01912379264831543,0.0,0.8258453011512756,-0.5346419215202332,0.0
31.04,-4.9626569747924805,4.357836723327637,2.0,1.1580748558044434,0.013784468173980713,0.0,0.824812114238739,-0.5332936644554138,0.0
31.05,-4.9510321617126465,4.357949733734131,2.0,1.166318416595459,0.008457303047180176,0.0,0.8237624764442444,-0.5319385528564453,0.0
31.060000000000002,-4.939329147338867,4.358006954193115,2.0,1.1745506525039673,0.0031450390815734863,0.0,0.8226972818374634,-0.5305760502815247,0.0
31.07,-4.9275431632995605,4.358011245727539,2.0,1.182772159576416,-0.002153635025024414,0.0,0.8216161727905273,-0.5292065143585205,0.0
31.080000000000002,-4.9156718254089355,4.357964992523193,2.0,1.1909836530685425,-0.007439732551574707,0.0,0.8205186128616333,-0.5278302431106567,0.0
31.09,-4.903721809387207,4.357862949371338,2.0,1.1991829872131348,-0.012710869312286377,0.0,0.8194054365158081,-0.5264467000961304,0.0
31.1,-4.891690254211426,4.35770845413208,2.0,1.2073713541030884,-0.017968058586120605,0.0,0.8182763457298279,-0.5250562429428101,0.0
31.11,-4.879572868347168,4.357504367828369,2.0,1.2155492305755615,-0.02321261167526245,0.0,0.8171308636665344,-0.5236592292785645,0.0
31.12,-4.867377281188965,4.357245445251465,2.0,1.2237147092819214,-0.02844184637069702,0.0,0.8159698843955994,-0.5222551822662354,0.0
31.13,-4.855100631713867,4.356934070587158,2.0,1.2318682670593262,-0.0336570143699646,0.0,0.8147928714752197,-0.5208442807197571,0.0
31.14,-4.842738151550293,4.356573104858398,2.0,1.240011215209961,-0.038859426975250244,0.0,0.8135995864868164,-0.5194270014762878,0.0
31.150000000000002,-4.830297946929932,4.3561577796936035,2.0,1.2481410503387451,-0.04404628276824951,0.0,0.8123907446861267,-0.5180028080940247,0.0
31.16,-4.817777633666992,4.3556904792785645,2.0,1.2562587261199951,-0.049218833446502686,0.0,0.8111660480499268,-0.5165719985961914,0.0
31.17,-4.805171012878418,4.3551740646362305,2.0,1.2643649578094482,-0.054378390312194824,0.0,0.8099249601364136,-0.5151349306106567,0.0
31.18,-4.792488098144531,4.3546037673950195,2.0,1.2724577188491821,-0.059522151947021484,0.0,0.8086683750152588,-0.5136910080909729,0.0
31.19,-4.77972412109375,4.353981971740723,2.0,1.2805379629135132,-0.06465154886245728,0.0,0.8073959350585938,-0.5122407078742981,0.0
31.2,-4.766875267028809,4.353311538696289,2.0,1.2886064052581787,-0.06976771354675293,0.0,0.8061071634292603,-0.5107842683792114,0.0
31.21,-4.753950119018555,4.3525872230529785,2.0,1.2966606616973877,-0.074867844581604,0.0,0.8048030138015747,-0.5093211531639099,0.0
31.220000000000002,-4.7409443855285645,4.351812839508057,2.0,1.3047021627426147,-0.07995343208312988,0.0,0.8034830093383789,-0.507851779460907,0.0
31.23,-4.727854251861572,4.350989818572998,2.0,1.3127310276031494,-0.08502548933029175,0.0,0.8021466732025146,-0.5063764452934265,0.0
31.240000000000002,-4.714687824249268,4.3501129150390625,2.0,1.3207457065582275,-0.09008157253265381,0.0,0.8007948994636536,-0.5048945546150208,0.0
31.25,-4.701441287994385,4.349185943603516,2.0,1.3287466764450073,-0.09512275457382202,0.0,0.7994273900985718,-0.5034065842628479,0.0
31.26,-4.688111305236816,4.348211288452148,2.0,1.3367347717285156,-0.10015034675598145,0.0,0.7980436086654663,-0.5019127726554871,0.0
31.27,-4.674704551696777,4.347183704376221,2.0,1.3447080850601196,-0.10516166687011719,0.0,0.7966444492340088,-0.5004127025604248,0.0
31.28,-4.661219120025635,4.34610652923584,2.0,1.3526675701141357,-0.11015790700912476,0.0,0.7952294945716858,-0.49890655279159546,0.0
31.29,-4.647649765014648,4.344981670379639,2.0,1.3606133460998535,-0.11514043807983398,0.0,0.7937983274459839,-0.49739474058151245,0.0
31.3,-4.634004592895508,4.343804836273193,2.0,1.3685439825057983,-0.1201065182685852,0.0,0.7923518419265747,-0.4958767890930176,0.0
31.310000000000002,-4.620281219482422,4.3425774574279785,2.0,1.376460075378418,-0.12505728006362915,0.0,0.7908897399902344,-0.49435296654701233,0.0
31.32,-4.606473922729492,4.341304302215576,2.0,1.3843623399734497,-0.12999415397644043,0.0,0.7894113063812256,-0.49282363057136536,0.0
31.330000000000002,-4.592591762542725,4.3399786949157715,2.0,1.3922488689422607,-0.13491439819335938,0.0,0.7879176735877991,-0.49128830432891846,0.0
31.34,-4.5786309242248535,4.338603973388672,2.0,1.400120496749878,-0.1398192048072815,0.0,0.7864083647727966,-0.4897473156452179,0.0
31.35,-4.564587116241455,4.337182998657227,2.0,1.4079777002334595,-0.14471006393432617,0.0,0.7848829030990601,-0.48820093274116516,0.0
31.36,-4.550469398498535,4.335710525512695,2.0,1.415818691253662,-0.14958393573760986,0.0,0.783342182636261,-0.48664867877960205,0.0
31.37,-4.536273002624512,4.3341898918151855,2.0,1.4236441850662231,-0.15444231033325195,0.0,0.7817858457565308,-0.4850909411907196,0.0
31.38,-4.521994113922119,4.33262300491333,2.0,1.4314550161361694,-0.1592864990234375,0.0,0.780213475227356,-0.4835279583930969,0.0
31.39,-4.507641792297363,4.331004619598389,2.0,1.4392491579055786,-0.16411346197128296,0.0,0.7786259651184082,-0.4819593131542206,0.0
31.400000000000002,-4.49321174621582,4.329338550567627,2.0,1.447027325630188,-0.16892486810684204,0.0,0.7770227789878845,-0.48038530349731445,0.0
31.41,-4.478699207305908,4.327626705169678,2.0,1.4547901153564453,-0.17372190952301025,0.0,0.7754035592079163,-0.47880619764328003,0.0
31.42,-4.464113712310791,4.325865268707275,2.0,1.4625359773635864,-0.1785016655921936,0.0,0.7737692594528198,-0.4772215783596039,0.0
31.43,-4.449450969696045,4.3240556716918945,2.0,1.47026526927948,-0.1832655668258667,0.0,0.772119402885437,-0.4756317138671875,0.0
31.44,-4.434706687927246,4.322200298309326,2.0,1.4779788255691528,-0.18801498413085938,0.0,0.7704535722732544,-0.47403696179389954,0.0
31.45,-4.419889450073242,4.320295810699463,2.0,1.4856748580932617,-0.19274699687957764,0.0,0.7687727212905884,-0.4724368453025818,0.0
31.46,-4.404994964599609,4.3183441162109375,2.0,1.493354082107544,-0.19746297597885132,0.0,0.7670763731002808,-0.47083166241645813,0.0
31.470000000000002,-4.39001989364624,4.316347599029541,2.0,1.5010169744491577,-0.20216429233551025,0.0,0.7653640508651733,-0.46922174096107483,0.0
31.48,-4.374972820281982,4.314301490783691,2.0,1.5086618661880493,-0.20684802532196045,0.0,0.7636368274688721,-0.46760663390159607,0.0
31.490000000000002,-4.359848976135254,4.312208652496338,2.0,1.5162895917892456,-0.2115156650543213,0.0,0.7618941068649292,-0.46598660945892334,0.0
31.5,-4.344645023345947,4.31007194519043,2.0,1.5239003896713257,-0.21616846323013306,0.0,0.7601355314254761,-0.4643619656562805,0.0
31.51,-4.329369068145752,4.307886123657227,2.0,1.531492829322815,-0.22080355882644653,0.0,0.7583621144294739,-0.4627322554588318,0.0
31.52,-4.314017295837402,4.305654525756836,2.0,1.5390673875808716,-0.22542238235473633,0.0,0.7565733194351196,-0.4610978066921234,0.0
31.53,-4.298585414886475,4.303378582000732,2.0,1.546624779701233,-0.23002618551254272,0.0,0.7547686100006104,-0.45945894718170166,0.0
31.54,-4.283082962036133,4.30105447769165,2.0,1.5541633367538452,-0.23461222648620605,0.0,0.7529491782188416,-0.4578152000904083,0.0
31.55,-4.267504692077637,4.298684597015381,2.0,1.5616835355758667,-0.2391817569732666,0.0,0.7511143684387207,-0.4561668634414673,0.0
31.560000000000002,-4.251847267150879,4.296271324157715,2.0,1.5691860914230347,-0.24373620748519897,0.0,0.7492638826370239,-0.4545142352581024,0.0
31.57,-4.236118793487549,4.2938103675842285,2.0,1.5766693353652954,-0.24827271699905396,0.0,0.7473986148834229,-0.4528568983078003,0.0
31.580000000000002,-4.220315933227539,4.291304588317871,2.0,1.5841339826583862,-0.2527925968170166,0.0,0.7455180883407593,-0.4511951208114624,0.0
31.59,-4.204433917999268,4.288755416870117,2.0,1.5915802717208862,-0.2572972774505615,0.0,0.7436218857765198,-0.4495292007923126,0.0
31.6,-4.188482284545898,4.286159038543701,2.0,1.5990068912506104,-0.2617838978767395,0.0,0.7417110204696655,-0.4478587508201599,0.0
31.61,-4.172455787658691,4.283518314361572,2.0,1.6064143180847168,-0.26625365018844604,0.0,0.7397849559783936,-0.4461840093135834,0.0
31.62,-4.156351566314697,4.280835151672363,2.0,1.6138031482696533,-0.27070820331573486,0.0,0.7378433346748352,-0.44450533390045166,0.0
31.63,-4.1401777267456055,4.278104782104492,2.0,1.6211717128753662,-0.27514445781707764,0.0,0.7358870506286621,-0.4428221583366394,0.0
31.64,-4.123929977416992,4.275331020355225,2.0,1.6285207271575928,-0.27956390380859375,0.0,0.7339156866073608,-0.4411349892616272,0.0
31.650000000000002,-4.107605457305908,4.2725138664245605,2.0,1.635850429534912,-0.2839677929878235,0.0,0.7319288849830627,-0.4394439458847046,0.0
31.66,-4.091211318969727,4.269651412963867,2.0,1.6431597471237183,-0.28835344314575195,0.0,0.7299274802207947,-0.4377487301826477,0.0
31.67,-4.07474422454834,4.266745567321777,2.0,1.6504489183425903,-0.29272204637527466,0.0,0.7279110550880432,-0.43604952096939087,0.0
31.68,-4.058200359344482,4.263797760009766,2.0,1.657718539237976,-0.297075092792511,0.0,0.7258792519569397,-0.4343465566635132,0.0
31.69,-4.041587829589844,4.260804653167725,2.0,1.6649669408798218,-0.30140966176986694,0.0,0.723832905292511,-0.43263962864875793,0.0
31.7,-4.024903297424316,4.257768154144287,2.0,1.6721949577331543,-0.3057270646095276,0.0,0.7217717170715332,-0.43092888593673706,0.0
31.71,-4.00814151763916,4.254690647125244,2.0,1.6794028282165527,-0.31002891063690186,0.0,0.7196950912475586,-0.42921462655067444,0.0
31.720000000000002,-3.9913127422332764,4.25156831741333,2.0,1.6865894794464111,-0.31431204080581665,0.0,0.7176041603088379,-0.4274965226650238,0.0
31.73,-3.974412202835083,4.248403072357178,2.0,1.6937549114227295,-0.3185780644416809,0.0,0.7154983878135681,-0.4257746934890747,0.0
31.740000000000002,-3.9574356079101562,4.245197296142578,2.0,1.7008998394012451,-0.3228282332420349,0.0,0.7133772969245911,-0.42404961585998535,0.0
31.75,-3.940392017364502,4.241947174072266,2.0,1.708022952079773,-0.32705968618392944,0.0,0.7112419605255127,-0.422320693731308,0.0
31.76,-3.9232773780822754,4.238654613494873,2.0,1.7151246070861816,-0.3312738537788391,0.0,0.7090919017791748,-0.4205883741378784,0.0
31.77,-3.9060873985290527,4.235321998596191,2.0,1.7222051620483398,-0.33547210693359375,0.0,0.7069265842437744,-0.418852835893631,0.0
31.78,-3.8888309001922607,4.231945514678955,2.0,1.7292635440826416,-0.33965158462524414,0.0,0.7047470808029175,-0.417113721370697,0.0
31.79,-3.871504306793213,4.228527545928955,2.0,1.736299991607666,-0.34381359815597534,0.0,0.7025530338287354,-0.415371298789978,0.0
31.8,-3.8541030883789062,4.225069999694824,2.0,1.7433151006698608,-0.34795963764190674,0.0,0.7003437876701355,-0.4136258363723755,0.0
31.810000000000002,-3.8366358280181885,4.221569061279297,2.0,1.7503074407577515,-0.35208678245544434,0.0,0.6981204748153687,-0.41187697649002075,0.0
31.82,-3.819098949432373,4.218027114868164,2.0,1.757277488708496,-0.35619640350341797,0.0,0.6958825588226318,-0.4101249575614929,0.0
31.830000000000002,-3.801487922668457,4.2144455909729,2.0,1.7642254829406738,-0.36028993129730225,0.0,0.6936296820640564,-0.4083700478076935,0.0
31.84,-3.7838122844696045,4.210821628570557,2.0,1.7711504697799683,-0.36436450481414795,0.0,0.6913627982139587,-0.40661194920539856,0.0
31.85,-3.7660672664642334,4.207157135009766,2.0,1.7780526876449585,-0.36842137575149536,0.0,0.6890814304351807,-0.4048507809638977,0.0
31.86,-3.748249053955078,4.20345401763916,2.0,1.7849326133728027,-0.3724621534347534,0.0,0.6867851614952087,-0.4030868709087372,0.0
31.87,-3.7303662300109863,4.199708461761475,2.0,1.7917888164520264,-0.3764837980270386,0.0,0.6844750046730042,-0.4013199806213379,0.0
31.88,-3.7124154567718506,4.1959228515625,2.0,1.7986218929290771,-0.38048774003982544,0.0,0.6821505427360535,-0.399550199508667,0.0
31.89,-3.6943917274475098,4.192099094390869,2.0,1.8054323196411133,-0.3844754099845886,0.0,0.6798112392425537,-0.39777785539627075,0.0
31.900000000000002,-3.676304340362549,4.188233852386475,2.0,1.8122185468673706,-0.3884440064430237,0.0,0.6774581074714661,-0.39600253105163574,0.0
31.91,-3.658149480819702,4.184329032897949,2.0,1.8189812898635864,-0.3923947215080261,0.0,0.6750906705856323,-0.3942245841026306,0.0
31.92,-3.639922618865967,4.180386066436768,2.0,1.8257207870483398,-0.3963291049003601,0.0,0.6727086305618286,-0.3924442529678345,0.0
31.93,-3.6216330528259277,4.176402568817139,2.0,1.832435965538025,-0.40024423599243164,0.0,0.6703128814697266,-0.39066118001937866,0.0
31.94,-3.603276252746582,4.172379970550537,2.0,1.8391269445419312,-0.40414148569107056,0.0,0.667902946472168,-0.3888755440711975,0.0
31.95,-3.584847927093506,4.168320178985596,2.0,1.845794439315796,-0.4080224633216858,0.0,0.6654784083366394,-0.3870876431465149,0.0
31.96,-3.5663580894470215,4.164219856262207,2.0,1.8524370193481445,-0.4118839502334595,0.0,0.6630403399467468,-0.38529717922210693,0.0
31.970000000000002,-3.5478014945983887,4.160081386566162,2.0,1.8590550422668457,-0.41572755575180054,0.0,0.6605882048606873,-0.3835044205188751,0.0
31.98,-3.529174566268921,4.155905723571777,2.0,1.8656492233276367,-0.4195547103881836,0.0,0.6581215858459473,-0.3817094564437866,0.0
31.990000000000002,-3.510491371154785,4.151691436767578,2.0,1.8722165822982788,-0.4233611226081848,0.0,0.6556420922279358,-0.37991243600845337,0.0
32.0,-3.4917380809783936,4.147439956665039,2.0,1.878759741783142,-0.4271511435508728,0.0,0.6531481742858887,-0.37811338901519775,0.0
32.01,-3.472919464111328,4.143150329589844,2.0,1.8852776288986206,-0.4309231638908386,0.0,0.6506404876708984,-0.37631213665008545,0.0
32.02,-3.45404052734375,4.138822555541992,2.0,1.8917700052261353,-0.4346756339073181,0.0,0.6481193900108337,-0.37450873851776123,0.0
32.03,-3.4350922107696533,4.134458065032959,2.0,1.898237705230713,-0.4384115934371948,0.0,0.645583987236023,-0.3727034032344818,0.0
32.04,-3.416079044342041,4.130056858062744,2.0,1.904679775238037,-0.4421294331550598,0.0,0.6430347561836243,-0.3708961308002472,0.0
32.05,-3.3970065116882324,4.125616550445557,2.0,1.9110959768295288,-0.4458277225494385,0.0,0.640472412109375,-0.3690868020057678,0.0
32.06,-3.3778653144836426,4.121140956878662,2.0,1.9174869060516357,-0.4495094418525696,0.0,0.6378958225250244,-0.3672756850719452,0.0
32.07,-3.3586602210998535,4.116628646850586,2.0,1.9238519668579102,-0.45317307114601135,0.0,0.6353055238723755,-0.3654628396034241,0.0
32.08,-3.3393962383270264,4.112078666687012,2.0,1.9301906824111938,-0.4568169116973877,0.0,0.6327022314071655,-0.363647997379303,0.0
32.09,-3.3200645446777344,4.1074934005737305,2.0,1.9365037679672241,-0.46044421195983887,0.0,0.6300848126411438,-0.3618316650390625,0.0
32.1,-3.3006696701049805,4.102872371673584,2.0,1.9427905082702637,-0.46405336260795593,0.0,0.6274538636207581,-0.3600136339664459,0.0
32.11,-3.281216859817505,4.098213195800781,2.0,1.9490505456924438,-0.46764278411865234,0.0,0.6248099207878113,-0.35819387435913086,0.0
32.12,-3.2616970539093018,4.0935211181640625,2.0,1.9552844762802124,-0.47121554613113403,0.0,0.6221520900726318,-0.3563727140426636,0.0
32.13,-3.242114782333374,4.088792324066162,2.0,1.9614918231964111,-0.47477006912231445,0.0,0.6194808483123779,-0.3545500636100769,0.0
32.14,-3.222475290298462,4.084026336669922,2.0,1.9676718711853027,-0.4783048629760742,0.0,0.6167967319488525,-0.3527258038520813,0.0
32.15,-3.2027695178985596,4.079226970672607,2.0,1.9738253355026245,-0.4818228781223297,0.0,0.6140987277030945,-0.3509003520011902,0.0
32.160000000000004,-3.183002471923828,4.074392318725586,2.0,1.9799518585205078,-0.4853227138519287,0.0,0.6113874912261963,-0.34907346963882446,0.0
32.17,-3.1631786823272705,4.069521903991699,2.0,1.9860509634017944,-0.48880264163017273,0.0,0.6086635589599609,-0.34724515676498413,0.0
32.18,-3.143289804458618,4.06461763381958,2.0,1.9921228885650635,-0.49226588010787964,0.0,0.6059259176254272,-0.34541580080986023,0.0
32.19,-3.123340129852295,4.05967903137207,2.0,1.998167634010315,-0.4957108795642853,0.0,0.603175163269043,-0.3435852527618408,0.0
32.2,-3.103334903717041,4.054704666137695,2.0,2.0041842460632324,-0.49913591146469116,0.0,0.6004117727279663,-0.34175342321395874,0.0
32.21,-3.0832648277282715,4.0496978759765625,2.0,2.010173797607422,-0.5025441646575928,0.0,0.5976347923278809,-0.33992069959640503,0.0
32.22,-3.0631349086761475,4.044656276702881,2.0,2.0161352157592773,-0.5059342384338379,0.0,0.5948448777198792,-0.33808690309524536,0.0
32.230000000000004,-3.04295015335083,4.039580821990967,2.0,2.022068500518799,-0.5093043446540833,0.0,0.5920424461364746,-0.33625203371047974,0.0
32.24,-3.0227019786834717,4.0344719886779785,2.0,2.0279738903045654,-0.512657642364502,0.0,0.5892266035079956,-0.33441635966300964,0.0
32.25,-3.002394676208496,4.029329776763916,2.0,2.033851146697998,-0.5159925818443298,0.0,0.5863978862762451,-0.3325798213481903,0.0
32.26,-2.9820332527160645,4.024153232574463,2.0,2.0396997928619385,-0.5193076133728027,0.0,0.5835568308830261,-0.3307422995567322,0.0
32.27,-2.961609363555908,4.01894474029541,2.0,2.045520067214966,-0.522605836391449,0.0,0.580702543258667,-0.3289041519165039,0.0
32.28,-2.941126823425293,4.0137038230896,2.0,2.05131196975708,-0.5258855819702148,0.0,0.5778354406356812,-0.3270653486251831,0.0
32.29,-2.920591354370117,4.008428573608398,2.0,2.057074785232544,-0.5291455388069153,0.0,0.5749561786651611,-0.3252256512641907,0.0
32.3,-2.899993896484375,4.003122329711914,2.0,2.0628089904785156,-0.5323885083198547,0.0,0.5720637440681458,-0.3233855962753296,0.0
32.31,-2.8793392181396484,3.9977831840515137,2.0,2.068514347076416,-0.5356131792068481,0.0,0.5691587328910828,-0.321544885635376,0.0
32.32,-2.8586320877075195,3.9924116134643555,2.0,2.074190139770508,-0.538817822933197,0.0,0.5662416815757751,-0.3197035789489746,0.0
32.33,-2.8378639221191406,3.987008571624756,2.0,2.0798370838165283,-0.5420056581497192,0.0,0.5633116364479065,-0.31786197423934937,0.0
32.34,-2.8170394897460938,3.981574058532715,2.0,2.0854547023773193,-0.5451750159263611,0.0,0.560369074344635,-0.3160199522972107,0.0
32.35,-2.796163558959961,3.976106882095337,2.0,2.0910425186157227,-0.5483244061470032,0.0,0.5574146509170532,-0.3141774535179138,0.0
32.36,-2.7752273082733154,3.970609188079834,2.0,2.0966010093688965,-0.5514569282531738,0.0,0.5544473528862,-0.31233474612236023,0.0
32.37,-2.7542355060577393,3.9650802612304688,2.0,2.1021296977996826,-0.5545711517333984,0.0,0.551467776298523,-0.31049177050590515,0.0
32.38,-2.7331933975219727,3.959519386291504,2.0,2.107628345489502,-0.5576652884483337,0.0,0.5484764575958252,-0.30864855647087097,0.0
32.39,-2.7120916843414307,3.9539284706115723,2.0,2.1130971908569336,-0.5607424974441528,0.0,0.5454723834991455,-0.30680522322654724,0.0
32.4,-2.6909356117248535,3.9483072757720947,2.0,2.1185359954833984,-0.5638014078140259,0.0,0.5424561500549316,-0.3049618601799011,0.0
32.410000000000004,-2.669729709625244,3.9426541328430176,2.0,2.1239442825317383,-0.5668402314186096,0.0,0.5394283533096313,-0.30311834812164307,0.0
32.42,-2.648465394973755,3.93697190284729,2.0,2.1293227672576904,-0.5698621869087219,0.0,0.5363879203796387,-0.3012748956680298,0.0
32.43,-2.6271474361419678,3.9312596321105957,2.0,2.1346704959869385,-0.5728657841682434,0.0,0.5333355665206909,-0.29943153262138367,0.0
32.44,-2.605780839920044,3.9255166053771973,2.0,2.1399874687194824,-0.5758492946624756,0.0,0.5302717089653015,-0.29758816957473755,0.0
32.45,-2.5843567848205566,3.9197444915771484,2.0,2.1452741622924805,-0.5788160562515259,0.0,0.5271954536437988,-0.2957450747489929,0.0
32.46,-2.5628795623779297,3.913942575454712,2.0,2.1505298614501953,-0.581764280796051,0.0,0.5241073369979858,-0.2939021587371826,0.0
32.47,-2.5413548946380615,3.9081108570098877,2.0,2.155754327774048,-0.5846925973892212,0.0,0.5210078954696655,-0.29205942153930664,0.0
32.480000000000004,-2.519773483276367,3.902250289916992,2.0,2.1609480381011963,-0.5876039862632751,0.0,0.5178962349891663,-0.2902171313762665,0.0
32.49,-2.498140335083008,3.8963613510131836,2.0,2.1661107540130615,-0.5904970169067383,0.0,0.514772891998291,-0.2883751094341278,0.0
32.5,-2.4764602184295654,3.890442371368408,2.0,2.1712417602539062,-0.5933699607849121,0.0,0.511638343334198,-0.2865334749221802,0.0
32.51,-2.4547243118286133,3.884495258331299,2.0,2.1763415336608887,-0.596226155757904,0.0,0.5084917545318604,-0.2846923768520355,0.0
32.52,-2.4329376220703125,3.8785204887390137,2.0,2.1814098358154297,-0.5990639328956604,0.0,0.5053336024284363,-0.28285181522369385,0.0
32.53,-2.411105155944824,3.872516393661499,2.0,2.18644642829895,-0.601881742477417,0.0,0.5021644830703735,-0.2810116410255432,0.0
32.54,-2.3892176151275635,3.8664846420288086,2.0,2.1914515495300293,-0.6046826839447021,0.0,0.49898338317871094,-0.27917221188545227,0.0
32.55,-2.3672804832458496,3.8604249954223633,2.0,2.1964244842529297,-0.6074652671813965,0.0,0.49579092860221863,-0.27733349800109863,0.0
32.56,-2.3452982902526855,3.854337215423584,2.0,2.2013654708862305,-0.6102278828620911,0.0,0.492587685585022,-0.275495320558548,0.0
32.57,-2.3232622146606445,3.848222255706787,2.0,2.2062745094299316,-0.6129737496376038,0.0,0.4893726706504822,-0.27365800738334656,0.0
32.58,-2.3011770248413086,3.842080593109131,2.0,2.211151361465454,-0.6157011985778809,0.0,0.48614639043807983,-0.2718215584754944,0.0
32.59,-2.279048204421997,3.8359103202819824,2.0,2.2159957885742188,-0.618408739566803,0.0,0.48290950059890747,-0.26998579502105713,0.0
32.6,-2.256866455078125,3.829713821411133,2.0,2.2208077907562256,-0.6210994720458984,0.0,0.4796609878540039,-0.26815104484558105,0.0
32.61,-2.2346365451812744,3.823490858078003,2.0,2.2255873680114746,-0.6237719058990479,0.0,0.4764013886451721,-0.2663172483444214,0.0
32.62,-2.2123637199401855,3.8172407150268555,2.0,2.2303340435028076,-0.6264243721961975,0.0,0.47313135862350464,-0.2644844353199005,0.0
32.63,-2.1900389194488525,3.8109641075134277,2.0,2.235048294067383,-0.6290601491928101,0.0,0.4698498547077179,-0.2626526653766632,0.0
32.64,-2.1676673889160156,3.804661989212036,2.0,2.239729642868042,-0.6316776275634766,0.0,0.46655750274658203,-0.260822057723999,0.0
32.65,-2.1452536582946777,3.798333168029785,2.0,2.244377851486206,-0.6342751979827881,0.0,0.46325480937957764,-0.2589925229549408,0.0
32.660000000000004,-2.122788906097412,3.791978120803833,2.0,2.248992919921875,-0.6368560791015625,0.0,0.4599408507347107,-0.25716423988342285,0.0
32.67,-2.100278377532959,3.785597801208496,2.0,2.253575086593628,-0.6394187211990356,0.0,0.4566161632537842,-0.2553372085094452,0.0
32.68,-2.0777266025543213,3.7791922092437744,2.0,2.2581238746643066,-0.6419614553451538,0.0,0.45328134298324585,-0.2535114288330078,0.0
32.69,-2.0551252365112305,3.7727608680725098,2.0,2.262639284133911,-0.6444875597953796,0.0,0.4499354362487793,-0.2516869604587555,0.0
32.7,-2.0324783325195312,3.7663047313690186,2.0,2.267120838165283,-0.6469954252243042,0.0,0.4465789794921875,-0.24986398220062256,0.0
32.71,-2.009791851043701,3.7598233222961426,2.0,2.27156925201416,-0.6494834423065186,0.0,0.4432125687599182,-0.24804237484931946,0.0
32.72,-1.9870564937591553,3.753317356109619,2.0,2.2759838104248047,-0.6519548892974854,0.0,0.43983522057533264,-0.24622225761413574,0.0
32.730000000000004,-1.9642767906188965,3.746786594390869,2.0,2.280364513397217,-0.6544080972671509,0.0,0.43644750118255615,-0.2444036900997162,0.0
32.74,-1.9414584636688232,3.7402312755584717,2.0,2.2847111225128174,-0.6568416357040405,0.0,0.4330500066280365,-0.2425866723060608,0.0
32.75,-1.9185919761657715,3.733652114868164,2.0,2.2890238761901855,-0.6592585444450378,0.0,0.4296417534351349,-0.2407713234424591,0.0
32.76,-1.8956825733184814,3.727048873901367,2.0,2.293302536010742,-0.6616573333740234,0.0,0.4262233376502991,-0.2389577031135559,0.0
32.77,-1.8727352619171143,3.7204208374023438,2.0,2.297546863555908,-0.6640363931655884,0.0,0.42279529571533203,-0.23714575171470642,0.0
32.78,-1.849740982055664,3.7137703895568848,2.0,2.3017570972442627,-0.6663988828659058,0.0,0.41935664415359497,-0.23533549904823303,0.0
32.79,-1.826704978942871,3.7070953845977783,2.0,2.3059325218200684,-0.668743371963501,0.0,0.4159080386161804,-0.23352712392807007,0.0
32.8,-1.8036317825317383,3.70039701461792,2.0,2.3100736141204834,-0.6710681319236755,0.0,0.41244998574256897,-0.23172059655189514,0.0
32.81,-1.780512809753418,3.693676471710205,2.0,2.314180374145508,-0.6733764410018921,0.0,0.4089815616607666,-0.2299160361289978,0.0
32.82,-1.7573529481887817,3.6869325637817383,2.0,2.3182520866394043,-0.6756667494773865,0.0,0.4055032730102539,-0.22811344265937805,0.0
32.83,-1.7341573238372803,3.6801652908325195,2.0,2.322288990020752,-0.6779374480247498,0.0,0.4020157754421234,-0.2263127565383911,0.0
32.84,-1.7109167575836182,3.6733756065368652,2.0,2.3262908458709717,-0.6801917552947998,0.0,0.39851808547973633,-0.2245142161846161,0.0
32.85,-1.6876362562179565,3.6665637493133545,2.0,2.3302578926086426,-0.6824280619621277,0.0,0.39501070976257324,-0.22271770238876343,0.0
32.86,-1.6643210649490356,3.659729480743408,2.0,2.3341896533966064,-0.6846448183059692,0.0,0.3914943039417267,-0.22092333436012268,0.0
32.87,-1.6409618854522705,3.6528735160827637,2.0,2.3380866050720215,-0.6868452429771423,0.0,0.3879678547382355,-0.21913117170333862,0.0
32.88,-1.617564082145691,3.6459951400756836,2.0,2.3419477939605713,-0.6890277862548828,0.0,0.38443198800086975,-0.21734121441841125,0.0
32.89,-1.594132661819458,3.639094829559326,2.0,2.345773696899414,-0.6911908388137817,0.0,0.3808872401714325,-0.21555361151695251,0.0
32.9,-1.5706582069396973,3.632173538208008,2.0,2.34956431388855,-0.6933375597000122,0.0,0.3773326277732849,-0.21376824378967285,0.0
32.910000000000004,-1.5471460819244385,3.6252310276031494,2.0,2.3533191680908203,-0.6954665184020996,0.0,0.37376877665519714,-0.2119852900505066,0.0
32.92,-1.5236015319824219,3.6182665824890137,2.0,2.3570382595062256,-0.697576105594635,0.0,0.37019625306129456,-0.21020478010177612,0.0
32.93,-1.5000149011611938,3.6112818717956543,2.0,2.3607218265533447,-0.699669361114502,0.0,0.36661404371261597,-0.20842668414115906,0.0
32.94,-1.4763917922973633,3.604275703430176,2.0,2.3643693923950195,-0.7017449736595154,0.0,0.3630228042602539,-0.20665106177330017,0.0
32.95,-1.4527372121810913,3.5972490310668945,2.0,2.36798095703125,-0.7038012146949768,0.0,0.35942307114601135,-0.204878032207489,0.0
32.96,-1.429041862487793,3.5902023315429688,2.0,2.371556520462036,-0.7058413028717041,0.0,0.3558138608932495,-0.20310762524604797,0.0
32.97,-1.4053109884262085,3.583134651184082,2.0,2.375096082687378,-0.7078637480735779,0.0,0.3521957993507385,-0.20133981108665466,0.0
32.980000000000004,-1.3815497159957886,3.576047420501709,2.0,2.378599166870117,-0.7098669409751892,0.0,0.34856942296028137,-0.19957467913627625,0.0
32.99,-1.3577487468719482,3.568939685821533,2.0,2.382066249847412,-0.7118540406227112,0.0,0.34493377804756165,-0.1978122889995575,0.0
33.0,-1.3339132070541382,3.5618128776550293,2.0,2.3854968547821045,-0.7138235569000244,0.0,0.3412894606590271,-0.1960527002811432,0.0
33.01,-1.3100484609603882,3.554666042327881,2.0,2.3888907432556152,-0.71577388048172,0.0,0.3376370668411255,-0.19429585337638855,0.0
33.02,-1.2861450910568237,3.547499656677246,2.0,2.3922483921051025,-0.7177082896232605,0.0,0.33397555351257324,-0.19254186749458313,0.0
33.03,-1.2622084617614746,3.540313959121704,2.0,2.395569086074829,-0.7196251749992371,0.0,0.3303056061267853,-0.1907908320426941,0.0
33.04,-1.238243579864502,3.533109664916992,2.0,2.398853302001953,-0.7215229868888855,0.0,0.3266277611255646,-0.18904274702072144,0.0
33.05,-1.2142411470413208,3.525886297225952,2.0,2.4021005630493164,-0.7234048843383789,0.0,0.32294100522994995,-0.18729758262634277,0.0
33.06,-1.190206527709961,3.518643856048584,2.0,2.405310869216919,-0.7252693772315979,0.0,0.31924599409103394,-0.18555554747581482,0.0
33.07,-1.1661447286605835,3.511383056640625,2.0,2.40848445892334,-0.7271148562431335,0.0,0.3155432641506195,-0.18381652235984802,0.0
33.08,-1.1420466899871826,3.5041041374206543,2.0,2.411620616912842,-0.7289445400238037,0.0,0.31183186173439026,-0.18208056688308716,0.0
33.09,-1.1179172992706299,3.4968066215515137,2.0,2.414720058441162,-0.7307568788528442,0.0,0.30811238288879395,-0.18034783005714417,0.0
33.1,-1.0937620401382446,3.4894914627075195,2.0,2.4177820682525635,-0.7325503826141357,0.0,0.30438539385795593,-0.17861831188201904,0.0
33.11,-1.069571614265442,3.4821584224700928,2.0,2.420806646347046,-0.7343281507492065,0.0,0.3006499409675598,-0.1768919825553894,0.0
33.12,-1.0453510284423828,3.4748075008392334,2.0,2.4237937927246094,-0.7360886335372925,0.0,0.29690662026405334,-0.1751689314842224,0.0
33.13,-1.0211055278778076,3.4674391746520996,2.0,2.426743745803833,-0.737830400466919,0.0,0.2931559979915619,-0.17344921827316284,0.0
33.14,-0.9968259930610657,3.4600532054901123,2.0,2.4296560287475586,-0.7395565509796143,0.0,0.28939709067344666,-0.17173290252685547,0.0
33.15,-0.9725174903869629,3.452650547027588,2.0,2.4325308799743652,-0.741265594959259,0.0,0.2856305241584778,-0.1700199842453003,0.0
33.160000000000004,-0.9481852054595947,3.445230722427368,2.0,2.4353675842285156,-0.7429558634757996,0.0,0.28185683488845825,-0.1683105230331421,0.0
33.17,-0.9238200783729553,3.4377942085266113,2.0,2.438166856765747,-0.7446306943893433,0.0,0.27807512879371643,-0.16660454869270325,0.0
33.18,-0.899427056312561,3.43034029006958,2.0,2.4409282207489014,-0.7462884783744812,0.0,0.2742859125137329,-0.16490206122398376,0.0
33.19,-0.8750113248825073,3.422870635986328,2.0,2.4436516761779785,-0.7479276657104492,0.0,0.27048981189727783,-0.16320320963859558,0.0
33.2,-0.8505638837814331,3.4153847694396973,2.0,2.4463372230529785,-0.7495514750480652,0.0,0.2666859030723572,-0.16150793433189392,0.0
33.21,-0.8260898590087891,3.4078822135925293,2.0,2.448984384536743,-0.7511583566665649,0.0,0.26287469267845154,-0.15981635451316833,0.0
33.22,-0.8015942573547363,3.4003641605377197,2.0,2.4515938758850098,-0.7527467608451843,0.0,0.25905683636665344,-0.15812844038009644,0.0
33.230000000000004,-0.7770678997039795,3.3928298950195312,2.0,2.454164743423462,-0.7543199062347412,0.0,0.2552312910556793,-0.1564442217350006,0.0
33.24,-0.7525161504745483,3.385279655456543,2.0,2.456697463989258,-0.7558761835098267,0.0,0.2513987123966217,-0.15476378798484802,0.0
33.25,-0.7279439568519592,3.3777151107788086,2.0,2.4591917991638184,-0.7574141025543213,0.0,0.24755968153476715,-0.15308722853660583,0.0
33.26,-0.7033422589302063,3.3701343536376953,2.0,2.4616477489471436,-0.758936882019043,0.0,0.24371318519115448,-0.15141448378562927,0.0
33.27,-0.6787161827087402,3.3625388145446777,2.0,2.4640650749206543,-0.7604429721832275,0.0,0.23985984921455383,-0.1497456431388855,0.0
33.28,-0.6540708541870117,3.354928493499756,2.0,2.4664440155029297,-0.7619307637214661,0.0,0.23600026965141296,-0.1480807662010193,0.0
33.29,-0.6293972730636597,3.3473029136657715,2.0,2.4687843322753906,-0.763403594493866,0.0,0.23213347792625427,-0.14641979336738586,0.0
33.3,-0.6047003865242004,3.339662551879883,2.0,2.471085786819458,-0.7648597359657288,0.0,0.22826001048088074,-0.14476278424263,0.0
33.31,-0.5799855589866638,3.3320083618164062,2.0,2.47334885597229,-0.7662978172302246,0.0,0.22438055276870728,-0.1431099772453308,0.0
33.32,-0.5552434325218201,3.3243393898010254,2.0,2.4755728244781494,-0.7677209377288818,0.0,0.22049406170845032,-0.14146113395690918,0.0
33.33,-0.5304794311523438,3.3166561126708984,2.0,2.4777579307556152,-0.7691276669502258,0.0,0.21660116314888,-0.13981640338897705,0.0
33.34,-0.5056983232498169,3.308959722518921,2.0,2.4799041748046875,-0.7705162763595581,0.0,0.2127024233341217,-0.13817596435546875,0.0
33.35,-0.48089122772216797,3.301248550415039,2.0,2.482011318206787,-0.7718901634216309,0.0,0.208796888589859,-0.13653960824012756,0.0
33.36,-0.45606333017349243,3.2935237884521484,2.0,2.484079122543335,-0.7732477188110352,0.0,0.20488516986370087,-0.13490751385688782,0.0
33.37,-0.4312196969985962,3.2857866287231445,2.0,2.4861083030700684,-0.7745873928070068,0.0,0.20096784830093384,-0.13327977061271667,0.0
33.38,-0.40635132789611816,3.2780356407165527,2.0,2.488097906112671,-0.775912344455719,0.0,0.19704392552375793,-0.13165625929832458,0.0
33.39,-0.38146311044692993,3.270270824432373,2.0,2.490048408508301,-0.777221143245697,0.0,0.1931140422821045,-0.1300370693206787,0.0
33.4,-0.3565604090690613,3.26249361038208,2.0,2.491959810256958,-0.7785121202468872,0.0,0.18917876482009888,-0.12842240929603577,0.0
33.410000000000004,-0.331633985042572,3.2547035217285156,2.0,2.4938313961029053,-0.779788613319397,0.0,0.1852370798587799,-0.12681201100349426,0.0
33.42,-0.30668914318084717,3.2469000816345215,2.0,2.495663642883301,-0.7810490131378174,0.0,0.1812897026538849,-0.1252061426639557,0.0
33.43,-0.2817307710647583,3.2390851974487305,2.0,2.4974565505981445,-0.782291829586029,0.0,0.17733709514141083,-0.12360480427742004,0.0
33.44,-0.25675004720687866,3.231257200241089,2.0,2.4992098808288574,-0.7835202217102051,0.0,0.1733783781528473,-0.12200790643692017,0.0
33.45,-0.23175203800201416,3.223417282104492,2.0,2.5009233951568604,-0.7847325801849365,0.0,0.16941410303115845,-0.12041565775871277,0.0
33.46,-0.20674169063568115,3.2155656814575195,2.0,2.5025975704193115,-0.7859275341033936,0.0,0.16544488072395325,-0.11882802844047546,0.0
33.47,-0.18171006441116333,3.2077012062072754,2.0,2.5042316913604736,-0.7871082425117493,0.0,0.1614697277545929,-0.11724492907524109,0.0
33.480000000000004,-0.15666240453720093,3.1998257637023926,2.0,2.505826234817505,-0.7882730960845947,0.0,0.15748925507068634,-0.11566656827926636,0.0
33.49,-0.13160371780395508,3.191938877105713,2.0,2.5073812007904053,-0.7894207239151001,0.0,0.15350407361984253,-0.11409297585487366,0.0
33.5,-0.1065250039100647,3.184040069580078,2.0,2.5088958740234375,-0.7905541658401489,0.0,0.14951318502426147,-0.11252406239509583,0.0
33.51,-0.08143126964569092,3.1761298179626465,2.0,2.5103707313537598,-0.791671872138977,0.0,0.14551718533039093,-0.11095991730690002,0.0
33.52,-0.056327641010284424,3.1682097911834717,2.0,2.511806011199951,-0.7927724123001099,0.0,0.14151668548583984,-0.1094006896018982,0.0
33.53,-0.03120523691177368,3.1602776050567627,2.0,2.5132007598876953,-0.7938590049743652,0.0,0.13751070201396942,-0.107846200466156,0.0
33.54,-0.0060691237449646,3.152334690093994,2.0,2.5145552158355713,-0.7949300408363342,0.0,0.1334998607635498,-0.10629656910896301,0.0
33.55,0.019075751304626465,3.1443819999694824,2.0,2.5158700942993164,-0.7959840297698975,0.0,0.12948471307754517,-0.10475200414657593,0.0
33.56,0.04423820972442627,3.136417865753174,2.0,2.5171446800231934,-0.7970242500305176,0.0,0.1254643350839615,-0.10321223735809326,0.0
33.57,0.0694131851196289,3.128443479537964,2.0,2.518378973007202,-0.7980489730834961,0.0,0.12143930047750473,-0.10167747735977173,0.0
33.58,0.09459561109542847,3.120460033416748,2.0,2.519573211669922,-0.7990569472312927,0.0,0.11741021275520325,-0.10014784336090088,0.0
33.59,0.11979448795318604,3.1124656200408936,2.0,2.5207266807556152,-0.8000510931015015,0.0,0.11337611079216003,-0.09862315654754639,0.0
33.6,0.14500468969345093,3.1044607162475586,2.0,2.5218400955200195,-0.801030158996582,0.0,0.10933757573366165,-0.09710350632667542,0.0
33.61,0.17022114992141724,3.096447706222534,2.0,2.5229134559631348,-0.8019924163818359,0.0,0.10529521107673645,-0.09558910131454468,0.0
33.62,0.19545280933380127,3.0884246826171875,2.0,2.5239458084106445,-0.802941083908081,0.0,0.10124804824590683,-0.09407982230186462,0.0
33.63,0.22069454193115234,3.0803914070129395,2.0,2.524937629699707,-0.8038747310638428,0.0,0.09719669073820114,-0.09257563948631287,0.0
33.64,0.2459414005279541,3.072350025177002,2.0,2.5258893966674805,-0.8047918081283569,0.0,0.09314172714948654,-0.0910767912864685,0.0
33.65,0.2712021470069885,3.064298629760742,2.0,2.5268003940582275,-0.8056954145431519,0.0,0.08908221125602722,-0.08958306908607483,0.0
33.660000000000004,0.29647183418273926,3.0562381744384766,2.0,2.527670383453369,-0.8065842390060425,0.0,0.08501870930194855,-0.08809459209442139,0.0
33.67,0.32174545526504517,3.048170328140259,2.0,2.528500556945801,-0.8074566125869751,0.0,0.08095185458660126,-0.08661162853240967,0.0
33.68,0.3470316529273987,3.0400919914245605,2.0,2.529289484024048,-0.808315634727478,0.0,0.07688064873218536,-0.08513376116752625,0.0
33.69,0.37232571840286255,3.032005548477173,2.0,2.5300376415252686,-0.8091599941253662,0.0,0.07280571758747101,-0.08366137742996216,0.0
33.7,0.397622287273407,3.023911952972412,2.0,2.530745506286621,-0.8099881410598755,0.0,0.06872764229774475,-0.08219444751739502,0.0
33.71,0.42293041944503784,3.0158090591430664,2.0,2.531412124633789,-0.8108031153678894,0.0,0.0646454393863678,-0.08073288202285767,0.0
33.72,0.44824492931365967,3.0076980590820312,2.0,2.5320377349853516,-0.8116034865379333,0.0,0.06055976450443268,-0.07927674055099487,0.0
33.730000000000004,0.4735608696937561,2.9995803833007812,2.0,2.532623291015625,-0.8123878240585327,0.0,0.056471168994903564,-0.07782623171806335,0.0
33.74,0.49888724088668823,2.9914536476135254,2.0,2.5331673622131348,-0.8131592869758606,0.0,0.05237866938114166,-0.07638108730316162,0.0
33.75,0.524218738079071,2.98331880569458,2.0,2.533670425415039,-0.8139162659645081,0.0,0.0482829213142395,-0.074941486120224,0.0
33.76,0.549550473690033,2.9751782417297363,2.0,2.534132957458496,-0.8146573305130005,0.0,0.04418449103832245,-0.07350757718086243,0.0
33.77,0.5748910307884216,2.967029333114624,2.0,2.5345540046691895,-0.8153856992721558,0.0,0.0400824248790741,-0.07207924127578735,0.0
33.78,0.6002358794212341,2.9588727951049805,2.0,2.5349340438842773,-0.8160997629165649,0.0,0.035977303981781006,-0.07065644860267639,0.0
33.79,0.6255796551704407,2.9507105350494385,2.0,2.535273551940918,-0.8167980313301086,0.0,0.03186972439289093,-0.06923949718475342,0.0
33.8,0.6509311199188232,2.942539691925049,2.0,2.535571336746216,-0.8174837827682495,0.0,0.027758777141571045,-0.06782808899879456,0.0
33.81,0.6762855052947998,2.9343624114990234,2.0,2.5358283519744873,-0.8181554079055786,0.0,0.023644983768463135,-0.06642237305641174,0.0
33.82,0.7016376256942749,2.926179885864258,2.0,2.5360443592071533,-0.8188115358352661,0.0,0.019528985023498535,-0.06502261757850647,0.0
33.83,0.7269962430000305,2.9179892539978027,2.0,2.5362188816070557,-0.8194551467895508,0.0,0.01540982723236084,-0.0636284351348877,0.0
33.84,0.7523564100265503,2.90979266166687,2.0,2.5363521575927734,-0.8200849294662476,0.0,0.011288076639175415,-0.0622401237487793,0.0
33.85,0.7777131199836731,2.9015910625457764,2.0,2.536444664001465,-0.8206992745399475,0.0,0.007164359092712402,-0.06085771322250366,0.0
33.86,0.8030751347541809,2.8933820724487305,2.0,2.5364956855773926,-0.8213013410568237,0.0,0.0030377060174942017,-0.05948105454444885,0.0
33.87,0.8284373879432678,2.885166645050049,2.0,2.5365052223205566,-0.8218897581100464,0.0,-0.001091286540031433,-0.05811029672622681,0.0
33.88,0.853795051574707,2.8769476413726807,2.0,2.5364739894866943,-0.8224629163742065,0.0,-0.005222022533416748,-0.05674558877944946,0.0
33.89,0.8791566491127014,2.868720769882202,2.0,2.53640079498291,-0.8230240345001221,0.0,-0.00935545563697815,-0.05538666248321533,0.0
33.9,0.9045174717903137,2.8604888916015625,2.0,2.5362865924835205,-0.8235714435577393,0.0,-0.013490989804267883,-0.05403372645378113,0.0
33.910000000000004,0.9298721551895142,2.852252721786499,2.0,2.5361313819885254,-0.8241039514541626,0.0,-0.01762804388999939,-0.05268692970275879,0.0
33.92,0.9552298784255981,2.844010353088379,2.0,2.5359344482421875,-0.8246245384216309,0.0,-0.021767571568489075,-0.051346004009246826,0.0
33.93,0.9805853366851807,2.8357622623443604,2.0,2.5356955528259277,-0.8251317739486694,0.0,-0.025908932089805603,-0.05001109838485718,0.0
33.94,1.0059337615966797,2.8275108337402344,2.0,2.5354163646698,-0.8256241083145142,0.0,-0.03005160391330719,-0.04868242144584656,0.0
33.95,1.0312833786010742,2.8192532062530518,2.0,2.535094976425171,-0.8261047601699829,0.0,-0.03419645130634308,-0.04735970497131348,0.0
33.96,1.0566298961639404,2.810990333557129,2.0,2.5347321033477783,-0.8265721797943115,0.0,-0.03834296762943268,-0.046043068170547485,0.0
33.97,1.081968069076538,2.802725315093994,2.0,2.5343284606933594,-0.8270249962806702,0.0,-0.04249051213264465,-0.04473277926445007,0.0
33.980000000000004,1.1073062419891357,2.7944536209106445,2.0,2.5338826179504395,-0.8274662494659424,0.0,-0.04664000868797302,-0.0434284508228302,0.0
33.99,1.13264000415802,2.786177635192871,2.0,2.533395290374756,-0.8278944492340088,0.0,-0.050790950655937195,-0.04213038086891174,0.0
34.0,1.1579641103744507,2.7778983116149902,2.0,2.532867193222046,-0.8283082246780396,0.0,-0.05494265258312225,-0.0408385694026947,0.0
34.01,1.183287262916565,2.7696146965026855,2.0,2.532296895980835,-0.8287106156349182,0.0,-0.059096112847328186,-0.0395529568195343,0.0
34.02,1.208604335784912,2.761326313018799,2.0,2.5316851139068604,-0.8291001319885254,0.0,-0.06325070559978485,-0.03827354311943054,0.0
34.03,1.2339107990264893,2.7530357837677,2.0,2.5310323238372803,-0.829475462436676,0.0,-0.06740589439868927,-0.03700065612792969,0.0
34.04,1.2592148780822754,2.7447400093078613,2.0,2.530337333679199,-0.8298395872116089,0.0,-0.07156257331371307,-0.03573378920555115,0.0
34.05,1.2845118045806885,2.736441135406494,2.0,2.5296008586883545,-0.8301910161972046,0.0,-0.07572014629840851,-0.03447332978248596,0.0
34.06,1.3097968101501465,2.728139877319336,2.0,2.5288233757019043,-0.8305284380912781,0.0,-0.079878069460392,-0.03321939706802368,0.0
34.07,1.335078239440918,2.7198333740234375,2.0,2.528003692626953,-0.8308547735214233,0.0,-0.08403724431991577,-0.03197169303894043,0.0
34.08,1.3603512048721313,2.711524486541748,2.0,2.5271425247192383,-0.8311688303947449,0.0,-0.08819708973169327,-0.030730366706848145,0.0
34.09,1.3856110572814941,2.703213691711426,2.0,2.526240348815918,-0.8314688801765442,0.0,-0.09235703200101852,-0.029495596885681152,0.0
34.1,1.4108659029006958,2.6948981285095215,2.0,2.5252959728240967,-0.8317581415176392,0.0,-0.09651798009872437,-0.028267115354537964,0.0
34.11,1.4361112117767334,2.686580181121826,2.0,2.5243098735809326,-0.8320350646972656,0.0,-0.10067934542894363,-0.02704504132270813,0.0
34.12,1.4613420963287354,2.6782612800598145,2.0,2.523283004760742,-0.8322985172271729,0.0,-0.10484060645103455,-0.025829732418060303,0.0
34.13,1.4865667819976807,2.6699378490448,2.0,2.5222134590148926,-0.832551121711731,0.0,-0.10900261998176575,-0.02462071180343628,0.0
34.14,1.5117806196212769,2.661612033843994,2.0,2.5211029052734375,-0.832791805267334,0.0,-0.11316480487585068,-0.023418158292770386,0.0
34.15,1.5369787216186523,2.653285503387451,2.0,2.5199508666992188,-0.8330190181732178,0.0,-0.11732664704322815,-0.022222429513931274,0.0
34.160000000000004,1.5621695518493652,2.6449546813964844,2.0,2.518756866455078,-0.8332356810569763,0.0,-0.12148898839950562,-0.021033018827438354,0.0
34.17,1.587348222732544,2.636622190475464,2.0,2.5175211429595947,-0.8334405422210693,0.0,-0.1256512850522995,-0.019850194454193115,0.0
34.18,1.6125099658966064,2.6282894611358643,2.0,2.516244411468506,-0.8336321711540222,0.0,-0.12981298565864563,-0.018674194812774658,0.0
34.19,1.6376631259918213,2.619952917098999,2.0,2.514925479888916,-0.833813488483429,0.0,-0.13397493958473206,-0.017504632472991943,0.0
34.2,1.6628026962280273,2.61161470413208,2.0,2.5135648250579834,-0.8339831829071045,0.0,-0.1381366103887558,-0.01634165644645691,0.0
34.21,1.6879243850708008,2.6032769680023193,2.0,2.5121636390686035,-0.8341397643089294,0.0,-0.1422974169254303,-0.01518559455871582,0.0
34.22,1.7130361795425415,2.594935655593872,2.0,2.5107197761535645,-0.8342863917350769,0.0,-0.14645829796791077,-0.014035999774932861,0.0
34.230000000000004,1.7381330728530884,2.586592674255371,2.0,2.5092344284057617,-0.8344215154647827,0.0,-0.15061861276626587,-0.012893080711364746,0.0
34.24,1.763210654258728,2.5782504081726074,2.0,2.5077080726623535,-0.8345437049865723,0.0,-0.15477783977985382,-0.011757105588912964,0.0
34.25,1.788277268409729,2.5699052810668945,2.0,2.5061395168304443,-0.8346561193466187,0.0,-0.15893685817718506,-0.0106276273727417,0.0
34.26,1.8133279085159302,2.561558961868286,2.0,2.5045294761657715,-0.8347572684288025,0.0,-0.1630951166152954,-0.009504914283752441,0.0
34.27,1.8383580446243286,2.553213596343994,2.0,2.502878427505493,-0.834845781326294,0.0,-0.1672520488500595,-0.00838923454284668,0.0
34.28,1.8633755445480347,2.544865608215332,2.0,2.501185178756714,-0.8349245190620422,0.0,-0.1714085042476654,-0.007280081510543823,0.0
34.29,1.888375997543335,2.5365164279937744,2.0,2.499450206756592,-0.8349922895431519,0.0,-0.17556394636631012,-0.006177723407745361,0.0
34.300000000000004,1.9133546352386475,2.528169631958008,2.0,2.4976747035980225,-0.8350476026535034,0.0,-0.17971783876419067,-0.005082458257675171,0.0
34.31,1.9383195638656616,2.5198192596435547,2.0,2.495856761932373,-0.8350934386253357,0.0,-0.18387100100517273,-0.0039937496185302734,0.0
34.32,1.9632660150527954,2.5114686489105225,2.0,2.493997573852539,-0.8351284861564636,0.0,-0.1880229264497757,-0.002911895513534546,0.0
34.33,1.9881893396377563,2.503119945526123,2.0,2.4920973777770996,-0.835151195526123,0.0,-0.192173033952713,-0.0018371939659118652,0.0
34.34,2.0130980014801025,2.4947690963745117,2.0,2.49015474319458,-0.8351647257804871,0.0,-0.1963222175836563,-0.0007690787315368652,0.0
34.35,2.0379867553710938,2.4864182472229004,2.0,2.488171100616455,-0.8351675868034363,0.0,-0.20046989619731903,0.00029212236404418945,0.0
34.36,2.0628514289855957,2.47806978225708,2.0,2.4861464500427246,-0.8351584672927856,0.0,-0.2046155333518982,0.0013461112976074219,0.0
34.37,2.087700128555298,2.4697184562683105,2.0,2.484079599380493,-0.8351402282714844,0.0,-0.20875996351242065,0.002393484115600586,0.0
34.38,2.11252760887146,2.4613683223724365,2.0,2.481971502304077,-0.8351115584373474,0.0,-0.21290266513824463,0.0034338533878326416,0.0
34.39,2.137329339981079,2.453019857406616,2.0,2.4798226356506348,-0.8350710868835449,0.0,-0.21704305708408356,0.00446707010269165,0.0
34.4,2.162114143371582,2.4446702003479004,2.0,2.4776315689086914,-0.8350217938423157,0.0,-0.22118206322193146,0.005493521690368652,0.0
34.410000000000004,2.1868765354156494,2.436321258544922,2.0,2.4753992557525635,-0.8349621891975403,0.0,-0.2253190577030182,0.006513029336929321,0.0
34.42,2.2116122245788574,2.4279747009277344,2.0,2.473126173019409,-0.8348910808563232,0.0,-0.22945353388786316,0.007525265216827393,0.0
34.43,2.2363290786743164,2.4196267127990723,2.0,2.470811128616333,-0.834811270236969,0.0,-0.23358632624149323,0.008530735969543457,0.0
34.44,2.2610228061676025,2.4112796783447266,2.0,2.4684548377990723,-0.8347214460372925,0.0,-0.2377168834209442,0.009529173374176025,0.0
34.45,2.2856884002685547,2.4029359817504883,2.0,2.466057777404785,-0.8346202969551086,0.0,-0.24184469878673553,0.010520339012145996,0.0
34.46,2.3103342056274414,2.394590377807617,2.0,2.4636189937591553,-0.8345106840133667,0.0,-0.24597059190273285,0.011504679918289185,0.0
34.47,2.3349552154541016,2.386246919631958,2.0,2.4611387252807617,-0.834391176700592,0.0,-0.2500940263271332,0.01248195767402649,0.0
34.480000000000004,2.3595471382141113,2.377906560897827,2.0,2.4586181640625,-0.8342605829238892,0.0,-0.25421443581581116,0.013451874256134033,0.0
34.49,2.384117841720581,2.369565010070801,2.0,2.4560556411743164,-0.8341217637062073,0.0,-0.25833266973495483,0.014415055513381958,0.0
34.5,2.4086625576019287,2.3612253665924072,2.0,2.4534518718719482,-0.8339733481407166,0.0,-0.2624482214450836,0.015371054410934448,0.0
34.51,2.4331772327423096,2.3528895378112793,2.0,2.450807809829712,-0.8338139653205872,0.0,-0.26656052470207214,0.016319692134857178,0.0
34.52,2.4576690196990967,2.344552993774414,2.0,2.448122024536133,-0.8336465358734131,0.0,-0.27067041397094727,0.017261475324630737,0.0
34.53,2.4821338653564453,2.3362178802490234,2.0,2.44539475440979,-0.8334697484970093,0.0,-0.274777352809906,0.018196135759353638,0.0
34.54,2.5065672397613525,2.3278870582580566,2.0,2.442627429962158,-0.8332822322845459,0.0,-0.2788808345794678,0.01912340521812439,0.0
34.550000000000004,2.5309767723083496,2.3195559978485107,2.0,2.4398183822631836,-0.8330869078636169,0.0,-0.28298163414001465,0.02004373073577881,0.0
34.56,2.5553581714630127,2.3112268447875977,2.0,2.4369683265686035,-0.8328824043273926,0.0,-0.2870793044567108,0.02095693349838257,0.0
34.57,2.5797064304351807,2.3029017448425293,2.0,2.4340782165527344,-0.8326674103736877,0.0,-0.29117318987846375,0.021862685680389404,0.0
34.58,2.604029893875122,2.294576644897461,2.0,2.4311461448669434,-0.8324447274208069,0.0,-0.29526421427726746,0.022761553525924683,0.0
34.59,2.628323793411255,2.2862539291381836,2.0,2.428173065185547,-0.8322132229804993,0.0,-0.2993517816066742,0.02365317940711975,0.0
34.6,2.652583599090576,2.2779362201690674,2.0,2.4251604080200195,-0.831971287727356,0.0,-0.30343538522720337,0.024537324905395508,0.0
34.61,2.6768174171447754,2.269618034362793,2.0,2.4221057891845703,-0.83172208070755,0.0,-0.3075159192085266,0.02541455626487732,0.0
34.62,2.7010202407836914,2.261302947998047,2.0,2.419010639190674,-0.8314640522003174,0.0,-0.3115927278995514,0.02628457546234131,0.0
34.63,2.7251877784729004,2.252992630004883,2.0,2.415875196456909,-0.8311960101127625,0.0,-0.3156653046607971,0.0271470844745636,0.0
34.64,2.749328136444092,2.244682550430298,2.0,2.412698745727539,-0.8309208154678345,0.0,-0.3197345733642578,0.028002619743347168,0.0
34.65,2.7734363079071045,2.236375331878662,2.0,2.4094810485839844,-0.8306369781494141,0.0,-0.32379987835884094,0.028850942850112915,0.0
34.660000000000004,2.7975082397460938,2.2280735969543457,2.0,2.406224012374878,-0.8303434252738953,0.0,-0.3278608024120331,0.029691696166992188,0.0
34.67,2.8215513229370117,2.2197718620300293,2.0,2.4029252529144287,-0.830042839050293,0.0,-0.3319180905818939,0.030525505542755127,0.0
34.68,2.8455615043640137,2.2114737033843994,2.0,2.3995862007141113,-0.8297339677810669,0.0,-0.33597123622894287,0.03135201334953308,0.0
34.69,2.8695333003997803,2.203181266784668,2.0,2.396207332611084,-0.829415500164032,0.0,-0.34001967310905457,0.032171010971069336,0.0
34.7,2.8934757709503174,2.1948890686035156,2.0,2.392787218093872,-0.8290901780128479,0.0,-0.34406426548957825,0.03298300504684448,0.0
34.71,2.9173836708068848,2.186600685119629,2.0,2.389326572418213,-0.8287568092346191,0.0,-0.3481045067310333,0.033787667751312256,0.0
34.72,2.9412527084350586,2.1783175468444824,2.0,2.385826587677002,-0.8284141421318054,0.0,-0.35213980078697205,0.03458479046821594,0.0
34.730000000000004,2.965090751647949,2.1700358390808105,2.0,2.3822853565216064,-0.8280648589134216,0.0,-0.35617101192474365,0.03537487983703613,0.0
34.74,2.9888930320739746,2.161757230758667,2.0,2.3787035942077637,-0.8277076482772827,0.0,-0.36019760370254517,0.036157697439193726,0.0
34.75,3.012655258178711,2.1534857749938965,2.0,2.3750829696655273,-0.8273413777351379,0.0,-0.3642190098762512,0.03693288564682007,0.0
34.76,3.0363852977752686,2.145214557647705,2.0,2.3714208602905273,-0.8269686698913574,0.0,-0.36823612451553345,0.0377010703086853,0.0
34.77,3.0600783824920654,2.1369469165802,2.0,2.3677186965942383,-0.8265883922576904,0.0,-0.3722483515739441,0.03846195340156555,0.0
34.78,3.083730459213257,2.1286864280700684,2.0,2.3639776706695557,-0.8261992335319519,0.0,-0.37625521421432495,0.039215147495269775,0.0
34.79,3.1073484420776367,2.120426654815674,2.0,2.3601951599121094,-0.8258037567138672,0.0,-0.3802574574947357,0.039961397647857666,0.0
34.800000000000004,3.1309287548065186,2.1121714115142822,2.0,2.3563730716705322,-0.8254010081291199,0.0,-0.38425466418266296,0.040700286626815796,0.0
34.81,3.1544666290283203,2.1039223670959473,2.0,2.3525118827819824,-0.8249895572662354,0.0,-0.38824620842933655,0.041431546211242676,0.0
34.82,3.1779696941375732,2.095674991607666,2.0,2.348609685897827,-0.8245720863342285,0.0,-0.3922329545021057,0.04215574264526367,0.0
34.83,3.2014334201812744,2.0874319076538086,2.0,2.344667911529541,-0.8241474628448486,0.0,-0.3962143361568451,0.04287266731262207,0.0
34.84,3.224853754043579,2.079195976257324,2.0,2.3406872749328613,-0.8237144351005554,0.0,-0.40018993616104126,0.04358184337615967,0.0
34.85,3.2482378482818604,2.0709609985351562,2.0,2.3366658687591553,-0.8232755661010742,0.0,-0.40416038036346436,0.04428407549858093,0.0
34.86,3.2715814113616943,2.0627315044403076,2.0,2.3326046466827393,-0.8228297233581543,0.0,-0.4081253409385681,0.04497885704040527,0.0
34.87,3.2948806285858154,2.0545082092285156,2.0,2.328505039215088,-0.8223757147789001,0.0,-0.4120841920375824,0.04566606879234314,0.0
34.88,3.3181426525115967,2.0462875366210938,2.0,2.32436466217041,-0.8219162225723267,0.0,-0.41603773832321167,0.04634615778923035,0.0
34.89,3.341362953186035,2.0380711555480957,2.0,2.3201849460601807,-0.821449875831604,0.0,-0.41998547315597534,0.04701894521713257,0.0
34.9,3.364537000656128,2.02986216545105,2.0,2.3159666061401367,-0.8209755420684814,0.0,-0.4239269196987152,0.04768410325050354,0.0
34.910000000000004,3.3876729011535645,2.0216550827026367,2.0,2.3117082118988037,-0.8204959034919739,0.0,-0.42786282300949097,0.04834213852882385,0.0
34.92,3.4107658863067627,2.013453483581543,2.0,2.30741024017334,-0.820009708404541,0.0,-0.431792676448822,0.04899284243583679,0.0
34.93,3.433811902999878,2.005258798599243,2.0,2.303074359893799,-0.8195158243179321,0.0,-0.43571600317955017,0.049635887145996094,0.0
34.94,3.4568183422088623,1.9970667362213135,2.0,2.2986977100372314,-0.8190168142318726,0.0,-0.4396336078643799,0.050271838903427124,0.0
34.95,3.479780673980713,1.9888793230056763,2.0,2.2942824363708496,-0.8185113668441772,0.0,-0.443544864654541,0.05090048909187317,0.0
34.96,3.502694845199585,1.9807000160217285,2.0,2.2898287773132324,-0.8179986476898193,0.0,-0.4474494159221649,0.0515214204788208,0.0
34.97,3.5255682468414307,1.9725229740142822,2.0,2.285335063934326,-0.8174808025360107,0.0,-0.4513479173183441,0.052135348320007324,0.0
34.980000000000004,3.548396110534668,1.9643514156341553,2.0,2.2808027267456055,-0.8169568777084351,0.0,-0.4552398920059204,0.0527418851852417,0.0
34.99,3.5711748600006104,1.9561877250671387,2.0,2.2762322425842285,-0.8164256811141968,0.0,-0.45912492275238037,0.05334073305130005,0.0
35.0,3.59391188621521,1.9480266571044922,2.0,2.2716221809387207,-0.8158899545669556,0.0,-0.4630036950111389,0.05393257737159729,0.0
35.01,3.6166021823883057,1.9398707151412964,2.0,2.2669730186462402,-0.8153481483459473,0.0,-0.46687567234039307,0.05451706051826477,0.0
35.02,3.639242172241211,1.9317231178283691,2.0,2.262286424636841,-0.8147993087768555,0.0,-0.47074049711227417,0.055093854665756226,0.0
35.03,3.661839008331299,1.9235783815383911,2.0,2.2575602531433105,-0.8142459392547607,0.0,-0.47459885478019714,0.055663615465164185,0.0
35.04,3.6843881607055664,1.9154391288757324,2.0,2.252795457839966,-0.8136870265007019,0.0,-0.478450208902359,0.05622601509094238,0.0
35.050000000000004,3.706886053085327,1.9073084592819214,2.0,2.247993230819702,-0.8131213188171387,0.0,-0.48229411244392395,0.05678078532218933,0.0
35.06,3.729339122772217,1.899180293083191,2.0,2.2431514263153076,-0.8125512003898621,0.0,-0.48613134026527405,0.05732852220535278,0.0
35.07,3.751743793487549,1.891058325767517,2.0,2.238271474838257,-0.8119757175445557,0.0,-0.48996132612228394,0.05786886811256409,0.0
35.08,3.7740957736968994,1.8829447031021118,2.0,2.233354330062866,-0.8113936185836792,0.0,-0.49378371238708496,0.05840158462524414,0.0
35.09,3.7964024543762207,1.8748341798782349,2.0,2.228397846221924,-0.8108076453208923,0.0,-0.49759912490844727,0.058927297592163086,0.0
35.1,3.8186585903167725,1.8667293787002563,2.0,2.2234034538269043,-0.8102163076400757,0.0,-0.5014070868492126,0.05944564938545227,0.0
35.11,3.8408615589141846,1.8586333990097046,2.0,2.218371868133545,-0.8096184730529785,0.0,-0.5052071809768677,0.059956371784210205,0.0
35.12,3.8630170822143555,1.8505406379699707,2.0,2.213301181793213,-0.8090168237686157,0.0,-0.5090000629425049,0.06046009063720703,0.0
35.13,3.885122060775757,1.8424537181854248,2.0,2.208192825317383,-0.8084102869033813,0.0,-0.5127853155136108,0.06095650792121887,0.0
35.14,3.907172441482544,1.8343762159347534,2.0,2.203047752380371,-0.8077975511550903,0.0,-0.5165624618530273,0.0614452064037323,0.0
35.15,3.9291746616363525,1.8263016939163208,2.0,2.1978635787963867,-0.8071811199188232,0.0,-0.5203322172164917,0.06192699074745178,0.0
35.160000000000004,3.951124429702759,1.8182330131530762,2.0,2.1926422119140625,-0.8065600395202637,0.0,-0.5240941047668457,0.06240147352218628,0.0
35.17,3.9730184078216553,1.8101741075515747,2.0,2.1873838901519775,-0.8059329986572266,0.0,-0.5278475880622864,0.06286826729774475,0.0
35.18,3.994863510131836,1.8021183013916016,2.0,2.1820871829986572,-0.805302619934082,0.0,-0.5315935015678406,0.06332814693450928,0.0
35.19,4.016655445098877,1.7940688133239746,2.0,2.176753282546997,-0.804667592048645,0.0,-0.5353313088417053,0.06378072500228882,0.0
35.2,4.038390159606934,1.7860286235809326,2.0,2.1713829040527344,-0.8040268421173096,0.0,-0.5390605926513672,0.06422567367553711,0.0
35.21,4.060074329376221,1.7779921293258667,2.0,2.1659741401672363,-0.8033828735351562,0.0,-0.5427819490432739,0.06466367840766907,0.0
35.22,4.081704616546631,1.7699617147445679,2.0,2.1605284214019775,-0.8027345538139343,0.0,-0.5464950203895569,0.06509444117546082,0.0
35.230000000000004,4.103276252746582,1.7619410753250122,2.0,2.1550464630126953,-0.8020806908607483,0.0,-0.5501992702484131,0.06551754474639893,0.0
35.24,4.1247968673706055,1.7539238929748535,2.0,2.149526596069336,-0.801423966884613,0.0,-0.5538954734802246,0.06593376398086548,0.0
35.25,4.146261692047119,1.7459132671356201,2.0,2.143969774246216,-0.8007631301879883,0.0,-0.5575831532478333,0.06634274125099182,0.0
35.26,4.167667865753174,1.7379124164581299,2.0,2.1383771896362305,-0.8000969886779785,0.0,-0.5612618327140808,0.0667441189289093,0.0
35.27,4.189021110534668,1.7299150228500366,2.0,2.132746696472168,-0.7994280457496643,0.0,-0.5649321675300598,0.06713861227035522,0.0
35.28,4.210317611694336,1.7219244241714478,2.0,2.127079725265503,-0.7987552881240845,0.0,-0.5685937404632568,0.06752589344978333,0.0
35.29,4.23155403137207,1.7139437198638916,2.0,2.1213772296905518,-0.7980774641036987,0.0,-0.5722461342811584,0.06790554523468018,0.0
35.300000000000004,4.252737045288086,1.7059663534164429,2.0,2.1156370639801025,-0.7973970174789429,0.0,-0.5758900046348572,0.06827843189239502,0.0
35.31,4.273861885070801,1.6979962587356567,2.0,2.10986065864563,-0.7967129945755005,0.0,-0.5795248746871948,0.06864404678344727,0.0
35.32,4.294925689697266,1.6900361776351929,2.0,2.10404896736145,-0.7960240244865417,0.0,-0.5831502676010132,0.06900212168693542,0.0
35.33,4.315934658050537,1.6820794343948364,2.0,2.0981998443603516,-0.7953327894210815,0.0,-0.5867670178413391,0.06935343146324158,0.0
35.34,4.33688497543335,1.6741297245025635,2.0,2.0923147201538086,-0.7946380376815796,0.0,-0.5903744697570801,0.06969749927520752,0.0
35.35,4.3577728271484375,1.666190505027771,2.0,2.086394786834717,-0.7939387559890747,0.0,-0.5939723253250122,0.07003405690193176,0.0
35.36,4.378604412078857,1.6582547426223755,2.0,2.0804378986358643,-0.7932370901107788,0.0,-0.597561240196228,0.07036381959915161,0.0
35.37,4.399376392364502,1.650326132774353,2.0,2.0744450092315674,-0.7925323247909546,0.0,-0.6011407375335693,0.0706864595413208,0.0
35.38,4.4200849533081055,1.642408013343811,2.0,2.068417549133301,-0.7918233871459961,0.0,-0.6047103404998779,0.0710015594959259,0.0
35.39,4.440736770629883,1.6344934701919556,2.0,2.0623531341552734,-0.7911122441291809,0.0,-0.6082707643508911,0.07130992412567139,0.0
35.4,4.46132755279541,1.6265860795974731,2.0,2.056253433227539,-0.790398120880127,0.0,-0.6118215918540955,0.0716111958026886,0.0
35.410000000000004,4.48185396194458,1.6186895370483398,2.0,2.050119400024414,-0.789680004119873,0.0,-0.615362286567688,0.07190495729446411,0.0
35.42,4.502321720123291,1.6107960939407349,2.0,2.0439486503601074,-0.7889598608016968,0.0,-0.6188936233520508,0.07219204306602478,0.0
35.43,4.522727966308594,1.6029103994369507,2.0,2.0377426147460938,-0.7882370948791504,0.0,-0.6224151849746704,0.07247203588485718,0.0
35.44,4.5430684089660645,1.5950353145599365,2.0,2.0315027236938477,-0.7875104546546936,0.0,-0.6259263753890991,0.07274454832077026,0.0
35.45,4.563349723815918,1.5871641635894775,2.0,2.025226593017578,-0.7867820858955383,0.0,-0.629427969455719,0.0730104148387909,0.0
35.46,4.583568096160889,1.579300045967102,2.0,2.0189156532287598,-0.7860511541366577,0.0,-0.6329195499420166,0.07326924800872803,0.0
35.47,4.603720188140869,1.5714467763900757,2.0,2.012570858001709,-0.7853165864944458,0.0,-0.6364006400108337,0.07352066040039062,0.0
35.480000000000004,4.623811721801758,1.563597559928894,2.0,2.006190061569214,-0.7845807075500488,0.0,-0.6398718357086182,0.07376542687416077,0.0
35.49,4.643839359283447,1.5557557344436646,2.0,1.9997749328613281,-0.7838423252105713,0.0,-0.643332839012146,0.0740031898021698,0.0
35.5,4.663799285888672,1.5479246377944946,2.0,1.993326187133789,-0.7831004858016968,0.0,-0.646783173084259,0.07423359155654907,0.0
35.51,4.683697700500488,1.5400973558425903,2.0,1.9868416786193848,-0.7823574542999268,0.0,-0.650223433971405,0.07445740699768066,0.0
35.52,4.703531742095947,1.5322775840759277,2.0,1.9803229570388794,-0.7816123366355896,0.0,-0.6536532044410706,0.07467421889305115,0.0
35.53,4.723296642303467,1.5244691371917725,2.0,1.973771333694458,-0.7808639407157898,0.0,-0.657072126865387,0.07488369941711426,0.0
35.54,4.742999076843262,1.516663908958435,2.0,1.96718430519104,-0.7801145315170288,0.0,-0.660480797290802,0.07508668303489685,0.0
35.550000000000004,4.762635707855225,1.508866786956787,2.0,1.960563063621521,-0.7793632745742798,0.0,-0.6638787388801575,0.07528272271156311,0.0
35.56,4.78220272064209,1.5010807514190674,2.0,1.9539092779159546,-0.7786087989807129,0.0,-0.6672656536102295,0.07547140121459961,0.0
35.57,4.801706314086914,1.4932986497879028,2.0,1.9472205638885498,-0.7778538465499878,0.0,-0.6706421375274658,0.07565361261367798,0.0
35.58,4.821142673492432,1.48552405834198,2.0,1.940497875213623,-0.7770967483520508,0.0,-0.6740076541900635,0.07582896947860718,0.0
35.59,4.840508460998535,1.4777605533599854,2.0,1.9337431192398071,-0.7763371467590332,0.0,-0.6773619055747986,0.07599708437919617,0.0
35.6,4.859809875488281,1.4700007438659668,2.0,1.9269534349441528,-0.7755767107009888,0.0,-0.6807055473327637,0.07615873217582703,0.0
35.61,4.879043102264404,1.4622491598129272,2.0,1.9201304912567139,-0.7748148441314697,0.0,-0.6840380430221558,0.0763135552406311,0.0
35.62,4.898204803466797,1.4545084238052368,2.0,1.9132754802703857,-0.7740504145622253,0.0,-0.687359094619751,0.07646113634109497,0.0
35.63,4.917301177978516,1.4467718601226807,2.0,1.906386137008667,-0.7732856273651123,0.0,-0.6906692385673523,0.07660233974456787,0.0
35.64,4.936327934265137,1.4390430450439453,2.0,1.8994636535644531,-0.7725193500518799,0.0,-0.6939681768417358,0.07673674821853638,0.0
35.65,4.955282688140869,1.4313253164291382,2.0,1.8925094604492188,-0.771750807762146,0.0,-0.6972553730010986,0.07686400413513184,0.0
35.660000000000004,4.974170684814453,1.4236116409301758,2.0,1.8855211734771729,-0.770982027053833,0.0,-0.7005314826965332,0.07698491215705872,0.0
35.67,4.992988586425781,1.4159058332443237,2.0,1.8785004615783691,-0.7702120542526245,0.0,-0.7037961483001709,0.07709908485412598,0.0
35.68,5.011733531951904,1.408211588859558,2.0,1.871448278427124,-0.7694400548934937,0.0,-0.7070488929748535,0.07720610499382019,0.0
35.69,5.0304107666015625,1.400520920753479,2.0,1.8643622398376465,-0.7686679363250732,0.0,-0.7102904319763184,0.07730689644813538,0.0
35.7,5.04901647567749,1.3928378820419312,2.0,1.8572440147399902,-0.7678948044776917,0.0,-0.7135202884674072,0.07740098237991333,0.0
35.71,5.067547798156738,1.3851667642593384,2.0,1.8500945568084717,-0.7671197652816772,0.0,-0.7167380452156067,0.0774880051612854,0.0
35.72,5.086010932922363,1.3774994611740112,2.0,1.842911958694458,-0.7663449645042419,0.0,-0.7199443578720093,0.07756873965263367,0.0
35.730000000000004,5.104401588439941,1.3698397874832153,2.0,1.8356974124908447,-0.7655694484710693,0.0,-0.7231387495994568,0.07764288783073425,0.0
35.74,5.122717380523682,1.3621917963027954,2.0,1.8284521102905273,-0.7647920846939087,0.0,-0.7263208627700806,0.07771006226539612,0.0
35.75,5.140963554382324,1.3545479774475098,2.0,1.821173906326294,-0.7640151381492615,0.0,-0.7294914126396179,0.07777097821235657,0.0
35.76,5.159136772155762,1.3469115495681763,2.0,1.81386399269104,-0.7632376551628113,0.0,-0.7326499223709106,0.07782536745071411,0.0
35.77,5.177233695983887,1.3392871618270874,2.0,1.8065237998962402,-0.7624585628509521,0.0,-0.7357958555221558,0.07787278294563293,0.0
35.78,5.195260047912598,1.331666111946106,2.0,1.7991509437561035,-0.7616800665855408,0.0,-0.7389299869537354,0.07791411876678467,0.0
35.79,5.213212490081787,1.324053168296814,2.0,1.7917468547821045,-0.7609012126922607,0.0,-0.742051899433136,0.0779489278793335,0.0
35.800000000000004,5.231087684631348,1.3164520263671875,2.0,1.7843129634857178,-0.7601210474967957,0.0,-0.7451611757278442,0.07797679305076599,0.0
35.81,5.248891830444336,1.308854579925537,2.0,1.7768466472625732,-0.7593415379524231,0.0,-0.7482583522796631,0.07799863815307617,0.0
35.82,5.266620635986328,1.3012653589248657,2.0,1.769349455833435,-0.7585620284080505,0.0,-0.7513431310653687,0.07801401615142822,0.0
35.83,5.284271717071533,1.293687343597412,2.0,1.7618227005004883,-0.7577813267707825,0.0,-0.7544150948524475,0.0780225396156311,0.0
35.84,5.301850318908691,1.2861133813858032,2.0,1.7542641162872314,-0.757001519203186,0.0,-0.7574747800827026,0.07802510261535645,0.0
35.85,5.319352626800537,1.2785470485687256,2.0,1.7466750144958496,-0.7562217116355896,0.0,-0.7605218887329102,0.07802128791809082,0.0
35.86,5.3367767333984375,1.2709929943084717,2.0,1.7390567064285278,-0.7554411888122559,0.0,-0.7635560035705566,0.07801061868667603,0.0
35.87,5.354126930236816,1.263442039489746,2.0,1.7314069271087646,-0.7546615600585938,0.0,-0.7665776610374451,0.07799410820007324,0.0
35.88,5.371400833129883,1.255899429321289,2.0,1.7237269878387451,-0.753882110118866,0.0,-0.7695865035057068,0.07797122001647949,0.0
35.89,5.388595104217529,1.248368501663208,2.0,1.7160181999206543,-0.7531020045280457,0.0,-0.7725821733474731,0.07794162631034851,0.0
35.9,5.405714988708496,1.240841269493103,2.0,1.7082784175872803,-0.7523232698440552,0.0,-0.7755652666091919,0.07790616154670715,0.0
35.910000000000004,5.422756195068359,1.2333216667175293,2.0,1.7005085945129395,-0.7515447735786438,0.0,-0.7785352468490601,0.07786446809768677,0.0
35.92,5.439718246459961,1.2258142232894897,2.0,1.6927108764648438,-0.7507659792900085,0.0,-0.7814919948577881,0.07781609892845154,0.0
35.93,5.456603527069092,1.2183105945587158,2.0,1.6848819255828857,-0.7499884963035583,0.0,-0.7844359278678894,0.07776191830635071,0.0
35.94,5.473411560058594,1.2108142375946045,2.0,1.6770238876342773,-0.7492114901542664,0.0,-0.7873666882514954,0.07770156860351562,0.0
35.95,5.490138053894043,1.2033300399780273,2.0,1.6691378355026245,-0.7484344244003296,0.0,-0.7902839183807373,0.07763463258743286,0.0
35.96,5.5067877769470215,1.1958496570587158,2.0,1.6612212657928467,-0.747658908367157,0.0,-0.793188214302063,0.07756194472312927,0.0
35.97,5.523358345031738,1.188376784324646,2.0,1.653275728225708,-0.7468841075897217,0.0,-0.7960790395736694,0.0774831771850586,0.0
35.980000000000004,5.539846897125244,1.1809155941009521,2.0,1.6453028917312622,-0.746109127998352,0.0,-0.7989562749862671,0.07739785313606262,0.0
35.99,5.556257724761963,1.1734583377838135,2.0,1.63729989528656,-0.7453359961509705,0.0,-0.8018202781677246,0.07730692625045776,0.0
36.0,5.572588920593262,1.166008472442627,2.0,1.6292682886123657,-0.7445639371871948,0.0,-0.8046708703041077,0.0772099494934082,0.0
36.01,5.588836669921875,1.1585710048675537,2.0,1.6212096214294434,-0.743791937828064,0.0,-0.8075075149536133,0.07710644602775574,0.0
36.02,5.605006694793701,1.1511366367340088,2.0,1.6131213903427124,-0.7430217862129211,0.0,-0.810330867767334,0.07699742913246155,0.0
36.03,5.621095657348633,1.1437101364135742,2.0,1.605004906654358,-0.7422528862953186,0.0,-0.8131405115127563,0.07688245177268982,0.0
36.04,5.637100696563721,1.1362955570220947,2.0,1.5968618392944336,-0.7414841055870056,0.0,-0.8159360885620117,0.07676103711128235,0.0
36.050000000000004,5.653026580810547,1.1288843154907227,2.0,1.5886893272399902,-0.7407176494598389,0.0,-0.8187181949615479,0.07663416862487793,0.0
36.06,5.668870449066162,1.1214808225631714,2.0,1.5804893970489502,-0.7399522662162781,0.0,-0.8214863538742065,0.07650139927864075,0.0
36.07,5.684629917144775,1.1140892505645752,2.0,1.5722630023956299,-0.739187479019165,0.0,-0.8242404460906982,0.0763622522354126,0.0
36.08,5.700309753417969,1.1067012548446655,2.0,1.5640077590942383,-0.738425076007843,0.0,-0.8269807696342468,0.07621774077415466,0.0
36.09,5.715906143188477,1.099320411682129,2.0,1.555725336074829,-0.737663984298706,0.0,-0.8297070860862732,0.07606744766235352,0.0
36.1,5.731418132781982,1.0919513702392578,2.0,1.5474169254302979,-0.7369036674499512,0.0,-0.8324190378189087,0.07591092586517334,0.0
36.11,5.746849060058594,1.084586262702942,2.0,1.5390801429748535,-0.7361457347869873,0.0,-0.8351171612739563,0.0757489800453186,0.0
36.12,5.762196063995361,1.077228307723999,2.0,1.5307164192199707,-0.7353894710540771,0.0,-0.8378010988235474,0.07558134198188782,0.0
36.13,5.777457237243652,1.0698822736740112,2.0,1.5223274230957031,-0.7346341013908386,0.0,-0.8404704928398132,0.07540753483772278,0.0
36.14,5.792636394500732,1.0625395774841309,2.0,1.5139102935791016,-0.7338812947273254,0.0,-0.8431258797645569,0.07522845268249512,0.0
36.15,5.807731628417969,1.0552043914794922,2.0,1.5054669380187988,-0.7331303954124451,0.0,-0.8457669019699097,0.07504373788833618,0.0
36.160000000000004,5.822739601135254,1.04788076877594,2.0,1.4969984292984009,-0.7323804497718811,0.0,-0.8483932018280029,0.07485291361808777,0.0
36.17,5.837665557861328,1.0405604839324951,2.0,1.4885023832321167,-0.7316333651542664,0.0,-0.8510054349899292,0.07465696334838867,0.0
36.18,5.852506637573242,1.0332478284835815,2.0,1.479980230331421,-0.7308881282806396,0.0,-0.8536030650138855,0.0744553804397583,0.0
36.19,5.867259502410889,1.0259467363357544,2.0,1.4714336395263672,-0.7301442623138428,0.0,-0.8561859130859375,0.07424783706665039,0.0
36.2,5.881929397583008,1.0186487436294556,2.0,1.4628599882125854,-0.7294031977653503,0.0,-0.8587543964385986,0.07403519749641418,0.0
36.21,5.896512985229492,1.0113582611083984,2.0,1.4542605876922607,-0.7286642789840698,0.0,-0.8613081574440002,0.07381704449653625,0.0
36.22,5.911008834838867,1.0040793418884277,2.0,1.4456372261047363,-0.7279268503189087,0.0,-0.863847017288208,0.07359299063682556,0.0
36.230000000000004,5.92542028427124,0.9968035221099854,2.0,1.4369871616363525,-0.7271924018859863,0.0,-0.8663712739944458,0.07336390018463135,0.0
36.24,5.93974494934082,0.9895349740982056,2.0,1.428311824798584,-0.726460337638855,0.0,-0.8688808083534241,0.07312944531440735,0.0
36.25,5.953980922698975,0.9822782278060913,2.0,1.4196128845214844,-0.7257299423217773,0.0,-0.8713752031326294,0.07288911938667297,0.0
36.26,5.9681315422058105,0.9750241041183472,2.0,1.4108877182006836,-0.7250025272369385,0.0,-0.8738548755645752,0.07264390587806702,0.0
36.27,5.982195854187012,0.9677776098251343,2.0,1.4021378755569458,-0.7242777347564697,0.0,-0.8763196468353271,0.07239335775375366,0.0
36.28,5.996169090270996,0.9605425596237183,2.0,1.3933647871017456,-0.7235547304153442,0.0,-0.878769040107727,0.0721370130777359,0.0
36.29,6.010056972503662,0.953310489654541,2.0,1.3845659494400024,-0.7228350043296814,0.0,-0.8812036514282227,0.07187590003013611,0.0
36.300000000000004,6.023857116699219,0.9460853338241577,2.0,1.3757429122924805,-0.7221179604530334,0.0,-0.8836232423782349,0.07160955667495728,0.0
36.31,6.037566661834717,0.9388718605041504,2.0,1.3668968677520752,-0.7214028239250183,0.0,-0.8860273361206055,0.07133749127388,0.0
36.32,6.05118989944458,0.9316612482070923,2.0,1.3580257892608643,-0.7206912636756897,0.0,-0.8884164094924927,0.07106074690818787,0.0
36.33,6.064723968505859,0.9244576692581177,2.0,1.349130630493164,-0.719982385635376,0.0,-0.8907902836799622,0.07077881693840027,0.0
36.34,6.078166961669922,0.9172652959823608,2.0,1.3402135372161865,-0.719275712966919,0.0,-0.8931486010551453,0.07049134373664856,0.0
36.35,6.091523170471191,0.9100760221481323,2.0,1.3312711715698242,-0.7185726165771484,0.0,-0.8954917192459106,0.07019920647144318,0.0
36.36,6.1047892570495605,0.9028935432434082,2.0,1.322305679321289,-0.7178723216056824,0.0,-0.8978195190429688,0.06990203261375427,0.0
36.37,6.117963790893555,0.895722508430481,2.0,1.3133184909820557,-0.7171745300292969,0.0,-0.9001315236091614,0.06959933042526245,0.0
36.38,6.1310505867004395,0.8885537385940552,2.0,1.3043067455291748,-0.7164804339408875,0.0,-0.902428388595581,0.06929212808609009,0.0
36.39,6.144046783447266,0.8813923597335815,2.0,1.2952719926834106,-0.7157894372940063,0.0,-0.9047095775604248,0.06897993385791779,0.0
36.4,6.156950950622559,0.874241828918457,2.0,1.2862160205841064,-0.7151009440422058,0.0,-0.9069750308990479,0.06866234540939331,0.0
36.410000000000004,6.169765949249268,0.8670940399169922,2.0,1.2771360874176025,-0.7144160866737366,0.0,-0.9092249870300293,0.06834033131599426,0.0
36.42,6.182490348815918,0.8599532842636108,2.0,1.268033742904663,-0.7137347459793091,0.0,-0.9114593267440796,0.06801339983940125,0.0
36.43,6.195121765136719,0.8528232574462891,2.0,1.2589104175567627,-0.7130559086799622,0.0,-0.9136776924133301,0.0676812082529068,0.0
36.44,6.207663536071777,0.8456958532333374,2.0,1.2497637271881104,-0.7123811841011047,0.0,-0.9158804416656494,0.06734463572502136,0.0
36.45,6.220114231109619,0.8385751247406006,2.0,1.2405949831008911,-0.7117096781730652,0.0,-0.918067455291748,0.06700330972671509,0.0
36.46,6.232470989227295,0.8314653635025024,2.0,1.2314059734344482,-0.7110411524772644,0.0,-0.9202382564544678,0.06665676832199097,0.0
36.47,6.244737148284912,0.8243579864501953,2.0,1.222193956375122,-0.7103766202926636,0.0,-0.9223935008049011,0.0663059651851654,0.0
36.480000000000004,6.256911754608154,0.8172574043273926,2.0,1.2129603624343872,-0.7097156047821045,0.0,-0.9245327115058899,0.06595048308372498,0.0
36.49,6.268991470336914,0.810167670249939,2.0,1.2037068605422974,-0.7090576887130737,0.0,-0.9266557097434998,0.06558987498283386,0.0
36.5,6.280981063842773,0.8030800819396973,2.0,1.1944308280944824,-0.7084038257598877,0.0,-0.9287629127502441,0.06522512435913086,0.0
36.51,6.292877197265625,0.7959989309310913,2.0,1.185133695602417,-0.7077537775039673,0.0,-0.9308539628982544,0.06485579907894135,0.0
36.52,6.304678916931152,0.7889288663864136,2.0,1.1758174896240234,-0.7071068286895752,0.0,-0.932928740978241,0.06448142230510712,0.0
36.53,6.316389083862305,0.7818607091903687,2.0,1.1664788722991943,-0.7064641714096069,0.0,-0.9349875450134277,0.06410302221775055,0.0
36.54,6.328005790710449,0.7747989892959595,2.0,1.157119870185852,-0.7058253884315491,0.0,-0.9370300769805908,0.06372013688087463,0.0
36.550000000000004,6.339527130126953,0.7677478790283203,2.0,1.1477420330047607,-0.7051898241043091,0.0,-0.9390562176704407,0.06333234906196594,0.0
36.56,6.350955963134766,0.7606990337371826,2.0,1.1383423805236816,-0.7045587301254272,0.0,-0.9410662651062012,0.0629405677318573,0.0
36.57,6.36229133605957,0.7536561489105225,2.0,1.128922939300537,-0.7039316296577454,0.0,-0.9430599212646484,0.06254445016384125,0.0
36.58,6.373530387878418,0.746624231338501,2.0,1.1194849014282227,-0.7033078670501709,0.0,-0.9450371265411377,0.06214345991611481,0.0
36.59,6.384675979614258,0.7395939826965332,2.0,1.1100258827209473,-0.7026886940002441,0.0,-0.9469979405403137,0.06173864006996155,0.0
36.6,6.39572811126709,0.7325698137283325,2.0,1.1005473136901855,-0.7020737528800964,0.0,-0.9489424228668213,0.06132955849170685,0.0
36.61,6.406683444976807,0.7255562543869019,2.0,1.0910508632659912,-0.7014622092247009,0.0,-0.950870156288147,0.060915738344192505,0.0
36.62,6.417544841766357,0.7185443639755249,2.0,1.081533670425415,-0.7008554339408875,0.0,-0.9527815580368042,0.0604981929063797,0.0
36.63,6.428310871124268,0.711538553237915,2.0,1.0719974040985107,-0.7002528309822083,0.0,-0.9546763896942139,0.06007646024227142,0.0
36.64,6.4389801025390625,0.7045430541038513,2.0,1.0624438524246216,-0.6996539831161499,0.0,-0.9565544724464417,0.05965012311935425,0.0
36.65,6.44955587387085,0.6975492835044861,2.0,1.0528700351715088,-0.6990599036216736,0.0,-0.9584159851074219,0.05922013521194458,0.0
36.660000000000004,6.46003532409668,0.6905614137649536,2.0,1.0432777404785156,-0.6984700560569763,0.0,-0.9602608680725098,0.0587860643863678,0.0
36.67,6.470417022705078,0.6835837364196777,2.0,1.0336686372756958,-0.697884202003479,0.0,-0.9620888829231262,0.05834747850894928,0.0
36.68,6.480704307556152,0.6766074299812317,2.0,1.0240397453308105,-0.6973031163215637,0.0,-0.9639003276824951,0.05790539085865021,0.0
36.69,6.490895748138428,0.6696368455886841,2.0,1.0143928527832031,-0.6967265605926514,0.0,-0.9656948447227478,0.05745933949947357,0.0
36.7,6.500988960266113,0.6626766324043274,2.0,1.0047297477722168,-0.696153998374939,0.0,-0.9674724340438843,0.057008832693099976,0.0
36.71,6.510986328125,0.655717670917511,2.0,0.9950472116470337,-0.6955864429473877,0.0,-0.9692333340644836,0.05655492842197418,0.0
36.72,6.52088737487793,0.6487643122673035,2.0,0.9853473901748657,-0.6950234770774841,0.0,-0.9709773063659668,0.05609716475009918,0.0
36.730000000000004,6.530689239501953,0.641821026802063,2.0,0.9756315350532532,-0.6944645643234253,0.0,-0.9727041721343994,0.055635079741477966,0.0
36.74,6.540395736694336,0.634878933429718,2.0,0.9658970832824707,-0.6939107179641724,0.0,-0.9744142293930054,0.055169686675071716,0.0
36.75,6.550004959106445,0.6279420256614685,2.0,0.9561455249786377,-0.693361759185791,0.0,-0.9761072397232056,0.054700568318367004,0.0
36.76,6.559514999389648,0.6210154294967651,2.0,0.946378767490387,-0.6928167343139648,0.0,-0.9777830839157104,0.05422721803188324,0.0
36.77,6.5689287185668945,0.6140896081924438,2.0,0.936593770980835,-0.6922772526741028,0.0,-0.9794420003890991,0.05375067889690399,0.0
36.78,6.578244686126709,0.6071691513061523,2.0,0.9267922639846802,-0.6917424201965332,0.0,-0.9810837507247925,0.05327051877975464,0.0
36.79,6.587461471557617,0.6002585291862488,2.0,0.9169759750366211,-0.6912118196487427,0.0,-0.9827082753181458,0.052786216139793396,0.0
36.800000000000004,6.596580505371094,0.5933487415313721,2.0,0.9071419835090637,-0.6906867027282715,0.0,-0.9843156933784485,0.052298858761787415,0.0
36.81,6.605601787567139,0.5864442586898804,2.0,0.8972920179367065,-0.6901663541793823,0.0,-0.9859059453010559,0.0518079549074173,0.0
36.82,6.614523410797119,0.5795493721961975,2.0,0.8874277472496033,-0.6896504759788513,0.0,-0.9874788522720337,0.05131307244300842,0.0
36.83,6.62334680557251,0.5726550221443176,2.0,0.8775463104248047,-0.6891400218009949,0.0,-0.9890345335006714,0.05081522464752197,0.0
36.84,6.6320719718933105,0.5657655596733093,2.0,0.8676493763923645,-0.6886347532272339,0.0,-0.9905728697776794,0.05031396448612213,0.0
36.85,6.6406965255737305,0.5588859915733337,2.0,0.857738733291626,-0.6881338953971863,0.0,-0.9920938014984131,0.04980878531932831,0.0
36.86,6.649223327636719,0.552006721496582,2.0,0.8478114008903503,-0.687638521194458,0.0,-0.9935974478721619,0.049300774931907654,0.0
36.87,6.657650947570801,0.5451325178146362,2.0,0.8378691673278809,-0.6871482729911804,0.0,-0.9950838088989258,0.04878944158554077,0.0
36.88,6.665977478027344,0.5382676124572754,2.0,0.8279136419296265,-0.6866627931594849,0.0,-0.9965524673461914,0.04827432334423065,0.0
36.89,6.674205780029297,0.5314031839370728,2.0,0.8179420232772827,-0.6861827969551086,0.0,-0.9980038404464722,0.04775647819042206,0.0
36.9,6.682333946228027,0.524543285369873,2.0,0.8079559803009033,-0.6857081055641174,0.0,-0.999437689781189,0.04723544418811798,0.0
36.910000000000004,6.690361499786377,0.5176926255226135,2.0,0.797957181930542,-0.6852380633354187,0.0,-1.0008538961410522,0.04671074450016022,0.0
36.92,6.69828987121582,0.5108423233032227,2.0,0.7879428863525391,-0.6847739219665527,0.0,-1.0022526979446411,0.04618340730667114,0.0
36.93,6.706118583679199,0.5039964914321899,2.0,0.7779145836830139,-0.6843149662017822,0.0,-1.003633975982666,0.04565301537513733,0.0
36.94,6.713845252990723,0.4971599578857422,2.0,0.7678741216659546,-0.6838608980178833,0.0,-1.0049974918365479,0.045119017362594604,0.0
36.95,6.72147274017334,0.49032318592071533,2.0,0.7578185796737671,-0.6834125518798828,0.0,-1.0063433647155762,0.044582560658454895,0.0
36.96,6.729000091552734,0.48349088430404663,2.0,0.7477496862411499,-0.6829696297645569,0.0,-1.0076717138290405,0.044043123722076416,0.0
36.97,6.736425399780273,0.476667582988739,2.0,0.7376691102981567,-0.6825317144393921,0.0,-1.0089821815490723,0.04350024461746216,0.0
36.980000000000004,6.74375057220459,0.4698440432548523,2.0,0.7275739908218384,-0.6820996403694153,0.0,-1.01027512550354,0.042954981327056885,0.0
36.99,6.750975131988525,0.46302473545074463,2.0,0.7174659967422485,-0.681672990322113,0.0,-1.0115503072738647,0.042406871914863586,0.0
37.0,6.758097171783447,0.4562143087387085,2.0,0.7073469161987305,-0.681251585483551,0.0,-1.0128076076507568,0.041855424642562866,0.0
37.01,6.765118598937988,0.4494035243988037,2.0,0.6972137689590454,-0.6808359026908875,0.0,-1.0140471458435059,0.041301704943180084,0.0
37.02,6.772039413452148,0.44259679317474365,2.0,0.6870684623718262,-0.6804258823394775,0.0,-1.0152689218521118,0.040745265781879425,0.0
37.03,6.778857707977295,0.4357988238334656,2.0,0.6769124269485474,-0.6800211071968079,0.0,-1.0164728164672852,0.0401855930685997,0.0
37.04,6.785574913024902,0.42900019884109497,2.0,0.6667429208755493,-0.6796222925186157,0.0,-1.0176588296890259,0.03962378203868866,0.0
37.050000000000004,6.792191028594971,0.4222055673599243,2.0,0.6565617322921753,-0.6792290210723877,0.0,-1.018826961517334,0.0390593558549881,0.0
37.06,6.798704147338867,0.41541939973831177,2.0,0.6463704109191895,-0.6788411140441895,0.0,-1.01997709274292,0.03849182277917862,0.0
37.07,6.805115699768066,0.4086325168609619,2.0,0.6361661553382874,-0.6784591674804688,0.0,-1.0211094617843628,0.03792226314544678,0.0
37.08,6.811425685882568,0.4018493890762329,2.0,0.6259506940841675,-0.6780830025672913,0.0,-1.0222238302230835,0.037350207567214966,0.0
37.09,6.817632675170898,0.395074725151062,2.0,0.6157256364822388,-0.6777122616767883,0.0,-1.0233200788497925,0.03677515685558319,0.0
37.1,6.823737621307373,0.38829898834228516,2.0,0.6054883003234863,-0.6773474812507629,0.0,-1.0243984460830688,0.0361982136964798,0.0
37.11,6.829740524291992,0.3815269470214844,2.0,0.5952401757240295,-0.6769885420799255,0.0,-1.0254586935043335,0.035618871450424194,0.0
37.12,6.835639953613281,0.37476301193237305,2.0,0.5849831104278564,-0.6766351461410522,0.0,-1.026500940322876,0.035036683082580566,0.0
37.13,6.841438293457031,0.367997944355011,2.0,0.574714183807373,-0.6762878894805908,0.0,-1.0275250673294067,0.03445270657539368,0.0
37.14,6.847133159637451,0.3612363934516907,2.0,0.5644351243972778,-0.6759464144706726,0.0,-1.0285311937332153,0.03386645019054413,0.0
37.15,6.852724075317383,0.35448282957077026,2.0,0.5541476011276245,-0.6756104826927185,0.0,-1.029518961906433,0.03327745944261551,0.0
37.160000000000004,6.858213901519775,0.3477279543876648,2.0,0.5438487529754639,-0.6752808690071106,0.0,-1.0304888486862183,0.03268679231405258,0.0
37.17,6.863600254058838,0.340976357460022,2.0,0.5335403680801392,-0.6749572157859802,0.0,-1.0314404964447021,0.03209398686885834,0.0
37.18,6.868882179260254,0.3342325985431671,2.0,0.5232239961624146,-0.674639105796814,0.0,-1.0323739051818848,0.031498558819293976,0.0
37.19,6.874062538146973,0.32748734951019287,2.0,0.5128968954086304,-0.6743271946907043,0.0,-1.0332893133163452,0.03090158849954605,0.0
37.2,6.879139423370361,0.32074517011642456,2.0,0.5025607347488403,-0.6740213632583618,0.0,-1.0341863632202148,0.030302584171295166,0.0
37.21,6.8841118812561035,0.3140107989311218,2.0,0.49221721291542053,-0.6737211346626282,0.0,-1.0350651741027832,0.029701068997383118,0.0
37.22,6.888981819152832,0.30727455019950867,2.0,0.48186343908309937,-0.673427402973175,0.0,-1.0359257459640503,0.029098153114318848,0.0
37.230000000000004,6.893747806549072,0.30054131150245667,2.0,0.4715012013912201,-0.6731394529342651,0.0,-1.0367680788040161,0.028493307530879974,0.0
37.24,6.898409843444824,0.293815553188324,2.0,0.4611321687698364,-0.6728574633598328,0.0,-1.0375920534133911,0.027886100113391876,0.0
37.25,6.902968406677246,0.287088006734848,2.0,0.45075345039367676,-0.6725817918777466,0.0,-1.0383977890014648,0.027277573943138123,0.0
37.26,6.907423496246338,0.2803630530834198,2.0,0.4403667151927948,-0.6723121404647827,0.0,-1.0391852855682373,0.0266672745347023,0.0
37.27,6.911774158477783,0.2736455202102661,2.0,0.4299738109111786,-0.6720483899116516,0.0,-1.0399543046951294,0.026054710149765015,0.0
37.28,6.916021823883057,0.2669259309768677,2.0,0.4195716977119446,-0.671791136264801,0.0,-1.0407050848007202,0.025440961122512817,0.0
37.29,6.920165061950684,0.2602088153362274,2.0,0.4091622233390808,-0.6715399026870728,0.0,-1.0414375066757202,0.024825558066368103,0.0
37.300000000000004,6.924202919006348,0.253498911857605,2.0,0.398747056722641,-0.6712945699691772,0.0,-1.0421514511108398,0.02420801669359207,0.0
37.31,6.92813777923584,0.2467866837978363,2.0,0.38832324743270874,-0.6710556745529175,0.0,-1.0428471565246582,0.02358943223953247,0.0
37.32,6.931968688964844,0.24007686972618103,2.0,0.3778926134109497,-0.6708229780197144,0.0,-1.0435242652893066,0.022969290614128113,0.0
37.33,6.935694217681885,0.2333739995956421,2.0,0.36745685338974,-0.6705963015556335,0.0,-1.0441830158233643,0.022347137331962585,0.0
37.34,6.939316749572754,0.22666874527931213,2.0,0.3570130169391632,-0.6703760623931885,0.0,-1.044823408126831,0.021724045276641846,0.0
37.35,6.94283390045166,0.21996557712554932,2.0,0.346562922000885,-0.6701620221138,0.0,-1.0454453229904175,0.021099556237459183,0.0
37.36,6.94624662399292,0.21326926350593567,2.0,0.3361082077026367,-0.6699541807174683,0.0,-1.0460487604141235,0.02047315612435341,0.0
37.37,6.949554443359375,0.20657029747962952,2.0,0.3256460130214691,-0.6697525978088379,0.0,-1.0466337203979492,0.019845951348543167,0.0
37.38,6.952758312225342,0.19987329840660095,2.0,0.3151780664920807,-0.6695573925971985,0.0,-1.0472002029418945,0.019217457622289658,0.0
37.39,6.955857276916504,0.19318297505378723,2.0,0.3047061264514923,-0.6693682670593262,0.0,-1.0477482080459595,0.018587186932563782,0.0
37.4,6.958851337432861,0.18648970127105713,2.0,0.2942272126674652,-0.6691856980323792,0.0,-1.0482776165008545,0.01795624941587448,0.0
37.410000000000004,6.961740493774414,0.17979830503463745,2.0,0.28374308347702026,-0.6690093278884888,0.0,-1.0487885475158691,0.017324130982160568,0.0
37.42,6.96452522277832,0.17311334609985352,2.0,0.2732555568218231,-0.668839156627655,0.0,-1.0492810010910034,0.016690365970134735,0.0
37.43,6.967205047607422,0.16642534732818604,2.0,0.26276159286499023,-0.6686755418777466,0.0,-1.0497548580169678,0.016056038439273834,0.0
37.44,6.969779968261719,0.1597389280796051,2.0,0.25226297974586487,-0.6685182452201843,0.0,-1.0502102375030518,0.015420675277709961,0.0
37.45,6.9722490310668945,0.15305878221988678,2.0,0.24176150560379028,-0.6683671474456787,0.0,-1.0506470203399658,0.014783784747123718,0.0
37.46,6.974613666534424,0.146375373005867,2.0,0.23125416040420532,-0.6682224869728088,0.0,-1.0510653257369995,0.014146465808153152,0.0
37.47,6.976873874664307,0.13969336450099945,2.0,0.22074273228645325,-0.6680843234062195,0.0,-1.0514649152755737,0.013508226722478867,0.0
37.480000000000004,6.979028224945068,0.13301746547222137,2.0,0.21022897958755493,-0.6679523587226868,0.0,-1.051845908164978,0.01286858320236206,0.0
37.49,6.981077671051025,0.12633810937404633,2.0,0.1997099220752716,-0.6678269505500793,0.0,-1.052208423614502,0.01222863420844078,0.0
37.5,6.9830217361450195,0.11965997517108917,2.0,0.18918734788894653,-0.6677078604698181,0.0,-1.052552342414856,0.011587891727685928,0.0
37.51,6.984860420227051,0.11298780143260956,2.0,0.17866301536560059,-0.6675952076911926,0.0,-1.0528775453567505,0.010945867747068405,0.0
37.52,6.986594200134277,0.10631188750267029,2.0,0.1681339144706726,-0.6674889326095581,0.0,-1.0531842708587646,0.010303672403097153,0.0
37.53,6.988222599029541,0.09963704645633698,2.0,0.15760186314582825,-0.6673892140388489,0.0,-1.0534722805023193,0.00966080091893673,0.0
37.54,6.98974609375,0.0929679125547409,2.0,0.14706860482692719,-0.6672958731651306,0.0,-1.053741693496704,0.00901678018271923,0.0
37.550000000000004,6.991163730621338,0.08629493415355682,2.0,0.13653114438056946,-0.6672087907791138,0.0,-1.053992509841919,0.008372703567147255,0.0
37.56,6.992475986480713,0.079622782766819,2.0,0.12599129974842072,-0.6671285033226013,0.0,-1.0542246103286743,0.007728084921836853,0.0
37.57,6.993682861328125,0.07295618206262589,2.0,0.11545079946517944,-0.6670543551445007,0.0,-1.0544381141662598,0.007082434371113777,0.0
37.58,6.994784355163574,0.06628551334142685,2.0,0.10490666329860687,-0.6669867038726807,0.0,-1.0546330213546753,0.0064368583261966705,0.0
37.59,6.995780944824219,0.05961548537015915,2.0,0.09436067938804626,-0.6669257283210754,0.0,-1.0548092126846313,0.005790865048766136,0.0
37.6,6.996671676635742,0.05295079946517944,2.0,0.08381461352109909,-0.6668710112571716,0.0,-1.0549668073654175,0.005143968388438225,0.0
37.61,6.997457027435303,0.04628186672925949,2.0,0.07326547801494598,-0.6668228507041931,0.0,-1.0551056861877441,0.004497267305850983,0.0
37.62,6.998136520385742,0.03961338475346565,2.0,0.06271504610776901,-0.6667810678482056,0.0,-1.0552259683609009,0.0038502756506204605,0.0
37.63,6.998710632324219,0.03295005112886429,2.0,0.052165091037750244,-0.6667457818984985,0.0,-1.0553275346755981,0.0032025063410401344,0.0
37.64,6.999179363250732,0.026282276958227158,2.0,0.04161263257265091,-0.6667170524597168,0.0,-1.055410385131836,0.002555058803409338,0.0
37.65,6.999543190002441,0.019614750519394875,2.0,0.03105943277478218,-0.6666947603225708,0.0,-1.0554747581481934,0.0019074464216828346,0.0
37.660000000000004,6.999800682067871,0.012952184304594994,2.0,0.020507272332906723,-0.6666789054870605,0.0,-1.0555202960968018,0.0012591811828315258,0.0
37.67,6.999953269958496,0.006284978240728378,2.0,0.009953159838914871,-0.666669487953186,0.0,-1.0555472373962402,0.0006113636773079634,0.0
37.68,7.0,-0.0003821691498160362,2.0,-0.0006011274526827037,-0.6666666865348816,0.0,-1.0555555820465088,-3.649304562713951e-05,0.0
37.69,6.999940872192383,-0.007044550962746143,2.0,-0.011153815314173698,-0.6666702032089233,0.0,-1.0555450916290283,-0.0006848771590739489,0.0
37.7,6.999776840209961,-0.013711772859096527,2.0,-0.021707894280552864,-0.6666803956031799,0.0,-1.0555161237716675,-0.0013326869811862707,0.0
37.71,6.999506950378418,-0.020379118621349335,2.0,-0.03226158767938614,-0.6666968464851379,0.0,-1.0554683208465576,-0.0019804113544523716,0.0
37.72,6.99913215637207,-0.027041897177696228,2.0,-0.04281312972307205,-0.6667200326919556,0.0,-1.0554020404815674,-0.0026285378262400627,0.0
37.730000000000004,6.998651027679443,-0.03370971977710724,2.0,-0.053365495055913925,-0.6667494177818298,0.0,-1.0553169250488281,-0.003275962546467781,0.0
37.74,6.998064994812012,-0.04037785530090332,2.0,-0.06391692161560059,-0.666785478591919,0.0,-1.055213212966919,-0.003923176787793636,0.0
37.75,6.997372627258301,-0.04704161733388901,2.0,-0.07446562498807907,-0.6668278574943542,0.0,-1.0550907850265503,-0.004570667631924152,0.0
37.76,6.996575355529785,-0.053710609674453735,2.0,-0.08501460403203964,-0.6668768525123596,0.0,-1.0549497604370117,-0.00521733146160841,0.0
37.77,6.995672225952148,-0.060380108654499054,2.0,-0.09556207060813904,-0.666932225227356,0.0,-1.0547900199890137,-0.005863659083843231,0.0
37.78,6.994664669036865,-0.06704545021057129,2.0,-0.10610627382993698,-0.6669941544532776,0.0,-1.0546118021011353,-0.006510134786367416,0.0
37.79,6.993550777435303,-0.0737161934375763,2.0,-0.11665017902851105,-0.6670623421669006,0.0,-1.0544147491455078,-0.007155662402510643,0.0
37.800000000000004,6.992332458496094,-0.0803876519203186,2.0,-0.12719202041625977,-0.6671371459960938,0.0,-1.05419921875,-0.00780072808265686,0.0
37.81,6.9910078048706055,-0.08705514669418335,2.0,-0.13773003220558167,-0.6672184467315674,0.0,-1.0539648532867432,-0.00844581238925457,0.0
37.82,6.989577770233154,-0.09372822940349579,2.0,-0.14826717972755432,-0.6673060655593872,0.0,-1.0537118911743164,-0.009089825674891472,0.0
37.83,6.988042831420898,-0.10040222108364105,2.0,-0.15880173444747925,-0.6674001216888428,0.0,-1.0534404516220093,-0.009733252227306366,0.0
37.84,6.98640251159668,-0.10707241296768188,2.0,-0.1693318784236908,-0.6675007343292236,0.0,-1.0531502962112427,-0.010376572608947754,0.0
37.85,6.984656810760498,-0.11374840140342712,2.0,-0.17986059188842773,-0.6676076650619507,0.0,-1.0528415441513062,-0.011018697172403336,0.0
37.86,6.9828057289123535,-0.12042553722858429,2.0,-0.19038616120815277,-0.6677210330963135,0.0,-1.0525140762329102,-0.011660106480121613,0.0
37.87,6.980849266052246,-0.12709902226924896,2.0,-0.20090675354003906,-0.667840838432312,0.0,-1.0521681308746338,-0.012301288545131683,0.0
37.88,6.978788375854492,-0.13377854228019714,2.0,-0.21142539381980896,-0.6679670214653015,0.0,-1.0518035888671875,-0.012941144406795502,0.0
37.89,6.976621627807617,-0.1404593139886856,2.0,-0.2219402939081192,-0.668099582195282,0.0,-1.0514203310012817,-0.013580162078142166,0.0
37.9,6.9743499755859375,-0.14713671803474426,2.0,-0.23244968056678772,-0.668238639831543,0.0,-1.0510187149047852,-0.014218825846910477,0.0
37.910000000000004,6.971973419189453,-0.15382030606269836,2.0,-0.24295654892921448,-0.6683839559555054,0.0,-1.0505982637405396,-0.014856040477752686,0.0
37.92,6.969491958618164,-0.16050532460212708,2.0,-0.253459095954895,-0.668535590171814,0.0,-1.0501594543457031,-0.015492293983697891,0.0
37.93,6.96690559387207,-0.16718719899654388,2.0,-0.26395562291145325,-0.6686937212944031,0.0,-1.0497019290924072,-0.016128066927194595,0.0
37.94,6.964213848114014,-0.17387539148330688,2.0,-0.27444905042648315,-0.6688581109046936,0.0,-1.049225926399231,-0.016762271523475647,0.0
37.95,6.961417198181152,-0.18056532740592957,2.0,-0.28493762016296387,-0.6690288782119751,0.0,-1.0487313270568848,-0.01739538088440895,0.0
37.96,6.9585161209106445,-0.1872522234916687,2.0,-0.2954195737838745,-0.6692060828208923,0.0,-1.0482183694839478,-0.018027890473604202,0.0
37.97,6.955510139465332,-0.19394561648368835,2.0,-0.30589786171913147,-0.6693893671035767,0.0,-1.0476868152618408,-0.018658705055713654,0.0
37.980000000000004,6.952398777008057,-0.20064088702201843,2.0,-0.31637078523635864,-0.669579029083252,0.0,-1.047136664390564,-0.019288305193185806,0.0
37.99,6.949183464050293,-0.20733338594436646,2.0,-0.326836496591568,-0.6697751879692078,0.0,-1.0465681552886963,-0.01991717889904976,0.0
38.0,6.945863246917725,-0.2140325903892517,2.0,-0.33729803562164307,-0.6699773669242859,0.0,-1.0459810495376587,-0.020544234663248062,0.0
38.01,6.942439079284668,-0.2207338809967041,2.0,-0.3477536141872406,-0.670185923576355,0.0,-1.0453754663467407,-0.021169953048229218,0.0
38.02,6.938909530639648,-0.2274324893951416,2.0,-0.35820144414901733,-0.670400857925415,0.0,-1.044751524925232,-0.021794818341732025,0.0
38.03,6.935275554656982,-0.23413807153701782,2.0,-0.3686445355415344,-0.6706216931343079,0.0,-1.0441089868545532,-0.022417746484279633,0.0
38.04,6.931537628173828,-0.24084588885307312,2.0,-0.379081130027771,-0.6708489060401917,0.0,-1.0434482097625732,-0.02303919941186905,0.0
38.050000000000004,6.9276957511901855,-0.24755120277404785,2.0,-0.3895094096660614,-0.6710824966430664,0.0,-1.042768955230713,-0.023659691214561462,0.0
38.06,6.923748970031738,-0.254263699054718,2.0,-0.3999323844909668,-0.6713220477104187,0.0,-1.0420712232589722,-0.02427811175584793,0.0
38.07,6.919698238372803,-0.2609785795211792,2.0,-0.4103482961654663,-0.6715678572654724,0.0,-1.0413551330566406,-0.02489495277404785,0.0
38.08,6.915543556213379,-0.2676912546157837,2.0,-0.42075541615486145,-0.6718199849128723,0.0,-1.0406206846237183,-0.025510691106319427,0.0
38.09,6.911284923553467,-0.2744111120700836,2.0,-0.43115663528442383,-0.672078013420105,0.0,-1.039867877960205,-0.026124246418476105,0.0
38.1,6.90692138671875,-0.2811336815357208,2.0,-0.44155025482177734,-0.6723421216011047,0.0,-1.0390965938568115,-0.02673608809709549,0.0
38.11,6.9024553298950195,-0.28785422444343567,2.0,-0.4519345164299011,-0.672612726688385,0.0,-1.0383070707321167,-0.027346715331077576,0.0
38.12,6.897884845733643,-0.29458215832710266,2.0,-0.46231234073638916,-0.6728891134262085,0.0,-1.0374993085861206,-0.027955032885074615,0.0
38.13,6.893210411071777,-0.3013128638267517,2.0,-0.47268199920654297,-0.6731715202331543,0.0,-1.0366730690002441,-0.028561517596244812,0.0
38.14,6.88843297958374,-0.3080418109893799,2.0,-0.4830417335033417,-0.6734604239463806,0.0,-1.0358288288116455,-0.02916664630174637,0.0
38.15,6.883551597595215,-0.31477826833724976,2.0,-0.49339449405670166,-0.6737549304962158,0.0,-1.0349661111831665,-0.02976936846971512,0.0
38.160000000000004,6.878566741943359,-0.32151779532432556,2.0,-0.5037385821342468,-0.6740554571151733,0.0,-1.0340851545333862,-0.03037012368440628,0.0
38.17,6.873478889465332,-0.32825562357902527,2.0,-0.5140721797943115,-0.6743621826171875,0.0,-1.0331860780715942,-0.030969418585300446,0.0
38.18,6.868286609649658,-0.3350012004375458,2.0,-0.5243982672691345,-0.6746748089790344,0.0,-1.0322686433792114,-0.03156617283821106,0.0
38.19,6.862992286682129,-0.34174996614456177,2.0,-0.5347150564193726,-0.6749932765960693,0.0,-1.0313332080841064,-0.03216084837913513,0.0
38.2,6.8575944900512695,-0.34849727153778076,2.0,-0.5450208187103271,-0.6753180623054504,0.0,-1.0303794145584106,-0.03275392949581146,0.0
38.21,6.852093696594238,-0.3552525043487549,2.0,-0.5553185939788818,-0.6756483912467957,0.0,-1.0294075012207031,-0.033344343304634094,0.0
38.22,6.846489906311035,-0.3620110750198364,2.0,-0.5656064748764038,-0.6759845614433289,0.0,-1.0284175872802734,-0.03393256664276123,0.0
38.230000000000004,6.840784072875977,-0.3687683939933777,2.0,-0.5758829116821289,-0.6763269901275635,0.0,-1.0274094343185425,-0.03451908379793167,0.0
38.24,6.83497428894043,-0.3755337595939636,2.0,-0.5861507058143616,-0.6766749620437622,0.0,-1.0263831615447998,-0.03510282188653946,0.0
38.25,6.829062461853027,-0.38230282068252563,2.0,-0.5964081287384033,-0.6770287156105042,0.0,-1.025338888168335,-0.03568422049283981,0.0
38.26,6.8230485916137695,-0.3890705704689026,2.0,-0.6066534519195557,-0.6773886680603027,0.0,-1.0242767333984375,-0.036263808608055115,0.0
38.27,6.816931247711182,-0.3958466649055481,2.0,-0.6168896555900574,-0.6777538657188416,0.0,-1.0231962203979492,-0.036840490996837616,0.0
38.28,6.8107123374938965,-0.40262651443481445,2.0,-0.6271148920059204,-0.6781250834465027,0.0,-1.0220978260040283,-0.03741472214460373,0.0
38.29,6.804390907287598,-0.40940535068511963,2.0,-0.6373275518417358,-0.6785022020339966,0.0,-1.0209815502166748,-0.03798702359199524,0.0
38.300000000000004,6.797967433929443,-0.4161926507949829,2.0,-0.6475305557250977,-0.6788846850395203,0.0,-1.0198471546173096,-0.0385563001036644,0.0
38.31,6.791442394256592,-0.42298394441604614,2.0,-0.6577220559120178,-0.6792729496955872,0.0,-1.0186948776245117,-0.039123013615608215,0.0
38.32,6.784816265106201,-0.42977434396743774,2.0,-0.6679004430770874,-0.6796671748161316,0.0,-1.0175248384475708,-0.03968767076730728,0.0
38.33,6.7780866622924805,-0.43657344579696655,2.0,-0.6780685782432556,-0.680066704750061,0.0,-1.0163366794586182,-0.040249183773994446,0.0
38.34,6.771256446838379,-0.44337648153305054,2.0,-0.6882247924804688,-0.6804717779159546,0.0,-1.0151307582855225,-0.04080802947282791,0.0
38.35,6.764325141906738,-0.4501791000366211,2.0,-0.698367178440094,-0.6808828115463257,0.0,-1.0139070749282837,-0.041364677250385284,0.0
38.36,6.757291793823242,-0.4569903612136841,2.0,-0.7084988355636597,-0.6812991499900818,0.0,-1.0126655101776123,-0.0419180765748024,0.0
38.37,6.750157356262207,-0.4638058543205261,2.0,-0.7186180949211121,-0.6817208528518677,0.0,-1.0114060640335083,-0.04246869683265686,0.0
38.38,6.742921829223633,-0.47062093019485474,2.0,-0.7287230491638184,-0.6821483969688416,0.0,-1.0101289749145508,-0.04301699995994568,0.0
38.39,6.7355852127075195,-0.47744500637054443,2.0,-0.7388167381286621,-0.6825811266899109,0.0,-1.0088340044021606,-0.04356195032596588,0.0
38.4,6.728147506713867,-0.48427337408065796,2.0,-0.7488973140716553,-0.6830192804336548,0.0,-1.007521390914917,-0.04410398006439209,0.0
38.410000000000004,6.72061014175415,-0.49110162258148193,2.0,-0.7589631676673889,-0.6834632158279419,0.0,-1.0061912536621094,-0.044643595814704895,0.0
38.42,6.712971210479736,-0.497938871383667,2.0,-0.769017219543457,-0.6839120984077454,0.0,-1.0048432350158691,-0.04517972469329834,0.0
38.43,6.7052321434021,-0.5047807693481445,2.0,-0.7790576219558716,-0.6843664050102234,0.0,-1.0034775733947754,-0.04571281373500824,0.0
38.44,6.697393417358398,-0.5116224884986877,2.0,-0.7890827655792236,-0.6848263144493103,0.0,-1.0020945072174072,-0.04624338448047638,0.0
38.45,6.689453125,-0.5184734463691711,2.0,-0.799095630645752,-0.6852912306785583,0.0,-1.000693678855896,-0.04677034914493561,0.0
38.46,6.681413173675537,-0.5253291130065918,2.0,-0.8090943098068237,-0.6857612729072571,0.0,-0.9992753267288208,-0.04729419946670532,0.0
38.47,6.673274517059326,-0.5321848392486572,2.0,-0.81907719373703,-0.6862370371818542,0.0,-0.9978395700454712,-0.04781538248062134,0.0
38.480000000000004,6.665034770965576,-0.5390500426292419,2.0,-0.8290472030639648,-0.6867176294326782,0.0,-0.9963862299919128,-0.048332855105400085,0.0
38.49,6.656695365905762,-0.5459199547767639,2.0,-0.8390024900436401,-0.6872032284736633,0.0,-0.9949153661727905,-0.048847079277038574,0.0
38.5,6.648257732391357,-0.5527902245521545,2.0,-0.8489415645599365,-0.6876944899559021,0.0,-0.9934272766113281,-0.0493585467338562,0.0
38.51,6.6397199630737305,-0.5596699714660645,2.0,-0.8588671684265137,-0.6881904602050781,0.0,-0.9919216632843018,-0.04986618459224701,0.0
38.52,6.631083011627197,-0.566554844379425,2.0,-0.8687776327133179,-0.6886913776397705,0.0,-0.990398645401001,-0.05037045478820801,0.0
38.53,6.622347831726074,-0.5734399557113647,2.0,-0.8786712288856506,-0.6891977190971375,0.0,-0.9888583421707153,-0.05087186396121979,0.0
38.54,6.613512992858887,-0.5803349614143372,2.0,-0.888550877571106,-0.6897086501121521,0.0,-0.9873007535934448,-0.0513693243265152,0.0
38.550000000000004,6.604578971862793,-0.5872349739074707,2.0,-0.8984149098396301,-0.6902247071266174,0.0,-0.9857257604598999,-0.05186331272125244,0.0
38.56,6.595547676086426,-0.5941355228424072,2.0,-0.9082615375518799,-0.6907459497451782,0.0,-0.9841337203979492,-0.052354320883750916,0.0
38.57,6.586417198181152,-0.601046085357666,2.0,-0.9180936813354492,-0.6912716031074524,0.0,-0.9825242757797241,-0.05284127593040466,0.0
38.58,6.577188491821289,-0.6079617142677307,2.0,-0.9279096722602844,-0.6918022632598877,0.0,-0.9808977246284485,-0.05332463979721069,0.0
38.59,6.567862510681152,-0.6148782968521118,2.0,-0.9377078413963318,-0.6923381090164185,0.0,-0.9792541265487671,-0.0538049191236496,0.0
38.6,6.558438301086426,-0.6218046545982361,2.0,-0.947490930557251,-0.6928783655166626,0.0,-0.9775933027267456,-0.054281026124954224,0.0
38.61,6.548914909362793,-0.6287364363670349,2.0,-0.9572573900222778,-0.6934232711791992,0.0,-0.9759153723716736,-0.054753467440605164,0.0
38.62,6.539296627044678,-0.6356693506240845,2.0,-0.9670054316520691,-0.6939733624458313,0.0,-0.9742205142974854,-0.05522267520427704,0.0
38.63,6.529579162597656,-0.6426121592521667,2.0,-0.9767379760742188,-0.6945276856422424,0.0,-0.9725085496902466,-0.05568762123584747,0.0
38.64,6.519764423370361,-0.6495606899261475,2.0,-0.9864532947540283,-0.695086658000946,0.0,-0.9707796573638916,-0.05614875257015228,0.0
38.65,6.509853839874268,-0.6565101146697998,2.0,-0.9961497187614441,-0.695650577545166,0.0,-0.9690338969230652,-0.05660659074783325,0.0
38.660000000000004,6.499844551086426,-0.6634697318077087,2.0,-1.0058300495147705,-0.6962186098098755,0.0,-0.967271089553833,-0.057060062885284424,0.0
38.67,6.489739418029785,-0.6704351305961609,2.0,-1.0154927968978882,-0.6967912912368774,0.0,-0.9654914140701294,-0.05750960111618042,0.0
38.68,6.479539394378662,-0.6774019002914429,2.0,-1.0251362323760986,-0.6973689198493958,0.0,-0.9636950492858887,-0.05795571208000183,0.0
38.69,6.469241142272949,-0.6843787431716919,2.0,-1.034762978553772,-0.6979503631591797,0.0,-0.9618818163871765,-0.05839735269546509,0.0
38.7,6.458846569061279,-0.6913614869117737,2.0,-1.044371485710144,-0.6985362768173218,0.0,-0.9600517153739929,-0.058834999799728394,0.0
38.71,6.448357582092285,-0.6983457207679749,2.0,-1.0539602041244507,-0.6991270780563354,0.0,-0.9582051038742065,-0.059269070625305176,0.0
38.72,6.437771320343018,-0.7053401470184326,2.0,-1.0635318756103516,-0.6997215747833252,0.0,-0.9563416838645935,-0.059698596596717834,0.0
38.730000000000004,6.427089214324951,-0.7123408317565918,2.0,-1.073084831237793,-0.7003204226493835,0.0,-0.9544615745544434,-0.0601239949464798,0.0
38.74,6.416313648223877,-0.719342827796936,2.0,-1.0826172828674316,-0.7009240388870239,0.0,-0.9525650143623352,-0.06054574251174927,0.0
38.75,6.4054412841796875,-0.7263553142547607,2.0,-1.092132329940796,-0.7015313506126404,0.0,-0.9506516456604004,-0.060962826013565063,0.0
38.76,6.394474029541016,-0.7333739995956421,2.0,-1.101628065109253,-0.7021427154541016,0.0,-0.9487218856811523,-0.06137567758560181,0.0
38.77,6.383413314819336,-0.7403943538665771,2.0,-1.1111030578613281,-0.7027587294578552,0.0,-0.9467757940292358,-0.061784759163856506,0.0
38.78,6.372256278991699,-0.7474253177642822,2.0,-1.1205599308013916,-0.7033783793449402,0.0,-0.9448130130767822,-0.06218908727169037,0.0
38.79,6.361004829406738,-0.754462718963623,2.0,-1.1299970149993896,-0.7040019035339355,0.0,-0.9428337812423706,-0.06258904933929443,0.0
38.800000000000004,6.349660873413086,-0.761501669883728,2.0,-1.1394128799438477,-0.7046301364898682,0.0,-0.9408384561538696,-0.06298519670963287,0.0
38.81,6.338221073150635,-0.768551230430603,2.0,-1.1488101482391357,-0.7052617073059082,0.0,-0.9388265609741211,-0.06337645649909973,0.0
38.82,6.326687335968018,-0.7756074666976929,2.0,-1.1581871509552002,-0.7058970332145691,0.0,-0.9367983341217041,-0.06376327574253082,0.0
38.83,6.315061569213867,-0.782665491104126,2.0,-1.1675424575805664,-0.7065368890762329,0.0,-0.9347541928291321,-0.06414613127708435,0.0
38.84,6.303340911865234,-0.7897342443466187,2.0,-1.1768784523010254,-0.7071799039840698,0.0,-0.9326935410499573,-0.06452403962612152,0.0
38.85,6.291527271270752,-0.7968096733093262,2.0,-1.1861940622329712,-0.7078267335891724,0.0,-0.9306167364120483,-0.06489738821983337,0.0
38.86,6.2796220779418945,-0.803887128829956,2.0,-1.1954872608184814,-0.7084778547286987,0.0,-0.9285240173339844,-0.0652666687965393,0.0
38.87,6.2676215171813965,-0.8109753131866455,2.0,-1.2047607898712158,-0.7091319561004639,0.0,-0.926414966583252,-0.06563089787960052,0.0
38.88,6.255529403686523,-0.8180702924728394,2.0,-1.2140133380889893,-0.7097898125648499,0.0,-0.9242899417877197,-0.06599049270153046,0.0
38.89,6.243346691131592,-0.8251672983169556,2.0,-1.223242998123169,-0.7104518413543701,0.0,-0.922149121761322,-0.0663459300994873,0.0
38.9,6.231069564819336,-0.832275390625,2.0,-1.232452630996704,-0.7111166715621948,0.0,-0.9199921488761902,-0.06669621169567108,0.0
38.910000000000004,6.218700408935547,-0.8393902778625488,2.0,-1.2416406869888306,-0.711785078048706,0.0,-0.9178192019462585,-0.06704172492027283,0.0
38.92,6.206241607666016,-0.8465074300765991,2.0,-1.2508054971694946,-0.712457537651062,0.0,-0.9156306385993958,-0.06738302111625671,0.0
38.93,6.193689346313477,-0.8536356687545776,2.0,-1.2599496841430664,-0.7131326794624329,0.0,-0.9134260416030884,-0.0677189975976944,0.0
38.94,6.1810455322265625,-0.860770583152771,2.0,-1.2690718173980713,-0.7138111591339111,0.0,-0.9112057685852051,-0.06805022060871124,0.0
38.95,6.168313026428223,-0.8679078817367554,2.0,-1.2781702280044556,-0.7144936323165894,0.0,-0.9089698791503906,-0.06837703287601471,0.0
38.96,6.155487060546875,-0.8750563859939575,2.0,-1.287247657775879,-0.7151787281036377,0.0,-0.9067180752754211,-0.06869852542877197,0.0
38.97,6.142570495605469,-0.8822119235992432,2.0,-1.2963025569915771,-0.7158670425415039,0.0,-0.9044506549835205,-0.06901507079601288,0.0
38.980000000000004,6.129566192626953,-0.8893699645996094,2.0,-1.3053330183029175,-0.7165589928627014,0.0,-0.902167797088623,-0.06932716071605682,0.0
38.99,6.116469383239746,-0.8965392112731934,2.0,-1.3143422603607178,-0.7172535061836243,0.0,-0.8998693227767944,-0.06963382661342621,0.0
39.0,6.1032819747924805,-0.9037154912948608,2.0,-1.3233282566070557,-0.7179509401321411,0.0,-0.8975552320480347,-0.06993545591831207,0.0
39.01,6.090007781982422,-0.9108943939208984,2.0,-1.3322898149490356,-0.7186521291732788,0.0,-0.895226001739502,-0.07023255527019501,0.0
39.02,6.07664155960083,-0.9180847406387329,2.0,-1.3412293195724487,-0.719355583190918,0.0,-0.8928810358047485,-0.07052406668663025,0.0
39.03,6.063186168670654,-0.9252818822860718,2.0,-1.3501453399658203,-0.7200619578361511,0.0,-0.8905208110809326,-0.07081054151058197,0.0
39.04,6.049644470214844,-0.9324820041656494,2.0,-1.3590362071990967,-0.7207717299461365,0.0,-0.8881454467773438,-0.07109235227108002,0.0
39.050000000000004,6.036011219024658,-0.9396935701370239,2.0,-1.3679046630859375,-0.7214837670326233,0.0,-0.8857545852661133,-0.0713685005903244,0.0
39.06,6.022289276123047,-0.946912407875061,2.0,-1.3767492771148682,-0.722198486328125,0.0,-0.8833484649658203,-0.07163946330547333,0.0
39.07,6.008481979370117,-0.9541336297988892,2.0,-1.3855681419372559,-0.7229166030883789,0.0,-0.880927562713623,-0.07190574705600739,0.0
39.08,5.9945831298828125,-0.9613667726516724,2.0,-1.394364356994629,-0.7236365079879761,0.0,-0.8784911632537842,-0.07216623425483704,0.0
39.09,5.980597496032715,-0.9686069488525391,2.0,-1.4031360149383545,-0.7243590354919434,0.0,-0.8760397434234619,-0.07242149114608765,0.0
39.1,5.966526508331299,-0.975849986076355,2.0,-1.411881685256958,-0.7250849008560181,0.0,-0.8735736012458801,-0.07267192006111145,0.0
39.11,5.952365398406982,-0.9831047058105469,2.0,-1.4206039905548096,-0.725812554359436,0.0,-0.8710922002792358,-0.07291653752326965,0.0
39.12,5.938117980957031,-0.9903666973114014,2.0,-1.4293015003204346,-0.726542592048645,0.0,-0.8685958981513977,-0.07315576076507568,0.0
39.13,5.923785209655762,-0.9976317882537842,2.0,-1.4379724264144897,-0.7272756099700928,0.0,-0.8660849332809448,-0.07339009642601013,0.0
39.14,5.909364223480225,-1.004908561706543,2.0,-1.4466197490692139,-0.728010356426239,0.0,-0.8635589480400085,-0.07361853122711182,0.0
39.15,5.894855976104736,-1.0121924877166748,2.0,-1.4552416801452637,-0.7287471890449524,0.0,-0.861018180847168,-0.07384151220321655,0.0
39.160000000000004,5.880264759063721,-1.0194796323776245,2.0,-1.463836669921875,-0.7294871807098389,0.0,-0.858462929725647,-0.07405951619148254,0.0
39.17,5.8655853271484375,-1.0267783403396606,2.0,-1.472407579421997,-0.7302284240722656,0.0,-0.8558928370475769,-0.07427152991294861,0.0
39.18,5.850820064544678,-1.034084439277649,2.0,-1.480952501296997,-0.7309717535972595,0.0,-0.8533080816268921,-0.07447800040245056,0.0
39.19,5.835971832275391,-1.0413938760757446,2.0,-1.4894702434539795,-0.7317179441452026,0.0,-0.8507090210914612,-0.07467937469482422,0.0
39.2,5.821036338806152,-1.0487148761749268,2.0,-1.4979634284973145,-0.7324653267860413,0.0,-0.848095178604126,-0.07487472891807556,0.0
39.21,5.806015968322754,-1.0560435056686401,2.0,-1.5064301490783691,-0.7332146763801575,0.0,-0.8454669713973999,-0.07506442070007324,0.0
39.22,5.790914058685303,-1.063375473022461,2.0,-1.514869213104248,-0.7339667081832886,0.0,-0.8428245782852173,-0.07524895668029785,0.0
39.230000000000004,5.775724411010742,-1.0707190036773682,2.0,-1.5232833623886108,-0.7347196340560913,0.0,-0.8401675224304199,-0.07542738318443298,0.0
39.24,5.760451793670654,-1.0780701637268066,2.0,-1.5316708087921143,-0.7354744076728821,0.0,-0.837496280670166,-0.07560008764266968,0.0
39.25,5.7450971603393555,-1.085424780845642,2.0,-1.5400300025939941,-0.7362315654754639,0.0,-0.8348109722137451,-0.07576754689216614,0.0
39.26,5.72965669631958,-1.0927908420562744,2.0,-1.5483636856079102,-0.7369896769523621,0.0,-0.8321112394332886,-0.07592880725860596,0.0
39.27,5.714134216308594,-1.1001648902893066,2.0,-1.5566703081130981,-0.737749457359314,0.0,-0.829397439956665,-0.07608422636985779,0.0
39.28,5.698530197143555,-1.1075421571731567,2.0,-1.564948320388794,-0.7385114431381226,0.0,-0.8266698122024536,-0.076234370470047,0.0
39.29,5.682840824127197,-1.1149308681488037,2.0,-1.5732003450393677,-0.7392740845680237,0.0,-0.8239278197288513,-0.0763782262802124,0.0
39.300000000000004,5.667069435119629,-1.1223275661468506,2.0,-1.5814249515533447,-0.7400381565093994,0.0,-0.8211719393730164,-0.07651621103286743,0.0
39.31,5.651218414306641,-1.1297279596328735,2.0,-1.589620590209961,-0.7408044338226318,0.0,-0.8184024095535278,-0.07664874196052551,0.0
39.32,5.635283470153809,-1.1371400356292725,2.0,-1.5977897644042969,-0.7415710687637329,0.0,-0.8156187534332275,-0.0767749547958374,0.0
39.33,5.619266510009766,-1.1445597410202026,2.0,-1.605931043624878,-0.742339015007019,0.0,-0.8128212690353394,-0.07689520716667175,0.0
39.34,5.603171348571777,-1.1519830226898193,2.0,-1.6140429973602295,-0.7431089878082275,0.0,-0.8100103735923767,-0.07701000571250916,0.0
39.35,5.586992263793945,-1.159417986869812,2.0,-1.6221280097961426,-0.7438792586326599,0.0,-0.8071855306625366,-0.07711833715438843,0.0
39.36,5.570732116699219,-1.1668606996536255,2.0,-1.6301848888397217,-0.7446506023406982,0.0,-0.804347038269043,-0.07722067832946777,0.0
39.37,5.5543951988220215,-1.1743072271347046,2.0,-1.6382118463516235,-0.7454237937927246,0.0,-0.8014952540397644,-0.07731741666793823,0.0
39.38,5.537974834442139,-1.1817653179168701,2.0,-1.6462116241455078,-0.7461969256401062,0.0,-0.798629641532898,-0.07740771770477295,0.0
39.39,5.521474838256836,-1.189231276512146,2.0,-1.6541826725006104,-0.7469710111618042,0.0,-0.795750617980957,-0.07749184966087341,0.0
39.4,5.504897594451904,-1.1967010498046875,2.0,-1.662123441696167,-0.7477467656135559,0.0,-0.7928584814071655,-0.07757040858268738,0.0
39.410000000000004,5.48823881149292,-1.204182505607605,2.0,-1.6700365543365479,-0.7485224008560181,0.0,-0.7899527549743652,-0.07764235138893127,0.0
39.42,5.471501350402832,-1.2116713523864746,2.0,-1.6779206991195679,-0.7492988109588623,0.0,-0.7870336771011353,-0.0777081847190857,0.0
39.43,5.454687118530273,-1.2191647291183472,2.0,-1.6857740879058838,-0.7500766515731812,0.0,-0.7841017246246338,-0.0777682363986969,0.0
39.44,5.43779182434082,-1.226669192314148,2.0,-1.6935995817184448,-0.7508540749549866,0.0,-0.7811563014984131,-0.07782173156738281,0.0
39.45,5.42081880569458,-1.2341817617416382,2.0,-1.7013955116271973,-0.7516321539878845,0.0,-0.7781978249549866,-0.07786893844604492,0.0
39.46,5.403770923614502,-1.241697907447815,2.0,-1.709160327911377,-0.7524115443229675,0.0,-0.7752265930175781,-0.0779103934764862,0.0
39.47,5.3866424560546875,-1.2492262125015259,2.0,-1.7168970108032227,-0.7531903982162476,0.0,-0.7722420692443848,-0.07794511318206787,0.0
39.480000000000004,5.369437217712402,-1.2567620277404785,2.0,-1.7246034145355225,-0.7539695501327515,0.0,-0.7692445516586304,-0.07797357439994812,0.0
39.49,5.352156639099121,-1.2643016576766968,2.0,-1.732278823852539,-0.7547498941421509,0.0,-0.7662345170974731,-0.07799619436264038,0.0
39.5,5.334798336029053,-1.2718533277511597,2.0,-1.7399251461029053,-0.7555294632911682,0.0,-0.7632114887237549,-0.07801195979118347,0.0
39.51,5.317363262176514,-1.2794123888015747,2.0,-1.7475411891937256,-0.7563092112541199,0.0,-0.7601756453514099,-0.07802146673202515,0.0
39.52,5.299854278564453,-1.286975383758545,2.0,-1.7551255226135254,-0.7570899724960327,0.0,-0.7571274042129517,-0.07802501320838928,0.0
39.53,5.282267093658447,-1.2945501804351807,2.0,-1.7626807689666748,-0.7578697204589844,0.0,-0.7540662288665771,-0.07802173495292664,0.0
39.54,5.264604568481445,-1.3021329641342163,2.0,-1.7702052593231201,-0.758649468421936,0.0,-0.7509925365447998,-0.07801204919815063,0.0
39.550000000000004,5.246870040893555,-1.309719443321228,2.0,-1.7776975631713867,-0.7594299912452698,0.0,-0.7479066848754883,-0.07799634337425232,0.0
39.56,5.229058265686035,-1.3173177242279053,2.0,-1.7851603031158447,-0.7602095007896423,0.0,-0.7448080778121948,-0.07797375321388245,0.0
39.57,5.2111711502075195,-1.3249236345291138,2.0,-1.7925920486450195,-0.7609885931015015,0.0,-0.7416970729827881,-0.07794472575187683,0.0
39.58,5.193212985992432,-1.332533597946167,2.0,-1.7999913692474365,-0.7617683410644531,0.0,-0.7385741472244263,-0.07790961861610413,0.0
39.59,5.175178050994873,-1.3401551246643066,2.0,-1.8073606491088867,-0.7625468373298645,0.0,-0.7354385852813721,-0.07786756753921509,0.0
39.6,5.157070159912109,-1.3477846384048462,2.0,-1.8146984577178955,-0.7633248567581177,0.0,-0.7322908639907837,-0.07781898975372314,0.0
39.61,5.138891696929932,-1.3554178476333618,2.0,-1.8220036029815674,-0.7641032338142395,0.0,-0.7291313409805298,-0.07776427268981934,0.0
39.62,5.1206374168396,-1.363062858581543,2.0,-1.8292782306671143,-0.7648802399635315,0.0,-0.7259595394134521,-0.07770255208015442,0.0
39.63,5.1023101806640625,-1.3707154989242554,2.0,-1.8365211486816406,-0.7656562924385071,0.0,-0.7227756977081299,-0.07763424515724182,0.0
39.64,5.083913803100586,-1.3783721923828125,2.0,-1.8437309265136719,-0.7664328217506409,0.0,-0.7195801734924316,-0.07755979895591736,0.0
39.65,5.06544303894043,-1.3860403299331665,2.0,-1.85090970993042,-0.767207682132721,0.0,-0.7163726091384888,-0.07747822999954224,0.0
39.660000000000004,5.046900272369385,-1.3937163352966309,2.0,-1.858056664466858,-0.7679814100265503,0.0,-0.7131531238555908,-0.07739007472991943,0.0
39.67,5.028288841247559,-1.4013962745666504,2.0,-1.8651701211929321,-0.7687554359436035,0.0,-0.7099222540855408,-0.07729563117027283,0.0
39.68,5.009603977203369,-1.4090874195098877,2.0,-1.8722522258758545,-0.7695273756980896,0.0,-0.7066794633865356,-0.07719412446022034,0.0
39.69,4.990848541259766,-1.4167866706848145,2.0,-1.8793021440505981,-0.7702983021736145,0.0,-0.7034250497817993,-0.07708591222763062,0.0
39.7,4.972025394439697,-1.4244896173477173,2.0,-1.8863179683685303,-0.7710691690444946,0.0,-0.7001593708992004,-0.0769713819026947,0.0
39.71,4.953129768371582,-1.4322038888931274,2.0,-1.8933024406433105,-0.7718379497528076,0.0,-0.6968819499015808,-0.07684972882270813,0.0
39.72,4.934164047241211,-1.439926266670227,2.0,-1.9002540111541748,-0.7726052403450012,0.0,-0.6935931444168091,-0.07672128081321716,0.0
39.730000000000004,4.91513204574585,-1.4476523399353027,2.0,-1.9071714878082275,-0.7733723521232605,0.0,-0.6902933120727539,-0.07658651471138,0.0
39.74,4.8960280418396,-1.4553898572921753,2.0,-1.9140572547912598,-0.7741370797157288,0.0,-0.6869818568229675,-0.07644456624984741,0.0
39.75,4.876855373382568,-1.4631351232528687,2.0,-1.9209096431732178,-0.7749003767967224,0.0,-0.6836591958999634,-0.07629573345184326,0.0
39.76,4.857617378234863,-1.470883846282959,2.0,-1.9277275800704956,-0.7756630778312683,0.0,-0.6803257465362549,-0.07614061236381531,0.0
39.77,4.838308334350586,-1.4786442518234253,2.0,-1.9345133304595947,-0.7764231562614441,0.0,-0.6769808530807495,-0.07597818970680237,0.0
39.78,4.818931579589844,-1.4864124059677124,2.0,-1.9412658214569092,-0.7771816849708557,0.0,-0.6736250519752502,-0.07580888271331787,0.0
39.79,4.799490928649902,-1.4941843748092651,2.0,-1.9479832649230957,-0.7779394388198853,0.0,-0.6702585816383362,-0.07563313841819763,0.0
39.800000000000004,4.779979705810547,-1.5019670724868774,2.0,-1.9546682834625244,-0.7786943912506104,0.0,-0.6668809056282043,-0.07545015215873718,0.0
39.81,4.760401725769043,-1.5097578763961792,2.0,-1.9613194465637207,-0.7794474959373474,0.0,-0.6634924411773682,-0.07526025176048279,0.0
39.82,4.7407612800598145,-1.517552375793457,2.0,-1.9679354429244995,-0.7801996469497681,0.0,-0.6600936055183411,-0.07506382465362549,0.0
39.83,4.721051216125488,-1.5253583192825317,2.0,-1.9745185375213623,-0.7809487581253052,0.0,-0.6566836833953857,-0.07486006617546082,0.0
39.84,4.70127534866333,-1.5331710577011108,2.0,-1.9810676574707031,-0.7816958427429199,0.0,-0.65326327085495,-0.0746493935585022,0.0
39.85,4.6814374923706055,-1.5409883260726929,2.0,-1.9875812530517578,-0.7824418544769287,0.0,-0.6498326063156128,-0.0744321346282959,0.0
39.86,4.661531448364258,-1.5488163232803345,2.0,-1.9940617084503174,-0.7831845283508301,0.0,-0.6463911533355713,-0.07420754432678223,0.0
39.87,4.641561031341553,-1.5566514730453491,2.0,-2.0005075931549072,-0.78392493724823,0.0,-0.6429393291473389,-0.07397598028182983,0.0
39.88,4.621529579162598,-1.5644909143447876,2.0,-2.006917953491211,-0.7846642732620239,0.0,-0.639477550983429,-0.07373782992362976,0.0
39.89,4.601430416107178,-1.5723412036895752,2.0,-2.0132946968078613,-0.785399854183197,0.0,-0.636005163192749,-0.07349222898483276,0.0
39.9,4.581268310546875,-1.5801986455917358,2.0,-2.019636631011963,-0.7861330509185791,0.0,-0.6325225234031677,-0.07323965430259705,0.0
39.910000000000004,4.5610456466674805,-1.588059902191162,2.0,-2.025942325592041,-0.7868647575378418,0.0,-0.6290302276611328,-0.07298040390014648,0.0
39.92,4.540757179260254,-1.595932126045227,2.0,-2.032214641571045,-0.7875927090644836,0.0,-0.6255274415016174,-0.07271373271942139,0.0
39.93,4.520406246185303,-1.6038116216659546,2.0,-2.038451671600342,-0.7883180975914001,0.0,-0.6220147609710693,-0.07244002819061279,0.0
39.94,4.499996662139893,-1.611694574356079,2.0,-2.0446524620056152,-0.7890417575836182,0.0,-0.6184924840927124,-0.07215961813926697,0.0
39.95,4.47952127456665,-1.6195883750915527,2.0,-2.050818920135498,-0.7897613048553467,0.0,-0.6149600148200989,-0.0718717873096466,0.0
39.96,4.458984851837158,-1.627489447593689,2.0,-2.056950330734253,-0.7904780507087708,0.0,-0.6114177703857422,-0.07157677412033081,0.0
39.97,4.438390254974365,-1.6353943347930908,2.0,-2.063045024871826,-0.791192889213562,0.0,-0.6078662872314453,-0.07127508521080017,0.0
39.980000000000004,4.417732238769531,-1.643309473991394,2.0,-2.0691051483154297,-0.7919036746025085,0.0,-0.6043047308921814,-0.07096591591835022,0.0
39.99,4.397013187408447,-1.6512318849563599,2.0,-2.075129747390747,-0.7926112413406372,0.0,-0.6007336378097534,-0.07064962387084961,0.0
40.0,4.376237392425537,-1.6591579914093018,2.0,-2.0811173915863037,-0.7933167219161987,0.0,-0.5971534848213196,-0.07032656669616699,0.0
40.01,4.355399131774902,-1.6670944690704346,2.0,-2.0870704650878906,-0.7940179109573364,0.0,-0.5935635566711426,-0.06999596953392029,0.0
40.02,4.334501266479492,-1.6750377416610718,2.0,-2.092987298965454,-0.7947157621383667,0.0,-0.5899642705917358,-0.06965824961662292,0.0
40.03,4.313547611236572,-1.6829848289489746,2.0,-2.098867416381836,-0.795411229133606,0.0,-0.5863561034202576,-0.06931373476982117,0.0
40.04,4.292531967163086,-1.6909422874450684,2.0,-2.1047120094299316,-0.7961021065711975,0.0,-0.5827383399009705,-0.06896165013313293,0.0
40.050000000000004,4.271458148956299,-1.698906660079956,2.0,-2.110520839691162,-0.7967894077301025,0.0,-0.5791114568710327,-0.06860235333442688,0.0
40.06,4.250329971313477,-1.706874132156372,2.0,-2.1162919998168945,-0.7974742650985718,0.0,-0.5754759311676025,-0.06823629140853882,0.0
40.07,4.229140758514404,-1.7148523330688477,2.0,-2.12202787399292,-0.7981542348861694,0.0,-0.5718311071395874,-0.0678626000881195,0.0
40.08,4.207894325256348,-1.7228370904922485,2.0,-2.127727508544922,-0.7988305687904358,0.0,-0.568177342414856,-0.06748172640800476,0.0
40.09,4.186594486236572,-1.7308251857757568,2.0,-2.1333892345428467,-0.7995041012763977,0.0,-0.5645151138305664,-0.06709399819374084,0.0
40.1,4.1652350425720215,-1.738823413848877,2.0,-2.1390154361724854,-0.8001725077629089,0.0,-0.5608437657356262,-0.06669867038726807,0.0
40.11,4.143819332122803,-1.746828317642212,2.0,-2.1446049213409424,-0.800836980342865,0.0,-0.5571637153625488,-0.06629610061645508,0.0
40.12,4.122351169586182,-1.7548362016677856,2.0,-2.1501564979553223,-0.8014985918998718,0.0,-0.5534754991531372,-0.06588667631149292,0.0
40.13,4.10082483291626,-1.7628540992736816,2.0,-2.155672073364258,-0.8021548986434937,0.0,-0.5497783422470093,-0.0654696524143219,0.0
40.14,4.079243183135986,-1.770878791809082,2.0,-2.1611509323120117,-0.8028069734573364,0.0,-0.5460727214813232,-0.0650453269481659,0.0
40.15,4.057610034942627,-1.7789063453674316,2.0,-2.1665914058685303,-0.8034559488296509,0.0,-0.5423590540885925,-0.06461414694786072,0.0
40.160000000000004,4.035919666290283,-1.786944031715393,2.0,-2.1719958782196045,-0.8040993213653564,0.0,-0.5386366844177246,-0.06417527794837952,0.0
40.17,4.0141754150390625,-1.7949879169464111,2.0,-2.1773629188537598,-0.8047383427619934,0.0,-0.5349061489105225,-0.0637291669845581,0.0
40.18,3.9923808574676514,-1.803035020828247,2.0,-2.182691812515259,-0.8053741455078125,0.0,-0.5311678051948547,-0.06327611207962036,0.0
40.19,3.9705302715301514,-1.8110920190811157,2.0,-2.1879842281341553,-0.8060040473937988,0.0,-0.5274209976196289,-0.06281536817550659,0.0
40.2,3.9486262798309326,-1.8191543817520142,2.0,-2.193239212036133,-0.8066294193267822,0.0,-0.5236661434173584,-0.06234744191169739,0.0
40.21,3.9266743659973145,-1.8272205591201782,2.0,-2.198455572128296,-0.8072511553764343,0.0,-0.519903838634491,-0.06187248229980469,0.0
40.22,3.904665946960449,-1.835295557975769,2.0,-2.2036349773406982,-0.8078669309616089,0.0,-0.516133189201355,-0.06138989329338074,0.0
40.230000000000004,3.8826065063476562,-1.8433773517608643,2.0,-2.2087769508361816,-0.8084779977798462,0.0,-0.5123547911643982,-0.060899943113327026,0.0
40.24,3.860499382019043,-1.8514617681503296,2.0,-2.2138800621032715,-0.8090851306915283,0.0,-0.5085690021514893,-0.06040304899215698,0.0
40.25,3.8383378982543945,-1.8595550060272217,2.0,-2.2189464569091797,-0.8096861839294434,0.0,-0.5047752857208252,-0.05989852547645569,0.0
40.26,3.8161253929138184,-1.867654800415039,2.0,-2.2239747047424316,-0.8102820515632629,0.0,-0.5009738802909851,-0.059386640787124634,0.0
40.27,3.7938666343688965,-1.8757569789886475,2.0,-2.228963851928711,-0.8108741044998169,0.0,-0.4971654415130615,-0.05886778235435486,0.0
40.28,3.771554946899414,-1.8838682174682617,2.0,-2.2339158058166504,-0.8114596605300903,0.0,-0.49334922432899475,-0.05834123492240906,0.0
40.29,3.7491939067840576,-1.8919854164123535,2.0,-2.2388296127319336,-0.812039852142334,0.0,-0.4895256757736206,-0.057807356119155884,0.0
40.300000000000004,3.7267873287200928,-1.9001054763793945,2.0,-2.243704319000244,-0.8126159906387329,0.0,-0.4856952428817749,-0.0572664737701416,0.0
40.31,3.7043285369873047,-1.9082340002059937,2.0,-2.2485415935516357,-0.8131853342056274,0.0,-0.48185718059539795,-0.05671793222427368,0.0
40.32,3.681821584701538,-1.9163686037063599,2.0,-2.253340482711792,-0.8137493133544922,0.0,-0.4780120849609375,-0.056161969900131226,0.0
40.33,3.659271001815796,-1.9245052337646484,2.0,-2.2581000328063965,-0.8143089413642883,0.0,-0.4741603136062622,-0.055599093437194824,0.0
40.34,3.6366686820983887,-1.9326508045196533,2.0,-2.262821674346924,-0.814861536026001,0.0,-0.47030118107795715,-0.05502846837043762,0.0
40.35,3.6140193939208984,-1.940801739692688,2.0,-2.267504930496216,-0.8154084086418152,0.0,-0.46643519401550293,-0.054450541734695435,0.0
40.36,3.591327428817749,-1.9489552974700928,2.0,-2.272148609161377,-0.8159507513046265,0.0,-0.46256279945373535,-0.053865522146224976,0.0
40.37,3.5685856342315674,-1.957116961479187,2.0,-2.276754379272461,-0.8164858818054199,0.0,-0.4586832523345947,-0.05327287316322327,0.0
40.38,3.54579758644104,-1.9652842283248901,2.0,-2.2813212871551514,-0.8170151114463806,0.0,-0.45479708909988403,-0.05267283320426941,0.0
40.39,3.522968053817749,-1.973453402519226,2.0,-2.285848379135132,-0.8175395727157593,0.0,-0.4509047567844391,-0.05206581950187683,0.0
40.4,3.5000898838043213,-1.9816312789916992,2.0,-2.290337562561035,-0.8180567026138306,0.0,-0.4470055401325226,-0.051451027393341064,0.0
40.410000000000004,3.4771666526794434,-1.9898138046264648,2.0,-2.294787645339966,-0.8185676336288452,0.0,-0.44309988617897034,-0.0508289635181427,0.0
40.42,3.4542031288146973,-1.997998833656311,2.0,-2.2991976737976074,-0.8190735578536987,0.0,-0.43918830156326294,-0.050199806690216064,0.0
40.43,3.43119215965271,-2.0061917304992676,2.0,-2.3035695552825928,-0.8195717930793762,0.0,-0.4352700114250183,-0.0495629608631134,0.0
40.44,3.408137083053589,-2.0143895149230957,2.0,-2.3079023361206055,-0.8200637102127075,0.0,-0.4313455820083618,-0.04891878366470337,0.0
40.45,3.385042905807495,-2.0225892066955566,2.0,-2.31219482421875,-0.8205504417419434,0.0,-0.4274154305458069,-0.04826754331588745,0.0
40.46,3.3619022369384766,-2.030796527862549,2.0,-2.316448926925659,-0.8210293054580688,0.0,-0.4234788417816162,-0.04760867357254028,0.0
40.47,3.338719367980957,-2.0390090942382812,2.0,-2.3206634521484375,-0.8215014934539795,0.0,-0.419536292552948,-0.04694238305091858,0.0
40.480000000000004,3.315497875213623,-2.0472230911254883,2.0,-2.3248376846313477,-0.8219683170318604,0.0,-0.41558828949928284,-0.04626908898353577,0.0
40.49,3.292231798171997,-2.0554447174072266,2.0,-2.3289735317230225,-0.8224271535873413,0.0,-0.41163408756256104,-0.045588135719299316,0.0
40.5,3.2689242362976074,-2.0636706352233887,2.0,-2.3330698013305664,-0.8228791356086731,0.0,-0.4076741933822632,-0.04489979147911072,0.0
40.51,3.245579481124878,-2.0718984603881836,2.0,-2.337125301361084,-0.8233253955841064,0.0,-0.4037090539932251,-0.0442044734954834,0.0
40.52,3.2221908569335938,-2.0801334381103516,2.0,-2.341142177581787,-0.8237634301185608,0.0,-0.3997379243373871,-0.043501466512680054,0.0
40.53,3.1987621784210205,-2.0883731842041016,2.0,-2.3451194763183594,-0.8241944313049316,0.0,-0.39576131105422974,-0.04279103875160217,0.0
40.54,3.175297737121582,-2.096613645553589,2.0,-2.349055767059326,-0.8246195912361145,0.0,-0.39177972078323364,-0.04207366704940796,0.0
40.550000000000004,3.1517906188964844,-2.104861259460449,2.0,-2.3529531955718994,-0.8250361680984497,0.0,-0.3877924084663391,-0.04134863615036011,0.0
40.56,3.128244400024414,-2.1131134033203125,2.0,-2.356811046600342,-0.8254454731941223,0.0,-0.38379979133605957,-0.040616244077682495,0.0
40.57,3.104663610458374,-2.121366500854492,2.0,-2.3606276512145996,-0.8258488178253174,0.0,-0.37980249524116516,-0.03987681865692139,0.0
40.58,3.081040859222412,-2.1296262741088867,2.0,-2.364405393600464,-0.8262433409690857,0.0,-0.37579962611198425,-0.039129793643951416,0.0
40.59,3.0573809146881104,-2.137890577316284,2.0,-2.368143081665039,-0.8266303539276123,0.0,-0.3717917501926422,-0.038375407457351685,0.0
40.6,3.0336875915527344,-2.146155834197998,2.0,-2.371839761734009,-0.8270110487937927,0.0,-0.367779403924942,-0.03761398792266846,0.0
40.61,3.009953260421753,-2.1544270515441895,2.0,-2.3754971027374268,-0.8273828625679016,0.0,-0.3637617528438568,-0.036844998598098755,0.0
40.62,2.986182928085327,-2.1627020835876465,2.0,-2.3791141510009766,-0.8277469277381897,0.0,-0.35973936319351196,-0.03606864809989929,0.0
40.63,2.9623804092407227,-2.17097806930542,2.0,-2.3826904296875,-0.828104555606842,0.0,-0.3557126522064209,-0.03528532385826111,0.0
40.64,2.9385385513305664,-2.17926025390625,2.0,-2.3862268924713135,-0.8284529447555542,0.0,-0.3516809642314911,-0.03449440002441406,0.0
40.65,2.9146616458892822,-2.1875462532043457,2.0,-2.389723300933838,-0.828793466091156,0.0,-0.3476446866989136,-0.03369617462158203,0.0
40.660000000000004,2.890753746032715,-2.1958327293395996,2.0,-2.3931784629821777,-0.8291271924972534,0.0,-0.3436044156551361,-0.032890915870666504,0.0
40.67,2.866807460784912,-2.20412540435791,2.0,-2.3965940475463867,-0.8294515609741211,0.0,-0.3395593464374542,-0.03207811713218689,0.0
40.68,2.842827558517456,-2.2124204635620117,2.0,-2.3999691009521484,-0.8297677636146545,0.0,-0.3355099558830261,-0.03125801682472229,0.0
40.69,2.818817615509033,-2.220716953277588,2.0,-2.4033026695251465,-0.830077052116394,0.0,-0.3314567506313324,-0.03043094277381897,0.0
40.7,2.7947709560394287,-2.229018211364746,2.0,-2.4065966606140137,-0.8303766846656799,0.0,-0.32739901542663574,-0.02959635853767395,0.0
40.71,2.770691156387329,-2.23732328414917,2.0,-2.4098501205444336,-0.8306679129600525,0.0,-0.32333722710609436,-0.028754472732543945,0.0
40.72,2.7465832233428955,-2.2456283569335938,2.0,-2.41306209564209,-0.8309521079063416,0.0,-0.31927189230918884,-0.027905642986297607,0.0
40.730000000000004,2.7224392890930176,-2.253938674926758,2.0,-2.416234254837036,-0.8312263488769531,0.0,-0.31520217657089233,-0.027049243450164795,0.0
40.74,2.6982641220092773,-2.262251377105713,2.0,-2.419365644454956,-0.8314920663833618,0.0,-0.311128705739975,-0.02618563175201416,0.0
40.75,2.6740617752075195,-2.2705650329589844,2.0,-2.422455310821533,-0.8317503929138184,0.0,-0.3070518970489502,-0.025315076112747192,0.0
40.76,2.649824619293213,-2.2788827419281006,2.0,-2.4255051612854004,-0.8319987058639526,0.0,-0.3029710054397583,-0.024437040090560913,0.0
40.77,2.6255574226379395,-2.287203788757324,2.0,-2.4285144805908203,-0.8322381973266602,0.0,-0.29888656735420227,-0.023551762104034424,0.0
40.78,2.601264238357544,-2.2955241203308105,2.0,-2.4314818382263184,-0.8324701189994812,0.0,-0.29479900002479553,-0.022659599781036377,0.0
40.79,2.576937437057495,-2.303849220275879,2.0,-2.4344091415405273,-0.8326916694641113,0.0,-0.29070764780044556,-0.02175995707511902,0.0
40.800000000000004,2.552581310272217,-2.3121769428253174,2.0,-2.437295436859131,-0.8329042792320251,0.0,-0.286612868309021,-0.02085307240486145,0.0
40.81,2.528201103210449,-2.3205037117004395,2.0,-2.4401402473449707,-0.8331091403961182,0.0,-0.28251534700393677,-0.0199393630027771,0.0
40.82,2.503788471221924,-2.3288350105285645,2.0,-2.4429445266723633,-0.8333035111427307,0.0,-0.27841416001319885,-0.019018203020095825,0.0
40.83,2.4793477058410645,-2.3371684551239014,2.0,-2.4457077980041504,-0.8334884643554688,0.0,-0.274309903383255,-0.018089860677719116,0.0
40.84,2.4548838138580322,-2.345501661300659,2.0,-2.448429584503174,-0.8336656093597412,0.0,-0.2702030837535858,-0.017154663801193237,0.0
40.85,2.430388927459717,-2.3538384437561035,2.0,-2.45111083984375,-0.8338319659233093,0.0,-0.26609286665916443,-0.016212046146392822,0.0
40.86,2.405867338180542,-2.3621768951416016,2.0,-2.4537510871887207,-0.8339889049530029,0.0,-0.26197975873947144,-0.015262365341186523,0.0
40.87,2.3813235759735107,-2.370514392852783,2.0,-2.4563493728637695,-0.8341376185417175,0.0,-0.2578643560409546,-0.01430577039718628,0.0
40.88,2.356750011444092,-2.3788557052612305,2.0,-2.458907127380371,-0.8342753648757935,0.0,-0.25374579429626465,-0.01334187388420105,0.0
40.89,2.332151174545288,-2.3871984481811523,2.0,-2.461423873901367,-0.8344034552574158,0.0,-0.24962462484836578,-0.012370884418487549,0.0
40.9,2.3075315952301025,-2.395540237426758,2.0,-2.4638986587524414,-0.8345232009887695,0.0,-0.24550139904022217,-0.01139301061630249,0.0
40.910000000000004,2.2828829288482666,-2.40388560295105,2.0,-2.4663329124450684,-0.8346317410469055,0.0,-0.24137523770332336,-0.010407894849777222,0.0
40.92,2.2582106590270996,-2.412231922149658,2.0,-2.4687256813049316,-0.8347303867340088,0.0,-0.23724672198295593,-0.009415656328201294,0.0
40.93,2.233518362045288,-2.420576333999634,2.0,-2.471076726913452,-0.8348205089569092,0.0,-0.23311632871627808,-0.008416682481765747,0.0
40.94,2.20879864692688,-2.428924560546875,2.0,-2.4733870029449463,-0.8348991274833679,0.0,-0.22898328304290771,-0.007410377264022827,0.0
40.95,2.184056282043457,-2.4372730255126953,2.0,-2.475656032562256,-0.8349676728248596,0.0,-0.22484812140464783,-0.006397157907485962,0.0
40.96,2.1592955589294434,-2.445620059967041,2.0,-2.4778831005096436,-0.8350275158882141,0.0,-0.2207113653421402,-0.005377084016799927,0.0
40.97,2.1345086097717285,-2.453970193862915,2.0,-2.480069398880005,-0.8350756764411926,0.0,-0.2165721356868744,-0.004349827766418457,0.0
40.980000000000004,2.1096999645233154,-2.46232008934021,2.0,-2.4822139739990234,-0.835113525390625,0.0,-0.21243107318878174,-0.0033156275749206543,0.0
40.99,2.084874153137207,-2.4706687927246094,2.0,-2.4843170642852783,-0.8351423740386963,0.0,-0.20828863978385925,-0.0022746622562408447,0.0
41.0,2.060023307800293,-2.4790196418762207,2.0,-2.4863789081573486,-0.835159420967102,0.0,-0.20414400100708008,-0.0012265443801879883,0.0
41.01,2.0351521968841553,-2.487370491027832,2.0,-2.4883995056152344,-0.8351659774780273,0.0,-0.1999977082014084,-0.00017148256301879883,0.0
41.02,2.010265350341797,-2.4957196712493896,2.0,-2.4903781414031982,-0.8351633548736572,0.0,-0.19585034251213074,0.0008902549743652344,0.0
41.03,1.9853545427322388,-2.504070520401001,2.0,-2.4923157691955566,-0.8351485729217529,0.0,-0.1917009949684143,0.0019591152667999268,0.0
41.04,1.9604244232177734,-2.512421131134033,2.0,-2.4942119121551514,-0.8351231813430786,0.0,-0.18755023181438446,0.0030348598957061768,0.0
41.050000000000004,1.9354802370071411,-2.5207695960998535,2.0,-2.496065855026245,-0.8350883722305298,0.0,-0.18339864909648895,0.004117250442504883,0.0
41.06,1.910513162612915,-2.5291192531585693,2.0,-2.4978790283203125,-0.8350412845611572,0.0,-0.17924532294273376,0.005206704139709473,0.0
41.07,1.885528326034546,-2.537468433380127,2.0,-2.499650478363037,-0.8349832892417908,0.0,-0.17509084939956665,0.006303012371063232,0.0
41.08,1.860530138015747,-2.5458154678344727,2.0,-2.50137996673584,-0.8349157571792603,0.0,-0.1709357500076294,0.007405906915664673,0.0
41.09,1.8355106115341187,-2.5541629791259766,2.0,-2.503068447113037,-0.8348356485366821,0.0,-0.16677919030189514,0.008515805006027222,0.0
41.1,1.8104745149612427,-2.5625109672546387,2.0,-2.5047154426574707,-0.8347445130348206,0.0,-0.16262167692184448,0.00963255763053894,0.0
41.11,1.785426378250122,-2.570855140686035,2.0,-2.5063202381134033,-0.834643542766571,0.0,-0.15846382081508636,0.010755836963653564,0.0
41.12,1.7603579759597778,-2.57919979095459,2.0,-2.5078840255737305,-0.8345298171043396,0.0,-0.15430471301078796,0.011886000633239746,0.0
41.13,1.735274314880371,-2.5875437259674072,2.0,-2.509406089782715,-0.8344048857688904,0.0,-0.15014493465423584,0.013022959232330322,0.0
41.14,1.7101800441741943,-2.5958847999572754,2.0,-2.5108861923217773,-0.8342698812484741,0.0,-0.14598502218723297,0.014166384935379028,0.0
41.15,1.6850664615631104,-2.6042258739471436,2.0,-2.5123252868652344,-0.8341220021247864,0.0,-0.14182409644126892,0.015316784381866455,0.0
41.160000000000004,1.659939169883728,-2.612565279006958,2.0,-2.5137226581573486,-0.833962619304657,0.0,-0.13766276836395264,0.016473829746246338,0.0
41.17,1.634802222251892,-2.620901584625244,2.0,-2.515077829360962,-0.833793044090271,0.0,-0.13350152969360352,0.017637312412261963,0.0
41.18,1.6096476316452026,-2.6292381286621094,2.0,-2.5163919925689697,-0.8336104154586792,0.0,-0.1293395459651947,0.018807679414749146,0.0
41.19,1.5844800472259521,-2.6375720500946045,2.0,-2.5176644325256348,-0.8334159255027771,0.0,-0.12517735362052917,0.01998460292816162,0.0
41.2,1.5593043565750122,-2.645902395248413,2.0,-2.518894672393799,-0.8332112431526184,0.0,-0.1210155263543129,0.021167993545532227,0.0
41.21,1.5341123342514038,-2.654232978820801,2.0,-2.5200841426849365,-0.8329931497573853,0.0,-0.11685319989919662,0.02235814929008484,0.0
41.22,1.5089082717895508,-2.6625609397888184,2.0,-2.5212318897247314,-0.832763135433197,0.0,-0.11269088089466095,0.023554861545562744,0.0
41.230000000000004,1.483697533607483,-2.670884609222412,2.0,-2.5223374366760254,-0.8325225710868835,0.0,-0.10852917283773422,0.02475789189338684,0.0
41.24,1.458471655845642,-2.6792080402374268,2.0,-2.523401975631714,-0.8322685360908508,0.0,-0.10436718910932541,0.025967717170715332,0.0
41.25,1.4332352876663208,-2.687528610229492,2.0,-2.5244250297546387,-0.8320022821426392,0.0,-0.10020548850297928,0.027183949947357178,0.0
41.26,1.4079933166503906,-2.6958446502685547,2.0,-2.5254054069519043,-0.8317254185676575,0.0,-0.09604466706514359,0.028406500816345215,0.0
41.27,1.3827372789382935,-2.7041594982147217,2.0,-2.5263452529907227,-0.8314347863197327,0.0,-0.09188375622034073,0.029635727405548096,0.0
41.28,1.3574721813201904,-2.7124719619750977,2.0,-2.5272433757781982,-0.8311318159103394,0.0,-0.08772338926792145,0.030871450901031494,0.0
41.29,1.332202434539795,-2.720778703689575,2.0,-2.528099298477173,-0.8308178782463074,0.0,-0.08356409519910812,0.03211331367492676,0.0
41.300000000000004,1.306920051574707,-2.7290844917297363,2.0,-2.528913974761963,-0.8304901123046875,0.0,-0.07940500974655151,0.0333617627620697,0.0
41.31,1.2816299200057983,-2.73738694190979,2.0,-2.5296874046325684,-0.83014976978302,0.0,-0.07524669915437698,0.03461658954620361,0.0
41.32,1.2563364505767822,-2.7456846237182617,2.0,-2.530418634414673,-0.8297983407974243,0.0,-0.07108969241380692,0.035877615213394165,0.0
41.33,1.2310316562652588,-2.753979444503784,2.0,-2.531108856201172,-0.8294328451156616,0.0,-0.06693314015865326,0.037145137786865234,0.0
41.34,1.2057199478149414,-2.7622714042663574,2.0,-2.531757354736328,-0.829054594039917,0.0,-0.0627775639295578,0.038418978452682495,0.0
41.35,1.1804065704345703,-2.770557403564453,2.0,-2.5323638916015625,-0.828665018081665,0.0,-0.05862358212471008,0.03969892859458923,0.0
41.36,1.1550827026367188,-2.778841495513916,2.0,-2.5329296588897705,-0.828261137008667,0.0,-0.05447027087211609,0.04098525643348694,0.0
41.37,1.129753589630127,-2.7871205806732178,2.0,-2.5334534645080566,-0.8278444409370422,0.0,-0.050318196415901184,0.04227787256240845,0.0
41.38,1.1044237613677979,-2.7953944206237793,2.0,-2.533935546875,-0.8274163007736206,0.0,-0.04616793990135193,0.04357650876045227,0.0
41.39,1.0790849924087524,-2.80366587638855,2.0,-2.534376621246338,-0.826973557472229,0.0,-0.042018577456474304,0.04488152265548706,0.0
41.4,1.0537420511245728,-2.811931848526001,2.0,-2.534776210784912,-0.8265177607536316,0.0,-0.037870705127716064,0.046192705631256104,0.0
41.410000000000004,1.0283997058868408,-2.820192813873291,2.0,-2.5351338386535645,-0.8260502815246582,0.0,-0.033724889159202576,0.047509849071502686,0.0
41.42,1.003049373626709,-2.8284502029418945,2.0,-2.5354504585266113,-0.8255681991577148,0.0,-0.02958020567893982,0.04883331060409546,0.0
41.43,0.9776963591575623,-2.836702346801758,2.0,-2.5357255935668945,-0.8250728845596313,0.0,-0.025437265634536743,0.05016279220581055,0.0
41.44,0.9523451924324036,-2.8449478149414062,2.0,-2.535958766937256,-0.8245656490325928,0.0,-0.021296590566635132,0.051498234272003174,0.0
41.45,0.92698734998703,-2.8531904220581055,2.0,-2.53615140914917,-0.8240435123443604,0.0,-0.01715730130672455,0.052839845418930054,0.0
41.46,0.901627779006958,-2.861426830291748,2.0,-2.536302328109741,-0.8235079646110535,0.0,-0.013019964098930359,0.054187506437301636,0.0
41.47,0.8762714862823486,-2.869657039642334,2.0,-2.5364115238189697,-0.8229604363441467,0.0,-0.008885174989700317,0.05554094910621643,0.0
41.480000000000004,0.8509096503257751,-2.8778834342956543,2.0,-2.536479949951172,-0.8223978281021118,0.0,-0.004751980304718018,0.056900590658187866,0.0
41.49,0.8255475163459778,-2.8861031532287598,2.0,-2.5365068912506104,-0.8218215703964233,0.0,-0.0006209909915924072,0.05826607346534729,0.0
41.5,0.800189733505249,-2.8943161964416504,2.0,-2.536491870880127,-0.8212332129478455,0.0,0.0035072416067123413,0.059637367725372314,0.0
41.51,0.7748278975486755,-2.90252423286438,2.0,-2.5364365577697754,-0.8206295371055603,0.0,0.007633596658706665,0.06101471185684204,0.0
41.52,0.7494666576385498,-2.910727024078369,2.0,-2.53633975982666,-0.820012092590332,0.0,0.01175755262374878,0.06239786744117737,0.0
41.53,0.7241110801696777,-2.91892147064209,2.0,-2.536201238632202,-0.8193822503089905,0.0,0.01587851345539093,0.06378671526908875,0.0
41.54,0.6987528204917908,-2.9271111488342285,2.0,-2.536022186279297,-0.8187370300292969,0.0,0.019997358322143555,0.06518152356147766,0.0
41.550000000000004,0.6733963489532471,-2.9352943897247314,2.0,-2.535801887512207,-0.818077802658081,0.0,0.024113565683364868,0.06658214330673218,0.0
41.56,0.6480468511581421,-2.943469762802124,2.0,-2.5355396270751953,-0.8174061179161072,0.0,0.028226539492607117,0.0679883360862732,0.0
41.57,0.6226956248283386,-2.951639175415039,2.0,-2.5352370738983154,-0.8167187571525574,0.0,0.032337188720703125,0.06940039992332458,0.0
41.58,0.5973477959632874,-2.9598021507263184,2.0,-2.53489351272583,-0.8160172700881958,0.0,0.03644491732120514,0.07081815600395203,0.0
41.59,0.5720080137252808,-2.967956304550171,2.0,-2.534508228302002,-0.8153032064437866,0.0,0.04054918885231018,0.07224142551422119,0.0
41.6,0.546667754650116,-2.976104974746704,2.0,-2.5340824127197266,-0.8145731687545776,0.0,0.04465089738368988,0.07367044687271118,0.0
41.61,0.5213319659233093,-2.984245777130127,2.0,-2.5336155891418457,-0.8138289451599121,0.0,0.048749491572380066,0.07510504126548767,0.0
41.62,0.49600571393966675,-2.9923782348632812,2.0,-2.5331075191497803,-0.8130718469619751,0.0,0.05284436047077179,0.0765451192855835,0.0
41.63,0.4706800580024719,-3.0005040168762207,2.0,-2.5325589179992676,-0.8122987747192383,0.0,0.05693645775318146,0.07799091935157776,0.0
41.64,0.445360004901886,-3.008622169494629,2.0,-2.5319693088531494,-0.8115112781524658,0.0,0.06102520227432251,0.07944220304489136,0.0
41.65,0.42005079984664917,-3.0167312622070312,2.0,-2.5313382148742676,-0.8107106685638428,0.0,0.0651099681854248,0.08089882135391235,0.0
41.660000000000004,0.3947434425354004,-3.0248336791992188,2.0,-2.5306670665740967,-0.8098939657211304,0.0,0.06919175386428833,0.08236107230186462,0.0
41.67,0.3694429397583008,-3.0329270362854004,2.0,-2.5299551486968994,-0.8090627193450928,0.0,0.07326994836330414,0.08382871747016907,0.0
41.68,0.3441545367240906,-3.041011333465576,2.0,-2.5292019844055176,-0.808218240737915,0.0,0.07734395563602448,0.08530160784721375,0.0
41.69,0.31886905431747437,-3.049088478088379,2.0,-2.5284082889556885,-0.8073574304580688,0.0,0.08141472935676575,0.08678004145622253,0.0
41.7,0.2935919165611267,-3.057156562805176,2.0,-2.527574062347412,-0.8064818382263184,0.0,0.085481658577919,0.08826377987861633,0.0
41.71,0.2683277130126953,-3.0652151107788086,2.0,-2.5266988277435303,-0.8055930137634277,0.0,0.08954419195652008,0.08975270390510559,0.0
41.72,0.24306797981262207,-3.073265552520752,2.0,-2.5257833003997803,-0.8046876192092896,0.0,0.09360326081514359,0.09124705195426941,0.0
41.730000000000004,0.21781766414642334,-3.0813069343566895,2.0,-2.524827480316162,-0.8037673234939575,0.0,0.09765827655792236,0.0927465558052063,0.0
41.74,0.1925816535949707,-3.0893378257751465,2.0,-2.5238304138183594,-0.8028334975242615,0.0,0.10170864313840866,0.09425118565559387,0.0
41.75,0.16735124588012695,-3.097360372543335,2.0,-2.5227932929992676,-0.8018831014633179,0.0,0.10575530678033829,0.09576117992401123,0.0
41.76,0.1421312689781189,-3.1053733825683594,2.0,-2.5217158794403076,-0.8009175062179565,0.0,0.10979770869016647,0.0972762405872345,0.0
41.77,0.11692708730697632,-3.113375425338745,2.0,-2.5205979347229004,-0.799938440322876,0.0,0.11383521556854248,0.0987963080406189,0.0
41.78,0.09172952175140381,-3.121368885040283,2.0,-2.519439458847046,-0.7989424467086792,0.0,0.1178688257932663,0.10032156109809875,0.0
41.79,0.06654369831085205,-3.129352569580078,2.0,-2.5182409286499023,-0.7979312539100647,0.0,0.12189792096614838,0.10185191035270691,0.0
41.800000000000004,0.041374802589416504,-3.137324810028076,2.0,-2.5170018672943115,-0.7969062328338623,0.0,0.12592190504074097,0.10338714718818665,0.0
41.81,0.016213834285736084,-3.145287036895752,2.0,-2.5157227516174316,-0.7958643436431885,0.0,0.12994176149368286,0.10492745041847229,0.0
41.82,-0.008934199810028076,-3.1532397270202637,2.0,-2.514403820037842,-0.794806957244873,0.0,0.13395686447620392,0.1064726710319519,0.0
41.83,-0.03406417369842529,-3.1611804962158203,2.0,-2.5130441188812256,-0.7937358021736145,0.0,0.13796666264533997,0.10802271962165833,0.0
41.84,-0.059185028076171875,-3.1691112518310547,2.0,-2.5116448402404785,-0.7926474809646606,0.0,0.14197206497192383,0.10957780480384827,0.0
41.85,-0.08429163694381714,-3.1770310401916504,2.0,-2.5102055072784424,-0.7915435433387756,0.0,0.14597252011299133,0.11113765835762024,0.0
41.86,-0.10937899351119995,-3.18493914604187,2.0,-2.508725643157959,-0.7904255390167236,0.0,0.14996743202209473,0.11270225048065186,0.0
41.87,-0.13445603847503662,-3.1928367614746094,2.0,-2.507206439971924,-0.7892904281616211,0.0,0.15395772457122803,0.11427175998687744,0.0
41.88,-0.15951764583587646,-3.2007226943969727,2.0,-2.5056471824645996,-0.7881394624710083,0.0,0.15794284641742706,0.11584597826004028,0.0
41.89,-0.18455886840820312,-3.208596706390381,2.0,-2.5040481090545654,-0.786974310874939,0.0,0.16192218661308289,0.11742481589317322,0.0
41.9,-0.2095886468887329,-3.2164595127105713,2.0,-2.5024094581604004,-0.7857918739318848,0.0,0.16589674353599548,0.11900836229324341,0.0
41.910000000000004,-0.23460173606872559,-3.2243103981018066,2.0,-2.5007309913635254,-0.7845935821533203,0.0,0.16986587643623352,0.12059661746025085,0.0
41.92,-0.25959312915802,-3.2321484088897705,2.0,-2.4990124702453613,-0.7833808660507202,0.0,0.17382898926734924,0.12218934297561646,0.0
41.93,-0.2845718264579773,-3.2399747371673584,2.0,-2.4972548484802246,-0.7821506261825562,0.0,0.17778708040714264,0.12378668785095215,0.0
41.94,-0.3095328211784363,-3.247789144515991,2.0,-2.495457649230957,-0.7809045314788818,0.0,0.18173955380916595,0.12538862228393555,0.0
41.95,-0.3344709277153015,-3.2555899620056152,2.0,-2.4936206340789795,-0.7796438336372375,0.0,0.18568578362464905,0.12699493765830994,0.0
41.96,-0.3593951463699341,-3.2633790969848633,2.0,-2.49174427986145,-0.7783654928207397,0.0,0.1896267831325531,0.12860581278800964,0.0
41.97,-0.38430047035217285,-3.271155595779419,2.0,-2.4898288249969482,-0.7770711183547974,0.0,0.19356191158294678,0.13022112846374512,0.0
41.980000000000004,-0.4091816544532776,-3.2789173126220703,2.0,-2.4878737926483154,-0.7757620215415955,0.0,0.1974906027317047,0.13184067606925964,0.0
41.99,-0.4340478777885437,-3.286667585372925,2.0,-2.48587965965271,-0.7744352221488953,0.0,0.2014138400554657,0.13346463441848755,0.0
42.0,-0.4588940143585205,-3.2944042682647705,2.0,-2.4838461875915527,-0.7730921506881714,0.0,0.20533102750778198,0.13509297370910645,0.0
42.01,-0.4837146997451782,-3.30212664604187,2.0,-2.481773853302002,-0.7717342972755432,0.0,0.20924149453639984,0.13672548532485962,0.0
42.02,-0.5085193514823914,-3.3098361492156982,2.0,-2.4796621799468994,-0.7703585624694824,0.0,0.21314631402492523,0.1383623480796814,0.0
42.03,-0.5333027243614197,-3.3175315856933594,2.0,-2.4775116443634033,-0.7689664363861084,0.0,0.217044860124588,0.14000338315963745,0.0
42.04,-0.558059573173523,-3.3252129554748535,2.0,-2.4753220081329346,-0.7675594687461853,0.0,0.22093650698661804,0.14164844155311584,0.0
42.050000000000004,-0.5827991962432861,-3.3328802585601807,2.0,-2.4730935096740723,-0.76613450050354,0.0,0.2248222827911377,0.1432977318763733,0.0
42.06,-0.6075162887573242,-3.3405327796936035,2.0,-2.4708263874053955,-0.764693021774292,0.0,0.22870153188705444,0.14495107531547546,0.0
42.07,-0.6322056651115417,-3.3481712341308594,2.0,-2.468520164489746,-0.7632364630699158,0.0,0.23257368803024292,0.14660850167274475,0.0
42.08,-0.6568766832351685,-3.355794668197632,2.0,-2.4661755561828613,-0.7617618441581726,0.0,0.2364397495985031,0.1482698917388916,0.0
42.09,-0.6815239191055298,-3.363403797149658,2.0,-2.463792324066162,-0.7602704763412476,0.0,0.2402990609407425,0.14993524551391602,0.0
42.1,-0.7061425447463989,-3.370997428894043,2.0,-2.4613704681396484,-0.7587641477584839,0.0,0.24415111541748047,0.1516045331954956,0.0
42.11,-0.7307413816452026,-3.3785762786865234,2.0,-2.4589102268218994,-0.7572394609451294,0.0,0.24799680709838867,0.15327772498130798,0.0
42.12,-0.7553154230117798,-3.3861398696899414,2.0,-2.456411361694336,-0.7556979656219482,0.0,0.25183558464050293,0.15495476126670837,0.0
42.13,-0.779859721660614,-3.3936877250671387,2.0,-2.453874349594116,-0.7541413903236389,0.0,0.2556668519973755,0.1566356122493744,0.0
42.14,-0.8043829798698425,-3.4012198448181152,2.0,-2.451298952102661,-0.7525663375854492,0.0,0.25949156284332275,0.15832021832466125,0.0
42.15,-0.8288804888725281,-3.4087367057800293,2.0,-2.44868540763855,-0.7509744763374329,0.0,0.26330915093421936,0.1600085198879242,0.0
42.160000000000004,-0.8533467650413513,-3.4162368774414062,2.0,-2.446033477783203,-0.7493672370910645,0.0,0.26711899042129517,0.16170060634613037,0.0
42.17,-0.8777912259101868,-3.4237213134765625,2.0,-2.4433438777923584,-0.7477414608001709,0.0,0.27092212438583374,0.16339626908302307,0.0
42.18,-0.9022085666656494,-3.43118953704834,2.0,-2.4406163692474365,-0.7460988163948059,0.0,0.27471789717674255,0.16509553790092468,0.0
42.19,-0.9265936017036438,-3.438640594482422,2.0,-2.4378504753112793,-0.7444406151771545,0.0,0.27850571274757385,0.16679838299751282,0.0
42.2,-0.9509556293487549,-3.446075439453125,2.0,-2.435047149658203,-0.742763876914978,0.0,0.2822865843772888,0.1685047745704651,0.0
42.21,-0.9752894639968872,-3.453493595123291,2.0,-2.4322056770324707,-0.7410700917243958,0.0,0.2860599160194397,0.17021465301513672,0.0
42.22,-0.9995898008346558,-3.4608943462371826,2.0,-2.4293267726898193,-0.7393606901168823,0.0,0.28982508182525635,0.17192792892456055,0.0
42.230000000000004,-1.023866057395935,-3.468277931213379,2.0,-2.42641019821167,-0.7376325726509094,0.0,0.29358309507369995,0.17364469170570374,0.0
42.24,-1.0481129884719849,-3.475644588470459,2.0,-2.4234561920166016,-0.7358872890472412,0.0,0.29733338952064514,0.17536476254463196,0.0
42.25,-1.072325348854065,-3.4829936027526855,2.0,-2.4204647541046143,-0.7341263890266418,0.0,0.301075279712677,0.17708811163902283,0.0
42.26,-1.0965124368667603,-3.4903244972229004,2.0,-2.417435646057129,-0.7323466539382935,0.0,0.3048098385334015,0.17881479859352112,0.0
42.27,-1.1206691265106201,-3.497637987136841,2.0,-2.414369583129883,-0.7305496335029602,0.0,0.30853644013404846,0.18054473400115967,0.0
42.28,-1.1447900533676147,-3.5049328804016113,2.0,-2.4112658500671387,-0.728736937046051,0.0,0.31225448846817017,0.1822778284549713,0.0
42.29,-1.168884515762329,-3.512209892272949,2.0,-2.408125400543213,-0.7269052267074585,0.0,0.3159649670124054,0.18401414155960083,0.0
42.300000000000004,-1.192947506904602,-3.5194687843322754,2.0,-2.4049477577209473,-0.7250561714172363,0.0,0.3196672797203064,0.1857534945011139,0.0
42.31,-1.2169736623764038,-3.5267086029052734,2.0,-2.401733160018921,-0.7231912612915039,0.0,0.3233608305454254,0.1874958872795105,0.0
42.32,-1.2409723997116089,-3.5339300632476807,2.0,-2.398481845855713,-0.7213073968887329,0.0,0.32704663276672363,0.1892414093017578,0.0
42.33,-1.2649383544921875,-3.541132688522339,2.0,-2.395193576812744,-0.719406008720398,0.0,0.3307240605354309,0.19098985195159912,0.0
42.34,-1.2888665199279785,-3.5483155250549316,2.0,-2.3918683528900146,-0.7174887657165527,0.0,0.3343925476074219,0.19274121522903442,0.0
42.35,-1.3127660751342773,-3.5554792881011963,2.0,-2.3885066509246826,-0.7155523896217346,0.0,0.3380530774593353,0.19449549913406372,0.0
42.36,-1.3366316556930542,-3.562624216079712,2.0,-2.385108470916748,-0.7135984301567078,0.0,0.3417050242424011,0.19625258445739746,0.0
42.37,-1.3604583740234375,-3.569748878479004,2.0,-2.381673812866211,-0.7116284966468811,0.0,0.3453478217124939,0.19801262021064758,0.0
42.38,-1.3842554092407227,-3.576854705810547,2.0,-2.3782026767730713,-0.7096393704414368,0.0,0.34898245334625244,0.1997753083705902,0.0
42.39,-1.408017635345459,-3.583939552307129,2.0,-2.374695301055908,-0.7076326012611389,0.0,0.3526083528995514,0.2015407383441925,0.0
42.4,-1.4317395687103271,-3.5910043716430664,2.0,-2.371151924133301,-0.7056097388267517,0.0,0.3562248945236206,0.2033088207244873,0.0
42.410000000000004,-1.4554308652877808,-3.5980491638183594,2.0,-2.367572069168091,-0.703567624092102,0.0,0.35983309149742126,0.20507949590682983,0.0
42.42,-1.47908616065979,-3.6050734519958496,2.0,-2.3639564514160156,-0.7015077471733093,0.0,0.3634323179721832,0.20685288310050964,0.0
42.43,-1.5027003288269043,-3.612076997756958,2.0,-2.360304832458496,-0.6994317173957825,0.0,0.36702200770378113,0.20862877368927002,0.0
42.44,-1.526282548904419,-3.6190595626831055,2.0,-2.3566172122955322,-0.6973363757133484,0.0,0.37060314416885376,0.2104071080684662,0.0
42.45,-1.5498279333114624,-3.626021385192871,2.0,-2.352893829345703,-0.6952232718467712,0.0,0.37417519092559814,0.21218791604042053,0.0
42.46,-1.5733308792114258,-3.6329617500305176,2.0,-2.349134922027588,-0.6930938959121704,0.0,0.37773746252059937,0.2139711081981659,0.0
42.47,-1.5968008041381836,-3.639880657196045,2.0,-2.3453404903411865,-0.690945029258728,0.0,0.3812909722328186,0.21575674414634705,0.0
42.480000000000004,-1.6202329397201538,-3.646778106689453,2.0,-2.341510534286499,-0.6887784004211426,0.0,0.38483521342277527,0.21754464507102966,0.0
42.49,-1.6436216831207275,-3.6536543369293213,2.0,-2.3376450538635254,-0.6865954399108887,0.0,0.38836950063705444,0.21933484077453613,0.0
42.5,-1.6669762134552002,-3.6605076789855957,2.0,-2.333744525909424,-0.6843929290771484,0.0,0.3918948769569397,0.2211272418498993,0.0
42.51,-1.6902917623519897,-3.667339324951172,2.0,-2.3298087120056152,-0.6821725964546204,0.0,0.3954107165336609,0.22292184829711914,0.0
42.52,-1.7135629653930664,-3.6741487979888916,2.0,-2.3258376121520996,-0.6799358129501343,0.0,0.39891645312309265,0.22471857070922852,0.0
42.53,-1.7367990016937256,-3.6809353828430176,2.0,-2.321831464767456,-0.6776794791221619,0.0,0.4024130702018738,0.22651740908622742,0.0
42.54,-1.7599947452545166,-3.6877002716064453,2.0,-2.3177907466888428,-0.6754051446914673,0.0,0.4058999717235565,0.2283182442188263,0.0
42.550000000000004,-1.7831453084945679,-3.694441795349121,2.0,-2.3137149810791016,-0.6731144189834595,0.0,0.4093766212463379,0.2301211655139923,0.0
42.56,-1.8062596321105957,-3.701160430908203,2.0,-2.3096046447753906,-0.6708040237426758,0.0,0.4128439426422119,0.23192596435546875,0.0
42.57,-1.8293325901031494,-3.707855701446533,2.0,-2.305459499359131,-0.6684755682945251,0.0,0.4163013696670532,0.233732670545578,0.0
42.58,-1.852359414100647,-3.7145276069641113,2.0,-2.3012800216674805,-0.6661307215690613,0.0,0.41974836587905884,0.23554125428199768,0.0
42.59,-1.8753489255905151,-3.7211759090423584,2.0,-2.2970659732818604,-0.663766086101532,0.0,0.4231858253479004,0.237351655960083,0.0
42.6,-1.8982959985733032,-3.727799892425537,2.0,-2.2928175926208496,-0.661383330821991,0.0,0.4266132116317749,0.23916372656822205,0.0
42.61,-1.9211958646774292,-3.734401226043701,2.0,-2.2885353565216064,-0.6589841246604919,0.0,0.4300299882888794,0.2409776747226715,0.0
42.62,-1.9440573453903198,-3.7409777641296387,2.0,-2.2842185497283936,-0.6565651297569275,0.0,0.4334370791912079,0.2427932322025299,0.0
42.63,-1.9668755531311035,-3.7475297451019287,2.0,-2.2798678874969482,-0.6541280150413513,0.0,0.436833918094635,0.24461036920547485,0.0
42.64,-1.9896453619003296,-3.7540581226348877,2.0,-2.2754836082458496,-0.6516742706298828,0.0,0.4402199387550354,0.24642914533615112,0.0
42.65,-2.012375831604004,-3.760561466217041,2.0,-2.2710652351379395,-0.6492007970809937,0.0,0.44359612464904785,0.24824941158294678,0.0
42.660000000000004,-2.035062074661255,-3.7670395374298096,2.0,-2.266613006591797,-0.6467090845108032,0.0,0.4469618797302246,0.25007110834121704,0.0
42.67,-2.0576987266540527,-3.773493766784668,2.0,-2.26212739944458,-0.6442006826400757,0.0,0.45031657814979553,0.25189438462257385,0.0
42.68,-2.0802953243255615,-3.779921531677246,2.0,-2.25760817527771,-0.6416725516319275,0.0,0.45366132259368896,0.25371891260147095,0.0
42.69,-2.102846384048462,-3.7863245010375977,2.0,-2.2530555725097656,-0.6391261219978333,0.0,0.45699542760849,0.25554484128952026,0.0
42.7,-2.125347137451172,-3.7927021980285645,2.0,-2.248469829559326,-0.6365630626678467,0.0,0.460318386554718,0.25737205147743225,0.0
42.71,-2.1478066444396973,-3.799053430557251,2.0,-2.2438507080078125,-0.6339800953865051,0.0,0.46363112330436707,0.25920045375823975,0.0
42.72,-2.170219898223877,-3.8053789138793945,2.0,-2.239198684692383,-0.6313788890838623,0.0,0.46693310141563416,0.26103007793426514,0.0
42.730000000000004,-2.1925814151763916,-3.8116793632507324,2.0,-2.234513759613037,-0.6287609338760376,0.0,0.47022372484207153,0.26286089420318604,0.0
42.74,-2.2149009704589844,-3.8179521560668945,2.0,-2.2297959327697754,-0.6261230707168579,0.0,0.4735040068626404,0.2646927535533905,0.0
42.75,-2.237173080444336,-3.8241991996765137,2.0,-2.2250454425811768,-0.6234668493270874,0.0,0.47677332162857056,0.26652565598487854,0.0
42.76,-2.259392738342285,-3.8304195404052734,2.0,-2.220262050628662,-0.6207939386367798,0.0,0.4800311028957367,0.26835960149765015,0.0
42.77,-2.281569004058838,-3.836613178253174,2.0,-2.2154464721679688,-0.6181010603904724,0.0,0.4832783341407776,0.2701944410800934,0.0
42.78,-2.303697109222412,-3.8427793979644775,2.0,-2.2105979919433594,-0.615389883518219,0.0,0.48651450872421265,0.27203017473220825,0.0
42.79,-2.3257718086242676,-3.8489186763763428,2.0,-2.2057178020477295,-0.6126618981361389,0.0,0.48973897099494934,0.27386683225631714,0.0
42.800000000000004,-2.3478024005889893,-3.8550307750701904,2.0,-2.200805187225342,-0.6099140048027039,0.0,0.49295273423194885,0.2757042646408081,0.0
42.81,-2.369783639907837,-3.861114501953125,2.0,-2.1958603858947754,-0.6071476936340332,0.0,0.4961552023887634,0.277542382478714,0.0
42.82,-2.3917105197906494,-3.8671717643737793,2.0,-2.1908836364746094,-0.6043646335601807,0.0,0.4993458390235901,0.27938133478164673,0.0
42.83,-2.4135921001434326,-3.8732001781463623,2.0,-2.185875177383423,-0.6015615463256836,0.0,0.5025256276130676,0.28122085332870483,0.0
42.84,-2.4354238510131836,-3.8792002201080322,2.0,-2.1808347702026367,-0.5987401008605957,0.0,0.5056939721107483,0.2830609679222107,0.0
42.85,-2.457200050354004,-3.8851728439331055,2.0,-2.1757631301879883,-0.5959018468856812,0.0,0.5088502764701843,0.2849016785621643,0.0
42.86,-2.4789299964904785,-3.8911166191101074,2.0,-2.1706597805023193,-0.5930435657501221,0.0,0.5119956135749817,0.28674280643463135,0.0
42.87,-2.5006089210510254,-3.897031307220459,2.0,-2.165524959564209,-0.5901668667793274,0.0,0.5151292681694031,0.2885844111442566,0.0
42.88,-2.5222315788269043,-3.9029183387756348,2.0,-2.1603589057922363,-0.587273359298706,0.0,0.5182508230209351,0.2904265820980072,0.0
42.89,-2.543807029724121,-3.9087748527526855,2.0,-2.1551616191864014,-0.5843598246574402,0.0,0.5213611721992493,0.2922689616680145,0.0
42.9,-2.5653305053710938,-3.914602279663086,2.0,-2.149933338165283,-0.5814279317855835,0.0,0.5244597792625427,0.29411157965660095,0.0
42.910000000000004,-2.586796760559082,-3.9204020500183105,2.0,-2.144674301147461,-0.5784790515899658,0.0,0.5275459885597229,0.2959546148777008,0.0
42.92,-2.608215093612671,-3.926170587539673,2.0,-2.1393842697143555,-0.5755102634429932,0.0,0.5306209325790405,0.2977977395057678,0.0
42.93,-2.629580497741699,-3.9319095611572266,2.0,-2.134063720703125,-0.5725231170654297,0.0,0.5336838960647583,0.29964107275009155,0.0
42.94,-2.6508874893188477,-3.937619209289551,2.0,-2.1287126541137695,-0.56951904296875,0.0,0.5367344617843628,0.30148452520370483,0.0
42.95,-2.6721458435058594,-3.943297863006592,2.0,-2.12333083152771,-0.5664949417114258,0.0,0.5397734642028809,0.30332788825035095,0.0
42.96,-2.693350076675415,-3.948946714401245,2.0,-2.1179187297821045,-0.563452422618866,0.0,0.5428004264831543,0.3051713705062866,0.0
42.97,-2.7144956588745117,-3.9545655250549316,2.0,-2.1124768257141113,-0.5603930950164795,0.0,0.5458147525787354,0.3070148527622223,0.0
42.980000000000004,-2.735590934753418,-3.960153102874756,2.0,-2.107004404067993,-0.5573137402534485,0.0,0.5488174557685852,0.30885809659957886,0.0
42.99,-2.75663161277771,-3.965709686279297,2.0,-2.1015021800994873,-0.5542159080505371,0.0,0.5518079400062561,0.31070125102996826,0.0
43.0,-2.7776122093200684,-3.971235752105713,2.0,-2.0959701538085938,-0.5511012077331543,0.0,0.5547856092453003,0.3125442862510681,0.0
43.01,-2.7985422611236572,-3.9767298698425293,2.0,-2.0904083251953125,-0.5479665994644165,0.0,0.557751476764679,0.31438693404197693,0.0
43.02,-2.8194165229797363,-3.982192277908325,2.0,-2.0848169326782227,-0.5448135137557983,0.0,0.5607050061225891,0.31622928380966187,0.0
43.03,-2.8402299880981445,-3.9876246452331543,2.0,-2.0791964530944824,-0.5416436195373535,0.0,0.563645601272583,0.3180714249610901,0.0
43.04,-2.860991954803467,-3.993023633956909,2.0,-2.0735459327697754,-0.5384536981582642,0.0,0.5665742754936218,0.31991297006607056,0.0
43.050000000000004,-2.881696939468384,-3.9983911514282227,2.0,-2.067866563796997,-0.535245418548584,0.0,0.5694904327392578,0.3217540979385376,0.0
43.06,-2.9023404121398926,-4.003726959228516,2.0,-2.0621583461761475,-0.5320202112197876,0.0,0.5723934173583984,0.323594868183136,0.0
43.07,-2.922931671142578,-4.009029865264893,2.0,-2.0564208030700684,-0.5287750959396362,0.0,0.5752844214439392,0.3254348933696747,0.0
43.08,-2.943464994430542,-4.0142998695373535,2.0,-2.050654411315918,-0.5255115628242493,0.0,0.5781627893447876,0.32727429270744324,0.0
43.09,-2.9639360904693604,-4.019538879394531,2.0,-2.0448596477508545,-0.5222312211990356,0.0,0.5810278654098511,0.3291132152080536,0.0
43.1,-2.984353542327881,-4.02474308013916,2.0,-2.0390357971191406,-0.5189309120178223,0.0,0.5838807821273804,0.3309512734413147,0.0
43.11,-3.0047130584716797,-4.029914855957031,2.0,-2.0331835746765137,-0.5156123042106628,0.0,0.586720883846283,0.33278852701187134,0.0
43.12,-3.0250089168548584,-4.0350542068481445,2.0,-2.027303695678711,-0.512276828289032,0.0,0.5895476341247559,0.33462512493133545,0.0
43.13,-3.045250654220581,-4.040159225463867,2.0,-2.021394968032837,-0.5089213848114014,0.0,0.5923619866371155,0.3364607095718384,0.0
43.14,-3.0654330253601074,-4.045229911804199,2.0,-2.015458106994629,-0.5055477023124695,0.0,0.5951634645462036,0.3382953107357025,0.0
43.15,-3.0855512619018555,-4.050268650054932,2.0,-2.009493827819824,-0.5021572113037109,0.0,0.5979514122009277,0.34012913703918457,0.0
43.160000000000004,-3.105614423751831,-4.055271625518799,2.0,-2.0035014152526855,-0.49874675273895264,0.0,0.600726842880249,0.3419618010520935,0.0
43.17,-3.125617504119873,-4.060240745544434,2.0,-1.997481107711792,-0.49531805515289307,0.0,0.6034892797470093,0.3437933325767517,0.0
43.18,-3.1455557346343994,-4.065176963806152,2.0,-1.9914337396621704,-0.4918725788593292,0.0,0.606238067150116,0.3456239104270935,0.0
43.19,-3.165437936782837,-4.070077419281006,2.0,-1.9853585958480835,-0.48840728402137756,0.0,0.6089742183685303,0.34745311737060547,0.0
43.2,-3.1852593421936035,-4.074942588806152,2.0,-1.9792561531066895,-0.48492366075515747,0.0,0.6116971969604492,0.3492811322212219,0.0
43.21,-3.205014705657959,-4.079774379730225,2.0,-1.9731268882751465,-0.4814233183860779,0.0,0.6144063472747803,0.35110795497894287,0.0
43.22,-3.2247135639190674,-4.084569931030273,2.0,-1.9669702053070068,-0.47790318727493286,0.0,0.6171028017997742,0.35293325781822205,0.0
43.230000000000004,-3.2443506717681885,-4.089329719543457,2.0,-1.9607865810394287,-0.47436484694480896,0.0,0.6197859048843384,0.3547572195529938,0.0
43.24,-3.263921022415161,-4.094055652618408,2.0,-1.9545767307281494,-0.47080978751182556,0.0,0.6224551200866699,0.35657989978790283,0.0
43.25,-3.2834339141845703,-4.098744869232178,2.0,-1.948339819908142,-0.46723493933677673,0.0,0.62511146068573,0.3584008812904358,0.0
43.26,-3.302884340286255,-4.103398323059082,2.0,-1.942076325416565,-0.4636419117450714,0.0,0.6277543902397156,0.3602203130722046,0.0
43.27,-3.3222672939300537,-4.108016490936279,2.0,-1.9357869625091553,-0.46003228425979614,0.0,0.6303832530975342,0.3620383143424988,0.0
43.28,-3.3415918350219727,-4.112597465515137,2.0,-1.9294710159301758,-0.45640289783477783,0.0,0.6329991817474365,0.36385446786880493,0.0
43.29,-3.3608531951904297,-4.117142200469971,2.0,-1.9231289625167847,-0.4527553617954254,0.0,0.6356014609336853,0.3656688928604126,0.0
43.300000000000004,-3.3800463676452637,-4.121651649475098,2.0,-1.9167612791061401,-0.44909125566482544,0.0,0.6381896138191223,0.36748170852661133,0.0
43.31,-3.3991804122924805,-4.12612247467041,2.0,-1.910367488861084,-0.445407509803772,0.0,0.6407646536827087,0.36929255723953247,0.0
43.32,-3.41825008392334,-4.130557537078857,2.0,-1.9039479494094849,-0.4417056441307068,0.0,0.6433259844779968,0.3711015582084656,0.0
43.33,-3.437251329421997,-4.134955883026123,2.0,-1.8975032567977905,-0.43798720836639404,0.0,0.6458730697631836,0.3729087710380554,0.0
43.34,-3.4561924934387207,-4.139315605163574,2.0,-1.8910326957702637,-0.43424922227859497,0.0,0.6484069228172302,0.37471380829811096,0.0
43.35,-3.4750685691833496,-4.1436381340026855,2.0,-1.8845369815826416,-0.43049323558807373,0.0,0.650926947593689,0.3765168786048889,0.0
43.36,-3.49387526512146,-4.147924900054932,2.0,-1.878016710281372,-0.42672067880630493,0.0,0.6534326672554016,0.37831801176071167,0.0
43.37,-3.5126209259033203,-4.152172088623047,2.0,-1.8714708089828491,-0.4229285717010498,0.0,0.6559249758720398,0.3801168203353882,0.0
43.38,-3.531301259994507,-4.156380653381348,2.0,-1.8649001121520996,-0.41911864280700684,0.0,0.6584033370018005,0.381913423538208,0.0
43.39,-3.5499112606048584,-4.160553455352783,2.0,-1.8583052158355713,-0.4152921438217163,0.0,0.6608672142028809,0.38370802998542786,0.0
43.4,-3.5684595108032227,-4.1646857261657715,2.0,-1.8516851663589478,-0.4114462733268738,0.0,0.6633176207542419,0.38550007343292236,0.0
43.410000000000004,-3.586941719055176,-4.1687798500061035,2.0,-1.8450407981872559,-0.40758246183395386,0.0,0.6657540202140808,0.387289822101593,0.0
43.42,-3.6053526401519775,-4.1728363037109375,2.0,-1.8383724689483643,-0.4037022590637207,0.0,0.6681758165359497,0.3890773355960846,0.0
43.43,-3.623701333999634,-4.176852703094482,2.0,-1.8316797018051147,-0.3998027443885803,0.0,0.6705840229988098,0.3908621668815613,0.0
43.44,-3.6419830322265625,-4.180830001831055,2.0,-1.824962854385376,-0.39588528871536255,0.0,0.6729780435562134,0.39264458417892456,0.0
43.45,-3.6601929664611816,-4.184769630432129,2.0,-1.8182226419448853,-0.39195168018341064,0.0,0.675357460975647,0.3944244980812073,0.0
43.46,-3.678339958190918,-4.188668251037598,2.0,-1.8114581108093262,-0.38799870014190674,0.0,0.6777231097221375,0.3962016999721527,0.0
43.47,-3.6964187622070312,-4.192526817321777,2.0,-1.8046700954437256,-0.384027898311615,0.0,0.6800744533538818,0.39797621965408325,0.0
43.480000000000004,-3.714425563812256,-4.196348190307617,2.0,-1.7978591918945312,-0.3800410032272339,0.0,0.6824111342430115,0.39974814653396606,0.0
43.49,-3.7323684692382812,-4.200127124786377,2.0,-1.7910244464874268,-0.37603485584259033,0.0,0.6847338676452637,0.4015171527862549,0.0
43.5,-3.7502427101135254,-4.203866004943848,2.0,-1.7841664552688599,-0.3720110058784485,0.0,0.6870422959327698,0.4032832980155945,0.0
43.51,-3.7680442333221436,-4.207566738128662,2.0,-1.777286171913147,-0.3679710626602173,0.0,0.6893358826637268,0.4050467610359192,0.0
43.52,-3.785780906677246,-4.211224555969238,2.0,-1.770382285118103,-0.3639119863510132,0.0,0.6916155219078064,0.4068071246147156,0.0
43.53,-3.8034489154815674,-4.214842319488525,2.0,-1.763455867767334,-0.35983526706695557,0.0,0.6938806772232056,0.4085644781589508,0.0
43.54,-3.821042537689209,-4.21842098236084,2.0,-1.7565072774887085,-0.35574251413345337,0.0,0.6961308717727661,0.4103189706802368,0.0
43.550000000000004,-3.838571548461914,-4.221956729888916,2.0,-1.7495357990264893,-0.3516307473182678,0.0,0.6983670592308044,0.4120701551437378,0.0
43.56,-3.8560304641723633,-4.2254509925842285,2.0,-1.7425419092178345,-0.3475015163421631,0.0,0.7005887031555176,0.41381821036338806,0.0
43.57,-3.873414993286133,-4.228906154632568,2.0,-1.73552668094635,-0.34335631132125854,0.0,0.7027952671051025,0.4155632555484772,0.0
43.58,-3.8907337188720703,-4.2323174476623535,2.0,-1.7284886837005615,-0.33919215202331543,0.0,0.704987645149231,0.4173048138618469,0.0
43.59,-3.9079818725585938,-4.235687255859375,2.0,-1.7214288711547852,-0.3350106477737427,0.0,0.7071654200553894,0.4190431237220764,0.0
43.6,-3.925154685974121,-4.239017009735107,2.0,-1.7143479585647583,-0.3308132290840149,0.0,0.7093280553817749,0.4207782745361328,0.0
43.61,-3.9422614574432373,-4.242303371429443,2.0,-1.7072449922561646,-0.3265969753265381,0.0,0.7114764451980591,0.4225097596645355,0.0
43.62,-3.9592971801757812,-4.245546817779541,2.0,-1.700120449066162,-0.3223634958267212,0.0,0.713610053062439,0.4242377281188965,0.0
43.63,-3.976256847381592,-4.24875020980835,2.0,-1.692975401878357,-0.31811410188674927,0.0,0.7157284617424011,0.4259624481201172,0.0
43.64,-3.9931490421295166,-4.251908779144287,2.0,-1.6858086585998535,-0.3138461709022522,0.0,0.7178325653076172,0.42768338322639465,0.0
43.65,-4.009970188140869,-4.2550249099731445,2.0,-1.6786208152770996,-0.30956095457077026,0.0,0.7199218273162842,0.42940065264701843,0.0
43.660000000000004,-4.026714324951172,-4.258099555969238,2.0,-1.6714128255844116,-0.3052600622177124,0.0,0.7219957709312439,0.43111443519592285,0.0
43.67,-4.043391227722168,-4.261128902435303,2.0,-1.664183497428894,-0.3009406328201294,0.0,0.724055290222168,0.4328242838382721,0.0
43.68,-4.059995651245117,-4.264115810394287,2.0,-1.6569337844848633,-0.29660409688949585,0.0,0.7260999083518982,0.4345304071903229,0.0
43.69,-4.0765228271484375,-4.26706075668335,2.0,-1.649664282798767,-0.29225194454193115,0.0,0.7281291484832764,0.4362328052520752,0.0
43.7,-4.092981338500977,-4.269960403442383,2.0,-1.6423739194869995,-0.28788137435913086,0.0,0.7301438450813293,0.4379311501979828,0.0
43.71,-4.109367370605469,-4.272816181182861,2.0,-1.6350634098052979,-0.28349387645721436,0.0,0.7321435809135437,0.43962544202804565,0.0
43.72,-4.125676155090332,-4.275629997253418,2.0,-1.6277337074279785,-0.27909088134765625,0.0,0.7341278195381165,0.44131603837013245,0.0
43.730000000000004,-4.141915321350098,-4.278397560119629,2.0,-1.6203837394714355,-0.2746695280075073,0.0,0.7360974550247192,0.4430023729801178,0.0
43.74,-4.1580810546875,-4.281120777130127,2.0,-1.6130139827728271,-0.27023136615753174,0.0,0.7380520701408386,0.44468453526496887,0.0
43.75,-4.174168586730957,-4.283802032470703,2.0,-1.6056252717971802,-0.2657778263092041,0.0,0.7399910688400269,0.44636279344558716,0.0
43.76,-4.190186500549316,-4.286436080932617,2.0,-1.5982167720794678,-0.26130610704421997,0.0,0.7419154644012451,0.4480365812778473,0.0
43.77,-4.206130027770996,-4.289026260375977,2.0,-1.5907891988754272,-0.25681763887405396,0.0,0.7438246607780457,0.44970616698265076,0.0
43.78,-4.2219953536987305,-4.291572570800781,2.0,-1.5833430290222168,-0.2523139715194702,0.0,0.745718240737915,0.45137158036231995,0.0
43.79,-4.237790584564209,-4.294072151184082,2.0,-1.5758775472640991,-0.24779218435287476,0.0,0.7475970983505249,0.4530324339866638,0.0
43.800000000000004,-4.253510475158691,-4.296525955200195,2.0,-1.5683932304382324,-0.2432538866996765,0.0,0.749460756778717,0.4546888470649719,0.0
43.81,-4.26915168762207,-4.29893684387207,2.0,-1.5608911514282227,-0.23870044946670532,0.0,0.7513086795806885,0.4563409984111786,0.0
43.82,-4.284721851348877,-4.301300048828125,2.0,-1.5533698797225952,-0.2341291308403015,0.0,0.7531418204307556,0.45798835158348083,0.0
43.83,-4.3002166748046875,-4.303617000579834,2.0,-1.5458303689956665,-0.22954130172729492,0.0,0.7549596428871155,0.45963114500045776,0.0
43.84,-4.315631866455078,-4.3058905601501465,2.0,-1.538273572921753,-0.2249385118484497,0.0,0.7567616701126099,0.4612695276737213,0.0
43.85,-4.330975532531738,-4.3081159591674805,2.0,-1.5306979417800903,-0.22031795978546143,0.0,0.7585489153862,0.4629029929637909,0.0
43.86,-4.346243381500244,-4.3102946281433105,2.0,-1.5231046676635742,-0.2156810760498047,0.0,0.7603207230567932,0.46453168988227844,0.0
43.87,-4.361430644989014,-4.312429428100586,2.0,-1.5154943466186523,-0.21102935075759888,0.0,0.762076735496521,0.46615585684776306,0.0
43.88,-4.376546382904053,-4.314515590667725,2.0,-1.5078660249710083,-0.20635998249053955,0.0,0.7638177871704102,0.467774897813797,0.0
43.89,-4.391585826873779,-4.316554069519043,2.0,-1.5002201795578003,-0.20167452096939087,0.0,0.7655434012413025,0.46938905119895935,0.0
43.9,-4.4065446853637695,-4.318548679351807,2.0,-1.4925580024719238,-0.1969742774963379,0.0,0.7672531604766846,0.47099846601486206,0.0
43.910000000000004,-4.421430587768555,-4.320493698120117,2.0,-1.4848779439926147,-0.19225656986236572,0.0,0.7689478397369385,0.47260263562202454,0.0
43.92,-4.436240196228027,-4.322391986846924,2.0,-1.477181077003479,-0.18752288818359375,0.0,0.7706271409988403,0.4742017686367035,0.0
43.93,-4.450967788696289,-4.324244499206543,2.0,-1.469468355178833,-0.18277454376220703,0.0,0.7722904682159424,0.47579604387283325,0.0
43.94,-4.465622901916504,-4.326047420501709,2.0,-1.4617382287979126,-0.17800897359848022,0.0,0.7739386558532715,0.47738486528396606,0.0
43.95,-4.48020076751709,-4.327802658081055,2.0,-1.4539916515350342,-0.17322760820388794,0.0,0.775571346282959,0.47896847128868103,0.0
43.96,-4.494696617126465,-4.329512119293213,2.0,-1.4462296962738037,-0.16843175888061523,0.0,0.7771880626678467,0.4805470407009125,0.0
43.97,-4.509119033813477,-4.331171035766602,2.0,-1.438450813293457,-0.16361874341964722,0.0,0.7787895798683167,0.4821200370788574,0.0
43.980000000000004,-4.523463249206543,-4.33278226852417,2.0,-1.4306560754776,-0.15879011154174805,0.0,0.780375599861145,0.48368769884109497,0.0
43.99,-4.537725925445557,-4.334347248077393,2.0,-1.4228463172912598,-0.15394705533981323,0.0,0.7819454669952393,0.48525020480155945,0.0
44.0,-4.551913738250732,-4.3358612060546875,2.0,-1.4150199890136719,-0.14908719062805176,0.0,0.7835001945495605,0.4868068993091583,0.0
44.01,-4.566024303436279,-4.337327003479004,2.0,-1.4071784019470215,-0.14421170949935913,0.0,0.7850393056869507,0.4883580803871155,0.0
44.02,-4.580051422119141,-4.338746070861816,2.0,-1.399322271347046,-0.13932210206985474,0.0,0.7865623235702515,0.4899039566516876,0.0
44.03,-4.5940046310424805,-4.340113639831543,2.0,-1.3914501667022705,-0.13441580533981323,0.0,0.788070023059845,0.4914439022541046,0.0
44.04,-4.6078782081604,-4.341432094573975,2.0,-1.3835630416870117,-0.12949395179748535,0.0,0.7895621061325073,0.49297818541526794,0.0
44.050000000000004,-4.621669769287109,-4.342703342437744,2.0,-1.375661849975586,-0.12455826997756958,0.0,0.7910379767417908,0.4945070147514343,0.0
44.06,-4.635385513305664,-4.343923568725586,2.0,-1.367745280265808,-0.11960595846176147,0.0,0.7924985885620117,0.49602973461151123,0.0
44.07,-4.649022579193115,-4.345094203948975,2.0,-1.3598140478134155,-0.11463850736618042,0.0,0.7939435243606567,0.49754661321640015,0.0
44.08,-4.662575721740723,-4.346216678619385,2.0,-1.3518693447113037,-0.10965722799301147,0.0,0.7953721880912781,0.4990578889846802,0.0
44.09,-4.676054000854492,-4.347287178039551,2.0,-1.3439096212387085,-0.10465949773788452,0.0,0.7967855930328369,0.5005629658699036,0.0
44.1,-4.689452171325684,-4.3483076095581055,2.0,-1.3359357118606567,-0.09964674711227417,0.0,0.7981832027435303,0.5020620226860046,0.0
44.11,-4.7027668952941895,-4.349280834197998,2.0,-1.327949047088623,-0.09462040662765503,0.0,0.7995645403862,0.5035552978515625,0.0
44.12,-4.716005325317383,-4.350200653076172,2.0,-1.319947600364685,-0.08957785367965698,0.0,0.8009305596351624,0.5050421953201294,0.0
44.13,-4.729164123535156,-4.351069927215576,2.0,-1.3119324445724487,-0.08452033996582031,0.0,0.8022807836532593,0.5065229535102844,0.0
44.14,-4.7422380447387695,-4.35189151763916,2.0,-1.3039048910140991,-0.07944947481155396,0.0,0.803614616394043,0.5079978108406067,0.0
44.15,-4.7552361488342285,-4.352659702301025,2.0,-1.295863151550293,-0.07436257600784302,0.0,0.8049331903457642,0.5094661116600037,0.0
44.160000000000004,-4.768154144287109,-4.353376865386963,2.0,-1.2878084182739258,-0.06926107406616211,0.0,0.8062358498573303,0.5109280347824097,0.0
44.17,-4.780986785888672,-4.354045391082764,2.0,-1.2797415256500244,-0.06414622068405151,0.0,0.807522177696228,0.5123839974403381,0.0
44.18,-4.793743133544922,-4.354660511016846,2.0,-1.2716610431671143,-0.059015512466430664,0.0,0.8087931275367737,0.513833224773407,0.0
44.19,-4.806418418884277,-4.355223655700684,2.0,-1.2635679244995117,-0.053870439529418945,0.0,0.8100481033325195,0.5152760148048401,0.0
44.2,-4.819008827209473,-4.355738639831543,2.0,-1.2554631233215332,-0.048712193965911865,0.0,0.8112868070602417,0.5167125463485718,0.0
44.21,-4.831521987915039,-4.356198787689209,2.0,-1.2473453283309937,-0.04353839159011841,0.0,0.812510073184967,0.5181422829627991,0.0
44.22,-4.843954086303711,-4.356607437133789,2.0,-1.2392151355743408,-0.03835028409957886,0.0,0.8137173652648926,0.5195653438568115,0.0
44.230000000000004,-4.8563008308410645,-4.356966495513916,2.0,-1.2310740947723389,-0.03314924240112305,0.0,0.8149083852767944,0.5209820866584778,0.0
44.24,-4.868570327758789,-4.357271194458008,2.0,-1.2229200601577759,-0.027932822704315186,0.0,0.8160837888717651,0.5223917961120605,0.0
44.25,-4.880757808685303,-4.357522964477539,2.0,-1.214754581451416,-0.022702276706695557,0.0,0.8172433376312256,0.5237947702407837,0.0
44.26,-4.89285945892334,-4.357726097106934,2.0,-1.2065783739089966,-0.01745915412902832,0.0,0.8183864951133728,0.5251913070678711,0.0
44.27,-4.904883861541748,-4.357873439788818,2.0,-1.1983898878097534,-0.012200713157653809,0.0,0.8195140957832336,0.5265805721282959,0.0
44.28,-4.916826248168945,-4.357967376708984,2.0,-1.1901901960372925,-0.006928384304046631,0.0,0.8206257820129395,0.5279629230499268,0.0
44.29,-4.928682327270508,-4.358012676239014,2.0,-1.1819804906845093,-0.0016436576843261719,0.0,0.8217210173606873,0.5293387174606323,0.0
44.300000000000004,-4.940460681915283,-4.358001708984375,2.0,-1.1737589836120605,0.0036560893058776855,0.0,0.8228007555007935,0.5307071208953857,0.0
44.31,-4.952156066894531,-4.357937812805176,2.0,-1.1655267477035522,0.008969485759735107,0.0,0.8238644599914551,0.5320684909820557,0.0
44.32,-4.963765621185303,-4.357822895050049,2.0,-1.1572847366333008,0.01429527997970581,0.0,0.8249117732048035,0.5334230661392212,0.0
44.33,-4.975296497344971,-4.35765266418457,2.0,-1.149031639099121,0.01963573694229126,0.0,0.8259434700012207,0.5347701907157898,0.0
44.34,-4.9867448806762695,-4.357428550720215,2.0,-1.1407681703567505,0.024989664554595947,0.0,0.8269592523574829,0.5361101031303406,0.0
44.35,-4.998106956481934,-4.35715389251709,2.0,-1.132495641708374,0.030355751514434814,0.0,0.8279585838317871,0.5374430418014526,0.0
44.36,-5.009389877319336,-4.356822490692139,2.0,-1.1242121458053589,0.03573620319366455,0.0,0.8289422988891602,0.5387684106826782,0.0
44.37,-5.020589828491211,-4.356437683105469,2.0,-1.1159188747406006,0.041130006313323975,0.0,0.8299099802970886,0.5400863885879517,0.0
44.38,-5.031702995300293,-4.356000900268555,2.0,-1.1076171398162842,0.04653573036193848,0.0,0.8308612108230591,0.5413973331451416,0.0
44.39,-5.042737007141113,-4.3555073738098145,2.0,-1.0993047952651978,0.0519556999206543,0.0,0.8317968845367432,0.542700469493866,0.0
44.4,-5.053688049316406,-4.354959964752197,2.0,-1.0909833908081055,0.05738872289657593,0.0,0.8327165842056274,0.5439960956573486,0.0
44.410000000000004,-5.064552307128906,-4.354360580444336,2.0,-1.0826536417007446,0.06283342838287354,0.0,0.8336197733879089,0.5452845692634583,0.0
44.42,-5.075336456298828,-4.353704452514648,2.0,-1.0743141174316406,0.06829208135604858,0.0,0.8345073461532593,0.546565055847168,0.0
44.43,-5.0860371589660645,-4.352993488311768,2.0,-1.0659656524658203,0.07376366853713989,0.0,0.835378885269165,0.5478379726409912,0.0
44.44,-5.09665060043335,-4.352230548858643,2.0,-1.0576097965240479,0.07924658060073853,0.0,0.8362339735031128,0.5491034984588623,0.0
44.45,-5.107184410095215,-4.351409435272217,2.0,-1.0492441654205322,0.08474355936050415,0.0,0.8370735049247742,0.550360918045044,0.0
44.46,-5.117634296417236,-4.350533962249756,2.0,-1.0408704280853271,0.0902528166770935,0.0,0.8378969430923462,0.5516105890274048,0.0
44.47,-5.127997398376465,-4.349605560302734,2.0,-1.0324894189834595,0.09577345848083496,0.0,0.838703989982605,0.5528527498245239,0.0
44.480000000000004,-5.138279438018799,-4.34861946105957,2.0,-1.024099588394165,0.10130757093429565,0.0,0.8394953012466431,0.5540866851806641,0.0
44.49,-5.148478031158447,-4.347578048706055,2.0,-1.0157017707824707,0.1068541407585144,0.0,0.8402706384658813,0.5553127527236938,0.0
44.5,-5.158588886260986,-4.346484184265137,2.0,-1.007297396659851,0.1124114990234375,0.0,0.8410295248031616,0.5565311312675476,0.0
44.51,-5.168619155883789,-4.345331192016602,2.0,-0.9988844394683838,0.11798232793807983,0.0,0.8417728543281555,0.5577411651611328,0.0
44.52,-5.178565502166748,-4.344122409820557,2.0,-0.9904640913009644,0.1235651969909668,0.0,0.8425000905990601,0.5589430928230286,0.0
44.53,-5.188424110412598,-4.342861175537109,2.0,-0.9820375442504883,0.1291588544845581,0.0,0.8432108759880066,0.5601372718811035,0.0
44.54,-5.198201656341553,-4.341540813446045,2.0,-0.9736030101776123,0.13476568460464478,0.0,0.843906044960022,0.5613229870796204,0.0
44.550000000000004,-5.207895278930664,-4.3401641845703125,2.0,-0.9651616811752319,0.14038431644439697,0.0,0.8445851802825928,0.5625004172325134,0.0
44.56,-5.217500686645508,-4.3387346267700195,2.0,-0.9567147493362427,0.14601337909698486,0.0,0.8452478647232056,0.5636700391769409,0.0
44.57,-5.227025032043457,-4.337245464324951,2.0,-0.9482600092887878,0.151655375957489,0.0,0.845894992351532,0.5648308992385864,0.0
44.58,-5.2364654541015625,-4.335700035095215,2.0,-0.9397989511489868,0.15730881690979004,0.0,0.846526026725769,0.5659834742546082,0.0
44.59,-5.245816707611084,-4.33410120010376,2.0,-0.9313327670097351,0.16297274827957153,0.0,0.8471406698226929,0.56712806224823,0.0
44.6,-5.255087375640869,-4.332442283630371,2.0,-0.9228594303131104,0.16864913702011108,0.0,0.8477396965026855,0.5682637691497803,0.0
44.61,-5.264273166656494,-4.330726146697998,2.0,-0.9143800735473633,0.17433685064315796,0.0,0.8483227491378784,0.5693910121917725,0.0
44.62,-5.273370742797852,-4.328956604003906,2.0,-0.9058961272239685,0.18003463745117188,0.0,0.8488893508911133,0.5705101490020752,0.0
44.63,-5.282386779785156,-4.327126979827881,2.0,-0.8974055647850037,0.1857447624206543,0.0,0.8494403958320618,0.5716202855110168,0.0
44.64,-5.291318416595459,-4.325240135192871,2.0,-0.8889095783233643,0.19146579504013062,0.0,0.8499754071235657,0.5727218389511108,0.0
44.65,-5.300160884857178,-4.323299407958984,2.0,-0.8804092407226562,0.19719678163528442,0.0,0.8504940271377563,0.5738150477409363,0.0
44.660000000000004,-5.308922290802002,-4.321298122406006,2.0,-0.8719029426574707,0.20293974876403809,0.0,0.8509970903396606,0.5748991966247559,0.0
44.67,-5.317598342895508,-4.319239139556885,2.0,-0.8633915185928345,0.20869362354278564,0.0,0.8514841198921204,0.5759746432304382,0.0
44.68,-5.326186180114746,-4.317126274108887,2.0,-0.8548765182495117,0.21445703506469727,0.0,0.8519548773765564,0.5770416259765625,0.0
44.69,-5.334692001342773,-4.3149518966674805,2.0,-0.846355676651001,0.2202320694923401,0.0,0.8524099588394165,0.5780993700027466,0.0
44.7,-5.343112468719482,-4.312719821929932,2.0,-0.8378305435180664,0.2260177731513977,0.0,0.8528491258621216,0.5791482329368591,0.0
44.71,-5.351444244384766,-4.310433387756348,2.0,-0.8293020725250244,0.23181265592575073,0.0,0.8532719612121582,0.5801885724067688,0.0
44.72,-5.359694480895996,-4.3080854415893555,2.0,-0.820768415927887,0.23761916160583496,0.0,0.8536792993545532,0.5812195539474487,0.0
44.730000000000004,-5.36785888671875,-4.3056793212890625,2.0,-0.81223064661026,0.243435800075531,0.0,0.8540705442428589,0.5822414755821228,0.0
44.74,-5.3759355545043945,-4.303218841552734,2.0,-0.8036903142929077,0.24926161766052246,0.0,0.8544456362724304,0.5832547545433044,0.0
44.75,-5.383929252624512,-4.300695896148682,2.0,-0.7951450347900391,0.25509846210479736,0.0,0.8548051118850708,0.5842585563659668,0.0
44.76,-5.3918375968933105,-4.298115253448486,2.0,-0.786596417427063,0.2609454393386841,0.0,0.8551486730575562,0.5852531790733337,0.0
44.77,-5.399657249450684,-4.2954792976379395,2.0,-0.7780454158782959,0.26680123805999756,0.0,0.8554760217666626,0.5862390398979187,0.0
44.78,-5.407394886016846,-4.292781352996826,2.0,-0.769490122795105,0.27266794443130493,0.0,0.8557878732681274,0.58721524477005,0.0
44.79,-5.415046691894531,-4.290024757385254,2.0,-0.7609319090843201,0.27854424715042114,0.0,0.8560837507247925,0.5881821513175964,0.0
44.800000000000004,-5.422609806060791,-4.287212371826172,2.0,-0.7523717880249023,0.28442925214767456,0.0,0.8563634157180786,0.5891401171684265,0.0
44.81,-5.430090427398682,-4.284337997436523,2.0,-0.7438077926635742,0.29032468795776367,0.0,0.8566276431083679,0.5900883674621582,0.0
44.82,-5.437485694885254,-4.281404495239258,2.0,-0.7352414131164551,0.29622966051101685,0.0,0.856876015663147,0.5910272598266602,0.0
44.83,-5.444791793823242,-4.278415679931641,2.0,-0.7266736030578613,0.302142858505249,0.0,0.8571081757545471,0.5919569730758667,0.0
44.84,-5.4520158767700195,-4.275363922119141,2.0,-0.7181025743484497,0.3080664873123169,0.0,0.8573248982429504,0.5928769111633301,0.0
44.85,-5.459153652191162,-4.272253036499023,2.0,-0.7095292806625366,0.31399911642074585,0.0,0.8575258255004883,0.5937873125076294,0.0
44.86,-5.466202735900879,-4.2690863609313965,2.0,-0.7009553909301758,0.3199397921562195,0.0,0.8577104806900024,0.5946884751319885,0.0
44.87,-5.473169326782227,-4.2658562660217285,2.0,-0.6923784613609314,0.3258904814720154,0.0,0.8578798174858093,0.5955796241760254,0.0
44.88,-5.480050086975098,-4.262567043304443,2.0,-0.6837998628616333,0.33184999227523804,0.0,0.8580333590507507,0.5964612364768982,0.0
44.89,-5.486842155456543,-4.25922155380249,2.0,-0.6752210855484009,0.33781731128692627,0.0,0.858170747756958,0.5973334312438965,0.0
44.9,-5.493551254272461,-4.255813121795654,2.0,-0.6666398048400879,0.34379422664642334,0.0,0.858292818069458,0.5981955528259277,0.0
44.910000000000004,-5.500174522399902,-4.252345085144043,2.0,-0.658057451248169,0.3497798442840576,0.0,0.8583991527557373,0.5990478992462158,0.0
44.92,-5.506709098815918,-4.248819828033447,2.0,-0.6494752168655396,0.3557729721069336,0.0,0.8584893941879272,0.5998908281326294,0.0
44.93,-5.5131611824035645,-4.245231628417969,2.0,-0.6408909559249878,0.36177533864974976,0.0,0.8585642576217651,0.6007234454154968,0.0
44.94,-5.519526958465576,-4.241582870483398,2.0,-0.6323059797286987,0.36778610944747925,0.0,0.8586235046386719,0.6015461683273315,0.0
44.95,-5.525804042816162,-4.23787784576416,2.0,-0.623721718788147,0.37380385398864746,0.0,0.8586666584014893,0.602359414100647,0.0
44.96,-5.531998157501221,-4.234109401702881,2.0,-0.6151360273361206,0.3798307180404663,0.0,0.8586945533752441,0.6031622290611267,0.0
44.97,-5.538106918334961,-4.23028039932251,2.0,-0.6065500974655151,0.38586562871932983,0.0,0.8587068319320679,0.603955090045929,0.0
44.980000000000004,-5.544126033782959,-4.2263946533203125,2.0,-0.5979651212692261,0.3919074535369873,0.0,0.8587031364440918,0.6047382354736328,0.0
44.99,-5.550063133239746,-4.222445011138916,2.0,-0.5893794298171997,0.39795804023742676,0.0,0.8586841821670532,0.6055108904838562,0.0
45.0,-5.555913925170898,-4.2184343338012695,2.0,-0.5807936191558838,0.404016375541687,0.0,0.8586496114730835,0.6062734127044678,0.0
45.01,-5.561676025390625,-4.214366912841797,2.0,-0.5722096562385559,0.41008102893829346,0.0,0.8585991859436035,0.607026219367981,0.0
45.02,-5.567355155944824,-4.210235118865967,2.0,-0.5636250376701355,0.4161543846130371,0.0,0.8585334420204163,0.6077683568000793,0.0
45.03,-5.572948455810547,-4.206042289733887,2.0,-0.5550410747528076,0.42223501205444336,0.0,0.8584522008895874,0.6085002422332764,0.0
45.04,-5.578453063964844,-4.201793193817139,2.0,-0.5464593172073364,0.4283220171928406,0.0,0.8583551645278931,0.6092222929000854,0.0
45.050000000000004,-5.583874702453613,-4.197479248046875,2.0,-0.5378773808479309,0.43441706895828247,0.0,0.8582429885864258,0.609933614730835,0.0
45.06,-5.589210510253906,-4.193103790283203,2.0,-0.5292966961860657,0.44051915407180786,0.0,0.8581152558326721,0.6106345653533936,0.0
45.07,-5.594458103179932,-4.188671112060547,2.0,-0.5207183957099915,0.4466274380683899,0.0,0.8579717874526978,0.6113255023956299,0.0
45.08,-5.59962272644043,-4.184174060821533,2.0,-0.5121404528617859,0.4527433514595032,0.0,0.8578132390975952,0.6120055913925171,0.0
45.09,-5.604701042175293,-4.179615497589111,2.0,-0.5035642385482788,0.4588659405708313,0.0,0.8576391935348511,0.6126751899719238,0.0
45.1,-5.609691143035889,-4.174999237060547,2.0,-0.4949910640716553,0.4649944305419922,0.0,0.8574494123458862,0.6133347153663635,0.0
45.11,-5.614598274230957,-4.170318603515625,2.0,-0.48641860485076904,0.47113037109375,0.0,0.8572446703910828,0.6139832735061646,0.0
45.12,-5.619419574737549,-4.165575981140137,2.0,-0.47784823179244995,0.4772726893424988,0.0,0.8570245504379272,0.6146212816238403,0.0
45.13,-5.624152660369873,-4.160775661468506,2.0,-0.46928155422210693,0.4834202527999878,0.0,0.8567887544631958,0.6152490377426147,0.0
45.14,-5.62880277633667,-4.155910491943359,2.0,-0.4607158303260803,0.48957526683807373,0.0,0.856537938117981,0.6158657670021057,0.0
45.15,-5.633367538452148,-4.1509833335876465,2.0,-0.4521527886390686,0.49573612213134766,0.0,0.8562718629837036,0.6164717674255371,0.0
45.160000000000004,-5.637843132019043,-4.145998477935791,2.0,-0.4435938000679016,0.5019022226333618,0.0,0.8559901714324951,0.6170674562454224,0.0
45.17,-5.642236709594727,-4.140948295593262,2.0,-0.4350363612174988,0.5080751776695251,0.0,0.8556936383247375,0.6176519989967346,0.0
45.18,-5.646544456481934,-4.135836124420166,2.0,-0.4264819622039795,0.5142537951469421,0.0,0.8553818464279175,0.6182256937026978,0.0
45.19,-5.650763988494873,-4.1306657791137695,2.0,-0.41793209314346313,0.5204371809959412,0.0,0.855054497718811,0.61878901720047,0.0
45.2,-5.654900550842285,-4.125430583953857,2.0,-0.40938419103622437,0.5266270637512207,0.0,0.8547123074531555,0.6193410158157349,0.0
45.21,-5.658952236175537,-4.1201324462890625,2.0,-0.40083980560302734,0.5328225493431091,0.0,0.854354977607727,0.6198821067810059,0.0
45.22,-5.662915229797363,-4.114777088165283,2.0,-0.39230048656463623,0.5390223264694214,0.0,0.8539822101593018,0.6204128265380859,0.0
45.230000000000004,-5.6667962074279785,-4.1093549728393555,2.0,-0.38376349210739136,0.5452284216880798,0.0,0.8535946607589722,0.6209319829940796,0.0
45.24,-5.670591354370117,-4.103871822357178,2.0,-0.375230610370636,0.5514394640922546,0.0,0.8531919717788696,0.6214401721954346,0.0
45.25,-5.674298286437988,-4.098329544067383,2.0,-0.3667030930519104,0.557654619216919,0.0,0.8527739644050598,0.6219377517700195,0.0
45.26,-5.677923202514648,-4.092721462249756,2.0,-0.3581784963607788,0.5638757348060608,0.0,0.8523412346839905,0.6224238872528076,0.0
45.27,-5.681462287902832,-4.0870513916015625,2.0,-0.3496583104133606,0.5701016187667847,0.0,0.8518935441970825,0.6228988766670227,0.0
45.28,-5.6849141120910645,-4.08132266998291,2.0,-0.34114396572113037,0.5763314366340637,0.0,0.8514305353164673,0.6233631372451782,0.0
45.29,-5.688283443450928,-4.075528144836426,2.0,-0.33263301849365234,0.5825665593147278,0.0,0.8509528636932373,0.6238158345222473,0.0
45.300000000000004,-5.691567897796631,-4.069670677185059,2.0,-0.3241268992424011,0.5888060927391052,0.0,0.8504602909088135,0.6242573261260986,0.0
45.31,-5.694764137268066,-4.063755512237549,2.0,-0.31562715768814087,0.5950492024421692,0.0,0.8499524593353271,0.6246880292892456,0.0
45.32,-5.697877883911133,-4.057773113250732,2.0,-0.30713123083114624,0.6012973785400391,0.0,0.8494300842285156,0.6251069903373718,0.0
45.33,-5.7009077072143555,-4.05172872543335,2.0,-0.29864054918289185,0.6075499057769775,0.0,0.8488929271697998,0.6255146861076355,0.0
45.34,-5.7038493156433105,-4.04562520980835,2.0,-0.2901567220687866,0.61380535364151,0.0,0.848340630531311,0.6259114742279053,0.0
45.35,-5.706708908081055,-4.039455890655518,2.0,-0.28167712688446045,0.6200655698776245,0.0,0.8477739095687866,0.6262965202331543,0.0
45.36,-5.7094831466674805,-4.033223628997803,2.0,-0.27320319414138794,0.6263296604156494,0.0,0.8471922874450684,0.6266700625419617,0.0
45.37,-5.7121710777282715,-4.026932716369629,2.0,-0.2647365927696228,0.6325966119766235,0.0,0.8465957641601562,0.6270326972007751,0.0
45.38,-5.714776515960693,-4.020575046539307,2.0,-0.25627464056015015,0.6388679146766663,0.0,0.8459848165512085,0.6273834109306335,0.0
45.39,-5.717297554016113,-4.01415491104126,2.0,-0.24781888723373413,0.645142674446106,0.0,0.845359206199646,0.6277226805686951,0.0
45.4,-5.719730854034424,-4.007675647735596,2.0,-0.23937076330184937,0.6514199376106262,0.0,0.8447185754776001,0.6280508041381836,0.0
45.410000000000004,-5.72208309173584,-4.001130104064941,2.0,-0.23092788457870483,0.6577011942863464,0.0,0.8440636396408081,0.628367006778717,0.0
45.42,-5.724350929260254,-3.994521379470825,2.0,-0.2224915623664856,0.6639856696128845,0.0,0.8433942198753357,0.6286716461181641,0.0
45.43,-5.726531028747559,-3.98785400390625,2.0,-0.21406328678131104,0.6702722907066345,0.0,0.8427098989486694,0.6289651393890381,0.0
45.44,-5.728630542755127,-3.9811196327209473,2.0,-0.20564067363739014,0.6765625476837158,0.0,0.8420113325119019,0.6292464733123779,0.0
45.45,-5.730645179748535,-3.9743218421936035,2.0,-0.19722503423690796,0.6828556656837463,0.0,0.8412983417510986,0.6295161247253418,0.0
45.46,-5.732573509216309,-3.967466115951538,2.0,-0.1888180375099182,0.6891503930091858,0.0,0.8405705094337463,0.6297746896743774,0.0
45.47,-5.734419822692871,-3.960542678833008,2.0,-0.18041694164276123,0.695448637008667,0.0,0.839828610420227,0.6300209760665894,0.0
45.480000000000004,-5.736182689666748,-3.9535562992095947,2.0,-0.17202335596084595,0.7017492055892944,0.0,0.8390722274780273,0.6302555203437805,0.0
45.49,-5.737859725952148,-3.9465112686157227,2.0,-0.16363883018493652,0.7080512642860413,0.0,0.8383013606071472,0.6304787397384644,0.0
45.5,-5.73945426940918,-3.939399242401123,2.0,-0.1552606225013733,0.7143564224243164,0.0,0.8375163674354553,0.6306897401809692,0.0
45.51,-5.740965843200684,-3.9322240352630615,2.0,-0.1468905210494995,0.7206634879112244,0.0,0.8367170095443726,0.6308889389038086,0.0
45.52,-5.7423906326293945,-3.924989700317383,2.0,-0.13852959871292114,0.7269718050956726,0.0,0.8359032273292542,0.6310766935348511,0.0
45.53,-5.743735313415527,-3.9176883697509766,2.0,-0.13017570972442627,0.7332825660705566,0.0,0.8350754380226135,0.631252110004425,0.0
45.54,-5.7449951171875,-3.9103238582611084,2.0,-0.1218300461769104,0.7395951151847839,0.0,0.8342334032058716,0.631415605545044,0.0
45.550000000000004,-5.746170520782471,-3.902900218963623,2.0,-0.11349427700042725,0.7459085583686829,0.0,0.8333770036697388,0.631567656993866,0.0
45.56,-5.747264385223389,-3.89540958404541,2.0,-0.10516583919525146,0.7522241473197937,0.0,0.8325067162513733,0.6317073106765747,0.0
45.57,-5.748274803161621,-3.8878555297851562,2.0,-0.09684604406356812,0.7585409879684448,0.0,0.8316223621368408,0.6318349242210388,0.0
45.58,-5.749200820922852,-3.8802425861358643,2.0,-0.08853667974472046,0.7648583650588989,0.0,0.8307236433029175,0.6319509744644165,0.0
45.59,-5.750044345855713,-3.8725624084472656,2.0,-0.08023494482040405,0.7711775302886963,0.0,0.8298112154006958,0.6320545673370361,0.0
45.6,-5.750805854797363,-3.864819049835205,2.0,-0.07194232940673828,0.7774977684020996,0.0,0.8288847208023071,0.6321461200714111,0.0
45.61,-5.7514824867248535,-3.857016086578369,2.0,-0.06366050243377686,0.7838181853294373,0.0,0.8279440999031067,0.6322259902954102,0.0
45.62,-5.752078533172607,-3.8491463661193848,2.0,-0.05538672208786011,0.7901399731636047,0.0,0.8269897699356079,0.6322933435440063,0.0
45.63,-5.752592086791992,-3.8412132263183594,2.0,-0.04712259769439697,0.7964622974395752,0.0,0.8260215520858765,0.6323484182357788,0.0
45.64,-5.753020286560059,-3.833221197128296,2.0,-0.038869619369506836,0.8027845621109009,0.0,0.825039267539978,0.6323919296264648,0.0
45.65,-5.753368377685547,-3.8251616954803467,2.0,-0.030625104904174805,0.809107780456543,0.0,0.8240433931350708,0.6324228048324585,0.0
45.660000000000004,-5.753633975982666,-3.8170390129089355,2.0,-0.02239060401916504,0.8154312968254089,0.0,0.8230338096618652,0.6324414014816284,0.0
45.67,-5.753815650939941,-3.808856964111328,2.0,-0.0141676664352417,0.8217542767524719,0.0,0.8220101594924927,0.6324482560157776,0.0
45.68,-5.7539167404174805,-3.8006081581115723,2.0,-0.005953669548034668,0.8280778527259827,0.0,0.8209731578826904,0.6324424147605896,0.0
45.69,-5.753935813903809,-3.7922959327697754,2.0,0.00224989652633667,0.8344014286994934,0.0,0.8199224472045898,0.6324242949485779,0.0
45.7,-5.753870964050293,-3.7839243412017822,2.0,0.010441482067108154,0.840723991394043,0.0,0.8188577890396118,0.6323943138122559,0.0
45.71,-5.753726005554199,-3.7754855155944824,2.0,0.018623769283294678,0.8470467925071716,0.0,0.8177798986434937,0.6323515176773071,0.0
45.72,-5.753499984741211,-3.7669832706451416,2.0,0.026795268058776855,0.8533692359924316,0.0,0.8166884779930115,0.6322964429855347,0.0
45.730000000000004,-5.753190040588379,-3.758422374725342,2.0,0.03495430946350098,0.8596903681755066,0.0,0.8155832886695862,0.6322294473648071,0.0
45.74,-5.752800464630127,-3.7497940063476562,2.0,0.043103694915771484,0.8660115599632263,0.0,0.814464807510376,0.6321495771408081,0.0
45.75,-5.752329349517822,-3.7411022186279297,2.0,0.05124175548553467,0.8723316192626953,0.0,0.8133329749107361,0.6320573091506958,0.0
45.76,-5.75177526473999,-3.732351541519165,2.0,0.05936706066131592,0.8786502480506897,0.0,0.8121874332427979,0.6319531202316284,0.0
45.77,-5.751141548156738,-3.7235333919525146,2.0,0.06748229265213013,0.8849684596061707,0.0,0.8110288381576538,0.6318359375,0.0
45.78,-5.750426769256592,-3.7146520614624023,2.0,0.07558590173721313,0.8912851810455322,0.0,0.8098569512367249,0.6317063570022583,0.0
45.79,-5.749629020690918,-3.70571231842041,2.0,0.08367615938186646,0.8976000547409058,0.0,0.8086715340614319,0.631564736366272,0.0
45.800000000000004,-5.748753070831299,-3.696704864501953,2.0,0.09175604581832886,0.903914213180542,0.0,0.8074731826782227,0.6314101219177246,0.0
45.81,-5.747796058654785,-3.687634229660034,2.0,0.09982377290725708,0.910226583480835,0.0,0.8062615990638733,0.6312429904937744,0.0
45.82,-5.746756553649902,-3.678504467010498,2.0,0.10787802934646606,0.9165366888046265,0.0,0.8050366640090942,0.6310638189315796,0.0
45.83,-5.745637893676758,-3.6693077087402344,2.0,0.11592137813568115,0.9228453636169434,0.0,0.8037987947463989,0.6308715343475342,0.0
45.84,-5.744439601898193,-3.660048007965088,2.0,0.12395220994949341,0.9291523098945618,0.0,0.8025479316711426,0.6306667327880859,0.0
45.85,-5.743158340454102,-3.650729179382324,2.0,0.13196903467178345,0.935456395149231,0.0,0.8012837171554565,0.6304497718811035,0.0
45.86,-5.741800308227539,-3.641343593597412,2.0,0.13997477293014526,0.9417589902877808,0.0,0.8000068664550781,0.6302196979522705,0.0
45.87,-5.740361213684082,-3.631894588470459,2.0,0.14796745777130127,0.94805908203125,0.0,0.7987170219421387,0.6299769878387451,0.0
45.88,-5.7388410568237305,-3.622386932373047,2.0,0.1559457778930664,0.9543561935424805,0.0,0.7974141240119934,0.6297221183776855,0.0
45.89,-5.737242221832275,-3.612812042236328,2.0,0.16391253471374512,0.9606512188911438,0.0,0.7960985898971558,0.6294541358947754,0.0
45.9,-5.735564231872559,-3.6031742095947266,2.0,0.1718660593032837,0.9669435024261475,0.0,0.7947701811790466,0.6291733980178833,0.0
45.910000000000004,-5.733805179595947,-3.593477725982666,2.0,0.17980480194091797,0.9732323288917542,0.0,0.7934287786483765,0.6288804411888123,0.0
45.92,-5.731967926025391,-3.583714485168457,2.0,0.18773138523101807,0.979518711566925,0.0,0.7920749187469482,0.6285743117332458,0.0
45.93,-5.7300519943237305,-3.573887825012207,2.0,0.19564449787139893,0.9858020544052124,0.0,0.7907083630561829,0.6282554268836975,0.0
45.94,-5.728055000305176,-3.5640029907226562,2.0,0.20354241132736206,0.9920814633369446,0.0,0.789328932762146,0.6279242634773254,0.0
45.95,-5.72598123550415,-3.554050922393799,2.0,0.21142786741256714,0.9983580708503723,0.0,0.7879372835159302,0.6275798082351685,0.0
45.96,-5.7238287925720215,-3.544036388397217,2.0,0.21929943561553955,1.0046312808990479,0.0,0.7865329384803772,0.6272226572036743,0.0
45.97,-5.721595764160156,-3.533963203430176,2.0,0.2271553874015808,1.0109002590179443,0.0,0.7851159572601318,0.6268531084060669,0.0
45.980000000000004,-5.71928596496582,-3.5238232612609863,2.0,0.23499858379364014,1.017166018486023,0.0,0.783686637878418,0.6264703273773193,0.0
45.99,-5.716897010803223,-3.513620376586914,2.0,0.24282747507095337,1.0234278440475464,0.0,0.7822449803352356,0.6260746717453003,0.0
46.0,-5.7144293785095215,-3.50335955619812,2.0,0.250640332698822,1.0296852588653564,0.0,0.7807908058166504,0.625666618347168,0.0
46.01,-5.711885452270508,-3.4930317401885986,2.0,0.25844013690948486,1.0359389781951904,0.0,0.7793244123458862,0.6252453327178955,0.0
46.02,-5.709262847900391,-3.4826412200927734,2.0,0.2662251591682434,1.042188286781311,0.0,0.7778457999229431,0.624811053276062,0.0
46.03,-5.706561088562012,-3.4721932411193848,2.0,0.2739938497543335,1.0484328269958496,0.0,0.7763546705245972,0.6243644952774048,0.0
46.04,-5.70378303527832,-3.4616775512695312,2.0,0.2817491292953491,1.054673194885254,0.0,0.7748516798019409,0.6239044666290283,0.0
46.050000000000004,-5.700928211212158,-3.4510998725891113,2.0,0.289489209651947,1.0609092712402344,0.0,0.7733365297317505,0.6234315633773804,0.0
46.06,-5.697994232177734,-3.440464496612549,2.0,0.29721271991729736,1.0671396255493164,0.0,0.7718091011047363,0.6229462027549744,0.0
46.07,-5.694984436035156,-3.429762363433838,2.0,0.30492228269577026,1.0733656883239746,0.0,0.7702697515487671,0.6224474310874939,0.0
46.08,-5.691897869110107,-3.4189977645874023,2.0,0.31261640787124634,1.0795867443084717,0.0,0.7687184810638428,0.6219357252120972,0.0
46.09,-5.688732624053955,-3.4081757068634033,2.0,0.3202935457229614,1.0858020782470703,0.0,0.7671551704406738,0.6214115619659424,0.0
46.1,-5.685492515563965,-3.397286891937256,2.0,0.3279564380645752,1.092012643814087,0.0,0.7655799388885498,0.6208739280700684,0.0
46.11,-5.682176113128662,-3.386336088180542,2.0,0.3356035351753235,1.0982177257537842,0.0,0.7639930248260498,0.6203233003616333,0.0
46.12,-5.678781032562256,-3.3753275871276855,2.0,0.34323322772979736,1.104416847229004,0.0,0.7623940110206604,0.6197601556777954,0.0
46.13,-5.67531156539917,-3.364253044128418,2.0,0.35084837675094604,1.1106107234954834,0.0,0.7607834935188293,0.6191835403442383,0.0
46.14,-5.67176628112793,-3.353116512298584,2.0,0.3584473133087158,1.1167988777160645,0.0,0.7591612339019775,0.6185939311981201,0.0
46.15,-5.6681437492370605,-3.3419222831726074,2.0,0.36602848768234253,1.1229803562164307,0.0,0.7575272917747498,0.6179918050765991,0.0
46.160000000000004,-5.6644463539123535,-3.330662250518799,2.0,0.3735947012901306,1.1291563510894775,0.0,0.7558817863464355,0.6173761487007141,0.0
46.17,-5.660674095153809,-3.3193399906158447,2.0,0.38114452362060547,1.1353260278701782,0.0,0.7542247176170349,0.6167474389076233,0.0
46.18,-5.656824588775635,-3.3079609870910645,2.0,0.38867616653442383,1.141489028930664,0.0,0.7525559067726135,0.6161061525344849,0.0
46.19,-5.652901649475098,-3.296515464782715,2.0,0.39619261026382446,1.1476459503173828,0.0,0.7508759498596191,0.6154513955116272,0.0
46.2,-5.648902893066406,-3.285008668899536,2.0,0.4036921262741089,1.1537961959838867,0.0,0.7491844892501831,0.6147834658622742,0.0
46.21,-5.6448283195495605,-3.2734451293945312,2.0,0.4111731946468353,1.1599392890930176,0.0,0.7474815249443054,0.6141030788421631,0.0
46.22,-5.640680313110352,-3.2618155479431152,2.0,0.4186387062072754,1.1660759449005127,0.0,0.7457674741744995,0.6134090423583984,0.0
46.230000000000004,-5.636457920074463,-3.250124454498291,2.0,0.42608699202537537,1.1722056865692139,0.0,0.7440420985221863,0.6127018928527832,0.0
46.24,-5.63215970993042,-3.2383768558502197,2.0,0.4335164427757263,1.1783277988433838,0.0,0.742305338382721,0.6119822263717651,0.0
46.25,-5.62778902053833,-3.2265634536743164,2.0,0.4409301280975342,1.1844431161880493,0.0,0.7405576109886169,0.6112489104270935,0.0
46.26,-5.6233439445495605,-3.214688777923584,2.0,0.4483261704444885,1.1905510425567627,0.0,0.7387988567352295,0.6105024814605713,0.0
46.27,-5.618823528289795,-3.2027578353881836,2.0,0.4557030498981476,1.1966509819030762,0.0,0.7370287775993347,0.6097434759140015,0.0
46.28,-5.614231109619141,-3.1907615661621094,2.0,0.4630637466907501,1.202743649482727,0.0,0.7352478504180908,0.6089708805084229,0.0
46.29,-5.609564304351807,-3.178704261779785,2.0,0.47040650248527527,1.2088285684585571,0.0,0.733456015586853,0.6081851124763489,0.0
46.300000000000004,-5.604823589324951,-3.166590452194214,2.0,0.47772979736328125,1.2149051427841187,0.0,0.7316531538963318,0.6073867082595825,0.0
46.31,-5.600011348724365,-3.154411792755127,2.0,0.48503655195236206,1.220974087715149,0.0,0.729839563369751,0.6065747141838074,0.0
46.32,-5.595125198364258,-3.142171859741211,2.0,0.49232515692710876,1.2270348072052002,0.0,0.7280151844024658,0.6057495474815369,0.0
46.33,-5.590166091918945,-3.1298766136169434,2.0,0.4995938837528229,1.2330868244171143,0.0,0.7261798977851868,0.6049118041992188,0.0
46.34,-5.585134983062744,-3.117516040802002,2.0,0.5068457126617432,1.2391308546066284,0.0,0.7243340611457825,0.6040602922439575,0.0
46.35,-5.580031394958496,-3.105095148086548,2.0,0.5140790939331055,1.2451661825180054,0.0,0.7224776148796082,0.6031957268714905,0.0
46.36,-5.574854850769043,-3.092618465423584,2.0,0.5212923288345337,1.251192569732666,0.0,0.7206103801727295,0.6023184657096863,0.0
46.37,-5.569606781005859,-3.0800771713256836,2.0,0.528488278388977,1.257210373878479,0.0,0.7187328338623047,0.6014275550842285,0.0
46.38,-5.5642876625061035,-3.0674755573272705,2.0,0.5356655716896057,1.2632192373275757,0.0,0.7168447971343994,0.6005235314369202,0.0
46.39,-5.558895111083984,-3.054818630218506,2.0,0.5428222417831421,1.2692186832427979,0.0,0.7149461507797241,0.5996068120002747,0.0
46.4,-5.553432941436768,-3.0420970916748047,2.0,0.5499614477157593,1.2752091884613037,0.0,0.7130373120307922,0.5986764430999756,0.0
46.410000000000004,-5.54789924621582,-3.02931547164917,2.0,0.5570815801620483,1.2811903953552246,0.0,0.7111181020736694,0.5977328419685364,0.0
46.42,-5.542292594909668,-3.016479015350342,2.0,0.5641809105873108,1.2871617078781128,0.0,0.7091885209083557,0.5967766642570496,0.0
46.43,-5.536616802215576,-3.0035781860351562,2.0,0.5712624788284302,1.293123722076416,0.0,0.7072488069534302,0.5958067774772644,0.0
46.44,-5.53087043762207,-2.9906177520751953,2.0,0.578324556350708,1.2990760803222656,0.0,0.7052990198135376,0.5948237180709839,0.0
46.45,-5.525052070617676,-2.977602481842041,2.0,0.5853655338287354,1.3050180673599243,0.0,0.7033390402793884,0.593828022480011,0.0
46.46,-5.519164562225342,-2.9645233154296875,2.0,0.592388391494751,1.3109503984451294,0.0,0.701369047164917,0.5928186178207397,0.0
46.47,-5.513206958770752,-2.951385021209717,2.0,0.599391520023346,1.3168725967407227,0.0,0.6993890404701233,0.5917961001396179,0.0
46.480000000000004,-5.50717830657959,-2.9381918907165527,2.0,0.6063733100891113,1.3227843046188354,0.0,0.6973990797996521,0.5907608866691589,0.0
46.49,-5.5010809898376465,-2.9249353408813477,2.0,0.6133366823196411,1.3286857604980469,0.0,0.695399284362793,0.5897120237350464,0.0
46.5,-5.494914531707764,-2.9116196632385254,2.0,0.6202799677848816,1.3345767259597778,0.0,0.6933896541595459,0.5886499285697937,0.0
46.51,-5.488677501678467,-2.898249864578247,2.0,0.6272015571594238,1.3404566049575806,0.0,0.6913701891899109,0.5875752568244934,0.0
46.52,-5.482372283935547,-2.8848166465759277,2.0,0.6341044902801514,1.3463261127471924,0.0,0.6893410682678223,0.5864868760108948,0.0
46.53,-5.4759979248046875,-2.8713247776031494,2.0,0.6409870386123657,1.352184534072876,0.0,0.6873023509979248,0.5853853225708008,0.0
46.54,-5.469554424285889,-2.857779026031494,2.0,0.6478476524353027,1.3580315113067627,0.0,0.6852538585662842,0.5842711329460144,0.0
46.550000000000004,-5.463043212890625,-2.844170331954956,2.0,0.6546893119812012,1.3638677597045898,0.0,0.683195948600769,0.5831432938575745,0.0
46.56,-5.45646333694458,-2.830503225326538,2.0,0.6615102291107178,1.3696925640106201,0.0,0.6811285018920898,0.5820022225379944,0.0
46.57,-5.449814796447754,-2.8167827129364014,2.0,0.6683090329170227,1.375505805015564,0.0,0.6790515780448914,0.5808486342430115,0.0
46.58,-5.443099498748779,-2.802999258041382,2.0,0.6750884652137756,1.381307601928711,0.0,0.6769653558731079,0.5796812772750854,0.0
46.59,-5.436316013336182,-2.7891578674316406,2.0,0.6818470358848572,1.3870975971221924,0.0,0.6748697757720947,0.5785008668899536,0.0
46.6,-5.429464817047119,-2.775263547897339,2.0,0.6885830163955688,1.3928755521774292,0.0,0.6727648973464966,0.5773077607154846,0.0
46.61,-5.422546863555908,-2.7613067626953125,2.0,0.695299506187439,1.3986417055130005,0.0,0.670650839805603,0.5761010646820068,0.0
46.62,-5.415561676025391,-2.7472925186157227,2.0,0.7019948959350586,1.4043958187103271,0.0,0.6685276627540588,0.5748811960220337,0.0
46.63,-5.408508777618408,-2.733225107192993,2.0,0.7086672782897949,1.4101371765136719,0.0,0.6663953065872192,0.5736487507820129,0.0
46.64,-5.401390075683594,-2.7190959453582764,2.0,0.7153199315071106,1.4158666133880615,0.0,0.6642539501190186,0.5724026560783386,0.0
46.65,-5.394205093383789,-2.704909563064575,2.0,0.7219511866569519,1.4215834140777588,0.0,0.6621036529541016,0.5711434483528137,0.0
46.660000000000004,-5.386953830718994,-2.6906704902648926,2.0,0.7285592555999756,1.4272875785827637,0.0,0.6599443554878235,0.5698716640472412,0.0
46.67,-5.379636764526367,-2.676370143890381,2.0,0.7351472973823547,1.432978868484497,0.0,0.6577762961387634,0.5685862302780151,0.0
46.68,-5.37225341796875,-2.662012815475464,2.0,0.7417135834693909,1.4386574029922485,0.0,0.6555994153022766,0.5672877430915833,0.0
46.69,-5.364804267883301,-2.6476035118103027,2.0,0.748256504535675,1.4443227052688599,0.0,0.6534136533737183,0.5659766793251038,0.0
46.7,-5.357290744781494,-2.6331329345703125,2.0,0.7547791004180908,1.4499748945236206,0.0,0.651219367980957,0.5646519660949707,0.0
46.71,-5.349711894989014,-2.618605613708496,2.0,0.7612797021865845,1.4556138515472412,0.0,0.6490163803100586,0.5633142590522766,0.0
46.72,-5.342067718505859,-2.604027032852173,2.0,0.7677567005157471,1.461239218711853,0.0,0.6468047499656677,0.5619639754295349,0.0
46.730000000000004,-5.334359169006348,-2.5893874168395996,2.0,0.7742130756378174,1.4668512344360352,0.0,0.6445847153663635,0.5606001019477844,0.0
46.74,-5.326586723327637,-2.5746917724609375,2.0,0.7806472778320312,1.472449541091919,0.0,0.6423561573028564,0.5592231750488281,0.0
46.75,-5.318748950958252,-2.5599451065063477,2.0,0.7870575189590454,1.4780336618423462,0.0,0.6401192545890808,0.5578337907791138,0.0
46.76,-5.310847759246826,-2.545137882232666,2.0,0.793446958065033,1.483604073524475,0.0,0.6378739476203918,0.5564308166503906,0.0
46.77,-5.302883148193359,-2.5302748680114746,2.0,0.7998139262199402,1.4891605377197266,0.0,0.6356204152107239,0.5550147891044617,0.0
46.78,-5.294854640960693,-2.5153610706329346,2.0,0.8061566352844238,1.4947025775909424,0.0,0.6333586573600769,0.5535863041877747,0.0
46.79,-5.286762714385986,-2.50038743019104,2.0,0.8124783635139465,1.500230312347412,0.0,0.6310887336730957,0.5521442890167236,0.0
46.800000000000004,-5.2786078453063965,-2.485358476638794,2.0,0.8187773823738098,1.5057435035705566,0.0,0.6288107633590698,0.5506893396377563,0.0
46.81,-5.270389556884766,-2.4702792167663574,2.0,0.8250519037246704,1.5112420320510864,0.0,0.6265246272087097,0.5492218732833862,0.0
46.82,-5.262109279632568,-2.4551403522491455,2.0,0.831305205821991,1.516726016998291,0.0,0.6242305636405945,0.5477409362792969,0.0
46.83,-5.2537665367126465,-2.4399466514587402,2.0,0.8375355005264282,1.5221951007843018,0.0,0.6219286322593689,0.5462470650672913,0.0
46.84,-5.245361328125,-2.4247031211853027,2.0,0.8437411189079285,1.527649164199829,0.0,0.6196187734603882,0.5447407364845276,0.0
46.85,-5.236894607543945,-2.409400463104248,2.0,0.8499252200126648,1.533087968826294,0.0,0.6173011064529419,0.5432209372520447,0.0
46.86,-5.228366374969482,-2.394043445587158,2.0,0.8560861349105835,1.5385116338729858,0.0,0.6149758100509644,0.5416882634162903,0.0
46.87,-5.219775676727295,-2.3786370754241943,2.0,0.8622220754623413,1.5439199209213257,0.0,0.6126426458358765,0.5401431918144226,0.0
46.88,-5.211124420166016,-2.3631718158721924,2.0,0.8683363795280457,1.5493125915527344,0.0,0.6103019714355469,0.5385847091674805,0.0
46.89,-5.202412128448486,-2.3476529121398926,2.0,0.874427080154419,1.5546897649765015,0.0,0.6079537272453308,0.5370132923126221,0.0
46.9,-5.193639278411865,-2.332084894180298,2.0,0.8804928064346313,1.5600510835647583,0.0,0.6055980324745178,0.5354295969009399,0.0
46.910000000000004,-5.184805393218994,-2.3164587020874023,2.0,0.8865364789962769,1.5653965473175049,0.0,0.6032348275184631,0.5338325500488281,0.0
46.92,-5.1759114265441895,-2.300779104232788,2.0,0.8925565481185913,1.570725917816162,0.0,0.6008642911911011,0.5322226285934448,0.0
46.93,-5.166956901550293,-2.285051107406616,2.0,0.8985512256622314,1.57603919506073,0.0,0.5984863638877869,0.530600368976593,0.0
46.94,-5.1579437255859375,-2.2692651748657227,2.0,0.9045236706733704,1.5813360214233398,0.0,0.5961012840270996,0.5289648175239563,0.0
46.95,-5.14886999130249,-2.2534265518188477,2.0,0.9104722738265991,1.5866166353225708,0.0,0.593708872795105,0.5273164510726929,0.0
46.96,-5.139736652374268,-2.237539768218994,2.0,0.9163953065872192,1.5918805599212646,0.0,0.5913093686103821,0.5256558656692505,0.0
46.97,-5.130545139312744,-2.2215960025787354,2.0,0.9222959280014038,1.597127914428711,0.0,0.5889028906822205,0.5239819884300232,0.0
46.980000000000004,-5.1212944984436035,-2.205599546432495,2.0,0.9281724691390991,1.6023584604263306,0.0,0.5864893794059753,0.522295355796814,0.0
46.99,-5.111984729766846,-2.1895556449890137,2.0,0.9340231418609619,1.607572078704834,0.0,0.5840688347816467,0.5205965042114258,0.0
47.0,-5.102616786956787,-2.173455238342285,2.0,0.9398512840270996,1.612768530845642,0.0,0.581641435623169,0.5188844203948975,0.0
47.01,-5.093191146850586,-2.1573028564453125,2.0,0.945655107498169,1.6179479360580444,0.0,0.5792072415351868,0.517159640789032,0.0
47.02,-5.083707332611084,-2.1411032676696777,2.0,0.9514329433441162,1.623110055923462,0.0,0.5767662525177002,0.5154227018356323,0.0
47.03,-5.0741658210754395,-2.124847650527954,2.0,0.9571879506111145,1.6282546520233154,0.0,0.574318528175354,0.5136725902557373,0.0
47.04,-5.064566612243652,-2.1085405349731445,2.0,0.9629184007644653,1.6333816051483154,0.0,0.5718641877174377,0.5119098424911499,0.0
47.050000000000004,-5.054911136627197,-2.0921871662139893,2.0,0.9686227440834045,1.6384910345077515,0.0,0.5694032907485962,0.5101349949836731,0.0
47.06,-5.045197486877441,-2.075777769088745,2.0,0.9743040204048157,1.6435825824737549,0.0,0.5669358372688293,0.5083469748497009,0.0
47.07,-5.035428047180176,-2.0593178272247314,2.0,0.979960560798645,1.6486563682556152,0.0,0.5644619464874268,0.5065463781356812,0.0
47.08,-5.025601387023926,-2.042811870574951,2.0,0.9855908155441284,1.6537117958068848,0.0,0.5619816780090332,0.5047338008880615,0.0
47.09,-5.015719413757324,-2.0262508392333984,2.0,0.9911977648735046,1.6587492227554321,0.0,0.5594950914382935,0.5029081106185913,0.0
47.1,-5.005781650543213,-2.0096395015716553,2.0,0.9967799186706543,1.6637682914733887,0.0,0.5570021867752075,0.5010699033737183,0.0
47.11,-4.995787143707275,-1.9929827451705933,2.0,1.0023354291915894,1.6687687635421753,0.0,0.5545031428337097,0.499219685792923,0.0
47.12,-4.9857378005981445,-1.9762712717056274,2.0,1.0078675746917725,1.673750877380371,0.0,0.5519979000091553,0.49735647439956665,0.0
47.13,-4.97563362121582,-1.959510087966919,2.0,1.0133745670318604,1.6787142753601074,0.0,0.5494865775108337,0.4954807758331299,0.0
47.14,-4.9654741287231445,-1.9427043199539185,2.0,1.0188548564910889,1.6836588382720947,0.0,0.5469691753387451,0.4935931861400604,0.0
47.15,-4.955259799957275,-1.9258443117141724,2.0,1.0243115425109863,1.6885844469070435,0.0,0.5444459319114685,0.4916926324367523,0.0
47.160000000000004,-4.944991588592529,-1.9089351892471313,2.0,1.029742956161499,1.693490982055664,0.0,0.5419167280197144,0.4897797107696533,0.0
47.17,-4.93466854095459,-1.891981840133667,2.0,1.0351475477218628,1.698378324508667,0.0,0.539381742477417,0.48785489797592163,0.0
47.18,-4.924291610717773,-1.8749748468399048,2.0,1.0405282974243164,1.7032463550567627,0.0,0.5368409156799316,0.48591718077659607,0.0
47.19,-4.9138617515563965,-1.857919454574585,2.0,1.0458835363388062,1.7080949544906616,0.0,0.5342944264411926,0.4839671850204468,0.0
47.2,-4.903378009796143,-1.8408204317092896,2.0,1.0512118339538574,1.7129240036010742,0.0,0.5317423343658447,0.48200538754463196,0.0
47.21,-4.892841339111328,-1.8236684799194336,2.0,1.0565160512924194,1.7177335023880005,0.0,0.5291845798492432,0.48003074526786804,0.0
47.22,-4.882251262664795,-1.8064683675765991,2.0,1.0617947578430176,1.7225229740142822,0.0,0.526621401309967,0.4780438542366028,0.0
47.230000000000004,-4.871608734130859,-1.7892253398895264,2.0,1.0670461654663086,1.727292776107788,0.0,0.5240526795387268,0.47604525089263916,0.0
47.24,-4.8609137535095215,-1.7719299793243408,2.0,1.0722734928131104,1.7320423126220703,0.0,0.5214786529541016,0.474033921957016,0.0
47.25,-4.8501667976379395,-1.7545872926712036,2.0,1.0774750709533691,1.7367717027664185,0.0,0.5188992023468018,0.47201037406921387,0.0
47.26,-4.8393683433532715,-1.7372021675109863,2.0,1.0826492309570312,1.7414809465408325,0.0,0.5163145661354065,0.46997523307800293,0.0
47.27,-4.828517436981201,-1.719765067100525,2.0,1.087799072265625,1.7461695671081543,0.0,0.5137247443199158,0.46792736649513245,0.0
47.28,-4.817615509033203,-1.7022814750671387,2.0,1.0929230451583862,1.750837802886963,0.0,0.5111296772956848,0.46586740016937256,0.0
47.29,-4.8066630363464355,-1.6847559213638306,2.0,1.0980193614959717,1.7554854154586792,0.0,0.5085296630859375,0.46379590034484863,0.0
47.300000000000004,-4.795659065246582,-1.6671793460845947,2.0,1.1030913591384888,1.7601121664047241,0.0,0.5059245228767395,0.4617117941379547,0.0
47.31,-4.784604549407959,-1.6495565176010132,2.0,1.1081372499465942,1.7647180557250977,0.0,0.5033144950866699,0.4596156179904938,0.0
47.32,-4.773500442504883,-1.631892442703247,2.0,1.1131553649902344,1.7693029642105103,0.0,0.5006995797157288,0.4575079679489136,0.0
47.33,-4.762345314025879,-1.614177942276001,2.0,1.1181490421295166,1.7738666534423828,0.0,0.49807989597320557,0.45538783073425293,0.0
47.34,-4.75114107131958,-1.596418023109436,2.0,1.123116374015808,1.7784090042114258,0.0,0.4954553246498108,0.4532557427883148,0.0
47.35,-4.739887237548828,-1.5786174535751343,2.0,1.1280559301376343,1.7829301357269287,0.0,0.4928261935710907,0.4511122405529022,0.0
47.36,-4.728583812713623,-1.5607670545578003,2.0,1.1329706907272339,1.787429690361023,0.0,0.49019238352775574,0.44895631074905396,0.0
47.37,-4.717231273651123,-1.5428717136383057,2.0,1.1378591060638428,1.791907787322998,0.0,0.4875539541244507,0.446788489818573,0.0
47.38,-4.705831050872803,-1.524936556816101,2.0,1.1427196264266968,1.7963640689849854,0.0,0.484911173582077,0.4446093440055847,0.0
47.39,-4.694381237030029,-1.506952166557312,2.0,1.1475552320480347,1.8007984161376953,0.0,0.48226383328437805,0.4424178898334503,0.0
47.4,-4.682883262634277,-1.4889235496520996,2.0,1.1523642539978027,1.8052107095718384,0.0,0.4796121120452881,0.4402146339416504,0.0
47.410000000000004,-4.671338081359863,-1.470855712890625,2.0,1.1571452617645264,1.8096013069152832,0.0,0.4769561290740967,0.4380001723766327,0.0
47.42,-4.659744739532471,-1.4527392387390137,2.0,1.1619012355804443,1.813969373703003,0.0,0.47429588437080383,0.43577340245246887,0.0
47.43,-4.648103713989258,-1.4345793724060059,2.0,1.1666306257247925,1.818315029144287,0.0,0.47163140773773193,0.43353497982025146,0.0
47.44,-4.636415958404541,-1.4163806438446045,2.0,1.171331763267517,1.8226386308670044,0.0,0.46896296739578247,0.43128541111946106,0.0
47.45,-4.624680995941162,-1.3981342315673828,2.0,1.1760077476501465,1.826939344406128,0.0,0.46629032492637634,0.4290236830711365,0.0
47.46,-4.6128997802734375,-1.3798450231552124,2.0,1.180657148361206,1.8312174081802368,0.0,0.46361368894577026,0.4267503619194031,0.0
47.47,-4.601072311401367,-1.3615176677703857,2.0,1.1852779388427734,1.8354729413986206,0.0,0.46093320846557617,0.42446595430374146,0.0
47.480000000000004,-4.589198112487793,-1.3431432247161865,2.0,1.1898735761642456,1.8397053480148315,0.0,0.4582488238811493,0.4221694767475128,0.0
47.49,-4.577278137207031,-1.3247268199920654,2.0,1.1944425106048584,1.8439147472381592,0.0,0.4555606245994568,0.4198615550994873,0.0
47.5,-4.565313816070557,-1.3062727451324463,2.0,1.1989827156066895,1.848101258277893,0.0,0.452868789434433,0.41754257678985596,0.0
47.51,-4.553303241729736,-1.287772536277771,2.0,1.2034977674484253,1.852264165878296,0.0,0.45017319917678833,0.4152117371559143,0.0
47.52,-4.541247367858887,-1.269230842590332,2.0,1.207985758781433,1.8564038276672363,0.0,0.44747394323349,0.4128694236278534,0.0
47.53,-4.529147624969482,-1.2506523132324219,2.0,1.2124452590942383,1.8605202436447144,0.0,0.44477128982543945,0.41051626205444336,0.0
47.54,-4.517003059387207,-1.2320282459259033,2.0,1.21687912940979,1.8646128177642822,0.0,0.44206503033638,0.408151239156723,0.0
47.550000000000004,-4.5048136711120605,-1.2133634090423584,2.0,1.2212860584259033,1.868681788444519,0.0,0.43935540318489075,0.40577489137649536,0.0
47.56,-4.492581844329834,-1.1946625709533691,2.0,1.2256642580032349,1.8727271556854248,0.0,0.43664249777793884,0.40338781476020813,0.0
47.57,-4.480305194854736,-1.1759166717529297,2.0,1.2300169467926025,1.8767480850219727,0.0,0.43392619490623474,0.40098893642425537,0.0
47.58,-4.467985153198242,-1.1571308374404907,2.0,1.234342336654663,1.8807452917099,0.0,0.4312066435813904,0.3985788822174072,0.0
47.59,-4.455623149871826,-1.1383098363876343,2.0,1.2386391162872314,1.8847185373306274,0.0,0.4284840524196625,0.3961581587791443,0.0
47.6,-4.4432172775268555,-1.1194443702697754,2.0,1.2429101467132568,1.888667106628418,0.0,0.42575833201408386,0.39372575283050537,0.0
47.61,-4.430768013000488,-1.1005396842956543,2.0,1.2471537590026855,1.8925914764404297,0.0,0.4230295419692993,0.39128226041793823,0.0
47.62,-4.418278217315674,-1.0816006660461426,2.0,1.2513686418533325,1.8964916467666626,0.0,0.4202978014945984,0.38882821798324585,0.0
47.63,-4.405745506286621,-1.0626178979873657,2.0,1.2555577754974365,1.9003667831420898,0.0,0.41756314039230347,0.38636261224746704,0.0
47.64,-4.3931708335876465,-1.0435965061187744,2.0,1.2597196102142334,1.9042173624038696,0.0,0.4148256182670593,0.38388603925704956,0.0
47.65,-4.380555629730225,-1.0245416164398193,2.0,1.2638523578643799,1.908043384552002,0.0,0.4120854437351227,0.381399005651474,0.0
47.660000000000004,-4.367898464202881,-1.005443811416626,2.0,1.2679593563079834,1.91184401512146,0.0,0.4093424081802368,0.37890052795410156,0.0
47.67,-4.355200290679932,-0.9863080978393555,2.0,1.2720389366149902,1.9156196117401123,0.0,0.40659675002098083,0.3763911724090576,0.0
47.68,-4.342462539672852,-0.9671394228935242,2.0,1.2760894298553467,1.9193706512451172,0.0,0.40384864807128906,0.37387147545814514,0.0
47.69,-4.329683303833008,-0.947928786277771,2.0,1.2801140546798706,1.923095941543579,0.0,0.4010978937149048,0.37134045362472534,0.0
47.7,-4.316863536834717,-0.9286810159683228,2.0,1.2841111421585083,1.9267959594726562,0.0,0.39834463596343994,0.3687986731529236,0.0
47.71,-4.3040056228637695,-0.9094010591506958,2.0,1.288079023361206,1.9304708242416382,0.0,0.39558911323547363,0.36624667048454285,0.0
47.72,-4.291107177734375,-0.8900796175003052,2.0,1.2920210361480713,1.934119701385498,0.0,0.3928312063217163,0.36368343234062195,0.0
47.730000000000004,-4.278168678283691,-0.8707220554351807,2.0,1.2959353923797607,1.9377429485321045,0.0,0.39007100462913513,0.36110955476760864,0.0
47.74,-4.265192985534668,-0.8513329029083252,2.0,1.2998206615447998,1.9413409233093262,0.0,0.3873087167739868,0.3585255742073059,0.0
47.75,-4.2521772384643555,-0.831903338432312,2.0,1.3036797046661377,1.9449124336242676,0.0,0.3845441937446594,0.35593050718307495,0.0
47.76,-4.239123344421387,-0.8124381303787231,2.0,1.3075112104415894,1.948457956314087,0.0,0.3817776143550873,0.35332489013671875,0.0
47.77,-4.226032257080078,-0.7929424047470093,2.0,1.311313509941101,1.9519778490066528,0.0,0.37900906801223755,0.35070931911468506,0.0
47.78,-4.212901592254639,-0.7734068632125854,2.0,1.3150895833969116,1.9554710388183594,0.0,0.37623846530914307,0.3480827212333679,0.0
47.79,-4.199734210968018,-0.7538365125656128,2.0,1.3188380002975464,1.9589381217956543,0.0,0.37346604466438293,0.34544575214385986,0.0
47.800000000000004,-4.186530113220215,-0.7342362403869629,2.0,1.3225570917129517,1.9623788595199585,0.0,0.37069183588027954,0.3427988886833191,0.0
47.81,-4.173287868499756,-0.714597225189209,2.0,1.3262500762939453,1.9657928943634033,0.0,0.3679158091545105,0.3401412069797516,0.0
47.82,-4.160008907318115,-0.694923996925354,2.0,1.3299152851104736,1.9691803455352783,0.0,0.36513808369636536,0.33747321367263794,0.0
47.83,-4.146694183349609,-0.6752218008041382,2.0,1.333551049232483,1.972541332244873,0.0,0.36235886812210083,0.3347954750061035,0.0
47.84,-4.133342266082764,-0.6554814577102661,2.0,1.3371607065200806,1.9758751392364502,0.0,0.3595779538154602,0.3321070075035095,0.0
47.85,-4.119955062866211,-0.6357079744338989,2.0,1.3407424688339233,1.9791821241378784,0.0,0.3567955493927002,0.3294084072113037,0.0
47.86,-4.106533050537109,-0.6159060001373291,2.0,1.3442949056625366,1.9824622869491577,0.0,0.35401177406311035,0.3267001509666443,0.0
47.870000000000005,-4.093074321746826,-0.5960668325424194,2.0,1.3478209972381592,1.9857151508331299,0.0,0.3512265384197235,0.32398131489753723,0.0
47.88,-4.079579830169678,-0.5761953592300415,2.0,1.3513193130493164,1.9889404773712158,0.0,0.34843993186950684,0.3212524354457855,0.0
47.89,-4.0660529136657715,-0.5562964677810669,2.0,1.354788064956665,1.9921391010284424,0.0,0.3456522822380066,0.3185140788555145,0.0
47.9,-4.052489757537842,-0.5363608598709106,2.0,1.3582305908203125,1.995309829711914,0.0,0.3428632915019989,0.31576526165008545,0.0
47.910000000000004,-4.038891792297363,-0.5163938999176025,2.0,1.3616453409194946,1.998453140258789,0.0,0.3400731682777405,0.31300652027130127,0.0
47.92,-4.025261878967285,-0.49640023708343506,2.0,1.3650304079055786,2.0015690326690674,0.0,0.33728212118148804,0.31023842096328735,0.0
47.93,-4.0115966796875,-0.4763709306716919,2.0,1.3683892488479614,2.0046567916870117,0.0,0.33448994159698486,0.3074600100517273,0.0
47.94,-3.9978973865509033,-0.4563107490539551,2.0,1.3717200756072998,2.0077168941497803,0.0,0.3316968083381653,0.3046718239784241,0.0
47.95,-3.9841670989990234,-0.4362248182296753,2.0,1.3750215768814087,2.010749578475952,0.0,0.3289030194282532,0.30187439918518066,0.0
47.96,-3.970402240753174,-0.4161043167114258,2.0,1.3782966136932373,2.013753652572632,0.0,0.3261081874370575,0.29906681180000305,0.0
47.97,-3.9566054344177246,-0.3959536552429199,2.0,1.3815436363220215,2.0167293548583984,0.0,0.3233126401901245,0.2962495684623718,0.0
47.980000000000004,-3.9427764415740967,-0.37577807903289795,2.0,1.3847612142562866,2.0196776390075684,0.0,0.32051652669906616,0.29342320561408997,0.0
47.99,-3.9289138317108154,-0.3555638790130615,2.0,1.3879538774490356,2.022596597671509,0.0,0.3177195191383362,0.29058629274368286,0.0
48.0,-3.9150216579437256,-0.33532989025115967,2.0,1.391115665435791,2.0254881381988525,0.0,0.3149222731590271,0.28774091601371765,0.0
48.01,-3.9010980129241943,-0.3150671720504761,2.0,1.3942492008209229,2.028351068496704,0.0,0.31212449073791504,0.28488606214523315,0.0
48.02,-3.8871405124664307,-0.2947666645050049,2.0,1.3973580598831177,2.031184434890747,0.0,0.3093259930610657,0.28202080726623535,0.0
48.03,-3.873155117034912,-0.27444732189178467,2.0,1.4004358053207397,2.0339901447296143,0.0,0.3065274655818939,0.2791471779346466,0.0
48.04,-3.859138250350952,-0.25409996509552,2.0,1.4034855365753174,2.03676700592041,0.0,0.30372852087020874,0.2762642502784729,0.0
48.050000000000004,-3.8450889587402344,-0.23371589183807373,2.0,1.406510353088379,2.0395140647888184,0.0,0.30092909932136536,0.27337104082107544,0.0
48.06,-3.831012010574341,-0.21331357955932617,2.0,1.4095041751861572,2.0422332286834717,0.0,0.2981297969818115,0.270469605922699,0.0
48.07,-3.8169052600860596,-0.19288420677185059,2.0,1.4124698638916016,2.0449233055114746,0.0,0.2953304052352905,0.2675590217113495,0.0
48.08,-3.8027663230895996,-0.17241907119750977,2.0,1.4154107570648193,2.0475831031799316,0.0,0.2925305962562561,0.2646383047103882,0.0
48.09,-3.7886011600494385,-0.15193653106689453,2.0,1.418320655822754,2.0502147674560547,0.0,0.28973108530044556,0.2617095112800598,0.0
48.1,-3.774406671524048,-0.13142776489257812,2.0,1.4212024211883545,2.0528171062469482,0.0,0.2869316339492798,0.258771687746048,0.0
48.11,-3.760180711746216,-0.11088418960571289,2.0,1.4240591526031494,2.055388927459717,0.0,0.2841320037841797,0.25582391023635864,0.0
48.120000000000005,-3.745929718017578,-0.0903240442276001,2.0,1.4268851280212402,2.0579323768615723,0.0,0.28133291006088257,0.2528681755065918,0.0
48.13,-3.7316501140594482,-0.06973850727081299,2.0,1.429682970046997,2.060446262359619,0.0,0.2785339951515198,0.24990355968475342,0.0
48.14,-3.7173399925231934,-0.04911911487579346,2.0,1.4324557781219482,2.062929153442383,0.0,0.275735080242157,0.24692915380001068,0.0
48.15,-3.703004837036133,-0.028483986854553223,2.0,1.4351977109909058,2.0653834342956543,0.0,0.2729369103908539,0.24394695460796356,0.0
48.160000000000004,-3.688642740249634,-0.007824420928955078,2.0,1.4379116296768188,2.067808151245117,0.0,0.2701391577720642,0.24095599353313446,0.0
48.17,-3.6742501258850098,0.012868165969848633,2.0,1.4406006336212158,2.0702013969421387,0.0,0.2673414945602417,0.23795540630817413,0.0
48.18,-3.659834861755371,0.03357553482055664,2.0,1.44325852394104,2.072566032409668,0.0,0.264544814825058,0.23494717478752136,0.0
48.19,-3.645392417907715,0.0543065071105957,2.0,1.4458885192871094,2.0749003887176514,0.0,0.2617487609386444,0.23193034529685974,0.0
48.2,-3.630920648574829,0.07506942749023438,2.0,1.4484935998916626,2.0772032737731934,0.0,0.25895291566848755,0.22890402376651764,0.0
48.21,-3.616426706314087,0.09584641456604004,2.0,1.4510678052902222,2.079477310180664,0.0,0.2561582326889038,0.22587023675441742,0.0
48.22,-3.6019065380096436,0.1166459321975708,2.0,1.4536139965057373,2.0817208290100098,0.0,0.25336432456970215,0.2228280007839203,0.0
48.230000000000004,-3.587357997894287,0.13747668266296387,2.0,1.4561352729797363,2.083932638168335,0.0,0.2505709230899811,0.21977642178535461,0.0
48.24,-3.5727877616882324,0.15832042694091797,2.0,1.4586255550384521,2.0861151218414307,0.0,0.24777883291244507,0.21671752631664276,0.0
48.25,-3.5581929683685303,0.17918598651885986,2.0,1.461087942123413,2.0882668495178223,0.0,0.24498766660690308,0.21365031599998474,0.0
48.26,-3.543569803237915,0.2000817060470581,2.0,1.4635255336761475,2.0903868675231934,0.0,0.2421971559524536,0.2105739563703537,0.0
48.27,-3.528925895690918,0.22098946571350098,2.0,1.4659321308135986,2.092477321624756,0.0,0.23940813541412354,0.20749041438102722,0.0
48.28,-3.51425838470459,0.24191808700561523,2.0,1.468310832977295,2.094536781311035,0.0,0.23662030696868896,0.20439879596233368,0.0
48.29,-3.499563694000244,0.262876033782959,2.0,1.4706647396087646,2.096564292907715,0.0,0.23383325338363647,0.20129810273647308,0.0
48.300000000000004,-3.484849452972412,0.28384530544281006,2.0,1.4729876518249512,2.0985617637634277,0.0,0.23104795813560486,0.19819039106369019,0.0
48.31,-3.47011137008667,0.30483436584472656,2.0,1.475282907485962,2.1005282402038574,0.0,0.2282639443874359,0.19507475197315216,0.0
48.32,-3.4553470611572266,0.32585155963897705,2.0,1.477553129196167,2.1024622917175293,0.0,0.225480854511261,0.191950261592865,0.0
48.33,-3.4405641555786133,0.346879243850708,2.0,1.479792833328247,2.1043660640716553,0.0,0.22269973158836365,0.18881890177726746,0.0
48.34,-3.4257590770721436,0.36792588233947754,2.0,1.4820045232772827,2.106238842010498,0.0,0.21992003917694092,0.18567977845668793,0.0
48.35,-3.4109277725219727,0.3889998197555542,2.0,1.4841914176940918,2.1080784797668457,0.0,0.2171415388584137,0.1825319230556488,0.0
48.36,-3.3960790634155273,0.4100832939147949,2.0,1.4863476753234863,2.1098883152008057,0.0,0.21436509490013123,0.17937739193439484,0.0
48.370000000000005,-3.381208896636963,0.43118464946746826,2.0,1.488476037979126,2.111666440963745,0.0,0.21159037947654724,0.17621523141860962,0.0
48.38,-3.3663129806518555,0.4523122310638428,2.0,1.490579605102539,2.1134114265441895,0.0,0.20881691575050354,0.17304454743862152,0.0
48.39,-3.351400852203369,0.4734485149383545,2.0,1.4926526546478271,2.115126132965088,0.0,0.20604577660560608,0.16986733675003052,0.0
48.4,-3.336467742919922,0.494601845741272,2.0,1.4946980476379395,2.116809129714966,0.0,0.20327648520469666,0.16668270528316498,0.0
48.410000000000004,-3.3215107917785645,0.5157802104949951,2.0,1.496718406677246,2.1184587478637695,0.0,0.20050862431526184,0.1634896844625473,0.0
48.42,-3.306537389755249,0.5369668006896973,2.0,1.4987084865570068,2.1200780868530273,0.0,0.1977432370185852,0.16029028594493866,0.0
48.43,-3.291544198989868,0.5581687688827515,2.0,1.5006707906723022,2.1216650009155273,0.0,0.19497990608215332,0.1570836454629898,0.0
48.44,-3.2765278816223145,0.5793955326080322,2.0,1.502608299255371,2.123218536376953,0.0,0.19221818447113037,0.15386877954006195,0.0
48.45,-3.261495590209961,0.6006290912628174,2.0,1.5045154094696045,2.124741315841675,0.0,0.18945911526679993,0.15064772963523865,0.0
48.46,-3.2464451789855957,0.6218774318695068,2.0,1.5063949823379517,2.1262319087982178,0.0,0.18670222163200378,0.14741958677768707,0.0
48.47,-3.2313718795776367,0.6431492567062378,2.0,1.5082497596740723,2.1276888847351074,0.0,0.1839471459388733,0.14418341219425201,0.0
48.480000000000004,-3.2162837982177734,0.6644269227981567,2.0,1.510074257850647,2.1291146278381348,0.0,0.18119490146636963,0.14094123244285583,0.0
48.49,-3.2011780738830566,0.6857184171676636,2.0,1.511871337890625,2.1305079460144043,0.0,0.1784450113773346,0.13769210875034332,0.0
48.5,-3.1860499382019043,0.7070325613021851,2.0,1.513643503189087,2.1318676471710205,0.0,0.17569714784622192,0.13443514704704285,0.0
48.51,-3.1709089279174805,0.7283515930175781,2.0,1.5153855085372925,2.1331958770751953,0.0,0.17295223474502563,0.1311723291873932,0.0
48.52,-3.1557507514953613,0.7496836185455322,2.0,1.5171000957489014,2.134491443634033,0.0,0.1702098846435547,0.1279027760028839,0.0
48.53,-3.140570878982544,0.7710368633270264,2.0,1.5187901258468628,2.1357529163360596,0.0,0.16746968030929565,0.12462553381919861,0.0
48.54,-3.1253788471221924,0.7923941612243652,2.0,1.5204498767852783,2.1369831562042236,0.0,0.16473260521888733,0.12134259939193726,0.0
48.550000000000004,-3.1101696491241455,0.8137634992599487,2.0,1.5220823287963867,2.1381802558898926,0.0,0.16199827194213867,0.11805310845375061,0.0
48.56,-3.094940662384033,0.8351532220840454,2.0,1.5236902236938477,2.13934326171875,0.0,0.15926623344421387,0.11475613713264465,0.0
48.57,-3.079699993133545,0.8565459251403809,2.0,1.5252680778503418,2.140474557876587,0.0,0.15653756260871887,0.11145368218421936,0.0
48.58,-3.064443588256836,0.8779498338699341,2.0,1.5268186330795288,2.141572952270508,0.0,0.15381178259849548,0.10814478993415833,0.0
48.59,-3.0491671562194824,0.899372935295105,2.0,1.5283446311950684,2.14263653755188,0.0,0.15108844637870789,0.10482862591743469,0.0
48.6,-3.0338804721832275,0.9207983016967773,2.0,1.5298408269882202,2.1436686515808105,0.0,0.14836862683296204,0.10150709748268127,0.0
48.61,-3.01857852935791,0.9422333240509033,2.0,1.531309723854065,2.144667387008667,0.0,0.14565187692642212,0.0981793999671936,0.0
48.620000000000005,-3.0032577514648438,0.9636867046356201,2.0,1.5327543020248413,2.1456313133239746,0.0,0.1429377794265747,0.09484457969665527,0.0
48.63,-2.9879274368286133,0.9851415157318115,2.0,1.5341689586639404,2.1465635299682617,0.0,0.14022734761238098,0.09150457382202148,0.0
48.64,-2.9725828170776367,1.0066051483154297,2.0,1.5355565547943115,2.1474621295928955,0.0,0.13752013444900513,0.08815854787826538,0.0
48.65,-2.9572196006774902,1.0280860662460327,2.0,1.5369198322296143,2.1483256816864014,0.0,0.13481569290161133,0.08480560779571533,0.0
48.660000000000004,-2.9418482780456543,1.0495672225952148,2.0,1.5382533073425293,2.1491575241088867,0.0,0.13211515545845032,0.08144766092300415,0.0
48.67,-2.9264631271362305,1.0710563659667969,2.0,1.5395598411560059,2.1499555110931396,0.0,0.12941795587539673,0.07808390259742737,0.0
48.68,-2.9110608100891113,1.0925617218017578,2.0,1.540842056274414,2.1507182121276855,0.0,0.1267237365245819,0.07471340894699097,0.0
48.69,-2.8956499099731445,1.1140660047531128,2.0,1.5420947074890137,2.151448965072632,0.0,0.12403354048728943,0.07133811712265015,0.0
48.7,-2.8802270889282227,1.1355777978897095,2.0,1.543320655822754,2.1521458625793457,0.0,0.12134689092636108,0.06795710325241089,0.0
48.71,-2.8647875785827637,1.1571044921875,2.0,1.5445222854614258,2.1528072357177734,0.0,0.11866337060928345,0.0645696222782135,0.0
48.72,-2.8493406772613525,1.1786292791366577,2.0,1.545694351196289,2.1534366607666016,0.0,0.11598402261734009,0.06117749214172363,0.0
48.730000000000004,-2.8338818550109863,1.2001603841781616,2.0,1.546839714050293,2.154031753540039,0.0,0.1133083701133728,0.05777987837791443,0.0
48.74,-2.8184075355529785,1.221705436706543,2.0,1.5479612350463867,2.1545913219451904,0.0,0.11063602566719055,0.05437594652175903,0.0
48.75,-2.802926540374756,1.2432477474212646,2.0,1.5490530729293823,2.155118465423584,0.0,0.1079680323600769,0.05096754431724548,0.0
48.76,-2.7874348163604736,1.2647948265075684,2.0,1.5501182079315186,2.155611515045166,0.0,0.10530388355255127,0.0475538969039917,0.0
48.77,-2.771928071975708,1.2863551378250122,2.0,1.5511596202850342,2.156068801879883,0.0,0.10264316201210022,0.04413408041000366,0.0
48.78,-2.756415367126465,1.30791175365448,2.0,1.5521717071533203,2.156493663787842,0.0,0.09998694062232971,0.040710002183914185,0.0
48.79,-2.7408928871154785,1.329472541809082,2.0,1.5531573295593262,2.156883955001831,0.0,0.0973348319530487,0.03728079795837402,0.0
48.800000000000004,-2.725355386734009,1.3510446548461914,2.0,1.5541189908981323,2.157238483428955,0.0,0.09468621015548706,0.0338456928730011,0.0
48.81,-2.7098143100738525,1.3726125955581665,2.0,1.555051565170288,2.157560348510742,0.0,0.09204232692718506,0.03040650486946106,0.0
48.82,-2.694263219833374,1.3941832780838013,2.0,1.5559577941894531,2.1578476428985596,0.0,0.08940264582633972,0.02696239948272705,0.0
48.83,-2.6786983013153076,1.4157646894454956,2.0,1.556840181350708,2.1580986976623535,0.0,0.08676663041114807,0.023512572050094604,0.0
48.84,-2.6631298065185547,1.437340497970581,2.0,1.5576937198638916,2.1583170890808105,0.0,0.084135502576828,0.020058870315551758,0.0
48.85,-2.6475534439086914,1.4589183330535889,2.0,1.558521032333374,2.158501148223877,0.0,0.08150872588157654,0.016600430011749268,0.0
48.86,-2.6319632530212402,1.4805057048797607,2.0,1.5593245029449463,2.1586484909057617,0.0,0.07888579368591309,0.013136446475982666,0.0
48.870000000000005,-2.61637020111084,1.5020865201950073,2.0,1.5600992441177368,2.1587631702423096,0.0,0.07626789808273315,0.00966876745223999,0.0
48.88,-2.6007697582244873,1.5236685276031494,2.0,1.5608478784561157,2.1588430404663086,0.0,0.07365450263023376,0.006196528673171997,0.0
48.89,-2.5851569175720215,1.545258641242981,2.0,1.5615730285644531,2.158886432647705,0.0,0.07104513049125671,0.0027190446853637695,0.0
48.9,-2.569542169570923,1.5668413639068604,2.0,1.5622694492340088,2.1588969230651855,0.0,0.06844094395637512,-0.0007620155811309814,0.0
48.910000000000004,-2.5539205074310303,1.5884240865707397,2.0,1.5629398822784424,2.158872365951538,0.0,0.06584137678146362,-0.0042473673820495605,0.0
48.92,-2.5382871627807617,1.6100142002105713,2.0,1.563586950302124,2.158811092376709,0.0,0.0632459819316864,-0.007737904787063599,0.0
48.93,-2.5226526260375977,1.6315957307815552,2.0,1.5642054080963135,2.158717155456543,0.0,0.06065589189529419,-0.011231720447540283,0.0
48.94,-2.507011890411377,1.6531758308410645,2.0,1.56479811668396,2.158587694168091,0.0,0.05807068943977356,-0.01472964882850647,0.0
48.95,-2.4913599491119385,1.6747626066207886,2.0,1.565367579460144,2.1584219932556152,0.0,0.055489689111709595,-0.018232524394989014,0.0
48.96,-2.4757080078125,1.696339726448059,2.0,1.565908670425415,2.1582226753234863,0.0,0.05291426181793213,-0.021738529205322266,0.0
48.97,-2.4600508213043213,1.7179147005081177,2.0,1.5664238929748535,2.1579885482788086,0.0,0.05034378170967102,-0.025248467922210693,0.0
48.980000000000004,-2.444383144378662,1.7394945621490479,2.0,1.5669162273406982,2.157717227935791,0.0,0.047777652740478516,-0.0287630558013916,0.0
48.99,-2.4287161827087402,1.761064052581787,2.0,1.5673801898956299,2.157412528991699,0.0,0.04521724581718445,-0.03228065371513367,0.0
49.0,-2.4130444526672363,1.7826303243637085,2.0,1.5678186416625977,2.1570727825164795,0.0,0.042661964893341064,-0.03580194711685181,0.0
49.01,-2.3973629474639893,1.8042007684707642,2.0,1.5682342052459717,2.156696081161499,0.0,0.04011118412017822,-0.039327800273895264,0.0
49.02,-2.381683349609375,1.8257596492767334,2.0,1.5686216354370117,2.1562857627868652,0.0,0.03756624460220337,-0.042856365442276,0.0
49.03,-2.365999698638916,1.8473138809204102,2.0,1.5689836740493774,2.1558401584625244,0.0,0.03502658009529114,-0.04638838768005371,0.0
49.04,-2.350306987762451,1.8688714504241943,2.0,1.569322943687439,2.155357599258423,0.0,0.032491594552993774,-0.049924761056900024,0.0
49.050000000000004,-2.3346171379089355,1.890416145324707,2.0,1.5696343183517456,2.154841423034668,0.0,0.029962599277496338,-0.05346366763114929,0.0
49.06,-2.3189237117767334,1.911955714225769,2.0,1.569920301437378,2.154289722442627,0.0,0.027438998222351074,-0.05700591206550598,0.0
49.07,-2.3032219409942627,1.933497428894043,2.0,1.5701838731765747,2.153700828552246,0.0,0.02492019534111023,-0.06055226922035217,0.0
49.08,-2.2875232696533203,1.9550249576568604,2.0,1.5704195499420166,2.153078317642212,0.0,0.02240753173828125,-0.06410092115402222,0.0
49.09,-2.271822690963745,1.9765467643737793,2.0,1.5706303119659424,2.1524202823638916,0.0,0.019900411367416382,-0.06765276193618774,0.0
49.1,-2.2561140060424805,1.9980685710906982,2.0,1.5708184242248535,2.1517248153686523,0.0,0.01739823818206787,-0.07120838761329651,0.0
49.11,-2.2404096126556396,2.019576072692871,2.0,1.5709789991378784,2.1509957313537598,0.0,0.014902353286743164,-0.07476618885993958,0.0
49.120000000000005,-2.224703788757324,2.041076183319092,2.0,1.5711147785186768,2.150230884552002,0.0,0.012412160634994507,-0.07832694053649902,0.0
49.13,-2.2089905738830566,2.0625758171081543,2.0,1.57122802734375,2.149428606033325,0.0,0.009927034378051758,-0.08189135789871216,0.0
49.14,-2.1932826042175293,2.084059715270996,2.0,1.5713140964508057,2.148592710494995,0.0,0.007448315620422363,-0.08545765280723572,0.0
49.15,-2.1775739192962646,2.1055355072021484,2.0,1.5713753700256348,2.147721290588379,0.0,0.004975467920303345,-0.08902668952941895,0.0
49.160000000000004,-2.161858320236206,2.127009391784668,2.0,1.5714143514633179,2.1468117237091064,0.0,0.002507805824279785,-0.09259918332099915,0.0
49.17,-2.146148920059204,2.1484670639038086,2.0,1.5714263916015625,2.1458687782287598,0.0,4.673004150390625e-05,-0.09617346525192261,0.0
49.18,-2.130439281463623,2.169914722442627,2.0,1.5714137554168701,2.144890069961548,0.0,-0.002408444881439209,-0.09975019097328186,0.0
49.19,-2.1147236824035645,2.1913599967956543,2.0,1.5713790655136108,2.143873453140259,0.0,-0.004858255386352539,-0.10333016514778137,0.0
49.2,-2.0990149974823,2.21278715133667,2.0,1.571317434310913,2.1428232192993164,0.0,-0.00730133056640625,-0.10691165924072266,0.0
49.21,-2.0833070278167725,2.234204053878784,2.0,1.5712313652038574,2.1417369842529297,0.0,-0.009738326072692871,-0.11049546301364899,0.0
49.22,-2.067594051361084,2.255617141723633,2.0,1.571123480796814,2.140612840652466,0.0,-0.012169808149337769,-0.11408227682113647,0.0
49.230000000000004,-2.0518879890441895,2.2770116329193115,2.0,1.5709890127182007,2.1394548416137695,0.0,-0.014594495296478271,-0.1176704615354538,0.0
49.24,-2.0361835956573486,2.298394203186035,2.0,1.57082998752594,2.138261318206787,0.0,-0.01701292395591736,-0.12126068770885468,0.0
49.25,-2.020474433898926,2.3197717666625977,2.0,1.57064950466156,2.1370294094085693,0.0,-0.019425779581069946,-0.1248537003993988,0.0
49.26,-2.0047736167907715,2.341129779815674,2.0,1.5704425573349,2.1357638835906982,0.0,-0.021831661462783813,-0.12844792008399963,0.0
49.27,-1.9890751838684082,2.3624749183654785,2.0,1.570211410522461,2.134462356567383,0.0,-0.024231135845184326,-0.1320439577102661,0.0
49.28,-1.9733729362487793,2.3838140964508057,2.0,1.5699588060379028,2.133122682571411,0.0,-0.026624947786331177,-0.13564257323741913,0.0
49.29,-1.9576791524887085,2.405132293701172,2.0,1.5696797370910645,2.131749153137207,0.0,-0.029011636972427368,-0.13924211263656616,0.0
49.300000000000004,-1.9419888257980347,2.4264369010925293,2.0,1.5693769454956055,2.1303398609161377,0.0,-0.031391799449920654,-0.1428433656692505,0.0
49.31,-1.9262950420379639,2.4477345943450928,2.0,1.5690529346466064,2.128891944885254,0.0,-0.03376615047454834,-0.14644694328308105,0.0
49.32,-1.9106111526489258,2.4690098762512207,2.0,1.5687026977539062,2.127410650253296,0.0,-0.03613322973251343,-0.15005122125148773,0.0
49.33,-1.8949306011199951,2.4902706146240234,2.0,1.568328857421875,2.1258931159973145,0.0,-0.038493722677230835,-0.1536569893360138,0.0
49.34,-1.8792476654052734,2.5115232467651367,2.0,1.5679337978363037,2.1243371963500977,0.0,-0.040848225355148315,-0.15726488828659058,0.0
49.35,-1.8635752201080322,2.532752513885498,2.0,1.5675128698349,2.1227474212646484,0.0,-0.043195366859436035,-0.16087330877780914,0.0
49.36,-1.8479068279266357,2.5539660453796387,2.0,1.5670684576034546,2.121121644973755,0.0,-0.04553580284118652,-0.1644829660654068,0.0
49.370000000000005,-1.832236886024475,2.5751700401306152,2.0,1.5666030645370483,2.119457721710205,0.0,-0.047870129346847534,-0.16809453070163727,0.0
49.38,-1.8165780305862427,2.5963501930236816,2.0,1.5661119222640991,2.1177597045898438,0.0,-0.05019691586494446,-0.1717063933610916,0.0
49.39,-1.800924301147461,2.617513418197632,2.0,1.5655977725982666,2.116025447845459,0.0,-0.0525168776512146,-0.17531929910182953,0.0
49.4,-1.785269021987915,2.6386661529541016,2.0,1.5650627613067627,2.114253044128418,0.0,-0.05483067035675049,-0.17893388867378235,0.0
49.410000000000004,-1.7696260213851929,2.6597933769226074,2.0,1.5645021200180054,2.1124467849731445,0.0,-0.057136744260787964,-0.18254858255386353,0.0
49.42,-1.7539892196655273,2.680903196334839,2.0,1.5639185905456543,2.1106042861938477,0.0,-0.05943584442138672,-0.18616411089897156,0.0
49.43,-1.7383509874343872,2.702000617980957,2.0,1.5633143186569214,2.1087234020233154,0.0,-0.061728715896606445,-0.1897810697555542,0.0
49.44,-1.722725749015808,2.7230725288391113,2.0,1.5626850128173828,2.106808662414551,0.0,-0.0640137791633606,-0.19339793920516968,0.0
49.45,-1.7071069478988647,2.7441248893737793,2.0,1.5620328187942505,2.1048574447631836,0.0,-0.06629174947738647,-0.19701538980007172,0.0
49.46,-1.6914881467819214,2.765164852142334,2.0,1.5613600015640259,2.10286808013916,0.0,-0.068563312292099,-0.20063410699367523,0.0
49.47,-1.6758828163146973,2.786177635192871,2.0,1.5606625080108643,2.1008448600769043,0.0,-0.07082697749137878,-0.20425254106521606,0.0
49.480000000000004,-1.6602846384048462,2.8071699142456055,2.0,1.5599424839019775,2.098785161972046,0.0,-0.07308340072631836,-0.20787128806114197,0.0
49.49,-1.6446871757507324,2.828148365020752,2.0,1.559201955795288,2.0966873168945312,0.0,-0.0753333568572998,-0.21149110794067383,0.0
49.5,-1.629103660583496,2.8490989208221436,2.0,1.5584367513656616,2.094555377960205,0.0,-0.07757526636123657,-0.21511037647724152,0.0
49.51,-1.6135284900665283,2.870028018951416,2.0,1.5576491355895996,2.0923871994018555,0.0,-0.07980981469154358,-0.21872982382774353,0.0
49.52,-1.5979535579681396,2.8909413814544678,2.0,1.556841492652893,2.0901808738708496,0.0,-0.08203783631324768,-0.22235000133514404,0.0
49.53,-1.5823944807052612,2.9118266105651855,2.0,1.5560095310211182,2.087940216064453,0.0,-0.08425763249397278,-0.22596952319145203,0.0
49.54,-1.5668435096740723,2.9326889514923096,2.0,1.5551552772521973,2.0856637954711914,0.0,-0.08647000789642334,-0.22958897054195404,0.0
49.550000000000004,-1.551294207572937,2.9535350799560547,2.0,1.5542811155319214,2.083348512649536,0.0,-0.08867567777633667,-0.23320899903774261,0.0
49.56,-1.535760760307312,2.974350929260254,2.0,1.5533828735351562,2.0809996128082275,0.0,-0.09087309241294861,-0.2368280440568924,0.0
49.57,-1.5202364921569824,2.995143413543701,2.0,1.5524624586105347,2.0786142349243164,0.0,-0.09306296706199646,-0.24044683575630188,0.0
49.58,-1.5047146081924438,3.015918254852295,2.0,1.5515226125717163,2.07619047164917,0.0,-0.09524601697921753,-0.24406598508358002,0.0
49.59,-1.4892091751098633,3.0366625785827637,2.0,1.5505588054656982,2.073732852935791,0.0,-0.09742066264152527,-0.24768397212028503,0.0
49.6,-1.4737133979797363,3.0573816299438477,2.0,1.5495731830596924,2.0712392330169678,0.0,-0.09958764910697937,-0.25130146741867065,0.0
49.61,-1.4582206010818481,3.0780820846557617,2.0,1.5485678911209106,2.06870698928833,0.0,-0.10174772143363953,-0.25491905212402344,0.0
49.620000000000005,-1.4427449703216553,3.098750591278076,2.0,1.547539234161377,2.066141128540039,0.0,-0.10389932990074158,-0.2585352659225464,0.0
49.63,-1.4272797107696533,3.1193935871124268,2.0,1.5464890003204346,2.0635387897491455,0.0,-0.10604318976402283,-0.2621508240699768,0.0
49.64,-1.4118179082870483,3.140016555786133,2.0,1.545419454574585,2.0608980655670166,0.0,-0.10818001627922058,-0.2657662034034729,0.0
49.65,-1.3963743448257446,3.160606861114502,2.0,1.5443265438079834,2.0582237243652344,0.0,-0.1103082001209259,-0.2693800628185272,0.0
49.660000000000004,-1.3809415102005005,3.1811699867248535,2.0,1.5432121753692627,2.0555129051208496,0.0,-0.11242857575416565,-0.27299296855926514,0.0
49.67,-1.3655129671096802,3.201712131500244,2.0,1.542078971862793,2.0527639389038086,0.0,-0.11454179883003235,-0.2766055464744568,0.0
49.68,-1.3501029014587402,3.2222201824188232,2.0,1.5409225225448608,2.049981117248535,0.0,-0.11664637923240662,-0.2802162766456604,0.0
49.69,-1.3347043991088867,3.2427005767822266,2.0,1.5397450923919678,2.0471620559692383,0.0,-0.1187429428100586,-0.28382593393325806,0.0
49.7,-1.3193106651306152,3.2631587982177734,2.0,1.5385488271713257,2.044304609298706,0.0,-0.12083229422569275,-0.28743499517440796,0.0
49.71,-1.303936243057251,3.2835819721221924,2.0,1.5373295545578003,2.0414135456085205,0.0,-0.12291288375854492,-0.2910420298576355,0.0
49.72,-1.2885740995407104,3.303975820541382,2.0,1.5360896587371826,2.0384864807128906,0.0,-0.12498536705970764,-0.2946476936340332,0.0
49.730000000000004,-1.2732173204421997,3.3243465423583984,2.0,1.5348310470581055,2.0355207920074463,0.0,-0.12705057859420776,-0.29825258255004883,0.0
49.74,-1.2578802108764648,3.3446812629699707,2.0,1.5335497856140137,2.0325214862823486,0.0,-0.12910687923431396,-0.30185529589653015,0.0
49.75,-1.2425564527511597,3.364985942840576,2.0,1.5322480201721191,2.0294864177703857,0.0,-0.13115495443344116,-0.30545634031295776,0.0
49.76,-1.2272381782531738,3.385265827178955,2.0,1.5309277772903442,2.0264124870300293,0.0,-0.13319572806358337,-0.3090564012527466,0.0
49.77,-1.2119405269622803,3.4055094718933105,2.0,1.5295852422714233,2.0233054161071777,0.0,-0.13522747159004211,-0.312654048204422,0.0
49.78,-1.1966567039489746,3.4257211685180664,2.0,1.5282223224639893,2.0201621055603027,0.0,-0.13725093007087708,-0.3162498474121094,0.0
49.79,-1.181378960609436,3.4459078311920166,2.0,1.5268412828445435,2.0169806480407715,0.0,-0.1392669677734375,-0.31984439492225647,0.0
49.800000000000004,-1.166122555732727,3.4660561084747314,2.0,1.5254381895065308,2.013765573501587,0.0,-0.1412738561630249,-0.32343631982803345,0.0
49.81,-1.1508800983428955,3.4861721992492676,2.0,1.5240150690078735,2.010514736175537,0.0,-0.14327239990234375,-0.32702621817588806,0.0
49.82,-1.135644793510437,3.5062613487243652,2.0,1.5225739479064941,2.007225275039673,0.0,-0.1452634334564209,-0.3306145966053009,0.0
49.83,-1.1204313039779663,3.5263116359710693,2.0,1.521111011505127,2.0039026737213135,0.0,-0.14724519848823547,-0.3342001438140869,0.0
49.84,-1.105232834815979,3.5463287830352783,2.0,1.5196281671524048,2.0005440711975098,0.0,-0.14921855926513672,-0.33778342604637146,0.0
49.85,-1.0900415182113647,3.5663177967071533,2.0,1.5181277990341187,1.9971473217010498,0.0,-0.1511842906475067,-0.3413650095462799,0.0
49.86,-1.0748729705810547,3.5862667560577393,2.0,1.5166056156158447,1.9937171936035156,0.0,-0.15314069390296936,-0.3449435234069824,0.0
49.870000000000005,-1.0597196817398071,3.6061813831329346,2.0,1.5150641202926636,1.9902513027191162,0.0,-0.1550886034965515,-0.34851953387260437,0.0
49.88,-1.0445740222930908,3.6260671615600586,2.0,1.5135051012039185,1.9867470264434814,0.0,-0.15702882409095764,-0.3520936667919159,0.0
49.89,-1.0294519662857056,3.645911693572998,2.0,1.5119247436523438,1.9832097291946411,0.0,-0.15895959734916687,-0.35566446185112,0.0
49.9,-1.0143461227416992,3.6657207012176514,2.0,1.5103251934051514,1.979636788368225,0.0,-0.16088178753852844,-0.3592325747013092,0.0
49.910000000000004,-0.9992481470108032,3.6854991912841797,2.0,1.5087082386016846,1.9760254621505737,0.0,-0.16279619932174683,-0.3627985119819641,0.0
49.92,-0.9841742515563965,3.7052359580993652,2.0,1.507070541381836,1.9723811149597168,0.0,-0.16470113396644592,-0.36636096239089966,0.0
49.93,-0.9691169261932373,3.7249362468719482,2.0,1.5054136514663696,1.9687011241912842,0.0,-0.1665973663330078,-0.3699204921722412,0.0
49.94,-0.9540685415267944,3.744605302810669,2.0,1.5037397146224976,1.9649831056594849,0.0,-0.16848573088645935,-0.373477578163147,0.0
49.95,-0.9390448331832886,3.764230966567993,2.0,1.5020451545715332,1.9612319469451904,0.0,-0.17036452889442444,-0.37703102827072144,0.0
49.96,-0.9240380525588989,3.7838196754455566,2.0,1.5003318786621094,1.957445502281189,0.0,-0.17223456501960754,-0.3805813193321228,0.0
49.97,-0.9090405702590942,3.803375720977783,2.0,1.4986016750335693,1.9536207914352417,0.0,-0.17409667372703552,-0.38412898778915405,0.0
49.980000000000004,-0.8940685987472534,3.8228869438171387,2.0,1.4968510866165161,1.949763298034668,0.0,-0.1759491264820099,-0.38767269253730774,0.0
49.99,-0.8791137933731079,3.842360496520996,2.0,1.495082139968872,1.9458703994750977,0.0,-0.1777927577495575,-0.391213059425354,0.0
