time,px,py,pz,vx,vy,vz,ax,ay,az
0.0,0.0,0.0,1.5,0.0,0.0,0.0,0.0,0.0,0.0
0.01,0.0,0.0,1.5,0.0,0.0,0.0,0.0,0.0,0.0
0.02,0.0,0.0,1.5,0.0,0.0,0.0,0.0,0.0,0.0
0.03,8.6111998598426e-07,-2.6425000854146674e-08,1.5,0.0001371039979858324,-4.20440028392477e-06,-2.3734799469821155e-05,0.016316799446940422,-0.0004998400108888745,-0.002813439816236496
0.04,8.6111998598426e-07,-2.6425000854146674e-08,1.5,0.0001371039979858324,-4.20440028392477e-06,-2.3734799469821155e-05,0.016316799446940422,-0.0004998400108888745,-0.002813439816236496
0.05,1.350900038232794e-05,-4.1350000401507714e-07,1.5,0.0010700400453060865,-3.271360037615523e-05,-0.0001830200053518638,0.06314239650964737,-0.001926559954881668,-0.010710079222917557
0.06,1.350900038232794e-05,-4.1350000401507714e-07,1.5,0.0010700400453060865,-3.271360037615523e-05,-0.0001830200053518638,0.06314239650964737,-0.001926559954881668,-0.010710079222917557
0.07,1.350900038232794e-05,-4.1350000401507714e-07,1.5,0.0010700400453060865,-3.271360037615523e-05,-0.0001830200053518638,0.06314239650964737,-0.001926559954881668,-0.010710079222917557
0.08,6.704899715259671e-05,-2.0475999917834997e-06,1.5,0.0035226799082010984,-0.00010740000288933516,-0.00059508002595976,0.13738879561424255,-0.004177759867161512,-0.022908799350261688
0.09,6.704899715259671e-05,-2.0475999917834997e-06,1.5,0.0035226799082010984,-0.00010740000288933516,-0.00059508002595976,0.13738879561424255,-0.004177759867161512,-0.022908799350261688
0.1,0.00020773000142071396,-6.330799806164578e-06,1.5,0.008143200539052486,-0.0002476919908076525,-0.0013581999810412526,0.23611199855804443,-0.007160159759223461,-0.03867679834365845
0.11,0.00020773000142071396,-6.330799806164578e-06,1.5,0.008143200539052486,-0.0002476919908076525,-0.0013581999810412526,0.23611199855804443,-0.007160159759223461,-0.03867679834365845
0.12,0.00020773000142071396,-6.330799806164578e-06,1.5,0.008143200539052486,-0.0002476919908076525,-0.0013581999810412526,0.23611199855804443,-0.007160159759223461,-0.03867679834365845
0.13,0.000497110013384372,-1.5122999684535898e-05,1.499899983406067,0.015508400276303291,-0.00047080000513233244,-0.0025529200211167336,0.3564799726009369,-0.010789119638502598,-0.05732480064034462
0.14,0.000497110013384372,-1.5122999684535898e-05,1.499899983406067,0.015508400276303291,-0.00047080000513233244,-0.0025529200211167336,0.3564799726009369,-0.010789119638502598,-0.05732480064034462
0.15,0.0010103000095114112,-3.068799924221821e-05,1.4997999668121338,0.02612600103020668,-0.000791919999755919,-0.004243200179189444,0.4958399832248688,-0.014988640323281288,-0.07820479571819305
0.16,0.0010103000095114112,-3.068799924221821e-05,1.4997999668121338,0.02612600103020668,-0.000791919999755919,-0.004243200179189444,0.4958399832248688,-0.014988640323281288,-0.07820479571819305
0.17,0.0010103000095114112,-3.068799924221821e-05,1.4997999668121338,0.02612600103020668,-0.000791919999755919,-0.004243200179189444,0.4958399832248688,-0.014988640323281288,-0.07820479571819305
0.18,0.0018341999966651201,-5.564700040849857e-05,1.4996999502182007,0.040435999631881714,-0.0012244000099599361,-0.006476800423115492,0.6516320109367371,-0.01969119906425476,-0.10071840137243271
0.19,0.0018341999966651201,-5.564700040849857e-05,1.4996999502182007,0.040435999631881714,-0.0012244000099599361,-0.006476800423115492,0.6516320109367371,-0.01969119906425476,-0.10071840137243271
0.2,0.0030660999473184347,-9.293499897466972e-05,1.499500036239624,0.058824002742767334,-0.0017801199574023485,-0.009288000874221325,0.8214240074157715,-0.024835199117660522,-0.12430239468812943
0.21,0.0030660999473184347,-9.293499897466972e-05,1.499500036239624,0.058824002742767334,-0.0017801199574023485,-0.009288000874221325,0.8214240074157715,-0.024835199117660522,-0.12430239468812943
0.22,0.0030660999473184347,-9.293499897466972e-05,1.499500036239624,0.058824002742767334,-0.0017801199574023485,-0.009288000874221325,0.8214240074157715,-0.024835199117660522,-0.12430239468812943
0.23,0.0048120999708771706,-0.0001457699981983751,1.4991999864578247,0.08160799741744995,-0.002469399943947792,-0.012696400284767151,1.0029280185699463,-0.030369598418474197,-0.14843998849391937
0.24,0.0048120999708771706,-0.0001457699981983751,1.4991999864578247,0.08160799741744995,-0.002469399943947792,-0.012696400284767151,1.0029280185699463,-0.030369598418474197,-0.14843998849391937
0.25,0.007185299880802631,-0.0002175999979954213,1.498900055885315,0.10904800146818161,-0.003301480086520314,-0.016710400581359863,1.193951964378357,-0.03624960035085678,-0.17265599966049194
0.26,0.007185299880802631,-0.0002175999979954213,1.498900055885315,0.10904800146818161,-0.003301480086520314,-0.016710400581359863,1.193951964378357,-0.03624960035085678,-0.17265599966049194
0.27,0.007185299880802631,-0.0002175999979954213,1.498900055885315,0.10904800146818161,-0.003301480086520314,-0.016710400581359863,1.193951964378357,-0.03624960035085678,-0.17265599966049194
0.28,0.01030499953776598,-0.00031209998996928334,1.4983999729156494,0.14136800169944763,-0.004284400027245283,-0.02132599987089634,1.3924479484558105,-0.04243680089712143,-0.19649598002433777
0.29,0.01030499953776598,-0.00031209998996928334,1.4983999729156494,0.14136800169944763,-0.004284400027245283,-0.02132599987089634,1.3924479484558105,-0.04243680089712143,-0.19649598002433777
0.3,0.014295999892055988,-0.0004331399977672845,1.4977999925613403,0.17871999740600586,-0.005425599869340658,-0.02652840130031109,1.596463918685913,-0.048899199813604355,-0.21956799924373627
0.31,0.014295999892055988,-0.0004331399977672845,1.4977999925613403,0.17871999740600586,-0.005425599869340658,-0.02652840130031109,1.596463918685913,-0.048899199813604355,-0.21956799924373627
0.32,0.014295999892055988,-0.0004331399977672845,1.4977999925613403,0.17871999740600586,-0.005425599869340658,-0.02652840130031109,1.596463918685913,-0.048899199813604355,-0.21956799924373627
0.33,0.019284000620245934,-0.0005847500287927687,1.4970999956130981,0.221220001578331,-0.006731600500643253,-0.03229440003633499,1.8041599988937378,-0.05561600252985954,-0.2414879947900772
0.34,0.019284000620245934,-0.0005847500287927687,1.4970999956130981,0.221220001578331,-0.006731600500643253,-0.03229440003633499,1.8041599988937378,-0.05561600252985954,-0.2414879947900772
0.35000000000000003,0.02539999969303608,-0.0007711399812251329,1.4961999654769897,0.26894399523735046,-0.008208400569856167,-0.038590800017118454,2.0139198303222656,-0.06256479769945145,-0.2619519829750061
0.36,0.02539999969303608,-0.0007711399812251329,1.4961999654769897,0.26894399523735046,-0.008208400569856167,-0.038590800017118454,2.0139198303222656,-0.06256479769945145,-0.2619519829750061
0.37,0.02539999969303608,-0.0007711399812251329,1.4961999654769897,0.26894399523735046,-0.008208400569856167,-0.038590800017118454,2.0139198303222656,-0.06256479769945145,-0.2619519829750061
0.38,0.03277499973773956,-0.0009966399520635605,1.4951000213623047,0.3219200074672699,-0.009861599653959274,-0.0453759990632534,2.2239999771118164,-0.06973599642515182,-0.28063997626304626
0.39,0.03277499973773956,-0.0009966399520635605,1.4951000213623047,0.3219200074672699,-0.009861599653959274,-0.0453759990632534,2.2239999771118164,-0.06973599642515182,-0.28063997626304626
0.4,0.0415400005877018,-0.0012656999751925468,1.493899941444397,0.38013598322868347,-0.011696799658238888,-0.052608001977205276,2.432960033416748,-0.07712319493293762,-0.2973119914531708
0.41000000000000003,0.0415400005877018,-0.0012656999751925468,1.493899941444397,0.38013598322868347,-0.011696799658238888,-0.052608001977205276,2.432960033416748,-0.07712319493293762,-0.2973119914531708
0.42,0.0415400005877018,-0.0012656999751925468,1.493899941444397,0.38013598322868347,-0.011696799658238888,-0.052608001977205276,2.432960033416748,-0.07712319493293762,-0.2973119914531708
0.43,0.05182500183582306,-0.0015829999465495348,1.4924999475479126,0.4435599744319916,-0.01371960062533617,-0.060224004089832306,2.639359951019287,-0.0847247987985611,-0.31169599294662476
0.44,0.05182500183582306,-0.0015829999465495348,1.4924999475479126,0.4435599744319916,-0.01371960062533617,-0.060224004089832306,2.639359951019287,-0.0847247987985611,-0.31169599294662476
0.45,0.06375999748706818,-0.0019533000886440277,1.4909000396728516,0.5120800137519836,-0.01593480072915554,-0.06817200034856796,2.8420801162719727,-0.09254560619592667,-0.32363200187683105
0.46,0.06375999748706818,-0.0019533000886440277,1.4909000396728516,0.5120800137519836,-0.01593480072915554,-0.06817200034856796,2.8420801162719727,-0.09254560619592667,-0.32363200187683105
0.47000000000000003,0.06375999748706818,-0.0019533000886440277,1.4909000396728516,0.5120800137519836,-0.01593480072915554,-0.06817200034856796,2.8420801162719727,-0.09254560619592667,-0.32363200187683105
0.48,0.07746999710798264,-0.0023813999723643064,1.4890999794006348,0.5856000185012817,-0.018348800018429756,-0.07638400048017502,3.039519786834717,-0.10059519857168198,-0.33294397592544556
0.49,0.07746999710798264,-0.0023813999723643064,1.4890999794006348,0.5856000185012817,-0.018348800018429756,-0.07638400048017502,3.039519786834717,-0.10059519857168198,-0.33294397592544556
0.5,0.09307999908924103,-0.002872500102967024,1.4871000051498413,0.6639999747276306,-0.020966799929738045,-0.0847960039973259,3.2310400009155273,-0.10888799279928207,-0.3394719958305359
0.51,0.09307999908924103,-0.002872500102967024,1.4871000051498413,0.6639999747276306,-0.020966799929738045,-0.0847960039973259,3.2310400009155273,-0.10888799279928207,-0.3394719958305359
0.52,0.09307999908924103,-0.002872500102967024,1.4871000051498413,0.6639999747276306,-0.020966799929738045,-0.0847960039973259,3.2310400009155273,-0.10888799279928207,-0.3394719958305359
0.53,0.11071000248193741,-0.0034314999356865883,1.4847999811172485,0.7470800280570984,-0.023795200511813164,-0.09333200007677078,3.4153599739074707,-0.11744319647550583,-0.34310397505760193
0.54,0.11071000248193741,-0.0034314999356865883,1.4847999811172485,0.7470800280570984,-0.023795200511813164,-0.09333200007677078,3.4153599739074707,-0.11744319647550583,-0.34310397505760193
0.55,0.13046999275684357,-0.004064000211656094,1.4823999404907227,0.8347200751304626,-0.02684119902551174,-0.10192400217056274,3.591679811477661,-0.12628160417079926,-0.3437599837779999
0.56,0.13046999275684357,-0.004064000211656094,1.4823999404907227,0.8347200751304626,-0.02684119902551174,-0.10192400217056274,3.591679811477661,-0.12628160417079926,-0.3437599837779999
0.5700000000000001,0.13046999275684357,-0.004064000211656094,1.4823999404907227,0.8347200751304626,-0.02684119902551174,-0.10192400217056274,3.591679811477661,-0.12628160417079926,-0.3437599837779999
0.58,0.15248000621795654,-0.004775499925017357,1.479699969291687,0.9265999794006348,-0.030112002044916153,-0.11049599945545197,3.759039878845215,-0.13543199002742767,-0.34139198064804077
0.59,0.15248000621795654,-0.004775499925017357,1.479699969291687,0.9265999794006348,-0.030112002044916153,-0.11049599945545197,3.759039878845215,-0.13543199002742767,-0.34139198064804077
0.6,0.17684000730514526,-0.005571600049734116,1.4768999814987183,1.0225600004196167,-0.0336156003177166,-0.11896800249814987,3.916799783706665,-0.14492319524288177,-0.3359360098838806
0.61,0.17684000730514526,-0.005571600049734116,1.4768999814987183,1.0225600004196167,-0.0336156003177166,-0.11896800249814987,3.916799783706665,-0.14492319524288177,-0.3359360098838806
0.62,0.17684000730514526,-0.005571600049734116,1.4768999814987183,1.0225600004196167,-0.0336156003177166,-0.11896800249814987,3.916799783706665,-0.14492319524288177,-0.3359360098838806
0.63,0.20363999903202057,-0.006458300165832043,1.4737999439239502,1.122360110282898,-0.03736160323023796,-0.1272680014371872,4.064159870147705,-0.15479040145874023,-0.32740798592567444
0.64,0.20363999903202057,-0.006458300165832043,1.4737999439239502,1.122360110282898,-0.03736160323023796,-0.1272680014371872,4.064159870147705,-0.15479040145874023,-0.32740798592567444
0.65,0.23297999799251556,-0.007441800087690353,1.4704999923706055,1.2256799936294556,-0.041360002011060715,-0.1353120058774948,4.200639724731445,-0.1650719940662384,-0.3157919943332672
0.66,0.23297999799251556,-0.007441800087690353,1.4704999923706055,1.2256799936294556,-0.041360002011060715,-0.1353120058774948,4.200639724731445,-0.1650719940662384,-0.3157919943332672
0.67,0.23297999799251556,-0.007441800087690353,1.4704999923706055,1.2256799936294556,-0.041360002011060715,-0.1353120058774948,4.200639724731445,-0.1650719940662384,-0.3157919943332672
0.68,0.2649500072002411,-0.008528400212526321,1.4670000076293945,1.3322800397872925,-0.04562000185251236,-0.1430319994688034,4.3257598876953125,-0.17579200863838196,-0.30113598704338074
0.6900000000000001,0.2649500072002411,-0.008528400212526321,1.4670000076293945,1.3322800397872925,-0.04562000185251236,-0.1430319994688034,4.3257598876953125,-0.17579200863838196,-0.30113598704338074
0.7000000000000001,0.29962000250816345,-0.009724999777972698,1.4634000062942505,1.4418801069259644,-0.0501520000398159,-0.15034399926662445,4.439039707183838,-0.18702399730682373,-0.283488005399704
0.71,0.29962000250816345,-0.009724999777972698,1.4634000062942505,1.4418801069259644,-0.0501520000398159,-0.15034399926662445,4.439039707183838,-0.18702399730682373,-0.283488005399704
0.72,0.29962000250816345,-0.009724999777972698,1.4634000062942505,1.4418801069259644,-0.0501520000398159,-0.15034399926662445,4.439039707183838,-0.18702399730682373,-0.283488005399704
0.73,0.3370699882507324,-0.011037999764084816,1.4594999551773071,1.5541599988937378,-0.054975997656583786,-0.15717999637126923,4.540159702301025,-0.1987840086221695,-0.26291200518608093
0.74,0.3370699882507324,-0.011037999764084816,1.4594999551773071,1.5541599988937378,-0.054975997656583786,-0.15717999637126923,4.540159702301025,-0.1987840086221695,-0.26291200518608093
0.75,0.37735000252723694,-0.012476000003516674,1.4555000066757202,1.6687999963760376,-0.060096003115177155,-0.16346800327301025,4.628640174865723,-0.21113599836826324,-0.23950399458408356
0.76,0.37735000252723694,-0.012476000003516674,1.4555000066757202,1.6687999963760376,-0.060096003115177155,-0.16346800327301025,4.628640174865723,-0.21113599836826324,-0.23950399458408356
0.77,0.37735000252723694,-0.012476000003516674,1.4555000066757202,1.6687999963760376,-0.060096003115177155,-0.16346800327301025,4.628640174865723,-0.21113599836826324,-0.23950399458408356
0.78,0.4205299913883209,-0.014046000316739082,1.4514000415802002,1.7854799032211304,-0.0655359998345375,-0.16913199424743652,4.704479694366455,-0.22411198914051056,-0.2133760005235672
0.79,0.4205299913883209,-0.014046000316739082,1.4514000415802002,1.7854799032211304,-0.0655359998345375,-0.16913199424743652,4.704479694366455,-0.22411198914051056,-0.2133760005235672
0.8,0.46663999557495117,-0.015755999833345413,1.447100043296814,1.90392005443573,-0.07130800187587738,-0.17411600053310394,4.767359733581543,-0.23775999248027802,-0.18464000523090363
0.81,0.46663999557495117,-0.015755999833345413,1.447100043296814,1.90392005443573,-0.07130800187587738,-0.17411600053310394,4.767359733581543,-0.23775999248027802,-0.18464000523090363
0.8200000000000001,0.46663999557495117,-0.015755999833345413,1.447100043296814,1.90392005443573,-0.07130800187587738,-0.17411600053310394,4.767359733581543,-0.23775999248027802,-0.18464000523090363
0.8300000000000001,0.5157300233840942,-0.017613999545574188,1.4427000284194946,2.0237600803375244,-0.07743199914693832,-0.1783439964056015,4.817279815673828,-0.252159982919693,-0.15343520045280457
0.84,0.5157300233840942,-0.017613999545574188,1.4427000284194946,2.0237600803375244,-0.07743199914693832,-0.1783439964056015,4.817279815673828,-0.252159982919693,-0.15343520045280457
0.85,0.5678399801254272,-0.01962999999523163,1.4381999969482422,2.1446800231933594,-0.08392400294542313,-0.181768000125885,4.854079723358154,-0.26734399795532227,-0.11991359293460846
0.86,0.5678399801254272,-0.01962999999523163,1.4381999969482422,2.1446800231933594,-0.08392400294542313,-0.181768000125885,4.854079723358154,-0.26734399795532227,-0.11991359293460846
0.87,0.5678399801254272,-0.01962999999523163,1.4381999969482422,2.1446800231933594,-0.08392400294542313,-0.181768000125885,4.854079723358154,-0.26734399795532227,-0.11991359293460846
0.88,0.6229699850082397,-0.021813999861478806,1.4335999488830566,2.266319990158081,-0.09080400317907333,-0.1843240112066269,4.877919673919678,-0.28336000442504883,-0.08423839509487152
0.89,0.6229699850082397,-0.021813999861478806,1.4335999488830566,2.266319990158081,-0.09080400317907333,-0.1843240112066269,4.877919673919678,-0.28336000442504883,-0.08423839509487152
0.9,0.6811599731445312,-0.024173999205231667,1.4289000034332275,2.388439893722534,-0.09809600561857224,-0.18596400320529938,4.888800144195557,-0.30025598406791687,-0.046587198972702026
0.91,0.6811599731445312,-0.024173999205231667,1.4289000034332275,2.388439893722534,-0.09809600561857224,-0.18596400320529938,4.888800144195557,-0.30025598406791687,-0.046587198972702026
0.92,0.6811599731445312,-0.024173999205231667,1.4289000034332275,2.388439893722534,-0.09809600561857224,-0.18596400320529938,4.888800144195557,-0.30025598406791687,-0.046587198972702026
0.93,0.7423999905586243,-0.026722000911831856,1.424299955368042,2.5106799602508545,-0.10582400858402252,-0.18663600087165833,4.886719703674316,-0.31811198592185974,-0.0071459198370575905
0.9400000000000001,0.7423999905586243,-0.026722000911831856,1.424299955368042,2.5106799602508545,-0.10582400858402252,-0.18663600087165833,4.886719703674316,-0.31811198592185974,-0.0071459198370575905
0.9500000000000001,0.806689977645874,-0.029469000175595284,1.419600009918213,2.6326799392700195,-0.11401200294494629,-0.18630801141262054,4.871840000152588,-0.33695998787879944,0.03388959914445877
0.96,0.806689977645874,-0.029469000175595284,1.419600009918213,2.6326799392700195,-0.11401200294494629,-0.18630801141262054,4.871840000152588,-0.33695998787879944,0.03388959914445877
0.97,0.806689977645874,-0.029469000175595284,1.419600009918213,2.6326799392700195,-0.11401200294494629,-0.18630801141262054,4.871840000152588,-0.33695998787879944,0.03388959914445877
0.98,0.8740299940109253,-0.03242700174450874,1.4149999618530273,2.754159927368164,-0.12268400192260742,-0.18493200838565826,4.844639778137207,-0.35684797167778015,0.07631519436836243
0.99,0.8740299940109253,-0.03242700174450874,1.4149999618530273,2.754159927368164,-0.12268400192260742,-0.18493200838565826,4.844639778137207,-0.35684797167778015,0.07631519436836243
1.0,0.9443899989128113,-0.035606998950242996,1.4104000329971313,2.874799966812134,-0.13186399638652802,-0.18248000741004944,4.804959774017334,-0.37785598635673523,0.11991839855909348
1.01,0.9443899989128113,-0.035606998950242996,1.4104000329971313,2.874799966812134,-0.13186399638652802,-0.18248000741004944,4.804959774017334,-0.37785598635673523,0.11991839855909348
1.02,0.9443899989128113,-0.035606998950242996,1.4104000329971313,2.874799966812134,-0.13186399638652802,-0.18248000741004944,4.804959774017334,-0.37785598635673523,0.11991839855909348
1.03,1.017799973487854,-0.039023999124765396,1.405900001525879,2.9943199157714844,-0.14158400893211365,-0.17892800271511078,4.753439903259277,-0.3999999761581421,0.16448000073432922
1.04,1.017799973487854,-0.039023999124765396,1.405900001525879,2.9943199157714844,-0.14158400893211365,-0.17892800271511078,4.753439903259277,-0.3999999761581421,0.16448000073432922
1.05,1.094099998474121,-0.04269099980592728,1.4013999700546265,3.1124000549316406,-0.15187200903892517,-0.1742520034313202,4.690239906311035,-0.4233439862728119,0.20977599918842316
1.06,1.094099998474121,-0.04269099980592728,1.4013999700546265,3.1124000549316406,-0.15187200903892517,-0.1742520034313202,4.690239906311035,-0.4233439862728119,0.20977599918842316
1.07,1.094099998474121,-0.04269099980592728,1.4013999700546265,3.1124000549316406,-0.15187200903892517,-0.1742520034313202,4.690239906311035,-0.4233439862728119,0.20977599918842316
1.08,1.1734000444412231,-0.046622999012470245,1.3971999883651733,3.228720188140869,-0.16276399791240692,-0.16843600571155548,4.615839958190918,-0.447952002286911,0.2555839717388153
1.09,1.1734000444412231,-0.046622999012470245,1.3971999883651733,3.228720188140869,-0.16276399791240692,-0.16843600571155548,4.615839958190918,-0.447952002286911,0.2555839717388153
1.1,1.2554999589920044,-0.05083499848842621,1.3930000066757202,3.3430802822113037,-0.17428000271320343,-0.1614680141210556,4.530399799346924,-0.47383996844291687,0.30166399478912354
1.11,1.2554999589920044,-0.05083499848842621,1.3930000066757202,3.3430802822113037,-0.17428000271320343,-0.1614680141210556,4.530399799346924,-0.47383996844291687,0.30166399478912354
1.12,1.2554999589920044,-0.05083499848842621,1.3930000066757202,3.3430802822113037,-0.17428000271320343,-0.1614680141210556,4.530399799346924,-0.47383996844291687,0.30166399478912354
1.1300000000000001,1.340499997138977,-0.05534299835562706,1.3890999555587769,3.455160140991211,-0.18646399676799774,-0.15335200726985931,4.4345598220825195,-0.5010719895362854,0.34779199957847595
1.1400000000000001,1.340499997138977,-0.05534299835562706,1.3890999555587769,3.455160140991211,-0.18646399676799774,-0.15335200726985931,4.4345598220825195,-0.5010719895362854,0.34779199957847595
1.1500000000000001,1.4283000230789185,-0.06016400083899498,1.3854000568389893,3.5647201538085938,-0.19934800267219543,-0.1440799981355667,4.328639984130859,-0.529695987701416,0.39372798800468445
1.16,1.4283000230789185,-0.06016400083899498,1.3854000568389893,3.5647201538085938,-0.19934800267219543,-0.1440799981355667,4.328639984130859,-0.529695987701416,0.39372798800468445
1.17,1.4283000230789185,-0.06016400083899498,1.3854000568389893,3.5647201538085938,-0.19934800267219543,-0.1440799981355667,4.328639984130859,-0.529695987701416,0.39372798800468445
1.18,1.5187000036239624,-0.06531599909067154,1.3818999528884888,3.6715199947357178,-0.21296000480651855,-0.13366800546646118,4.213279724121094,-0.5597280263900757,0.4392479956150055
1.19,1.5187000036239624,-0.06531599909067154,1.3818999528884888,3.6715199947357178,-0.21296000480651855,-0.13366800546646118,4.213279724121094,-0.5597280263900757,0.4392479956150055
1.2,1.611799955368042,-0.07081799954175949,1.3787000179290771,3.775320053100586,-0.22734399139881134,-0.12212400883436203,4.088640213012695,-0.5912320017814636,0.4840959906578064
1.21,1.611799955368042,-0.07081799954175949,1.3787000179290771,3.775320053100586,-0.22734399139881134,-0.12212400883436203,4.088640213012695,-0.5912320017814636,0.4840959906578064
1.22,1.611799955368042,-0.07081799954175949,1.3787000179290771,3.775320053100586,-0.22734399139881134,-0.12212400883436203,4.088640213012695,-0.5912320017814636,0.4840959906578064
1.23,1.7073999643325806,-0.07669000327587128,1.3758000135421753,3.875880002975464,-0.24253599345684052,-0.1094679981470108,3.9556798934936523,-0.6242240071296692,0.5280640125274658
1.24,1.7073999643325806,-0.07669000327587128,1.3758000135421753,3.875880002975464,-0.24253599345684052,-0.1094679981470108,3.9556798934936523,-0.6242240071296692,0.5280640125274658
1.25,1.8056000471115112,-0.08295200020074844,1.3732000589370728,3.9730401039123535,-0.25856801867485046,-0.09572800248861313,3.8143999576568604,-0.6587359309196472,0.5709279775619507
1.26,1.8056000471115112,-0.08295200020074844,1.3732000589370728,3.9730401039123535,-0.25856801867485046,-0.09572800248861313,3.8143999576568604,-0.6587359309196472,0.5709279775619507
1.27,1.8056000471115112,-0.08295200020074844,1.3732000589370728,3.9730401039123535,-0.25856801867485046,-0.09572800248861313,3.8143999576568604,-0.6587359309196472,0.5709279775619507
1.28,1.9061000347137451,-0.0896259993314743,1.371000051498413,4.066400051116943,-0.2754879891872406,-0.0809360072016716,3.665759801864624,-0.6948159337043762,0.6124319434165955
1.29,1.9061000347137451,-0.0896259993314743,1.371000051498413,4.066400051116943,-0.2754879891872406,-0.0809360072016716,3.665759801864624,-0.6948159337043762,0.6124319434165955
1.3,2.0088999271392822,-0.09673400223255157,1.3691999912261963,4.156400203704834,-0.29332399368286133,-0.06512000411748886,3.510239839553833,-0.7324479222297668,0.6523999571800232
1.31,2.0088999271392822,-0.09673400223255157,1.3691999912261963,4.156400203704834,-0.29332399368286133,-0.06512000411748886,3.510239839553833,-0.7324479222297668,0.6523999571800232
1.32,2.0088999271392822,-0.09673400223255157,1.3691999912261963,4.156400203704834,-0.29332399368286133,-0.06512000411748886,3.510239839553833,-0.7324479222297668,0.6523999571800232
1.33,2.113800048828125,-0.10429999977350235,1.367799997329712,4.242000102996826,-0.3121200203895569,-0.04832800105214119,3.3483200073242188,-0.7716799974441528,0.6905919313430786
1.34,2.113800048828125,-0.10429999977350235,1.367799997329712,4.242000102996826,-0.3121200203895569,-0.04832800105214119,3.3483200073242188,-0.7716799974441528,0.6905919313430786
1.35,2.220900058746338,-0.11235000193119049,1.3667999505996704,4.3236002922058105,-0.33191999793052673,-0.030608002096414566,3.1804800033569336,-0.8125119805335999,0.7268159985542297
1.36,2.220900058746338,-0.11235000193119049,1.3667999505996704,4.3236002922058105,-0.33191999793052673,-0.030608002096414566,3.1804800033569336,-0.8125119805335999,0.7268159985542297
1.37,2.220900058746338,-0.11235000193119049,1.3667999505996704,4.3236002922058105,-0.33191999793052673,-0.030608002096414566,3.1804800033569336,-0.8125119805335999,0.7268159985542297
1.3800000000000001,2.3299999237060547,-0.120899997651577,1.3662999868392944,4.4008002281188965,-0.3527600169181824,-0.01200720015913248,3.007359743118286,-0.854960024356842,0.7608640193939209
1.3900000000000001,2.3299999237060547,-0.120899997651577,1.3662999868392944,4.4008002281188965,-0.3527600169181824,-0.01200720015913248,3.007359743118286,-0.854960024356842,0.7608640193939209
1.4000000000000001,2.4409000873565674,-0.12999999523162842,1.3661999702453613,4.474000453948975,-0.37468400597572327,0.007416000124067068,2.8295998573303223,-0.8990399837493896,0.7925759553909302
1.41,2.4409000873565674,-0.12999999523162842,1.3661999702453613,4.474000453948975,-0.37468400597572327,0.007416000124067068,2.8295998573303223,-0.8990399837493896,0.7925759553909302
1.42,2.4409000873565674,-0.12999999523162842,1.3661999702453613,4.474000453948975,-0.37468400597572327,0.007416000124067068,2.8295998573303223,-0.8990399837493896,0.7925759553909302
1.43,2.5536999702453613,-0.13965000212192535,1.3666000366210938,4.542399883270264,-0.39772799611091614,0.02760080061852932,2.6476800441741943,-0.9447360038757324,0.8217599987983704
1.44,2.5536999702453613,-0.13965000212192535,1.3666000366210938,4.542399883270264,-0.39772799611091614,0.02760080061852932,2.6476800441741943,-0.9447360038757324,0.8217599987983704
1.45,2.6679999828338623,-0.1498900055885315,1.3675999641418457,4.606400012969971,-0.4219200313091278,0.04848000034689903,2.462239980697632,-0.992031991481781,0.8482720255851746
1.46,2.6679999828338623,-0.1498900055885315,1.3675999641418457,4.606400012969971,-0.4219200313091278,0.04848000034689903,2.462239980697632,-0.992031991481781,0.8482720255851746
1.47,2.6679999828338623,-0.1498900055885315,1.3675999641418457,4.606400012969971,-0.4219200313091278,0.04848000034689903,2.462239980697632,-0.992031991481781,0.8482720255851746
1.48,2.783900022506714,-0.16075000166893005,1.3690999746322632,4.665599822998047,-0.44736000895500183,0.06999199837446213,2.2737600803375244,-1.04094398021698,0.871936023235321
1.49,2.783900022506714,-0.16075000166893005,1.3690999746322632,4.665599822998047,-0.44736000895500183,0.06999199837446213,2.2737600803375244,-1.04094398021698,0.871936023235321
1.5,2.9012999534606934,-0.1722699999809265,1.3710999488830566,4.720000267028809,-0.4739999771118164,0.09205200523138046,2.0828797817230225,-1.0914239883422852,0.8926399946212769
1.51,2.9012999534606934,-0.1722699999809265,1.3710999488830566,4.720000267028809,-0.4739999771118164,0.09205200523138046,2.0828797817230225,-1.0914239883422852,0.8926399946212769
1.52,2.9012999534606934,-0.1722699999809265,1.3710999488830566,4.720000267028809,-0.4739999771118164,0.09205200523138046,2.0828797817230225,-1.0914239883422852,0.8926399946212769
1.53,3.01990008354187,-0.18446999788284302,1.3737000226974487,4.769599914550781,-0.5019199848175049,0.11459600180387497,1.8899199962615967,-1.1434719562530518,0.9102399945259094
1.54,3.01990008354187,-0.18446999788284302,1.3737000226974487,4.769599914550781,-0.5019199848175049,0.11459600180387497,1.8899199962615967,-1.1434719562530518,0.9102399945259094
1.55,3.139699935913086,-0.19738000631332397,1.3767999410629272,4.8144001960754395,-0.5311600565910339,0.13753999769687653,1.6955199241638184,-1.1970559358596802,0.9246559739112854
1.56,3.139699935913086,-0.19738000631332397,1.3767999410629272,4.8144001960754395,-0.5311600565910339,0.13753999769687653,1.6955199241638184,-1.1970559358596802,0.9246559739112854
1.57,3.139699935913086,-0.19738000631332397,1.3767999410629272,4.8144001960754395,-0.5311600565910339,0.13753999769687653,1.6955199241638184,-1.1970559358596802,0.9246559739112854
1.58,3.2606000900268555,-0.21104000508785248,1.3804999589920044,4.854400157928467,-0.5618000030517578,0.16080400347709656,1.5002399682998657,-1.252128005027771,0.935808002948761
1.59,3.2606000900268555,-0.21104000508785248,1.3804999589920044,4.854400157928467,-0.5618000030517578,0.16080400347709656,1.5002399682998657,-1.252128005027771,0.935808002948761
1.6,3.3824000358581543,-0.22548000514507294,1.3848999738693237,4.8896002769470215,-0.5938000082969666,0.1843000054359436,1.3044639825820923,-1.3086400032043457,0.9435999989509583
1.61,3.3824000358581543,-0.22548000514507294,1.3848999738693237,4.8896002769470215,-0.5938000082969666,0.1843000054359436,1.3044639825820923,-1.3086400032043457,0.9435999989509583
1.62,3.3824000358581543,-0.22548000514507294,1.3848999738693237,4.8896002769470215,-0.5938000082969666,0.1843000054359436,1.3044639825820923,-1.3086400032043457,0.9435999989509583
1.6300000000000001,3.505000114440918,-0.24074000120162964,1.389799952507019,4.919600009918213,-0.627240002155304,0.20795200765132904,1.1086559295654297,-1.3665440082550049,0.947983980178833
1.6400000000000001,3.505000114440918,-0.24074000120162964,1.389799952507019,4.919600009918213,-0.627240002155304,0.20795200765132904,1.1086559295654297,-1.3665440082550049,0.947983980178833
1.6500000000000001,3.6282999515533447,-0.256850004196167,1.395300030708313,4.94480037689209,-0.6621200442314148,0.231672003865242,0.9132959246635437,-1.4258079528808594,0.9489279985427856
1.6600000000000001,3.6282999515533447,-0.256850004196167,1.395300030708313,4.94480037689209,-0.6621200442314148,0.231672003865242,0.9132959246635437,-1.4258079528808594,0.9489279985427856
1.67,3.6282999515533447,-0.256850004196167,1.395300030708313,4.94480037689209,-0.6621200442314148,0.231672003865242,0.9132959246635437,-1.4258079528808594,0.9489279985427856
1.68,3.75219988822937,-0.27386000752449036,1.4012999534606934,4.965199947357178,-0.6985200047492981,0.255372017621994,0.7187680006027222,-1.4863359928131104,0.946399986743927
1.69,3.75219988822937,-0.27386000752449036,1.4012999534606934,4.965199947357178,-0.6985200047492981,0.255372017621994,0.7187680006027222,-1.4863359928131104,0.946399986743927
1.7,3.876499891281128,-0.2917900085449219,1.4079999923706055,4.980800151824951,-0.7364799976348877,0.27896401286125183,0.5255039930343628,-1.5480799674987793,0.9404000043869019
1.71,3.876499891281128,-0.2917900085449219,1.4079999923706055,4.980800151824951,-0.7364799976348877,0.27896401286125183,0.5255039930343628,-1.5480799674987793,0.9404000043869019
1.72,3.876499891281128,-0.2917900085449219,1.4079999923706055,4.980800151824951,-0.7364799976348877,0.27896401286125183,0.5255039930343628,-1.5480799674987793,0.9404000043869019
1.73,4.001200199127197,-0.3106899857521057,1.4153000116348267,4.991600036621094,-0.7759600281715393,0.3023639917373657,0.3338879942893982,-1.610879898071289,0.9309439659118652
1.74,4.001200199127197,-0.3106899857521057,1.4153000116348267,4.991600036621094,-0.7759600281715393,0.3023639917373657,0.3338879942893982,-1.610879898071289,0.9309439659118652
1.75,4.126100063323975,-0.33059999346733093,1.4230999946594238,4.997600078582764,-0.8170000314712524,0.32548001408576965,0.14429280161857605,-1.674880027770996,0.9180159568786621
1.76,4.126100063323975,-0.33059999346733093,1.4230999946594238,4.997600078582764,-0.8170000314712524,0.32548001408576965,0.14429280161857605,-1.674880027770996,0.9180159568786621
1.77,4.126100063323975,-0.33059999346733093,1.4230999946594238,4.997600078582764,-0.8170000314712524,0.32548001408576965,0.14429280161857605,-1.674880027770996,0.9180159568786621
1.78,4.251100063323975,-0.35155999660491943,1.4315999746322632,4.998799800872803,-0.8597200512886047,0.34823599457740784,-0.04292159900069237,-1.7398399114608765,0.9016799926757812
1.79,4.251100063323975,-0.35155999660491943,1.4315999746322632,4.998799800872803,-0.8597200512886047,0.34823599457740784,-0.04292159900069237,-1.7398399114608765,0.9016799926757812
1.8,4.375999927520752,-0.3736000061035156,1.440500020980835,4.99560022354126,-0.9039999842643738,0.3705359995365143,-0.22742398083209991,-1.8055999279022217,0.8819679617881775
1.81,4.375999927520752,-0.3736000061035156,1.440500020980835,4.99560022354126,-0.9039999842643738,0.3705359995365143,-0.22742398083209991,-1.8055999279022217,0.8819679617881775
1.82,4.375999927520752,-0.3736000061035156,1.440500020980835,4.99560022354126,-0.9039999842643738,0.3705359995365143,-0.22742398083209991,-1.8055999279022217,0.8819679617881775
1.83,4.500800132751465,-0.39677000045776367,1.4500999450683594,4.987599849700928,-0.949999988079071,0.392304003238678,-0.40886396169662476,-1.8721599578857422,0.8589279651641846
1.84,4.500800132751465,-0.39677000045776367,1.4500999450683594,4.987599849700928,-0.949999988079071,0.392304003238678,-0.40886396169662476,-1.8721599578857422,0.8589279651641846
1.85,4.62529993057251,-0.42111000418663025,1.4601999521255493,4.975200176239014,-0.997640073299408,0.4134399890899658,-0.586959958076477,-1.9395198822021484,0.8326399922370911
1.86,4.62529993057251,-0.42111000418663025,1.4601999521255493,4.975200176239014,-0.997640073299408,0.4134399890899658,-0.586959958076477,-1.9395198822021484,0.8326399922370911
1.87,4.62529993057251,-0.42111000418663025,1.4601999521255493,4.975200176239014,-0.997640073299408,0.4134399890899658,-0.586959958076477,-1.9395198822021484,0.8326399922370911
1.8800000000000001,4.749499797821045,-0.4466699957847595,1.4708000421524048,4.958000183105469,-1.0469599962234497,0.4339199960231781,-0.7614079713821411,-2.0075199604034424,0.803167998790741
1.8900000000000001,4.749499797821045,-0.4466699957847595,1.4708000421524048,4.958000183105469,-1.0469599962234497,0.4339199960231781,-0.7614079713821411,-2.0075199604034424,0.803167998790741
1.9000000000000001,4.873199939727783,-0.4734799861907959,1.4817999601364136,4.936800003051758,-1.097999930381775,0.4535999894142151,-0.9319199919700623,-2.0758399963378906,0.7706079483032227
1.9100000000000001,4.873199939727783,-0.4734799861907959,1.4817999601364136,4.936800003051758,-1.097999930381775,0.4535999894142151,-0.9319199919700623,-2.0758399963378906,0.7706079483032227
1.92,4.873199939727783,-0.4734799861907959,1.4817999601364136,4.936800003051758,-1.097999930381775,0.4535999894142151,-0.9319199919700623,-2.0758399963378906,0.7706079483032227
1.93,4.996300220489502,-0.501579999923706,1.493399977684021,4.911600112915039,-1.1507600545883179,0.4724000096321106,-1.0982398986816406,-2.1447999477386475,0.7350720167160034
1.94,4.996300220489502,-0.501579999923706,1.493399977684021,4.911600112915039,-1.1507600545883179,0.4724000096321106,-1.0982398986816406,-2.1447999477386475,0.7350720167160034
1.95,5.11870002746582,-0.531029999256134,1.5054999589920044,4.881999969482422,-1.20524001121521,0.49032002687454224,-1.260111927986145,-2.2139198780059814,0.6966400146484375
1.96,5.11870002746582,-0.531029999256134,1.5054999589920044,4.881999969482422,-1.20524001121521,0.49032002687454224,-1.260111927986145,-2.2139198780059814,0.6966400146484375
1.97,5.11870002746582,-0.531029999256134,1.5054999589920044,4.881999969482422,-1.20524001121521,0.49032002687454224,-1.260111927986145,-2.2139198780059814,0.6966400146484375
1.98,5.2403998374938965,-0.5618600249290466,1.517899990081787,4.848800182342529,-1.2614800930023193,0.5072399973869324,-1.4173280000686646,-2.2832000255584717,0.655456006526947
1.99,5.2403998374938965,-0.5618600249290466,1.517899990081787,4.848800182342529,-1.2614800930023193,0.5072399973869324,-1.4173280000686646,-2.2832000255584717,0.655456006526947
2.0,5.361100196838379,-0.5941200256347656,1.5307999849319458,4.811200141906738,-1.3194000720977783,0.523080050945282,-1.5696319341659546,-2.352479934692383,0.6116319894790649
2.0100000000000002,5.361100196838379,-0.5941200256347656,1.5307999849319458,4.811200141906738,-1.3194000720977783,0.523080050945282,-1.5696319341659546,-2.352479934692383,0.6116319894790649
2.02,5.361100196838379,-0.5941200256347656,1.5307999849319458,4.811200141906738,-1.3194000720977783,0.523080050945282,-1.5696319341659546,-2.352479934692383,0.6116319894790649
2.0300000000000002,5.480899810791016,-0.627839982509613,1.544100046157837,4.770400047302246,-1.379080057144165,0.5378000140190125,-1.7167998552322388,-2.42192006111145,0.5652959942817688
2.04,5.480899810791016,-0.627839982509613,1.544100046157837,4.770400047302246,-1.379080057144165,0.5378000140190125,-1.7167998552322388,-2.42192006111145,0.5652959942817688
2.05,5.599599838256836,-0.6630899906158447,1.5577000379562378,4.725600242614746,-1.4405200481414795,0.5513200163841248,-1.8587199449539185,-2.491039991378784,0.5166079998016357
2.06,5.599599838256836,-0.6630899906158447,1.5577000379562378,4.725600242614746,-1.4405200481414795,0.5513200163841248,-1.8587199449539185,-2.491039991378784,0.5166079998016357
2.07,5.599599838256836,-0.6630899906158447,1.5577000379562378,4.725600242614746,-1.4405200481414795,0.5513200163841248,-1.8587199449539185,-2.491039991378784,0.5166079998016357
2.08,5.717199802398682,-0.6998800039291382,1.5715999603271484,4.677199840545654,-1.503640055656433,0.5636000037193298,-1.9952000379562378,-2.559839963912964,0.46569597721099854
2.09,5.717199802398682,-0.6998800039291382,1.5715999603271484,4.677199840545654,-1.503640055656433,0.5636000037193298,-1.9952000379562378,-2.559839963912964,0.46569597721099854
2.1,5.833499908447266,-0.7382799983024597,1.5858999490737915,4.625600337982178,-1.5684800148010254,0.5745999813079834,-2.12608003616333,-2.6283199787139893,0.4127199947834015
2.11,5.833499908447266,-0.7382799983024597,1.5858999490737915,4.625600337982178,-1.5684800148010254,0.5745999813079834,-2.12608003616333,-2.6283199787139893,0.4127199947834015
2.12,5.833499908447266,-0.7382799983024597,1.5858999490737915,4.625600337982178,-1.5684800148010254,0.5745999813079834,-2.12608003616333,-2.6283199787139893,0.4127199947834015
2.13,5.948400020599365,-0.7783200144767761,1.6003999710083008,4.571200370788574,-1.6350401639938354,0.5842000246047974,-2.251039981842041,-2.696319818496704,0.35784000158309937
2.14,5.948400020599365,-0.7783200144767761,1.6003999710083008,4.571200370788574,-1.6350401639938354,0.5842000246047974,-2.251039981842041,-2.696319818496704,0.35784000158309937
2.15,6.061999797821045,-0.8200500011444092,1.6151000261306763,4.513200283050537,-1.7033199071884155,0.5924400091171265,-2.37007999420166,-2.7636799812316895,0.3012319803237915
2.16,6.061999797821045,-0.8200500011444092,1.6151000261306763,4.513200283050537,-1.7033199071884155,0.5924400091171265,-2.37007999420166,-2.7636799812316895,0.3012319803237915
2.17,6.061999797821045,-0.8200500011444092,1.6151000261306763,4.513200283050537,-1.7033199071884155,0.5924400091171265,-2.37007999420166,-2.7636799812316895,0.3012319803237915
2.18,6.174099922180176,-0.8634999990463257,1.6299999952316284,4.452800273895264,-1.773240089416504,0.599280059337616,-2.4832000732421875,-2.8300797939300537,0.24304001033306122
2.19,6.174099922180176,-0.8634999990463257,1.6299999952316284,4.452800273895264,-1.773240089416504,0.599280059337616,-2.4832000732421875,-2.8300797939300537,0.24304001033306122
2.2,6.284599781036377,-0.9087200164794922,1.6449999809265137,4.389199733734131,-1.8447999954223633,0.6046000123023987,-2.5900797843933105,-2.8958401679992676,0.18347199261188507
2.21,6.284599781036377,-0.9087200164794922,1.6449999809265137,4.389199733734131,-1.8447999954223633,0.6046000123023987,-2.5900797843933105,-2.8958401679992676,0.18347199261188507
2.22,6.284599781036377,-0.9087200164794922,1.6449999809265137,4.389199733734131,-1.8447999954223633,0.6046000123023987,-2.5900797843933105,-2.8958401679992676,0.18347199261188507
2.23,6.393499851226807,-0.9557600021362305,1.6601999998092651,4.32319974899292,-1.9180001020431519,0.6084400415420532,-2.6907198429107666,-2.960479974746704,0.1226767972111702
2.24,6.393499851226807,-0.9557600021362305,1.6601999998092651,4.32319974899292,-1.9180001020431519,0.6084400415420532,-2.6907198429107666,-2.960479974746704,0.1226767972111702
2.25,6.500699996948242,-1.0046000480651855,1.6754000186920166,4.254800319671631,-1.992799997329712,0.6107200384140015,-2.7851197719573975,-3.0238399505615234,0.06085279956459999
2.2600000000000002,6.500699996948242,-1.0046000480651855,1.6754000186920166,4.254800319671631,-1.992799997329712,0.6107200384140015,-2.7851197719573975,-3.0238399505615234,0.06085279956459999
2.27,6.500699996948242,-1.0046000480651855,1.6754000186920166,4.254800319671631,-1.992799997329712,0.6107200384140015,-2.7851197719573975,-3.0238399505615234,0.06085279956459999
2.2800000000000002,6.606200218200684,-1.055400013923645,1.6907000541687012,4.184000015258789,-2.069200038909912,0.6114799976348877,-2.872959852218628,-3.0860798358917236,-0.0018179200123995543
2.29,6.606200218200684,-1.055400013923645,1.6907000541687012,4.184000015258789,-2.069200038909912,0.6114799976348877,-2.872959852218628,-3.0860798358917236,-0.0018179200123995543
2.3000000000000003,6.70989990234375,-1.1081000566482544,1.7059999704360962,4.111199855804443,-2.147120237350464,0.6106399893760681,-2.954400062561035,-3.1470401287078857,-0.06515039503574371
2.31,6.70989990234375,-1.1081000566482544,1.7059999704360962,4.111199855804443,-2.147120237350464,0.6106399893760681,-2.954400062561035,-3.1470401287078857,-0.06515039503574371
2.32,6.70989990234375,-1.1081000566482544,1.7059999704360962,4.111199855804443,-2.147120237350464,0.6106399893760681,-2.954400062561035,-3.1470401287078857,-0.06515039503574371
2.33,6.811800003051758,-1.1627999544143677,1.7211999893188477,4.036399841308594,-2.22652006149292,0.6082000136375427,-3.029279947280884,-3.206239938735962,-0.1289552003145218
2.34,6.811800003051758,-1.1627999544143677,1.7211999893188477,4.036399841308594,-2.22652006149292,0.6082000136375427,-3.029279947280884,-3.206239938735962,-0.1289552003145218
2.35,6.9116997718811035,-1.2194000482559204,1.7364000082015991,3.9596803188323975,-2.3073999881744385,0.6041600108146667,-3.097599983215332,-3.2639999389648438,-0.19303999841213226
2.36,6.9116997718811035,-1.2194000482559204,1.7364000082015991,3.9596803188323975,-2.3073999881744385,0.6041600108146667,-3.097599983215332,-3.2639999389648438,-0.19303999841213226
2.37,6.9116997718811035,-1.2194000482559204,1.7364000082015991,3.9596803188323975,-2.3073999881744385,0.6041600108146667,-3.097599983215332,-3.2639999389648438,-0.19303999841213226
2.38,7.009699821472168,-1.2782000303268433,1.7513999938964844,3.8814399242401123,-2.3897199630737305,0.5985600352287292,-3.159359931945801,-3.319999933242798,-0.2572159767150879
2.39,7.009699821472168,-1.2782000303268433,1.7513999938964844,3.8814399242401123,-2.3897199630737305,0.5985600352287292,-3.159359931945801,-3.319999933242798,-0.2572159767150879
2.4,7.105800151824951,-1.3388999700546265,1.7662999629974365,3.801760196685791,-2.4733998775482178,0.5913199782371521,-3.21455979347229,-3.374079704284668,-0.32129600644111633
2.41,7.105800151824951,-1.3388999700546265,1.7662999629974365,3.801760196685791,-2.4733998775482178,0.5913199782371521,-3.21455979347229,-3.374079704284668,-0.32129600644111633
2.42,7.105800151824951,-1.3388999700546265,1.7662999629974365,3.801760196685791,-2.4733998775482178,0.5913199782371521,-3.21455979347229,-3.374079704284668,-0.32129600644111633
2.43,7.19980001449585,-1.4018000364303589,1.781000018119812,3.7208001613616943,-2.5583999156951904,0.5824800133705139,-3.2630398273468018,-3.4262399673461914,-0.3850879967212677
2.44,7.19980001449585,-1.4018000364303589,1.781000018119812,3.7208001613616943,-2.5583999156951904,0.5824800133705139,-3.2630398273468018,-3.4262399673461914,-0.3850879967212677
2.45,7.291800022125244,-1.4668999910354614,1.7954000234603882,3.6386799812316895,-2.6446800231933594,0.5720800161361694,-3.304960012435913,-3.4763197898864746,-0.44839999079704285
2.46,7.291800022125244,-1.4668999910354614,1.7954000234603882,3.6386799812316895,-2.6446800231933594,0.5720800161361694,-3.304960012435913,-3.4763197898864746,-0.44839999079704285
2.47,7.291800022125244,-1.4668999910354614,1.7954000234603882,3.6386799812316895,-2.6446800231933594,0.5720800161361694,-3.304960012435913,-3.4763197898864746,-0.44839999079704285
2.48,7.381700038909912,-1.53410005569458,1.8095999956130981,3.5555999279022217,-2.7322001457214355,0.5600799918174744,-3.340320110321045,-3.524319887161255,-0.5110399723052979
2.49,7.381700038909912,-1.53410005569458,1.8095999956130981,3.5555999279022217,-2.7322001457214355,0.5600799918174744,-3.340320110321045,-3.524319887161255,-0.5110399723052979
2.5,7.469600200653076,-1.6035000085830688,1.8234000205993652,3.4717202186584473,-2.8208799362182617,0.5465199947357178,-3.369119882583618,-3.5697600841522217,-0.5728319883346558
2.5100000000000002,7.469600200653076,-1.6035000085830688,1.8234000205993652,3.4717202186584473,-2.8208799362182617,0.5465199947357178,-3.369119882583618,-3.5697600841522217,-0.5728319883346558
2.52,7.469600200653076,-1.6035000085830688,1.8234000205993652,3.4717202186584473,-2.8208799362182617,0.5465199947357178,-3.369119882583618,-3.5697600841522217,-0.5728319883346558
2.5300000000000002,7.555300235748291,-1.6750999689102173,1.836899995803833,3.387200117111206,-2.910680055618286,0.531440019607544,-3.391359806060791,-3.612959861755371,-0.6335679888725281
2.54,7.555300235748291,-1.6750999689102173,1.836899995803833,3.387200117111206,-2.910680055618286,0.531440019607544,-3.391359806060791,-3.612959861755371,-0.6335679888725281
2.5500000000000003,7.638899803161621,-1.7489999532699585,1.850000023841858,3.3022000789642334,-3.0015199184417725,0.5148400068283081,-3.4070401191711426,-3.653599739074707,-0.6930719614028931
2.56,7.638899803161621,-1.7489999532699585,1.850000023841858,3.3022000789642334,-3.0015199184417725,0.5148400068283081,-3.4070401191711426,-3.653599739074707,-0.6930719614028931
2.57,7.638899803161621,-1.7489999532699585,1.850000023841858,3.3022000789642334,-3.0015199184417725,0.5148400068283081,-3.4070401191711426,-3.653599739074707,-0.6930719614028931
2.58,7.720399856567383,-1.8251999616622925,1.8625999689102173,3.2168800830841064,-3.09332013130188,0.4968000054359436,-3.41648006439209,-3.6916799545288086,-0.7511839866638184
2.59,7.720399856567383,-1.8251999616622925,1.8625999689102173,3.2168800830841064,-3.09332013130188,0.4968000054359436,-3.41648006439209,-3.6916799545288086,-0.7511839866638184
2.6,7.799799919128418,-1.9036999940872192,1.8747999668121338,3.1314399242401123,-3.186079978942871,0.47732001543045044,-3.4193599224090576,-3.7272000312805176,-0.8077279329299927
2.61,7.799799919128418,-1.9036999940872192,1.8747999668121338,3.1314399242401123,-3.186079978942871,0.47732001543045044,-3.4193599224090576,-3.7272000312805176,-0.8077279329299927
2.62,7.799799919128418,-1.9036999940872192,1.8747999668121338,3.1314399242401123,-3.186079978942871,0.47732001543045044,-3.4193599224090576,-3.7272000312805176,-0.8077279329299927
2.63,7.876999855041504,-1.9845000505447388,1.8865000009536743,3.0459601879119873,-3.279680013656616,0.4564400315284729,-3.4161598682403564,-3.7596797943115234,-0.862511932849884
2.64,7.876999855041504,-1.9845000505447388,1.8865000009536743,3.0459601879119873,-3.279680013656616,0.4564400315284729,-3.4161598682403564,-3.7596797943115234,-0.862511932849884
2.65,7.952099800109863,-2.067699909210205,1.8976000547409058,2.9606800079345703,-3.374039888381958,0.4342000186443329,-3.406719923019409,-3.7894399166107178,-0.9153759479522705
2.66,7.952099800109863,-2.067699909210205,1.8976000547409058,2.9606800079345703,-3.374039888381958,0.4342000186443329,-3.406719923019409,-3.7894399166107178,-0.9153759479522705
2.67,7.952099800109863,-2.067699909210205,1.8976000547409058,2.9606800079345703,-3.374039888381958,0.4342000186443329,-3.406719923019409,-3.7894399166107178,-0.9153759479522705
2.68,8.024999618530273,-2.1531999111175537,1.9082000255584717,2.8756799697875977,-3.4691200256347656,0.41068002581596375,-3.3910398483276367,-3.816159963607788,-0.9661599397659302
2.69,8.024999618530273,-2.1531999111175537,1.9082000255584717,2.8756799697875977,-3.4691200256347656,0.41068002581596375,-3.3910398483276367,-3.816159963607788,-0.9661599397659302
2.7,8.09589958190918,-2.2411999702453613,1.9180999994277954,2.7911601066589355,-3.564840078353882,0.38590800762176514,-3.3694398403167725,-3.8399999141693115,-1.0147039890289307
2.71,8.09589958190918,-2.2411999702453613,1.9180999994277954,2.7911601066589355,-3.564840078353882,0.38590800762176514,-3.3694398403167725,-3.8399999141693115,-1.0147039890289307
2.72,8.09589958190918,-2.2411999702453613,1.9180999994277954,2.7911601066589355,-3.564840078353882,0.38590800762176514,-3.3694398403167725,-3.8399999141693115,-1.0147039890289307
2.73,8.164600372314453,-2.3315000534057617,1.92739999294281,2.707279920578003,-3.6610801219940186,0.35996001958847046,-3.3420801162719727,-3.860639810562134,-1.0608799457550049
2.74,8.164600372314453,-2.3315000534057617,1.92739999294281,2.707279920578003,-3.6610801219940186,0.35996001958847046,-3.3420801162719727,-3.860639810562134,-1.0608799457550049
2.75,8.231200218200684,-2.4242000579833984,1.9361000061035156,2.624119997024536,-3.7578399181365967,0.33288800716400146,-3.308799982070923,-3.878080129623413,-1.1045279502868652
2.7600000000000002,8.231200218200684,-2.4242000579833984,1.9361000061035156,2.624119997024536,-3.7578399181365967,0.33288800716400146,-3.308799982070923,-3.878080129623413,-1.1045279502868652
2.77,8.231200218200684,-2.4242000579833984,1.9361000061035156,2.624119997024536,-3.7578399181365967,0.33288800716400146,-3.308799982070923,-3.878080129623413,-1.1045279502868652
2.7800000000000002,8.29580020904541,-2.519399881362915,1.944100022315979,2.5418801307678223,-3.8549599647521973,0.3047560155391693,-3.2700798511505127,-3.892319917678833,-1.1455039978027344
2.79,8.29580020904541,-2.519399881362915,1.944100022315979,2.5418801307678223,-3.8549599647521973,0.3047560155391693,-3.2700798511505127,-3.892319917678833,-1.1455039978027344
2.8000000000000003,8.35830020904541,-2.617000102996826,1.951300024986267,2.4606800079345703,-3.952440023422241,0.27563199400901794,-3.225600004196167,-3.903359889984131,-1.1837120056152344
2.81,8.35830020904541,-2.617000102996826,1.951300024986267,2.4606800079345703,-3.952440023422241,0.27563199400901794,-3.225600004196167,-3.903359889984131,-1.1837120056152344
2.82,8.35830020904541,-2.617000102996826,1.951300024986267,2.4606800079345703,-3.952440023422241,0.27563199400901794,-3.225600004196167,-3.903359889984131,-1.1837120056152344
2.83,8.418899536132812,-2.7170000076293945,1.957900047302246,2.3806400299072266,-4.050000190734863,0.24559199810028076,-3.175999879837036,-3.9110400676727295,-1.219007968902588
2.84,8.418899536132812,-2.7170000076293945,1.957900047302246,2.3806400299072266,-4.050000190734863,0.24559199810028076,-3.175999879837036,-3.9110400676727295,-1.219007968902588
2.85,8.477399826049805,-2.819499969482422,1.9636000394821167,2.301919937133789,-4.148000240325928,0.21470800042152405,-3.121119976043701,-3.9153599739074707,-1.2512799501419067
2.86,8.477399826049805,-2.819499969482422,1.9636000394821167,2.301919937133789,-4.148000240325928,0.21470800042152405,-3.121119976043701,-3.9153599739074707,-1.2512799501419067
2.87,8.477399826049805,-2.819499969482422,1.9636000394821167,2.301919937133789,-4.148000240325928,0.21470800042152405,-3.121119976043701,-3.9153599739074707,-1.2512799501419067
2.88,8.534000396728516,-2.9244000911712646,1.9686000347137451,2.224640130996704,-4.245999813079834,0.18305599689483643,-3.06112003326416,-3.9163198471069336,-1.2804479598999023
2.89,8.534000396728516,-2.9244000911712646,1.9686000347137451,2.224640130996704,-4.245999813079834,0.18305599689483643,-3.06112003326416,-3.9163198471069336,-1.2804479598999023
2.9,8.588600158691406,-3.0318000316619873,1.9728000164031982,2.1488800048828125,-4.343600273132324,0.1507119983434677,-2.9963197708129883,-3.91375994682312,-1.306399941444397
2.91,8.588600158691406,-3.0318000316619873,1.9728000164031982,2.1488800048828125,-4.343600273132324,0.1507119983434677,-2.9963197708129883,-3.91375994682312,-1.306399941444397
2.92,8.588600158691406,-3.0318000316619873,1.9728000164031982,2.1488800048828125,-4.343600273132324,0.1507119983434677,-2.9963197708129883,-3.91375994682312,-1.306399941444397
2.93,8.641400337219238,-3.1415998935699463,1.976099967956543,2.0748400688171387,-4.441600322723389,0.11776399612426758,-2.926719903945923,-3.907839775085449,-1.329055905342102
2.94,8.641400337219238,-3.1415998935699463,1.976099967956543,2.0748400688171387,-4.441600322723389,0.11776399612426758,-2.926719903945923,-3.907839775085449,-1.329055905342102
2.95,8.692399978637695,-3.2537999153137207,1.978600025177002,2.0025999546051025,-4.5391998291015625,0.08428800106048584,-2.85263991355896,-3.898399829864502,-1.3483680486679077
2.96,8.692399978637695,-3.2537999153137207,1.978600025177002,2.0025999546051025,-4.5391998291015625,0.08428800106048584,-2.85263991355896,-3.898399829864502,-1.3483680486679077
2.97,8.692399978637695,-3.2537999153137207,1.978600025177002,2.0025999546051025,-4.5391998291015625,0.08428800106048584,-2.85263991355896,-3.898399829864502,-1.3483680486679077
2.98,8.741600036621094,-3.368499994277954,1.980299949645996,1.9322398900985718,-4.636399745941162,0.05037200078368187,-2.774240016937256,-3.885439872741699,-1.3642559051513672
2.99,8.741600036621094,-3.368499994277954,1.980299949645996,1.9322398900985718,-4.636399745941162,0.05037200078368187,-2.774240016937256,-3.885439872741699,-1.3642559051513672
3.0,8.788999557495117,-3.4856998920440674,1.9811999797821045,1.8639200925827026,-4.7332000732421875,0.01610480062663555,-2.6916799545288086,-3.869119882583618,-1.3766720294952393
3.0100000000000002,8.788999557495117,-3.4856998920440674,1.9811999797821045,1.8639200925827026,-4.7332000732421875,0.01610480062663555,-2.6916799545288086,-3.869119882583618,-1.3766720294952393
3.02,8.788999557495117,-3.4856998920440674,1.9811999797821045,1.8639200925827026,-4.7332000732421875,0.01610480062663555,-2.6916799545288086,-3.869119882583618,-1.3766720294952393
3.0300000000000002,8.834799766540527,-3.6052000522613525,1.9810999631881714,1.797680139541626,-4.829999923706055,-0.018431199714541435,-2.6052801609039307,-3.8492801189422607,-1.3856159448623657
3.04,8.834799766540527,-3.6052000522613525,1.9810999631881714,1.797680139541626,-4.829999923706055,-0.018431199714541435,-2.6052801609039307,-3.8492801189422607,-1.3856159448623657
3.0500000000000003,8.878899574279785,-3.7272000312805176,1.9802000522613525,1.733680009841919,-4.925600051879883,-0.05314800143241882,-2.5150399208068848,-3.826079845428467,-1.3910239934921265
3.06,8.878899574279785,-3.7272000312805176,1.9802000522613525,1.733680009841919,-4.925600051879883,-0.05314800143241882,-2.5150399208068848,-3.826079845428467,-1.3910239934921265
3.0700000000000003,8.878899574279785,-3.7272000312805176,1.9802000522613525,1.733680009841919,-4.925600051879883,-0.05314800143241882,-2.5150399208068848,-3.826079845428467,-1.3910239934921265
3.08,8.921500205993652,-3.8515000343322754,1.9785000085830688,1.6719601154327393,-5.021200180053711,-0.08795200288295746,-2.4212799072265625,-3.7993600368499756,-1.3928959369659424
3.09,8.921500205993652,-3.8515000343322754,1.9785000085830688,1.6719601154327393,-5.021200180053711,-0.08795200288295746,-2.4212799072265625,-3.7993600368499756,-1.3928959369659424
3.1,8.962499618530273,-3.9781999588012695,1.9758000373840332,1.6126400232315063,-5.115600109100342,-0.12275999784469604,-2.324159860610962,-3.769439935684204,-1.3912479877471924
3.11,8.962499618530273,-3.9781999588012695,1.9758000373840332,1.6126400232315063,-5.115600109100342,-0.12275999784469604,-2.324159860610962,-3.769439935684204,-1.3912479877471924
3.12,8.962499618530273,-3.9781999588012695,1.9758000373840332,1.6126400232315063,-5.115600109100342,-0.12275999784469604,-2.324159860610962,-3.769439935684204,-1.3912479877471924
3.13,9.002099990844727,-4.1072998046875,1.9723000526428223,1.555799961090088,-5.20959997177124,-0.1574839949607849,-2.2238399982452393,-3.7360000610351562,-1.3860960006713867
3.14,9.002099990844727,-4.1072998046875,1.9723000526428223,1.555799961090088,-5.20959997177124,-0.1574839949607849,-2.2238399982452393,-3.7360000610351562,-1.3860960006713867
3.15,9.040300369262695,-4.238699913024902,1.968000054359436,1.501479983329773,-5.3024001121521,-0.1920360028743744,-2.120800018310547,-3.699359893798828,-1.3774399757385254
3.16,9.040300369262695,-4.238699913024902,1.968000054359436,1.501479983329773,-5.3024001121521,-0.1920360028743744,-2.120800018310547,-3.699359893798828,-1.3774399757385254
3.17,9.040300369262695,-4.238699913024902,1.968000054359436,1.501479983329773,-5.3024001121521,-0.1920360028743744,-2.120800018310547,-3.699359893798828,-1.3774399757385254
3.18,9.077199935913086,-4.372399806976318,1.9627000093460083,1.4497599601745605,-5.394400119781494,-0.22632800042629242,-2.0150399208068848,-3.659519910812378,-1.365328073501587
3.19,9.077199935913086,-4.372399806976318,1.9627000093460083,1.4497599601745605,-5.394400119781494,-0.22632800042629242,-2.0150399208068848,-3.659519910812378,-1.365328073501587
3.2,9.112899780273438,-4.508399963378906,1.9565999507904053,1.4007600545883179,-5.485599994659424,-0.26027601957321167,-1.9068800210952759,-3.6164801120758057,-1.3497920036315918
3.21,9.112899780273438,-4.508399963378906,1.9565999507904053,1.4007600545883179,-5.485599994659424,-0.26027601957321167,-1.9068800210952759,-3.6164801120758057,-1.3497920036315918
3.22,9.112899780273438,-4.508399963378906,1.9565999507904053,1.4007600545883179,-5.485599994659424,-0.26027601957321167,-1.9068800210952759,-3.6164801120758057,-1.3497920036315918
3.23,9.147299766540527,-4.646599769592285,1.9496999979019165,1.3544400930404663,-5.575200080871582,-0.2937920093536377,-1.7966399192810059,-3.570239782333374,-1.330896019935608
3.24,9.147299766540527,-4.646599769592285,1.9496999979019165,1.3544400930404663,-5.575200080871582,-0.2937920093536377,-1.7966399192810059,-3.570239782333374,-1.330896019935608
3.25,9.1806001663208,-4.787099838256836,1.9420000314712524,1.310920000076294,-5.664000034332275,-0.32679200172424316,-1.6843199729919434,-3.5211198329925537,-1.3087198734283447
3.2600000000000002,9.1806001663208,-4.787099838256836,1.9420000314712524,1.310920000076294,-5.664000034332275,-0.32679200172424316,-1.6843199729919434,-3.5211198329925537,-1.3087198734283447
3.27,9.1806001663208,-4.787099838256836,1.9420000314712524,1.310920000076294,-5.664000034332275,-0.32679200172424316,-1.6843199729919434,-3.5211198329925537,-1.3087198734283447
3.2800000000000002,9.212900161743164,-4.929800033569336,1.93340003490448,1.270240068435669,-5.751200199127197,-0.35920000076293945,-1.5702720880508423,-3.4689598083496094,-1.28329598903656
3.29,9.212900161743164,-4.929800033569336,1.93340003490448,1.270240068435669,-5.751200199127197,-0.35920000076293945,-1.5702720880508423,-3.4689598083496094,-1.28329598903656
3.3000000000000003,9.244099617004395,-5.074699878692627,1.9240000247955322,1.2324399948120117,-5.837200164794922,-0.39093202352523804,-1.4547998905181885,-3.4139199256896973,-1.2547199726104736
3.31,9.244099617004395,-5.074699878692627,1.9240000247955322,1.2324399948120117,-5.837200164794922,-0.39093202352523804,-1.4547998905181885,-3.4139199256896973,-1.2547199726104736
3.3200000000000003,9.244099617004395,-5.074699878692627,1.9240000247955322,1.2324399948120117,-5.837200164794922,-0.39093202352523804,-1.4547998905181885,-3.4139199256896973,-1.2547199726104736
3.33,9.274499893188477,-5.221700191497803,1.9138000011444092,1.1975200176239014,-5.922000408172607,-0.4219200313091278,-1.338096022605896,-3.3561599254608154,-1.223088026046753
3.34,9.274499893188477,-5.221700191497803,1.9138000011444092,1.1975200176239014,-5.922000408172607,-0.4219200313091278,-1.338096022605896,-3.3561599254608154,-1.223088026046753
3.35,9.303999900817871,-5.370800018310547,1.902899980545044,1.1655200719833374,-6.005199909210205,-0.45208001136779785,-1.2204159498214722,-3.295679807662964,-1.1884959936141968
3.36,9.303999900817871,-5.370800018310547,1.902899980545044,1.1655200719833374,-6.005199909210205,-0.45208001136779785,-1.2204159498214722,-3.295679807662964,-1.1884959936141968
3.37,9.303999900817871,-5.370800018310547,1.902899980545044,1.1655200719833374,-6.005199909210205,-0.45208001136779785,-1.2204159498214722,-3.295679807662964,-1.1884959936141968
3.38,9.332799911499023,-5.521900177001953,1.8911999464035034,1.1365200281143188,-6.0868000984191895,-0.48131999373435974,-1.1019999980926514,-3.2324798107147217,-1.1510239839553833
3.39,9.332799911499023,-5.521900177001953,1.8911999464035034,1.1365200281143188,-6.0868000984191895,-0.48131999373435974,-1.1019999980926514,-3.2324798107147217,-1.1510239839553833
3.4,9.360899925231934,-5.675099849700928,1.8789000511169434,1.1104400157928467,-6.166800022125244,-0.509600043296814,-0.983087956905365,-3.166879892349243,-1.11080002784729
3.41,9.360899925231934,-5.675099849700928,1.8789000511169434,1.1104400157928467,-6.166800022125244,-0.509600043296814,-0.983087956905365,-3.166879892349243,-1.11080002784729
3.42,9.360899925231934,-5.675099849700928,1.8789000511169434,1.1104400157928467,-6.166800022125244,-0.509600043296814,-0.983087956905365,-3.166879892349243,-1.11080002784729
3.43,9.388400077819824,-5.8302998542785645,1.8658000230789185,1.0873600244522095,-6.245200157165527,-0.53684002161026,-0.8639360070228577,-3.0990397930145264,-1.0679199695587158
3.44,9.388400077819824,-5.8302998542785645,1.8658000230789185,1.0873600244522095,-6.245200157165527,-0.53684002161026,-0.8639360070228577,-3.0990397930145264,-1.0679199695587158
3.45,9.415300369262695,-5.987299919128418,1.8519999980926514,1.0672401189804077,-6.321599960327148,-0.5629600286483765,-0.7447839975357056,-3.028640031814575,-1.0225279331207275
3.46,9.415300369262695,-5.987299919128418,1.8519999980926514,1.0672401189804077,-6.321599960327148,-0.5629600286483765,-0.7447839975357056,-3.028640031814575,-1.0225279331207275
3.47,9.415300369262695,-5.987299919128418,1.8519999980926514,1.0672401189804077,-6.321599960327148,-0.5629600286483765,-0.7447839975357056,-3.028640031814575,-1.0225279331207275
3.48,9.441699981689453,-6.146299839019775,1.8375999927520752,1.0501199960708618,-6.396399974822998,-0.5879200100898743,-0.625872015953064,-2.956319808959961,-0.9747359752655029
3.49,9.441699981689453,-6.146299839019775,1.8375999927520752,1.0501199960708618,-6.396399974822998,-0.5879200100898743,-0.625872015953064,-2.956319808959961,-0.9747359752655029
3.5,9.46780014038086,-6.30709981918335,1.82260000705719,1.035960078239441,-6.469600200653076,-0.6116799712181091,-0.5074560046195984,-2.8819198608398438,-0.92467200756073
3.5100000000000002,9.46780014038086,-6.30709981918335,1.82260000705719,1.035960078239441,-6.469600200653076,-0.6116799712181091,-0.5074560046195984,-2.8819198608398438,-0.92467200756073
3.52,9.46780014038086,-6.30709981918335,1.82260000705719,1.035960078239441,-6.469600200653076,-0.6116799712181091,-0.5074560046195984,-2.8819198608398438,-0.92467200756073
3.5300000000000002,9.493599891662598,-6.469799995422363,1.8071000576019287,1.0247200727462769,-6.54040002822876,-0.6341599822044373,-0.38977599143981934,-2.8054399490356445,-0.8724799752235413
3.54,9.493599891662598,-6.469799995422363,1.8071000576019287,1.0247200727462769,-6.54040002822876,-0.6341599822044373,-0.38977599143981934,-2.8054399490356445,-0.8724799752235413
3.5500000000000003,9.519100189208984,-6.634200096130371,1.7908999919891357,1.0164400339126587,-6.609600067138672,-0.6552800536155701,-0.2730560004711151,-2.7272000312805176,-0.8182879686355591
3.56,9.519100189208984,-6.634200096130371,1.7908999919891357,1.0164400339126587,-6.609600067138672,-0.6552800536155701,-0.2730560004711151,-2.7272000312805176,-0.8182879686355591
3.5700000000000003,9.519100189208984,-6.634200096130371,1.7908999919891357,1.0164400339126587,-6.609600067138672,-0.6552800536155701,-0.2730560004711151,-2.7272000312805176,-0.8182879686355591
3.58,9.544400215148926,-6.80019998550415,1.7742999792099,1.011080026626587,-6.676799774169922,-0.6750400066375732,-0.15754880011081696,-2.647359848022461,-0.7622399926185608
3.59,9.544400215148926,-6.80019998550415,1.7742999792099,1.011080026626587,-6.676799774169922,-0.6750400066375732,-0.15754880011081696,-2.647359848022461,-0.7622399926185608
3.6,9.569700241088867,-6.9679999351501465,1.757200002670288,1.008560061454773,-6.742000102996826,-0.6934000253677368,-0.043487999588251114,-2.565920114517212,-0.7045120000839233
3.61,9.569700241088867,-6.9679999351501465,1.757200002670288,1.008560061454773,-6.742000102996826,-0.6934000253677368,-0.043487999588251114,-2.565920114517212,-0.7045120000839233
3.62,9.569700241088867,-6.9679999351501465,1.757200002670288,1.008560061454773,-6.742000102996826,-0.6934000253677368,-0.043487999588251114,-2.565920114517212,-0.7045120000839233
3.63,9.594900131225586,-7.13730001449585,1.7396999597549438,1.0088800191879272,-6.805200099945068,-0.7102800011634827,0.0688944011926651,-2.482879877090454,-0.6452159881591797
3.64,9.594900131225586,-7.13730001449585,1.7396999597549438,1.0088800191879272,-6.805200099945068,-0.7102800011634827,0.0688944011926651,-2.482879877090454,-0.6452159881591797
3.65,9.620100021362305,-7.308199882507324,1.7216999530792236,1.0119999647140503,-6.866400241851807,-0.7256399989128113,0.17936000227928162,-2.3987197875976562,-0.5845279693603516
3.66,9.620100021362305,-7.308199882507324,1.7216999530792236,1.0119999647140503,-6.866400241851807,-0.7256399989128113,0.17936000227928162,-2.3987197875976562,-0.5845279693603516
3.67,9.620100021362305,-7.308199882507324,1.7216999530792236,1.0119999647140503,-6.866400241851807,-0.7256399989128113,0.17936000227928162,-2.3987197875976562,-0.5845279693603516
3.68,9.645500183105469,-7.480599880218506,1.7034000158309937,1.017840027809143,-6.92519998550415,-0.7394800186157227,0.2877120077610016,-2.313279867172241,-0.5225920081138611
3.69,9.645500183105469,-7.480599880218506,1.7034000158309937,1.017840027809143,-6.92519998550415,-0.7394800186157227,0.2877120077610016,-2.313279867172241,-0.5225920081138611
3.7,9.670999526977539,-7.6545000076293945,1.6847000122070312,1.026360034942627,-6.98199987411499,-0.7517600059509277,0.39368000626564026,-2.226719856262207,-0.45958399772644043
3.71,9.670999526977539,-7.6545000076293945,1.6847000122070312,1.026360034942627,-6.98199987411499,-0.7517600059509277,0.39368000626564026,-2.226719856262207,-0.45958399772644043
3.72,9.670999526977539,-7.6545000076293945,1.6847000122070312,1.026360034942627,-6.98199987411499,-0.7517600059509277,0.39368000626564026,-2.226719856262207,-0.45958399772644043
3.73,9.696800231933594,-7.829699993133545,1.6657999753952026,1.0374799966812134,-7.036399841308594,-0.762440025806427,0.4970880150794983,-2.139359951019287,-0.3956319987773895
3.74,9.696800231933594,-7.829699993133545,1.6657999753952026,1.0374799966812134,-7.036399841308594,-0.762440025806427,0.4970880150794983,-2.139359951019287,-0.3956319987773895
3.75,9.722900390625,-8.00629997253418,1.6466000080108643,1.051200032234192,-7.088799953460693,-0.7715200185775757,0.597711980342865,-2.051039934158325,-0.3309120237827301
3.7600000000000002,9.722900390625,-8.00629997253418,1.6466000080108643,1.051200032234192,-7.088799953460693,-0.7715200185775757,0.597711980342865,-2.051039934158325,-0.3309120237827301
3.77,9.722900390625,-8.00629997253418,1.6466000080108643,1.051200032234192,-7.088799953460693,-0.7715200185775757,0.597711980342865,-2.051039934158325,-0.3309120237827301
3.7800000000000002,9.74940013885498,-8.184100151062012,1.6272000074386597,1.0673600435256958,-7.138800144195557,-0.7789999842643738,0.6953439712524414,-1.9622399806976318,-0.26558399200439453
3.79,9.74940013885498,-8.184100151062012,1.6272000074386597,1.0673600435256958,-7.138800144195557,-0.7789999842643738,0.6953439712524414,-1.9622399806976318,-0.26558399200439453
3.8000000000000003,9.776300430297852,-8.363200187683105,1.607699990272522,1.085919976234436,-7.1867995262146,-0.7847999930381775,0.7897759675979614,-1.8726400136947632,-0.1998080015182495
3.81,9.776300430297852,-8.363200187683105,1.607699990272522,1.085919976234436,-7.1867995262146,-0.7847999930381775,0.7897759675979614,-1.8726400136947632,-0.1998080015182495
3.8200000000000003,9.776300430297852,-8.363200187683105,1.607699990272522,1.085919976234436,-7.1867995262146,-0.7847999930381775,0.7897759675979614,-1.8726400136947632,-0.1998080015182495
3.83,9.80370044708252,-8.543499946594238,1.5880000591278076,1.1067999601364136,-7.232800483703613,-0.7889599800109863,0.8808159232139587,-1.7827199697494507,-0.13373279571533203
3.84,9.80370044708252,-8.543499946594238,1.5880000591278076,1.1067999601364136,-7.232800483703613,-0.7889599800109863,0.8808159232139587,-1.7827199697494507,-0.13373279571533203
3.85,9.831700325012207,-8.724800109863281,1.5683000087738037,1.1299200057983398,-7.276000499725342,-0.7914800047874451,0.9682719707489014,-1.6926400661468506,-0.06753439456224442
3.86,9.831700325012207,-8.724800109863281,1.5683000087738037,1.1299200057983398,-7.276000499725342,-0.7914800047874451,0.9682719707489014,-1.6926400661468506,-0.06753439456224442
3.87,9.831700325012207,-8.724800109863281,1.5683000087738037,1.1299200057983398,-7.276000499725342,-0.7914800047874451,0.9682719707489014,-1.6926400661468506,-0.06753439456224442
3.88,9.860199928283691,-8.90719985961914,1.5484999418258667,1.1552000045776367,-7.31719970703125,-0.7923600077629089,1.051967978477478,-1.602239966392517,-0.0013634719653055072
3.89,9.860199928283691,-8.90719985961914,1.5484999418258667,1.1552000045776367,-7.31719970703125,-0.7923600077629089,1.051967978477478,-1.602239966392517,-0.0013634719653055072
3.9,9.88949966430664,-9.090700149536133,1.5286999940872192,1.1825200319290161,-7.355999946594238,-0.7915599942207336,1.1317119598388672,-1.5118080377578735,0.06462240219116211
3.91,9.88949966430664,-9.090700149536133,1.5286999940872192,1.1825200319290161,-7.355999946594238,-0.7915599942207336,1.1317119598388672,-1.5118080377578735,0.06462240219116211
3.92,9.88949966430664,-9.090700149536133,1.5286999940872192,1.1825200319290161,-7.355999946594238,-0.7915599942207336,1.1317119598388672,-1.5118080377578735,0.06462240219116211
3.93,9.919400215148926,-9.274999618530273,1.5089000463485718,1.2117600440979004,-7.392800331115723,-0.7891200184822083,1.207360029220581,-1.4214398860931396,0.13026879727840424
3.94,9.919400215148926,-9.274999618530273,1.5089000463485718,1.2117600440979004,-7.392800331115723,-0.7891200184822083,1.207360029220581,-1.4214398860931396,0.13026879727840424
3.95,9.95009994506836,-9.46030044555664,1.4891999959945679,1.242840051651001,-7.4272003173828125,-0.785040020942688,1.2787200212478638,-1.3312640190124512,0.19542400538921356
3.96,9.95009994506836,-9.46030044555664,1.4891999959945679,1.242840051651001,-7.4272003173828125,-0.785040020942688,1.2787200212478638,-1.3312640190124512,0.19542400538921356
3.97,9.95009994506836,-9.46030044555664,1.4891999959945679,1.242840051651001,-7.4272003173828125,-0.785040020942688,1.2787200212478638,-1.3312640190124512,0.19542400538921356
3.98,9.981499671936035,-9.646400451660156,1.4696999788284302,1.2756400108337402,-7.45959997177124,-0.7793599963188171,1.3456798791885376,-1.241391897201538,0.25993600487709045
3.99,9.981499671936035,-9.646400451660156,1.4696999788284302,1.2756400108337402,-7.45959997177124,-0.7793599963188171,1.3456798791885376,-1.241391897201538,0.25993600487709045
4.0,10.013999938964844,-9.833200454711914,1.4502999782562256,1.3100799322128296,-7.489200115203857,-0.7720800042152405,1.4080638885498047,-1.1519360542297363,0.32364797592163086
4.01,10.013999938964844,-9.833200454711914,1.4502999782562256,1.3100799322128296,-7.489200115203857,-0.7720800042152405,1.4080638885498047,-1.1519360542297363,0.32364797592163086
4.0200000000000005,10.013999938964844,-9.833200454711914,1.4502999782562256,1.3100799322128296,-7.489200115203857,-0.7720800042152405,1.4080638885498047,-1.1519360542297363,0.32364797592163086
4.03,10.04699993133545,-10.020999908447266,1.4311000108718872,1.346000075340271,-7.517199993133545,-0.7631999850273132,1.4657440185546875,-1.0630079507827759,0.3864319920539856
4.04,10.04699993133545,-10.020999908447266,1.4311000108718872,1.346000075340271,-7.517199993133545,-0.7631999850273132,1.4657440185546875,-1.0630079507827759,0.3864319920539856
4.05,10.081000328063965,-10.208999633789062,1.4120999574661255,1.3833200931549072,-7.542400360107422,-0.7527599930763245,1.5186078548431396,-0.9746879935264587,0.44814398884773254
4.0600000000000005,10.081000328063965,-10.208999633789062,1.4120999574661255,1.3833200931549072,-7.542400360107422,-0.7527599930763245,1.5186078548431396,-0.9746879935264587,0.44814398884773254
4.07,10.081000328063965,-10.208999633789062,1.4120999574661255,1.3833200931549072,-7.542400360107422,-0.7527599930763245,1.5186078548431396,-0.9746879935264587,0.44814398884773254
4.08,10.116000175476074,-10.39799976348877,1.393399953842163,1.4219200611114502,-7.5655999183654785,-0.7408000230789185,1.5665279626846313,-0.8871199488639832,0.5086399912834167
4.09,10.116000175476074,-10.39799976348877,1.393399953842163,1.4219200611114502,-7.5655999183654785,-0.7408000230789185,1.5665279626846313,-0.8871199488639832,0.5086399912834167
4.1,10.152000427246094,-10.586999893188477,1.375100016593933,1.4616000652313232,-7.586799621582031,-0.7273200154304504,1.6094399690628052,-0.800383985042572,0.5677919983863831
4.11,10.152000427246094,-10.586999893188477,1.375100016593933,1.4616000652313232,-7.586799621582031,-0.7273200154304504,1.6094399690628052,-0.800383985042572,0.5677919983863831
4.12,10.152000427246094,-10.586999893188477,1.375100016593933,1.4616000652313232,-7.586799621582031,-0.7273200154304504,1.6094399690628052,-0.800383985042572,0.5677919983863831
4.13,10.189000129699707,-10.777000427246094,1.357100009918213,1.5023200511932373,-7.605599880218506,-0.7124000191688538,1.6471999883651733,-0.7145599722862244,0.6254879832267761
4.14,10.189000129699707,-10.777000427246094,1.357100009918213,1.5023200511932373,-7.605599880218506,-0.7124000191688538,1.6471999883651733,-0.7145599722862244,0.6254879832267761
4.15,10.22700023651123,-10.968000411987305,1.3394999504089355,1.5439200401306152,-7.622399806976318,-0.6960800290107727,1.6796799898147583,-0.6297600269317627,0.6815840005874634
4.16,10.22700023651123,-10.968000411987305,1.3394999504089355,1.5439200401306152,-7.622399806976318,-0.6960800290107727,1.6796799898147583,-0.6297600269317627,0.6815840005874634
4.17,10.22700023651123,-10.968000411987305,1.3394999504089355,1.5439200401306152,-7.622399806976318,-0.6960800290107727,1.6796799898147583,-0.6297600269317627,0.6815840005874634
4.18,10.267000198364258,-11.157999992370605,1.3222999572753906,1.5862799882888794,-7.637200355529785,-0.6783599853515625,1.70687997341156,-0.5460639595985413,0.7359839677810669
4.19,10.267000198364258,-11.157999992370605,1.3222999572753906,1.5862799882888794,-7.637200355529785,-0.6783599853515625,1.70687997341156,-0.5460639595985413,0.7359839677810669
4.2,10.307000160217285,-11.348999977111816,1.3056000471115112,1.6292400360107422,-7.650000095367432,-0.659280002117157,1.7286399602890015,-0.46355199813842773,0.7885600328445435
4.21,10.307000160217285,-11.348999977111816,1.3056000471115112,1.6292400360107422,-7.650000095367432,-0.659280002117157,1.7286399602890015,-0.46355199813842773,0.7885600328445435
4.22,10.307000160217285,-11.348999977111816,1.3056000471115112,1.6292400360107422,-7.650000095367432,-0.659280002117157,1.7286399602890015,-0.46355199813842773,0.7885600328445435
4.23,10.347999572753906,-11.541000366210938,1.2892999649047852,1.672640085220337,-7.660399913787842,-0.6389200091362,1.7451199293136597,-0.38228800892829895,0.8392320275306702
4.24,10.347999572753906,-11.541000366210938,1.2892999649047852,1.672640085220337,-7.660399913787842,-0.6389200091362,1.7451199293136597,-0.38228800892829895,0.8392320275306702
4.25,10.390000343322754,-11.732000350952148,1.2735999822616577,1.7164400815963745,-7.669200420379639,-0.6173200011253357,1.7561599016189575,-0.30235201120376587,0.8878880143165588
4.26,10.390000343322754,-11.732000350952148,1.2735999822616577,1.7164400815963745,-7.669200420379639,-0.6173200011253357,1.7561599016189575,-0.30235201120376587,0.8878880143165588
4.2700000000000005,10.390000343322754,-11.732000350952148,1.2735999822616577,1.7164400815963745,-7.669200420379639,-0.6173200011253357,1.7561599016189575,-0.30235201120376587,0.8878880143165588
4.28,10.434000015258789,-11.923999786376953,1.2584999799728394,1.7604000568389893,-7.675599575042725,-0.5945600271224976,1.7616000175476074,-0.22380799055099487,0.9344480037689209
4.29,10.434000015258789,-11.923999786376953,1.2584999799728394,1.7604000568389893,-7.675599575042725,-0.5945600271224976,1.7616000175476074,-0.22380799055099487,0.9344480037689209
4.3,10.477999687194824,-12.116000175476074,1.243899941444397,1.804479956626892,-7.680400371551514,-0.5706400275230408,1.7616000175476074,-0.14671039581298828,0.9788320064544678
4.3100000000000005,10.477999687194824,-12.116000175476074,1.243899941444397,1.804479956626892,-7.680400371551514,-0.5706400275230408,1.7616000175476074,-0.14671039581298828,0.9788320064544678
4.32,10.477999687194824,-12.116000175476074,1.243899941444397,1.804479956626892,-7.680400371551514,-0.5706400275230408,1.7616000175476074,-0.14671039581298828,0.9788320064544678
4.33,10.52400016784668,-12.307999610900879,1.2300000190734863,1.8484400510787964,-7.68280029296875,-0.5456399917602539,1.7561599016189575,-0.07110559940338135,1.0209599733352661
4.34,10.52400016784668,-12.307999610900879,1.2300000190734863,1.8484400510787964,-7.68280029296875,-0.5456399917602539,1.7561599016189575,-0.07110559940338135,1.0209599733352661
4.3500000000000005,10.571000099182129,-12.5,1.216599941253662,1.8922399282455444,-7.683599948883057,-0.5196000337600708,1.7452799081802368,0.0029598399996757507,1.0607680082321167
4.36,10.571000099182129,-12.5,1.216599941253662,1.8922399282455444,-7.683599948883057,-0.5196000337600708,1.7452799081802368,0.0029598399996757507,1.0607680082321167
4.37,10.571000099182129,-12.5,1.216599941253662,1.8922399282455444,-7.683599948883057,-0.5196000337600708,1.7452799081802368,0.0029598399996757507,1.0607680082321167
4.38,10.619000434875488,-12.692000389099121,1.2039999961853027,1.9356800317764282,-7.68280029296875,-0.4926000237464905,1.7289599180221558,0.075444795191288,1.0982240438461304
4.39,10.619000434875488,-12.692000389099121,1.2039999961853027,1.9356800317764282,-7.68280029296875,-0.4926000237464905,1.7289599180221558,0.075444795191288,1.0982240438461304
4.4,10.668000221252441,-12.883999824523926,1.1920000314712524,1.9786399602890015,-7.680000305175781,-0.4647200107574463,1.7071999311447144,0.14631839096546173,1.133247971534729
4.41,10.668000221252441,-12.883999824523926,1.1920000314712524,1.9786399602890015,-7.680000305175781,-0.4647200107574463,1.7071999311447144,0.14631839096546173,1.133247971534729
4.42,10.668000221252441,-12.883999824523926,1.1920000314712524,1.9786399602890015,-7.680000305175781,-0.4647200107574463,1.7071999311447144,0.14631839096546173,1.133247971534729
4.43,10.718000411987305,-13.076000213623047,1.180799961090088,2.0209999084472656,-7.675599575042725,-0.4359600245952606,1.6801600456237793,0.21555200219154358,1.1658079624176025
4.44,10.718000411987305,-13.076000213623047,1.180799961090088,2.0209999084472656,-7.675599575042725,-0.4359600245952606,1.6801600456237793,0.21555200219154358,1.1658079624176025
4.45,10.769000053405762,-13.267999649047852,1.170199990272522,2.0625998973846436,-7.669200420379639,-0.40644001960754395,1.6476800441741943,0.2831200063228607,1.195855975151062
4.46,10.769000053405762,-13.267999649047852,1.170199990272522,2.0625998973846436,-7.669200420379639,-0.40644001960754395,1.6476800441741943,0.2831200063228607,1.195855975151062
4.47,10.769000053405762,-13.267999649047852,1.170199990272522,2.0625998973846436,-7.669200420379639,-0.40644001960754395,1.6476800441741943,0.2831200063228607,1.195855975151062
4.48,10.821000099182129,-13.460000038146973,1.1604000329971313,2.1033198833465576,-7.661200046539307,-0.37620002031326294,1.6100798845291138,0.3490079939365387,1.2233920097351074
4.49,10.821000099182129,-13.460000038146973,1.1604000329971313,2.1033198833465576,-7.661200046539307,-0.37620002031326294,1.6100798845291138,0.3490079939365387,1.2233920097351074
4.5,10.87399959564209,-13.651000022888184,1.1513999700546265,2.143040180206299,-7.6519999504089355,-0.34530001878738403,1.5673599243164062,0.4131999909877777,1.2483680248260498
4.51,10.87399959564209,-13.651000022888184,1.1513999700546265,2.143040180206299,-7.6519999504089355,-0.34530001878738403,1.5673599243164062,0.4131999909877777,1.2483680248260498
4.5200000000000005,10.87399959564209,-13.651000022888184,1.1513999700546265,2.143040180206299,-7.6519999504089355,-0.34530001878738403,1.5673599243164062,0.4131999909877777,1.2483680248260498
4.53,10.928000450134277,-13.842000007629395,1.1432000398635864,2.181640148162842,-7.6407999992370605,-0.3138040006160736,1.5195679664611816,0.47571200132369995,1.2707679271697998
4.54,10.928000450134277,-13.842000007629395,1.1432000398635864,2.181640148162842,-7.6407999992370605,-0.3138040006160736,1.5195679664611816,0.47571200132369995,1.2707679271697998
4.55,10.982999801635742,-14.032999992370605,1.135699987411499,2.2190001010894775,-7.627999782562256,-0.2817800045013428,1.4668480157852173,0.5364959836006165,1.2905919551849365
4.5600000000000005,10.982999801635742,-14.032999992370605,1.135699987411499,2.2190001010894775,-7.627999782562256,-0.2817800045013428,1.4668480157852173,0.5364959836006165,1.2905919551849365
4.57,10.982999801635742,-14.032999992370605,1.135699987411499,2.2190001010894775,-7.627999782562256,-0.2817800045013428,1.4668480157852173,0.5364959836006165,1.2905919551849365
4.58,11.038999557495117,-14.223999977111816,1.12909996509552,2.254960060119629,-7.613999843597412,-0.24929599463939667,1.4092799425125122,0.5956000089645386,1.3078399896621704
4.59,11.038999557495117,-14.223999977111816,1.12909996509552,2.254960060119629,-7.613999843597412,-0.24929599463939667,1.4092799425125122,0.5956000089645386,1.3078399896621704
4.6000000000000005,11.095999717712402,-14.413999557495117,1.1232999563217163,2.2893998622894287,-7.598400115966797,-0.2164119929075241,1.346992015838623,0.6530079245567322,1.3224960565567017
4.61,11.095999717712402,-14.413999557495117,1.1232999563217163,2.2893998622894287,-7.598400115966797,-0.2164119929075241,1.346992015838623,0.6530079245567322,1.3224960565567017
4.62,11.095999717712402,-14.413999557495117,1.1232999563217163,2.2893998622894287,-7.598400115966797,-0.2164119929075241,1.346992015838623,0.6530079245567322,1.3224960565567017
4.63,11.152999877929688,-14.604000091552734,1.118299961090088,2.322279930114746,-7.581199645996094,-0.18319199979305267,1.280128002166748,0.7087200284004211,1.334575891494751
4.64,11.152999877929688,-14.604000091552734,1.118299961090088,2.322279930114746,-7.581199645996094,-0.18319199979305267,1.280128002166748,0.7087200284004211,1.334575891494751
4.65,11.211999893188477,-14.793000221252441,1.1140999794006348,2.3533999919891357,-7.56279993057251,-0.1497040092945099,1.208799958229065,0.762768030166626,1.344096064567566
4.66,11.211999893188477,-14.793000221252441,1.1140999794006348,2.3533999919891357,-7.56279993057251,-0.1497040092945099,1.208799958229065,0.762768030166626,1.344096064567566
4.67,11.211999893188477,-14.793000221252441,1.1140999794006348,2.3533999919891357,-7.56279993057251,-0.1497040092945099,1.208799958229065,0.762768030166626,1.344096064567566
4.68,11.270999908447266,-14.982000350952148,1.11080002784729,2.3826799392700195,-7.5432000160217285,-0.11600799858570099,1.1331839561462402,0.8151679635047913,1.3510719537734985
4.69,11.270999908447266,-14.982000350952148,1.11080002784729,2.3826799392700195,-7.5432000160217285,-0.11600799858570099,1.1331839561462402,0.8151679635047913,1.3510719537734985
4.7,11.331000328063965,-15.170000076293945,1.108299970626831,2.4100000858306885,-7.522000312805176,-0.08217199891805649,1.0533920526504517,0.8659519553184509,1.3555039167404175
4.71,11.331000328063965,-15.170000076293945,1.108299970626831,2.4100000858306885,-7.522000312805176,-0.08217199891805649,1.0533920526504517,0.8659519553184509,1.3555039167404175
4.72,11.331000328063965,-15.170000076293945,1.108299970626831,2.4100000858306885,-7.522000312805176,-0.08217199891805649,1.0533920526504517,0.8659519553184509,1.3555039167404175
4.73,11.390999794006348,-15.357999801635742,1.1066999435424805,2.4353201389312744,-7.5,-0.04825200140476227,0.9695999622344971,0.915120005607605,1.3574559688568115
4.74,11.390999794006348,-15.357999801635742,1.1066999435424805,2.4353201389312744,-7.5,-0.04825200140476227,0.9695999622344971,0.915120005607605,1.3574559688568115
4.75,11.45300006866455,-15.545000076293945,1.1059000492095947,2.4584801197052,-7.476399898529053,-0.014318800531327724,0.8819839954376221,0.9627200365066528,1.3569278717041016
4.76,11.45300006866455,-15.545000076293945,1.1059000492095947,2.4584801197052,-7.476399898529053,-0.014318800531327724,0.8819839954376221,0.9627200365066528,1.3569278717041016
4.7700000000000005,11.45300006866455,-15.545000076293945,1.1059000492095947,2.4584801197052,-7.476399898529053,-0.014318800531327724,0.8819839954376221,0.9627200365066528,1.3569278717041016
4.78,11.513999938964844,-15.732000350952148,1.1059999465942383,2.4793601036071777,-7.451600074768066,0.01957239955663681,0.7906879782676697,1.0087679624557495,1.353983998298645
4.79,11.513999938964844,-15.732000350952148,1.1059999465942383,2.4793601036071777,-7.451600074768066,0.01957239955663681,0.7906879782676697,1.0087679624557495,1.353983998298645
4.8,11.576000213623047,-15.918000221252441,1.1068999767303467,2.497960090637207,-7.426000118255615,0.053359996527433395,0.695904016494751,1.053328037261963,1.348639965057373
4.8100000000000005,11.576000213623047,-15.918000221252441,1.1068999767303467,2.497960090637207,-7.426000118255615,0.053359996527433395,0.695904016494751,1.053328037261963,1.348639965057373
4.82,11.576000213623047,-15.918000221252441,1.1068999767303467,2.497960090637207,-7.426000118255615,0.053359996527433395,0.695904016494751,1.053328037261963,1.348639965057373
4.83,11.638999938964844,-16.10300064086914,1.1086000204086304,2.514159917831421,-7.399199962615967,0.08698400110006332,0.5978080034255981,1.0964000225067139,1.3409440517425537
4.84,11.638999938964844,-16.10300064086914,1.1086000204086304,2.514159917831421,-7.399199962615967,0.08698400110006332,0.5978080034255981,1.0964000225067139,1.3409440517425537
4.8500000000000005,11.70199966430664,-16.288000106811523,1.111199975013733,2.5278401374816895,-7.371200084686279,0.12038799375295639,0.4965759813785553,1.138063907623291,1.3309599161148071
4.86,11.70199966430664,-16.288000106811523,1.111199975013733,2.5278401374816895,-7.371200084686279,0.12038799375295639,0.4965759813785553,1.138063907623291,1.3309599161148071
4.87,11.70199966430664,-16.288000106811523,1.111199975013733,2.5278401374816895,-7.371200084686279,0.12038799375295639,0.4965759813785553,1.138063907623291,1.3309599161148071
4.88,11.765999794006348,-16.472000122070312,1.1146999597549438,2.5389602184295654,-7.3420000076293945,0.15351200103759766,0.39241600036621094,1.1783199310302734,1.3187198638916016
4.89,11.765999794006348,-16.472000122070312,1.1146999597549438,2.5389602184295654,-7.3420000076293945,0.15351200103759766,0.39241600036621094,1.1783199310302734,1.3187198638916016
4.9,11.829000473022461,-16.655000686645508,1.118899941444397,2.5474400520324707,-7.3124003410339355,0.18630801141262054,0.2855199873447418,1.21726393699646,1.3042880296707153
4.91,11.829000473022461,-16.655000686645508,1.118899941444397,2.5474400520324707,-7.3124003410339355,0.18630801141262054,0.2855199873447418,1.21726393699646,1.3042880296707153
4.92,11.829000473022461,-16.655000686645508,1.118899941444397,2.5474400520324707,-7.3124003410339355,0.18630801141262054,0.2855199873447418,1.21726393699646,1.3042880296707153
4.93,11.892999649047852,-16.836999893188477,1.1239999532699585,2.5532000064849854,-7.281199932098389,0.2187120020389557,0.17607998847961426,1.2548959255218506,1.287727952003479
4.94,11.892999649047852,-16.836999893188477,1.1239999532699585,2.5532000064849854,-7.281199932098389,0.2187120020389557,0.17607998847961426,1.2548959255218506,1.287727952003479
4.95,11.956999778747559,-17.018999099731445,1.1297999620437622,2.5562000274658203,-7.249600410461426,0.2506760060787201,0.06429760158061981,1.2913119792938232,1.26910400390625
4.96,11.956999778747559,-17.018999099731445,1.1297999620437622,2.5562000274658203,-7.249600410461426,0.2506760060787201,0.06429760158061981,1.2913119792938232,1.26910400390625
4.97,11.956999778747559,-17.018999099731445,1.1297999620437622,2.5562000274658203,-7.249600410461426,0.2506760060787201,0.06429760158061981,1.2913119792938232,1.26910400390625
4.98,12.020999908447266,-17.200000762939453,1.1365000009536743,2.5564000606536865,-7.216800212860107,0.28214800357818604,-0.049619197845458984,1.3265119791030884,1.2484639883041382
4.99,12.020999908447266,-17.200000762939453,1.1365000009536743,2.5564000606536865,-7.216800212860107,0.28214800357818604,-0.049619197845458984,1.3265119791030884,1.2484639883041382
5.0,12.085000038146973,-17.3799991607666,1.1439000368118286,2.553720235824585,-7.183200359344482,0.3130840063095093,-0.16545601189136505,1.360592007637024,1.2258880138397217
5.01,12.085000038146973,-17.3799991607666,1.1439000368118286,2.553720235824585,-7.183200359344482,0.3130840063095093,-0.16545601189136505,1.360592007637024,1.2258880138397217
5.0200000000000005,12.085000038146973,-17.3799991607666,1.1439000368118286,2.553720235824585,-7.183200359344482,0.3130840063095093,-0.16545601189136505,1.360592007637024,1.2258880138397217
5.03,12.14799976348877,-17.55900001525879,1.1521999835968018,2.5481200218200684,-7.148799896240234,0.34342798590660095,-0.28302401304244995,1.3935999870300293,1.2014559507369995
5.04,12.14799976348877,-17.55900001525879,1.1521999835968018,2.5481200218200684,-7.148799896240234,0.34342798590660095,-0.28302401304244995,1.3935999870300293,1.2014559507369995
5.05,12.211999893188477,-17.73699951171875,1.1611000299453735,2.539560079574585,-7.113600254058838,0.37314000725746155,-0.4020959734916687,1.425567865371704,1.1752159595489502
5.0600000000000005,12.211999893188477,-17.73699951171875,1.1611000299453735,2.539560079574585,-7.113600254058838,0.37314000725746155,-0.4020959734916687,1.425567865371704,1.1752159595489502
5.07,12.211999893188477,-17.73699951171875,1.1611000299453735,2.539560079574585,-7.113600254058838,0.37314000725746155,-0.4020959734916687,1.425567865371704,1.1752159595489502
5.08,12.274999618530273,-17.915000915527344,1.170799970626831,2.5280001163482666,-7.077600002288818,0.40215998888015747,-0.5224480032920837,1.4565919637680054,1.1472480297088623
5.09,12.274999618530273,-17.915000915527344,1.170799970626831,2.5280001163482666,-7.077600002288818,0.40215998888015747,-0.5224480032920837,1.4565919637680054,1.1472480297088623
5.1000000000000005,12.338000297546387,-18.090999603271484,1.1812000274658203,2.513439893722534,-7.040799617767334,0.4304800033569336,-0.643887996673584,1.4866878986358643,1.1176319122314453
5.11,12.338000297546387,-18.090999603271484,1.1812000274658203,2.513439893722534,-7.040799617767334,0.4304800033569336,-0.643887996673584,1.4866878986358643,1.1176319122314453
5.12,12.338000297546387,-18.090999603271484,1.1812000274658203,2.513439893722534,-7.040799617767334,0.4304800033569336,-0.643887996673584,1.4866878986358643,1.1176319122314453
5.13,12.401000022888184,-18.267000198364258,1.1922999620437622,2.495800018310547,-7.003200054168701,0.4580399990081787,-0.7661759853363037,1.5159519910812378,1.0864639282226562
5.14,12.401000022888184,-18.267000198364258,1.1922999620437622,2.495800018310547,-7.003200054168701,0.4580399990081787,-0.7661759853363037,1.5159519910812378,1.0864639282226562
5.15,12.463000297546387,-18.44099998474121,1.2041000127792358,2.4751200675964355,-6.9648003578186035,0.4848000109195709,-0.8891199827194214,1.544416069984436,1.0538079738616943
5.16,12.463000297546387,-18.44099998474121,1.2041000127792358,2.4751200675964355,-6.9648003578186035,0.4848000109195709,-0.8891199827194214,1.544416069984436,1.0538079738616943
5.17,12.463000297546387,-18.44099998474121,1.2041000127792358,2.4751200675964355,-6.9648003578186035,0.4848000109195709,-0.8891199827194214,1.544416069984436,1.0538079738616943
5.18,12.524999618530273,-18.614999771118164,1.216599941253662,2.451320171356201,-6.926000118255615,0.5107200145721436,-1.012495994567871,1.5721759796142578,1.0197440385818481
5.19,12.524999618530273,-18.614999771118164,1.216599941253662,2.451320171356201,-6.926000118255615,0.5107200145721436,-1.012495994567871,1.5721759796142578,1.0197440385818481
5.2,12.586000442504883,-18.78700065612793,1.229599952697754,2.4244801998138428,-6.886399745941162,0.5357600450515747,-1.136080026626587,1.5992480516433716,0.9843519926071167
5.21,12.586000442504883,-18.78700065612793,1.229599952697754,2.4244801998138428,-6.886399745941162,0.5357600450515747,-1.136080026626587,1.5992480516433716,0.9843519926071167
5.22,12.586000442504883,-18.78700065612793,1.229599952697754,2.4244801998138428,-6.886399745941162,0.5357600450515747,-1.136080026626587,1.5992480516433716,0.9843519926071167
5.23,12.645999908447266,-18.958999633789062,1.243299961090088,2.3945200443267822,-6.8460001945495605,0.5599200129508972,-1.2596639394760132,1.6257599592208862,0.9477279186248779
5.24,12.645999908447266,-18.958999633789062,1.243299961090088,2.3945200443267822,-6.8460001945495605,0.5599200129508972,-1.2596639394760132,1.6257599592208862,0.9477279186248779
5.25,12.704999923706055,-19.1299991607666,1.257599949836731,2.3614799976348877,-6.805200099945068,0.5831600427627563,-1.383023977279663,1.6516799926757812,0.9099519848823547
5.26,12.704999923706055,-19.1299991607666,1.257599949836731,2.3614799976348877,-6.805200099945068,0.5831600427627563,-1.383023977279663,1.6516799926757812,0.9099519848823547
5.2700000000000005,12.704999923706055,-19.1299991607666,1.257599949836731,2.3614799976348877,-6.805200099945068,0.5831600427627563,-1.383023977279663,1.6516799926757812,0.9099519848823547
5.28,12.763999938964844,-19.298999786376953,1.2725000381469727,2.3254001140594482,-6.7636003494262695,0.605400025844574,-1.505952000617981,1.6771199703216553,0.8711039423942566
5.29,12.763999938964844,-19.298999786376953,1.2725000381469727,2.3254001140594482,-6.7636003494262695,0.605400025844574,-1.505952000617981,1.6771199703216553,0.8711039423942566
5.3,12.821999549865723,-19.468000411987305,1.2878999710083008,2.2862000465393066,-6.721199989318848,0.6266800165176392,-1.6283199787139893,1.702239990234375,0.8312640190124512
5.3100000000000005,12.821999549865723,-19.468000411987305,1.2878999710083008,2.2862000465393066,-6.721199989318848,0.6266800165176392,-1.6283199787139893,1.702239990234375,0.8312640190124512
5.32,12.821999549865723,-19.468000411987305,1.2878999710083008,2.2862000465393066,-6.721199989318848,0.6266800165176392,-1.6283199787139893,1.702239990234375,0.8312640190124512
5.33,12.878000259399414,-19.635000228881836,1.3037999868392944,2.24396014213562,-6.678399562835693,0.6469600200653076,-1.7497599124908447,1.7268799543380737,0.7905439734458923
5.34,12.878000259399414,-19.635000228881836,1.3037999868392944,2.24396014213562,-6.678399562835693,0.6469600200653076,-1.7497599124908447,1.7268799543380737,0.7905439734458923
5.3500000000000005,12.934000015258789,-19.802000045776367,1.320199966430664,2.1987199783325195,-6.634799957275391,0.6662000417709351,-1.8700798749923706,1.7511999607086182,0.7489919662475586
5.36,12.934000015258789,-19.802000045776367,1.320199966430664,2.1987199783325195,-6.634799957275391,0.6662000417709351,-1.8700798749923706,1.7511999607086182,0.7489919662475586
5.37,12.934000015258789,-19.802000045776367,1.320199966430664,2.1987199783325195,-6.634799957275391,0.6662000417709351,-1.8700798749923706,1.7511999607086182,0.7489919662475586
5.38,12.98799991607666,-19.966999053955078,1.3371000289916992,2.150480031967163,-6.590799808502197,0.6844000220298767,-1.989279866218567,1.775359869003296,0.7067359685897827
5.39,12.98799991607666,-19.966999053955078,1.3371000289916992,2.150480031967163,-6.590799808502197,0.6844000220298767,-1.989279866218567,1.775359869003296,0.7067359685897827
5.4,13.041000366210938,-20.131000518798828,1.3544000387191772,2.0992801189422607,-6.546000003814697,0.7015600204467773,-2.106879949569702,1.7993600368499756,0.6638399958610535
5.41,13.041000366210938,-20.131000518798828,1.3544000387191772,2.0992801189422607,-6.546000003814697,0.7015600204467773,-2.106879949569702,1.7993600368499756,0.6638399958610535
5.42,13.041000366210938,-20.131000518798828,1.3544000387191772,2.0992801189422607,-6.546000003814697,0.7015600204467773,-2.106879949569702,1.7993600368499756,0.6638399958610535
5.43,13.093000411987305,-20.29400062561035,1.3722000122070312,2.0451600551605225,-6.500800609588623,0.7176000475883484,-2.2228798866271973,1.823199987411499,0.6203839778900146
5.44,13.093000411987305,-20.29400062561035,1.3722000122070312,2.0451600551605225,-6.500800609588623,0.7176000475883484,-2.2228798866271973,1.823199987411499,0.6203839778900146
5.45,13.142999649047852,-20.45599937438965,1.3903000354766846,1.9881600141525269,-6.454799652099609,0.7325600385665894,-2.3371200561523438,1.8470399379730225,0.5764639973640442
5.46,13.142999649047852,-20.45599937438965,1.3903000354766846,1.9881600141525269,-6.454799652099609,0.7325600385665894,-2.3371200561523438,1.8470399379730225,0.5764639973640442
5.47,13.142999649047852,-20.45599937438965,1.3903000354766846,1.9881600141525269,-6.454799652099609,0.7325600385665894,-2.3371200561523438,1.8470399379730225,0.5764639973640442
5.48,13.192000389099121,-20.617000579833984,1.4088000059127808,1.9283199310302734,-6.408400058746338,0.7464399933815002,-2.44927978515625,1.870879888534546,0.5321760177612305
5.49,13.192000389099121,-20.617000579833984,1.4088000059127808,1.9283199310302734,-6.408400058746338,0.7464399933815002,-2.44927978515625,1.870879888534546,0.5321760177612305
5.5,13.239999771118164,-20.777000427246094,1.4276000261306763,1.8657200336456299,-6.361199855804443,0.7591599822044373,-2.559199810028076,1.8947199583053589,0.4875679910182953
5.51,13.239999771118164,-20.777000427246094,1.4276000261306763,1.8657200336456299,-6.361199855804443,0.7591599822044373,-2.559199810028076,1.8947199583053589,0.4875679910182953
5.5200000000000005,13.239999771118164,-20.777000427246094,1.4276000261306763,1.8657200336456299,-6.361199855804443,0.7591599822044373,-2.559199810028076,1.8947199583053589,0.4875679910182953
5.53,13.28600025177002,-20.934999465942383,1.4466999769210815,1.8003599643707275,-6.313600063323975,0.7708000540733337,-2.666719913482666,1.9185600280761719,0.44275200366973877
5.54,13.28600025177002,-20.934999465942383,1.4466999769210815,1.8003599643707275,-6.313600063323975,0.7708000540733337,-2.666719913482666,1.9185600280761719,0.44275200366973877
5.55,13.329999923706055,-21.091999053955078,1.4661999940872192,1.7323999404907227,-6.265599727630615,0.7813200354576111,-2.7716798782348633,1.9427199363708496,0.3978079855442047
5.5600000000000005,13.329999923706055,-21.091999053955078,1.4661999940872192,1.7323999404907227,-6.265599727630615,0.7813200354576111,-2.7716798782348633,1.9427199363708496,0.3978079855442047
5.57,13.329999923706055,-21.091999053955078,1.4661999940872192,1.7323999404907227,-6.265599727630615,0.7813200354576111,-2.7716798782348633,1.9427199363708496,0.3978079855442047
5.58,13.371999740600586,-21.24799919128418,1.48580002784729,1.6618000268936157,-6.216400146484375,0.7906799912452698,-2.874079942703247,1.966879963874817,0.3527999818325043
5.59,13.371999740600586,-21.24799919128418,1.48580002784729,1.6618000268936157,-6.216400146484375,0.7906799912452698,-2.874079942703247,1.966879963874817,0.3527999818325043
5.6000000000000005,13.413000106811523,-21.402999877929688,1.5056999921798706,1.5887200832366943,-6.167200088500977,0.7989600300788879,-2.973439931869507,1.9913599491119385,0.3078239858150482
5.61,13.413000106811523,-21.402999877929688,1.5056999921798706,1.5887200832366943,-6.167200088500977,0.7989600300788879,-2.973439931869507,1.9913599491119385,0.3078239858150482
5.62,13.413000106811523,-21.402999877929688,1.5056999921798706,1.5887200832366943,-6.167200088500977,0.7989600300788879,-2.973439931869507,1.9913599491119385,0.3078239858150482
5.63,13.45199966430664,-21.55699920654297,1.5256999731063843,1.5131601095199585,-6.116799831390381,0.8060799837112427,-3.0697600841522217,2.016160011291504,0.2629280090332031
5.64,13.45199966430664,-21.55699920654297,1.5256999731063843,1.5131601095199585,-6.116799831390381,0.8060799837112427,-3.0697600841522217,2.016160011291504,0.2629280090332031
5.65,13.48900032043457,-21.708999633789062,1.5460000038146973,1.4352400302886963,-6.066400051116943,0.8120800256729126,-3.1628799438476562,2.0412800312042236,0.21820800006389618
5.66,13.48900032043457,-21.708999633789062,1.5460000038146973,1.4352400302886963,-6.066400051116943,0.8120800256729126,-3.1628799438476562,2.0412800312042236,0.21820800006389618
5.67,13.48900032043457,-21.708999633789062,1.5460000038146973,1.4352400302886963,-6.066400051116943,0.8120800256729126,-3.1628799438476562,2.0412800312042236,0.21820800006389618
5.68,13.52299976348877,-21.860000610351562,1.5663000345230103,1.3550399541854858,-6.014800071716309,0.8170000314712524,-3.2526400089263916,2.0667200088500977,0.17372800409793854
5.69,13.52299976348877,-21.860000610351562,1.5663000345230103,1.3550399541854858,-6.014800071716309,0.8170000314712524,-3.2526400089263916,2.0667200088500977,0.17372800409793854
5.7,13.555999755859375,-22.010000228881836,1.5867999792099,1.2726401090621948,-5.962800025939941,0.8208000063896179,-3.3390398025512695,2.092639923095703,0.12956799566745758
5.71,13.555999755859375,-22.010000228881836,1.5867999792099,1.2726401090621948,-5.962800025939941,0.8208000063896179,-3.3390398025512695,2.092639923095703,0.12956799566745758
5.72,13.555999755859375,-22.010000228881836,1.5867999792099,1.2726401090621948,-5.962800025939941,0.8208000063896179,-3.3390398025512695,2.092639923095703,0.12956799566745758
5.73,13.586999893188477,-22.158000946044922,1.6073999404907227,1.1881200075149536,-5.910399913787842,0.8234800696372986,-3.421759843826294,2.118880033493042,0.08577919751405716
5.74,13.586999893188477,-22.158000946044922,1.6073999404907227,1.1881200075149536,-5.910399913787842,0.8234800696372986,-3.421759843826294,2.118880033493042,0.08577919751405716
5.75,13.616000175476074,-22.30500030517578,1.628000020980835,1.1016000509262085,-5.856800079345703,0.8250800371170044,-3.5007998943328857,2.1457600593566895,0.04243040084838867
5.76,13.616000175476074,-22.30500030517578,1.628000020980835,1.1016000509262085,-5.856800079345703,0.8250800371170044,-3.5007998943328857,2.1457600593566895,0.04243040084838867
5.7700000000000005,13.616000175476074,-22.30500030517578,1.628000020980835,1.1016000509262085,-5.856800079345703,0.8250800371170044,-3.5007998943328857,2.1457600593566895,0.04243040084838867
5.78,13.642000198364258,-22.451000213623047,1.6485999822616577,1.0131200551986694,-5.802800178527832,0.8255999684333801,-3.576159954071045,2.172960042953491,-0.00041544000850990415
5.79,13.642000198364258,-22.451000213623047,1.6485999822616577,1.0131200551986694,-5.802800178527832,0.8255999684333801,-3.576159954071045,2.172960042953491,-0.00041544000850990415
5.8,13.666000366210938,-22.59600067138672,1.6691999435424805,0.9228000044822693,-5.7484002113342285,0.8250800371170044,-3.647520065307617,2.2006399631500244,-0.04270239919424057
5.8100000000000005,13.666000366210938,-22.59600067138672,1.6691999435424805,0.9228000044822693,-5.7484002113342285,0.8250800371170044,-3.647520065307617,2.2006399631500244,-0.04270239919424057
5.82,13.666000366210938,-22.59600067138672,1.6691999435424805,0.9228000044822693,-5.7484002113342285,0.8250800371170044,-3.647520065307617,2.2006399631500244,-0.04270239919424057
5.83,13.687999725341797,-22.73900032043457,1.6899000406265259,0.8307600021362305,-5.692800045013428,0.8234800696372986,-3.7150399684906006,2.228800058364868,-0.08437599986791611
5.84,13.687999725341797,-22.73900032043457,1.6899000406265259,0.8307600021362305,-5.692800045013428,0.8234800696372986,-3.7150399684906006,2.228800058364868,-0.08437599986791611
5.8500000000000005,13.708000183105469,-22.8799991607666,1.7103999853134155,0.7370800375938416,-5.636800289154053,0.8208400011062622,-3.77839994430542,2.2575998306274414,-0.1253824084997177
5.86,13.708000183105469,-22.8799991607666,1.7103999853134155,0.7370800375938416,-5.636800289154053,0.8208400011062622,-3.77839994430542,2.2575998306274414,-0.1253824084997177
5.87,13.708000183105469,-22.8799991607666,1.7103999853134155,0.7370800375938416,-5.636800289154053,0.8208400011062622,-3.77839994430542,2.2575998306274414,-0.1253824084997177
5.88,13.725000381469727,-23.020000457763672,1.7309000492095947,0.6418799757957458,-5.579999923706055,0.8172000050544739,-3.837599992752075,2.2870399951934814,-0.16566400229930878
5.89,13.725000381469727,-23.020000457763672,1.7309000492095947,0.6418799757957458,-5.579999923706055,0.8172000050544739,-3.837599992752075,2.2870399951934814,-0.16566400229930878
5.9,13.739999771118164,-23.159000396728516,1.7512999773025513,0.545240044593811,-5.52239990234375,0.8125600218772888,-3.8926398754119873,2.316959857940674,-0.20520000159740448
5.91,13.739999771118164,-23.159000396728516,1.7512999773025513,0.545240044593811,-5.52239990234375,0.8125600218772888,-3.8926398754119873,2.316959857940674,-0.20520000159740448
5.92,13.739999771118164,-23.159000396728516,1.7512999773025513,0.545240044593811,-5.52239990234375,0.8125600218772888,-3.8926398754119873,2.316959857940674,-0.20520000159740448
5.93,13.751999855041504,-23.29599952697754,1.7714999914169312,0.44727998971939087,-5.464400291442871,0.8069600462913513,-3.943359851837158,2.3473598957061768,-0.2439039945602417
5.94,13.751999855041504,-23.29599952697754,1.7714999914169312,0.44727998971939087,-5.464400291442871,0.8069600462913513,-3.943359851837158,2.3473598957061768,-0.2439039945602417
5.95,13.76200008392334,-23.43199920654297,1.791599988937378,0.3481239974498749,-5.405200004577637,0.8003999590873718,-3.989919900894165,2.3783998489379883,-0.2817760109901428
5.96,13.76200008392334,-23.43199920654297,1.791599988937378,0.3481239974498749,-5.405200004577637,0.8003999590873718,-3.989919900894165,2.3783998489379883,-0.2817760109901428
5.97,13.76200008392334,-23.43199920654297,1.791599988937378,0.3481239974498749,-5.405200004577637,0.8003999590873718,-3.989919900894165,2.3783998489379883,-0.2817760109901428
5.98,13.770000457763672,-23.566999435424805,1.8114999532699585,0.2478400021791458,-5.345200061798096,0.7928799986839294,-4.0320000648498535,2.4100799560546875,-0.3187359869480133
5.99,13.770000457763672,-23.566999435424805,1.8114999532699585,0.2478400021791458,-5.345200061798096,0.7928799986839294,-4.0320000648498535,2.4100799560546875,-0.3187359869480133
6.0,13.774999618530273,-23.700000762939453,1.8312000036239624,0.14655999839305878,-5.284800052642822,0.7844399809837341,-4.069759845733643,2.442239999771118,-0.3547840118408203
6.01,13.774999618530273,-23.700000762939453,1.8312000036239624,0.14655999839305878,-5.284800052642822,0.7844399809837341,-4.069759845733643,2.442239999771118,-0.3547840118408203
6.0200000000000005,13.774999618530273,-23.700000762939453,1.8312000036239624,0.14655999839305878,-5.284800052642822,0.7844399809837341,-4.069759845733643,2.442239999771118,-0.3547840118408203
6.03,13.777000427246094,-23.83099937438965,1.8507000207901,0.04439200088381767,-5.223199844360352,0.775160014629364,-4.103039741516113,2.4750399589538574,-0.3898559808731079
6.04,13.777000427246094,-23.83099937438965,1.8507000207901,0.04439200088381767,-5.223199844360352,0.775160014629364,-4.103039741516113,2.4750399589538574,-0.3898559808731079
6.05,13.777000427246094,-23.961000442504883,1.8700000047683716,-0.058552004396915436,-5.160800457000732,0.764959990978241,-4.131999969482422,2.508319854736328,-0.42393600940704346
6.0600000000000005,13.777000427246094,-23.961000442504883,1.8700000047683716,-0.058552004396915436,-5.160800457000732,0.764959990978241,-4.131999969482422,2.508319854736328,-0.42393600940704346
6.07,13.777000427246094,-23.961000442504883,1.8700000047683716,-0.058552004396915436,-5.160800457000732,0.764959990978241,-4.131999969482422,2.508319854736328,-0.42393600940704346
6.08,13.77400016784668,-24.089000701904297,1.8890000581741333,-0.1621680110692978,-5.09760046005249,0.7539600133895874,-4.156319618225098,2.5422399044036865,-0.4569920003414154
6.09,13.77400016784668,-24.089000701904297,1.8890000581741333,-0.1621680110692978,-5.09760046005249,0.7539600133895874,-4.156319618225098,2.5422399044036865,-0.4569920003414154
6.1000000000000005,13.769000053405762,-24.215999603271484,1.9076999425888062,-0.26633602380752563,-5.033599853515625,0.7421199679374695,-4.176319599151611,2.5766398906707764,-0.48899200558662415
6.11,13.769000053405762,-24.215999603271484,1.9076999425888062,-0.26633602380752563,-5.033599853515625,0.7421199679374695,-4.176319599151611,2.5766398906707764,-0.48899200558662415
6.12,13.769000053405762,-24.215999603271484,1.9076999425888062,-0.26633602380752563,-5.033599853515625,0.7421199679374695,-4.176319599151611,2.5766398906707764,-0.48899200558662415
6.13,13.76099967956543,-24.340999603271484,1.9261000156402588,-0.37094801664352417,-4.968800067901611,0.7295200228691101,-4.191839694976807,2.611680030822754,-0.5199039578437805
6.140000000000001,13.76099967956543,-24.340999603271484,1.9261000156402588,-0.37094801664352417,-4.968800067901611,0.7295200228691101,-4.191839694976807,2.611680030822754,-0.5199039578437805
6.15,13.75,-24.464000701904297,1.944200038909912,-0.4758799970149994,-4.903200149536133,0.716159999370575,-4.203039646148682,2.647199869155884,-0.5497120022773743
6.16,13.75,-24.464000701904297,1.944200038909912,-0.4758799970149994,-4.903200149536133,0.716159999370575,-4.203039646148682,2.647199869155884,-0.5497120022773743
6.17,13.75,-24.464000701904297,1.944200038909912,-0.4758799970149994,-4.903200149536133,0.716159999370575,-4.203039646148682,2.647199869155884,-0.5497120022773743
6.18,13.737000465393066,-24.586000442504883,1.961899995803833,-0.5810400247573853,-4.836400032043457,0.7020400166511536,-4.20959997177124,2.6832001209259033,-0.5783839821815491
6.19,13.737000465393066,-24.586000442504883,1.961899995803833,-0.5810400247573853,-4.836400032043457,0.7020400166511536,-4.20959997177124,2.6832001209259033,-0.5783839821815491
6.2,13.720999717712402,-24.70599937438965,1.979200005531311,-0.6863200068473816,-4.769200325012207,0.6872400045394897,-4.21183967590332,2.7198400497436523,-0.6059199571609497
6.21,13.720999717712402,-24.70599937438965,1.979200005531311,-0.6863200068473816,-4.769200325012207,0.6872400045394897,-4.21183967590332,2.7198400497436523,-0.6059199571609497
6.22,13.720999717712402,-24.70599937438965,1.979200005531311,-0.6863200068473816,-4.769200325012207,0.6872400045394897,-4.21183967590332,2.7198400497436523,-0.6059199571609497
6.23,13.70300006866455,-24.823999404907227,1.9961999654769897,-0.7915999889373779,-4.700400352478027,0.6717600226402283,-4.20959997177124,2.7567999362945557,-0.6322720050811768
6.24,13.70300006866455,-24.823999404907227,1.9961999654769897,-0.7915999889373779,-4.700400352478027,0.6717600226402283,-4.20959997177124,2.7567999362945557,-0.6322720050811768
6.25,13.682000160217285,-24.94099998474121,2.0127999782562256,-0.8967599868774414,-4.631200313568115,0.6556400060653687,-4.203039646148682,2.7942399978637695,-0.6574559807777405
6.26,13.682000160217285,-24.94099998474121,2.0127999782562256,-0.8967599868774414,-4.631200313568115,0.6556400060653687,-4.203039646148682,2.7942399978637695,-0.6574559807777405
6.2700000000000005,13.682000160217285,-24.94099998474121,2.0127999782562256,-0.8967599868774414,-4.631200313568115,0.6556400060653687,-4.203039646148682,2.7942399978637695,-0.6574559807777405
6.28,13.657999992370605,-25.055999755859375,2.0290000438690186,-1.0017200708389282,-4.560800075531006,0.6388800144195557,-4.192160129547119,2.8320000171661377,-0.6814399361610413
6.29,13.657999992370605,-25.055999755859375,2.0290000438690186,-1.0017200708389282,-4.560800075531006,0.6388800144195557,-4.192160129547119,2.8320000171661377,-0.6814399361610413
6.3,13.630999565124512,-25.16900062561035,2.044800043106079,-1.1063599586486816,-4.48960018157959,0.6215600371360779,-4.176799774169922,2.870239734649658,-0.7042239904403687
6.3100000000000005,13.630999565124512,-25.16900062561035,2.044800043106079,-1.1063599586486816,-4.48960018157959,0.6215600371360779,-4.176799774169922,2.870239734649658,-0.7042239904403687
6.32,13.630999565124512,-25.16900062561035,2.044800043106079,-1.1063599586486816,-4.48960018157959,0.6215600371360779,-4.176799774169922,2.870239734649658,-0.7042239904403687
6.33,13.602999687194824,-25.280000686645508,2.0601000785827637,-1.2105200290679932,-4.417200088500977,0.6036800146102905,-4.157439708709717,2.9089598655700684,-0.725775957107544
6.34,13.602999687194824,-25.280000686645508,2.0601000785827637,-1.2105200290679932,-4.417200088500977,0.6036800146102905,-4.157439708709717,2.9089598655700684,-0.725775957107544
6.3500000000000005,13.571000099182129,-25.389999389648438,2.075000047683716,-1.3142000436782837,-4.343999862670898,0.5852800011634827,-4.133599758148193,2.9478399753570557,-0.7461119890213013
6.36,13.571000099182129,-25.389999389648438,2.075000047683716,-1.3142000436782837,-4.343999862670898,0.5852800011634827,-4.133599758148193,2.9478399753570557,-0.7461119890213013
6.37,13.571000099182129,-25.389999389648438,2.075000047683716,-1.3142000436782837,-4.343999862670898,0.5852800011634827,-4.133599758148193,2.9478399753570557,-0.7461119890213013
6.38,13.536999702453613,-25.496999740600586,2.0892999172210693,-1.417199969291687,-4.269999980926514,0.5663999915122986,-4.105759620666504,2.9872000217437744,-0.7652159929275513
6.390000000000001,13.536999702453613,-25.496999740600586,2.0892999172210693,-1.417199969291687,-4.269999980926514,0.5663999915122986,-4.105759620666504,2.9872000217437744,-0.7652159929275513
6.4,13.5,-25.60300064086914,2.103300094604492,-1.5194400548934937,-4.19480037689209,0.5470399856567383,-4.073760032653809,3.026719808578491,-0.783087968826294
6.41,13.5,-25.60300064086914,2.103300094604492,-1.5194400548934937,-4.19480037689209,0.5470399856567383,-4.073760032653809,3.026719808578491,-0.783087968826294
6.42,13.5,-25.60300064086914,2.103300094604492,-1.5194400548934937,-4.19480037689209,0.5470399856567383,-4.073760032653809,3.026719808578491,-0.783087968826294
6.43,13.461000442504883,-25.707000732421875,2.1166999340057373,-1.620840072631836,-4.1184000968933105,0.527239978313446,-4.037759780883789,3.0665600299835205,-0.7997120022773743
6.44,13.461000442504883,-25.707000732421875,2.1166999340057373,-1.620840072631836,-4.1184000968933105,0.527239978313446,-4.037759780883789,3.0665600299835205,-0.7997120022773743
6.45,13.418999671936035,-25.80900001525879,2.1296000480651855,-1.7212799787521362,-4.041600227355957,0.5070800185203552,-3.9977598190307617,3.106559991836548,-0.8150879740715027
6.46,13.418999671936035,-25.80900001525879,2.1296000480651855,-1.7212799787521362,-4.041600227355957,0.5070800185203552,-3.9977598190307617,3.106559991836548,-0.8150879740715027
6.47,13.418999671936035,-25.80900001525879,2.1296000480651855,-1.7212799787521362,-4.041600227355957,0.5070800185203552,-3.9977598190307617,3.106559991836548,-0.8150879740715027
6.48,13.375,-25.909000396728516,2.1419999599456787,-1.820680022239685,-3.963240146636963,0.48652002215385437,-3.9539198875427246,3.1467199325561523,-0.8292319774627686
6.49,13.375,-25.909000396728516,2.1419999599456787,-1.820680022239685,-3.963240146636963,0.48652002215385437,-3.9539198875427246,3.1467199325561523,-0.8292319774627686
6.5,13.32800006866455,-26.006999969482422,2.153899908065796,-1.9189599752426147,-3.884080171585083,0.46560001373291016,-3.9062397480010986,3.186879873275757,-0.8421440124511719
6.51,13.32800006866455,-26.006999969482422,2.153899908065796,-1.9189599752426147,-3.884080171585083,0.46560001373291016,-3.9062397480010986,3.186879873275757,-0.8421440124511719
6.5200000000000005,13.32800006866455,-26.006999969482422,2.153899908065796,-1.9189599752426147,-3.884080171585083,0.46560001373291016,-3.9062397480010986,3.186879873275757,-0.8421440124511719
6.53,13.279000282287598,-26.10300064086914,2.165299892425537,-2.0160000324249268,-3.803920030593872,0.44439998269081116,-3.8548800945281982,3.2273597717285156,-0.8538079857826233
6.54,13.279000282287598,-26.10300064086914,2.165299892425537,-2.0160000324249268,-3.803920030593872,0.44439998269081116,-3.8548800945281982,3.2273597717285156,-0.8538079857826233
6.55,13.22700023651123,-26.197999954223633,2.1761999130249023,-2.111680030822754,-3.72271990776062,0.42291998863220215,-3.799679756164551,3.2676799297332764,-0.864255964756012
6.5600000000000005,13.22700023651123,-26.197999954223633,2.1761999130249023,-2.111680030822754,-3.72271990776062,0.42291998863220215,-3.799679756164551,3.2676799297332764,-0.864255964756012
6.57,13.22700023651123,-26.197999954223633,2.1761999130249023,-2.111680030822754,-3.72271990776062,0.42291998863220215,-3.799679756164551,3.2676799297332764,-0.864255964756012
6.58,13.17300033569336,-26.290000915527344,2.186500072479248,-2.2059199810028076,-3.6405200958251953,0.4012000262737274,-3.740959882736206,3.3081600666046143,-0.8734719753265381
6.59,13.17300033569336,-26.290000915527344,2.186500072479248,-2.2059199810028076,-3.6405200958251953,0.4012000262737274,-3.740959882736206,3.3081600666046143,-0.8734719753265381
6.6000000000000005,13.116999626159668,-26.3799991607666,2.196199893951416,-2.298680067062378,-3.5573201179504395,0.37926802039146423,-3.678879976272583,3.348479747772217,-0.8814719915390015
6.61,13.116999626159668,-26.3799991607666,2.196199893951416,-2.298680067062378,-3.5573201179504395,0.37926802039146423,-3.678879976272583,3.348479747772217,-0.8814719915390015
6.62,13.116999626159668,-26.3799991607666,2.196199893951416,-2.298680067062378,-3.5573201179504395,0.37926802039146423,-3.678879976272583,3.348479747772217,-0.8814719915390015
6.63,13.057999610900879,-26.466999053955078,2.205399990081787,-2.3898398876190186,-3.4730801582336426,0.35714399814605713,-3.6132800579071045,3.3887999057769775,-0.8882559537887573
6.640000000000001,13.057999610900879,-26.466999053955078,2.205399990081787,-2.3898398876190186,-3.4730801582336426,0.35714399814605713,-3.6132800579071045,3.3887999057769775,-0.8882559537887573
6.65,12.998000144958496,-26.55299949645996,2.214099884033203,-2.4793200492858887,-3.3878800868988037,0.3348639905452728,-3.5444798469543457,3.428959846496582,-0.8938559293746948
6.66,12.998000144958496,-26.55299949645996,2.214099884033203,-2.4793200492858887,-3.3878800868988037,0.3348639905452728,-3.5444798469543457,3.428959846496582,-0.8938559293746948
6.67,12.998000144958496,-26.55299949645996,2.214099884033203,-2.4793200492858887,-3.3878800868988037,0.3348639905452728,-3.5444798469543457,3.428959846496582,-0.8938559293746948
6.68,12.934000015258789,-26.636999130249023,2.2221999168395996,-2.567040205001831,-3.301640033721924,0.3124600052833557,-3.472479820251465,3.4689598083496094,-0.8982560038566589
6.69,12.934000015258789,-26.636999130249023,2.2221999168395996,-2.567040205001831,-3.301640033721924,0.3124600052833557,-3.472479820251465,3.4689598083496094,-0.8982560038566589
6.7,12.869000434875488,-26.718000411987305,2.2297000885009766,-2.6529200077056885,-3.214400053024292,0.28995999693870544,-3.39743971824646,3.5088000297546387,-0.9015039801597595
6.71,12.869000434875488,-26.718000411987305,2.2297000885009766,-2.6529200077056885,-3.214400053024292,0.28995999693870544,-3.39743971824646,3.5088000297546387,-0.9015039801597595
6.72,12.869000434875488,-26.718000411987305,2.2297000885009766,-2.6529200077056885,-3.214400053024292,0.28995999693870544,-3.39743971824646,3.5088000297546387,-0.9015039801597595
6.73,12.802000045776367,-26.79800033569336,2.2367000579833984,-2.73688006401062,-3.126199960708618,0.2673960030078888,-3.3193600177764893,3.5483198165893555,-0.9035839438438416
6.74,12.802000045776367,-26.79800033569336,2.2367000579833984,-2.73688006401062,-3.126199960708618,0.2673960030078888,-3.3193600177764893,3.5483198165893555,-0.9035839438438416
6.75,12.732000350952148,-26.875,2.2430999279022217,-2.818880081176758,-3.0370001792907715,0.24479201436042786,-3.2383999824523926,3.587520122528076,-0.9045119881629944
6.76,12.732000350952148,-26.875,2.2430999279022217,-2.818880081176758,-3.0370001792907715,0.24479201436042786,-3.2383999824523926,3.587520122528076,-0.9045119881629944
6.7700000000000005,12.732000350952148,-26.875,2.2430999279022217,-2.818880081176758,-3.0370001792907715,0.24479201436042786,-3.2383999824523926,3.587520122528076,-0.9045119881629944
6.78,12.66100025177002,-26.948999404907227,2.2488999366760254,-2.8988001346588135,-2.9468400478363037,0.22218000888824463,-3.154719829559326,3.626239776611328,-0.9043359756469727
6.79,12.66100025177002,-26.948999404907227,2.2488999366760254,-2.8988001346588135,-2.9468400478363037,0.22218000888824463,-3.154719829559326,3.626239776611328,-0.9043359756469727
6.8,12.586999893188477,-27.02199935913086,2.254199981689453,-2.976600170135498,-2.855680227279663,0.1995839923620224,-3.0684797763824463,3.664639711380005,-0.9030399918556213
6.8100000000000005,12.586999893188477,-27.02199935913086,2.254199981689453,-2.976600170135498,-2.855680227279663,0.1995839923620224,-3.0684797763824463,3.664639711380005,-0.9030399918556213
6.82,12.586999893188477,-27.02199935913086,2.254199981689453,-2.976600170135498,-2.855680227279663,0.1995839923620224,-3.0684797763824463,3.664639711380005,-0.9030399918556213
6.83,12.51200008392334,-27.091999053955078,2.2588999271392822,-3.0522000789642334,-2.7636001110076904,0.17703600227832794,-2.979519844055176,3.7027199268341064,-0.90065598487854
6.84,12.51200008392334,-27.091999053955078,2.2588999271392822,-3.0522000789642334,-2.7636001110076904,0.17703600227832794,-2.979519844055176,3.7027199268341064,-0.90065598487854
6.8500000000000005,12.4350004196167,-27.15999984741211,2.263000011444092,-3.1255600452423096,-2.670560121536255,0.15456001460552216,-2.888319969177246,3.740000009536743,-0.8971999883651733
6.86,12.4350004196167,-27.15999984741211,2.263000011444092,-3.1255600452423096,-2.670560121536255,0.15456001460552216,-2.888319969177246,3.740000009536743,-0.8971999883651733
6.87,12.4350004196167,-27.15999984741211,2.263000011444092,-3.1255600452423096,-2.670560121536255,0.15456001460552216,-2.888319969177246,3.740000009536743,-0.8971999883651733
6.88,12.355999946594238,-27.22599983215332,2.2665998935699463,-3.1965999603271484,-2.5766000747680664,0.1321840137243271,-2.794879913330078,3.7769601345062256,-0.8927040100097656
6.890000000000001,12.355999946594238,-27.22599983215332,2.2665998935699463,-3.1965999603271484,-2.5766000747680664,0.1321840137243271,-2.794879913330078,3.7769601345062256,-0.8927040100097656
6.9,12.274999618530273,-27.288999557495117,2.2695999145507812,-3.265280246734619,-2.481719970703125,0.10993599891662598,-2.69920015335083,3.813120126724243,-0.8871679306030273
6.91,12.274999618530273,-27.288999557495117,2.2695999145507812,-3.265280246734619,-2.481719970703125,0.10993599891662598,-2.69920015335083,3.813120126724243,-0.8871679306030273
6.92,12.274999618530273,-27.288999557495117,2.2695999145507812,-3.265280246734619,-2.481719970703125,0.10993599891662598,-2.69920015335083,3.813120126724243,-0.8871679306030273
6.93,12.192999839782715,-27.350000381469727,2.2720999717712402,-3.3315200805664062,-2.385960102081299,0.08783599734306335,-2.601439952850342,3.848639965057373,-0.8806400299072266
6.94,12.192999839782715,-27.350000381469727,2.2720999717712402,-3.3315200805664062,-2.385960102081299,0.08783599734306335,-2.601439952850342,3.848639965057373,-0.8806400299072266
6.95,12.107999801635742,-27.408000946044922,2.2739999294281006,-3.395320177078247,-2.2892799377441406,0.06591200083494186,-2.501919984817505,3.8835198879241943,-0.8731359839439392
6.96,12.107999801635742,-27.408000946044922,2.2739999294281006,-3.395320177078247,-2.2892799377441406,0.06591200083494186,-2.501919984817505,3.8835198879241943,-0.8731359839439392
6.97,12.107999801635742,-27.408000946044922,2.2739999294281006,-3.395320177078247,-2.2892799377441406,0.06591200083494186,-2.501919984817505,3.8835198879241943,-0.8731359839439392
6.98,12.02299976348877,-27.464000701904297,2.275399923324585,-3.4566001892089844,-2.1917600631713867,0.0441880002617836,-2.400480031967163,3.91759991645813,-0.8646559715270996
6.99,12.02299976348877,-27.464000701904297,2.275399923324585,-3.4566001892089844,-2.1917600631713867,0.0441880002617836,-2.400480031967163,3.91759991645813,-0.8646559715270996
7.0,11.935999870300293,-27.51799964904785,2.27620005607605,-3.51531982421875,-2.093440055847168,0.022685199975967407,-2.2974400520324707,3.9507198333740234,-0.8552639484405518
7.01,11.935999870300293,-27.51799964904785,2.27620005607605,-3.51531982421875,-2.093440055847168,0.022685199975967407,-2.2974400520324707,3.9507198333740234,-0.8552639484405518
7.0200000000000005,11.935999870300293,-27.51799964904785,2.27620005607605,-3.51531982421875,-2.093440055847168,0.022685199975967407,-2.2974400520324707,3.9507198333740234,-0.8552639484405518
7.03,11.847000122070312,-27.569000244140625,2.276599884033203,-3.5714802742004395,-1.9942400455474854,0.001430639997124672,-2.192960023880005,3.9832000732421875,-0.8449440002441406
7.04,11.847000122070312,-27.569000244140625,2.276599884033203,-3.5714802742004395,-1.9942400455474854,0.001430639997124672,-2.192960023880005,3.9832000732421875,-0.8449440002441406
7.05,11.756999969482422,-27.618000030517578,2.2762999534606934,-3.624959945678711,-1.8942800760269165,-0.01955520175397396,-2.0868799686431885,4.014559745788574,-0.8337599635124207
7.0600000000000005,11.756999969482422,-27.618000030517578,2.2762999534606934,-3.624959945678711,-1.8942800760269165,-0.01955520175397396,-2.0868799686431885,4.014559745788574,-0.8337599635124207
7.07,11.756999969482422,-27.618000030517578,2.2762999534606934,-3.624959945678711,-1.8942800760269165,-0.01955520175397396,-2.0868799686431885,4.014559745788574,-0.8337599635124207
7.08,11.666000366210938,-27.663999557495117,2.275599956512451,-3.675800085067749,-1.7935199737548828,-0.04025200009346008,-1.9796799421310425,4.044960021972656,-0.821727991104126
7.09,11.666000366210938,-27.663999557495117,2.275599956512451,-3.675800085067749,-1.7935199737548828,-0.04025200009346008,-1.9796799421310425,4.044960021972656,-0.821727991104126
7.1000000000000005,11.572999954223633,-27.707000732421875,2.2743000984191895,-3.7239601612091064,-1.6920400857925415,-0.0606360025703907,-1.871359944343567,4.074399948120117,-0.8088480234146118
7.11,11.572999954223633,-27.707000732421875,2.2743000984191895,-3.7239601612091064,-1.6920400857925415,-0.0606360025703907,-1.871359944343567,4.074399948120117,-0.8088480234146118
7.12,11.572999954223633,-27.707000732421875,2.2743000984191895,-3.7239601612091064,-1.6920400857925415,-0.0606360025703907,-1.871359944343567,4.074399948120117,-0.8088480234146118
7.13,11.479999542236328,-27.74799919128418,2.2725000381469727,-3.769360065460205,-1.5898000001907349,-0.0806879997253418,-1.7620798349380493,4.102719783782959,-0.7951840162277222
7.140000000000001,11.479999542236328,-27.74799919128418,2.2725000381469727,-3.769360065460205,-1.5898000001907349,-0.0806879997253418,-1.7620798349380493,4.102719783782959,-0.7951840162277222
7.15,11.385000228881836,-27.78700065612793,2.2702999114990234,-3.812040090560913,-1.4869199991226196,-0.10038800537586212,-1.6519999504089355,4.12992000579834,-0.7807520031929016
7.16,11.385000228881836,-27.78700065612793,2.2702999114990234,-3.812040090560913,-1.4869199991226196,-0.10038800537586212,-1.6519999504089355,4.12992000579834,-0.7807520031929016
7.17,11.385000228881836,-27.78700065612793,2.2702999114990234,-3.812040090560913,-1.4869199991226196,-0.10038800537586212,-1.6519999504089355,4.12992000579834,-0.7807520031929016
7.18,11.288999557495117,-27.822999954223633,2.2674999237060547,-3.8519599437713623,-1.3833200931549072,-0.11971999704837799,-1.5410560369491577,4.155839920043945,-0.7655839920043945
7.19,11.288999557495117,-27.822999954223633,2.2674999237060547,-3.8519599437713623,-1.3833200931549072,-0.11971999704837799,-1.5410560369491577,4.155839920043945,-0.7655839920043945
7.2,11.192000389099121,-27.856000900268555,2.2643001079559326,-3.889080047607422,-1.2791199684143066,-0.1386599987745285,-1.4295679330825806,4.180480003356934,-0.7496959567070007
7.21,11.192000389099121,-27.856000900268555,2.2643001079559326,-3.889080047607422,-1.2791199684143066,-0.1386599987745285,-1.4295679330825806,4.180480003356934,-0.7496959567070007
7.22,11.192000389099121,-27.856000900268555,2.2643001079559326,-3.889080047607422,-1.2791199684143066,-0.1386599987745285,-1.4295679330825806,4.180480003356934,-0.7496959567070007
7.23,11.095000267028809,-27.88599967956543,2.2606000900268555,-3.9234402179718018,-1.174320101737976,-0.15719600021839142,-1.3176319599151611,4.203999996185303,-0.733135998249054
7.24,11.095000267028809,-27.88599967956543,2.2606000900268555,-3.9234402179718018,-1.174320101737976,-0.15719600021839142,-1.3176319599151611,4.203999996185303,-0.733135998249054
7.25,10.996000289916992,-27.915000915527344,2.2564001083374023,-3.9549598693847656,-1.0689200162887573,-0.17531199753284454,-1.2053600549697876,4.226079940795898,-0.7159200310707092
7.26,10.996000289916992,-27.915000915527344,2.2564001083374023,-3.9549598693847656,-1.0689200162887573,-0.17531199753284454,-1.2053600549697876,4.226079940795898,-0.7159200310707092
7.2700000000000005,10.996000289916992,-27.915000915527344,2.2564001083374023,-3.9549598693847656,-1.0689200162887573,-0.17531199753284454,-1.2053600549697876,4.226079940795898,-0.7159200310707092
7.28,10.897000312805176,-27.940000534057617,2.251800060272217,-3.983720064163208,-0.9630399942398071,-0.19298800826072693,-1.0928959846496582,4.246879577636719,-0.6980799436569214
7.29,10.897000312805176,-27.940000534057617,2.251800060272217,-3.983720064163208,-0.9630399942398071,-0.19298800826072693,-1.0928959846496582,4.246879577636719,-0.6980799436569214
7.3,10.79699993133545,-27.96299934387207,2.246799945831299,-4.0096001625061035,-0.8565999865531921,-0.21021199226379395,-0.9803839921951294,4.266079902648926,-0.6796640157699585
7.3100000000000005,10.79699993133545,-27.96299934387207,2.246799945831299,-4.0096001625061035,-0.8565999865531921,-0.21021199226379395,-0.9803839921951294,4.266079902648926,-0.6796640157699585
7.32,10.79699993133545,-27.96299934387207,2.246799945831299,-4.0096001625061035,-0.8565999865531921,-0.21021199226379395,-0.9803839921951294,4.266079902648926,-0.6796640157699585
7.33,10.696000099182129,-27.982999801635742,2.241300106048584,-4.032800197601318,-0.74972003698349,-0.22696800529956818,-0.8679360151290894,4.283839702606201,-0.6606720089912415
7.34,10.696000099182129,-27.982999801635742,2.241300106048584,-4.032800197601318,-0.74972003698349,-0.22696800529956818,-0.8679360151290894,4.283839702606201,-0.6606720089912415
7.3500000000000005,10.595000267028809,-28.0,2.2355000972747803,-4.0532002449035645,-0.6424400210380554,-0.24323999881744385,-0.7556799650192261,4.300159931182861,-0.6411679983139038
7.36,10.595000267028809,-28.0,2.2355000972747803,-4.0532002449035645,-0.6424400210380554,-0.24323999881744385,-0.7556799650192261,4.300159931182861,-0.6411679983139038
7.37,10.595000267028809,-28.0,2.2355000972747803,-4.0532002449035645,-0.6424400210380554,-0.24323999881744385,-0.7556799650192261,4.300159931182861,-0.6411679983139038
7.38,10.494000434875488,-28.014999389648438,2.2291998863220215,-4.070399761199951,-0.5347200036048889,-0.25902000069618225,-0.643775999546051,4.314879894256592,-0.6211679577827454
7.390000000000001,10.494000434875488,-28.014999389648438,2.2291998863220215,-4.070399761199951,-0.5347200036048889,-0.25902000069618225,-0.643775999546051,4.314879894256592,-0.6211679577827454
7.4,10.392000198364258,-28.027000427246094,2.2225000858306885,-4.085200309753418,-0.4266799986362457,-0.27429601550102234,-0.532319962978363,4.327999591827393,-0.6006879806518555
7.41,10.392000198364258,-28.027000427246094,2.2225000858306885,-4.085200309753418,-0.4266799986362457,-0.27429601550102234,-0.532319962978363,4.327999591827393,-0.6006879806518555
7.42,10.392000198364258,-28.027000427246094,2.2225000858306885,-4.085200309753418,-0.4266799986362457,-0.27429601550102234,-0.532319962978363,4.327999591827393,-0.6006879806518555
7.43,10.289999961853027,-28.035999298095703,2.2155001163482666,-4.0971999168396,-0.31835201382637024,-0.28905200958251953,-0.421455979347229,4.339359760284424,-0.5797919631004333
7.44,10.289999961853027,-28.035999298095703,2.2155001163482666,-4.0971999168396,-0.31835201382637024,-0.28905200958251953,-0.421455979347229,4.339359760284424,-0.5797919631004333
7.45,10.187000274658203,-28.042999267578125,2.2081000804901123,-4.106400012969971,-0.20974400639533997,-0.3032799959182739,-0.3112959861755371,4.349119663238525,-0.5584959983825684
7.46,10.187000274658203,-28.042999267578125,2.2081000804901123,-4.106400012969971,-0.20974400639533997,-0.3032799959182739,-0.3112959861755371,4.349119663238525,-0.5584959983825684
7.47,10.187000274658203,-28.042999267578125,2.2081000804901123,-4.106400012969971,-0.20974400639533997,-0.3032799959182739,-0.3112959861755371,4.349119663238525,-0.5584959983825684
7.48,10.083999633789062,-28.047000885009766,2.2002999782562256,-4.112800121307373,-0.10091199725866318,-0.3169719874858856,-0.2019840031862259,4.356959819793701,-0.5368160009384155
7.49,10.083999633789062,-28.047000885009766,2.2002999782562256,-4.112800121307373,-0.10091199725866318,-0.3169719874858856,-0.2019840031862259,4.356959819793701,-0.5368160009384155
7.5,9.981399536132812,-28.04800033569336,2.192199945449829,-4.116400241851807,0.008092399686574936,-0.3301199972629547,-0.09363359957933426,4.3632001876831055,-0.5148000121116638
7.51,9.981399536132812,-28.04800033569336,2.192199945449829,-4.116400241851807,0.008092399686574936,-0.3301199972629547,-0.09363359957933426,4.3632001876831055,-0.5148000121116638
7.5200000000000005,9.981399536132812,-28.04800033569336,2.192199945449829,-4.116400241851807,0.008092399686574936,-0.3301199972629547,-0.09363359957933426,4.3632001876831055,-0.5148000121116638
7.53,9.878499984741211,-28.04599952697754,2.183799982070923,-4.1172003746032715,0.11722799390554428,-0.34271201491355896,0.013636640273034573,4.367519855499268,-0.49249598383903503
7.54,9.878499984741211,-28.04599952697754,2.183799982070923,-4.1172003746032715,0.11722799390554428,-0.34271201491355896,0.013636640273034573,4.367519855499268,-0.49249598383903503
7.55,9.77560043334961,-28.04199981689453,2.175100088119507,-4.115600109100342,0.22645199298858643,-0.3547399938106537,0.11970719695091248,4.369919776916504,-0.46990397572517395
7.5600000000000005,9.77560043334961,-28.04199981689453,2.175100088119507,-4.115600109100342,0.22645199298858643,-0.3547399938106537,0.11970719695091248,4.369919776916504,-0.46990397572517395
7.57,9.77560043334961,-28.04199981689453,2.175100088119507,-4.115600109100342,0.22645199298858643,-0.3547399938106537,0.11970719695091248,4.369919776916504,-0.46990397572517395
7.58,9.672699928283691,-28.03499984741211,2.166100025177002,-4.111600399017334,0.3357120156288147,-0.36620399355888367,0.22446399927139282,4.3705596923828125,-0.44705599546432495
7.59,9.672699928283691,-28.03499984741211,2.166100025177002,-4.111600399017334,0.3357120156288147,-0.36620399355888367,0.22446399927139282,4.3705596923828125,-0.44705599546432495
7.6000000000000005,9.569999694824219,-28.024999618530273,2.1568000316619873,-4.104400157928467,0.4449600279331207,-0.37709200382232666,0.3277759850025177,4.369119644165039,-0.42401599884033203
7.61,9.569999694824219,-28.024999618530273,2.1568000316619873,-4.104400157928467,0.4449600279331207,-0.37709200382232666,0.3277759850025177,4.369119644165039,-0.42401599884033203
7.62,9.569999694824219,-28.024999618530273,2.1568000316619873,-4.104400157928467,0.4449600279331207,-0.37709200382232666,0.3277759850025177,4.369119644165039,-0.42401599884033203
7.63,9.467499732971191,-28.01300048828125,2.147200107574463,-4.095200061798096,0.5541600584983826,-0.3874039947986603,0.42956796288490295,4.36575984954834,-0.4007680118083954
7.640000000000001,9.467499732971191,-28.01300048828125,2.147200107574463,-4.095200061798096,0.5541600584983826,-0.3874039947986603,0.42956796288490295,4.36575984954834,-0.4007680118083954
7.65,9.365300178527832,-27.99799919128418,2.137399911880493,-4.083199977874756,0.6632400155067444,-0.39712801575660706,0.529695987701416,4.360479831695557,-0.3773919939994812
7.66,9.365300178527832,-27.99799919128418,2.137399911880493,-4.083199977874756,0.6632400155067444,-0.39712801575660706,0.529695987701416,4.360479831695557,-0.3773919939994812
7.67,9.365300178527832,-27.99799919128418,2.137399911880493,-4.083199977874756,0.6632400155067444,-0.39712801575660706,0.529695987701416,4.360479831695557,-0.3773919939994812
7.68,9.263400077819824,-27.979999542236328,2.1273999214172363,-4.068399906158447,0.772159993648529,-0.4062800109386444,0.628063976764679,4.353119850158691,-0.3538719713687897
7.69,9.263400077819824,-27.979999542236328,2.1273999214172363,-4.068399906158447,0.772159993648529,-0.4062800109386444,0.628063976764679,4.353119850158691,-0.3538719713687897
7.7,9.16189956665039,-27.958999633789062,2.1171000003814697,-4.051599979400635,0.8808799982070923,-0.4148399829864502,0.724560022354126,4.343679904937744,-0.33027198910713196
7.71,9.16189956665039,-27.958999633789062,2.1171000003814697,-4.051599979400635,0.8808799982070923,-0.4148399829864502,0.724560022354126,4.343679904937744,-0.33027198910713196
7.72,9.16189956665039,-27.958999633789062,2.1171000003814697,-4.051599979400635,0.8808799982070923,-0.4148399829864502,0.724560022354126,4.343679904937744,-0.33027198910713196
7.73,9.060799598693848,-27.93600082397461,2.106600046157837,-4.032400131225586,0.9893199801445007,-0.4228000342845917,0.8191039562225342,4.332159996032715,-0.3065919876098633
7.74,9.060799598693848,-27.93600082397461,2.106600046157837,-4.032400131225586,0.9893199801445007,-0.4228000342845917,0.8191039562225342,4.332159996032715,-0.3065919876098633
7.75,8.96030044555664,-27.909000396728516,2.0959999561309814,-4.010800361633301,1.097480058670044,-0.4301600158214569,0.9115840196609497,4.318559646606445,-0.2828800082206726
7.76,8.96030044555664,-27.909000396728516,2.0959999561309814,-4.010800361633301,1.097480058670044,-0.4301600158214569,0.9115840196609497,4.318559646606445,-0.2828800082206726
7.7700000000000005,8.96030044555664,-27.909000396728516,2.0959999561309814,-4.010800361633301,1.097480058670044,-0.4301600158214569,0.9115840196609497,4.318559646606445,-0.2828800082206726
7.78,8.860300064086914,-27.881000518798828,2.085099935531616,-3.986799955368042,1.20524001121521,-0.43692001700401306,1.0019199848175049,4.302720069885254,-0.25916799902915955
7.79,8.860300064086914,-27.881000518798828,2.085099935531616,-3.986799955368042,1.20524001121521,-0.43692001700401306,1.0019199848175049,4.302720069885254,-0.25916799902915955
7.8,8.76099967956543,-27.849000930786133,2.0741000175476074,-3.9606399536132812,1.312600016593933,-0.44312000274658203,1.090000033378601,4.284800052642822,-0.23547199368476868
7.8100000000000005,8.76099967956543,-27.849000930786133,2.0741000175476074,-3.9606399536132812,1.312600016593933,-0.44312000274658203,1.090000033378601,4.284800052642822,-0.23547199368476868
7.82,8.76099967956543,-27.849000930786133,2.0741000175476074,-3.9606399536132812,1.312600016593933,-0.44312000274658203,1.090000033378601,4.284800052642822,-0.23547199368476868
7.83,8.662300109863281,-27.815000534057617,2.062999963760376,-3.9323201179504395,1.4194400310516357,-0.44871997833251953,1.1757439374923706,4.264639854431152,-0.21182399988174438
7.84,8.662300109863281,-27.815000534057617,2.062999963760376,-3.9323201179504395,1.4194400310516357,-0.44871997833251953,1.1757439374923706,4.264639854431152,-0.21182399988174438
7.8500000000000005,8.564399719238281,-27.777999877929688,2.0517001152038574,-3.9018800258636475,1.525800108909607,-0.45372000336647034,1.2590879201889038,4.2423996925354,-0.18823999166488647
7.86,8.564399719238281,-27.777999877929688,2.0517001152038574,-3.9018800258636475,1.525800108909607,-0.45372000336647034,1.2590879201889038,4.2423996925354,-0.18823999166488647
7.87,8.564399719238281,-27.777999877929688,2.0517001152038574,-3.9018800258636475,1.525800108909607,-0.45372000336647034,1.2590879201889038,4.2423996925354,-0.18823999166488647
7.88,8.46720027923584,-27.73900032043457,2.040299892425537,-3.8694000244140625,1.63155996799469,-0.4581200182437897,1.3399200439453125,4.217919826507568,-0.16475200653076172
7.890000000000001,8.46720027923584,-27.73900032043457,2.040299892425537,-3.8694000244140625,1.63155996799469,-0.4581200182437897,1.3399200439453125,4.217919826507568,-0.16475200653076172
7.9,8.37090015411377,-27.69700050354004,2.0288000106811523,-3.8349201679229736,1.736680030822754,-0.46195998787879944,1.418191909790039,4.191199779510498,-0.14139039814472198
7.91,8.37090015411377,-27.69700050354004,2.0288000106811523,-3.8349201679229736,1.736680030822754,-0.46195998787879944,1.418191909790039,4.191199779510498,-0.14139039814472198
7.92,8.37090015411377,-27.69700050354004,2.0288000106811523,-3.8349201679229736,1.736680030822754,-0.46195998787879944,1.418191909790039,4.191199779510498,-0.14139039814472198
7.930000000000001,8.275500297546387,-27.652000427246094,2.017199993133545,-3.7984797954559326,1.8410800695419312,-0.4652000069618225,1.4938240051269531,4.162240028381348,-0.11817439645528793
7.94,8.275500297546387,-27.652000427246094,2.017199993133545,-3.7984797954559326,1.8410800695419312,-0.4652000069618225,1.4938240051269531,4.162240028381348,-0.11817439645528793
7.95,8.180999755859375,-27.604999542236328,2.005500078201294,-3.760240316390991,1.9447599649429321,-0.4678400158882141,1.5667359828948975,4.130879878997803,-0.09512799978256226
7.96,8.180999755859375,-27.604999542236328,2.005500078201294,-3.760240316390991,1.9447599649429321,-0.4678400158882141,1.5667359828948975,4.130879878997803,-0.09512799978256226
7.97,8.180999755859375,-27.604999542236328,2.005500078201294,-3.760240316390991,1.9447599649429321,-0.4678400158882141,1.5667359828948975,4.130879878997803,-0.09512799978256226
7.98,8.087499618530273,-27.55500030517578,1.9938000440597534,-3.7202000617980957,2.047640085220337,-0.4699600338935852,1.6369599103927612,4.097439765930176,-0.07227199524641037
7.99,8.087499618530273,-27.55500030517578,1.9938000440597534,-3.7202000617980957,2.047640085220337,-0.4699600338935852,1.6369599103927612,4.097439765930176,-0.07227199524641037
8.0,7.994999885559082,-27.50200080871582,1.982100009918213,-3.6784000396728516,2.1496400833129883,-0.47147998213768005,1.7041599750518799,4.061759948730469,-0.04963039606809616
8.01,7.994999885559082,-27.50200080871582,1.982100009918213,-3.6784000396728516,2.1496400833129883,-0.47147998213768005,1.7041599750518799,4.061759948730469,-0.04963039606809616
8.02,7.994999885559082,-27.50200080871582,1.982100009918213,-3.6784000396728516,2.1496400833129883,-0.47147998213768005,1.7041599750518799,4.061759948730469,-0.04963039606809616
8.03,7.903600215911865,-27.44700050354004,1.9702999591827393,-3.634999990463257,2.2506799697875977,-0.4724400043487549,1.7686399221420288,4.023839950561523,-0.027222398668527603
8.040000000000001,7.903600215911865,-27.44700050354004,1.9702999591827393,-3.634999990463257,2.2506799697875977,-0.4724400043487549,1.7686399221420288,4.023839950561523,-0.027222398668527603
8.05,7.813300132751465,-27.389999389648438,1.958400011062622,-3.5900001525878906,2.350800037384033,-0.4728400409221649,1.83024001121521,3.983680009841919,-0.005065919831395149
8.06,7.813300132751465,-27.389999389648438,1.958400011062622,-3.5900001525878906,2.350800037384033,-0.4728400409221649,1.83024001121521,3.983680009841919,-0.005065919831395149
8.07,7.813300132751465,-27.389999389648438,1.958400011062622,-3.5900001525878906,2.350800037384033,-0.4728400409221649,1.83024001121521,3.983680009841919,-0.005065919831395149
8.08,7.724100112915039,-27.329999923706055,1.9465999603271484,-3.543519973754883,2.4498400688171387,-0.472680002450943,1.8886399269104004,3.941119909286499,0.016817599534988403
8.09,7.724100112915039,-27.329999923706055,1.9465999603271484,-3.543519973754883,2.4498400688171387,-0.472680002450943,1.8886399269104004,3.941119909286499,0.016817599534988403
8.1,7.636099815368652,-27.267000198364258,1.9348000288009644,-3.4956002235412598,2.547839879989624,-0.47199997305870056,1.9443200826644897,3.896480083465576,0.03841279819607735
8.11,7.636099815368652,-27.267000198364258,1.9348000288009644,-3.4956002235412598,2.547839879989624,-0.47199997305870056,1.9443200826644897,3.896480083465576,0.03841279819607735
8.120000000000001,7.636099815368652,-27.267000198364258,1.9348000288009644,-3.4956002235412598,2.547839879989624,-0.47199997305870056,1.9443200826644897,3.896480083465576,0.03841279819607735
8.13,7.5493998527526855,-27.20199966430664,1.9229999780654907,-3.446320056915283,2.6446800231933594,-0.4707600176334381,1.9967998266220093,3.849439859390259,0.059699200093746185
8.14,7.5493998527526855,-27.20199966430664,1.9229999780654907,-3.446320056915283,2.6446800231933594,-0.4707600176334381,1.9967998266220093,3.849439859390259,0.059699200093746185
8.15,7.463799953460693,-27.135000228881836,1.9112999439239502,-3.3958001136779785,2.7402799129486084,-0.4690000116825104,2.0460798740386963,3.8003201484680176,0.08066399395465851
8.16,7.463799953460693,-27.135000228881836,1.9112999439239502,-3.3958001136779785,2.7402799129486084,-0.4690000116825104,2.0460798740386963,3.8003201484680176,0.08066399395465851
8.17,7.463799953460693,-27.135000228881836,1.9112999439239502,-3.3958001136779785,2.7402799129486084,-0.4690000116825104,2.0460798740386963,3.8003201484680176,0.08066399395465851
8.18,7.3796000480651855,-27.065000534057617,1.8996000289916992,-3.3440399169921875,2.8346800804138184,-0.46672001481056213,2.092479944229126,3.74895977973938,0.10129119455814362
8.19,7.3796000480651855,-27.065000534057617,1.8996000289916992,-3.3440399169921875,2.8346800804138184,-0.46672001481056213,2.092479944229126,3.74895977973938,0.10129119455814362
8.2,7.296599864959717,-26.993000030517578,1.8878999948501587,-3.2911999225616455,2.927720069885254,-0.4639599919319153,2.1356799602508545,3.6955199241638184,0.12156639993190765
8.21,7.296599864959717,-26.993000030517578,1.8878999948501587,-3.2911999225616455,2.927720069885254,-0.4639599919319153,2.1356799602508545,3.6955199241638184,0.12156639993190765
8.22,7.296599864959717,-26.993000030517578,1.8878999948501587,-3.2911999225616455,2.927720069885254,-0.4639599919319153,2.1356799602508545,3.6955199241638184,0.12156639993190765
8.23,7.215000152587891,-26.91900062561035,1.8763999938964844,-3.2372798919677734,3.019400119781494,-0.460640013217926,2.175679922103882,3.6396796703338623,0.14147520065307617
8.24,7.215000152587891,-26.91900062561035,1.8763999938964844,-3.2372798919677734,3.019400119781494,-0.460640013217926,2.175679922103882,3.6396796703338623,0.14147520065307617
8.25,7.134799957275391,-26.841999053955078,1.86489999294281,-3.1824400424957275,3.109679937362671,-0.45688000321388245,2.2126400470733643,3.5819196701049805,0.16100798547267914
8.26,7.134799957275391,-26.841999053955078,1.86489999294281,-3.1824400424957275,3.109679937362671,-0.45688000321388245,2.2126400470733643,3.5819196701049805,0.16100798547267914
8.27,7.134799957275391,-26.841999053955078,1.86489999294281,-3.1824400424957275,3.109679937362671,-0.45688000321388245,2.2126400470733643,3.5819196701049805,0.16100798547267914
8.28,7.0559000968933105,-26.76300048828125,1.8535000085830688,-3.1266801357269287,3.1984801292419434,-0.45260000228881836,2.2463998794555664,3.5217599868774414,0.18014399707317352
8.290000000000001,7.0559000968933105,-26.76300048828125,1.8535000085830688,-3.1266801357269287,3.1984801292419434,-0.45260000228881836,2.2463998794555664,3.5217599868774414,0.18014399707317352
8.3,6.978400230407715,-26.68199920654297,1.8423000574111938,-3.070120096206665,3.2857601642608643,-0.44787999987602234,2.2769598960876465,3.4596798419952393,0.19888000190258026
8.31,6.978400230407715,-26.68199920654297,1.8423000574111938,-3.070120096206665,3.2857601642608643,-0.44787999987602234,2.2769598960876465,3.4596798419952393,0.19888000190258026
8.32,6.978400230407715,-26.68199920654297,1.8423000574111938,-3.070120096206665,3.2857601642608643,-0.44787999987602234,2.2769598960876465,3.4596798419952393,0.19888000190258026
8.33,6.902400016784668,-26.599000930786133,1.8310999870300293,-3.0128800868988037,3.3714401721954346,-0.4426799714565277,2.3043200969696045,3.395519971847534,0.21719998121261597
8.34,6.902400016784668,-26.599000930786133,1.8310999870300293,-3.0128800868988037,3.3714401721954346,-0.4426799714565277,2.3043200969696045,3.395519971847534,0.21719998121261597
8.35,6.8277997970581055,-26.513999938964844,1.820199966430664,-2.9549601078033447,3.455519914627075,-0.43700000643730164,2.3286399841308594,3.329279899597168,0.2351040095090866
8.36,6.8277997970581055,-26.513999938964844,1.820199966430664,-2.9549601078033447,3.455519914627075,-0.43700000643730164,2.3286399841308594,3.329279899597168,0.2351040095090866
8.370000000000001,6.8277997970581055,-26.513999938964844,1.820199966430664,-2.9549601078033447,3.455519914627075,-0.43700000643730164,2.3286399841308594,3.329279899597168,0.2351040095090866
8.38,6.754700183868408,-26.426000595092773,1.8092999458312988,-2.896440029144287,3.5379199981689453,-0.43091997504234314,2.349759817123413,3.260960102081299,0.25257599353790283
8.39,6.754700183868408,-26.426000595092773,1.8092999458312988,-2.896440029144287,3.5379199981689453,-0.43091997504234314,2.349759817123413,3.260960102081299,0.25257599353790283
8.4,6.683000087738037,-26.336999893188477,1.7985999584197998,-2.837480068206787,3.6185600757598877,-0.4244000017642975,2.367680072784424,3.1905598640441895,0.2696159780025482
8.41,6.683000087738037,-26.336999893188477,1.7985999584197998,-2.837480068206787,3.6185600757598877,-0.4244000017642975,2.367680072784424,3.1905598640441895,0.2696159780025482
8.42,6.683000087738037,-26.336999893188477,1.7985999584197998,-2.837480068206787,3.6185600757598877,-0.4244000017642975,2.367680072784424,3.1905598640441895,0.2696159780025482
8.43,6.612800121307373,-26.2450008392334,1.788100004196167,-2.7781200408935547,3.697399854660034,-0.4174399971961975,2.3824000358581543,3.1183998584747314,0.28620800375938416
8.44,6.612800121307373,-26.2450008392334,1.788100004196167,-2.7781200408935547,3.697399854660034,-0.4174399971961975,2.3824000358581543,3.1183998584747314,0.28620800375938416
8.45,6.544099807739258,-26.152000427246094,1.7776999473571777,-2.718400001525879,3.774440050125122,-0.4100800156593323,2.3940799236297607,3.0441598892211914,0.3023360073566437
8.46,6.544099807739258,-26.152000427246094,1.7776999473571777,-2.718400001525879,3.774440050125122,-0.4100800156593323,2.3940799236297607,3.0441598892211914,0.3023360073566437
8.47,6.544099807739258,-26.152000427246094,1.7776999473571777,-2.718400001525879,3.774440050125122,-0.4100800156593323,2.3940799236297607,3.0441598892211914,0.3023360073566437
8.48,6.476900100708008,-26.05699920654297,1.7676000595092773,-2.658400058746338,3.849599838256836,-0.402319997549057,2.4027199745178223,2.9681599140167236,0.318015992641449
8.49,6.476900100708008,-26.05699920654297,1.7676000595092773,-2.658400058746338,3.849599838256836,-0.402319997549057,2.4027199745178223,2.9681599140167236,0.318015992641449
8.5,6.411200046539307,-25.959999084472656,1.757599949836731,-2.5982799530029297,3.922840118408203,-0.3941880166530609,2.4083199501037598,2.890239715576172,0.33321601152420044
8.51,6.411200046539307,-25.959999084472656,1.757599949836731,-2.5982799530029297,3.922840118408203,-0.3941880166530609,2.4083199501037598,2.890239715576172,0.33321601152420044
8.52,6.411200046539307,-25.959999084472656,1.757599949836731,-2.5982799530029297,3.922840118408203,-0.3941880166530609,2.4083199501037598,2.890239715576172,0.33321601152420044
8.53,6.3470001220703125,-25.861000061035156,1.7479000091552734,-2.5380399227142334,3.9941201210021973,-0.385672003030777,2.410720109939575,2.8104000091552734,0.3479679822921753
8.540000000000001,6.3470001220703125,-25.861000061035156,1.7479000091552734,-2.5380399227142334,3.9941201210021973,-0.385672003030777,2.410720109939575,2.8104000091552734,0.3479679822921753
8.55,6.284299850463867,-25.760000228881836,1.7382999658584595,-2.477760076522827,4.063199996948242,-0.3767920136451721,2.4102399349212646,2.728959798812866,0.3622240126132965
8.56,6.284299850463867,-25.760000228881836,1.7382999658584595,-2.477760076522827,4.063199996948242,-0.3767920136451721,2.4102399349212646,2.728959798812866,0.3622240126132965
8.57,6.284299850463867,-25.760000228881836,1.7382999658584595,-2.477760076522827,4.063199996948242,-0.3767920136451721,2.4102399349212646,2.728959798812866,0.3622240126132965
8.58,6.223100185394287,-25.658000946044922,1.7289999723434448,-2.41756010055542,4.13040018081665,-0.36756402254104614,2.406719923019409,2.645599842071533,0.3760159909725189
8.59,6.223100185394287,-25.658000946044922,1.7289999723434448,-2.41756010055542,4.13040018081665,-0.36756402254104614,2.406719923019409,2.645599842071533,0.3760159909725189
8.6,6.163400173187256,-25.55299949645996,1.7200000286102295,-2.3574399948120117,4.1956000328063965,-0.35799601674079895,2.400160074234009,2.5606398582458496,0.3893280029296875
8.61,6.163400173187256,-25.55299949645996,1.7200000286102295,-2.3574399948120117,4.1956000328063965,-0.35799601674079895,2.400160074234009,2.5606398582458496,0.3893280029296875
8.620000000000001,6.163400173187256,-25.55299949645996,1.7200000286102295,-2.3574399948120117,4.1956000328063965,-0.35799601674079895,2.400160074234009,2.5606398582458496,0.3893280029296875
8.63,6.105199813842773,-25.447999954223633,1.7110999822616577,-2.297559976577759,4.258399963378906,-0.3481000065803528,2.3908798694610596,2.4740800857543945,0.40214401483535767
8.64,6.105199813842773,-25.447999954223633,1.7110999822616577,-2.297559976577759,4.258399963378906,-0.3481000065803528,2.3908798694610596,2.4740800857543945,0.40214401483535767
8.65,6.048500061035156,-25.340999603271484,1.7026000022888184,-2.237920045852661,4.319200038909912,-0.3378920257091522,2.3785600662231445,2.3859198093414307,0.4144960045814514
8.66,6.048500061035156,-25.340999603271484,1.7026000022888184,-2.237920045852661,4.319200038909912,-0.3378920257091522,2.3785600662231445,2.3859198093414307,0.4144960045814514
8.67,6.048500061035156,-25.340999603271484,1.7026000022888184,-2.237920045852661,4.319200038909912,-0.3378920257091522,2.3785600662231445,2.3859198093414307,0.4144960045814514
8.68,5.993299961090088,-25.23200035095215,1.6943000555038452,-2.178640127182007,4.377999782562256,-0.3273800015449524,2.3635199069976807,2.2963199615478516,0.42635199427604675
8.69,5.993299961090088,-25.23200035095215,1.6943000555038452,-2.178640127182007,4.377999782562256,-0.3273800015449524,2.3635199069976807,2.2963199615478516,0.42635199427604675
8.700000000000001,5.939599990844727,-25.121999740600586,1.6862000226974487,-2.119800090789795,4.434000015258789,-0.31658002734184265,2.345599889755249,2.2051198482513428,0.4377119839191437
8.71,5.939599990844727,-25.121999740600586,1.6862000226974487,-2.119800090789795,4.434000015258789,-0.31658002734184265,2.345599889755249,2.2051198482513428,0.4377119839191437
8.72,5.939599990844727,-25.121999740600586,1.6862000226974487,-2.119800090789795,4.434000015258789,-0.31658002734184265,2.345599889755249,2.2051198482513428,0.4377119839191437
8.73,5.88730001449585,-25.010000228881836,1.6784000396728516,-2.0614001750946045,4.488000392913818,-0.30550000071525574,2.325119972229004,2.1123199462890625,0.44860801100730896
8.74,5.88730001449585,-25.010000228881836,1.6784000396728516,-2.0614001750946045,4.488000392913818,-0.30550000071525574,2.325119972229004,2.1123199462890625,0.44860801100730896
8.75,5.83650016784668,-24.89699935913086,1.6708999872207642,-2.0035600662231445,4.539599895477295,-0.29415199160575867,2.301759958267212,2.018399953842163,0.45899200439453125
8.76,5.83650016784668,-24.89699935913086,1.6708999872207642,-2.0035600662231445,4.539599895477295,-0.29415199160575867,2.301759958267212,2.018399953842163,0.45899200439453125
8.77,5.83650016784668,-24.89699935913086,1.6708999872207642,-2.0035600662231445,4.539599895477295,-0.29415199160575867,2.301759958267212,2.018399953842163,0.45899200439453125
8.78,5.787099838256836,-24.783000946044922,1.663699984550476,-1.9463199377059937,4.588799953460693,-0.28255200386047363,2.2760000228881836,1.9230399131774902,0.4689120054244995
8.790000000000001,5.787099838256836,-24.783000946044922,1.663699984550476,-1.9463199377059937,4.588799953460693,-0.28255200386047363,2.2760000228881836,1.9230399131774902,0.4689120054244995
8.8,5.739200115203857,-24.667999267578125,1.6568000316619873,-1.8898000717163086,4.636000156402588,-0.2707119882106781,2.2475199699401855,1.8262399435043335,0.478335976600647
8.81,5.739200115203857,-24.667999267578125,1.6568000316619873,-1.8898000717163086,4.636000156402588,-0.2707119882106781,2.2475199699401855,1.8262399435043335,0.478335976600647
8.82,5.739200115203857,-24.667999267578125,1.6568000316619873,-1.8898000717163086,4.636000156402588,-0.2707119882106781,2.2475199699401855,1.8262399435043335,0.478335976600647
8.83,5.692599773406982,-24.551000595092773,1.6502000093460083,-1.833959937095642,4.680400371551514,-0.25864002108573914,2.216480016708374,1.7284799814224243,0.4872799813747406
8.84,5.692599773406982,-24.551000595092773,1.6502000093460083,-1.833959937095642,4.680400371551514,-0.25864002108573914,2.216480016708374,1.7284799814224243,0.4872799813747406
8.85,5.647500038146973,-24.43400001525879,1.6439000368118286,-1.778960108757019,4.722400188446045,-0.24635200202465057,2.1832001209259033,1.6292798519134521,0.4957599937915802
8.86,5.647500038146973,-24.43400001525879,1.6439000368118286,-1.778960108757019,4.722400188446045,-0.24635200202465057,2.1832001209259033,1.6292798519134521,0.4957599937915802
8.870000000000001,5.647500038146973,-24.43400001525879,1.6439000368118286,-1.778960108757019,4.722400188446045,-0.24635200202465057,2.1832001209259033,1.6292798519134521,0.4957599937915802
8.88,5.603700160980225,-24.315000534057617,1.6378999948501587,-1.7248400449752808,4.761600017547607,-0.23385600745677948,2.147359848022461,1.5291520357131958,0.5037440061569214
8.89,5.603700160980225,-24.315000534057617,1.6378999948501587,-1.7248400449752808,4.761600017547607,-0.23385600745677948,2.147359848022461,1.5291520357131958,0.5037440061569214
8.9,5.561200141906738,-24.195999145507812,1.632200002670288,-1.6716400384902954,4.798799991607666,-0.22116799652576447,2.1092798709869385,1.4279199838638306,0.5112639665603638
8.91,5.561200141906738,-24.195999145507812,1.632200002670288,-1.6716400384902954,4.798799991607666,-0.22116799652576447,2.1092798709869385,1.4279199838638306,0.5112639665603638
8.92,5.561200141906738,-24.195999145507812,1.632200002670288,-1.6716400384902954,4.798799991607666,-0.22116799652576447,2.1092798709869385,1.4279199838638306,0.5112639665603638
8.93,5.520100116729736,-24.075000762939453,1.6267999410629272,-1.6194000244140625,4.833199977874756,-0.20829598605632782,2.068959951400757,1.325679898262024,0.5183200240135193
8.94,5.520100116729736,-24.075000762939453,1.6267999410629272,-1.6194000244140625,4.833199977874756,-0.20829598605632782,2.068959951400757,1.325679898262024,0.5183200240135193
8.950000000000001,5.480199813842773,-23.95400047302246,1.6217999458312988,-1.5681999921798706,4.864799976348877,-0.19525599479675293,2.026399850845337,1.2225120067596436,0.5248960256576538
8.96,5.480199813842773,-23.95400047302246,1.6217999458312988,-1.5681999921798706,4.864799976348877,-0.19525599479675293,2.026399850845337,1.2225120067596436,0.5248960256576538
8.97,5.480199813842773,-23.95400047302246,1.6217999458312988,-1.5681999921798706,4.864799976348877,-0.19525599479675293,2.026399850845337,1.2225120067596436,0.5248960256576538
8.98,5.441699981689453,-23.832000732421875,1.6171000003814697,-1.5180801153182983,4.894400119781494,-0.1820559948682785,1.9817599058151245,1.1184639930725098,0.5310239791870117
8.99,5.441699981689453,-23.832000732421875,1.6171000003814697,-1.5180801153182983,4.894400119781494,-0.1820559948682785,1.9817599058151245,1.1184639930725098,0.5310239791870117
9.0,5.404300212860107,-23.708999633789062,1.6126999855041504,-1.4691200256347656,4.92080020904541,-0.16870801150798798,1.9351999759674072,1.0136159658432007,0.536687970161438
9.01,5.404300212860107,-23.708999633789062,1.6126999855041504,-1.4691200256347656,4.92080020904541,-0.16870801150798798,1.9351999759674072,1.0136159658432007,0.536687970161438
9.02,5.404300212860107,-23.708999633789062,1.6126999855041504,-1.4691200256347656,4.92080020904541,-0.16870801150798798,1.9351999759674072,1.0136159658432007,0.536687970161438
9.03,5.368199825286865,-23.586000442504883,1.6086000204086304,-1.4213600158691406,4.94480037689209,-0.15522401034832,1.8865599632263184,0.9079999923706055,0.5419039726257324
9.040000000000001,5.368199825286865,-23.586000442504883,1.6086000204086304,-1.4213600158691406,4.94480037689209,-0.15522401034832,1.8865599632263184,0.9079999923706055,0.5419039726257324
9.05,5.333199977874756,-23.461999893188477,1.6049000024795532,-1.3748000860214233,4.966400146484375,-0.14161600172519684,1.8359999656677246,0.8017120361328125,0.5466880202293396
9.06,5.333199977874756,-23.461999893188477,1.6049000024795532,-1.3748000860214233,4.966400146484375,-0.14161600172519684,1.8359999656677246,0.8017120361328125,0.5466880202293396
9.07,5.333199977874756,-23.461999893188477,1.6049000024795532,-1.3748000860214233,4.966400146484375,-0.14161600172519684,1.8359999656677246,0.8017120361328125,0.5466880202293396
9.08,5.2993998527526855,-23.33799934387207,1.6015000343322754,-1.3295600414276123,4.98520040512085,-0.1278959959745407,1.7836799621582031,0.6947839856147766,0.5510079860687256
9.09,5.2993998527526855,-23.33799934387207,1.6015000343322754,-1.3295600414276123,4.98520040512085,-0.1278959959745407,1.7836799621582031,0.6947839856147766,0.5510079860687256
9.1,5.2667999267578125,-23.21299934387207,1.5985000133514404,-1.285640001296997,5.001200199127197,-0.11407200247049332,1.7296000719070435,0.5873119831085205,0.5549119710922241
9.11,5.2667999267578125,-23.21299934387207,1.5985000133514404,-1.285640001296997,5.001200199127197,-0.11407200247049332,1.7296000719070435,0.5873119831085205,0.5549119710922241
9.120000000000001,5.2667999267578125,-23.21299934387207,1.5985000133514404,-1.285640001296997,5.001200199127197,-0.11407200247049332,1.7296000719070435,0.5873119831085205,0.5549119710922241
9.13,5.235199928283691,-23.08799934387207,1.5958000421524048,-1.2430800199508667,5.014400005340576,-0.10015200823545456,1.673919916152954,0.4793280065059662,0.5583999752998352
9.14,5.235199928283691,-23.08799934387207,1.5958000421524048,-1.2430800199508667,5.014400005340576,-0.10015200823545456,1.673919916152954,0.4793280065059662,0.5583999752998352
9.15,5.204599857330322,-22.961999893188477,1.593500018119812,-1.2019599676132202,5.025199890136719,-0.08615600317716599,1.6166399717330933,0.37092798948287964,0.5614559650421143
9.16,5.204599857330322,-22.961999893188477,1.593500018119812,-1.2019599676132202,5.025199890136719,-0.08615600317716599,1.6166399717330933,0.37092798948287964,0.5614559650421143
9.17,5.204599857330322,-22.961999893188477,1.593500018119812,-1.2019599676132202,5.025199890136719,-0.08615600317716599,1.6166399717330933,0.37092798948287964,0.5614559650421143
9.18,5.175000190734863,-22.836999893188477,1.5915000438690186,-1.1622799634933472,5.032800197601318,-0.07208400219678879,1.557792067527771,0.2621600031852722,0.5640959739685059
9.19,5.175000190734863,-22.836999893188477,1.5915000438690186,-1.1622799634933472,5.032800197601318,-0.07208400219678879,1.557792067527771,0.2621600031852722,0.5640959739685059
9.200000000000001,5.146500110626221,-22.711000442504883,1.589900016784668,-1.1240800619125366,5.038000106811523,-0.057951997965574265,1.4975999593734741,0.15309759974479675,0.5663359761238098
9.21,5.146500110626221,-22.711000442504883,1.589900016784668,-1.1240800619125366,5.038000106811523,-0.057951997965574265,1.4975999593734741,0.15309759974479675,0.5663359761238098
9.22,5.146500110626221,-22.711000442504883,1.589900016784668,-1.1240800619125366,5.038000106811523,-0.057951997965574265,1.4975999593734741,0.15309759974479675,0.5663359761238098
9.23,5.118800163269043,-22.584999084472656,1.5886000394821167,-1.087399959564209,5.04040002822876,-0.043772000819444656,1.436079978942871,0.043801598250865936,0.5681759715080261
9.24,5.118800163269043,-22.584999084472656,1.5886000394821167,-1.087399959564209,5.04040002822876,-0.043772000819444656,1.436079978942871,0.043801598250865936,0.5681759715080261
9.25,5.092100143432617,-22.458999633789062,1.5877000093460083,-1.052280068397522,5.04040002822876,-0.02954680100083351,1.373311996459961,-0.06565919518470764,0.5696319937705994
9.26,5.092100143432617,-22.458999633789062,1.5877000093460083,-1.052280068397522,5.04040002822876,-0.02954680100083351,1.373311996459961,-0.06565919518470764,0.5696319937705994
9.27,5.092100143432617,-22.458999633789062,1.5877000093460083,-1.052280068397522,5.04040002822876,-0.02954680100083351,1.373311996459961,-0.06565919518470764,0.5696319937705994
9.28,5.066199779510498,-22.33300018310547,1.5872000455856323,-1.018760085105896,5.037200450897217,-0.015291600488126278,1.3093918561935425,-0.17521600425243378,0.5707199573516846
9.290000000000001,5.066199779510498,-22.33300018310547,1.5872000455856323,-1.018760085105896,5.037200450897217,-0.015291600488126278,1.3093918561935425,-0.17521600425243378,0.5707199573516846
9.3,5.041100025177002,-22.207000732421875,1.5870000123977661,-0.9868399500846863,5.031600475311279,-0.0010143601102754474,1.2444159984588623,-0.2847999930381775,0.5714239478111267
9.31,5.041100025177002,-22.207000732421875,1.5870000123977661,-0.9868399500846863,5.031600475311279,-0.0010143601102754474,1.2444159984588623,-0.2847999930381775,0.5714239478111267
9.32,5.041100025177002,-22.207000732421875,1.5870000123977661,-0.9868399500846863,5.031600475311279,-0.0010143601102754474,1.2444159984588623,-0.2847999930381775,0.5714239478111267
9.33,5.0167999267578125,-22.08099937438965,1.5871000289916992,-0.9565600752830505,5.023200035095215,0.013276000507175922,1.1784319877624512,-0.394351989030838,0.5717599987983704
9.34,5.0167999267578125,-22.08099937438965,1.5871000289916992,-0.9565600752830505,5.023200035095215,0.013276000507175922,1.1784319877624512,-0.394351989030838,0.5717599987983704
9.35,4.993299961090088,-21.95599937438965,1.5875999927520752,-0.9279199838638306,5.01200008392334,0.027570798993110657,1.1115679740905762,-0.5037919878959656,0.5717439651489258
9.36,4.993299961090088,-21.95599937438965,1.5875999927520752,-0.9279199838638306,5.01200008392334,0.027570798993110657,1.1115679740905762,-0.5037919878959656,0.5717439651489258
9.370000000000001,4.993299961090088,-21.95599937438965,1.5875999927520752,-0.9279199838638306,5.01200008392334,0.027570798993110657,1.1115679740905762,-0.5037919878959656,0.5717439651489258
9.38,4.970399856567383,-21.83099937438965,1.5885000228881836,-0.9009599685668945,4.998000144958496,0.04185999929904938,1.043887972831726,-0.6130719780921936,0.5713919997215271
9.39,4.970399856567383,-21.83099937438965,1.5885000228881836,-0.9009599685668945,4.998000144958496,0.04185999929904938,1.043887972831726,-0.6130719780921936,0.5713919997215271
9.4,4.948200225830078,-21.70599937438965,1.5896999835968018,-0.8757200241088867,4.981200218200684,0.05613600090146065,0.9754879474639893,-0.7220960259437561,0.570688009262085
9.41,4.948200225830078,-21.70599937438965,1.5896999835968018,-0.8757200241088867,4.981200218200684,0.05613600090146065,0.9754879474639893,-0.7220960259437561,0.570688009262085
9.42,4.948200225830078,-21.70599937438965,1.5896999835968018,-0.8757200241088867,4.981200218200684,0.05613600090146065,0.9754879474639893,-0.7220960259437561,0.570688009262085
9.43,4.926599979400635,-21.582000732421875,1.5913000106811523,-0.8522000312805176,4.961600303649902,0.07039200514554977,0.9064479470252991,-0.8308159708976746,0.5696640014648438
9.44,4.926599979400635,-21.582000732421875,1.5913000106811523,-0.8522000312805176,4.961600303649902,0.07039200514554977,0.9064479470252991,-0.8308159708976746,0.5696640014648438
9.450000000000001,4.905600070953369,-21.45800018310547,1.5931999683380127,-0.8303999900817871,4.939599990844727,0.08461999893188477,0.8368800282478333,-0.93915194272995,0.5683359503746033
9.46,4.905600070953369,-21.45800018310547,1.5931999683380127,-0.8303999900817871,4.939599990844727,0.08461999893188477,0.8368800282478333,-0.93915194272995,0.5683359503746033
9.47,4.905600070953369,-21.45800018310547,1.5931999683380127,-0.8303999900817871,4.939599990844727,0.08461999893188477,0.8368800282478333,-0.93915194272995,0.5683359503746033
9.48,4.8850998878479,-21.334999084472656,1.5954999923706055,-0.8103599548339844,4.91480016708374,0.09880800545215607,0.7668479681015015,-1.047055959701538,0.5666880011558533
9.49,4.8850998878479,-21.334999084472656,1.5954999923706055,-0.8103599548339844,4.91480016708374,0.09880800545215607,0.7668479681015015,-1.047055959701538,0.5666880011558533
9.5,4.865099906921387,-21.211999893188477,1.5981999635696411,-0.7920800447463989,4.887200355529785,0.11294800043106079,0.6964479684829712,-1.1544480323791504,0.5647359490394592
9.51,4.865099906921387,-21.211999893188477,1.5981999635696411,-0.7920800447463989,4.887200355529785,0.11294800043106079,0.6964479684829712,-1.1544480323791504,0.5647359490394592
9.52,4.865099906921387,-21.211999893188477,1.5981999635696411,-0.7920800447463989,4.887200355529785,0.11294800043106079,0.6964479684829712,-1.1544480323791504,0.5647359490394592
9.53,4.8454999923706055,-21.09000015258789,1.601199984550476,-0.7755600214004517,4.8572001457214355,0.12704001367092133,0.6257599592208862,-1.2612639665603638,0.5625119805335999
9.540000000000001,4.8454999923706055,-21.09000015258789,1.601199984550476,-0.7755600214004517,4.8572001457214355,0.12704001367092133,0.6257599592208862,-1.2612639665603638,0.5625119805335999
9.55,4.826300144195557,-20.9689998626709,1.6045000553131104,-0.7608000040054321,4.824399948120117,0.14107200503349304,0.5548959970474243,-1.3674240112304688,0.5600000023841858
9.56,4.826300144195557,-20.9689998626709,1.6045000553131104,-0.7608000040054321,4.824399948120117,0.14107200503349304,0.5548959970474243,-1.3674240112304688,0.5600000023841858
9.57,4.826300144195557,-20.9689998626709,1.6045000553131104,-0.7608000040054321,4.824399948120117,0.14107200503349304,0.5548959970474243,-1.3674240112304688,0.5600000023841858
9.58,4.807400226593018,-20.849000930786133,1.608199954032898,-0.7478000521659851,4.788800239562988,0.15504001080989838,0.48391997814178467,-1.4728798866271973,0.5572159886360168
9.59,4.807400226593018,-20.849000930786133,1.608199954032898,-0.7478000521659851,4.788800239562988,0.15504001080989838,0.48391997814178467,-1.4728798866271973,0.5572159886360168
9.6,4.788899898529053,-20.729999542236328,1.6123000383377075,-0.7366000413894653,4.750400066375732,0.1689320057630539,0.4129279851913452,-1.5775680541992188,0.5541759729385376
9.61,4.788899898529053,-20.729999542236328,1.6123000383377075,-0.7366000413894653,4.750400066375732,0.1689320057630539,0.4129279851913452,-1.5775680541992188,0.5541759729385376
9.620000000000001,4.788899898529053,-20.729999542236328,1.6123000383377075,-0.7366000413894653,4.750400066375732,0.1689320057630539,0.4129279851913452,-1.5775680541992188,0.5541759729385376
9.63,4.770599842071533,-20.61199951171875,1.6167000532150269,-0.7271599769592285,4.710000038146973,0.18274401128292084,0.34201598167419434,-1.6814398765563965,0.5508800148963928
9.64,4.770599842071533,-20.61199951171875,1.6167000532150269,-0.7271599769592285,4.710000038146973,0.18274401128292084,0.34201598167419434,-1.6814398765563965,0.5508800148963928
9.65,4.752500057220459,-20.493999481201172,1.621399998664856,-0.7194799780845642,4.66640043258667,0.19647200405597687,0.271263986825943,-1.7843199968338013,0.5473600029945374
9.66,4.752500057220459,-20.493999481201172,1.621399998664856,-0.7194799780845642,4.66640043258667,0.19647200405597687,0.271263986825943,-1.7843199968338013,0.5473600029945374
9.67,4.752500057220459,-20.493999481201172,1.621399998664856,-0.7194799780845642,4.66640043258667,0.19647200405597687,0.271263986825943,-1.7843199968338013,0.5473600029945374
9.68,4.734600067138672,-20.378000259399414,1.6265000104904175,-0.7136000394821167,4.620800018310547,0.21011200547218323,0.20075199007987976,-1.8862398862838745,0.5436000227928162
9.69,4.734600067138672,-20.378000259399414,1.6265000104904175,-0.7136000394821167,4.620800018310547,0.21011200547218323,0.20075199007987976,-1.8862398862838745,0.5436000227928162
9.700000000000001,4.716800212860107,-20.26300048828125,1.6318999528884888,-0.7094399929046631,4.572400093078613,0.22365200519561768,0.13058079779148102,-1.9872000217437744,0.5396159887313843
9.71,4.716800212860107,-20.26300048828125,1.6318999528884888,-0.7094399929046631,4.572400093078613,0.22365200519561768,0.13058079779148102,-1.9872000217437744,0.5396159887313843
9.72,4.716800212860107,-20.26300048828125,1.6318999528884888,-0.7094399929046631,4.572400093078613,0.22365200519561768,0.13058079779148102,-1.9872000217437744,0.5396159887313843
9.73,4.699100017547607,-20.149999618530273,1.6376999616622925,-0.707040011882782,4.521200180053711,0.2370920032262802,0.06082559749484062,-2.0870399475097656,0.5354399681091309
9.74,4.699100017547607,-20.149999618530273,1.6376999616622925,-0.707040011882782,4.521200180053711,0.2370920032262802,0.06082559749484062,-2.0870399475097656,0.5354399681091309
9.75,4.681399822235107,-20.03700065612793,1.6438000202178955,-0.7064000368118286,4.4679999351501465,0.2504200041294098,-0.008425120264291763,-2.1856000423431396,0.5310559868812561
9.76,4.681399822235107,-20.03700065612793,1.6438000202178955,-0.7064000368118286,4.4679999351501465,0.2504200041294098,-0.008425120264291763,-2.1856000423431396,0.5310559868812561
9.77,4.681399822235107,-20.03700065612793,1.6438000202178955,-0.7064000368118286,4.4679999351501465,0.2504200041294098,-0.008425120264291763,-2.1856000423431396,0.5310559868812561
9.78,4.66379976272583,-19.926000595092773,1.6502000093460083,-0.7074800133705139,4.4120001792907715,0.26364001631736755,-0.07708960026502609,-2.2830400466918945,0.526479959487915
9.790000000000001,4.66379976272583,-19.926000595092773,1.6502000093460083,-0.7074800133705139,4.4120001792907715,0.26364001631736755,-0.07708960026502609,-2.2830400466918945,0.526479959487915
9.8,4.646100044250488,-19.816999435424805,1.6569000482559204,-0.7102400064468384,4.353600025177002,0.27674400806427,-0.14508318901062012,-2.379199981689453,0.521727979183197
9.81,4.646100044250488,-19.816999435424805,1.6569000482559204,-0.7102400064468384,4.353600025177002,0.27674400806427,-0.14508318901062012,-2.379199981689453,0.521727979183197
9.82,4.646100044250488,-19.816999435424805,1.6569000482559204,-0.7102400064468384,4.353600025177002,0.27674400806427,-0.14508318901062012,-2.379199981689453,0.521727979183197
9.83,4.628200054168701,-19.708999633789062,1.6640000343322754,-0.7147200107574463,4.2932000160217285,0.2897280156612396,-0.2123199999332428,-2.4739198684692383,0.5167999863624573
9.84,4.628200054168701,-19.708999633789062,1.6640000343322754,-0.7147200107574463,4.2932000160217285,0.2897280156612396,-0.2123199999332428,-2.4739198684692383,0.5167999863624573
9.85,4.610300064086914,-19.601999282836914,1.6713999509811401,-0.7208399772644043,4.230000019073486,0.3025840222835541,-0.2787359952926636,-2.567199945449829,0.5117120146751404
9.86,4.610300064086914,-19.601999282836914,1.6713999509811401,-0.7208399772644043,4.230000019073486,0.3025840222835541,-0.2787359952926636,-2.567199945449829,0.5117120146751404
9.870000000000001,4.610300064086914,-19.601999282836914,1.6713999509811401,-0.7208399772644043,4.230000019073486,0.3025840222835541,-0.2787359952926636,-2.567199945449829,0.5117120146751404
9.88,4.592199802398682,-19.496999740600586,1.6792000532150269,-0.7286400198936462,4.16480016708374,0.315311998128891,-0.3442399799823761,-2.6592001914978027,0.5064799785614014
9.89,4.592199802398682,-19.496999740600586,1.6792000532150269,-0.7286400198936462,4.16480016708374,0.315311998128891,-0.3442399799823761,-2.6592001914978027,0.5064799785614014
9.9,4.57390022277832,-19.393999099731445,1.6871999502182007,-0.7380799651145935,4.0971999168396,0.32790401577949524,-0.408735990524292,-2.7494399547576904,0.5011039972305298
9.91,4.57390022277832,-19.393999099731445,1.6871999502182007,-0.7380799651145935,4.0971999168396,0.32790401577949524,-0.408735990524292,-2.7494399547576904,0.5011039972305298
9.92,4.57390022277832,-19.393999099731445,1.6871999502182007,-0.7380799651145935,4.0971999168396,0.32790401577949524,-0.408735990524292,-2.7494399547576904,0.5011039972305298
9.93,4.555300235748291,-19.29199981689453,1.6955000162124634,-0.7490800023078918,4.027200222015381,0.340364009141922,-0.4721760153770447,-2.838239908218384,0.49560001492500305
9.94,4.555300235748291,-19.29199981689453,1.6955000162124634,-0.7490800023078918,4.027200222015381,0.340364009141922,-0.4721760153770447,-2.838239908218384,0.49560001492500305
9.950000000000001,4.536399841308594,-19.191999435424805,1.704200029373169,-0.761680006980896,3.955199956893921,0.35268399119377136,-0.5344800353050232,-2.9252800941467285,0.4899679720401764
9.96,4.536399841308594,-19.191999435424805,1.704200029373169,-0.761680006980896,3.955199956893921,0.35268399119377136,-0.5344800353050232,-2.9252800941467285,0.4899679720401764
9.97,4.536399841308594,-19.191999435424805,1.704200029373169,-0.761680006980896,3.955199956893921,0.35268399119377136,-0.5344800353050232,-2.9252800941467285,0.4899679720401764
9.98,4.517199993133545,-19.094999313354492,1.7131999731063843,-0.7757999897003174,3.881000280380249,0.3648639917373657,-0.5955519676208496,-3.0107197761535645,0.48422399163246155
9.99,4.517199993133545,-19.094999313354492,1.7131999731063843,-0.7757999897003174,3.881000280380249,0.3648639917373657,-0.5955519676208496,-3.0107197761535645,0.48422399163246155
10.0,4.497600078582764,-18.99799919128418,1.722499966621399,-0.7914400100708008,3.8046798706054688,0.3768959939479828,-0.6553440093994141,-3.094399929046631,0.47836798429489136
10.01,4.497600078582764,-18.99799919128418,1.722499966621399,-0.7914400100708008,3.8046798706054688,0.3768959939479828,-0.6553440093994141,-3.094399929046631,0.47836798429489136
10.02,4.497600078582764,-18.99799919128418,1.722499966621399,-0.7914400100708008,3.8046798706054688,0.3768959939479828,-0.6553440093994141,-3.094399929046631,0.47836798429489136
10.03,4.47760009765625,-18.90399932861328,1.7319999933242798,-0.8085600137710571,3.7263200283050537,0.38877999782562256,-0.7137759923934937,-3.1761598587036133,0.4724159836769104
10.040000000000001,4.47760009765625,-18.90399932861328,1.7319999933242798,-0.8085600137710571,3.7263200283050537,0.38877999782562256,-0.7137759923934937,-3.1761598587036133,0.4724159836769104
10.05,4.457099914550781,-18.812000274658203,1.7418999671936035,-0.8271200060844421,3.6458802223205566,0.400519996881485,-0.7707679867744446,-3.256159782409668,0.46638399362564087
10.06,4.457099914550781,-18.812000274658203,1.7418999671936035,-0.8271200060844421,3.6458802223205566,0.400519996881485,-0.7707679867744446,-3.256159782409668,0.46638399362564087
10.07,4.457099914550781,-18.812000274658203,1.7418999671936035,-0.8271200060844421,3.6458802223205566,0.400519996881485,-0.7707679867744446,-3.256159782409668,0.46638399362564087
10.08,4.436200141906738,-18.722000122070312,1.7520999908447266,-0.8470800518989563,3.5635201930999756,0.4120800197124481,-0.8262719511985779,-3.334239959716797,0.4602719843387604
10.09,4.436200141906738,-18.722000122070312,1.7520999908447266,-0.8470800518989563,3.5635201930999756,0.4120800197124481,-0.8262719511985779,-3.334239959716797,0.4602719843387604
10.1,4.41480016708374,-18.634000778198242,1.7625000476837158,-0.8684000372886658,3.4792001247406006,0.4235199987888336,-0.8802079558372498,-3.410399913787842,0.4540799856185913
10.11,4.41480016708374,-18.634000778198242,1.7625000476837158,-0.8684000372886658,3.4792001247406006,0.4235199987888336,-0.8802079558372498,-3.410399913787842,0.4540799856185913
10.120000000000001,4.41480016708374,-18.634000778198242,1.7625000476837158,-0.8684000372886658,3.4792001247406006,0.4235199987888336,-0.8802079558372498,-3.410399913787842,0.4540799856185913
10.13,4.3927998542785645,-18.54800033569336,1.7732000350952148,-0.8910800218582153,3.3930001258850098,0.43479999899864197,-0.9325119853019714,-3.4844799041748047,0.44782397150993347
10.14,4.3927998542785645,-18.54800033569336,1.7732000350952148,-0.8910800218582153,3.3930001258850098,0.43479999899864197,-0.9325119853019714,-3.4844799041748047,0.44782397150993347
10.15,4.370200157165527,-18.464000701904297,1.7841999530792236,-0.9149999618530273,3.305000066757202,0.4459199905395508,-0.9831359386444092,-3.5564799308776855,0.44150397181510925
10.16,4.370200157165527,-18.464000701904297,1.7841999530792236,-0.9149999618530273,3.305000066757202,0.4459199905395508,-0.9831359386444092,-3.5564799308776855,0.44150397181510925
10.17,4.370200157165527,-18.464000701904297,1.7841999530792236,-0.9149999618530273,3.305000066757202,0.4459199905395508,-0.9831359386444092,-3.5564799308776855,0.44150397181510925
10.18,4.3470001220703125,-18.382999420166016,1.7955000400543213,-0.9402000308036804,3.215200185775757,0.45688000321388245,-1.0320159196853638,-3.626239776611328,0.43513599038124084
10.19,4.3470001220703125,-18.382999420166016,1.7955000400543213,-0.9402000308036804,3.215200185775757,0.45688000321388245,-1.0320159196853638,-3.626239776611328,0.43513599038124084
10.200000000000001,4.323200225830078,-18.304000854492188,1.8071000576019287,-0.9666000604629517,3.1236798763275146,0.4676799774169922,-1.0790879726409912,-3.694079875946045,0.42873600125312805
10.21,4.323200225830078,-18.304000854492188,1.8071000576019287,-0.9666000604629517,3.1236798763275146,0.4676799774169922,-1.0790879726409912,-3.694079875946045,0.42873600125312805
10.22,4.323200225830078,-18.304000854492188,1.8071000576019287,-0.9666000604629517,3.1236798763275146,0.4676799774169922,-1.0790879726409912,-3.694079875946045,0.42873600125312805
10.23,4.298699855804443,-18.226999282836914,1.8188999891281128,-0.994159996509552,3.03052020072937,0.4783199727535248,-1.124303936958313,-3.7595198154449463,0.4222880005836487
10.24,4.298699855804443,-18.226999282836914,1.8188999891281128,-0.994159996509552,3.03052020072937,0.4783199727535248,-1.124303936958313,-3.7595198154449463,0.4222880005836487
10.25,4.273499965667725,-18.152000427246094,1.8309999704360962,-1.0227999687194824,2.935720205307007,0.4888000190258026,-1.1676000356674194,-3.8228797912597656,0.4158079922199249
10.26,4.273499965667725,-18.152000427246094,1.8309999704360962,-1.0227999687194824,2.935720205307007,0.4888000190258026,-1.1676000356674194,-3.8228797912597656,0.4158079922199249
10.27,4.273499965667725,-18.152000427246094,1.8309999704360962,-1.0227999687194824,2.935720205307007,0.4888000190258026,-1.1676000356674194,-3.8228797912597656,0.4158079922199249
10.28,4.247499942779541,-18.079999923706055,1.8432999849319458,-1.0525200366973877,2.839400053024292,0.49911999702453613,-1.2089279890060425,-3.8838398456573486,0.409311980009079
10.290000000000001,4.247499942779541,-18.079999923706055,1.8432999849319458,-1.0525200366973877,2.839400053024292,0.49911999702453613,-1.2089279890060425,-3.8838398456573486,0.409311980009079
10.3,4.220799922943115,-18.010000228881836,1.8559000492095947,-1.083240032196045,2.7415599822998047,0.5092400312423706,-1.2482719421386719,-3.9425599575042725,0.40278398990631104
10.31,4.220799922943115,-18.010000228881836,1.8559000492095947,-1.083240032196045,2.7415599822998047,0.5092400312423706,-1.2482719421386719,-3.9425599575042725,0.40278398990631104
10.32,4.220799922943115,-18.010000228881836,1.8559000492095947,-1.083240032196045,2.7415599822998047,0.5092400312423706,-1.2482719421386719,-3.9425599575042725,0.40278398990631104
10.33,4.193399906158447,-17.94300079345703,1.8688000440597534,-1.1149200201034546,2.642280101776123,0.5192400217056274,-1.2855360507965088,-3.999039888381958,0.3962559700012207
10.34,4.193399906158447,-17.94300079345703,1.8688000440597534,-1.1149200201034546,2.642280101776123,0.5192400217056274,-1.2855360507965088,-3.999039888381958,0.3962559700012207
10.35,4.16510009765625,-17.878000259399414,1.8818999528884888,-1.1474800109863281,2.541640043258667,0.5290800333023071,-1.3207200765609741,-4.05295991897583,0.38971197605133057
10.36,4.16510009765625,-17.878000259399414,1.8818999528884888,-1.1474800109863281,2.541640043258667,0.5290800333023071,-1.3207200765609741,-4.05295991897583,0.38971197605133057
10.370000000000001,4.16510009765625,-17.878000259399414,1.8818999528884888,-1.1474800109863281,2.541640043258667,0.5290800333023071,-1.3207200765609741,-4.05295991897583,0.38971197605133057
10.38,4.136000156402588,-17.81599998474121,1.895300030708313,-1.1809200048446655,2.4396400451660156,0.5387200117111206,-1.353760004043579,-4.104479789733887,0.3831520080566406
10.39,4.136000156402588,-17.81599998474121,1.895300030708313,-1.1809200048446655,2.4396400451660156,0.5387200117111206,-1.353760004043579,-4.104479789733887,0.3831520080566406
10.4,4.105999946594238,-17.756000518798828,1.9088000059127808,-1.2151600122451782,2.336440086364746,0.5482400059700012,-1.3846399784088135,-4.153599739074707,0.3765919804573059
10.41,4.105999946594238,-17.756000518798828,1.9088000059127808,-1.2151600122451782,2.336440086364746,0.5482400059700012,-1.3846399784088135,-4.153599739074707,0.3765919804573059
10.42,4.105999946594238,-17.756000518798828,1.9088000059127808,-1.2151600122451782,2.336440086364746,0.5482400059700012,-1.3846399784088135,-4.153599739074707,0.3765919804573059
10.43,4.075200080871582,-17.698999404907227,1.922700047492981,-1.2501600980758667,2.2320001125335693,0.5575600266456604,-1.4132959842681885,-4.200160026550293,0.37004798650741577
10.44,4.075200080871582,-17.698999404907227,1.922700047492981,-1.2501600980758667,2.2320001125335693,0.5575600266456604,-1.4132959842681885,-4.200160026550293,0.37004798650741577
10.450000000000001,4.043499946594238,-17.643999099731445,1.9366999864578247,-1.2857999801635742,2.1264400482177734,0.5667200088500977,-1.4397279024124146,-4.244159698486328,0.36350399255752563
10.46,4.043499946594238,-17.643999099731445,1.9366999864578247,-1.2857999801635742,2.1264400482177734,0.5667200088500977,-1.4397279024124146,-4.244159698486328,0.36350399255752563
10.47,4.043499946594238,-17.643999099731445,1.9366999864578247,-1.2857999801635742,2.1264400482177734,0.5667200088500977,-1.4397279024124146,-4.244159698486328,0.36350399255752563
10.48,4.010900020599365,-17.593000411987305,1.9509999752044678,-1.3221200704574585,2.0197999477386475,0.5757200121879578,-1.4638879299163818,-4.285759925842285,0.3569599688053131
10.49,4.010900020599365,-17.593000411987305,1.9509999752044678,-1.3221200704574585,2.0197999477386475,0.5757200121879578,-1.4638879299163818,-4.285759925842285,0.3569599688053131
10.5,3.977400064468384,-17.54400062561035,1.965499997138977,-1.3590000867843628,1.9121999740600586,0.5845600366592407,-1.4857760667800903,-4.324639797210693,0.35043200850486755
10.51,3.977400064468384,-17.54400062561035,1.965499997138977,-1.3590000867843628,1.9121999740600586,0.5845600366592407,-1.4857760667800903,-4.324639797210693,0.35043200850486755
10.52,3.977400064468384,-17.54400062561035,1.965499997138977,-1.3590000867843628,1.9121999740600586,0.5845600366592407,-1.4857760667800903,-4.324639797210693,0.35043200850486755
10.53,3.943000078201294,-17.496999740600586,1.9802000522613525,-1.3963600397109985,1.8035999536514282,0.5932400226593018,-1.5053439140319824,-4.360960006713867,0.3439039885997772
10.540000000000001,3.943000078201294,-17.496999740600586,1.9802000522613525,-1.3963600397109985,1.8035999536514282,0.5932400226593018,-1.5053439140319824,-4.360960006713867,0.3439039885997772
10.55,3.907599925994873,-17.452999114990234,1.9952000379562378,-1.4342399835586548,1.6941601037979126,0.6017600297927856,-1.5225919485092163,-4.39471960067749,0.33739200234413147
10.56,3.907599925994873,-17.452999114990234,1.9952000379562378,-1.4342399835586548,1.6941601037979126,0.6017600297927856,-1.5225919485092163,-4.39471960067749,0.33739200234413147
10.57,3.907599925994873,-17.452999114990234,1.9952000379562378,-1.4342399835586548,1.6941601037979126,0.6017600297927856,-1.5225919485092163,-4.39471960067749,0.33739200234413147
10.58,3.871299982070923,-17.41200065612793,2.0102999210357666,-1.472480058670044,1.583880066871643,0.6101199984550476,-1.5374878644943237,-4.425920009613037,0.3309120237827301
10.59,3.871299982070923,-17.41200065612793,2.0102999210357666,-1.472480058670044,1.583880066871643,0.6101199984550476,-1.5374878644943237,-4.425920009613037,0.3309120237827301
10.6,3.8340001106262207,-17.374000549316406,2.025700092315674,-1.511080026626587,1.4728800058364868,0.6183199882507324,-1.5500479936599731,-4.454400062561035,0.32443198561668396
10.61,3.8340001106262207,-17.374000549316406,2.025700092315674,-1.511080026626587,1.4728800058364868,0.6183199882507324,-1.5500479936599731,-4.454400062561035,0.32443198561668396
10.620000000000001,3.8340001106262207,-17.374000549316406,2.025700092315674,-1.511080026626587,1.4728800058364868,0.6183199882507324,-1.5500479936599731,-4.454400062561035,0.32443198561668396
10.63,3.7957000732421875,-17.339000701904297,2.0411999225616455,-1.5499600172042847,1.3612000942230225,0.6263599991798401,-1.5602400302886963,-4.480159759521484,0.3179520070552826
10.64,3.7957000732421875,-17.339000701904297,2.0411999225616455,-1.5499600172042847,1.3612000942230225,0.6263599991798401,-1.5602400302886963,-4.480159759521484,0.3179520070552826
10.65,3.756500005722046,-17.305999755859375,2.056999921798706,-1.5890800952911377,1.2488800287246704,0.6342000365257263,-1.568079948425293,-4.503359794616699,0.3115040063858032
10.66,3.756500005722046,-17.305999755859375,2.056999921798706,-1.5890800952911377,1.2488800287246704,0.6342000365257263,-1.568079948425293,-4.503359794616699,0.3115040063858032
10.67,3.756500005722046,-17.305999755859375,2.056999921798706,-1.5890800952911377,1.2488800287246704,0.6342000365257263,-1.568079948425293,-4.503359794616699,0.3115040063858032
10.68,3.7163000106811523,-17.275999069213867,2.0729000568389893,-1.6283600330352783,1.1360400915145874,0.6419200301170349,-1.573551893234253,-4.523839950561523,0.30505600571632385
10.69,3.7163000106811523,-17.275999069213867,2.0729000568389893,-1.6283600330352783,1.1360400915145874,0.6419200301170349,-1.573551893234253,-4.523839950561523,0.30505600571632385
10.700000000000001,3.674999952316284,-17.249000549316406,2.089099884033203,-1.667720079421997,1.0227199792861938,0.6494800448417664,-1.5766559839248657,-4.541599750518799,0.2986239790916443
10.71,3.674999952316284,-17.249000549316406,2.089099884033203,-1.667720079421997,1.0227199792861938,0.6494800448417664,-1.5766559839248657,-4.541599750518799,0.2986239790916443
10.72,3.674999952316284,-17.249000549316406,2.089099884033203,-1.667720079421997,1.0227199792861938,0.6494800448417664,-1.5766559839248657,-4.541599750518799,0.2986239790916443
10.73,3.6328999996185303,-17.225000381469727,2.1054000854492188,-1.7071599960327148,0.909000039100647,0.6568400263786316,-1.577407956123352,-4.556640148162842,0.2921919822692871
10.74,3.6328999996185303,-17.225000381469727,2.1054000854492188,-1.7071599960327148,0.909000039100647,0.6568400263786316,-1.577407956123352,-4.556640148162842,0.2921919822692871
10.75,3.5896999835968018,-17.20400047302246,2.1219000816345215,-1.7466000318527222,0.794920027256012,0.664080023765564,-1.5758239030838013,-4.568959712982178,0.28575998544692993
10.76,3.5896999835968018,-17.20400047302246,2.1219000816345215,-1.7466000318527222,0.794920027256012,0.664080023765564,-1.5758239030838013,-4.568959712982178,0.28575998544692993
10.77,3.5896999835968018,-17.20400047302246,2.1219000816345215,-1.7466000318527222,0.794920027256012,0.664080023765564,-1.5758239030838013,-4.568959712982178,0.28575998544692993
10.78,3.5455000400543213,-17.184999465942383,2.1386001110076904,-1.785960078239441,0.6805600523948669,0.6711599826812744,-1.571903944015503,-4.5787200927734375,0.27934399247169495
10.790000000000001,3.5455000400543213,-17.184999465942383,2.1386001110076904,-1.785960078239441,0.6805600523948669,0.6711599826812744,-1.571903944015503,-4.5787200927734375,0.27934399247169495
10.8,3.5004000663757324,-17.170000076293945,2.1554999351501465,-1.825160026550293,0.5659999847412109,0.6780399680137634,-1.5656479597091675,-4.585599899291992,0.27292799949645996
10.81,3.5004000663757324,-17.170000076293945,2.1554999351501465,-1.825160026550293,0.5659999847412109,0.6780399680137634,-1.5656479597091675,-4.585599899291992,0.27292799949645996
10.82,3.5004000663757324,-17.170000076293945,2.1554999351501465,-1.825160026550293,0.5659999847412109,0.6780399680137634,-1.5656479597091675,-4.585599899291992,0.27292799949645996
10.83,3.4542999267578125,-17.156999588012695,2.172499895095825,-1.8641999959945679,0.45131999254226685,0.6848000288009644,-1.5571039915084839,-4.5899200439453125,0.2664959728717804
10.84,3.4542999267578125,-17.156999588012695,2.172499895095825,-1.8641999959945679,0.45131999254226685,0.6848000288009644,-1.5571039915084839,-4.5899200439453125,0.2664959728717804
10.85,3.4072000980377197,-17.14699935913086,2.18969988822937,-1.9030001163482666,0.33653199672698975,0.6913599967956543,-1.5462719202041626,-4.591519832611084,0.2600480020046234
10.86,3.4072000980377197,-17.14699935913086,2.18969988822937,-1.9030001163482666,0.33653199672698975,0.6913599967956543,-1.5462719202041626,-4.591519832611084,0.2600480020046234
10.870000000000001,3.4072000980377197,-17.14699935913086,2.18969988822937,-1.9030001163482666,0.33653199672698975,0.6913599967956543,-1.5462719202041626,-4.591519832611084,0.2600480020046234
10.88,3.359100103378296,-17.139999389648438,2.2070999145507812,-1.941480040550232,0.22175200283527374,0.6978000402450562,-1.5331840515136719,-4.590400218963623,0.25360000133514404
10.89,3.359100103378296,-17.139999389648438,2.2070999145507812,-1.941480040550232,0.22175200283527374,0.6978000402450562,-1.5331840515136719,-4.590400218963623,0.25360000133514404
10.9,3.3101000785827637,-17.13599967956543,2.224600076675415,-1.979640007019043,0.10703599452972412,0.704039990901947,-1.5178560018539429,-4.586559772491455,0.24713599681854248
10.91,3.3101000785827637,-17.13599967956543,2.224600076675415,-1.979640007019043,0.10703599452972412,0.704039990901947,-1.5178560018539429,-4.586559772491455,0.24713599681854248
10.92,3.3101000785827637,-17.13599967956543,2.224600076675415,-1.979640007019043,0.10703599452972412,0.704039990901947,-1.5178560018539429,-4.586559772491455,0.24713599681854248
10.93,3.260200023651123,-17.135000228881836,2.242300033569336,-2.017359972000122,-0.007553599774837494,0.7101600170135498,-1.500335931777954,-4.579999923706055,0.24063998460769653
10.94,3.260200023651123,-17.135000228881836,2.242300033569336,-2.017359972000122,-0.007553599774837494,0.7101600170135498,-1.500335931777954,-4.579999923706055,0.24063998460769653
10.950000000000001,3.2093000411987305,-17.136999130249023,2.2600998878479004,-2.054640054702759,-0.1219480037689209,0.7160800099372864,-1.4806238412857056,-4.570879936218262,0.2341119945049286
10.96,3.2093000411987305,-17.136999130249023,2.2600998878479004,-2.054640054702759,-0.1219480037689209,0.7160800099372864,-1.4806238412857056,-4.570879936218262,0.2341119945049286
10.97,3.2093000411987305,-17.136999130249023,2.2600998878479004,-2.054640054702759,-0.1219480037689209,0.7160800099372864,-1.4806238412857056,-4.570879936218262,0.2341119945049286
10.98,3.157399892807007,-17.141000747680664,2.27810001373291,-2.091399908065796,-0.2360759973526001,0.7218400239944458,-1.4587839841842651,-4.55903959274292,0.22755198180675507
10.99,3.157399892807007,-17.141000747680664,2.27810001373291,-2.091399908065796,-0.2360759973526001,0.7218400239944458,-1.4587839841842651,-4.55903959274292,0.22755198180675507
11.0,3.1047000885009766,-17.148000717163086,2.2962000370025635,-2.1275601387023926,-0.34988000988960266,0.7274400591850281,-1.434831976890564,-4.544639587402344,0.22096000611782074
11.01,3.1047000885009766,-17.148000717163086,2.2962000370025635,-2.1275601387023926,-0.34988000988960266,0.7274400591850281,-1.434831976890564,-4.544639587402344,0.22096000611782074
11.02,3.1047000885009766,-17.148000717163086,2.2962000370025635,-2.1275601387023926,-0.34988000988960266,0.7274400591850281,-1.434831976890564,-4.544639587402344,0.22096000611782074
11.03,3.051100015640259,-17.159000396728516,2.314500093460083,-2.1631200313568115,-0.4632800221443176,0.7328800559043884,-1.4088159799575806,-4.527520179748535,0.21431998908519745
11.040000000000001,3.051100015640259,-17.159000396728516,2.314500093460083,-2.1631200313568115,-0.4632800221443176,0.7328800559043884,-1.4088159799575806,-4.527520179748535,0.21431998908519745
11.05,2.996500015258789,-17.172000885009766,2.3327999114990234,-2.197999954223633,-0.5762400031089783,0.7381600141525269,-1.3807679414749146,-4.507839679718018,0.20761600136756897
11.06,2.996500015258789,-17.172000885009766,2.3327999114990234,-2.197999954223633,-0.5762400031089783,0.7381600141525269,-1.3807679414749146,-4.507839679718018,0.20761600136756897
11.07,2.996500015258789,-17.172000885009766,2.3327999114990234,-2.197999954223633,-0.5762400031089783,0.7381600141525269,-1.3807679414749146,-4.507839679718018,0.20761600136756897
11.08,2.941200017929077,-17.187000274658203,2.3513998985290527,-2.2321200370788574,-0.6886400580406189,0.7432799935340881,-1.3507359027862549,-4.485599994659424,0.20086398720741272
11.09,2.941200017929077,-17.187000274658203,2.3513998985290527,-2.2321200370788574,-0.6886400580406189,0.7432799935340881,-1.3507359027862549,-4.485599994659424,0.20086398720741272
11.1,2.8849000930786133,-17.20599937438965,2.369999885559082,-2.265519857406616,-0.8004800081253052,0.748199999332428,-1.3187519311904907,-4.460639953613281,0.1940319985151291
11.11,2.8849000930786133,-17.20599937438965,2.369999885559082,-2.265519857406616,-0.8004800081253052,0.748199999332428,-1.3187519311904907,-4.460639953613281,0.1940319985151291
11.120000000000001,2.8849000930786133,-17.20599937438965,2.369999885559082,-2.265519857406616,-0.8004800081253052,0.748199999332428,-1.3187519311904907,-4.460639953613281,0.1940319985151291
11.13,2.827899932861328,-17.226999282836914,2.3887999057769775,-2.2980401515960693,-0.9116800427436829,0.7529600262641907,-1.2848800420761108,-4.433279991149902,0.18715199828147888
11.14,2.827899932861328,-17.226999282836914,2.3887999057769775,-2.2980401515960693,-0.9116800427436829,0.7529600262641907,-1.2848800420761108,-4.433279991149902,0.18715199828147888
11.15,2.7699999809265137,-17.25200080871582,2.4077000617980957,-2.3297200202941895,-1.0221199989318848,0.7575600147247314,-1.249168038368225,-4.403359889984131,0.1801759898662567
11.16,2.7699999809265137,-17.25200080871582,2.4077000617980957,-2.3297200202941895,-1.0221199989318848,0.7575600147247314,-1.249168038368225,-4.403359889984131,0.1801759898662567
11.17,2.7699999809265137,-17.25200080871582,2.4077000617980957,-2.3297200202941895,-1.0221199989318848,0.7575600147247314,-1.249168038368225,-4.403359889984131,0.1801759898662567
11.18,2.711400032043457,-17.277999877929688,2.4265999794006348,-2.3604800701141357,-1.1318000555038452,0.7620000243186951,-1.2116639614105225,-4.370880126953125,0.17310400307178497
11.19,2.711400032043457,-17.277999877929688,2.4265999794006348,-2.3604800701141357,-1.1318000555038452,0.7620000243186951,-1.2116639614105225,-4.370880126953125,0.17310400307178497
11.200000000000001,2.6519999504089355,-17.308000564575195,2.4458000659942627,-2.390320062637329,-1.2406400442123413,0.7662400007247925,-1.1723999977111816,-4.335840225219727,0.16595199704170227
11.21,2.6519999504089355,-17.308000564575195,2.4458000659942627,-2.390320062637329,-1.2406400442123413,0.7662400007247925,-1.1723999977111816,-4.335840225219727,0.16595199704170227
11.22,2.6519999504089355,-17.308000564575195,2.4458000659942627,-2.390320062637329,-1.2406400442123413,0.7662400007247925,-1.1723999977111816,-4.335840225219727,0.16595199704170227
11.23,2.591900110244751,-17.34000015258789,2.4649999141693115,-2.4191200733184814,-1.3486000299453735,0.7702800035476685,-1.1314560174942017,-4.298399925231934,0.15869759023189545
11.24,2.591900110244751,-17.34000015258789,2.4649999141693115,-2.4191200733184814,-1.3486000299453735,0.7702800035476685,-1.1314560174942017,-4.298399925231934,0.15869759023189545
11.25,2.531100034713745,-17.375999450683594,2.484299898147583,-2.4468801021575928,-1.4555600881576538,0.7741600275039673,-1.088879942893982,-4.258559703826904,0.15133118629455566
11.26,2.531100034713745,-17.375999450683594,2.484299898147583,-2.4468801021575928,-1.4555600881576538,0.7741600275039673,-1.088879942893982,-4.258559703826904,0.15133118629455566
11.27,2.531100034713745,-17.375999450683594,2.484299898147583,-2.4468801021575928,-1.4555600881576538,0.7741600275039673,-1.088879942893982,-4.258559703826904,0.15133118629455566
11.28,2.469599962234497,-17.413000106811523,2.503700017929077,-2.473520040512085,-1.5614800453186035,0.7778400182723999,-1.044719934463501,-4.216479778289795,0.1438480019569397
11.290000000000001,2.469599962234497,-17.413000106811523,2.503700017929077,-2.473520040512085,-1.5614800453186035,0.7778400182723999,-1.044719934463501,-4.216479778289795,0.1438480019569397
11.3,2.407399892807007,-17.45400047302246,2.523200035095215,-2.499080181121826,-1.6663601398468018,0.7813600301742554,-0.9990399479866028,-4.171839714050293,0.13623999059200287
11.31,2.407399892807007,-17.45400047302246,2.523200035095215,-2.499080181121826,-1.6663601398468018,0.7813600301742554,-0.9990399479866028,-4.171839714050293,0.13623999059200287
11.32,2.407399892807007,-17.45400047302246,2.523200035095215,-2.499080181121826,-1.6663601398468018,0.7813600301742554,-0.9990399479866028,-4.171839714050293,0.13623999059200287
11.33,2.344599962234497,-17.496999740600586,2.5427000522613525,-2.523480176925659,-1.7700799703598022,0.7846800088882446,-0.9519039988517761,-4.124800205230713,0.12849919497966766
11.34,2.344599962234497,-17.496999740600586,2.5427000522613525,-2.523480176925659,-1.7700799703598022,0.7846800088882446,-0.9519039988517761,-4.124800205230713,0.12849919497966766
11.35,2.2811999320983887,-17.54199981689453,2.5624001026153564,-2.546680212020874,-1.8725999593734741,0.7877600193023682,-0.9033759832382202,-4.075679779052734,0.12061920017004013
11.36,2.2811999320983887,-17.54199981689453,2.5624001026153564,-2.546680212020874,-1.8725999593734741,0.7877600193023682,-0.9033759832382202,-4.075679779052734,0.12061920017004013
11.370000000000001,2.2811999320983887,-17.54199981689453,2.5624001026153564,-2.546680212020874,-1.8725999593734741,0.7877600193023682,-0.9033759832382202,-4.075679779052734,0.12061920017004013
11.38,2.2172999382019043,-17.59000015258789,2.5820999145507812,-2.5686399936676025,-1.9738399982452393,0.7906799912452698,-0.8535040020942688,-4.024159908294678,0.11259039491415024
11.39,2.2172999382019043,-17.59000015258789,2.5820999145507812,-2.5686399936676025,-1.9738399982452393,0.7906799912452698,-0.8535040020942688,-4.024159908294678,0.11259039491415024
11.4,2.1528000831604004,-17.641000747680664,2.601900100708008,-2.589319944381714,-2.0737600326538086,0.79339998960495,-0.8023679852485657,-3.970400094985962,0.10440640151500702
11.41,2.1528000831604004,-17.641000747680664,2.601900100708008,-2.589319944381714,-2.0737600326538086,0.79339998960495,-0.8023679852485657,-3.970400094985962,0.10440640151500702
11.42,2.1528000831604004,-17.641000747680664,2.601900100708008,-2.589319944381714,-2.0737600326538086,0.79339998960495,-0.8023679852485657,-3.970400094985962,0.10440640151500702
11.43,2.0878000259399414,-17.694000244140625,2.621799945831299,-2.608760118484497,-2.1723201274871826,0.7959200143814087,-0.7500319480895996,-3.9143998622894287,0.09605919569730759
11.44,2.0878000259399414,-17.694000244140625,2.621799945831299,-2.608760118484497,-2.1723201274871826,0.7959200143814087,-0.7500319480895996,-3.9143998622894287,0.09605919569730759
11.450000000000001,2.02239990234375,-17.749000549316406,2.641700029373169,-2.626840114593506,-2.269479990005493,0.7982000112533569,-0.6965759992599487,-3.8563199043273926,0.08754079788923264
11.46,2.02239990234375,-17.749000549316406,2.641700029373169,-2.626840114593506,-2.269479990005493,0.7982000112533569,-0.6965759992599487,-3.8563199043273926,0.08754079788923264
11.47,2.02239990234375,-17.749000549316406,2.641700029373169,-2.626840114593506,-2.269479990005493,0.7982000112533569,-0.6965759992599487,-3.8563199043273926,0.08754079788923264
11.48,1.9565000534057617,-17.80699920654297,2.6617000102996826,-2.6435601711273193,-2.3651199340820312,0.8002800345420837,-0.6420320272445679,-3.7961599826812744,0.07884159684181213
11.49,1.9565000534057617,-17.80699920654297,2.6617000102996826,-2.6435601711273193,-2.3651199340820312,0.8002800345420837,-0.6420320272445679,-3.7961599826812744,0.07884159684181213
11.5,1.8902000188827515,-17.868000030517578,2.6816999912261963,-2.6589200496673584,-2.459239959716797,0.8021599650382996,-0.5864959955215454,-3.733759880065918,0.06995679438114166
11.51,1.8902000188827515,-17.868000030517578,2.6816999912261963,-2.6589200496673584,-2.459239959716797,0.8021599650382996,-0.5864959955215454,-3.733759880065918,0.06995679438114166
11.52,1.8902000188827515,-17.868000030517578,2.6816999912261963,-2.6589200496673584,-2.459239959716797,0.8021599650382996,-0.5864959955215454,-3.733759880065918,0.06995679438114166
11.53,1.8236000537872314,-17.93000030517578,2.7018001079559326,-2.672879934310913,-2.551800012588501,0.8038000464439392,-0.5300159454345703,-3.6694400310516357,0.06087679788470268
11.540000000000001,1.8236000537872314,-17.93000030517578,2.7018001079559326,-2.672879934310913,-2.551800012588501,0.8038000464439392,-0.5300159454345703,-3.6694400310516357,0.06087679788470268
11.55,1.756600022315979,-17.9950008392334,2.72189998626709,-2.6854000091552734,-2.6427199840545654,0.8052000403404236,-0.4726879894733429,-3.6030397415161133,0.05159519985318184
11.56,1.756600022315979,-17.9950008392334,2.72189998626709,-2.6854000091552734,-2.6427199840545654,0.8052000403404236,-0.4726879894733429,-3.6030397415161133,0.05159519985318184
11.57,1.756600022315979,-17.9950008392334,2.72189998626709,-2.6854000091552734,-2.6427199840545654,0.8052000403404236,-0.4726879894733429,-3.6030397415161133,0.05159519985318184
11.58,1.6892999410629272,-18.062000274658203,2.7421000003814697,-2.6965200901031494,-2.731920003890991,0.8063599467277527,-0.41457599401474,-3.534719705581665,0.042103998363018036
11.59,1.6892999410629272,-18.062000274658203,2.7421000003814697,-2.6965200901031494,-2.731920003890991,0.8063599467277527,-0.41457599401474,-3.534719705581665,0.042103998363018036
11.6,1.6217999458312988,-18.131999969482422,2.762200117111206,-2.706120014190674,-2.8194401264190674,0.8072800040245056,-0.35574400424957275,-3.464479923248291,0.03239680081605911
11.61,1.6217999458312988,-18.131999969482422,2.762200117111206,-2.706120014190674,-2.8194401264190674,0.8072800040245056,-0.35574400424957275,-3.464479923248291,0.03239680081605911
11.620000000000001,1.6217999458312988,-18.131999969482422,2.762200117111206,-2.706120014190674,-2.8194401264190674,0.8072800040245056,-0.35574400424957275,-3.464479923248291,0.03239680081605911
11.63,1.5540000200271606,-18.202999114990234,2.782399892807007,-2.714279890060425,-2.9051599502563477,0.807960033416748,-0.2962719798088074,-3.392319917678833,0.022465599700808525
11.64,1.5540000200271606,-18.202999114990234,2.782399892807007,-2.714279890060425,-2.9051599502563477,0.807960033416748,-0.2962719798088074,-3.392319917678833,0.022465599700808525
11.65,1.4860999584197998,-18.277000427246094,2.8025999069213867,-2.7209601402282715,-2.9890401363372803,0.8083999752998352,-0.23623999953269958,-3.3183999061584473,0.0123023996129632
11.66,1.4860999584197998,-18.277000427246094,2.8025999069213867,-2.7209601402282715,-2.9890401363372803,0.8083999752998352,-0.23623999953269958,-3.3183999061584473,0.0123023996129632
11.67,1.4860999584197998,-18.277000427246094,2.8025999069213867,-2.7209601402282715,-2.9890401363372803,0.8083999752998352,-0.23623999953269958,-3.3183999061584473,0.0123023996129632
11.68,1.4179999828338623,-18.35300064086914,2.8227999210357666,-2.7260799407958984,-3.071039915084839,0.8086000680923462,-0.175711989402771,-3.242719888687134,0.0019022399792447686
11.69,1.4179999828338623,-18.35300064086914,2.8227999210357666,-2.7260799407958984,-3.071039915084839,0.8086000680923462,-0.175711989402771,-3.242719888687134,0.0019022399792447686
11.700000000000001,1.3497999906539917,-18.430999755859375,2.843100070953369,-2.729719877243042,-3.1511600017547607,0.8085200190544128,-0.1147535964846611,-3.1652801036834717,-0.008742399513721466
11.71,1.3497999906539917,-18.430999755859375,2.843100070953369,-2.729719877243042,-3.1511600017547607,0.8085200190544128,-0.1147535964846611,-3.1652801036834717,-0.008742399513721466
11.72,1.3497999906539917,-18.430999755859375,2.843100070953369,-2.729719877243042,-3.1511600017547607,0.8085200190544128,-0.1147535964846611,-3.1652801036834717,-0.008742399513721466
11.73,1.281499981880188,-18.510000228881836,2.863300085067749,-2.731839895248413,-3.2293202877044678,0.8081600069999695,-0.0534575991332531,-3.0860798358917236,-0.01963840052485466
11.74,1.281499981880188,-18.510000228881836,2.863300085067749,-2.731839895248413,-3.2293202877044678,0.8081600069999695,-0.0534575991332531,-3.0860798358917236,-0.01963840052485466
11.75,1.2131999731063843,-18.591999053955078,2.883500099182129,-2.7323999404907227,-3.3054401874542236,0.8075200319290161,0.00810655951499939,-3.0054399967193604,-0.03079039976000786
11.76,1.2131999731063843,-18.591999053955078,2.883500099182129,-2.7323999404907227,-3.3054401874542236,0.8075200319290161,0.00810655951499939,-3.0054399967193604,-0.03079039976000786
11.77,1.2131999731063843,-18.591999053955078,2.883500099182129,-2.7323999404907227,-3.3054401874542236,0.8075200319290161,0.00810655951499939,-3.0054399967193604,-0.03079039976000786
11.78,1.1448999643325806,-18.676000595092773,2.903599977493286,-2.7314400672912598,-3.3795602321624756,0.806600034236908,0.06986399739980698,-2.923039674758911,-0.04220639914274216
11.790000000000001,1.1448999643325806,-18.676000595092773,2.903599977493286,-2.7314400672912598,-3.3795602321624756,0.806600034236908,0.06986399739980698,-2.923039674758911,-0.04220639914274216
11.8,1.07669997215271,-18.76099967956543,2.923799991607666,-2.7289199829101562,-3.4515998363494873,0.805400013923645,0.1317376047372818,-2.8390398025512695,-0.053891200572252274
11.81,1.07669997215271,-18.76099967956543,2.923799991607666,-2.7289199829101562,-3.4515998363494873,0.805400013923645,0.1317376047372818,-2.8390398025512695,-0.053891200572252274
11.82,1.07669997215271,-18.76099967956543,2.923799991607666,-2.7289199829101562,-3.4515998363494873,0.805400013923645,0.1317376047372818,-2.8390398025512695,-0.053891200572252274
11.83,1.0084999799728394,-18.847999572753906,2.9439001083374023,-2.724839925765991,-3.521519899368286,0.8039199709892273,0.19364799559116364,-2.7535998821258545,-0.06585120409727097
11.84,1.0084999799728394,-18.847999572753906,2.9439001083374023,-2.724839925765991,-3.521519899368286,0.8039199709892273,0.19364799559116364,-2.7535998821258545,-0.06585120409727097
11.85,0.9404299855232239,-18.937000274658203,2.9639999866485596,-2.7192399501800537,-3.589279890060425,0.8021200299263,0.2555359899997711,-2.666879892349243,-0.07808959484100342
11.86,0.9404299855232239,-18.937000274658203,2.9639999866485596,-2.7192399501800537,-3.589279890060425,0.8021200299263,0.2555359899997711,-2.666879892349243,-0.07808959484100342
11.870000000000001,0.9404299855232239,-18.937000274658203,2.9639999866485596,-2.7192399501800537,-3.589279890060425,0.8021200299263,0.2555359899997711,-2.666879892349243,-0.07808959484100342
11.88,0.8725299835205078,-19.027999877929688,2.9839999675750732,-2.7120399475097656,-3.6548402309417725,0.800000011920929,0.31729599833488464,-2.5785598754882812,-0.09061279892921448
11.89,0.8725299835205078,-19.027999877929688,2.9839999675750732,-2.7120399475097656,-3.6548402309417725,0.800000011920929,0.31729599833488464,-2.5785598754882812,-0.09061279892921448
11.9,0.8048400282859802,-19.1200008392334,3.003999948501587,-2.703360080718994,-3.7181599140167236,0.7975999712944031,0.37887999415397644,-2.488959789276123,-0.10342559218406677
11.91,0.8048400282859802,-19.1200008392334,3.003999948501587,-2.703360080718994,-3.7181599140167236,0.7975999712944031,0.37887999415397644,-2.488959789276123,-0.10342559218406677
11.92,0.8048400282859802,-19.1200008392334,3.003999948501587,-2.703360080718994,-3.7181599140167236,0.7975999712944031,0.37887999415397644,-2.488959789276123,-0.10342559218406677
11.93,0.7373800277709961,-19.21299934387207,3.023900032043457,-2.693120002746582,-3.779280185699463,0.7948400378227234,0.44019198417663574,-2.3980798721313477,-0.11653280258178711
11.94,0.7373800277709961,-19.21299934387207,3.023900032043457,-2.693120002746582,-3.779280185699463,0.7948400378227234,0.44019198417663574,-2.3980798721313477,-0.11653280258178711
11.950000000000001,0.6701899766921997,-19.30900001525879,3.0436999797821045,-2.6813600063323975,-3.8380799293518066,0.7917600274085999,0.5011679530143738,-2.306079864501953,-0.12993760406970978
11.96,0.6701899766921997,-19.30900001525879,3.0436999797821045,-2.6813600063323975,-3.8380799293518066,0.7917600274085999,0.5011679530143738,-2.306079864501953,-0.12993760406970978
11.97,0.6701899766921997,-19.30900001525879,3.0436999797821045,-2.6813600063323975,-3.8380799293518066,0.7917600274085999,0.5011679530143738,-2.306079864501953,-0.12993760406970978
11.98,0.6033200025558472,-19.405000686645508,3.063499927520752,-2.6680800914764404,-3.894559860229492,0.788320004940033,0.5617279410362244,-2.2128000259399414,-0.14364159107208252
11.99,0.6033200025558472,-19.405000686645508,3.063499927520752,-2.6680800914764404,-3.894559860229492,0.788320004940033,0.5617279410362244,-2.2128000259399414,-0.14364159107208252
12.0,0.5368000268936157,-19.503000259399414,3.0831000804901123,-2.653280019760132,-3.9487202167510986,0.7845600247383118,0.6218079924583435,-2.1182401180267334,-0.15765279531478882
12.01,0.5368000268936157,-19.503000259399414,3.0831000804901123,-2.653280019760132,-3.9487202167510986,0.7845600247383118,0.6218079924583435,-2.1182401180267334,-0.15765279531478882
12.02,0.5368000268936157,-19.503000259399414,3.0831000804901123,-2.653280019760132,-3.9487202167510986,0.7845600247383118,0.6218079924583435,-2.1182401180267334,-0.15765279531478882
12.030000000000001,0.47067001461982727,-19.60300064086914,3.1026999950408936,-2.636960029602051,-4.000400066375732,0.7804400324821472,0.6813120245933533,-2.0228798389434814,-0.1719679981470108
12.040000000000001,0.47067001461982727,-19.60300064086914,3.1026999950408936,-2.636960029602051,-4.000400066375732,0.7804400324821472,0.6813120245933533,-2.0228798389434814,-0.1719679981470108
12.05,0.4049699902534485,-19.702999114990234,3.1221001148223877,-2.6191999912261963,-4.050000190734863,0.7759600281715393,0.7401760220527649,-1.9262398481369019,-0.1865919977426529
12.06,0.4049699902534485,-19.702999114990234,3.1221001148223877,-2.6191999912261963,-4.050000190734863,0.7759600281715393,0.7401760220527649,-1.9262398481369019,-0.1865919977426529
12.07,0.4049699902534485,-19.702999114990234,3.1221001148223877,-2.6191999912261963,-4.050000190734863,0.7759600281715393,0.7401760220527649,-1.9262398481369019,-0.1865919977426529
12.08,0.3397200107574463,-19.80500030517578,3.1414999961853027,-2.5999600887298584,-4.096799850463867,0.771120011806488,0.7983199954032898,-1.8287999629974365,-0.20153599977493286
12.09,0.3397200107574463,-19.80500030517578,3.1414999961853027,-2.5999600887298584,-4.096799850463867,0.771120011806488,0.7983199954032898,-1.8287999629974365,-0.20153599977493286
12.1,0.27498000860214233,-19.908000946044922,3.1607000827789307,-2.579280138015747,-4.141200065612793,0.7658800482749939,0.8556960225105286,-1.7303998470306396,-0.21678400039672852
12.11,0.27498000860214233,-19.908000946044922,3.1607000827789307,-2.579280138015747,-4.141200065612793,0.7658800482749939,0.8556960225105286,-1.7303998470306396,-0.21678400039672852
12.120000000000001,0.27498000860214233,-19.908000946044922,3.1607000827789307,-2.579280138015747,-4.141200065612793,0.7658800482749939,0.8556960225105286,-1.7303998470306396,-0.21678400039672852
12.13,0.21076999604701996,-20.011999130249023,3.179800033569336,-2.5572001934051514,-4.183200359344482,0.7602800130844116,0.9122080206871033,-1.6311999559402466,-0.23235200345516205
12.14,0.21076999604701996,-20.011999130249023,3.179800033569336,-2.5572001934051514,-4.183200359344482,0.7602800130844116,0.9122080206871033,-1.6311999559402466,-0.23235200345516205
12.15,0.14712999761104584,-20.117000579833984,3.198699951171875,-2.533679962158203,-4.222800254821777,0.7542800307273865,0.9677760004997253,-1.5311039686203003,-0.24823999404907227
12.16,0.14712999761104584,-20.117000579833984,3.198699951171875,-2.533679962158203,-4.222800254821777,0.7542800307273865,0.9677760004997253,-1.5311039686203003,-0.24823999404907227
12.17,0.14712999761104584,-20.117000579833984,3.198699951171875,-2.533679962158203,-4.222800254821777,0.7542800307273865,0.9677760004997253,-1.5311039686203003,-0.24823999404907227
12.18,0.08409799635410309,-20.222999572753906,3.2174999713897705,-2.5088000297546387,-4.259999752044678,0.7478400468826294,1.0223519802093506,-1.4302879571914673,-0.26443198323249817
12.19,0.08409799635410309,-20.222999572753906,3.2174999713897705,-2.5088000297546387,-4.259999752044678,0.7478400468826294,1.0223519802093506,-1.4302879571914673,-0.26443198323249817
12.200000000000001,0.021702000871300697,-20.329999923706055,3.2360999584198,-2.482599973678589,-4.294400215148926,0.7410399913787842,1.0758559703826904,-1.3287999629974365,-0.28094398975372314
12.21,0.021702000871300697,-20.329999923706055,3.2360999584198,-2.482599973678589,-4.294400215148926,0.7410399913787842,1.0758559703826904,-1.3287999629974365,-0.28094398975372314
12.22,0.021702000871300697,-20.329999923706055,3.2360999584198,-2.482599973678589,-4.294400215148926,0.7410399913787842,1.0758559703826904,-1.3287999629974365,-0.28094398975372314
12.23,-0.04002000018954277,-20.437999725341797,3.254499912261963,-2.4550399780273438,-4.326400279998779,0.7337999939918518,1.1282240152359009,-1.2266559600830078,-0.2977759838104248
12.24,-0.04002000018954277,-20.437999725341797,3.254499912261963,-2.4550399780273438,-4.326400279998779,0.7337999939918518,1.1282240152359009,-1.2266559600830078,-0.2977759838104248
12.25,-0.10103999823331833,-20.547000885009766,3.2727999687194824,-2.4261999130249023,-4.355599880218506,0.7261599898338318,1.1793760061264038,-1.123952031135559,-0.31491199135780334
12.26,-0.10103999823331833,-20.547000885009766,3.2727999687194824,-2.4261999130249023,-4.355599880218506,0.7261599898338318,1.1793760061264038,-1.123952031135559,-0.31491199135780334
12.27,-0.10103999823331833,-20.547000885009766,3.2727999687194824,-2.4261999130249023,-4.355599880218506,0.7261599898338318,1.1793760061264038,-1.123952031135559,-0.31491199135780334
12.280000000000001,-0.16132000088691711,-20.6560001373291,3.290800094604492,-2.3960800170898438,-4.382400035858154,0.7180799841880798,1.2292640209197998,-1.020703911781311,-0.33236801624298096
12.290000000000001,-0.16132000088691711,-20.6560001373291,3.290800094604492,-2.3960800170898438,-4.382400035858154,0.7180799841880798,1.2292640209197998,-1.020703911781311,-0.33236801624298096
12.3,-0.22082999348640442,-20.766000747680664,3.3087000846862793,-2.364720106124878,-4.406800270080566,0.7095200419425964,1.277791976928711,-0.9170079827308655,-0.3501279652118683
12.31,-0.22082999348640442,-20.766000747680664,3.3087000846862793,-2.364720106124878,-4.406800270080566,0.7095200419425964,1.277791976928711,-0.9170079827308655,-0.3501279652118683
12.32,-0.22082999348640442,-20.766000747680664,3.3087000846862793,-2.364720106124878,-4.406800270080566,0.7095200419425964,1.277791976928711,-0.9170079827308655,-0.3501279652118683
12.33,-0.2795499861240387,-20.875999450683594,3.3262999057769775,-2.332200050354004,-4.428400039672852,0.7005600333213806,1.3249279260635376,-0.8128799796104431,-0.36819198727607727
12.34,-0.2795499861240387,-20.875999450683594,3.3262999057769775,-2.332200050354004,-4.428400039672852,0.7005600333213806,1.3249279260635376,-0.8128799796104431,-0.36819198727607727
12.35,-0.3374300003051758,-20.98699951171875,3.3436999320983887,-2.2984800338745117,-4.447200298309326,0.6911200284957886,1.3705919981002808,-0.7083999514579773,-0.38655996322631836
12.36,-0.3374300003051758,-20.98699951171875,3.3436999320983887,-2.2984800338745117,-4.447200298309326,0.6911200284957886,1.3705919981002808,-0.7083999514579773,-0.38655996322631836
12.370000000000001,-0.3374300003051758,-20.98699951171875,3.3436999320983887,-2.2984800338745117,-4.447200298309326,0.6911200284957886,1.3705919981002808,-0.7083999514579773,-0.38655996322631836
12.38,-0.394459992647171,-21.097999572753906,3.3608999252319336,-2.2636802196502686,-4.463600158691406,0.6812400221824646,1.4147199392318726,-0.6036159992218018,-0.4052159786224365
12.39,-0.394459992647171,-21.097999572753906,3.3608999252319336,-2.2636802196502686,-4.463600158691406,0.6812400221824646,1.4147199392318726,-0.6036159992218018,-0.4052159786224365
12.4,-0.4506100118160248,-21.209999084472656,3.3777999877929688,-2.227760076522827,-4.47760009765625,0.6708399653434753,1.4572478532791138,-0.49859198927879333,-0.4241759777069092
12.41,-0.4506100118160248,-21.209999084472656,3.3777999877929688,-2.227760076522827,-4.47760009765625,0.6708399653434753,1.4572478532791138,-0.49859198927879333,-0.4241759777069092
12.42,-0.4506100118160248,-21.209999084472656,3.3777999877929688,-2.227760076522827,-4.47760009765625,0.6708399653434753,1.4572478532791138,-0.49859198927879333,-0.4241759777069092
12.43,-0.505840003490448,-21.32200050354004,3.394399881362915,-2.190840005874634,-4.488800048828125,0.6600000262260437,1.4981440305709839,-0.3933759927749634,-0.4434239864349365
12.44,-0.505840003490448,-21.32200050354004,3.394399881362915,-2.190840005874634,-4.488800048828125,0.6600000262260437,1.4981440305709839,-0.3933759927749634,-0.4434239864349365
12.450000000000001,-0.5601400136947632,-21.434999465942383,3.410799980163574,-2.1528799533843994,-4.497200012207031,0.6486800312995911,1.5373120307922363,-0.28803199529647827,-0.462943971157074
12.46,-0.5601400136947632,-21.434999465942383,3.410799980163574,-2.1528799533843994,-4.497200012207031,0.6486800312995911,1.5373120307922363,-0.28803199529647827,-0.462943971157074
12.47,-0.5601400136947632,-21.434999465942383,3.410799980163574,-2.1528799533843994,-4.497200012207031,0.6486800312995911,1.5373120307922363,-0.28803199529647827,-0.462943971157074
12.48,-0.6134799718856812,-21.547000885009766,3.426800012588501,-2.113960027694702,-4.503200054168701,0.6368800401687622,1.574720025062561,-0.1825919896364212,-0.4827519953250885
12.49,-0.6134799718856812,-21.547000885009766,3.426800012588501,-2.113960027694702,-4.503200054168701,0.6368800401687622,1.574720025062561,-0.1825919896364212,-0.4827519953250885
12.5,-0.6658300161361694,-21.65999984741211,3.4426000118255615,-2.074160099029541,-4.506400108337402,0.6245600581169128,1.6102399826049805,-0.07713600248098373,-0.5028160214424133
12.51,-0.6658300161361694,-21.65999984741211,3.4426000118255615,-2.074160099029541,-4.506400108337402,0.6245600581169128,1.6102399826049805,-0.07713600248098373,-0.5028160214424133
12.52,-0.6658300161361694,-21.65999984741211,3.4426000118255615,-2.074160099029541,-4.506400108337402,0.6245600581169128,1.6102399826049805,-0.07713600248098373,-0.5028160214424133
12.530000000000001,-0.7171800136566162,-21.77199935913086,3.4581000804901123,-2.033480167388916,-4.506800174713135,0.6117200255393982,1.6439999341964722,0.02829119935631752,-0.5231519937515259
12.540000000000001,-0.7171800136566162,-21.77199935913086,3.4581000804901123,-2.033480167388916,-4.506800174713135,0.6117200255393982,1.6439999341964722,0.02829119935631752,-0.5231519937515259
12.55,-0.7674999833106995,-21.885000228881836,3.4732000827789307,-1.9919599294662476,-4.504800319671631,0.5984000563621521,1.675839900970459,0.1336335986852646,-0.5437279939651489
12.56,-0.7674999833106995,-21.885000228881836,3.4732000827789307,-1.9919599294662476,-4.504800319671631,0.5984000563621521,1.675839900970459,0.1336335986852646,-0.5437279939651489
12.57,-0.7674999833106995,-21.885000228881836,3.4732000827789307,-1.9919599294662476,-4.504800319671631,0.5984000563621521,1.675839900970459,0.1336335986852646,-0.5437279939651489
12.58,-0.8167700171470642,-21.99799919128418,3.48799991607666,-1.949720025062561,-4.500400066375732,0.5845200419425964,1.7055999040603638,0.2388319969177246,-0.5645439624786377
12.59,-0.8167700171470642,-21.99799919128418,3.48799991607666,-1.949720025062561,-4.500400066375732,0.5845200419425964,1.7055999040603638,0.2388319969177246,-0.5645439624786377
12.6,-0.8649799823760986,-22.110000610351562,3.5023999214172363,-1.9067200422286987,-4.492800235748291,0.5701600313186646,1.7334399223327637,0.34383997321128845,-0.5855839848518372
12.61,-0.8649799823760986,-22.110000610351562,3.5023999214172363,-1.9067200422286987,-4.492800235748291,0.5701600313186646,1.7334399223327637,0.34383997321128845,-0.5855839848518372
12.620000000000001,-0.8649799823760986,-22.110000610351562,3.5023999214172363,-1.9067200422286987,-4.492800235748291,0.5701600313186646,1.7334399223327637,0.34383997321128845,-0.5855839848518372
12.63,-0.9121000170707703,-22.222000122070312,3.5164999961853027,-1.8630399703979492,-4.4832000732421875,0.5552400350570679,1.7591999769210815,0.44860801100730896,-0.6068639755249023
12.64,-0.9121000170707703,-22.222000122070312,3.5164999961853027,-1.8630399703979492,-4.4832000732421875,0.5552400350570679,1.7591999769210815,0.44860801100730896,-0.6068639755249023
12.65,-0.9581300020217896,-22.333999633789062,3.5302000045776367,-1.8187599182128906,-4.470399856567383,0.5397999882698059,1.7828799486160278,0.5530719757080078,-0.6283359527587891
12.66,-0.9581300020217896,-22.333999633789062,3.5302000045776367,-1.8187599182128906,-4.470399856567383,0.5397999882698059,1.7828799486160278,0.5530719757080078,-0.6283359527587891
12.67,-0.9581300020217896,-22.333999633789062,3.5302000045776367,-1.8187599182128906,-4.470399856567383,0.5397999882698059,1.7828799486160278,0.5530719757080078,-0.6283359527587891
12.68,-1.003000020980835,-22.445999145507812,3.5434999465942383,-1.7739200592041016,-4.455199718475342,0.5238400101661682,1.804319977760315,0.6571840047836304,-0.6499999761581421
12.69,-1.003000020980835,-22.445999145507812,3.5434999465942383,-1.7739200592041016,-4.455199718475342,0.5238400101661682,1.804319977760315,0.6571840047836304,-0.6499999761581421
12.700000000000001,-1.0468000173568726,-22.55699920654297,3.5564000606536865,-1.7285600900650024,-4.437600135803223,0.5073200464248657,1.8236799240112305,0.7608959674835205,-0.6718399524688721
12.71,-1.0468000173568726,-22.55699920654297,3.5564000606536865,-1.7285600900650024,-4.437600135803223,0.5073200464248657,1.8236799240112305,0.7608959674835205,-0.6718399524688721
12.72,-1.0468000173568726,-22.55699920654297,3.5564000606536865,-1.7285600900650024,-4.437600135803223,0.5073200464248657,1.8236799240112305,0.7608959674835205,-0.6718399524688721
12.73,-1.0894999504089355,-22.667999267578125,3.5687999725341797,-1.6827601194381714,-4.417200088500977,0.4902400076389313,1.8406399488449097,0.864143967628479,-0.6938559412956238
12.74,-1.0894999504089355,-22.667999267578125,3.5687999725341797,-1.6827601194381714,-4.417200088500977,0.4902400076389313,1.8406399488449097,0.864143967628479,-0.6938559412956238
12.75,-1.13100004196167,-22.777999877929688,3.580899953842163,-1.636560082435608,-4.394400119781494,0.47259998321533203,1.8555200099945068,0.9668959379196167,-0.7160320281982422
12.76,-1.13100004196167,-22.777999877929688,3.580899953842163,-1.636560082435608,-4.394400119781494,0.47259998321533203,1.8555200099945068,0.9668959379196167,-0.7160320281982422
12.77,-1.13100004196167,-22.777999877929688,3.580899953842163,-1.636560082435608,-4.394400119781494,0.47259998321533203,1.8555200099945068,0.9668959379196167,-0.7160320281982422
12.780000000000001,-1.1713000535964966,-22.886999130249023,3.592400074005127,-1.590000033378601,-4.369200229644775,0.45444002747535706,1.8680000305175781,1.0690720081329346,-0.738319993019104
12.790000000000001,-1.1713000535964966,-22.886999130249023,3.592400074005127,-1.590000033378601,-4.369200229644775,0.45444002747535706,1.8680000305175781,1.0690720081329346,-0.738319993019104
12.8,-1.2105000019073486,-22.996000289916992,3.603600025177002,-1.5431599617004395,-4.34119987487793,0.43568000197410583,1.8782399892807007,1.170639991760254,-0.7607359886169434
12.81,-1.2105000019073486,-22.996000289916992,3.603600025177002,-1.5431599617004395,-4.34119987487793,0.43568000197410583,1.8782399892807007,1.170639991760254,-0.7607359886169434
12.82,-1.2105000019073486,-22.996000289916992,3.603600025177002,-1.5431599617004395,-4.34119987487793,0.43568000197410583,1.8782399892807007,1.170639991760254,-0.7607359886169434
12.83,-1.2483999729156494,-23.104000091552734,3.6142001152038574,-1.4961199760437012,-4.310400009155273,0.4164000153541565,1.8862398862838745,1.271567940711975,-0.7832639813423157
12.84,-1.2483999729156494,-23.104000091552734,3.6142001152038574,-1.4961199760437012,-4.310400009155273,0.4164000153541565,1.8862398862838745,1.271567940711975,-0.7832639813423157
12.85,-1.2853000164031982,-23.211999893188477,3.6243999004364014,-1.4488800764083862,-4.277600288391113,0.3965320289134979,1.8916800022125244,1.3717759847640991,-0.8058559894561768
12.86,-1.2853000164031982,-23.211999893188477,3.6243999004364014,-1.4488800764083862,-4.277600288391113,0.3965320289134979,1.8916800022125244,1.3717759847640991,-0.8058559894561768
12.870000000000001,-1.2853000164031982,-23.211999893188477,3.6243999004364014,-1.4488800764083862,-4.277600288391113,0.3965320289134979,1.8916800022125244,1.3717759847640991,-0.8058559894561768
12.88,-1.3208999633789062,-23.31800079345703,3.6340999603271484,-1.4015600681304932,-4.242000102996826,0.3761039972305298,1.8948800563812256,1.4712319374084473,-0.8285119533538818
12.89,-1.3208999633789062,-23.31800079345703,3.6340999603271484,-1.4015600681304932,-4.242000102996826,0.3761039972305298,1.8948800563812256,1.4712319374084473,-0.8285119533538818
12.9,-1.355299949645996,-23.423999786376953,3.643199920654297,-1.3541600704193115,-4.203999996185303,0.355103999376297,1.8955199718475342,1.5698719024658203,-0.8512159585952759
12.91,-1.355299949645996,-23.423999786376953,3.643199920654297,-1.3541600704193115,-4.203999996185303,0.355103999376297,1.8955199718475342,1.5698719024658203,-0.8512159585952759
12.92,-1.355299949645996,-23.423999786376953,3.643199920654297,-1.3541600704193115,-4.203999996185303,0.355103999376297,1.8955199718475342,1.5698719024658203,-0.8512159585952759
12.93,-1.3885999917984009,-23.527999877929688,3.6517999172210693,-1.3068000078201294,-4.163600444793701,0.33354002237319946,1.8939199447631836,1.667680025100708,-0.8739359974861145
12.94,-1.3885999917984009,-23.527999877929688,3.6517999172210693,-1.3068000078201294,-4.163600444793701,0.33354002237319946,1.8939199447631836,1.667680025100708,-0.8739359974861145
12.950000000000001,-1.420699954032898,-23.631999969482422,3.659899950027466,-1.2594799995422363,-4.1203999519348145,0.31140801310539246,1.88975989818573,1.764639973640442,-0.8966560363769531
12.96,-1.420699954032898,-23.631999969482422,3.659899950027466,-1.2594799995422363,-4.1203999519348145,0.31140801310539246,1.88975989818573,1.764639973640442,-0.8966560363769531
12.97,-1.420699954032898,-23.631999969482422,3.659899950027466,-1.2594799995422363,-4.1203999519348145,0.31140801310539246,1.88975989818573,1.764639973640442,-0.8966560363769531
12.98,-1.4515999555587769,-23.733999252319336,3.6673998832702637,-1.21232008934021,-4.075200080871582,0.28870800137519836,1.8832000494003296,1.8604799509048462,-0.9193440079689026
12.99,-1.4515999555587769,-23.733999252319336,3.6673998832702637,-1.21232008934021,-4.075200080871582,0.28870800137519836,1.8832000494003296,1.8604799509048462,-0.9193440079689026
13.0,-1.4812999963760376,-23.836000442504883,3.674299955368042,-1.1653599739074707,-4.027600288391113,0.2654440104961395,1.8742399215698242,1.9555200338363647,-0.9419839978218079
13.01,-1.4812999963760376,-23.836000442504883,3.674299955368042,-1.1653599739074707,-4.027600288391113,0.2654440104961395,1.8742399215698242,1.9555200338363647,-0.9419839978218079
13.02,-1.4812999963760376,-23.836000442504883,3.674299955368042,-1.1653599739074707,-4.027600288391113,0.2654440104961395,1.8742399215698242,1.9555200338363647,-0.9419839978218079
13.030000000000001,-1.5097999572753906,-23.93600082397461,3.6805999279022217,-1.1186400651931763,-3.9774398803710938,0.2416120022535324,1.862720012664795,2.0494399070739746,-0.9645439982414246
13.040000000000001,-1.5097999572753906,-23.93600082397461,3.6805999279022217,-1.1186400651931763,-3.9774398803710938,0.2416120022535324,1.862720012664795,2.0494399070739746,-0.9645439982414246
13.05,-1.5371999740600586,-24.03499984741211,3.6863999366760254,-1.0722399950027466,-3.9250400066375732,0.21721599996089935,1.8488000631332397,2.142240047454834,-0.9870079755783081
13.06,-1.5371999740600586,-24.03499984741211,3.6863999366760254,-1.0722399950027466,-3.9250400066375732,0.21721599996089935,1.8488000631332397,2.142240047454834,-0.9870079755783081
13.07,-1.5371999740600586,-24.03499984741211,3.6863999366760254,-1.0722399950027466,-3.9250400066375732,0.21721599996089935,1.8488000631332397,2.142240047454834,-0.9870079755783081
13.08,-1.5635000467300415,-24.131999969482422,3.691499948501587,-1.0262000560760498,-3.8703200817108154,0.1922600120306015,1.8324799537658691,2.2340800762176514,-1.009328007698059
13.09,-1.5635000467300415,-24.131999969482422,3.691499948501587,-1.0262000560760498,-3.8703200817108154,0.1922600120306015,1.8324799537658691,2.2340800762176514,-1.009328007698059
13.1,-1.5885000228881836,-24.22800064086914,3.696000099182129,-0.9806400537490845,-3.8133201599121094,0.16675201058387756,1.8137600421905518,2.3246400356292725,-1.0315039157867432
13.11,-1.5885000228881836,-24.22800064086914,3.696000099182129,-0.9806400537490845,-3.8133201599121094,0.16675201058387756,1.8137600421905518,2.3246400356292725,-1.0315039157867432
13.120000000000001,-1.5885000228881836,-24.22800064086914,3.696000099182129,-0.9806400537490845,-3.8133201599121094,0.16675201058387756,1.8137600421905518,2.3246400356292725,-1.0315039157867432
13.13,-1.6124999523162842,-24.322999954223633,3.6998000144958496,-0.9355600476264954,-3.754079818725586,0.1406880021095276,1.7924799919128418,2.4140799045562744,-1.0534719228744507
13.14,-1.6124999523162842,-24.322999954223633,3.6998000144958496,-0.9355600476264954,-3.754079818725586,0.1406880021095276,1.7924799919128418,2.4140799045562744,-1.0534719228744507
13.15,-1.6353000402450562,-24.416000366210938,3.703000068664551,-0.891040027141571,-3.6926400661468506,0.11408000439405441,1.7688000202178955,2.502239942550659,-1.0752320289611816
13.16,-1.6353000402450562,-24.416000366210938,3.703000068664551,-0.891040027141571,-3.6926400661468506,0.11408000439405441,1.7688000202178955,2.502239942550659,-1.0752320289611816
13.17,-1.6353000402450562,-24.416000366210938,3.703000068664551,-0.891040027141571,-3.6926400661468506,0.11408000439405441,1.7688000202178955,2.502239942550659,-1.0752320289611816
13.18,-1.656999945640564,-24.506999969482422,3.7054998874664307,-0.8471199870109558,-3.629000186920166,0.08692800253629684,1.742879867553711,2.5891199111938477,-1.096735954284668
13.19,-1.656999945640564,-24.506999969482422,3.7054998874664307,-0.8471199870109558,-3.629000186920166,0.08692800253629684,1.742879867553711,2.5891199111938477,-1.096735954284668
13.200000000000001,-1.6777000427246094,-24.597000122070312,3.70740008354187,-0.8039199709892273,-3.563199996948242,0.059244003146886826,1.7143999338150024,2.67471981048584,-1.117967963218689
13.21,-1.6777000427246094,-24.597000122070312,3.70740008354187,-0.8039199709892273,-3.563199996948242,0.059244003146886826,1.7143999338150024,2.67471981048584,-1.117967963218689
13.22,-1.6777000427246094,-24.597000122070312,3.70740008354187,-0.8039199709892273,-3.563199996948242,0.059244003146886826,1.7143999338150024,2.67471981048584,-1.117967963218689
13.23,-1.6971999406814575,-24.684999465942383,3.7084999084472656,-0.7614399790763855,-3.4952800273895264,0.03103240206837654,1.6836799383163452,2.7588798999786377,-1.1388639211654663
13.24,-1.6971999406814575,-24.684999465942383,3.7084999084472656,-0.7614399790763855,-3.4952800273895264,0.03103240206837654,1.6836799383163452,2.7588798999786377,-1.1388639211654663
13.25,-1.7158000469207764,-24.77199935913086,3.708899974822998,-0.7197200059890747,-3.4252800941467285,0.0023034000769257545,1.650559902191162,2.8417599201202393,-1.1594079732894897
13.26,-1.7158000469207764,-24.77199935913086,3.708899974822998,-0.7197200059890747,-3.4252800941467285,0.0023034000769257545,1.650559902191162,2.8417599201202393,-1.1594079732894897
13.27,-1.7158000469207764,-24.77199935913086,3.708899974822998,-0.7197200059890747,-3.4252800941467285,0.0023034000769257545,1.650559902191162,2.8417599201202393,-1.1594079732894897
13.280000000000001,-1.733199954032898,-24.85700035095215,3.7086000442504883,-0.6789199709892273,-3.3532001972198486,-0.02693440020084381,1.6152000427246094,2.9231998920440674,-1.1795519590377808
13.290000000000001,-1.733199954032898,-24.85700035095215,3.7086000442504883,-0.6789199709892273,-3.3532001972198486,-0.02693440020084381,1.6152000427246094,2.9231998920440674,-1.1795519590377808
13.3,-1.7496999502182007,-24.940000534057617,3.7074999809265137,-0.6389999985694885,-3.2791199684143066,-0.056672003120183945,1.5775359869003296,3.003200054168701,-1.199280023574829
13.31,-1.7496999502182007,-24.940000534057617,3.7074999809265137,-0.6389999985694885,-3.2791199684143066,-0.056672003120183945,1.5775359869003296,3.003200054168701,-1.199280023574829
13.32,-1.7496999502182007,-24.940000534057617,3.7074999809265137,-0.6389999985694885,-3.2791199684143066,-0.056672003120183945,1.5775359869003296,3.003200054168701,-1.199280023574829
13.33,-1.7652000188827515,-25.020999908447266,3.7058000564575195,-0.6000400185585022,-3.2030398845672607,-0.08689600229263306,1.5376800298690796,3.0815999507904053,-1.2185440063476562
13.34,-1.7652000188827515,-25.020999908447266,3.7058000564575195,-0.6000400185585022,-3.2030398845672607,-0.08689600229263306,1.5376800298690796,3.0815999507904053,-1.2185440063476562
13.35,-1.7797000408172607,-25.100000381469727,3.703200101852417,-0.5621200203895569,-3.125040054321289,-0.11759199947118759,1.4956480264663696,3.158559799194336,-1.2372798919677734
13.36,-1.7797000408172607,-25.100000381469727,3.703200101852417,-0.5621200203895569,-3.125040054321289,-0.11759199947118759,1.4956480264663696,3.158559799194336,-1.2372798919677734
13.370000000000001,-1.7797000408172607,-25.100000381469727,3.703200101852417,-0.5621200203895569,-3.125040054321289,-0.11759199947118759,1.4956480264663696,3.158559799194336,-1.2372798919677734
13.38,-1.7933000326156616,-25.177000045776367,3.699899911880493,-0.5252799987792969,-3.0451200008392334,-0.1487560123205185,1.4514719247817993,3.2340798377990723,-1.25547194480896
13.39,-1.7933000326156616,-25.177000045776367,3.699899911880493,-0.5252799987792969,-3.0451200008392334,-0.1487560123205185,1.4514719247817993,3.2340798377990723,-1.25547194480896
13.4,-1.805999994277954,-25.25200080871582,3.6958000659942627,-0.48955997824668884,-2.963360071182251,-0.1803639978170395,1.4052319526672363,3.307999849319458,-1.273087978363037
13.41,-1.805999994277954,-25.25200080871582,3.6958000659942627,-0.48955997824668884,-2.963360071182251,-0.1803639978170395,1.4052319526672363,3.307999849319458,-1.273087978363037
13.42,-1.805999994277954,-25.25200080871582,3.6958000659942627,-0.48955997824668884,-2.963360071182251,-0.1803639978170395,1.4052319526672363,3.307999849319458,-1.273087978363037
13.43,-1.8178000450134277,-25.325000762939453,3.6907999515533447,-0.45503997802734375,-2.8797600269317627,-0.21240399777889252,1.35697603225708,3.3803200721740723,-1.2900480031967163
13.44,-1.8178000450134277,-25.325000762939453,3.6907999515533447,-0.45503997802734375,-2.8797600269317627,-0.21240399777889252,1.35697603225708,3.3803200721740723,-1.2900480031967163
13.450000000000001,-1.8287999629974365,-25.395999908447266,3.6851000785827637,-0.4217599928379059,-2.7943599224090576,-0.24486000835895538,1.3067519664764404,3.4508800506591797,-1.3063360452651978
13.46,-1.8287999629974365,-25.395999908447266,3.6851000785827637,-0.4217599928379059,-2.7943599224090576,-0.24486000835895538,1.3067519664764404,3.4508800506591797,-1.3063360452651978
13.47,-1.8287999629974365,-25.395999908447266,3.6851000785827637,-0.4217599928379059,-2.7943599224090576,-0.24486000835895538,1.3067519664764404,3.4508800506591797,-1.3063360452651978
13.48,-1.8388999700546265,-25.46500015258789,3.6786000728607178,-0.3897239863872528,-2.707239866256714,-0.27771201729774475,1.2546240091323853,3.5199999809265137,-1.3218879699707031
13.49,-1.8388999700546265,-25.46500015258789,3.6786000728607178,-0.3897239863872528,-2.707239866256714,-0.27771201729774475,1.2546240091323853,3.5199999809265137,-1.3218879699707031
13.5,-1.8482999801635742,-25.5310001373291,3.6712000370025635,-0.35902801156044006,-2.6183600425720215,-0.310947984457016,1.2006559371948242,3.58735990524292,-1.336672067642212
13.51,-1.8482999801635742,-25.5310001373291,3.6712000370025635,-0.35902801156044006,-2.6183600425720215,-0.310947984457016,1.2006559371948242,3.58735990524292,-1.336672067642212
13.52,-1.8482999801635742,-25.5310001373291,3.6712000370025635,-0.35902801156044006,-2.6183600425720215,-0.310947984457016,1.2006559371948242,3.58735990524292,-1.336672067642212
13.530000000000001,-1.8568999767303467,-25.59600067138672,3.663100004196167,-0.32970401644706726,-2.5278799533843994,-0.344539999961853,1.1449439525604248,3.6529598236083984,-1.3506399393081665
13.540000000000001,-1.8568999767303467,-25.59600067138672,3.663100004196167,-0.32970401644706726,-2.5278799533843994,-0.344539999961853,1.1449439525604248,3.6529598236083984,-1.3506399393081665
13.55,-1.864799976348877,-25.658000946044922,3.6540000438690186,-0.301796019077301,-2.435720205307007,-0.3784720003604889,1.0875200033187866,3.7169599533081055,-1.3637440204620361
13.56,-1.864799976348877,-25.658000946044922,3.6540000438690186,-0.301796019077301,-2.435720205307007,-0.3784720003604889,1.0875200033187866,3.7169599533081055,-1.3637440204620361
13.57,-1.864799976348877,-25.658000946044922,3.6540000438690186,-0.301796019077301,-2.435720205307007,-0.3784720003604889,1.0875200033187866,3.7169599533081055,-1.3637440204620361
13.58,-1.871999979019165,-25.716999053955078,3.6440999507904053,-0.2753400206565857,-2.3420400619506836,-0.4127200245857239,1.0284960269927979,3.7792000770568848,-1.3759359121322632
13.59,-1.871999979019165,-25.716999053955078,3.6440999507904053,-0.2753400206565857,-2.3420400619506836,-0.4127200245857239,1.0284960269927979,3.7792000770568848,-1.3759359121322632
13.6,-1.878499984741211,-25.774999618530273,3.6333999633789062,-0.25038400292396545,-2.246800184249878,-0.44727998971939087,0.9679359793663025,3.839679718017578,-1.3871519565582275
13.61,-1.878499984741211,-25.774999618530273,3.6333999633789062,-0.25038400292396545,-2.246800184249878,-0.44727998971939087,0.9679359793663025,3.839679718017578,-1.3871519565582275
13.620000000000001,-1.878499984741211,-25.774999618530273,3.6333999633789062,-0.25038400292396545,-2.246800184249878,-0.44727998971939087,0.9679359793663025,3.839679718017578,-1.3871519565582275
13.63,-1.8845000267028809,-25.829999923706055,3.621799945831299,-0.22695600986480713,-2.1500401496887207,-0.48207998275756836,0.9059039950370789,3.898559808731079,-1.397359848022461
13.64,-1.8845000267028809,-25.829999923706055,3.621799945831299,-0.22695600986480713,-2.1500401496887207,-0.48207998275756836,0.9059039950370789,3.898559808731079,-1.397359848022461
13.65,-1.8898999691009521,-25.881999969482422,3.609299898147583,-0.20510001480579376,-2.051880121231079,-0.5171200037002563,0.8425119519233704,3.955519914627075,-1.4065279960632324
13.66,-1.8898999691009521,-25.881999969482422,3.609299898147583,-0.20510001480579376,-2.051880121231079,-0.5171200037002563,0.8425119519233704,3.955519914627075,-1.4065279960632324
13.67,-1.8898999691009521,-25.881999969482422,3.609299898147583,-0.20510001480579376,-2.051880121231079,-0.5171200037002563,0.8425119519233704,3.955519914627075,-1.4065279960632324
13.68,-1.8947999477386475,-25.93199920654297,3.595900058746338,-0.1848440021276474,-1.9523199796676636,-0.5524000525474548,0.7778239846229553,4.010560035705566,-1.4145759344100952
13.69,-1.8947999477386475,-25.93199920654297,3.595900058746338,-0.1848440021276474,-1.9523199796676636,-0.5524000525474548,0.7778239846229553,4.010560035705566,-1.4145759344100952
13.700000000000001,-1.8991999626159668,-25.979999542236328,3.581700086593628,-0.16621999442577362,-1.8513599634170532,-0.5878400206565857,0.7119359970092773,4.063999652862549,-1.421455979347229
13.71,-1.8991999626159668,-25.979999542236328,3.581700086593628,-0.16621999442577362,-1.8513599634170532,-0.5878400206565857,0.7119359970092773,4.063999652862549,-1.421455979347229
13.72,-1.8991999626159668,-25.979999542236328,3.581700086593628,-0.16621999442577362,-1.8513599634170532,-0.5878400206565857,0.7119359970092773,4.063999652862549,-1.421455979347229
13.73,-1.9031000137329102,-26.024999618530273,3.566499948501587,-0.14925600588321686,-1.7491199970245361,-0.6234399676322937,0.6449599862098694,4.115520000457764,-1.4271519184112549
13.74,-1.9031000137329102,-26.024999618530273,3.566499948501587,-0.14925600588321686,-1.7491199970245361,-0.6234399676322937,0.6449599862098694,4.115520000457764,-1.4271519184112549
13.75,-1.906599998474121,-26.066999435424805,3.55049991607666,-0.13398000597953796,-1.6455999612808228,-0.6592000126838684,0.5769439935684204,4.165279865264893,-1.4315999746322632
13.76,-1.906599998474121,-26.066999435424805,3.55049991607666,-0.13398000597953796,-1.6455999612808228,-0.6592000126838684,0.5769439935684204,4.165279865264893,-1.4315999746322632
13.77,-1.906599998474121,-26.066999435424805,3.55049991607666,-0.13398000597953796,-1.6455999612808228,-0.6592000126838684,0.5769439935684204,4.165279865264893,-1.4315999746322632
13.780000000000001,-1.9098000526428223,-26.10700035095215,3.533600091934204,-0.12041600048542023,-1.5408800840377808,-0.6949999928474426,0.508031964302063,4.213119983673096,-1.4347519874572754
13.790000000000001,-1.9098000526428223,-26.10700035095215,3.533600091934204,-0.12041600048542023,-1.5408800840377808,-0.6949999928474426,0.508031964302063,4.213119983673096,-1.4347519874572754
13.8,-1.9127000570297241,-26.143999099731445,3.515700101852417,-0.10858400166034698,-1.4349600076675415,-0.7309200167655945,0.43828800320625305,4.259200096130371,-1.4365440607070923
13.81,-1.9127000570297241,-26.143999099731445,3.515700101852417,-0.10858400166034698,-1.4349600076675415,-0.7309200167655945,0.43828800320625305,4.259200096130371,-1.4365440607070923
13.82,-1.9127000570297241,-26.143999099731445,3.515700101852417,-0.10858400166034698,-1.4349600076675415,-0.7309200167655945,0.43828800320625305,4.259200096130371,-1.4365440607070923
13.83,-1.9151999950408936,-26.179000854492188,3.496999979019165,-0.09850800037384033,-1.3279199600219727,-0.7668399810791016,0.3678079843521118,4.3033599853515625,-1.436959981918335
13.84,-1.9151999950408936,-26.179000854492188,3.496999979019165,-0.09850800037384033,-1.3279199600219727,-0.7668399810791016,0.3678079843521118,4.3033599853515625,-1.436959981918335
13.85,-1.9176000356674194,-26.211000442504883,3.477400064468384,-0.09019999951124191,-1.2197999954223633,-0.8027600646018982,0.2967039942741394,4.34559965133667,-1.4359519481658936
13.86,-1.9176000356674194,-26.211000442504883,3.477400064468384,-0.09019999951124191,-1.2197999954223633,-0.8027600646018982,0.2967039942741394,4.34559965133667,-1.4359519481658936
13.870000000000001,-1.9176000356674194,-26.211000442504883,3.477400064468384,-0.09019999951124191,-1.2197999954223633,-0.8027600646018982,0.2967039942741394,4.34559965133667,-1.4359519481658936
13.88,-1.919800043106079,-26.239999771118164,3.456899881362915,-0.08367600291967392,-1.1106799840927124,-0.8385999798774719,0.2250880002975464,4.386079788208008,-1.4334559440612793
13.89,-1.919800043106079,-26.239999771118164,3.456899881362915,-0.08367600291967392,-1.1106799840927124,-0.8385999798774719,0.2250880002975464,4.386079788208008,-1.4334559440612793
13.9,-1.9218000173568726,-26.266000747680664,3.435499906539917,-0.0789479985833168,-1.00052011013031,-0.8744000792503357,0.15303519368171692,4.424639701843262,-1.4294400215148926
13.91,-1.9218000173568726,-26.266000747680664,3.435499906539917,-0.0789479985833168,-1.00052011013031,-0.8744000792503357,0.15303519368171692,4.424639701843262,-1.4294400215148926
13.92,-1.9218000173568726,-26.266000747680664,3.435499906539917,-0.0789479985833168,-1.00052011013031,-0.8744000792503357,0.15303519368171692,4.424639701843262,-1.4294400215148926
13.93,-1.923699975013733,-26.290000915527344,3.413100004196167,-0.0760280042886734,-0.8894400000572205,-0.9100799560546875,0.08066559582948685,4.46127986907959,-1.4238719940185547
13.94,-1.923699975013733,-26.290000915527344,3.413100004196167,-0.0760280042886734,-0.8894400000572205,-0.9100799560546875,0.08066559582948685,4.46127986907959,-1.4238719940185547
13.950000000000001,-1.9256000518798828,-26.31100082397461,3.390000104904175,-0.07491599768400192,-0.7774800062179565,-0.9456000328063965,0.008081439882516861,4.495999813079834,-1.4167039394378662
13.96,-1.9256000518798828,-26.31100082397461,3.390000104904175,-0.07491599768400192,-0.7774800062179565,-0.9456000328063965,0.008081439882516861,4.495999813079834,-1.4167039394378662
13.97,-1.9256000518798828,-26.31100082397461,3.390000104904175,-0.07491599768400192,-0.7774800062179565,-0.9456000328063965,0.008081439882516861,4.495999813079834,-1.4167039394378662
13.98,-1.9275000095367432,-26.32900047302246,3.3659000396728516,-0.0756240040063858,-0.664680004119873,-0.9808799624443054,-0.06461440026760101,4.528800010681152,-1.4078880548477173
13.99,-1.9275000095367432,-26.32900047302246,3.3659000396728516,-0.0756240040063858,-0.664680004119873,-0.9808799624443054,-0.06461440026760101,4.528800010681152,-1.4078880548477173
14.0,-1.9293999671936035,-26.3439998626709,3.34089994430542,-0.0781479999423027,-0.55103999376297,-1.0159600973129272,-0.13731679320335388,4.559840202331543,-1.39739191532135
14.01,-1.9293999671936035,-26.3439998626709,3.34089994430542,-0.0781479999423027,-0.55103999376297,-1.0159600973129272,-0.13731679320335388,4.559840202331543,-1.39739191532135
14.02,-1.9293999671936035,-26.3439998626709,3.34089994430542,-0.0781479999423027,-0.55103999376297,-1.0159600973129272,-0.13731679320335388,4.559840202331543,-1.39739191532135
14.030000000000001,-1.931399941444397,-26.356000900268555,3.3150999546051025,-0.08248800039291382,-0.43667998909950256,-1.05076003074646,-0.2099200040102005,4.588799953460693,-1.3851840496063232
14.040000000000001,-1.931399941444397,-26.356000900268555,3.3150999546051025,-0.08248800039291382,-0.43667998909950256,-1.05076003074646,-0.2099200040102005,4.588799953460693,-1.3851840496063232
14.05,-1.9335999488830566,-26.365999221801758,3.2883999347686768,-0.08864399790763855,-0.3216240108013153,-1.0852000713348389,-0.2823199927806854,4.616000175476074,-1.3712319135665894
14.06,-1.9335999488830566,-26.365999221801758,3.2883999347686768,-0.08864399790763855,-0.3216240108013153,-1.0852000713348389,-0.2823199927806854,4.616000175476074,-1.3712319135665894
14.07,-1.9335999488830566,-26.365999221801758,3.2883999347686768,-0.08864399790763855,-0.3216240108013153,-1.0852000713348389,-0.2823199927806854,4.616000175476074,-1.3712319135665894
14.08,-1.9358999729156494,-26.371999740600586,3.2607998847961426,-0.09660400450229645,-0.20590798556804657,-1.119320034980774,-0.35439997911453247,4.641279697418213,-1.3555039167404175
14.09,-1.9358999729156494,-26.371999740600586,3.2607998847961426,-0.09660400450229645,-0.20590798556804657,-1.119320034980774,-0.35439997911453247,4.641279697418213,-1.3555039167404175
14.1,-1.9384000301361084,-26.375999450683594,3.2323999404907227,-0.10635999590158463,-0.0895799994468689,-1.1529600620269775,-0.42606398463249207,4.664639949798584,-1.3379679918289185
14.11,-1.9384000301361084,-26.375999450683594,3.2323999404907227,-0.10635999590158463,-0.0895799994468689,-1.1529600620269775,-0.42606398463249207,4.664639949798584,-1.3379679918289185
14.120000000000001,-1.9384000301361084,-26.375999450683594,3.2323999404907227,-0.10635999590158463,-0.0895799994468689,-1.1529600620269775,-0.42606398463249207,4.664639949798584,-1.3379679918289185
14.13,-1.9412000179290771,-26.37700080871582,3.203200101852417,-0.11790000647306442,0.02730800025165081,-1.1862000226974487,-0.49720001220703125,4.686079978942871,-1.3185759782791138
14.14,-1.9412000179290771,-26.37700080871582,3.203200101852417,-0.11790000647306442,0.02730800025165081,-1.1862000226974487,-0.49720001220703125,4.686079978942871,-1.3185759782791138
14.15,-1.9443000555038452,-26.375,3.173099994659424,-0.1312119960784912,0.14470800757408142,-1.2188800573349,-0.5676959753036499,4.705599784851074,-1.2973439693450928
14.16,-1.9443000555038452,-26.375,3.173099994659424,-0.1312119960784912,0.14470800757408142,-1.2188800573349,-0.5676959753036499,4.705599784851074,-1.2973439693450928
14.17,-1.9443000555038452,-26.375,3.173099994659424,-0.1312119960784912,0.14470800757408142,-1.2188800573349,-0.5676959753036499,4.705599784851074,-1.2973439693450928
14.18,-1.9478000402450562,-26.3700008392334,3.142199993133545,-0.14628000557422638,0.2625720202922821,-1.251039981842041,-0.6374719738960266,4.723199844360352,-1.2742079496383667
14.19,-1.9478000402450562,-26.3700008392334,3.142199993133545,-0.14628000557422638,0.2625720202922821,-1.251039981842041,-0.6374719738960266,4.723199844360352,-1.2742079496383667
14.200000000000001,-1.9515999555587769,-26.36199951171875,3.110599994659424,-0.16308000683784485,0.38085201382637024,-1.2826000452041626,-0.7063839435577393,4.739039897918701,-1.2491519451141357
14.21,-1.9515999555587769,-26.36199951171875,3.110599994659424,-0.16308000683784485,0.38085201382637024,-1.2826000452041626,-0.7063839435577393,4.739039897918701,-1.2491519451141357
14.22,-1.9515999555587769,-26.36199951171875,3.110599994659424,-0.16308000683784485,0.38085201382637024,-1.2826000452041626,-0.7063839435577393,4.739039897918701,-1.2491519451141357
14.23,-1.955899953842163,-26.35099983215332,3.0780999660491943,-0.18159200251102448,0.49952003359794617,-1.313480019569397,-0.7743520140647888,4.752799987792969,-1.2221759557724
14.24,-1.955899953842163,-26.35099983215332,3.0780999660491943,-0.18159200251102448,0.49952003359794617,-1.313480019569397,-0.7743520140647888,4.752799987792969,-1.2221759557724
14.25,-1.9607000350952148,-26.336999893188477,3.0448999404907227,-0.20178799331188202,0.6184800267219543,-1.3436800241470337,-0.8412799835205078,4.764800071716309,-1.1932640075683594
14.26,-1.9607000350952148,-26.336999893188477,3.0448999404907227,-0.20178799331188202,0.6184800267219543,-1.3436800241470337,-0.8412799835205078,4.764800071716309,-1.1932640075683594
14.27,-1.9607000350952148,-26.336999893188477,3.0448999404907227,-0.20178799331188202,0.6184800267219543,-1.3436800241470337,-0.8412799835205078,4.764800071716309,-1.1932640075683594
14.280000000000001,-1.965999960899353,-26.31999969482422,3.0109000205993652,-0.22364400327205658,0.7377200126647949,-1.3731200695037842,-0.9070239663124084,4.7748799324035645,-1.162384033203125
14.290000000000001,-1.965999960899353,-26.31999969482422,3.0109000205993652,-0.22364400327205658,0.7377200126647949,-1.3731200695037842,-0.9070239663124084,4.7748799324035645,-1.162384033203125
14.3,-1.9718999862670898,-26.299999237060547,2.9762001037597656,-0.24713198840618134,0.8571999669075012,-1.4017599821090698,-0.9715359807014465,4.783039569854736,-1.129520058631897
14.31,-1.9718999862670898,-26.299999237060547,2.9762001037597656,-0.24713198840618134,0.8571999669075012,-1.4017599821090698,-0.9715359807014465,4.783039569854736,-1.129520058631897
14.32,-1.9718999862670898,-26.299999237060547,2.9762001037597656,-0.24713198840618134,0.8571999669075012,-1.4017599821090698,-0.9715359807014465,4.783039569854736,-1.129520058631897
14.33,-1.9783999919891357,-26.277000427246094,2.9407999515533447,-0.2722119987010956,0.9768800139427185,-1.4296000003814697,-1.0346720218658447,4.789439678192139,-1.094688057899475
14.34,-1.9783999919891357,-26.277000427246094,2.9407999515533447,-0.2722119987010956,0.9768800139427185,-1.4296000003814697,-1.0346720218658447,4.789439678192139,-1.094688057899475
14.35,-1.9855999946594238,-26.250999450683594,2.9047999382019043,-0.29885199666023254,1.0966800451278687,-1.4564800262451172,-1.096336007118225,4.793920040130615,-1.05787193775177
14.36,-1.9855999946594238,-26.250999450683594,2.9047999382019043,-0.29885199666023254,1.0966800451278687,-1.4564800262451172,-1.096336007118225,4.793920040130615,-1.05787193775177
14.370000000000001,-1.9855999946594238,-26.250999450683594,2.9047999382019043,-0.29885199666023254,1.0966800451278687,-1.4564800262451172,-1.096336007118225,4.793920040130615,-1.05787193775177
14.38,-1.993399977684021,-26.222000122070312,2.868000030517578,-0.3270159959793091,1.2165600061416626,-1.4824799299240112,-1.1564480066299438,4.796480178833008,-1.019055962562561
14.39,-1.993399977684021,-26.222000122070312,2.868000030517578,-0.3270159959793091,1.2165600061416626,-1.4824799299240112,-1.1564480066299438,4.796480178833008,-1.019055962562561
14.4,-2.0018999576568604,-26.190000534057617,2.830699920654297,-0.35666000843048096,1.3364800214767456,-1.5074399709701538,-1.2149120569229126,4.7972798347473145,-0.978272020816803
14.41,-2.0018999576568604,-26.190000534057617,2.830699920654297,-0.35666000843048096,1.3364800214767456,-1.5074399709701538,-1.2149120569229126,4.7972798347473145,-0.978272020816803
14.42,-2.0018999576568604,-26.190000534057617,2.830699920654297,-0.35666000843048096,1.3364800214767456,-1.5074399709701538,-1.2149120569229126,4.7972798347473145,-0.978272020816803
14.43,-2.011199951171875,-26.155000686645508,2.7927000522613525,-0.3877440094947815,1.4564000368118286,-1.5313600301742554,-1.271615982055664,4.796159744262695,-0.9354879260063171
14.44,-2.011199951171875,-26.155000686645508,2.7927000522613525,-0.3877440094947815,1.4564000368118286,-1.5313600301742554,-1.271615982055664,4.796159744262695,-0.9354879260063171
14.450000000000001,-2.0213000774383545,-26.117000579833984,2.7541000843048096,-0.42024001479148865,1.5762399435043335,-1.5542000532150269,-1.3264639377593994,4.79311990737915,-0.8907359838485718
14.46,-2.0213000774383545,-26.117000579833984,2.7541000843048096,-0.42024001479148865,1.5762399435043335,-1.5542000532150269,-1.3264639377593994,4.79311990737915,-0.8907359838485718
14.47,-2.0213000774383545,-26.117000579833984,2.7541000843048096,-0.42024001479148865,1.5762399435043335,-1.5542000532150269,-1.3264639377593994,4.79311990737915,-0.8907359838485718
14.48,-2.0322000980377197,-26.076000213623047,2.7149999141693115,-0.4540400207042694,1.6960400342941284,-1.5758799314498901,-1.3793760538101196,4.788479804992676,-0.8440319895744324
14.49,-2.0322000980377197,-26.076000213623047,2.7149999141693115,-0.4540400207042694,1.6960400342941284,-1.5758799314498901,-1.3793760538101196,4.788479804992676,-0.8440319895744324
14.5,-2.0439999103546143,-26.031999588012695,2.675299882888794,-0.48916003108024597,1.815679907798767,-1.5963600873947144,-1.4302719831466675,4.781919956207275,-0.7953600287437439
14.51,-2.0439999103546143,-26.031999588012695,2.675299882888794,-0.48916003108024597,1.815679907798767,-1.5963600873947144,-1.4302719831466675,4.781919956207275,-0.7953600287437439
14.52,-2.0439999103546143,-26.031999588012695,2.675299882888794,-0.48916003108024597,1.815679907798767,-1.5963600873947144,-1.4302719831466675,4.781919956207275,-0.7953600287437439
14.530000000000001,-2.0566999912261963,-25.986000061035156,2.635200023651123,-0.5255600214004517,1.9351199865341187,-1.6156400442123413,-1.4790400266647339,4.773439884185791,-0.7447839975357056
14.540000000000001,-2.0566999912261963,-25.986000061035156,2.635200023651123,-0.5255600214004517,1.9351199865341187,-1.6156400442123413,-1.4790400266647339,4.773439884185791,-0.7447839975357056
14.55,-2.0703001022338867,-25.93600082397461,2.5945000648498535,-0.5631200075149536,2.0543200969696045,-1.633600115776062,-1.525615930557251,4.763199806213379,-0.6922879815101624
14.56,-2.0703001022338867,-25.93600082397461,2.5945000648498535,-0.5631200075149536,2.0543200969696045,-1.633600115776062,-1.525615930557251,4.763199806213379,-0.6922879815101624
14.57,-2.0703001022338867,-25.93600082397461,2.5945000648498535,-0.5631200075149536,2.0543200969696045,-1.633600115776062,-1.525615930557251,4.763199806213379,-0.6922879815101624
14.58,-2.08489990234375,-25.882999420166016,2.553499937057495,-0.6018000245094299,2.1732401847839355,-1.6502399444580078,-1.5699200630187988,4.751359939575195,-0.6379039883613586
14.59,-2.08489990234375,-25.882999420166016,2.553499937057495,-0.6018000245094299,2.1732401847839355,-1.6502399444580078,-1.5699200630187988,4.751359939575195,-0.6379039883613586
14.6,-2.100399971008301,-25.82699966430664,2.51200008392334,-0.6416000127792358,2.2918801307678223,-1.6654800176620483,-1.611840009689331,4.737599849700928,-0.5816959738731384
14.61,-2.100399971008301,-25.82699966430664,2.51200008392334,-0.6416000127792358,2.2918801307678223,-1.6654800176620483,-1.611840009689331,4.737599849700928,-0.5816959738731384
14.620000000000001,-2.100399971008301,-25.82699966430664,2.51200008392334,-0.6416000127792358,2.2918801307678223,-1.6654800176620483,-1.611840009689331,4.737599849700928,-0.5816959738731384
14.63,-2.117000102996826,-25.76799964904785,2.4702000617980957,-0.6823999881744385,2.4101200103759766,-1.679280161857605,-1.651360034942627,4.722079753875732,-0.5236479640007019
14.64,-2.117000102996826,-25.76799964904785,2.4702000617980957,-0.6823999881744385,2.4101200103759766,-1.679280161857605,-1.651360034942627,4.722079753875732,-0.5236479640007019
14.65,-2.134500026702881,-25.70599937438965,2.428100109100342,-0.724120020866394,2.5279600620269775,-1.6916401386260986,-1.6883199214935303,4.704800128936768,-0.46383997797966003
14.66,-2.134500026702881,-25.70599937438965,2.428100109100342,-0.724120020866394,2.5279600620269775,-1.6916401386260986,-1.6883199214935303,4.704800128936768,-0.46383997797966003
14.67,-2.134500026702881,-25.70599937438965,2.428100109100342,-0.724120020866394,2.5279600620269775,-1.6916401386260986,-1.6883199214935303,4.704800128936768,-0.46383997797966003
14.68,-2.1531999111175537,-25.642000198364258,2.385699987411499,-0.7667600512504578,2.645359992980957,-1.7024799585342407,-1.7227200269699097,4.685760021209717,-0.4023039937019348
14.69,-2.1531999111175537,-25.642000198364258,2.385699987411499,-0.7667600512504578,2.645359992980957,-1.7024799585342407,-1.7227200269699097,4.685760021209717,-0.4023039937019348
14.700000000000001,-2.1728999614715576,-25.573999404907227,2.3429999351501465,-0.8102399706840515,2.762240171432495,-1.7117599248886108,-1.7544000148773193,4.664959907531738,-0.33908796310424805
14.71,-2.1728999614715576,-25.573999404907227,2.3429999351501465,-0.8102399706840515,2.762240171432495,-1.7117599248886108,-1.7544000148773193,4.664959907531738,-0.33908796310424805
14.72,-2.1728999614715576,-25.573999404907227,2.3429999351501465,-0.8102399706840515,2.762240171432495,-1.7117599248886108,-1.7544000148773193,4.664959907531738,-0.33908796310424805
14.73,-2.193700075149536,-25.503999710083008,2.300100088119507,-0.854479968547821,2.8785998821258545,-1.7194000482559204,-1.783519983291626,4.642560005187988,-0.27423998713493347
14.74,-2.193700075149536,-25.503999710083008,2.300100088119507,-0.854479968547821,2.8785998821258545,-1.7194000482559204,-1.783519983291626,4.642560005187988,-0.27423998713493347
14.75,-2.21560001373291,-25.43000030517578,2.256999969482422,-0.8994000554084778,2.9943599700927734,-1.7254400253295898,-1.8097599744796753,4.6184000968933105,-0.2078239917755127
14.76,-2.21560001373291,-25.43000030517578,2.256999969482422,-0.8994000554084778,2.9943599700927734,-1.7254400253295898,-1.8097599744796753,4.6184000968933105,-0.2078239917755127
14.77,-2.21560001373291,-25.43000030517578,2.256999969482422,-0.8994000554084778,2.9943599700927734,-1.7254400253295898,-1.8097599744796753,4.6184000968933105,-0.2078239917755127
14.780000000000001,-2.2386999130249023,-25.354000091552734,2.2137999534606934,-0.9449600577354431,3.109480142593384,-1.7298001050949097,-1.8331198692321777,4.592639923095703,-0.13990239799022675
14.790000000000001,-2.2386999130249023,-25.354000091552734,2.2137999534606934,-0.9449600577354431,3.109480142593384,-1.7298001050949097,-1.8331198692321777,4.592639923095703,-0.13990239799022675
14.8,-2.2629001140594482,-25.274999618530273,2.1705000400543213,-0.991040050983429,3.2239601612091064,-1.7324399948120117,-1.853760004043579,4.56496000289917,-0.0705391988158226
14.81,-2.2629001140594482,-25.274999618530273,2.1705000400543213,-0.991040050983429,3.2239601612091064,-1.7324399948120117,-1.853760004043579,4.56496000289917,-0.0705391988158226
14.82,-2.2629001140594482,-25.274999618530273,2.1705000400543213,-0.991040050983429,3.2239601612091064,-1.7324399948120117,-1.853760004043579,4.56496000289917,-0.0705391988158226
14.83,-2.2881999015808105,-25.19300079345703,2.12719988822937,-1.037600040435791,3.3377201557159424,-1.7333201169967651,-1.871359944343567,4.535840034484863,0.0001901439973153174
14.84,-2.2881999015808105,-25.19300079345703,2.12719988822937,-1.037600040435791,3.3377201557159424,-1.7333201169967651,-1.871359944343567,4.535840034484863,0.0001901439973153174
14.85,-2.3148000240325928,-25.107999801635742,2.083899974822998,-1.0845600366592407,3.4507598876953125,-1.7323999404907227,-1.8859199285507202,4.504960060119629,0.0722079947590828
14.86,-2.3148000240325928,-25.107999801635742,2.083899974822998,-1.0845600366592407,3.4507598876953125,-1.7323999404907227,-1.8859199285507202,4.504960060119629,0.0722079947590828
14.870000000000001,-2.3148000240325928,-25.107999801635742,2.083899974822998,-1.0845600366592407,3.4507598876953125,-1.7323999404907227,-1.8859199285507202,4.504960060119629,0.0722079947590828
14.88,-2.3424999713897705,-25.020000457763672,2.040600061416626,-1.1318800449371338,3.562960147857666,-1.729680061340332,-1.8975999355316162,4.472479820251465,0.1454319953918457
14.89,-2.3424999713897705,-25.020000457763672,2.040600061416626,-1.1318800449371338,3.562960147857666,-1.729680061340332,-1.8975999355316162,4.472479820251465,0.1454319953918457
14.9,-2.371299982070923,-24.93000030517578,1.9974000453948975,-1.1794400215148926,3.6743600368499756,-1.725119948387146,-1.9060800075531006,4.438399791717529,0.21977598965168
14.91,-2.371299982070923,-24.93000030517578,1.9974000453948975,-1.1794400215148926,3.6743600368499756,-1.725119948387146,-1.9060800075531006,4.438399791717529,0.21977598965168
14.92,-2.371299982070923,-24.93000030517578,1.9974000453948975,-1.1794400215148926,3.6743600368499756,-1.725119948387146,-1.9060800075531006,4.438399791717529,0.21977598965168
14.93,-2.401400089263916,-24.836999893188477,1.9543999433517456,-1.2271599769592285,3.7848801612854004,-1.7186800241470337,-1.9115198850631714,4.402719974517822,0.2951359748840332
14.94,-2.401400089263916,-24.836999893188477,1.9543999433517456,-1.2271599769592285,3.7848801612854004,-1.7186800241470337,-1.9115198850631714,4.402719974517822,0.2951359748840332
14.950000000000001,-2.4326999187469482,-24.740999221801758,1.9114999771118164,-1.2749600410461426,3.8944802284240723,-1.7103599309921265,-1.9137600660324097,4.3652801513671875,0.37140798568725586
14.96,-2.4326999187469482,-24.740999221801758,1.9114999771118164,-1.2749600410461426,3.8944802284240723,-1.7103599309921265,-1.9137600660324097,4.3652801513671875,0.37140798568725586
14.97,-2.4326999187469482,-24.740999221801758,1.9114999771118164,-1.2749600410461426,3.8944802284240723,-1.7103599309921265,-1.9137600660324097,4.3652801513671875,0.37140798568725586
14.98,-2.4651999473571777,-24.642000198364258,1.868899941444397,-1.3228000402450562,4.003200054168701,-1.700119972229004,-1.9129600524902344,4.326400279998779,0.4485119879245758
14.99,-2.4651999473571777,-24.642000198364258,1.868899941444397,-1.3228000402450562,4.003200054168701,-1.700119972229004,-1.9129600524902344,4.326400279998779,0.4485119879245758
15.0,-2.498800039291382,-24.540000915527344,1.8265000581741333,-1.3706001043319702,4.110800266265869,-1.6879199743270874,-1.909119963645935,4.285920143127441,0.5263199806213379
15.01,-2.498800039291382,-24.540000915527344,1.8265000581741333,-1.3706001043319702,4.110800266265869,-1.6879199743270874,-1.909119963645935,4.285920143127441,0.5263199806213379
15.02,-2.498800039291382,-24.540000915527344,1.8265000581741333,-1.3706001043319702,4.110800266265869,-1.6879199743270874,-1.909119963645935,4.285920143127441,0.5263199806213379
15.030000000000001,-2.5336999893188477,-24.43600082397461,1.784500002861023,-1.418239951133728,4.217599868774414,-1.6738001108169556,-1.901919960975647,4.24399995803833,0.6047199964523315
15.040000000000001,-2.5336999893188477,-24.43600082397461,1.784500002861023,-1.418239951133728,4.217599868774414,-1.6738001108169556,-1.901919960975647,4.24399995803833,0.6047199964523315
15.05,-2.5697999000549316,-24.329999923706055,1.742799997329712,-1.4656800031661987,4.322800159454346,-1.6576799154281616,-1.8915199041366577,4.200320243835449,0.6835839748382568
15.06,-2.5697999000549316,-24.329999923706055,1.742799997329712,-1.4656800031661987,4.322800159454346,-1.6576799154281616,-1.8915199041366577,4.200320243835449,0.6835839748382568
15.07,-2.5697999000549316,-24.329999923706055,1.742799997329712,-1.4656800031661987,4.322800159454346,-1.6576799154281616,-1.8915199041366577,4.200320243835449,0.6835839748382568
15.08,-2.6070001125335693,-24.219999313354492,1.7015999555587769,-1.5128000974655151,4.427600383758545,-1.6396000385284424,-1.878079891204834,4.155200004577637,0.7628160119056702
15.09,-2.6070001125335693,-24.219999313354492,1.7015999555587769,-1.5128000974655151,4.427600383758545,-1.6396000385284424,-1.878079891204834,4.155200004577637,0.7628160119056702
15.1,-2.645400047302246,-24.107999801635742,1.6608999967575073,-1.5595600605010986,4.530799865722656,-1.6195601224899292,-1.8612799644470215,4.108640193939209,0.8422560095787048
15.11,-2.645400047302246,-24.107999801635742,1.6608999967575073,-1.5595600605010986,4.530799865722656,-1.6195601224899292,-1.8612799644470215,4.108640193939209,0.8422560095787048
15.120000000000001,-2.645400047302246,-24.107999801635742,1.6608999967575073,-1.5595600605010986,4.530799865722656,-1.6195601224899292,-1.8612799644470215,4.108640193939209,0.8422560095787048
15.13,-2.684999942779541,-23.993999481201172,1.6207000017166138,-1.6058399677276611,4.632800102233887,-1.5975199937820435,-1.841439962387085,4.060480117797852,0.9217919707298279
15.14,-2.684999942779541,-23.993999481201172,1.6207000017166138,-1.6058399677276611,4.632800102233887,-1.5975199937820435,-1.841439962387085,4.060480117797852,0.9217919707298279
15.15,-2.7256999015808105,-23.87700080871582,1.5809999704360962,-1.6516001224517822,4.73360013961792,-1.5734800100326538,-1.8183999061584473,4.010879993438721,1.0012799501419067
15.16,-2.7256999015808105,-23.87700080871582,1.5809999704360962,-1.6516001224517822,4.73360013961792,-1.5734800100326538,-1.8183999061584473,4.010879993438721,1.0012799501419067
15.17,-2.7256999015808105,-23.87700080871582,1.5809999704360962,-1.6516001224517822,4.73360013961792,-1.5734800100326538,-1.8183999061584473,4.010879993438721,1.0012799501419067
15.18,-2.7674999237060547,-23.756999969482422,1.5420000553131104,-1.696720004081726,4.833199977874756,-1.5474399328231812,-1.7921600341796875,3.9598400592803955,1.0805919170379639
15.19,-2.7674999237060547,-23.756999969482422,1.5420000553131104,-1.696720004081726,4.833199977874756,-1.5474399328231812,-1.7921600341796875,3.9598400592803955,1.0805919170379639
15.200000000000001,-2.810499906539917,-23.635000228881836,1.5037000179290771,-1.7411600351333618,4.931600093841553,-1.5194400548934937,-1.762719988822937,3.9073598384857178,1.159600019454956
15.21,-2.810499906539917,-23.635000228881836,1.5037000179290771,-1.7411600351333618,4.931600093841553,-1.5194400548934937,-1.762719988822937,3.9073598384857178,1.159600019454956
15.22,-2.810499906539917,-23.635000228881836,1.5037000179290771,-1.7411600351333618,4.931600093841553,-1.5194400548934937,-1.762719988822937,3.9073598384857178,1.159600019454956
15.23,-2.854599952697754,-23.510000228881836,1.4660999774932861,-1.7848399877548218,5.028800010681152,-1.4894800186157227,-1.7300798892974854,3.8534398078918457,1.2381600141525269
15.24,-2.854599952697754,-23.510000228881836,1.4660999774932861,-1.7848399877548218,5.028800010681152,-1.4894800186157227,-1.7300798892974854,3.8534398078918457,1.2381600141525269
15.25,-2.8996999263763428,-23.382999420166016,1.4292000532150269,-1.8276399374008179,5.1244001388549805,-1.4575200080871582,-1.694559931755066,3.7980799674987793,1.3161120414733887
15.26,-2.8996999263763428,-23.382999420166016,1.4292000532150269,-1.8276399374008179,5.1244001388549805,-1.4575200080871582,-1.694559931755066,3.7980799674987793,1.3161120414733887
15.27,-2.8996999263763428,-23.382999420166016,1.4292000532150269,-1.8276399374008179,5.1244001388549805,-1.4575200080871582,-1.694559931755066,3.7980799674987793,1.3161120414733887
15.280000000000001,-2.946000099182129,-23.253999710083008,1.3932000398635864,-1.8695200681686401,5.218800067901611,-1.423680067062378,-1.6558399200439453,3.7412798404693604,1.3933279514312744
15.290000000000001,-2.946000099182129,-23.253999710083008,1.3932000398635864,-1.8695200681686401,5.218800067901611,-1.423680067062378,-1.6558399200439453,3.7412798404693604,1.3933279514312744
15.3,-2.9932000637054443,-23.12299919128418,1.3580000400543213,-1.9104000329971313,5.311600208282471,-1.3878800868988037,-1.6140799522399902,3.683199882507324,1.4696639776229858
15.31,-2.9932000637054443,-23.12299919128418,1.3580000400543213,-1.9104000329971313,5.311600208282471,-1.3878800868988037,-1.6140799522399902,3.683199882507324,1.4696639776229858
15.32,-2.9932000637054443,-23.12299919128418,1.3580000400543213,-1.9104000329971313,5.311600208282471,-1.3878800868988037,-1.6140799522399902,3.683199882507324,1.4696639776229858
15.33,-3.0415000915527344,-22.98900032043457,1.323799967765808,-1.950200080871582,5.4028000831604,-1.3502000570297241,-1.5692319869995117,3.6235198974609375,1.5449600219726562
15.34,-3.0415000915527344,-22.98900032043457,1.323799967765808,-1.950200080871582,5.4028000831604,-1.3502000570297241,-1.5692319869995117,3.6235198974609375,1.5449600219726562
15.35,-3.0906999111175537,-22.851999282836914,1.2905000448226929,-1.9888399839401245,5.492400169372559,-1.3106399774551392,-1.5214719772338867,3.5627200603485107,1.6190400123596191
15.36,-3.0906999111175537,-22.851999282836914,1.2905000448226929,-1.9888399839401245,5.492400169372559,-1.3106399774551392,-1.5214719772338867,3.5627200603485107,1.6190400123596191
15.370000000000001,-3.0906999111175537,-22.851999282836914,1.2905000448226929,-1.9888399839401245,5.492400169372559,-1.3106399774551392,-1.5214719772338867,3.5627200603485107,1.6190400123596191
15.38,-3.140899896621704,-22.714000701904297,1.2582999467849731,-2.026240110397339,5.5808000564575195,-1.2692400217056274,-1.4708000421524048,3.5004799365997314,1.6918400526046753
15.39,-3.140899896621704,-22.714000701904297,1.2582999467849731,-2.026240110397339,5.5808000564575195,-1.2692400217056274,-1.4708000421524048,3.5004799365997314,1.6918400526046753
15.4,-3.191999912261963,-22.572999954223633,1.2271000146865845,-2.0623600482940674,5.667600154876709,-1.226040005683899,-1.4172478914260864,3.4367997646331787,1.763200044631958
15.41,-3.191999912261963,-22.572999954223633,1.2271000146865845,-2.0623600482940674,5.667600154876709,-1.226040005683899,-1.4172478914260864,3.4367997646331787,1.763200044631958
15.42,-3.191999912261963,-22.572999954223633,1.2271000146865845,-2.0623600482940674,5.667600154876709,-1.226040005683899,-1.4172478914260864,3.4367997646331787,1.763200044631958
15.43,-3.24399995803833,-22.430999755859375,1.1970000267028809,-2.0970799922943115,5.752799987792969,-1.1810799837112427,-1.3608479499816895,3.371999979019165,1.8329600095748901
15.44,-3.24399995803833,-22.430999755859375,1.1970000267028809,-2.0970799922943115,5.752799987792969,-1.1810799837112427,-1.3608479499816895,3.371999979019165,1.8329600095748901
15.450000000000001,-3.2969000339508057,-22.285999298095703,1.1680999994277954,-2.1304001808166504,5.835999965667725,-1.1344000101089478,-1.3016959428787231,3.305759906768799,1.900959849357605
15.46,-3.2969000339508057,-22.285999298095703,1.1680999994277954,-2.1304001808166504,5.835999965667725,-1.1344000101089478,-1.3016959428787231,3.305759906768799,1.900959849357605
15.47,-3.2969000339508057,-22.285999298095703,1.1680999994277954,-2.1304001808166504,5.835999965667725,-1.1344000101089478,-1.3016959428787231,3.305759906768799,1.900959849357605
15.48,-3.3505001068115234,-22.138999938964844,1.1403000354766846,-2.1621599197387695,5.918000221252441,-1.0860400199890137,-1.2398239374160767,3.2383999824523926,1.9671999216079712
15.49,-3.3505001068115234,-22.138999938964844,1.1403000354766846,-2.1621599197387695,5.918000221252441,-1.0860400199890137,-1.2398239374160767,3.2383999824523926,1.9671999216079712
15.5,-3.4049999713897705,-21.989999771118164,1.113800048828125,-2.1923599243164062,5.998000144958496,-1.036080002784729,-1.1753119230270386,3.169599771499634,2.0311999320983887
15.51,-3.4049999713897705,-21.989999771118164,1.113800048828125,-2.1923599243164062,5.998000144958496,-1.036080002784729,-1.1753119230270386,3.169599771499634,2.0311999320983887
15.52,-3.4049999713897705,-21.989999771118164,1.113800048828125,-2.1923599243164062,5.998000144958496,-1.036080002784729,-1.1753119230270386,3.169599771499634,2.0311999320983887
15.530000000000001,-3.460099935531616,-21.839000701904297,1.0885000228881836,-2.2209200859069824,6.076400279998779,-0.9845199584960938,-1.1082240343093872,3.099679708480835,2.0931198596954346
15.540000000000001,-3.460099935531616,-21.839000701904297,1.0885000228881836,-2.2209200859069824,6.076400279998779,-0.9845199584960938,-1.1082240343093872,3.099679708480835,2.0931198596954346
15.55,-3.5160000324249268,-21.68600082397461,1.0645999908447266,-2.247760057449341,6.153200149536133,-0.931439995765686,-1.0386079549789429,3.028479814529419,2.1526401042938232
15.56,-3.5160000324249268,-21.68600082397461,1.0645999908447266,-2.247760057449341,6.153200149536133,-0.931439995765686,-1.0386079549789429,3.028479814529419,2.1526401042938232
15.57,-3.5160000324249268,-21.68600082397461,1.0645999908447266,-2.247760057449341,6.153200149536133,-0.931439995765686,-1.0386079549789429,3.028479814529419,2.1526401042938232
15.58,-3.572499990463257,-21.5310001373291,1.0420000553131104,-2.2728002071380615,6.228000164031982,-0.8769200444221497,-0.9665599465370178,2.9560000896453857,2.2099199295043945
15.59,-3.572499990463257,-21.5310001373291,1.0420000553131104,-2.2728002071380615,6.228000164031982,-0.8769200444221497,-0.9665599465370178,2.9560000896453857,2.2099199295043945
15.6,-3.6296000480651855,-21.375,1.0206999778747559,-2.2960400581359863,6.30079984664917,-0.8209600448608398,-0.8921599984169006,2.882399797439575,2.264479875564575
15.610000000000001,-3.6296000480651855,-21.375,1.0206999778747559,-2.2960400581359863,6.30079984664917,-0.8209600448608398,-0.8921599984169006,2.882399797439575,2.264479875564575
15.620000000000001,-3.6296000480651855,-21.375,1.0206999778747559,-2.2960400581359863,6.30079984664917,-0.8209600448608398,-0.8921599984169006,2.882399797439575,2.264479875564575
15.63,-3.687299966812134,-21.215999603271484,1.0009000301361084,-2.3173999786376953,6.372000217437744,-0.7636799812316895,-0.8154720067977905,2.8075201511383057,2.3163199424743652
15.64,-3.687299966812134,-21.215999603271484,1.0009000301361084,-2.3173999786376953,6.372000217437744,-0.7636799812316895,-0.8154720067977905,2.8075201511383057,2.3163199424743652
15.65,-3.745500087738037,-21.055999755859375,0.9825500249862671,-2.3368000984191895,6.441200256347656,-0.7051600217819214,-0.7365919947624207,2.731519937515259,2.3654398918151855
15.66,-3.745500087738037,-21.055999755859375,0.9825500249862671,-2.3368000984191895,6.441200256347656,-0.7051600217819214,-0.7365919947624207,2.731519937515259,2.3654398918151855
15.67,-3.745500087738037,-21.055999755859375,0.9825500249862671,-2.3368000984191895,6.441200256347656,-0.7051600217819214,-0.7365919947624207,2.731519937515259,2.3654398918151855
15.68,-3.8041000366210938,-20.893999099731445,0.9656699895858765,-2.3542001247406006,6.508399963378906,-0.6454400420188904,-0.6556159853935242,2.654399871826172,2.411679983139038
15.69,-3.8041000366210938,-20.893999099731445,0.9656699895858765,-2.3542001247406006,6.508399963378906,-0.6454400420188904,-0.6556159853935242,2.654399871826172,2.411679983139038
15.700000000000001,-3.8631999492645264,-20.731000900268555,0.9502900242805481,-2.3695600032806396,6.573999881744385,-0.584600031375885,-0.5726079940795898,2.576159954071045,2.4547200202941895
15.71,-3.8631999492645264,-20.731000900268555,0.9502900242805481,-2.3695600032806396,6.573999881744385,-0.584600031375885,-0.5726079940795898,2.576159954071045,2.4547200202941895
15.72,-3.8631999492645264,-20.731000900268555,0.9502900242805481,-2.3695600032806396,6.573999881744385,-0.584600031375885,-0.5726079940795898,2.576159954071045,2.4547200202941895
15.73,-3.922600030899048,-20.56599998474121,0.9364399909973145,-2.3828399181365967,6.637200355529785,-0.5227200388908386,-0.48769599199295044,2.496799945831299,2.494719982147217
15.74,-3.922600030899048,-20.56599998474121,0.9364399909973145,-2.3828399181365967,6.637200355529785,-0.5227200388908386,-0.48769599199295044,2.496799945831299,2.494719982147217
15.75,-3.982300043106079,-20.39900016784668,0.9241600036621094,-2.3939599990844727,6.698800086975098,-0.4599199891090393,-0.4009599983692169,2.4163200855255127,2.531359910964966
15.76,-3.982300043106079,-20.39900016784668,0.9241600036621094,-2.3939599990844727,6.698800086975098,-0.4599199891090393,-0.4009599983692169,2.4163200855255127,2.531359910964966
15.77,-3.982300043106079,-20.39900016784668,0.9241600036621094,-2.3939599990844727,6.698800086975098,-0.4599199891090393,-0.4009599983692169,2.4163200855255127,2.531359910964966
15.780000000000001,-4.042200088500977,-20.231000900268555,0.9134600162506104,-2.4028799533843994,6.758000373840332,-0.3962000012397766,-0.31249597668647766,2.3347198963165283,2.5646398067474365
15.790000000000001,-4.042200088500977,-20.231000900268555,0.9134600162506104,-2.4028799533843994,6.758000373840332,-0.3962000012397766,-0.31249597668647766,2.3347198963165283,2.5646398067474365
15.8,-4.102399826049805,-20.06100082397461,0.9043599963188171,-2.409559965133667,6.8155999183654785,-0.3317039906978607,-0.2224159985780716,2.25216007232666,2.594399929046631
15.81,-4.102399826049805,-20.06100082397461,0.9043599963188171,-2.409559965133667,6.8155999183654785,-0.3317039906978607,-0.2224159985780716,2.25216007232666,2.594399929046631
15.82,-4.102399826049805,-20.06100082397461,0.9043599963188171,-2.409559965133667,6.8155999183654785,-0.3317039906978607,-0.2224159985780716,2.25216007232666,2.594399929046631
15.83,-4.162700176239014,-19.889999389648438,0.8968799710273743,-2.4139602184295654,6.870800018310547,-0.266508013010025,-0.13082879781723022,2.1684799194335938,2.6207997798919678
15.84,-4.162700176239014,-19.889999389648438,0.8968799710273743,-2.4139602184295654,6.870800018310547,-0.266508013010025,-0.13082879781723022,2.1684799194335938,2.6207997798919678
15.85,-4.223100185394287,-19.716999053955078,0.891040027141571,-2.4160802364349365,6.923999786376953,-0.20069999992847443,-0.03784479945898056,2.0838398933410645,2.643359899520874
15.860000000000001,-4.223100185394287,-19.716999053955078,0.891040027141571,-2.4160802364349365,6.923999786376953,-0.20069999992847443,-0.03784479945898056,2.0838398933410645,2.643359899520874
15.870000000000001,-4.223100185394287,-19.716999053955078,0.891040027141571,-2.4160802364349365,6.923999786376953,-0.20069999992847443,-0.03784479945898056,2.0838398933410645,2.643359899520874
15.88,-4.2835001945495605,-19.54400062561035,0.8868499994277954,-2.415839910507202,6.974800109863281,-0.13437199592590332,0.05642399564385414,1.9980798959732056,2.6623997688293457
15.89,-4.2835001945495605,-19.54400062561035,0.8868499994277954,-2.415839910507202,6.974800109863281,-0.13437199592590332,0.05642399564385414,1.9980798959732056,2.6623997688293457
15.9,-4.343900203704834,-19.368999481201172,0.8843200206756592,-2.4132401943206787,7.0239996910095215,-0.06761600077152252,0.1518608033657074,1.9113600254058838,2.6774399280548096
15.91,-4.343900203704834,-19.368999481201172,0.8843200206756592,-2.4132401943206787,7.0239996910095215,-0.06761600077152252,0.1518608033657074,1.9113600254058838,2.6774399280548096
15.92,-4.343900203704834,-19.368999481201172,0.8843200206756592,-2.4132401943206787,7.0239996910095215,-0.06761600077152252,0.1518608033657074,1.9113600254058838,2.6774399280548096
15.93,-4.404099941253662,-19.19300079345703,0.8834699988365173,-2.4082400798797607,7.070400238037109,-0.0005280800396576524,0.24833598732948303,1.8236799240112305,2.688800096511841
15.94,-4.404099941253662,-19.19300079345703,0.8834699988365173,-2.4082400798797607,7.070400238037109,-0.0005280800396576524,0.24833598732948303,1.8236799240112305,2.688800096511841
15.950000000000001,-4.464200019836426,-19.014999389648438,0.8842999935150146,-2.4008400440216064,7.114800453186035,0.06679200381040573,0.3457440137863159,1.7350399494171143,2.696159839630127
15.96,-4.464200019836426,-19.014999389648438,0.8842999935150146,-2.4008400440216064,7.114800453186035,0.06679200381040573,0.3457440137863159,1.7350399494171143,2.696159839630127
15.97,-4.464200019836426,-19.014999389648438,0.8842999935150146,-2.4008400440216064,7.114800453186035,0.06679200381040573,0.3457440137863159,1.7350399494171143,2.696159839630127
15.98,-4.524199962615967,-18.836999893188477,0.8868100047111511,-2.3909599781036377,7.157199859619141,0.13425199687480927,0.44395196437835693,1.6455999612808228,2.6996798515319824
15.99,-4.524199962615967,-18.836999893188477,0.8868100047111511,-2.3909599781036377,7.157199859619141,0.13425199687480927,0.44395196437835693,1.6455999612808228,2.6996798515319824
16.0,-4.583799839019775,-18.656999588012695,0.8910099864006042,-2.3786399364471436,7.197200298309326,0.20174799859523773,0.5428319573402405,1.5550400018692017,2.69920015335083
16.01,-4.583799839019775,-18.656999588012695,0.8910099864006042,-2.3786399364471436,7.197200298309326,0.20174799859523773,0.5428319573402405,1.5550400018692017,2.69920015335083
16.02,-4.583799839019775,-18.656999588012695,0.8910099864006042,-2.3786399364471436,7.197200298309326,0.20174799859523773,0.5428319573402405,1.5550400018692017,2.69920015335083
16.03,-4.643099784851074,-18.476999282836914,0.8968999981880188,-2.363800048828125,7.234799861907959,0.269180029630661,0.6422399878501892,1.4636480808258057,2.6947197914123535
16.04,-4.643099784851074,-18.476999282836914,0.8968999981880188,-2.363800048828125,7.234799861907959,0.269180029630661,0.6422399878501892,1.4636480808258057,2.6947197914123535
16.05,-4.701900005340576,-18.29599952697754,0.9044700264930725,-2.346520185470581,7.270400524139404,0.33645200729370117,0.7420639395713806,1.3713760375976562,2.6862399578094482
16.06,-4.701900005340576,-18.29599952697754,0.9044700264930725,-2.346520185470581,7.270400524139404,0.33645200729370117,0.7420639395713806,1.3713760375976562,2.6862399578094482
16.07,-4.701900005340576,-18.29599952697754,0.9044700264930725,-2.346520185470581,7.270400524139404,0.33645200729370117,0.7420639395713806,1.3713760375976562,2.6862399578094482
16.080000000000002,-4.76039981842041,-18.113000869750977,0.9137200117111206,-2.3267199993133545,7.303600311279297,0.403439998626709,0.8421440124511719,1.2782399654388428,2.6735997200012207
16.09,-4.76039981842041,-18.113000869750977,0.9137200117111206,-2.3267199993133545,7.303600311279297,0.403439998626709,0.8421440124511719,1.2782399654388428,2.6735997200012207
16.1,-4.818299770355225,-17.93000030517578,0.9246399998664856,-2.3044002056121826,7.334400177001953,0.4700799882411957,0.9423519968986511,1.1842399835586548,2.6571199893951416
16.11,-4.818299770355225,-17.93000030517578,0.9246399998664856,-2.3044002056121826,7.334400177001953,0.4700799882411957,0.9423519968986511,1.1842399835586548,2.6571199893951416
16.12,-4.818299770355225,-17.93000030517578,0.9246399998664856,-2.3044002056121826,7.334400177001953,0.4700799882411957,0.9423519968986511,1.1842399835586548,2.6571199893951416
16.13,-4.8755998611450195,-17.746999740600586,0.9372199773788452,-2.279599905014038,7.362800121307373,0.5362800359725952,1.0425599813461304,1.0894399881362915,2.6364800930023193
16.14,-4.8755998611450195,-17.746999740600586,0.9372199773788452,-2.279599905014038,7.362800121307373,0.5362800359725952,1.0425599813461304,1.0894399881362915,2.6364800930023193
16.15,-4.932199954986572,-17.562000274658203,0.951449990272522,-2.2522799968719482,7.388800144195557,0.6018800139427185,1.142591953277588,0.9938079714775085,2.611839771270752
16.16,-4.932199954986572,-17.562000274658203,0.951449990272522,-2.2522799968719482,7.388800144195557,0.6018800139427185,1.142591953277588,0.9938079714775085,2.611839771270752
16.17,-4.932199954986572,-17.562000274658203,0.951449990272522,-2.2522799968719482,7.388800144195557,0.6018800139427185,1.142591953277588,0.9938079714775085,2.611839771270752
16.18,-4.9882001876831055,-17.37700080871582,0.9673100113868713,-2.222480058670044,7.412400245666504,0.6668400168418884,1.2423039674758911,0.8973919749259949,2.583199977874756
16.19,-4.9882001876831055,-17.37700080871582,0.9673100113868713,-2.222480058670044,7.412400245666504,0.6668400168418884,1.2423039674758911,0.8973919749259949,2.583199977874756
16.2,-5.043300151824951,-17.191999435424805,0.9847800135612488,-2.190160036087036,7.433599948883057,0.7310000061988831,1.3415679931640625,0.8002079725265503,2.5505599975585938
16.21,-5.043300151824951,-17.191999435424805,0.9847800135612488,-2.190160036087036,7.433599948883057,0.7310000061988831,1.3415679931640625,0.8002079725265503,2.5505599975585938
16.22,-5.043300151824951,-17.191999435424805,0.9847800135612488,-2.190160036087036,7.433599948883057,0.7310000061988831,1.3415679931640625,0.8002079725265503,2.5505599975585938
16.23,-5.097599983215332,-17.006000518798828,1.0038000345230103,-2.155400037765503,7.452400207519531,0.7943200469017029,1.4402239322662354,0.7022560238838196,2.51423978805542
16.240000000000002,-5.097599983215332,-17.006000518798828,1.0038000345230103,-2.155400037765503,7.452400207519531,0.7943200469017029,1.4402239322662354,0.7022560238838196,2.51423978805542
16.25,-5.151100158691406,-16.819000244140625,1.0245000123977661,-2.1181600093841553,7.4688005447387695,0.8566800355911255,1.5381120443344116,0.6035839915275574,2.4739198684692383
16.26,-5.151100158691406,-16.819000244140625,1.0245000123977661,-2.1181600093841553,7.4688005447387695,0.8566800355911255,1.5381120443344116,0.6035839915275574,2.4739198684692383
16.27,-5.151100158691406,-16.819000244140625,1.0245000123977661,-2.1181600093841553,7.4688005447387695,0.8566800355911255,1.5381120443344116,0.6035839915275574,2.4739198684692383
16.28,-5.203499794006348,-16.631999969482422,1.0467000007629395,-2.0784800052642822,7.482800483703613,0.9180000424385071,1.6350399255752563,0.504207968711853,2.429919958114624
16.29,-5.203499794006348,-16.631999969482422,1.0467000007629395,-2.0784800052642822,7.482800483703613,0.9180000424385071,1.6350399255752563,0.504207968711853,2.429919958114624
16.3,-5.255000114440918,-16.44499969482422,1.0703999996185303,-2.036400079727173,7.494000434875488,0.97816002368927,1.7308799028396606,0.4041120111942291,2.382239818572998
16.31,-5.255000114440918,-16.44499969482422,1.0703999996185303,-2.036400079727173,7.494000434875488,0.97816002368927,1.7308799028396606,0.4041120111942291,2.382239818572998
16.32,-5.255000114440918,-16.44499969482422,1.0703999996185303,-2.036400079727173,7.494000434875488,0.97816002368927,1.7308799028396606,0.4041120111942291,2.382239818572998
16.330000000000002,-5.305300235748291,-16.257999420166016,1.0956000089645386,-1.9919599294662476,7.502799987792969,1.0370800495147705,1.8255999088287354,0.3033599853515625,2.3308799266815186
16.34,-5.305300235748291,-16.257999420166016,1.0956000089645386,-1.9919599294662476,7.502799987792969,1.0370800495147705,1.8255999088287354,0.3033599853515625,2.3308799266815186
16.35,-5.354599952697754,-16.06999969482422,1.1222000122070312,-1.945159912109375,7.509200572967529,1.0946800708770752,1.9187198877334595,0.2019519954919815,2.2761600017547607
16.36,-5.354599952697754,-16.06999969482422,1.1222000122070312,-1.945159912109375,7.509200572967529,1.0946800708770752,1.9187198877334595,0.2019519954919815,2.2761600017547607
16.37,-5.354599952697754,-16.06999969482422,1.1222000122070312,-1.945159912109375,7.509200572967529,1.0946800708770752,1.9187198877334595,0.2019519954919815,2.2761600017547607
16.38,-5.402599811553955,-15.881999969482422,1.1503000259399414,-1.8960399627685547,7.5127997398376465,1.1508400440216064,2.01039981842041,0.09990400075912476,2.2180800437927246
16.39,-5.402599811553955,-15.881999969482422,1.1503000259399414,-1.8960399627685547,7.5127997398376465,1.1508400440216064,2.01039981842041,0.09990400075912476,2.2180800437927246
16.4,-5.4492998123168945,-15.694000244140625,1.179800033569336,-1.8446400165557861,7.513999938964844,1.2055600881576538,2.1003198623657227,-0.0027502398006618023,2.156799793243408
16.41,-5.4492998123168945,-15.694000244140625,1.179800033569336,-1.8446400165557861,7.513999938964844,1.2055600881576538,2.1003198623657227,-0.0027502398006618023,2.156799793243408
16.42,-5.4492998123168945,-15.694000244140625,1.179800033569336,-1.8446400165557861,7.513999938964844,1.2055600881576538,2.1003198623657227,-0.0027502398006618023,2.156799793243408
16.43,-5.494800090789795,-15.505999565124512,1.2106000185012817,-1.791040062904358,7.5127997398376465,1.258679986000061,2.1883199214935303,-0.10599199682474136,2.092319965362549
16.44,-5.494800090789795,-15.505999565124512,1.2106000185012817,-1.791040062904358,7.5127997398376465,1.258679986000061,2.1883199214935303,-0.10599199682474136,2.092319965362549
16.45,-5.538899898529053,-15.319000244140625,1.2426999807357788,-1.7352399826049805,7.508800029754639,1.3101600408554077,2.274240016937256,-0.20979200303554535,2.0249600410461426
16.46,-5.538899898529053,-15.319000244140625,1.2426999807357788,-1.7352399826049805,7.508800029754639,1.3101600408554077,2.274240016937256,-0.20979200303554535,2.0249600410461426
16.47,-5.538899898529053,-15.319000244140625,1.2426999807357788,-1.7352399826049805,7.508800029754639,1.3101600408554077,2.274240016937256,-0.20979200303554535,2.0249600410461426
16.48,-5.581500053405762,-15.130999565124512,1.2761000394821167,-1.677319884300232,7.5024003982543945,1.359879970550537,2.3580799102783203,-0.31412798166275024,1.9548799991607666
16.490000000000002,-5.581500053405762,-15.130999565124512,1.2761000394821167,-1.677319884300232,7.5024003982543945,1.359879970550537,2.3580799102783203,-0.31412798166275024,1.9548799991607666
16.5,-5.622700214385986,-14.944000244140625,1.3107000589370728,-1.61735999584198,7.493199825286865,1.4078800678253174,2.4393599033355713,-0.41899198293685913,1.882079839706421
16.51,-5.622700214385986,-14.944000244140625,1.3107000589370728,-1.61735999584198,7.493199825286865,1.4078800678253174,2.4393599033355713,-0.41899198293685913,1.882079839706421
16.52,-5.622700214385986,-14.944000244140625,1.3107000589370728,-1.61735999584198,7.493199825286865,1.4078800678253174,2.4393599033355713,-0.41899198293685913,1.882079839706421
16.53,-5.662399768829346,-14.755999565124512,1.3464000225067139,-1.5553600788116455,7.481199741363525,1.4539600610733032,2.518239974975586,-0.5243200063705444,1.8067198991775513
16.54,-5.662399768829346,-14.755999565124512,1.3464000225067139,-1.5553600788116455,7.481199741363525,1.4539600610733032,2.518239974975586,-0.5243200063705444,1.8067198991775513
16.55,-5.700500011444092,-14.569999694824219,1.3832999467849731,-1.4914799928665161,7.466800212860107,1.4982000589370728,2.5942399501800537,-0.6300960183143616,1.7291200160980225
16.56,-5.700500011444092,-14.569999694824219,1.3832999467849731,-1.4914799928665161,7.466800212860107,1.4982000589370728,2.5942399501800537,-0.6300960183143616,1.7291200160980225
16.57,-5.700500011444092,-14.569999694824219,1.3832999467849731,-1.4914799928665161,7.466800212860107,1.4982000589370728,2.5942399501800537,-0.6300960183143616,1.7291200160980225
16.580000000000002,-5.7368998527526855,-14.383000373840332,1.4213000535964966,-1.4256800413131714,7.450000286102295,1.5404000282287598,2.667520046234131,-0.7362879514694214,1.6492799520492554
16.59,-5.7368998527526855,-14.383000373840332,1.4213000535964966,-1.4256800413131714,7.450000286102295,1.5404000282287598,2.667520046234131,-0.7362879514694214,1.6492799520492554
16.6,-5.771699905395508,-14.196999549865723,1.4602999687194824,-1.3581199645996094,7.430000305175781,1.5806400775909424,2.737919807434082,-0.8428639769554138,1.5675039291381836
16.61,-5.771699905395508,-14.196999549865723,1.4602999687194824,-1.3581199645996094,7.430000305175781,1.5806400775909424,2.737919807434082,-0.8428639769554138,1.5675039291381836
16.62,-5.771699905395508,-14.196999549865723,1.4602999687194824,-1.3581199645996094,7.430000305175781,1.5806400775909424,2.737919807434082,-0.8428639769554138,1.5675039291381836
16.63,-5.804800033569336,-14.01200008392334,1.5003000497817993,-1.2888400554656982,7.407599925994873,1.6187599897384644,2.804960012435913,-0.9497759938240051,1.4838720560073853
16.64,-5.804800033569336,-14.01200008392334,1.5003000497817993,-1.2888400554656982,7.407599925994873,1.6187599897384644,2.804960012435913,-0.9497759938240051,1.4838720560073853
16.65,-5.83620023727417,-13.82699966430664,1.5413000583648682,-1.2178800106048584,7.382400035858154,1.6548000574111938,2.868799924850464,-1.0569920539855957,1.398576021194458
16.66,-5.83620023727417,-13.82699966430664,1.5413000583648682,-1.2178800106048584,7.382400035858154,1.6548000574111938,2.868799924850464,-1.0569920539855957,1.398576021194458
16.67,-5.83620023727417,-13.82699966430664,1.5413000583648682,-1.2178800106048584,7.382400035858154,1.6548000574111938,2.868799924850464,-1.0569920539855957,1.398576021194458
16.68,-5.865699768066406,-13.642999649047852,1.5830999612808228,-1.145400047302246,7.354799747467041,1.6886800527572632,2.9292800426483154,-1.164463996887207,1.3118079900741577
16.69,-5.865699768066406,-13.642999649047852,1.5830999612808228,-1.145400047302246,7.354799747467041,1.6886800527572632,2.9292800426483154,-1.164463996887207,1.3118079900741577
16.7,-5.893400192260742,-13.458999633789062,1.6256999969482422,-1.0714401006698608,7.324400424957275,1.720400094985962,2.9860799312591553,-1.2721600532531738,1.2237439155578613
16.71,-5.893400192260742,-13.458999633789062,1.6256999969482422,-1.0714401006698608,7.324400424957275,1.720400094985962,2.9860799312591553,-1.2721600532531738,1.2237439155578613
16.72,-5.893400192260742,-13.458999633789062,1.6256999969482422,-1.0714401006698608,7.324400424957275,1.720400094985962,2.9860799312591553,-1.2721600532531738,1.2237439155578613
16.73,-5.919300079345703,-13.276000022888184,1.669100046157837,-0.9961199760437012,7.291200160980225,1.749880075454712,3.0393600463867188,-1.3800159692764282,1.134559988975525
16.740000000000002,-5.919300079345703,-13.276000022888184,1.669100046157837,-0.9961199760437012,7.291200160980225,1.749880075454712,3.0393600463867188,-1.3800159692764282,1.134559988975525
16.75,-5.94320011138916,-13.093999862670898,1.7131999731063843,-0.9195200204849243,7.255200386047363,1.7771199941635132,3.0887999534606934,-1.4879839420318604,1.0444319248199463
16.76,-5.94320011138916,-13.093999862670898,1.7131999731063843,-0.9195200204849243,7.255200386047363,1.7771199941635132,3.0887999534606934,-1.4879839420318604,1.0444319248199463
16.77,-5.94320011138916,-13.093999862670898,1.7131999731063843,-0.9195200204849243,7.255200386047363,1.7771199941635132,3.0887999534606934,-1.4879839420318604,1.0444319248199463
16.78,-5.965199947357178,-12.913999557495117,1.7578999996185303,-0.8417200446128845,7.216800212860107,1.8020800352096558,3.13424015045166,-1.5960159301757812,0.9535359740257263
16.79,-5.965199947357178,-12.913999557495117,1.7578999996185303,-0.8417200446128845,7.216800212860107,1.8020800352096558,3.13424015045166,-1.5960159301757812,0.9535359740257263
16.8,-5.985300064086914,-12.734000205993652,1.8032000064849854,-0.7628399729728699,7.175599575042725,1.82479989528656,3.175840139389038,-1.7039998769760132,0.8620319962501526
16.81,-5.985300064086914,-12.734000205993652,1.8032000064849854,-0.7628399729728699,7.175599575042725,1.82479989528656,3.175840139389038,-1.7039998769760132,0.8620319962501526
16.82,-5.985300064086914,-12.734000205993652,1.8032000064849854,-0.7628399729728699,7.175599575042725,1.82479989528656,3.175840139389038,-1.7039998769760132,0.8620319962501526
16.830000000000002,-6.003399848937988,-12.555000305175781,1.8490999937057495,-0.6829599738121033,7.131600379943848,1.8451999425888062,3.2131199836730957,-1.8119999170303345,0.7701119780540466
16.84,-6.003399848937988,-12.555000305175781,1.8490999937057495,-0.6829599738121033,7.131600379943848,1.8451999425888062,3.2131199836730957,-1.8119999170303345,0.7701119780540466
16.85,-6.019400119781494,-12.376999855041504,1.8954999446868896,-0.6021999716758728,7.0848002433776855,1.863279938697815,3.2464001178741455,-1.919839859008789,0.6779360175132751
16.86,-6.019400119781494,-12.376999855041504,1.8954999446868896,-0.6021999716758728,7.0848002433776855,1.863279938697815,3.2464001178741455,-1.919839859008789,0.6779360175132751
16.87,-6.019400119781494,-12.376999855041504,1.8954999446868896,-0.6021999716758728,7.0848002433776855,1.863279938697815,3.2464001178741455,-1.919839859008789,0.6779360175132751
16.88,-6.0335001945495605,-12.201000213623047,1.9422999620437622,-0.5206800103187561,7.035600185394287,1.879080057144165,3.2751998901367188,-2.027519941329956,0.5856639742851257
16.89,-6.0335001945495605,-12.201000213623047,1.9422999620437622,-0.5206800103187561,7.035600185394287,1.879080057144165,3.2751998901367188,-2.027519941329956,0.5856639742851257
16.9,-6.045499801635742,-12.024999618530273,1.989400029182434,-0.4384799897670746,6.98360013961792,1.8925600051879883,3.299839973449707,-2.1348800659179688,0.4934559762477875
16.91,-6.045499801635742,-12.024999618530273,1.989400029182434,-0.4384799897670746,6.98360013961792,1.8925600051879883,3.299839973449707,-2.1348800659179688,0.4934559762477875
16.92,-6.045499801635742,-12.024999618530273,1.989400029182434,-0.4384799897670746,6.98360013961792,1.8925600051879883,3.299839973449707,-2.1348800659179688,0.4934559762477875
16.93,-6.0553998947143555,-11.85099983215332,2.036900043487549,-0.35573598742485046,6.928800106048584,1.9037599563598633,3.319999933242798,-2.241919994354248,0.4014720022678375
16.94,-6.0553998947143555,-11.85099983215332,2.036900043487549,-0.35573598742485046,6.928800106048584,1.9037599563598633,3.319999933242798,-2.241919994354248,0.4014720022678375
16.95,-6.063300132751465,-11.678999900817871,2.0845999717712402,-0.2725360095500946,6.87160062789917,1.9126399755477905,3.335520029067993,-2.348479986190796,0.30987200140953064
16.96,-6.063300132751465,-11.678999900817871,2.0845999717712402,-0.2725360095500946,6.87160062789917,1.9126399755477905,3.335520029067993,-2.348479986190796,0.30987200140953064
16.97,-6.063300132751465,-11.678999900817871,2.0845999717712402,-0.2725360095500946,6.87160062789917,1.9126399755477905,3.335520029067993,-2.348479986190796,0.30987200140953064
16.98,-6.068999767303467,-11.508000373840332,2.132499933242798,-0.18899600207805634,6.8115997314453125,1.9192399978637695,3.346719980239868,-2.454559803009033,0.21876800060272217
16.990000000000002,-6.068999767303467,-11.508000373840332,2.132499933242798,-0.18899600207805634,6.8115997314453125,1.9192399978637695,3.346719980239868,-2.454559803009033,0.21876800060272217
17.0,-6.072700023651123,-11.338000297546387,2.180500030517578,-0.10524000227451324,6.748799800872803,1.9236000776290894,3.3532800674438477,-2.559999942779541,0.12832960486412048
17.01,-6.072700023651123,-11.338000297546387,2.180500030517578,-0.10524000227451324,6.748799800872803,1.9236000776290894,3.3532800674438477,-2.559999942779541,0.12832960486412048
17.02,-6.072700023651123,-11.338000297546387,2.180500030517578,-0.10524000227451324,6.748799800872803,1.9236000776290894,3.3532800674438477,-2.559999942779541,0.12832960486412048
17.03,-6.0742998123168945,-11.170000076293945,2.228600025177002,-0.021373201161623,6.683599948883057,1.9256800413131714,3.3551998138427734,-2.6648001670837402,0.03867679834365845
17.04,-6.0742998123168945,-11.170000076293945,2.228600025177002,-0.021373201161623,6.683599948883057,1.9256800413131714,3.3551998138427734,-2.6648001670837402,0.03867679834365845
17.05,-6.073800086975098,-11.003999710083008,2.2767999172210693,0.062484003603458405,6.615600109100342,1.9255199432373047,3.35263991355896,-2.7686400413513184,-0.0500623993575573
17.06,-6.073800086975098,-11.003999710083008,2.2767999172210693,0.062484003603458405,6.615600109100342,1.9255199432373047,3.35263991355896,-2.7686400413513184,-0.0500623993575573
17.07,-6.073800086975098,-11.003999710083008,2.2767999172210693,0.062484003603458405,6.615600109100342,1.9255199432373047,3.35263991355896,-2.7686400413513184,-0.0500623993575573
17.080000000000002,-6.071199893951416,-10.84000015258789,2.324899911880493,0.1462160050868988,6.545200347900391,1.923200011253357,3.345280170440674,-2.8716800212860107,-0.13776639103889465
17.09,-6.071199893951416,-10.84000015258789,2.324899911880493,0.1462160050868988,6.545200347900391,1.923200011253357,3.345280170440674,-2.8716800212860107,-0.13776639103889465
17.1,-6.066500186920166,-10.677000045776367,2.3729000091552734,0.22971200942993164,6.4720001220703125,1.9186400175094604,3.333439826965332,-2.973759889602661,-0.22431999444961548
17.11,-6.066500186920166,-10.677000045776367,2.3729000091552734,0.22971200942993164,6.4720001220703125,1.9186400175094604,3.333439826965332,-2.973759889602661,-0.22431999444961548
17.12,-6.066500186920166,-10.677000045776367,2.3729000091552734,0.22971200942993164,6.4720001220703125,1.9186400175094604,3.333439826965332,-2.973759889602661,-0.22431999444961548
17.13,-6.059700012207031,-10.515999794006348,2.420799970626831,0.31285199522972107,6.396399974822998,1.9119600057601929,3.316960096359253,-3.0747196674346924,-0.30959999561309814
17.14,-6.059700012207031,-10.515999794006348,2.420799970626831,0.31285199522972107,6.396399974822998,1.9119600057601929,3.316960096359253,-3.0747196674346924,-0.30959999561309814
17.150000000000002,-6.05079984664917,-10.357000350952148,2.4684998989105225,0.39552000164985657,6.318399906158447,1.9032000303268433,3.29584002494812,-3.1743998527526855,-0.3935199975967407
17.16,-6.05079984664917,-10.357000350952148,2.4684998989105225,0.39552000164985657,6.318399906158447,1.9032000303268433,3.29584002494812,-3.1743998527526855,-0.3935199975967407
17.17,-6.05079984664917,-10.357000350952148,2.4684998989105225,0.39552000164985657,6.318399906158447,1.9032000303268433,3.29584002494812,-3.1743998527526855,-0.3935199975967407
17.18,-6.039899826049805,-10.199999809265137,2.5160000324249268,0.47760000824928284,6.237599849700928,1.8923200368881226,3.27023983001709,-3.2727999687194824,-0.47598397731781006
17.19,-6.039899826049805,-10.199999809265137,2.5160000324249268,0.47760000824928284,6.237599849700928,1.8923200368881226,3.27023983001709,-3.2727999687194824,-0.47598397731781006
17.2,-6.026899814605713,-10.045000076293945,2.5631000995635986,0.5590000152587891,6.154799938201904,1.8794001340866089,3.240000009536743,-3.369760036468506,-0.5568640232086182
17.21,-6.026899814605713,-10.045000076293945,2.5631000995635986,0.5590000152587891,6.154799938201904,1.8794001340866089,3.240000009536743,-3.369760036468506,-0.5568640232086182
17.22,-6.026899814605713,-10.045000076293945,2.5631000995635986,0.5590000152587891,6.154799938201904,1.8794001340866089,3.240000009536743,-3.369760036468506,-0.5568640232086182
17.23,-6.01200008392334,-9.892499923706055,2.6098999977111816,0.6395599842071533,6.069200038909912,1.8644800186157227,3.205280065536499,-3.4649598598480225,-0.6360960006713867
17.240000000000002,-6.01200008392334,-9.892499923706055,2.6098999977111816,0.6395599842071533,6.069200038909912,1.8644800186157227,3.205280065536499,-3.4649598598480225,-0.6360960006713867
17.25,-5.994999885559082,-9.741900444030762,2.6563000679016113,0.7192400097846985,5.981200218200684,1.847599983215332,3.1662399768829346,-3.558720111846924,-0.7135839462280273
17.26,-5.994999885559082,-9.741900444030762,2.6563000679016113,0.7192400097846985,5.981200218200684,1.847599983215332,3.1662399768829346,-3.558720111846924,-0.7135839462280273
17.27,-5.994999885559082,-9.741900444030762,2.6563000679016113,0.7192400097846985,5.981200218200684,1.847599983215332,3.1662399768829346,-3.558720111846924,-0.7135839462280273
17.28,-5.97599983215332,-9.593500137329102,2.7023000717163086,0.7978400588035583,5.891200065612793,1.8288401365280151,3.1225600242614746,-3.650559902191162,-0.7892320156097412
17.29,-5.97599983215332,-9.593500137329102,2.7023000717163086,0.7978400588035583,5.891200065612793,1.8288401365280151,3.1225600242614746,-3.650559902191162,-0.7892320156097412
17.3,-5.955100059509277,-9.447400093078613,2.7476999759674072,0.8753199577331543,5.798799991607666,1.8081600666046143,3.0747196674346924,-3.7404799461364746,-0.8630079627037048
17.31,-5.955100059509277,-9.447400093078613,2.7476999759674072,0.8753199577331543,5.798799991607666,1.8081600666046143,3.0747196674346924,-3.7404799461364746,-0.8630079627037048
17.32,-5.955100059509277,-9.447400093078613,2.7476999759674072,0.8753199577331543,5.798799991607666,1.8081600666046143,3.0747196674346924,-3.7404799461364746,-0.8630079627037048
17.330000000000002,-5.932300090789795,-9.303600311279297,2.7927000522613525,0.9515600204467773,5.704400062561035,1.7856800556182861,3.0225601196289062,-3.828479766845703,-0.9348000288009644
17.34,-5.932300090789795,-9.303600311279297,2.7927000522613525,0.9515600204467773,5.704400062561035,1.7856800556182861,3.0225601196289062,-3.828479766845703,-0.9348000288009644
17.35,-5.90749979019165,-9.162199974060059,2.8369998931884766,1.0263999700546265,5.607600212097168,1.7614401578903198,2.9662399291992188,-3.9142401218414307,-1.0045440196990967
17.36,-5.90749979019165,-9.162199974060059,2.8369998931884766,1.0263999700546265,5.607600212097168,1.7614401578903198,2.9662399291992188,-3.9142401218414307,-1.0045440196990967
17.37,-5.90749979019165,-9.162199974060059,2.8369998931884766,1.0263999700546265,5.607600212097168,1.7614401578903198,2.9662399291992188,-3.9142401218414307,-1.0045440196990967
17.38,-5.880899906158447,-9.023200035095215,2.88070011138916,1.0997999906539917,5.508399963378906,1.7354799509048462,2.90559983253479,-3.9977598190307617,-1.072208046913147
17.39,-5.880899906158447,-9.023200035095215,2.88070011138916,1.0997999906539917,5.508399963378906,1.7354799509048462,2.90559983253479,-3.9977598190307617,-1.072208046913147
17.400000000000002,-5.852499961853027,-8.886799812316895,2.923799991607666,1.171679973602295,5.407599925994873,1.7078399658203125,2.8411200046539307,-4.0788798332214355,-1.137712001800537
17.41,-5.852499961853027,-8.886799812316895,2.923799991607666,1.171679973602295,5.407599925994873,1.7078399658203125,2.8411200046539307,-4.0788798332214355,-1.137712001800537
17.42,-5.852499961853027,-8.886799812316895,2.923799991607666,1.171679973602295,5.407599925994873,1.7078399658203125,2.8411200046539307,-4.0788798332214355,-1.137712001800537
17.43,-5.822400093078613,-8.752799987792969,2.966099977493286,1.2418400049209595,5.304800033569336,1.6785999536514282,2.7726399898529053,-4.157599925994873,-1.2009919881820679
17.44,-5.822400093078613,-8.752799987792969,2.966099977493286,1.2418400049209595,5.304800033569336,1.6785999536514282,2.7726399898529053,-4.157599925994873,-1.2009919881820679
17.45,-5.790500164031982,-8.621500015258789,3.007699966430664,1.3102800846099854,5.199599742889404,1.647800087928772,2.70032000541687,-4.233599662780762,-1.26201593875885
17.46,-5.790500164031982,-8.621500015258789,3.007699966430664,1.3102800846099854,5.199599742889404,1.647800087928772,2.70032000541687,-4.233599662780762,-1.26201593875885
17.47,-5.790500164031982,-8.621500015258789,3.007699966430664,1.3102800846099854,5.199599742889404,1.647800087928772,2.70032000541687,-4.233599662780762,-1.26201593875885
17.48,-5.756899833679199,-8.492899894714355,3.0485000610351562,1.3768399953842163,5.092800140380859,1.6155198812484741,2.624159812927246,-4.306879997253418,-1.3207359313964844
17.490000000000002,-5.756899833679199,-8.492899894714355,3.0485000610351562,1.3768399953842163,5.092800140380859,1.6155198812484741,2.624159812927246,-4.306879997253418,-1.3207359313964844
17.5,-5.72160005569458,-8.366900444030762,3.0885000228881836,1.4414399862289429,4.984400272369385,1.5817999839782715,2.5443201065063477,-4.377279758453369,-1.3771040439605713
17.51,-5.72160005569458,-8.366900444030762,3.0885000228881836,1.4414399862289429,4.984400272369385,1.5817999839782715,2.5443201065063477,-4.377279758453369,-1.3771040439605713
17.52,-5.72160005569458,-8.366900444030762,3.0885000228881836,1.4414399862289429,4.984400272369385,1.5817999839782715,2.5443201065063477,-4.377279758453369,-1.3771040439605713
17.53,-5.684800148010254,-8.24370002746582,3.1275999546051025,1.5040000677108765,4.874000072479248,1.546679973602295,2.4611198902130127,-4.444639682769775,-1.4311039447784424
17.54,-5.684800148010254,-8.24370002746582,3.1275999546051025,1.5040000677108765,4.874000072479248,1.546679973602295,2.4611198902130127,-4.444639682769775,-1.4311039447784424
17.55,-5.646500110626221,-8.123200416564941,3.165800094604492,1.5644800662994385,4.76200008392334,1.5102800130844116,2.3743999004364014,-4.509119987487793,-1.4826719760894775
17.56,-5.646500110626221,-8.123200416564941,3.165800094604492,1.5644800662994385,4.76200008392334,1.5102800130844116,2.3743999004364014,-4.509119987487793,-1.4826719760894775
17.57,-5.646500110626221,-8.123200416564941,3.165800094604492,1.5644800662994385,4.76200008392334,1.5102800130844116,2.3743999004364014,-4.509119987487793,-1.4826719760894775
17.580000000000002,-5.606599807739258,-8.005599975585938,3.2030999660491943,1.6227200031280518,4.648799896240234,1.472599983215332,2.284479856491089,-4.570239543914795,-1.5317919254302979
17.59,-5.606599807739258,-8.005599975585938,3.2030999660491943,1.6227200031280518,4.648799896240234,1.472599983215332,2.284479856491089,-4.570239543914795,-1.5317919254302979
17.6,-5.565299987792969,-7.8907999992370605,3.2393999099731445,1.6786800622940063,4.533599853515625,1.4336799383163452,2.1913599967956543,-4.628159999847412,-1.5784640312194824
17.61,-5.565299987792969,-7.8907999992370605,3.2393999099731445,1.6786800622940063,4.533599853515625,1.4336799383163452,2.1913599967956543,-4.628159999847412,-1.5784640312194824
17.62,-5.565299987792969,-7.8907999992370605,3.2393999099731445,1.6786800622940063,4.533599853515625,1.4336799383163452,2.1913599967956543,-4.628159999847412,-1.5784640312194824
17.63,-5.52269983291626,-7.778900146484375,3.2746999263763428,1.7322399616241455,4.417200088500977,1.3936799764633179,2.0952000617980957,-4.682719707489014,-1.622559905052185
17.64,-5.52269983291626,-7.778900146484375,3.2746999263763428,1.7322399616241455,4.417200088500977,1.3936799764633179,2.0952000617980957,-4.682719707489014,-1.622559905052185
17.650000000000002,-5.478799819946289,-7.669899940490723,3.3090999126434326,1.7833999395370483,4.299600124359131,1.3525999784469604,1.9961599111557007,-4.733759880065918,-1.6643199920654297
17.66,-5.478799819946289,-7.669899940490723,3.3090999126434326,1.7833999395370483,4.299600124359131,1.3525999784469604,1.9961599111557007,-4.733759880065918,-1.6643199920654297
17.67,-5.478799819946289,-7.669899940490723,3.3090999126434326,1.7833999395370483,4.299600124359131,1.3525999784469604,1.9961599111557007,-4.733759880065918,-1.6643199920654297
17.68,-5.433599948883057,-7.563899993896484,3.342400074005127,1.8320400714874268,4.180799961090088,1.310479998588562,1.8944000005722046,-4.7811198234558105,-1.7033599615097046
17.69,-5.433599948883057,-7.563899993896484,3.342400074005127,1.8320400714874268,4.180799961090088,1.310479998588562,1.8944000005722046,-4.7811198234558105,-1.7033599615097046
17.7,-5.387199878692627,-7.460899829864502,3.3745999336242676,1.8780800104141235,4.060400009155273,1.2674400806427002,1.7899199724197388,-4.824959754943848,-1.7400000095367432
17.71,-5.387199878692627,-7.460899829864502,3.3745999336242676,1.8780800104141235,4.060400009155273,1.2674400806427002,1.7899199724197388,-4.824959754943848,-1.7400000095367432
17.72,-5.387199878692627,-7.460899829864502,3.3745999336242676,1.8780800104141235,4.060400009155273,1.2674400806427002,1.7899199724197388,-4.824959754943848,-1.7400000095367432
17.73,-5.339700222015381,-7.360899925231934,3.4056999683380127,1.9215201139450073,3.9394402503967285,1.223520040512085,1.6832000017166138,-4.864959716796875,-1.7740800380706787
17.740000000000002,-5.339700222015381,-7.360899925231934,3.4056999683380127,1.9215201139450073,3.9394402503967285,1.223520040512085,1.6832000017166138,-4.864959716796875,-1.7740800380706787
17.75,-5.291100025177002,-7.263899803161621,3.435800075531006,1.9622400999069214,3.8173599243164062,1.1787599325180054,1.5739680528640747,-4.9009599685668945,-1.8055999279022217
17.76,-5.291100025177002,-7.263899803161621,3.435800075531006,1.9622400999069214,3.8173599243164062,1.1787599325180054,1.5739680528640747,-4.9009599685668945,-1.8055999279022217
17.77,-5.291100025177002,-7.263899803161621,3.435800075531006,1.9622400999069214,3.8173599243164062,1.1787599325180054,1.5739680528640747,-4.9009599685668945,-1.8055999279022217
17.78,-5.241600036621094,-7.170000076293945,3.4646999835968018,2.000200033187866,3.6944401264190674,1.1332401037216187,1.4626400470733643,-4.933119773864746,-1.8345599174499512
17.79,-5.241600036621094,-7.170000076293945,3.4646999835968018,2.000200033187866,3.6944401264190674,1.1332401037216187,1.4626400470733643,-4.933119773864746,-1.8345599174499512
17.8,-5.191100120544434,-7.07919979095459,3.4923999309539795,2.035360097885132,3.5707199573516846,1.0870400667190552,1.3493279218673706,-4.96127986907959,-1.8611199855804443
17.81,-5.191100120544434,-7.07919979095459,3.4923999309539795,2.035360097885132,3.5707199573516846,1.0870400667190552,1.3493279218673706,-4.96127986907959,-1.8611199855804443
17.82,-5.191100120544434,-7.07919979095459,3.4923999309539795,2.035360097885132,3.5707199573516846,1.0870400667190552,1.3493279218673706,-4.96127986907959,-1.8611199855804443
17.830000000000002,-5.139800071716309,-6.991499900817871,3.5190000534057617,2.0676400661468506,3.4464001655578613,1.040200114250183,1.23419189453125,-4.9852800369262695,-1.8849599361419678
17.84,-5.139800071716309,-6.991499900817871,3.5190000534057617,2.0676400661468506,3.4464001655578613,1.040200114250183,1.23419189453125,-4.9852800369262695,-1.8849599361419678
17.85,-5.087800025939941,-6.906899929046631,3.5443999767303467,2.0970399379730225,3.3215198516845703,0.9928000569343567,1.11735999584198,-5.005280017852783,-1.9063999652862549
17.86,-5.087800025939941,-6.906899929046631,3.5443999767303467,2.0970399379730225,3.3215198516845703,0.9928000569343567,1.11735999584198,-5.005280017852783,-1.9063999652862549
17.87,-5.087800025939941,-6.906899929046631,3.5443999767303467,2.0970399379730225,3.3215198516845703,0.9928000569343567,1.11735999584198,-5.005280017852783,-1.9063999652862549
17.88,-5.034999847412109,-6.825399875640869,3.5685999393463135,2.1235201358795166,3.196160078048706,0.944920003414154,0.9990399479866028,-5.020959854125977,-1.925279974937439
17.89,-5.034999847412109,-6.825399875640869,3.5685999393463135,2.1235201358795166,3.196160078048706,0.944920003414154,0.9990399479866028,-5.020959854125977,-1.925279974937439
17.900000000000002,-4.981599807739258,-6.747099876403809,3.5917000770568848,2.1470000743865967,3.0704801082611084,0.89656001329422,0.8793599605560303,-5.032320022583008,-1.9417599439620972
17.91,-4.981599807739258,-6.747099876403809,3.5917000770568848,2.1470000743865967,3.0704801082611084,0.89656001329422,0.8793599605560303,-5.032320022583008,-1.9417599439620972
17.92,-4.981599807739258,-6.747099876403809,3.5917000770568848,2.1470000743865967,3.0704801082611084,0.89656001329422,0.8793599605560303,-5.032320022583008,-1.9417599439620972
17.93,-4.927700042724609,-6.671899795532227,3.6135001182556152,2.167480230331421,2.9445998668670654,0.8478400111198425,0.7585279941558838,-5.039360046386719,-1.9556798934936523
17.94,-4.927700042724609,-6.671899795532227,3.6135001182556152,2.167480230331421,2.9445998668670654,0.8478400111198425,0.7585279941558838,-5.039360046386719,-1.9556798934936523
17.95,-4.873300075531006,-6.599899768829346,3.6340999603271484,2.184920072555542,2.8185601234436035,0.798799991607666,0.6366719603538513,-5.042079925537109,-1.967039942741394
17.96,-4.873300075531006,-6.599899768829346,3.6340999603271484,2.184920072555542,2.8185601234436035,0.798799991607666,0.6366719603538513,-5.042079925537109,-1.967039942741394
17.97,-4.873300075531006,-6.599899768829346,3.6340999603271484,2.184920072555542,2.8185601234436035,0.798799991607666,0.6366719603538513,-5.042079925537109,-1.967039942741394
17.98,-4.81850004196167,-6.531000137329102,3.65339994430542,2.199280023574829,2.6925199031829834,0.7495200037956238,0.5139999985694885,-5.040319919586182,-1.976159930229187
17.990000000000002,-4.81850004196167,-6.531000137329102,3.65339994430542,2.199280023574829,2.6925199031829834,0.7495200037956238,0.5139999985694885,-5.040319919586182,-1.976159930229187
18.0,-4.763299942016602,-6.4653000831604,3.6714999675750732,2.2106001377105713,2.5666000843048096,0.7000400424003601,0.3906719982624054,-5.034079551696777,-1.9827200174331665
18.01,-4.763299942016602,-6.4653000831604,3.6714999675750732,2.2106001377105713,2.5666000843048096,0.7000400424003601,0.3906719982624054,-5.034079551696777,-1.9827200174331665
18.02,-4.763299942016602,-6.4653000831604,3.6714999675750732,2.2106001377105713,2.5666000843048096,0.7000400424003601,0.3906719982624054,-5.034079551696777,-1.9827200174331665
18.03,-4.708000183105469,-6.402699947357178,3.6884000301361084,2.2188000679016113,2.440840005874634,0.6504000425338745,0.26686400175094604,-5.023359775543213,-1.9870399236679077
18.04,-4.708000183105469,-6.402699947357178,3.6884000301361084,2.2188000679016113,2.440840005874634,0.6504000425338745,0.26686400175094604,-5.023359775543213,-1.9870399236679077
18.05,-4.652400016784668,-6.343200206756592,3.7039999961853027,2.2239201068878174,2.3154399394989014,0.6006800532341003,0.14276160299777985,-5.008319854736328,-1.9889599084854126
18.06,-4.652400016784668,-6.343200206756592,3.7039999961853027,2.2239201068878174,2.3154399394989014,0.6006800532341003,0.14276160299777985,-5.008319854736328,-1.9889599084854126
18.07,-4.652400016784668,-6.343200206756592,3.7039999961853027,2.2239201068878174,2.3154399394989014,0.6006800532341003,0.14276160299777985,-5.008319854736328,-1.9889599084854126
18.080000000000002,-4.596799850463867,-6.286900043487549,3.718400001525879,2.2259600162506104,2.1904799938201904,0.5509600043296814,0.01852639950811863,-4.988639831542969,-1.9886399507522583
18.09,-4.596799850463867,-6.286900043487549,3.718400001525879,2.2259600162506104,2.1904799938201904,0.5509600043296814,0.01852639950811863,-4.988639831542969,-1.9886399507522583
18.1,-4.541200160980225,-6.233699798583984,3.731600046157837,2.2248799800872803,2.066080093383789,0.5012800097465515,-0.10565919429063797,-4.964479923248291,-1.9860799312591553
18.11,-4.541200160980225,-6.233699798583984,3.731600046157837,2.2248799800872803,2.066080093383789,0.5012800097465515,-0.10565919429063797,-4.964479923248291,-1.9860799312591553
18.12,-4.541200160980225,-6.233699798583984,3.731600046157837,2.2248799800872803,2.066080093383789,0.5012800097465515,-0.10565919429063797,-4.964479923248291,-1.9860799312591553
18.13,-4.485599994659424,-6.183599948883057,3.743499994277954,2.220679998397827,1.9422800540924072,0.4516800045967102,-0.2296159863471985,-4.935840129852295,-1.981119990348816
18.14,-4.485599994659424,-6.183599948883057,3.743499994277954,2.220679998397827,1.9422800540924072,0.4516800045967102,-0.2296159863471985,-4.935840129852295,-1.981119990348816
18.150000000000002,-4.430099964141846,-6.136600017547607,3.754199981689453,2.21340012550354,1.8193199634552002,0.40224000811576843,-0.35315200686454773,-4.902719974517822,-1.974079966545105
18.16,-4.430099964141846,-6.136600017547607,3.754199981689453,2.21340012550354,1.8193199634552002,0.40224000811576843,-0.35315200686454773,-4.902719974517822,-1.974079966545105
18.17,-4.430099964141846,-6.136600017547607,3.754199981689453,2.21340012550354,1.8193199634552002,0.40224000811576843,-0.35315200686454773,-4.902719974517822,-1.974079966545105
18.18,-4.374899864196777,-6.092599868774414,3.7636001110076904,2.2030398845672607,1.697200059890747,0.35299599170684814,-0.4761119782924652,-4.865119934082031,-1.964959979057312
18.19,-4.374899864196777,-6.092599868774414,3.7636001110076904,2.2030398845672607,1.697200059890747,0.35299599170684814,-0.4761119782924652,-4.865119934082031,-1.964959979057312
18.2,-4.320000171661377,-6.051700115203857,3.7718000411987305,2.1895999908447266,1.576080083847046,0.30400800704956055,-0.5983200073242188,-4.823039531707764,-1.9535999298095703
18.21,-4.320000171661377,-6.051700115203857,3.7718000411987305,2.1895999908447266,1.576080083847046,0.30400800704956055,-0.5983200073242188,-4.823039531707764,-1.9535999298095703
18.22,-4.320000171661377,-6.051700115203857,3.7718000411987305,2.1895999908447266,1.576080083847046,0.30400800704956055,-0.5983200073242188,-4.823039531707764,-1.9535999298095703
18.23,-4.265500068664551,-6.013800144195557,3.7788000106811523,2.1731200218200684,1.4560799598693848,0.2553280293941498,-0.7195680141448975,-4.776639938354492,-1.9403198957443237
18.240000000000002,-4.265500068664551,-6.013800144195557,3.7788000106811523,2.1731200218200684,1.4560799598693848,0.2553280293941498,-0.7195680141448975,-4.776639938354492,-1.9403198957443237
18.25,-4.211400032043457,-5.978899955749512,3.784600019454956,2.153640031814575,1.337280035018921,0.2070080041885376,-0.839695930480957,-4.7259202003479,-1.9249600172042847
18.26,-4.211400032043457,-5.978899955749512,3.784600019454956,2.153640031814575,1.337280035018921,0.2070080041885376,-0.839695930480957,-4.7259202003479,-1.9249600172042847
18.27,-4.211400032043457,-5.978899955749512,3.784600019454956,2.153640031814575,1.337280035018921,0.2070080041885376,-0.839695930480957,-4.7259202003479,-1.9249600172042847
18.28,-4.157800197601318,-5.946899890899658,3.7892000675201416,2.131119966506958,1.2198399305343628,0.15909600257873535,-0.9585279822349548,-4.670719623565674,-1.9076800346374512
18.29,-4.157800197601318,-5.946899890899658,3.7892000675201416,2.131119966506958,1.2198399305343628,0.15909600257873535,-0.9585279822349548,-4.670719623565674,-1.9076800346374512
18.3,-4.104899883270264,-5.917900085449219,3.79259991645813,2.105720043182373,1.1038000583648682,0.11163599789142609,-1.07588791847229,-4.611359596252441,-1.8886399269104004
18.31,-4.104899883270264,-5.917900085449219,3.79259991645813,2.105720043182373,1.1038000583648682,0.11163599789142609,-1.07588791847229,-4.611359596252441,-1.8886399269104004
18.32,-4.104899883270264,-5.917900085449219,3.79259991645813,2.105720043182373,1.1038000583648682,0.11163599789142609,-1.07588791847229,-4.611359596252441,-1.8886399269104004
18.330000000000002,-4.052599906921387,-5.89169979095459,3.794800043106079,2.077359914779663,0.9892800450325012,0.06468000262975693,-1.1916159391403198,-4.547679901123047,-1.8675199747085571
18.34,-4.052599906921387,-5.89169979095459,3.794800043106079,2.077359914779663,0.9892800450325012,0.06468000262975693,-1.1916159391403198,-4.547679901123047,-1.8675199747085571
18.35,-4.000999927520752,-5.8684000968933105,3.795799970626831,2.0461599826812744,0.8764399886131287,0.018272001296281815,-1.3055039644241333,-4.480000019073486,-1.8447998762130737
18.36,-4.000999927520752,-5.8684000968933105,3.795799970626831,2.0461599826812744,0.8764399886131287,0.018272001296281815,-1.3055039644241333,-4.480000019073486,-1.8447998762130737
18.37,-4.000999927520752,-5.8684000968933105,3.795799970626831,2.0461599826812744,0.8764399886131287,0.018272001296281815,-1.3055039644241333,-4.480000019073486,-1.8447998762130737
18.38,-3.9502999782562256,-5.847899913787842,3.7957000732421875,2.012079954147339,0.7653200030326843,-0.02754560112953186,-1.4174079895019531,-4.408160209655762,-1.8203198909759521
18.39,-3.9502999782562256,-5.847899913787842,3.7957000732421875,2.012079954147339,0.7653200030326843,-0.02754560112953186,-1.4174079895019531,-4.408160209655762,-1.8203198909759521
18.400000000000002,-3.900399923324585,-5.830100059509277,3.7943999767303467,1.9752800464630127,0.6560800075531006,-0.0727280005812645,-1.5271679162979126,-4.332479953765869,-1.7940800189971924
18.41,-3.900399923324585,-5.830100059509277,3.7943999767303467,1.9752800464630127,0.6560800075531006,-0.0727280005812645,-1.5271679162979126,-4.332479953765869,-1.7940800189971924
18.42,-3.900399923324585,-5.830100059509277,3.7943999767303467,1.9752800464630127,0.6560800075531006,-0.0727280005812645,-1.5271679162979126,-4.332479953765869,-1.7940800189971924
18.43,-3.8515000343322754,-5.815100193023682,3.7920000553131104,1.9357599020004272,0.5487200021743774,-0.11724000424146652,-1.6345598697662354,-4.252799987792969,-1.7663999795913696
18.44,-3.8515000343322754,-5.815100193023682,3.7920000553131104,1.9357599020004272,0.5487200021743774,-0.11724000424146652,-1.6345598697662354,-4.252799987792969,-1.7663999795913696
18.45,-3.8036999702453613,-5.802700042724609,3.788599967956543,1.8935600519180298,0.4434400200843811,-0.16103599965572357,-1.7395199537277222,-4.169119834899902,-1.7371200323104858
18.46,-3.8036999702453613,-5.802700042724609,3.788599967956543,1.8935600519180298,0.4434400200843811,-0.16103599965572357,-1.7395199537277222,-4.169119834899902,-1.7371200323104858
18.47,-3.8036999702453613,-5.802700042724609,3.788599967956543,1.8935600519180298,0.4434400200843811,-0.16103599965572357,-1.7395199537277222,-4.169119834899902,-1.7371200323104858
18.48,-3.7569000720977783,-5.792900085449219,3.7839999198913574,1.8488000631332397,0.34031200408935547,-0.2040800154209137,-1.8417599201202393,-4.0819196701049805,-1.706239938735962
18.490000000000002,-3.7569000720977783,-5.792900085449219,3.7839999198913574,1.8488000631332397,0.34031200408935547,-0.2040800154209137,-1.8417599201202393,-4.0819196701049805,-1.706239938735962
18.5,-3.711199998855591,-5.785600185394287,3.77839994430542,1.8015199899673462,0.2393919974565506,-0.24633999168872833,-1.9412800073623657,-3.991039991378784,-1.6740800142288208
18.51,-3.711199998855591,-5.785600185394287,3.77839994430542,1.8015199899673462,0.2393919974565506,-0.24633999168872833,-1.9412800073623657,-3.991039991378784,-1.6740800142288208
18.52,-3.711199998855591,-5.785600185394287,3.77839994430542,1.8015199899673462,0.2393919974565506,-0.24633999168872833,-1.9412800073623657,-3.991039991378784,-1.6740800142288208
18.53,-3.666800022125244,-5.780900001525879,3.771699905395508,1.7517598867416382,0.14079199731349945,-0.28777599334716797,-2.037760019302368,-3.896480083465576,-1.6404800415039062
18.54,-3.666800022125244,-5.780900001525879,3.771699905395508,1.7517598867416382,0.14079199731349945,-0.28777599334716797,-2.037760019302368,-3.896480083465576,-1.6404800415039062
18.55,-3.623699903488159,-5.778600215911865,3.7639999389648438,1.699640154838562,0.04459599778056145,-0.328355997800827,-2.131040096282959,-3.7985599040985107,-1.6057599782943726
18.56,-3.623699903488159,-5.778600215911865,3.7639999389648438,1.699640154838562,0.04459599778056145,-0.328355997800827,-2.131040096282959,-3.7985599040985107,-1.6057599782943726
18.57,-3.623699903488159,-5.778600215911865,3.7639999389648438,1.699640154838562,0.04459599778056145,-0.328355997800827,-2.131040096282959,-3.7985599040985107,-1.6057599782943726
18.580000000000002,-3.581899881362915,-5.778600215911865,3.7553000450134277,1.645240068435669,-0.04911200329661369,-0.3680480122566223,-2.2211198806762695,-3.6974399089813232,-1.5696479082107544
18.59,-3.581899881362915,-5.778600215911865,3.7553000450134277,1.645240068435669,-0.04911200329661369,-0.3680480122566223,-2.2211198806762695,-3.6974399089813232,-1.5696479082107544
18.6,-3.5413999557495117,-5.781000137329102,3.7455999851226807,1.5886400938034058,-0.14024800062179565,-0.4068399965763092,-2.307839870452881,-3.5929598808288574,-1.532431960105896
18.61,-3.5413999557495117,-5.781000137329102,3.7455999851226807,1.5886400938034058,-0.14024800062179565,-0.4068399965763092,-2.307839870452881,-3.5929598808288574,-1.532431960105896
18.62,-3.5413999557495117,-5.781000137329102,3.7455999851226807,1.5886400938034058,-0.14024800062179565,-0.4068399965763092,-2.307839870452881,-3.5929598808288574,-1.532431960105896
18.63,-3.5023999214172363,-5.785600185394287,3.7348999977111816,1.5298800468444824,-0.22873198986053467,-0.44468003511428833,-2.3908798694610596,-3.4854400157928467,-1.4941439628601074
18.64,-3.5023999214172363,-5.785600185394287,3.7348999977111816,1.5298800468444824,-0.22873198986053467,-0.44468003511428833,-2.3908798694610596,-3.4854400157928467,-1.4941439628601074
18.650000000000002,-3.4649999141693115,-5.792399883270264,3.723400115966797,1.4691200256347656,-0.31449201703071594,-0.48151999711990356,-2.4702398777008057,-3.374880075454712,-1.4548319578170776
18.66,-3.4649999141693115,-5.792399883270264,3.723400115966797,1.4691200256347656,-0.31449201703071594,-0.48151999711990356,-2.4702398777008057,-3.374880075454712,-1.4548319578170776
18.67,-3.4649999141693115,-5.792399883270264,3.723400115966797,1.4691200256347656,-0.31449201703071594,-0.48151999711990356,-2.4702398777008057,-3.374880075454712,-1.4548319578170776
18.68,-3.428999900817871,-5.801300048828125,3.710900068283081,1.4064000844955444,-0.3974519968032837,-0.5173999667167664,-2.545759916305542,-3.2614400386810303,-1.4145759344100952
18.69,-3.428999900817871,-5.801300048828125,3.710900068283081,1.4064000844955444,-0.3974519968032837,-0.5173999667167664,-2.545759916305542,-3.2614400386810303,-1.4145759344100952
18.7,-3.3945999145507812,-5.812300205230713,3.697499990463257,1.3418400287628174,-0.47756001353263855,-0.5522400140762329,-2.6172800064086914,-3.145440101623535,-1.373439908027649
18.71,-3.3945999145507812,-5.812300205230713,3.697499990463257,1.3418400287628174,-0.47756001353263855,-0.5522400140762329,-2.6172800064086914,-3.145440101623535,-1.373439908027649
18.72,-3.3945999145507812,-5.812300205230713,3.697499990463257,1.3418400287628174,-0.47756001353263855,-0.5522400140762329,-2.6172800064086914,-3.145440101623535,-1.373439908027649
18.73,-3.3619000911712646,-5.825200080871582,3.683300018310547,1.2755600214004517,-0.5546800494194031,-0.586080014705658,-2.684800148010254,-3.026719808578491,-1.331503987312317
18.740000000000002,-3.3619000911712646,-5.825200080871582,3.683300018310547,1.2755600214004517,-0.5546800494194031,-0.586080014705658,-2.684800148010254,-3.026719808578491,-1.331503987312317
18.75,-3.330899953842163,-5.840000152587891,3.6682000160217285,1.2076400518417358,-0.6288400292396545,-0.6188000440597534,-2.747999906539917,-2.905440092086792,-1.2888160943984985
18.76,-3.330899953842163,-5.840000152587891,3.6682000160217285,1.2076400518417358,-0.6288400292396545,-0.6188000440597534,-2.747999906539917,-2.905440092086792,-1.2888160943984985
18.77,-3.330899953842163,-5.840000152587891,3.6682000160217285,1.2076400518417358,-0.6288400292396545,-0.6188000440597534,-2.747999906539917,-2.905440092086792,-1.2888160943984985
18.78,-3.3015999794006348,-5.856599807739258,3.6522998809814453,1.138200044631958,-0.6999599933624268,-0.6504799723625183,-2.806720018386841,-2.7820799350738525,-1.2454559803009033
18.79,-3.3015999794006348,-5.856599807739258,3.6522998809814453,1.138200044631958,-0.6999599933624268,-0.6504799723625183,-2.806720018386841,-2.7820799350738525,-1.2454559803009033
18.8,-3.2739999294281006,-5.874899864196777,3.635699987411499,1.0673600435256958,-0.7679200172424316,-0.6810800433158875,-2.8611199855804443,-2.6563198566436768,-1.2014880180358887
18.81,-3.2739999294281006,-5.874899864196777,3.635699987411499,1.0673600435256958,-0.7679200172424316,-0.6810800433158875,-2.8611199855804443,-2.6563198566436768,-1.2014880180358887
18.82,-3.2739999294281006,-5.874899864196777,3.635699987411499,1.0673600435256958,-0.7679200172424316,-0.6810800433158875,-2.8611199855804443,-2.6563198566436768,-1.2014880180358887
18.830000000000002,-3.248199939727783,-5.894999980926514,3.618299961090088,0.995199978351593,-0.8327599763870239,-0.7105600237846375,-2.9110400676727295,-2.528640031814575,-1.156991958618164
18.84,-3.248199939727783,-5.894999980926514,3.618299961090088,0.995199978351593,-0.8327599763870239,-0.7105600237846375,-2.9110400676727295,-2.528640031814575,-1.156991958618164
18.85,-3.2242000102996826,-5.916600227355957,3.6001999378204346,0.9218400120735168,-0.8943600058555603,-0.7389200329780579,-2.956159830093384,-2.3988800048828125,-1.1120319366455078
18.86,-3.2242000102996826,-5.916600227355957,3.6001999378204346,0.9218400120735168,-0.8943600058555603,-0.7389200329780579,-2.956159830093384,-2.3988800048828125,-1.1120319366455078
18.87,-3.2242000102996826,-5.916600227355957,3.6001999378204346,0.9218400120735168,-0.8943600058555603,-0.7389200329780579,-2.956159830093384,-2.3988800048828125,-1.1120319366455078
18.88,-3.2021000385284424,-5.939700126647949,3.581399917602539,0.8474399447441101,-0.9526800513267517,-0.7661600112915039,-2.9964799880981445,-2.267519950866699,-1.0666879415512085
18.89,-3.2021000385284424,-5.939700126647949,3.581399917602539,0.8474399447441101,-0.9526800513267517,-0.7661600112915039,-2.9964799880981445,-2.267519950866699,-1.0666879415512085
18.900000000000002,-3.1819000244140625,-5.964200019836426,3.5618999004364014,0.7720400094985962,-1.0077199935913086,-0.7922800183296204,-3.0320000648498535,-2.134399890899658,-1.0209919214248657
18.91,-3.1819000244140625,-5.964200019836426,3.5618999004364014,0.7720400094985962,-1.0077199935913086,-0.7922800183296204,-3.0320000648498535,-2.134399890899658,-1.0209919214248657
18.92,-3.1819000244140625,-5.964200019836426,3.5618999004364014,0.7720400094985962,-1.0077199935913086,-0.7922800183296204,-3.0320000648498535,-2.134399890899658,-1.0209919214248657
18.93,-3.1635000705718994,-5.989999771118164,3.541800022125244,0.6958799958229065,-1.059399962425232,-0.8172000050544739,-3.0625600814819336,-2.0,-0.975055992603302
18.94,-3.1635000705718994,-5.989999771118164,3.541800022125244,0.6958799958229065,-1.059399962425232,-0.8172000050544739,-3.0625600814819336,-2.0,-0.975055992603302
18.95,-3.1470999717712402,-6.017099857330322,3.5209999084472656,0.6189600229263306,-1.1077200174331665,-0.8410000205039978,-3.0881600379943848,-1.8641599416732788,-0.9289119243621826
18.96,-3.1470999717712402,-6.017099857330322,3.5209999084472656,0.6189600229263306,-1.1077200174331665,-0.8410000205039978,-3.0881600379943848,-1.8641599416732788,-0.9289119243621826
18.97,-3.1470999717712402,-6.017099857330322,3.5209999084472656,0.6189600229263306,-1.1077200174331665,-0.8410000205039978,-3.0881600379943848,-1.8641599416732788,-0.9289119243621826
18.98,-3.1326000690460205,-6.045400142669678,3.4997000694274902,0.5414800047874451,-1.1526000499725342,-0.8636400103569031,-3.10863995552063,-1.7272000312805176,-0.88264000415802
18.990000000000002,-3.1326000690460205,-6.045400142669678,3.4997000694274902,0.5414800047874451,-1.1526000499725342,-0.8636400103569031,-3.10863995552063,-1.7272000312805176,-0.88264000415802
19.0,-3.119999885559082,-6.074699878692627,3.4779000282287598,0.4636000096797943,-1.194040060043335,-0.885159969329834,-3.123839855194092,-1.5891679525375366,-0.8363200426101685
19.01,-3.119999885559082,-6.074699878692627,3.4779000282287598,0.4636000096797943,-1.194040060043335,-0.885159969329834,-3.123839855194092,-1.5891679525375366,-0.8363200426101685
19.02,-3.119999885559082,-6.074699878692627,3.4779000282287598,0.4636000096797943,-1.194040060043335,-0.885159969329834,-3.123839855194092,-1.5891679525375366,-0.8363200426101685
19.03,-3.1094000339508057,-6.105000019073486,3.4554998874664307,0.385343998670578,-1.2320400476455688,-0.9054800271987915,-3.1339199542999268,-1.4503039121627808,-0.7899839878082275
19.04,-3.1094000339508057,-6.105000019073486,3.4554998874664307,0.385343998670578,-1.2320400476455688,-0.9054800271987915,-3.1339199542999268,-1.4503039121627808,-0.7899839878082275
19.05,-3.1006999015808105,-6.136300086975098,3.4326000213623047,0.3069240152835846,-1.2665599584579468,-0.9246399998664856,-3.1387200355529785,-1.3107200860977173,-0.74372798204422
19.06,-3.1006999015808105,-6.136300086975098,3.4326000213623047,0.3069240152835846,-1.2665599584579468,-0.9246399998664856,-3.1387200355529785,-1.3107200860977173,-0.74372798204422
19.07,-3.1006999015808105,-6.136300086975098,3.4326000213623047,0.3069240152835846,-1.2665599584579468,-0.9246399998664856,-3.1387200355529785,-1.3107200860977173,-0.74372798204422
19.080000000000002,-3.094099998474121,-6.168300151824951,3.4091999530792236,0.22845199704170227,-1.2975600957870483,-0.9426400065422058,-3.138240098953247,-1.170591950416565,-0.6976000070571899
19.09,-3.094099998474121,-6.168300151824951,3.4091999530792236,0.22845199704170227,-1.2975600957870483,-0.9426400065422058,-3.138240098953247,-1.170591950416565,-0.6976000070571899
19.1,-3.0892999172210693,-6.201099872589111,3.385499954223633,0.15005600452423096,-1.3250800371170044,-0.9595199823379517,-3.1324799060821533,-1.0300480127334595,-0.6516479849815369
19.11,-3.0892999172210693,-6.201099872589111,3.385499954223633,0.15005600452423096,-1.3250800371170044,-0.9595199823379517,-3.1324799060821533,-1.0300480127334595,-0.6516479849815369
19.12,-3.0892999172210693,-6.201099872589111,3.385499954223633,0.15005600452423096,-1.3250800371170044,-0.9595199823379517,-3.1324799060821533,-1.0300480127334595,-0.6516479849815369
19.13,-3.0866000652313232,-6.234600067138672,3.361299991607666,0.07187600433826447,-1.349079966545105,-0.9752400517463684,-3.121119976043701,-0.8892639875411987,-0.6059679985046387
19.14,-3.0866000652313232,-6.234600067138672,3.361299991607666,0.07187600433826447,-1.349079966545105,-0.9752400517463684,-3.121119976043701,-0.8892639875411987,-0.6059679985046387
19.150000000000002,-3.085700035095215,-6.268599987030029,3.336699962615967,-0.005957200191915035,-1.3695600032806396,-0.989840030670166,-3.104480028152466,-0.748367965221405,-0.560591995716095
19.16,-3.085700035095215,-6.268599987030029,3.336699962615967,-0.005957200191915035,-1.3695600032806396,-0.989840030670166,-3.104480028152466,-0.748367965221405,-0.560591995716095
19.17,-3.085700035095215,-6.268599987030029,3.336699962615967,-0.005957200191915035,-1.3695600032806396,-0.989840030670166,-3.104480028152466,-0.748367965221405,-0.560591995716095
19.18,-3.0868000984191895,-6.302999973297119,3.311800003051758,-0.08330400288105011,-1.3864800930023193,-1.0032800436019897,-3.082399845123291,-0.6075519919395447,-0.5155839920043945
19.19,-3.0868000984191895,-6.302999973297119,3.311800003051758,-0.08330400288105011,-1.3864800930023193,-1.0032800436019897,-3.082399845123291,-0.6075519919395447,-0.5155839920043945
19.2,-3.089900016784668,-6.337800025939941,3.286600112915039,-0.1600320041179657,-1.3999199867248535,-1.0156000852584839,-3.054879903793335,-0.46694400906562805,-0.47100797295570374
19.21,-3.089900016784668,-6.337800025939941,3.286600112915039,-0.1600320041179657,-1.3999199867248535,-1.0156000852584839,-3.054879903793335,-0.46694400906562805,-0.47100797295570374
19.22,-3.089900016784668,-6.337800025939941,3.286600112915039,-0.1600320041179657,-1.3999199867248535,-1.0156000852584839,-3.054879903793335,-0.46694400906562805,-0.47100797295570374
19.23,-3.0947999954223633,-6.373000144958496,3.260999917984009,-0.23600800335407257,-1.4098399877548218,-1.026840090751648,-3.0220799446105957,-0.3266879916191101,-0.42691197991371155
19.240000000000002,-3.0947999954223633,-6.373000144958496,3.260999917984009,-0.23600800335407257,-1.4098399877548218,-1.026840090751648,-3.0220799446105957,-0.3266879916191101,-0.42691197991371155
19.25,-3.1017000675201416,-6.408299922943115,3.2351999282836914,-0.31109198927879333,-1.4162800312042236,-1.0369600057601929,-2.983680009841919,-0.18695998191833496,-0.38334399461746216
19.26,-3.1017000675201416,-6.408299922943115,3.2351999282836914,-0.31109198927879333,-1.4162800312042236,-1.0369600057601929,-2.983680009841919,-0.18695998191833496,-0.38334399461746216
19.27,-3.1017000675201416,-6.408299922943115,3.2351999282836914,-0.31109198927879333,-1.4162800312042236,-1.0369600057601929,-2.983680009841919,-0.18695998191833496,-0.38334399461746216
19.28,-3.1103999614715576,-6.44379997253418,3.209199905395508,-0.3851480185985565,-1.41920006275177,-1.0460000038146973,-2.93999981880188,-0.047889597713947296,-0.34036800265312195
19.29,-3.1103999614715576,-6.44379997253418,3.209199905395508,-0.3851480185985565,-1.41920006275177,-1.0460000038146973,-2.93999981880188,-0.047889597713947296,-0.34036800265312195
19.3,-3.1208999156951904,-6.4791998863220215,3.1828999519348145,-0.4580399990081787,-1.4186800718307495,-1.0540000200271606,-2.8908801078796387,0.09035679697990417,-0.2980319857597351
19.31,-3.1208999156951904,-6.4791998863220215,3.1828999519348145,-0.4580399990081787,-1.4186800718307495,-1.0540000200271606,-2.8908801078796387,0.09035679697990417,-0.2980319857597351
19.32,-3.1208999156951904,-6.4791998863220215,3.1828999519348145,-0.4580399990081787,-1.4186800718307495,-1.0540000200271606,-2.8908801078796387,0.09035679697990417,-0.2980319857597351
19.330000000000002,-3.1333000659942627,-6.514699935913086,3.1565001010894775,-0.5296400189399719,-1.414680004119873,-1.060920000076294,-2.836639881134033,0.22763200104236603,-0.2563839852809906
19.34,-3.1333000659942627,-6.514699935913086,3.1565001010894775,-0.5296400189399719,-1.414680004119873,-1.060920000076294,-2.836639881134033,0.22763200104236603,-0.2563839852809906
19.35,-3.14739990234375,-6.549900054931641,3.1298999786376953,-0.5998400449752808,-1.4072799682617188,-1.0667999982833862,-2.7769601345062256,0.3638079762458801,-0.2154560089111328
19.36,-3.14739990234375,-6.549900054931641,3.1298999786376953,-0.5998400449752808,-1.4072799682617188,-1.0667999982833862,-2.7769601345062256,0.3638079762458801,-0.2154560089111328
19.37,-3.14739990234375,-6.549900054931641,3.1298999786376953,-0.5998400449752808,-1.4072799682617188,-1.0667999982833862,-2.7769601345062256,0.3638079762458801,-0.2154560089111328
19.38,-3.163300037384033,-6.585000038146973,3.1031999588012695,-0.668440043926239,-1.3965200185775757,-1.071679949760437,-2.7121598720550537,0.4987200200557709,-0.17531199753284454
19.39,-3.163300037384033,-6.585000038146973,3.1031999588012695,-0.668440043926239,-1.3965200185775757,-1.071679949760437,-2.7121598720550537,0.4987200200557709,-0.17531199753284454
19.400000000000002,-3.180799961090088,-6.619699954986572,3.0762999057769775,-0.7354000210762024,-1.3823599815368652,-1.0755599737167358,-2.642080068588257,0.6322399973869324,-0.13597920536994934
19.41,-3.180799961090088,-6.619699954986572,3.0762999057769775,-0.7354000210762024,-1.3823599815368652,-1.0755599737167358,-2.642080068588257,0.6322399973869324,-0.13597920536994934
19.42,-3.180799961090088,-6.619699954986572,3.0762999057769775,-0.7354000210762024,-1.3823599815368652,-1.0755599737167358,-2.642080068588257,0.6322399973869324,-0.13597920536994934
19.43,-3.200000047683716,-6.654099941253662,3.0494000911712646,-0.8005200624465942,-1.3649200201034546,-1.0784800052642822,-2.567039966583252,0.7642079591751099,-0.0975055992603302
19.44,-3.200000047683716,-6.654099941253662,3.0494000911712646,-0.8005200624465942,-1.3649200201034546,-1.0784800052642822,-2.567039966583252,0.7642079591751099,-0.0975055992603302
19.45,-3.2207999229431152,-6.688000202178955,3.02239990234375,-0.8637200593948364,-1.3441599607467651,-1.0804799795150757,-2.487039804458618,0.894495964050293,-0.05992799997329712
19.46,-3.2207999229431152,-6.688000202178955,3.02239990234375,-0.8637200593948364,-1.3441599607467651,-1.0804799795150757,-2.487039804458618,0.894495964050293,-0.05992799997329712
19.47,-3.2207999229431152,-6.688000202178955,3.02239990234375,-0.8637200593948364,-1.3441599607467651,-1.0804799795150757,-2.487039804458618,0.894495964050293,-0.05992799997329712
19.48,-3.2432000637054443,-6.72130012512207,2.9953999519348145,-0.924839973449707,-1.320199966430664,-1.0815199613571167,-2.4020798206329346,1.0229759216308594,-0.023281600326299667
19.490000000000002,-3.2432000637054443,-6.72130012512207,2.9953999519348145,-0.924839973449707,-1.320199966430664,-1.0815199613571167,-2.4020798206329346,1.0229759216308594,-0.023281600326299667
19.5,-3.2669999599456787,-6.753900051116943,2.9683001041412354,-0.9837599992752075,-1.2930400371551514,-1.0816400051116943,-2.3124799728393555,1.1494879722595215,0.012403199449181557
19.51,-3.2669999599456787,-6.753900051116943,2.9683001041412354,-0.9837599992752075,-1.2930400371551514,-1.0816400051116943,-2.3124799728393555,1.1494879722595215,0.012403199449181557
19.52,-3.2669999599456787,-6.753900051116943,2.9683001041412354,-0.9837599992752075,-1.2930400371551514,-1.0816400051116943,-2.3124799728393555,1.1494879722595215,0.012403199449181557
19.53,-3.29229998588562,-6.785900115966797,2.9412999153137207,-1.0404000282287598,-1.262760043144226,-1.080880045890808,-2.2182400226593018,1.2739360332489014,0.047094400972127914
19.54,-3.29229998588562,-6.785900115966797,2.9412999153137207,-1.0404000282287598,-1.262760043144226,-1.080880045890808,-2.2182400226593018,1.2739360332489014,0.047094400972127914
19.55,-3.319000005722046,-6.8171000480651855,2.914299964904785,-1.0946400165557861,-1.2293599843978882,-1.0792800188064575,-2.1193599700927734,1.3961759805679321,0.08076640218496323
19.56,-3.319000005722046,-6.8171000480651855,2.914299964904785,-1.0946400165557861,-1.2293599843978882,-1.0792800188064575,-2.1193599700927734,1.3961759805679321,0.08076640218496323
19.57,-3.319000005722046,-6.8171000480651855,2.914299964904785,-1.0946400165557861,-1.2293599843978882,-1.0792800188064575,-2.1193599700927734,1.3961759805679321,0.08076640218496323
19.580000000000002,-3.347100019454956,-6.847300052642822,2.887399911880493,-1.1463600397109985,-1.1929600238800049,-1.0768400430679321,-2.016160011291504,1.5160800218582153,0.11339199542999268
19.59,-3.347100019454956,-6.847300052642822,2.887399911880493,-1.1463600397109985,-1.1929600238800049,-1.0768400430679321,-2.016160011291504,1.5160800218582153,0.11339199542999268
19.6,-3.376300096511841,-6.876699924468994,2.8605000972747803,-1.1954400539398193,-1.1536000967025757,-1.073639988899231,-1.9088000059127808,1.6335999965667725,0.14495199918746948
19.61,-3.376300096511841,-6.876699924468994,2.8605000972747803,-1.1954400539398193,-1.1536000967025757,-1.073639988899231,-1.9088000059127808,1.6335999965667725,0.14495199918746948
19.62,-3.376300096511841,-6.876699924468994,2.8605000972747803,-1.1954400539398193,-1.1536000967025757,-1.073639988899231,-1.9088000059127808,1.6335999965667725,0.14495199918746948
19.63,-3.4068000316619873,-6.90500020980835,2.833699941635132,-1.241760015487671,-1.1113200187683105,-1.069640040397644,-1.7974400520324707,1.7483199834823608,0.1754239946603775
19.64,-3.4068000316619873,-6.90500020980835,2.833699941635132,-1.241760015487671,-1.1113200187683105,-1.069640040397644,-1.7974400520324707,1.7483199834823608,0.1754239946603775
19.650000000000002,-3.4384000301361084,-6.932199954986572,2.806999921798706,-1.2852400541305542,-1.0662000179290771,-1.0648800134658813,-1.6820799112319946,1.8606399297714233,0.20479999482631683
19.66,-3.4384000301361084,-6.932199954986572,2.806999921798706,-1.2852400541305542,-1.0662000179290771,-1.0648800134658813,-1.6820799112319946,1.8606399297714233,0.20479999482631683
19.67,-3.4384000301361084,-6.932199954986572,2.806999921798706,-1.2852400541305542,-1.0662000179290771,-1.0648800134658813,-1.6820799112319946,1.8606399297714233,0.20479999482631683
19.68,-3.4709999561309814,-6.9583001136779785,2.780400037765503,-1.3258399963378906,-1.018280029296875,-1.059399962425232,-1.5631359815597534,1.969920039176941,0.2330559939146042
19.69,-3.4709999561309814,-6.9583001136779785,2.780400037765503,-1.3258399963378906,-1.018280029296875,-1.059399962425232,-1.5631359815597534,1.969920039176941,0.2330559939146042
19.7,-3.504699945449829,-6.983099937438965,2.753999948501587,-1.3633999824523926,-0.9677200317382812,-1.0532400608062744,-1.4406880140304565,2.076479911804199,0.2601759731769562
19.71,-3.504699945449829,-6.983099937438965,2.753999948501587,-1.3633999824523926,-0.9677200317382812,-1.0532400608062744,-1.4406880140304565,2.076479911804199,0.2601759731769562
19.72,-3.504699945449829,-6.983099937438965,2.753999948501587,-1.3633999824523926,-0.9677200317382812,-1.0532400608062744,-1.4406880140304565,2.076479911804199,0.2601759731769562
19.73,-3.5392000675201416,-7.0065999031066895,2.727799892425537,-1.3978400230407715,-0.9144800305366516,-1.0463999509811401,-1.31496000289917,2.180000066757202,0.28617599606513977
19.740000000000002,-3.5392000675201416,-7.0065999031066895,2.727799892425537,-1.3978400230407715,-0.9144800305366516,-1.0463999509811401,-1.31496000289917,2.180000066757202,0.28617599606513977
19.75,-3.57450008392334,-7.028800010681152,2.70169997215271,-1.4291199445724487,-0.8587200045585632,-1.0389200448989868,-1.1861759424209595,2.280319929122925,0.3110239803791046
19.76,-3.57450008392334,-7.028800010681152,2.70169997215271,-1.4291199445724487,-0.8587200045585632,-1.0389200448989868,-1.1861759424209595,2.280319929122925,0.3110239803791046
19.77,-3.57450008392334,-7.028800010681152,2.70169997215271,-1.4291199445724487,-0.8587200045585632,-1.0389200448989868,-1.1861759424209595,2.280319929122925,0.3110239803791046
19.78,-3.610599994659424,-7.049600124359131,2.675800085067749,-1.4571200609207153,-0.8005200624465942,-1.0308400392532349,-1.0545439720153809,2.3775999546051025,0.3347359895706177
19.79,-3.610599994659424,-7.049600124359131,2.675800085067749,-1.4571200609207153,-0.8005200624465942,-1.0308400392532349,-1.0545439720153809,2.3775999546051025,0.3347359895706177
19.8,-3.64739990234375,-7.06879997253418,2.6501998901367188,-1.4817999601364136,-0.7398800253868103,-1.0221999883651733,-0.9203199744224548,2.471359968185425,0.3572959899902344
19.81,-3.64739990234375,-7.06879997253418,2.6501998901367188,-1.4817999601364136,-0.7398800253868103,-1.0221999883651733,-0.9203199744224548,2.471359968185425,0.3572959899902344
19.82,-3.64739990234375,-7.06879997253418,2.6501998901367188,-1.4817999601364136,-0.7398800253868103,-1.0221999883651733,-0.9203199744224548,2.471359968185425,0.3572959899902344
19.830000000000002,-3.6847000122070312,-7.08650016784668,2.6247000694274902,-1.5031200647354126,-0.6769599914550781,-1.0130000114440918,-0.7837280035018921,2.561919689178467,0.3787200152873993
19.84,-3.6847000122070312,-7.08650016784668,2.6247000694274902,-1.5031200647354126,-0.6769599914550781,-1.0130000114440918,-0.7837280035018921,2.561919689178467,0.3787200152873993
19.85,-3.7225000858306885,-7.102700233459473,2.5994999408721924,-1.5210000276565552,-0.6118000149726868,-1.0032800436019897,-0.6450240015983582,2.6489598751068115,0.39899200201034546
19.86,-3.7225000858306885,-7.102700233459473,2.5994999408721924,-1.5210000276565552,-0.6118000149726868,-1.0032800436019897,-0.6450240015983582,2.6489598751068115,0.39899200201034546
19.87,-3.7225000858306885,-7.102700233459473,2.5994999408721924,-1.5210000276565552,-0.6118000149726868,-1.0032800436019897,-0.6450240015983582,2.6489598751068115,0.39899200201034546
19.88,-3.760699987411499,-7.117099761962891,2.5745999813079834,-1.5353599786758423,-0.5445600152015686,-0.9930400252342224,-0.504431962966919,2.7324798107147217,0.41812801361083984
19.89,-3.760699987411499,-7.117099761962891,2.5745999813079834,-1.5353599786758423,-0.5445600152015686,-0.9930400252342224,-0.504431962966919,2.7324798107147217,0.41812801361083984
19.900000000000002,-3.7992000579833984,-7.129899978637695,2.5499000549316406,-1.5462000370025635,-0.47523999214172363,-0.9823600053787231,-0.3622399866580963,2.8123199939727783,0.43614399433135986
19.91,-3.7992000579833984,-7.129899978637695,2.5499000549316406,-1.5462000370025635,-0.47523999214172363,-0.9823600053787231,-0.3622399866580963,2.8123199939727783,0.43614399433135986
19.92,-3.7992000579833984,-7.129899978637695,2.5499000549316406,-1.5462000370025635,-0.47523999214172363,-0.9823600053787231,-0.3622399866580963,2.8123199939727783,0.43614399433135986
19.93,-3.8380000591278076,-7.140900135040283,2.5255000591278076,-1.553439974784851,-0.4039599895477295,-0.9712400436401367,-0.2186879813671112,2.8886401653289795,0.4530239701271057
19.94,-3.8380000591278076,-7.140900135040283,2.5255000591278076,-1.553439974784851,-0.4039599895477295,-0.9712400436401367,-0.2186879813671112,2.8886401653289795,0.4530239701271057
19.95,-3.8768999576568604,-7.150000095367432,2.501300096511841,-1.5571200847625732,-0.3308280110359192,-0.9597200751304626,-0.07404319941997528,2.9609599113464355,0.46881598234176636
19.96,-3.8768999576568604,-7.150000095367432,2.501300096511841,-1.5571200847625732,-0.3308280110359192,-0.9597200751304626,-0.07404319941997528,2.9609599113464355,0.46881598234176636
19.97,-3.8768999576568604,-7.150000095367432,2.501300096511841,-1.5571200847625732,-0.3308280110359192,-0.9597200751304626,-0.07404319941997528,2.9609599113464355,0.46881598234176636
19.98,-3.915800094604492,-7.157400131225586,2.4774999618530273,-1.5571600198745728,-0.25593599677085876,-0.9478400349617004,0.07141920179128647,3.029599905014038,0.48350396752357483
19.990000000000002,-3.915800094604492,-7.157400131225586,2.4774999618530273,-1.5571600198745728,-0.25593599677085876,-0.9478400349617004,0.07141920179128647,3.029599905014038,0.48350396752357483
