time,px,py,pz,vx,vy,vz,ax,ay,az
0.0,2.82828570456846,0.02828379984529813,2.0,-0.02828379984529813,2.82828570456846,0.0,-2.82828570456846,-0.02828379984529813,0.0
0.01,2.8278614581771704,0.05656477133418149,2.0,-0.05656477133418149,2.8278614581771704,0.0,-2.8278614581771704,-0.05656477133418149,0.0
0.019999999999999997,2.8271544279966063,0.08484008639306857,2.0,-0.08484008639306857,2.8271544279966063,0.0,-2.8271544279966063,-0.08484008639306857,0.0
0.03,2.8261646847291964,0.11310691751401619,2.0,-0.11310691751401619,2.8261646847291964,0.0,-2.8261646847291964,-0.11310691751401619,0.0
0.04,2.824892327348443,0.14136243803746787,2.0,-0.14136243803746787,2.824892327348443,0.0,-2.824892327348443,-0.14136243803746787,0.0
0.05,2.8233374830890243,0.16960382243491742,2.0,-0.16960382243491742,2.8233374830890243,0.0,-2.8233374830890243,-0.16960382243491742,0.0
0.060000000000000005,2.8215003074340697,0.19782824659145953,2.0,-0.19782824659145953,2.8215003074340697,0.0,-2.8215003074340697,-0.19782824659145953,0.0
0.07,2.8193809840996145,0.22603288808819885,2.0,-0.22603288808819885,2.8193809840996145,0.0,-2.8193809840996145,-0.22603288808819885,0.0
0.08,2.816979725016225,0.2542149264844894,2.0,-0.2542149264844894,2.816979725016225,0.0,-2.816979725016225,-0.2542149264844894,0.0
0.09,2.8142967703078097,0.28237154359997657,2.0,-0.28237154359997657,2.8142967703078097,0.0,-2.8142967703078097,-0.28237154359997657,0.0
0.09999999999999999,2.8113323882676027,0.3104999237964126,2.0,-0.3104999237964126,2.8113323882676027,0.0,-2.8113323882676027,-0.3104999237964126,0.0
0.10999999999999999,2.8080868753313384,0.33859725425921805,2.0,-0.33859725425921805,2.8080868753313384,0.0,-2.8080868753313384,-0.33859725425921805,0.0
0.11999999999999998,2.8045605560476057,0.36666072527876103,2.0,-0.36666072527876103,2.8045605560476057,0.0,-2.8045605560476057,-0.36666072527876103,0.0
0.12999999999999998,2.800753783045394,0.39468753053132577,2.0,-0.39468753053132577,2.800753783045394,0.0,-2.800753783045394,-0.39468753053132577,0.0
0.13999999999999999,2.796666936998831,0.4226748673597425,2.0,-0.4226748673597425,2.796666936998831,0.0,-2.796666936998831,-0.4226748673597425,0.0
0.15,2.792300426589117,0.4506199370536512,2.0,-0.4506199370536512,2.792300426589117,0.0,-2.792300426589117,-0.4506199370536512,0.0
0.16,2.787654688463653,0.4785199451293699,2.0,-0.4785199451293699,2.787654688463653,0.0,-2.787654688463653,-0.4785199451293699,0.0
0.17,2.7827301871923806,0.5063721016093409,2.0,-0.5063721016093409,2.7827301871923806,0.0,-2.7827301871923806,-0.5063721016093409,0.0
0.18000000000000002,2.7775274152213227,0.5341736213011263,2.0,-0.5341736213011263,2.7775274152213227,0.0,-2.7775274152213227,-0.5341736213011263,0.0
0.19000000000000003,2.7720468928233415,0.5619217240759249,2.0,-0.5619217240759249,2.7720468928233415,0.0,-2.7720468928233415,-0.5619217240759249,0.0
0.20000000000000004,2.766289168046109,0.5896136351465823,2.0,-0.5896136351465823,2.766289168046109,0.0,-2.766289168046109,-0.5896136351465823,0.0
0.21000000000000005,2.7602548166573055,0.6172465853450683,2.0,-0.6172465853450683,2.7602548166573055,0.0,-2.7602548166573055,-0.6172465853450683,0.0
0.22000000000000006,2.7539444420870405,0.64481781139939,2.0,-0.64481781139939,2.7539444420870405,0.0,-2.7539444420870405,-0.64481781139939,0.0
0.23000000000000007,2.747358675367513,0.6723245562099183,2.0,-0.6723245562099183,2.747358675367513,0.0,-2.747358675367513,-0.6723245562099183,0.0
0.24000000000000005,2.740498175069907,0.699764069125094,2.0,-0.699764069125094,2.740498175069907,0.0,-2.740498175069907,-0.699764069125094,0.0
0.25000000000000006,2.733363627238535,0.7271336062164923,2.0,-0.7271336062164923,2.733363627238535,0.0,-2.733363627238535,-0.7271336062164923,0.0
0.26000000000000006,2.7259557453222345,0.7544304305532114,2.0,-0.7544304305532114,2.7259557453222345,0.0,-2.7259557453222345,-0.7544304305532114,0.0
0.2700000000000001,2.7182752701030233,0.781651812475565,2.0,-0.781651812475565,2.7182752701030233,0.0,-2.7182752701030233,-0.781651812475565,0.0
0.2800000000000001,2.7103229696220246,0.8087950298680456,2.0,-0.8087950298680456,2.7103229696220246,0.0,-2.7103229696220246,-0.8087950298680456,0.0
0.2900000000000001,2.702099639102658,0.8358573684315329,2.0,-0.8358573684315329,2.702099639102658,0.0,-2.702099639102658,-0.8358573684315329,0.0
0.3000000000000001,2.6936061008711234,0.8628361219547226,2.0,-0.8628361219547226,2.6936061008711234,0.0,-2.6936061008711234,-0.8628361219547226,0.0
0.3100000000000001,2.684843204274166,0.8897285925847445,2.0,-0.8897285925847445,2.684843204274166,0.0,-2.684843204274166,-0.8897285925847445,0.0
0.3200000000000001,2.6758118255941428,0.916532091096946,2.0,-0.916532091096946,2.6758118255941428,0.0,-2.6758118255941428,-0.916532091096946,0.0
0.3300000000000001,2.6665128679613965,0.9432439371638118,2.0,-0.9432439371638118,2.6665128679613965,0.0,-2.6665128679613965,-0.9432439371638118,0.0
0.34000000000000014,2.6569472612639404,0.9698614596229955,2.0,-0.9698614596229955,2.6569472612639404,0.0,-2.6569472612639404,-0.9698614596229955,0.0
0.35000000000000014,2.6471159620544733,0.9963819967444318,2.0,-0.9963819967444318,2.6471159620544733,0.0,-2.6471159620544733,-0.9963819967444318,0.0
0.36000000000000015,2.6370199534547236,1.0228028964965095,2.0,-1.0228028964965095,2.6370199534547236,0.0,-2.6370199534547236,-1.0228028964965095,0.0
0.37000000000000016,2.626660245057137,1.0491215168112702,2.0,-1.0491215168112702,2.626660245057137,0.0,-2.626660245057137,-1.0491215168112702,0.0
0.38000000000000017,2.616037872823922,1.0753352258486149,2.0,-1.0753352258486149,2.616037872823922,0.0,-2.616037872823922,-1.0753352258486149,0.0
0.3900000000000002,2.605153898983448,1.1014414022594845,2.0,-1.1014414022594845,2.605153898983448,0.0,-2.605153898983448,-1.1014414022594845,0.0
0.4000000000000002,2.5940094119240302,1.1274374354479928,2.0,-1.1274374354479928,2.5940094119240302,0.0,-2.5940094119240302,-1.1274374354479928,0.0
0.4100000000000002,2.5826055260850875,1.1533207258324845,2.0,-1.1533207258324845,2.5826055260850875,0.0,-2.5826055260850875,-1.1533207258324845,0.0
0.4200000000000002,2.5709433818457006,1.1790886851054905,2.0,-1.1790886851054905,2.5709433818457006,0.0,-2.5709433818457006,-1.1790886851054905,0.0
0.4300000000000002,2.5590241454105747,1.2047387364925561,2.0,-1.2047387364925561,2.5590241454105747,0.0,-2.5590241454105747,-1.2047387364925561,0.0
0.4400000000000002,2.54684900869342,1.2302683150099183,2.0,-1.2302683150099183,2.54684900869342,0.0,-2.54684900869342,-1.2302683150099183,0.0
0.45000000000000023,2.534419189197764,1.255674867721,2.0,-1.255674867721,2.534419189197764,0.0,-2.534419189197764,-1.255674867721,0.0
0.46000000000000024,2.521735929895197,1.2809558539917014,2.0,-1.2809558539917014,2.521735929895197,0.0,-2.521735929895197,-1.2809558539917014,0.0
0.47000000000000025,2.5088004991010795,1.3061087457444633,2.0,-1.3061087457444633,2.5088004991010795,0.0,-2.5088004991010795,-1.3061087457444633,0.0
0.48000000000000026,2.4956141903477125,1.3311310277110713,2.0,-1.3311310277110713,2.4956141903477125,0.0,-2.4956141903477125,-1.3311310277110713,0.0
0.4900000000000002,2.4821783222549825,1.3560201976841801,2.0,-1.3560201976841801,2.4821783222549825,0.0,-2.4821783222549825,-1.3560201976841801,0.0
0.5000000000000002,2.4684942383985016,1.3807737667675337,2.0,-1.3807737667675337,2.4684942383985016,0.0,-2.4684942383985016,-1.3807737667675337,0.0
0.5100000000000002,2.4545633071752526,1.4053892596248514,2.0,-1.4053892596248514,2.4545633071752526,0.0,-2.4545633071752526,-1.4053892596248514,0.0
0.5200000000000002,2.440386921666749,1.4298642147273606,2.0,-1.4298642147273606,2.440386921666749,0.0,-2.440386921666749,-1.4298642147273606,0.0
0.5300000000000002,2.425966499499727,1.4541961845999465,2.0,-1.4541961845999465,2.425966499499727,0.0,-2.425966499499727,-1.4541961845999465,0.0
0.5400000000000003,2.4113034827043873,1.4783827360658988,2.0,-1.4783827360658988,2.4113034827043873,0.0,-2.4113034827043873,-1.4783827360658988,0.0
0.5500000000000003,2.3963993375701906,1.5024214504902256,2.0,-1.5024214504902256,2.3963993375701906,0.0,-2.3963993375701906,-1.5024214504902256,0.0
0.5600000000000003,2.381255554499229,1.5263099240215174,2.0,-1.5263099240215174,2.381255554499229,0.0,-2.381255554499229,-1.5263099240215174,0.0
0.5700000000000003,2.365873647857191,1.5500457678323274,2.0,-1.5500457678323274,2.365873647857191,0.0,-2.365873647857191,-1.5500457678323274,0.0
0.5800000000000003,2.350255155821922,1.573626608358055,2.0,-1.573626608358055,2.350255155821922,0.0,-2.350255155821922,-1.573626608358055,0.0
0.5900000000000003,2.33440164022961,1.5970500875342977,2.0,-1.5970500875342977,2.33440164022961,0.0,-2.33440164022961,-1.5970500875342977,0.0
0.6000000000000003,2.3183146864186033,1.620313863032658,2.0,-1.620313863032658,2.3183146864186033,0.0,-2.3183146864186033,-1.620313863032658,0.0
0.6100000000000003,2.3019959030708774,1.6434156084949716,2.0,-1.6434156084949716,2.3019959030708774,0.0,-2.3019959030708774,-1.6434156084949716,0.0
0.6200000000000003,2.2854469220511673,1.6663530137659446,2.0,-1.6663530137659446,2.2854469220511673,0.0,-2.2854469220511673,-1.6663530137659446,0.0
0.6300000000000003,2.2686693982437856,1.6891237851241634,2.0,-1.6891237851241634,2.2686693982437856,0.0,-2.2686693982437856,-1.6891237851241634,0.0
0.6400000000000003,2.2516650093871307,1.7117256455114687,2.0,-1.7117256455114687,2.2516650093871307,0.0,-2.2516650093871307,-1.7117256455114687,0.0
0.6500000000000004,2.2344354559059183,1.734156334760656,2.0,-1.734156334760656,2.2344354559059183,0.0,-2.2344354559059183,-1.734156334760656,0.0
0.6600000000000004,2.216982460741139,1.7564136098214922,2.0,-1.7564136098214922,2.216982460741139,0.0,-2.216982460741139,-1.7564136098214922,0.0
0.6700000000000004,2.1993077691777647,1.77849524498502,2.0,-1.77849524498502,2.1993077691777647,0.0,-2.1993077691777647,-1.77849524498502,0.0
0.6800000000000004,2.1814131486702224,1.8003990321061234,2.0,-1.8003990321061234,2.1814131486702224,0.0,-2.1814131486702224,-1.8003990321061234,0.0
0.6900000000000004,2.163300388665652,1.8221227808243439,2.0,-1.8221227808243439,2.163300388665652,0.0,-2.163300388665652,-1.8221227808243439,0.0
0.7000000000000004,2.144971300424959,1.8436643187829123,2.0,-1.8436643187829123,2.144971300424959,0.0,-2.144971300424959,-1.8436643187829123,0.0
0.7100000000000004,2.126427716841694,1.8650214918459844,2.0,-1.8650214918459844,2.126427716841694,0.0,-2.126427716841694,-1.8650214918459844,0.0
0.7200000000000004,2.1076714922587616,1.8861921643140516,2.0,-1.8861921643140516,2.1076714922587616,0.0,-2.1076714922587616,-1.8861921643140516,0.0
0.7300000000000004,2.0887045022829906,1.9071742191375085,2.0,-1.9071742191375085,2.0887045022829906,0.0,-2.0887045022829906,-1.9071742191375085,0.0
0.7400000000000004,2.0695286435975726,1.9279655581283583,2.0,-1.9279655581283583,2.0695286435975726,0.0,-2.0695286435975726,-1.9279655581283583,0.0
0.7500000000000004,2.050145833772396,1.948564102170028,2.0,-1.948564102170028,2.050145833772396,0.0,-2.050145833772396,-1.948564102170028,0.0
0.7600000000000005,2.030558011072292,1.9689677914252786,2.0,-1.9689677914252786,2.030558011072292,0.0,-2.030558011072292,-1.9689677914252786,0.0
0.7700000000000005,2.0107671342632063,1.9891745855421876,2.0,-1.9891745855421876,2.0107671342632063,0.0,-2.0107671342632063,-1.9891745855421876,0.0
0.7800000000000005,1.9907751824163278,2.0091824638581826,2.0,-2.0091824638581826,1.9907751824163278,0.0,-1.9907751824163278,-2.0091824638581826,0.0
0.7900000000000005,1.9705841547101817,2.028989425602105,2.0,-2.028989425602105,1.9705841547101817,0.0,-1.9705841547101817,-2.028989425602105,0.0
0.8000000000000005,1.9501960702307126,2.048593490094286,2.0,-2.048593490094286,1.9501960702307126,0.0,-1.9501960702307126,-2.048593490094286,0.0
0.8100000000000005,1.9296129677693783,2.067992696944613,2.0,-2.067992696944613,1.9296129677693783,0.0,-1.9296129677693783,-2.067992696944613,0.0
0.8200000000000005,1.9088369056192727,2.0871851062485667,2.0,-2.0871851062485667,1.9088369056192727,0.0,-1.9088369056192727,-2.0871851062485667,0.0
0.8300000000000005,1.8878699613692973,2.1061687987812108,2.0,-2.1061687987812108,1.8878699613692973,0.0,-1.8878699613692973,-2.1061687987812108,0.0
0.8400000000000005,1.8667142316964043,2.124941876189112,2.0,-2.124941876189112,1.8667142316964043,0.0,-1.8667142316964043,-2.124941876189112,0.0
0.8500000000000005,1.845371832155932,2.143502461180173,2.0,-2.143502461180173,1.845371832155932,0.0,-1.845371832155932,-2.143502461180173,0.0
0.8600000000000005,1.823844896970049,2.1618486977113625,2.0,-2.1618486977113625,1.823844896970049,0.0,-1.823844896970049,-2.1618486977113625,0.0
0.8700000000000006,1.8021355788143343,2.179978751174315,2.0,-2.179978751174315,1.8021355788143343,0.0,-1.8021355788143343,-2.179978751174315,0.0
0.8800000000000006,1.780246048602513,2.197890808578793,2.0,-2.197890808578793,1.780246048602513,0.0,-1.780246048602513,-2.197890808578793,0.0
0.8900000000000006,1.7581784952693649,2.2155830787339825,2.0,-2.2155830787339825,1.7581784952693649,0.0,-1.7581784952693649,-2.2155830787339825,0.0
0.9000000000000006,1.7359351255518336,2.2330537924276124,2.0,-2.2330537924276124,1.7359351255518336,0.0,-1.7359351255518336,-2.2330537924276124,0.0
0.9100000000000006,1.7135181637683548,2.250301202602871,2.0,-2.250301202602871,1.7135181637683548,0.0,-1.7135181637683548,-2.250301202602871,0.0
0.9200000000000006,1.6909298515964266,2.267323584533114,2.0,-2.267323584533114,1.6909298515964266,0.0,-1.6909298515964266,-2.267323584533114,0.0
0.9300000000000006,1.6681724478484419,2.284119235994334,2.0,-2.284119235994334,1.6681724478484419,0.0,-1.6681724478484419,-2.284119235994334,0.0
0.9400000000000006,1.6452482282458116,2.3006864774353804,2.0,-2.3006864774353804,1.6452482282458116,0.0,-1.6452482282458116,-2.3006864774353804,0.0
0.9500000000000006,1.6221594851913923,2.3170236521459158,2.0,-2.3170236521459158,1.6221594851913923,0.0,-1.6221594851913923,-2.3170236521459158,0.0
0.9600000000000006,1.5989085275402488,2.3331291264220835,2.0,-2.3331291264220835,1.5989085275402488,0.0,-1.5989085275402488,-2.3331291264220835,0.0
0.9700000000000006,1.5754976803687708,2.3490012897298764,2.0,-2.3490012897298764,1.5754976803687708,0.0,-1.5754976803687708,-2.3490012897298764,0.0
0.9800000000000006,1.551929284742166,2.364638554866191,2.0,-2.364638554866191,1.551929284742166,0.0,-1.551929284742166,-2.364638554866191,0.0
0.9900000000000007,1.5282056974803577,2.380039358117545,2.0,-2.380039358117545,1.5282056974803577,0.0,-1.5282056974803577,-2.380039358117545,0.0
1.0000000000000007,1.5043292909223014,2.395202159416446,2.0,-2.395202159416446,1.5043292909223014,0.0,-1.5043292909223014,-2.395202159416446,0.0
1.0100000000000007,1.4803024526887563,2.410125442495401,2.0,-2.410125442495401,1.4803024526887563,0.0,-1.4803024526887563,-2.410125442495401,0.0
1.0200000000000007,1.4561275854435238,2.4248077150385376,2.0,-2.4248077150385376,1.4561275854435238,0.0,-1.4561275854435238,-2.4248077150385376,0.0
1.0300000000000007,1.4318071066531823,2.439247508830837,2.0,-2.439247508830837,1.4318071066531823,0.0,-1.4318071066531823,-2.439247508830837,0.0
1.0400000000000007,1.4073434483453444,2.4534433799049524,2.0,-2.4534433799049524,1.4073434483453444,0.0,-1.4073434483453444,-2.4534433799049524,0.0
1.0500000000000007,1.3827390568654543,2.4673939086856063,2.0,-2.4673939086856063,1.3827390568654543,0.0,-1.3827390568654543,-2.4673939086856063,0.0
1.0600000000000007,1.3579963926321563,2.481097700131547,2.0,-2.481097700131547,1.3579963926321563,0.0,-1.3579963926321563,-2.481097700131547,0.0
1.0700000000000007,1.333117929891255,2.494553383875049,2.0,-2.494553383875049,1.333117929891255,0.0,-1.333117929891255,-2.494553383875049,0.0
1.0800000000000007,1.3081061564682923,2.5077596143589505,2.0,-2.5077596143589505,1.3081061564682923,0.0,-1.3081061564682923,-2.5077596143589505,0.0
1.0900000000000007,1.2829635735197678,2.520715070971209,2.0,-2.520715070971209,1.2829635735197678,0.0,-1.2829635735197678,-2.520715070971209,0.0
1.1000000000000008,1.2576926952830239,2.5334184581769597,2.0,-2.5334184581769597,1.2576926952830239,0.0,-1.2576926952830239,-2.5334184581769597,0.0
1.1100000000000008,1.2322960488248256,2.5458685056480674,2.0,-2.5458685056480674,1.2322960488248256,0.0,-1.2322960488248256,-2.5458685056480674,0.0
1.1200000000000008,1.2067761737886546,2.5580639683901607,2.0,-2.5580639683901607,1.2067761737886546,0.0,-1.2067761737886546,-2.5580639683901607,0.0
1.1300000000000008,1.1811356221407483,2.5700036268671274,2.0,-2.5700036268671274,1.1811356221407483,0.0,-1.1811356221407483,-2.5700036268671274,0.0
1.1400000000000008,1.1553769579149042,2.58168628712307,2.0,-2.58168628712307,1.1553769579149042,0.0,-1.1553769579149042,-2.58168628712307,0.0
1.1500000000000008,1.1295027569560798,2.5931107809016987,2.0,-2.5931107809016987,1.1295027569560798,0.0,-1.1295027569560798,-2.5931107809016987,0.0
1.1600000000000008,1.1035156066628087,2.604275965763155,2.0,-2.604275965763155,1.1035156066628087,0.0,-1.1035156066628087,-2.604275965763155,0.0
1.1700000000000008,1.0774181057284649,2.6151807251982584,2.0,-2.6151807251982584,1.0774181057284649,0.0,-1.0774181057284649,-2.6151807251982584,0.0
1.1800000000000008,1.0512128638813933,2.6258239687401512,2.0,-2.6258239687401512,1.0512128638813933,0.0,-1.0512128638813933,-2.6258239687401512,0.0
1.1900000000000008,1.0249025016239415,2.63620463207335,2.0,-2.63620463207335,1.0249025016239415,0.0,-1.0249025016239415,-2.63620463207335,0.0
1.2000000000000008,0.99848964997041,2.6463216771401714,2.0,-2.6463216771401714,0.99848964997041,0.0,-0.99848964997041,-2.6463216771401714,0.0
1.2100000000000009,0.9719769501839534,2.656174092244539,2.0,-2.656174092244539,0.9719769501839534,0.0,-0.9719769501839534,-2.656174092244539,0.0
1.2200000000000009,0.9453670535124563,2.6657608921531537,2.0,-2.6657608921531537,0.9453670535124563,0.0,-0.9453670535124563,-2.6657608921531537,0.0
1.2300000000000009,0.9186626209234113,2.675081118194013,2.0,-2.675081118194013,0.9186626209234113,0.0,-0.9186626209234113,-2.675081118194013,0.0
1.2400000000000009,0.8918663228378236,2.6841338383522793,2.0,-2.6841338383522793,0.8918663228378236,0.0,-0.8918663228378236,-2.6841338383522793,0.0
1.2500000000000009,0.8649808388631716,2.6929181473634816,2.0,-2.6929181473634816,0.8649808388631716,0.0,-0.8649808388631716,-2.6929181473634816,0.0
1.260000000000001,0.8380088575254482,2.701433166804038,2.0,-2.701433166804038,0.8380088575254482,0.0,-0.8380088575254482,-2.701433166804038,0.0
1.270000000000001,0.8109530760003106,2.709678045179101,2.0,-2.709678045179101,0.8109530760003106,0.0,-0.8109530760003106,-2.709678045179101,0.0
1.280000000000001,0.783816199843365,2.717651958007704,2.0,-2.717651958007704,0.783816199843365,0.0,-0.783816199843365,-2.717651958007704,0.0
1.290000000000001,0.7566009427196131,2.725354107905208,2.0,-2.725354107905208,0.7566009427196131,0.0,-0.7566009427196131,-2.725354107905208,0.0
1.300000000000001,0.729310026132088,2.7327837246630433,2.0,-2.7327837246630433,0.729310026132088,0.0,-0.729310026132088,-2.7327837246630433,0.0
1.310000000000001,0.7019461791497058,2.7399400653257233,2.0,-2.7399400653257233,0.7019461791497058,0.0,-0.7019461791497058,-2.7399400653257233,0.0
1.320000000000001,0.674512138134362,2.7468224142651474,2.0,-2.7468224142651474,0.674512138134362,0.0,-0.674512138134362,-2.7468224142651474,0.0
1.330000000000001,0.6470106464672962,2.7534300832521557,2.0,-2.7534300832521557,0.6470106464672962,0.0,-0.6470106464672962,-2.7534300832521557,0.0
1.340000000000001,0.6194444542747575,2.7597624115253563,2.0,-2.7597624115253563,0.6194444542747575,0.0,-0.6194444542747575,-2.7597624115253563,0.0
1.350000000000001,0.5918163181529933,2.7658187658571984,2.0,-2.7658187658571984,0.5918163181529933,0.0,-0.5918163181529933,-2.7658187658571984,0.0
1.360000000000001,0.5641290008925924,2.7715985406172963,2.0,-2.7715985406172963,0.5641290008925924,0.0,-0.5641290008925924,-2.7715985406172963,0.0
1.370000000000001,0.5363852712022082,2.7771011578329903,2.0,-2.7771011578329903,0.5363852712022082,0.0,-0.5363852712022082,-2.7771011578329903,0.0
1.380000000000001,0.50858790343169,2.782326067247144,2.0,-2.782326067247144,0.50858790343169,0.0,-0.50858790343169,-2.782326067247144,0.0
1.390000000000001,0.48073967729465045,2.7872727463731706,2.0,-2.7872727463731706,0.48073967729465045,0.0,-0.48073967729465045,-2.7872727463731706,0.0
1.400000000000001,0.4528433775904966,2.791940700547279,2.0,-2.791940700547279,0.4528433775904966,0.0,-0.4528433775904966,-2.791940700547279,0.0
1.410000000000001,0.42490179392595184,2.7963294629779427,2.0,-2.7963294629779427,0.42490179392595184,0.0,-0.42490179392595184,-2.7963294629779427,0.0
1.420000000000001,0.39691772043609813,2.8004385947925754,2.0,-2.8004385947925754,0.39691772043609813,0.0,-0.39691772043609813,-2.8004385947925754,0.0
1.430000000000001,0.36889395550496445,2.8042676850814194,2.0,-2.8042676850814194,0.36889395550496445,0.0,-0.36889395550496445,-2.8042676850814194,0.0
1.440000000000001,0.3408333014856909,2.807816350938637,2.0,-2.807816350938637,0.3408333014856909,0.0,-0.3408333014856909,-2.807816350938637,0.0
1.450000000000001,0.31273856442029563,2.8110842375006007,2.0,-2.8110842375006007,0.31273856442029563,0.0,-0.31273856442029563,-2.8110842375006007,0.0
1.460000000000001,0.2846125537590729,2.8140710179813766,2.0,-2.8140710179813766,0.2846125537590729,0.0,-0.2846125537590729,-2.8140710179813766,0.0
1.470000000000001,0.2564580820796506,2.816776393705405,2.0,-2.816776393705405,0.2564580820796506,0.0,-0.2564580820796506,-2.816776393705405,0.0
1.480000000000001,0.2282779648057347,2.8192000941373694,2.0,-2.8192000941373694,0.2282779648057347,0.0,-0.2282779648057347,-2.8192000941373694,0.0
1.490000000000001,0.2000750199255692,2.8213418769092455,2.0,-2.8213418769092455,0.2000750199255692,0.0,-0.2000750199255692,-2.8213418769092455,0.0
1.500000000000001,0.1718520677101398,2.823201527844541,2.0,-2.823201527844541,0.1718520677101398,0.0,-0.1718520677101398,-2.823201527844541,0.0
1.5100000000000011,0.14361193043114898,2.824778860979712,2.0,-2.824778860979712,0.14361193043114898,0.0,-0.14361193043114898,-2.824778860979712,0.0
1.5200000000000011,0.11535743207879123,2.8260737185827596,2.0,-2.8260737185827596,0.11535743207879123,0.0,-0.11535743207879123,-2.8260737185827596,0.0
1.5300000000000011,0.08709139807935648,2.827085971169003,2.0,-2.827085971169003,0.08709139807935648,0.0,-0.08709139807935648,-2.827085971169003,0.0
1.5400000000000011,0.05881665501268972,2.827815517514026,2.0,-2.827815517514026,0.05881665501268972,0.0,-0.05881665501268972,-2.827815517514026,0.0
1.5500000000000012,0.030536030329535398,2.828262284663803,2.0,-2.828262284663803,0.030536030329535398,0.0,-0.030536030329535398,-2.828262284663803,0.0
1.5600000000000012,0.002252352068794735,2.828426227941991,2.0,-2.828426227941991,0.002252352068794735,0.0,-0.002252352068794735,-2.828426227941991,0.0
1.5700000000000012,-0.026031551425275856,2.8283073309543987,2.0,-2.8283073309543987,-0.026031551425275856,0.0,0.026031551425275856,-2.8283073309543987,0.0
1.5800000000000012,-0.05431285178589681,2.827905605590626,2.0,-2.827905605590626,-0.05431285178589681,0.0,0.05431285178589681,-2.827905605590626,0.0
1.5900000000000012,-0.08258872090659973,2.827221092022874,2.0,-2.827221092022874,-0.08258872090659973,0.0,0.08258872090659973,-2.827221092022874,0.0
1.6000000000000012,-0.1108563312240357,2.82625385870193,2.0,-2.82625385870193,-0.1108563312240357,0.0,0.1108563312240357,-2.82625385870193,0.0
1.6100000000000012,-0.1391128560007292,2.825004002350319,2.0,-2.825004002350319,-0.1391128560007292,0.0,0.1391128560007292,-2.825004002350319,0.0
1.6200000000000012,-0.16735546960774966,2.823471647952635,2.0,-2.823471647952635,-0.16735546960774966,0.0,0.16735546960774966,-2.823471647952635,0.0
1.6300000000000012,-0.19558134780727177,2.8216569487430414,2.0,-2.8216569487430414,-0.19558134780727177,0.0,0.19558134780727177,-2.8216569487430414,0.0
1.6400000000000012,-0.22378766803499706,2.819560086189947,2.0,-2.819560086189947,-0.22378766803499706,0.0,0.22378766803499706,-2.819560086189947,0.0
1.6500000000000012,-0.25197160968240795,2.817181269977858,2.0,-2.817181269977858,-0.25197160968240795,0.0,0.25197160968240795,-2.817181269977858,0.0
1.6600000000000013,-0.2801303543788262,2.814520737986415,2.0,-2.814520737986415,-0.2801303543788262,0.0,0.2801303543788262,-2.814520737986415,0.0
1.6700000000000013,-0.3082610862732478,2.8115787562665995,2.0,-2.8115787562665995,-0.3082610862732478,0.0,0.3082610862732478,-2.8115787562665995,0.0
1.6800000000000013,-0.3363609923159255,2.8083556190141317,2.0,-2.8083556190141317,-0.3363609923159255,0.0,0.3363609923159255,-2.8083556190141317,0.0
1.6900000000000013,-0.36442726253967145,2.804851648540051,2.0,-2.804851648540051,-0.36442726253967145,0.0,0.36442726253967145,-2.804851648540051,0.0
1.7000000000000013,-0.39245709034085174,2.801067195238485,2.0,-2.801067195238485,-0.39245709034085174,0.0,0.39245709034085174,-2.801067195238485,0.0
1.7100000000000013,-0.4204476727600445,2.79700263755161,2.0,-2.79700263755161,-0.4204476727600445,0.0,0.4204476727600445,-2.79700263755161,0.0
1.7200000000000013,-0.44839621076233316,2.792658381931808,2.0,-2.792658381931808,-0.44839621076233316,0.0,0.44839621076233316,-2.792658381931808,0.0
1.7300000000000013,-0.47629990951720785,2.7880348628010196,2.0,-2.7880348628010196,-0.47629990951720785,0.0,0.47629990951720785,-2.7880348628010196,0.0
1.7400000000000013,-0.5041559786780461,2.7831325425073064,2.0,-2.7831325425073064,-0.5041559786780461,0.0,0.5041559786780461,-2.7831325425073064,0.0
1.7500000000000013,-0.531961632661145,2.7779519112786115,2.0,-2.7779519112786115,-0.531961632661145,0.0,0.531961632661145,-2.7779519112786115,0.0
1.7600000000000013,-0.5597140909242778,2.7724934871737412,2.0,-2.7724934871737412,-0.5597140909242778,0.0,0.5597140909242778,-2.7724934871737412,0.0
1.7700000000000014,-0.587410578244745,2.7667578160305566,2.0,-2.7667578160305566,-0.587410578244745,0.0,0.587410578244745,-2.7667578160305566,0.0
1.7800000000000014,-0.6150483249968949,2.760745471411393,2.0,-2.760745471411393,-0.6150483249968949,0.0,0.6150483249968949,-2.760745471411393,0.0
1.7900000000000014,-0.6426245674290837,2.754457054545702,2.0,-2.754457054545702,-0.6426245674290837,0.0,0.6426245674290837,-2.754457054545702,0.0
1.8000000000000014,-0.6701365479400483,2.7478931942699294,2.0,-2.7478931942699294,-0.6701365479400483,0.0,0.6701365479400483,-2.7478931942699294,0.0
1.8100000000000014,-0.6975815153546641,2.7410545469646337,2.0,-2.7410545469646337,-0.6975815153546641,0.0,0.6975815153546641,-2.7410545469646337,0.0
1.8200000000000014,-0.7249567251990604,2.7339417964888453,2.0,-2.7339417964888453,-0.7249567251990604,0.0,0.7249567251990604,-2.7339417964888453,0.0
1.8300000000000014,-0.7522594399750654,2.7265556541116855,2.0,-2.7265556541116855,-0.7522594399750654,0.0,0.7522594399750654,-2.7265556541116855,0.0
1.8400000000000014,-0.7794869294339537,2.718896858441237,2.0,-2.718896858441237,-0.7794869294339537,0.0,0.7794869294339537,-2.718896858441237,0.0
1.8500000000000014,-0.8066364708494689,2.710966175350684,2.0,-2.710966175350684,-0.8066364708494689,0.0,0.8066364708494689,-2.710966175350684,0.0
1.8600000000000014,-0.8337053492900938,2.702764397901727,2.0,-2.702764397901727,-0.8337053492900938,0.0,0.8337053492900938,-2.702764397901727,0.0
1.8700000000000014,-0.8606908578905421,2.6942923462652755,2.0,-2.6942923462652755,-0.8606908578905421,0.0,0.8606908578905421,-2.6942923462652755,0.0
1.8800000000000014,-0.8875902981224413,2.685550867639434,2.0,-2.685550867639434,-0.8875902981224413,0.0,0.8875902981224413,-2.685550867639434,0.0
1.8900000000000015,-0.9144009800641841,2.6765408361647802,2.0,-2.6765408361647802,-0.9144009800641841,0.0,0.9144009800641841,-2.6765408361647802,0.0
1.9000000000000015,-0.941120222669919,2.667263152836953,2.0,-2.667263152836953,-0.941120222669919,0.0,0.941120222669919,-2.667263152836953,0.0
1.9100000000000015,-0.967745354037651,2.657718745416554,2.0,-2.657718745416554,-0.967745354037651,0.0,0.967745354037651,-2.657718745416554,0.0
1.9200000000000015,-0.9942737116764311,2.647908568336372,2.0,-2.647908568336372,-0.9942737116764311,0.0,0.9942737116764311,-2.647908568336372,0.0
1.9300000000000015,-1.0207026427726023,2.637833602605939,2.0,-2.637833602605939,-1.0207026427726023,0.0,1.0207026427726023,-2.637833602605939,0.0
1.9400000000000015,-1.0470295044550788,2.627494855713433,2.0,-2.627494855713433,-1.0470295044550788,0.0,1.0470295044550788,-2.627494855713433,0.0
1.9500000000000015,-1.0732516640596315,2.6168933615249275,2.0,-2.6168933615249275,-1.0732516640596315,0.0,1.0732516640596315,-2.6168933615249275,0.0
1.9600000000000015,-1.0993664993921517,2.606030180181006,2.0,-2.606030180181006,-1.0993664993921517,0.0,1.0993664993921517,-2.606030180181006,0.0
1.9700000000000015,-1.1253713989908682,2.594906397990752,2.0,-2.594906397990752,-1.1253713989908682,0.0,1.1253713989908682,-2.594906397990752,0.0
1.9800000000000015,-1.1512637623874924,2.5835231273231125,2.0,-2.5835231273231125,-1.1512637623874924,0.0,1.1512637623874924,-2.5835231273231125,0.0
1.9900000000000013,-1.17704100036726,2.5718815064956706,2.0,-2.5718815064956706,-1.17704100036726,0.0,1.17704100036726,-2.5718815064956706,0.0
2.0000000000000013,-1.2027005352278557,2.5599826996608064,2.0,-2.5599826996608064,-1.2027005352278557,0.0,1.2027005352278557,-2.5599826996608064,0.0
2.010000000000001,-1.2282398010371753,2.547827896689288,2.0,-2.547827896689288,-1.2282398010371753,0.0,1.2282398010371753,-2.547827896689288,0.0
2.020000000000001,-1.253656243889921,2.5354183130512835,2.0,-2.5354183130512835,-1.253656243889921,0.0,1.253656243889921,-2.5354183130512835,0.0
2.0300000000000007,-1.278947322162988,2.522755189694815,2.0,-2.522755189694815,-1.278947322162988,0.0,1.278947322162988,-2.522755189694815,0.0
2.0400000000000005,-1.3041105067696244,2.5098397929216665,2.0,-2.5098397929216665,-1.3041105067696244,0.0,1.3041105067696244,-2.5098397929216665,0.0
2.0500000000000003,-1.329143281412339,2.4966734142607523,2.0,-2.4966734142607523,-1.329143281412339,0.0,1.329143281412339,-2.4966734142607523,0.0
2.06,-1.3540431428345279,2.4832573703389658,2.0,-2.4832573703389658,-1.3540431428345279,0.0,1.3540431428345279,-2.4832573703389658,0.0
2.07,-1.3788076010707992,2.46959300274952,2.0,-2.46959300274952,-1.3788076010707992,0.0,1.3788076010707992,-2.46959300274952,0.0
2.0799999999999996,-1.4034341796959657,2.455681677917786,2.0,-2.455681677917786,-1.4034341796959657,0.0,1.4034341796959657,-2.455681677917786,0.0
2.0899999999999994,-1.4279204160726873,2.441524786964655,2.0,-2.441524786964655,-1.4279204160726873,0.0,1.4279204160726873,-2.441524786964655,0.0
2.099999999999999,-1.4522638615977315,2.427123745567425,2.0,-2.427123745567425,-1.4522638615977315,0.0,1.4522638615977315,-2.427123745567425,0.0
2.109999999999999,-1.4764620819468315,2.4124799938182346,2.0,-2.4124799938182346,-1.4764620819468315,0.0,1.4764620819468315,-2.4124799938182346,0.0
2.1199999999999988,-1.500512657318118,2.3975949960800556,2.0,-2.3975949960800556,-1.500512657318118,0.0,1.500512657318118,-2.3975949960800556,0.0
2.1299999999999986,-1.5244131826740956,2.3824702408402576,2.0,-2.3824702408402576,-1.5244131826740956,0.0,1.5244131826740956,-2.3824702408402576,0.0
2.1399999999999983,-1.548161267982146,2.367107240561761,2.0,-2.367107240561761,-1.548161267982146,0.0,1.548161267982146,-2.367107240561761,0.0
2.149999999999998,-1.571754538453528,2.3515075315317913,2.0,-2.3515075315317913,-1.571754538453528,0.0,1.571754538453528,-2.3515075315317913,0.0
2.159999999999998,-1.5951906347808558,2.335672673708251,2.0,-2.335672673708251,-1.5951906347808558,0.0,1.5951906347808558,-2.335672673708251,0.0
2.1699999999999977,-1.618467213374027,2.3196042505637275,2.0,-2.3196042505637275,-1.618467213374027,0.0,1.618467213374027,-2.3196042505637275,0.0
2.1799999999999975,-1.6415819465945787,2.303303868927145,2.0,-2.303303868927145,-1.6415819465945787,0.0,1.6415819465945787,-2.303303868927145,0.0
2.1899999999999973,-1.6645325229884516,2.286773158823083,2.0,-2.286773158823083,-1.6645325229884516,0.0,1.6645325229884516,-2.286773158823083,0.0
2.199999999999997,-1.687316647517131,2.2700137733087766,2.0,-2.2700137733087766,-1.687316647517131,0.0,1.687316647517131,-2.2700137733087766,0.0
2.209999999999997,-1.7099320417871515,2.2530273883088117,2.0,-2.2530273883088117,-1.7099320417871515,0.0,1.7099320417871515,-2.2530273883088117,0.0
2.2199999999999966,-1.732376444277932,2.2358157024475322,2.0,-2.2358157024475322,-1.732376444277932,0.0,1.732376444277932,-2.2358157024475322,0.0
2.2299999999999964,-1.7546476105679267,2.218380436879181,2.0,-2.218380436879181,-1.7546476105679267,0.0,1.7546476105679267,-2.218380436879181,0.0
2.239999999999996,-1.7767433135590665,2.2007233351157867,2.0,-2.2007233351157867,-1.7767433135590665,0.0,1.7767433135590665,-2.2007233351157867,0.0
2.249999999999996,-1.7986613436994643,2.1828461628528104,2.0,-2.1828461628528104,-1.7986613436994643,0.0,1.7986613436994643,-2.1828461628528104,0.0
2.259999999999996,-1.8203995092043719,2.1647507077925816,2.0,-2.1647507077925816,-1.8203995092043719,0.0,1.8203995092043719,-2.1647507077925816,0.0
2.2699999999999956,-1.8419556362753537,2.146438779465526,2.0,-2.146438779465526,-1.8419556362753537,0.0,1.8419556362753537,-2.146438779465526,0.0
2.2799999999999954,-1.8633275693176659,2.1279122090492173,2.0,-2.1279122090492173,-1.8633275693176659,0.0,1.8633275693176659,-2.1279122090492173,0.0
2.289999999999995,-1.884513171155814,2.109172849185258,2.0,-2.109172849185258,-1.884513171155814,0.0,1.884513171155814,-2.109172849185258,0.0
2.299999999999995,-1.9055103232472692,2.0902225737940183,2.0,-2.0902225737940183,-1.9055103232472692,0.0,1.9055103232472692,-2.0902225737940183,0.0
2.3099999999999947,-1.9263169258943194,2.0710632778872453,2.0,-2.0710632778872453,-1.9263169258943194,0.0,1.9263169258943194,-2.0710632778872453,0.0
2.3199999999999945,-1.9469308984540388,2.051696877378564,2.0,-2.051696877378564,-1.9469308984540388,0.0,1.9469308984540388,-2.051696877378564,0.0
2.3299999999999943,-1.96735017954635,2.0321253088918865,2.0,-2.0321253088918865,-1.96735017954635,0.0,1.96735017954635,-2.0321253088918865,0.0
2.339999999999994,-1.9875727272601595,2.0123505295677524,2.0,-2.0123505295677524,-1.9875727272601595,0.0,1.9875727272601595,-2.0123505295677524,0.0
2.349999999999994,-2.0075965193575485,1.992374516867614,2.0,-1.992374516867614,-2.0075965193575485,0.0,2.0075965193575485,-1.992374516867614,0.0
2.3599999999999937,-2.0274195534759927,1.972199268376096,2.0,-1.972199268376096,-2.0274195534759927,0.0,2.0274195534759927,-1.972199268376096,0.0
2.3699999999999934,-2.0470398473286,1.9518268016012341,2.0,-1.9518268016012341,-2.0470398473286,0.0,2.0470398473286,-1.9518268016012341,0.0
2.3799999999999932,-2.0664554389023357,1.9312591537727288,2.0,-1.9312591537727288,-2.0664554389023357,0.0,2.0664554389023357,-1.9312591537727288,0.0
2.389999999999993,-2.0856643866542215,1.9104983816382237,2.0,-1.9104983816382237,-2.0856643866542215,0.0,2.0856643866542215,-1.9104983816382237,0.0
2.399999999999993,-2.1046647697054897,1.8895465612576312,2.0,-1.8895465612576312,-2.1046647697054897,0.0,2.1046647697054897,-1.8895465612576312,0.0
2.4099999999999926,-2.123454688033669,1.86840578779553,2.0,-1.86840578779553,-2.123454688033669,0.0,2.123454688033669,-1.86840578779553,0.0
2.4199999999999924,-2.142032262662584,1.8470781753116492,2.0,-1.8470781753116492,-2.142032262662584,0.0,2.142032262662584,-1.8470781753116492,0.0
2.429999999999992,-2.160395635850254,1.8255658565494635,2.0,-1.8255658565494635,-2.160395635850254,0.0,2.160395635850254,-1.8255658565494635,0.0
2.439999999999992,-2.178542971274663,1.803870982722923,2.0,-1.803870982722923,-2.178542971274663,0.0,2.178542971274663,-1.803870982722923,0.0
2.4499999999999917,-2.196472454217391,1.7819957233013308,2.0,-1.7819957233013308,-2.196472454217391,0.0,2.196472454217391,-1.7819957233013308,0.0
2.4599999999999915,-2.2141822917450846,1.7599422657924,2.0,-1.7599422657924,-2.2141822917450846,0.0,2.2141822917450846,-1.7599422657924,0.0
2.4699999999999913,-2.2316707128887496,1.7377128155235038,2.0,-1.7377128155235038,-2.2316707128887496,0.0,2.2316707128887496,-1.7377128155235038,0.0
2.479999999999991,-2.248935968820845,1.7153095954211441,2.0,-1.7153095954211441,-2.248935968820845,0.0,2.248935968820845,-1.7153095954211441,0.0
2.489999999999991,-2.2659763330301654,1.6927348457886626,2.0,-1.6927348457886626,-2.2659763330301654,0.0,2.2659763330301654,-1.6927348457886626,0.0
2.4999999999999907,-2.28279010149449,1.6699908240822097,2.0,-1.6699908240822097,-2.28279010149449,0.0,2.28279010149449,-1.6699908240822097,0.0
2.5099999999999905,-2.299375592850984,1.647079804685003,2.0,-1.647079804685003,-2.299375592850984,0.0,2.299375592850984,-1.647079804685003,0.0
2.5199999999999902,-2.315731148564333,1.6240040786798895,2.0,-1.6240040786798895,-2.315731148564333,0.0,2.315731148564333,-1.6240040786798895,0.0
2.52999999999999,-2.3318551330925947,1.6007659536202405,2.0,-1.6007659536202405,-2.3318551330925947,0.0,2.3318551330925947,-1.6007659536202405,0.0
2.53999999999999,-2.347745934050754,1.5773677532991968,2.0,-1.5773677532991968,-2.347745934050754,0.0,2.347745934050754,-1.5773677532991968,0.0
2.5499999999999896,-2.363401962371956,1.5538118175172917,2.0,-1.5538118175172917,-2.363401962371956,0.0,2.363401962371956,-1.5538118175172917,0.0
2.5599999999999894,-2.378821652466416,1.5301005018484737,2.0,-1.5301005018484737,-2.378821652466416,0.0,2.378821652466416,-1.5301005018484737,0.0
2.569999999999989,-2.3940034623779742,1.5062361774045503,2.0,-1.5062361774045503,-2.3940034623779742,0.0,2.3940034623779742,-1.5062361774045503,0.0
2.579999999999989,-2.408945873938291,1.482221230598079,2.0,-1.482221230598079,-2.408945873938291,0.0,2.408945873938291,-1.482221230598079,0.0
2.5899999999999888,-2.423647392918662,1.4580580629037285,2.0,-1.4580580629037285,-2.423647392918662,0.0,2.423647392918662,-1.4580580629037285,0.0
2.5999999999999885,-2.438106549179441,1.4337490906181318,2.0,-1.4337490906181318,-2.438106549179441,0.0,2.438106549179441,-1.4337490906181318,0.0
2.6099999999999883,-2.4523218968170504,1.4092967446182603,2.0,-1.4092967446182603,-2.4523218968170504,0.0,2.4523218968170504,-1.4092967446182603,0.0
2.619999999999988,-2.4662920143085727,1.384703470118337,2.0,-1.384703470118337,-2.4662920143085727,0.0,2.4662920143085727,-1.384703470118337,0.0
2.629999999999988,-2.4800155046539007,1.3599717264253177,2.0,-1.3599717264253177,-2.4800155046539007,0.0,2.4800155046539007,-1.3599717264253177,0.0
2.6399999999999877,-2.4934909955154363,1.3351039866929617,2.0,-1.3351039866929617,-2.4934909955154363,0.0,2.4934909955154363,-1.3351039866929617,0.0
2.6499999999999875,-2.506717139355322,1.3101027376745193,2.0,-1.3101027376745193,-2.506717139355322,0.0,2.506717139355322,-1.3101027376745193,0.0
2.6599999999999873,-2.519692613570197,1.2849704794740582,2.0,-1.2849704794740582,-2.519692613570197,0.0,2.519692613570197,-1.2849704794740582,0.0
2.669999999999987,-2.5324161206234512,1.2597097252964549,2.0,-1.2597097252964549,-2.5324161206234512,0.0,2.5324161206234512,-1.2597097252964549,0.0
2.679999999999987,-2.5448863881749832,1.2343230011960764,2.0,-1.2343230011960764,-2.5448863881749832,0.0,2.5448863881749832,-1.2343230011960764,0.0
2.6899999999999866,-2.557102169208429,1.2088128458241776,2.0,-1.2088128458241776,-2.557102169208429,0.0,2.557102169208429,-1.2088128458241776,0.0
2.6999999999999864,-2.5690622421558658,1.1831818101750369,2.0,-1.1831818101750369,-2.5690622421558658,0.0,2.5690622421558658,-1.1831818101750369,0.0
2.709999999999986,-2.5807654110199647,1.1574324573308603,2.0,-1.1574324573308603,-2.5807654110199647,0.0,2.5807654110199647,-1.1574324573308603,0.0
2.719999999999986,-2.5922105054935924,1.1315673622054745,2.0,-1.1315673622054745,-2.5922105054935924,0.0,2.5922105054935924,-1.1315673622054745,0.0
2.7299999999999858,-2.603396381076839,1.1055891112868377,2.0,-1.1055891112868377,-2.603396381076839,0.0,2.603396381076839,-1.1055891112868377,0.0
2.7399999999999856,-2.6143219191914673,1.0795003023783936,2.0,-1.0795003023783936,-2.6143219191914673,0.0,2.6143219191914673,-1.0795003023783936,0.0
2.7499999999999853,-2.6249860272927714,1.053303544339292,2.0,-1.053303544339292,-2.6249860272927714,0.0,2.6249860272927714,-1.053303544339292,0.0
2.759999999999985,-2.635387638978827,1.0270014568235066,2.0,-1.0270014568235066,-2.635387638978827,0.0,2.635387638978827,-1.0270014568235066,0.0
2.769999999999985,-2.645525714097134,1.0005966700178706,2.0,-1.0005966700178706,-2.645525714097134,0.0,2.645525714097134,-1.0005966700178706,0.0
2.7799999999999847,-2.655399238848628,0.9740918243790605,2.0,-0.9740918243790605,-2.655399238848628,0.0,2.655399238848628,-0.9740918243790605,0.0
2.7899999999999845,-2.665007225889063,0.9474895703695531,2.0,-0.9474895703695531,-2.665007225889063,0.0,2.665007225889063,-0.9474895703695531,0.0
2.7999999999999843,-2.674348714427741,0.9207925681925807,2.0,-0.9207925681925807,-2.674348714427741,0.0,2.674348714427741,-0.9207925681925807,0.0
2.809999999999984,-2.683422770323593,0.8940034875261136,2.0,-0.8940034875261136,-2.683422770323593,0.0,2.683422770323593,-0.8940034875261136,0.0
2.819999999999984,-2.692228486178591,0.8671250072558945,2.0,-0.8671250072558945,-2.692228486178591,0.0,2.692228486178591,-0.8671250072558945,0.0
2.8299999999999836,-2.700764981428487,0.8401598152075515,2.0,-0.8401598152075515,-2.700764981428487,0.0,2.700764981428487,-0.8401598152075515,0.0
2.8399999999999834,-2.70903140243087,0.8131106078778183,2.0,-0.8131106078778183,-2.70903140243087,0.0,2.70903140243087,-0.8131106078778183,0.0
2.849999999999983,-2.7170269225505286,0.7859800901648876,2.0,-0.7859800901648876,-2.7170269225505286,0.0,2.7170269225505286,-0.7859800901648876,0.0
2.859999999999983,-2.7247507422421138,0.7587709750979215,2.0,-0.7587709750979215,-2.7247507422421138,0.0,2.7247507422421138,-0.7587709750979215,0.0
2.869999999999983,-2.732202089130093,0.7314859835657526,2.0,-0.7314859835657526,-2.732202089130093,0.0,2.732202089130093,-0.7314859835657526,0.0
2.8799999999999826,-2.7393802180859868,0.7041278440447968,2.0,-0.7041278440447968,-2.7393802180859868,0.0,2.7393802180859868,-0.7041278440447968,0.0
2.8899999999999824,-2.746284411302881,0.6766992923262077,2.0,-0.6766992923262077,-2.746284411302881,0.0,2.746284411302881,-0.6766992923262077,0.0
2.899999999999982,-2.7529139783672076,0.6492030712423004,2.0,-0.6492030712423004,-2.7529139783672076,0.0,2.7529139783672076,-0.6492030712423004,0.0
2.909999999999982,-2.759268256327785,0.6216419303922694,2.0,-0.6216419303922694,-2.759268256327785,0.0,2.759268256327785,-0.6216419303922694,0.0
2.9199999999999817,-2.765346609762112,0.5940186258672325,2.0,-0.5940186258672325,-2.765346609762112,0.0,2.765346609762112,-0.5940186258672325,0.0
2.9299999999999815,-2.7711484308399106,0.5663359199746227,2.0,-0.5663359199746227,-2.7711484308399106,0.0,2.7711484308399106,-0.5663359199746227,0.0
2.9399999999999813,-2.776673139383908,0.5385965809619605,2.0,-0.5385965809619605,-2.776673139383908,0.0,2.776673139383908,-0.5385965809619605,0.0
2.949999999999981,-2.7819201829278537,0.5108033827400311,2.0,-0.5108033827400311,-2.7819201829278537,0.0,2.7819201829278537,-0.5108033827400311,0.0
2.959999999999981,-2.7868890367717656,0.48295910460549574,2.0,-0.48295910460549574,-2.7868890367717656,0.0,2.7868890367717656,-0.48295910460549574,0.0
2.9699999999999807,-2.7915792040344,0.4550665309629644,2.0,-0.4550665309629644,-2.7915792040344,0.0,2.7915792040344,-0.4550665309629644,0.0
2.9799999999999804,-2.7959902157029393,0.42712845104655767,2.0,-0.42712845104655767,-2.7959902157029393,0.0,2.7959902157029393,-0.42712845104655767,0.0
2.9899999999999802,-2.8001216306798926,0.3991476586409854,2.0,-0.3991476586409854,-2.8001216306798926,0.0,2.8001216306798926,-0.3991476586409854,0.0
2.99999999999998,-2.8039730358272044,0.37112695180217103,2.0,-0.37112695180217103,-2.8039730358272044,0.0,2.8039730358272044,-0.37112695180217103,0.0
3.00999999999998,-2.8075440460075707,0.3430691325774478,2.0,-0.3430691325774478,-2.8075440460075707,0.0,2.8075440460075707,-0.3430691325774478,0.0
3.0199999999999796,-2.8108343041229475,0.3149770067253569,2.0,-0.3149770067253569,-2.8108343041229475,0.0,2.8108343041229475,-0.3149770067253569,0.0
3.0299999999999794,-2.813843481150267,0.28685338343507344,2.0,-0.28685338343507344,-2.813843481150267,0.0,2.813843481150267,-0.28685338343507344,0.0
3.039999999999979,-2.816571276174333,0.2587010750454901,2.0,-0.2587010750454901,-2.816571276174333,0.0,2.816571276174333,-0.2587010750454901,0.0
3.049999999999979,-2.819017416417916,0.23052289676398574,2.0,-0.23052289676398574,-2.819017416417916,0.0,2.819017416417916,-0.23052289676398574,0.0
3.0599999999999787,-2.821181657269031,0.20232166638490676,2.0,-0.20232166638490676,-2.821181657269031,0.0,2.821181657269031,-0.20232166638490676,0.0
3.0699999999999785,-2.823063782305396,0.17410020400779014,2.0,-0.17410020400779014,-2.823063782305396,0.0,2.823063782305396,-0.17410020400779014,0.0
3.0799999999999783,-2.8246636033160755,0.14586133175535573,2.0,-0.14586133175535573,-2.8246636033160755,0.0,2.8246636033160755,-0.14586133175535573,0.0
3.089999999999978,-2.8259809603203023,0.11760787349129649,2.0,-0.11760787349129649,-2.8259809603203023,0.0,2.8259809603203023,-0.11760787349129649,0.0
3.099999999999978,-2.827015721583473,0.08934265453789439,2.0,-0.08934265453789439,-2.827015721583473,0.0,2.827015721583473,-0.08934265453789439,0.0
3.1099999999999777,-2.827767783630324,0.061068501393490425,2.0,-0.061068501393490425,-2.827767783630324,0.0,2.827767783630324,-0.061068501393490425,0.0
3.1199999999999775,-2.828237071255277,0.03278824144983738,2.0,-0.03278824144983738,-2.828237071255277,0.0,2.828237071255277,-0.03278824144983738,0.0
3.1299999999999772,-2.8284235375299613,0.00450470270936279,2.0,-0.00450470270936279,-2.8284235375299613,0.0,2.8284235375299613,-0.00450470270936279,0.0
3.139999999999977,-2.8283271638079044,-0.02377928649762883,2.0,0.02377928649762883,-2.8283271638079044,0.0,2.8283271638079044,0.02377928649762883,0.0
3.149999999999977,-2.827947959726398,-0.05206089779578669,2.0,0.05206089779578669,-2.827947959726398,0.0,2.827947959726398,0.05206089779578669,0.0
3.1599999999999766,-2.8272859632055343,-0.08033730304754891,2.0,0.08033730304754891,-2.8272859632055343,0.0,2.8272859632055343,0.08033730304754891,0.0
3.1699999999999764,-2.8263412404444144,-0.10860567463595391,2.0,0.10860567463595391,-2.8263412404444144,0.0,2.8263412404444144,0.10860567463595391,0.0
3.179999999999976,-2.825113885914526,-0.13686318574739975,2.0,0.13686318574739975,-2.825113885914526,0.0,2.825113885914526,0.13686318574739975,0.0
3.189999999999976,-2.8236040223503,-0.1651070106543231,2.0,0.1651070106543231,-2.8236040223503,0.0,2.8236040223503,0.1651070106543231,0.0
3.1999999999999758,-2.821811800736835,-0.19333432499776973,2.0,0.19333432499776973,-2.821811800736835,0.0,2.821811800736835,0.19333432499776973,0.0
3.2099999999999755,-2.8197374002947977,-0.22154230606982803,2.0,0.22154230606982803,-2.8197374002947977,0.0,2.8197374002947977,0.22154230606982803,0.0
3.2199999999999753,-2.8173810284625045,-0.24972813309589728,2.0,0.24972813309589728,-2.8173810284625045,0.0,2.8173810284625045,0.24972813309589728,0.0
3.229999999999975,-2.8147429208751746,-0.27788898751676305,2.0,0.27788898751676305,-2.8147429208751746,0.0,2.8147429208751746,0.27788898751676305,0.0
3.239999999999975,-2.8118233413413685,-0.3060220532704505,2.0,0.3060220532704505,-2.8118233413413685,0.0,2.8118233413413685,0.3060220532704505,0.0
3.2499999999999747,-2.8086225818166066,-0.33412451707382845,2.0,0.33412451707382845,-2.8086225818166066,0.0,2.8086225818166066,0.33412451707382845,0.0
3.2599999999999745,-2.8051409623741743,-0.36219356870393515,2.0,0.36219356870393515,-2.8051409623741743,0.0,2.8051409623741743,0.36219356870393515,0.0
3.2699999999999743,-2.801378831173114,-0.3902264012789985,2.0,0.3902264012789985,-2.801378831173114,0.0,2.801378831173114,0.3902264012789985,0.0
3.279999999999974,-2.797336564423411,-0.4182202115391215,2.0,0.4182202115391215,-2.797336564423411,0.0,2.797336564423411,0.4182202115391215,0.0
3.289999999999974,-2.793014566348372,-0.4461722001266063,2.0,0.4461722001266063,-2.793014566348372,0.0,2.793014566348372,0.4461722001266063,0.0
3.2999999999999736,-2.7884132691442023,-0.4740795718658873,2.0,0.4740795718658873,-2.7884132691442023,0.0,2.7884132691442023,0.4740795718658873,0.0
3.3099999999999734,-2.7835331329367885,-0.5019395360430468,2.0,0.5019395360430468,-2.7835331329367885,0.0,2.7835331329367885,0.5019395360430468,0.0
3.319999999999973,-2.778374645735684,-0.5297493066848835,2.0,0.5297493066848835,-2.778374645735684,0.0,2.778374645735684,0.5297493066848835,0.0
3.329999999999973,-2.77293832338531,-0.557506102837508,2.0,0.557506102837508,-2.77293832338531,0.0,2.77293832338531,0.557506102837508,0.0
3.3399999999999728,-2.767224709513372,-0.5852071488444356,2.0,0.5852071488444356,-2.767224709513372,0.0,2.767224709513372,0.5852071488444356,0.0
3.3499999999999726,-2.761234375476496,-0.6128496746241497,2.0,0.6128496746241497,-2.761234375476496,0.0,2.761234375476496,0.6128496746241497,0.0
3.3599999999999723,-2.754967920303093,-0.6404309159471079,2.0,0.6404309159471079,-2.754967920303093,0.0,2.754967920303093,0.6404309159471079,0.0
3.369999999999972,-2.7484259706334586,-0.667948114712162,2.0,0.667948114712162,-2.7484259706334586,0.0,2.7484259706334586,0.667948114712162,0.0
3.379999999999972,-2.7416091806571083,-0.6953985192223664,2.0,0.6953985192223664,-2.7416091806571083,0.0,2.7416091806571083,0.6953985192223664,0.0
3.3899999999999717,-2.734518232047359,-0.7227793844601453,2.0,0.7227793844601453,-2.734518232047359,0.0,2.734518232047359,0.7227793844601453,0.0
3.3999999999999715,-2.727153833893163,-0.7500879723617926,2.0,0.7500879723617926,-2.727153833893163,0.0,2.727153833893163,0.7500879723617926,0.0
3.4099999999999713,-2.7195167226281978,-0.7773215520912748,2.0,0.7773215520912748,-2.7195167226281978,0.0,2.7195167226281978,0.7773215520912748,0.0
3.419999999999971,-2.711607661957226,-0.8044774003133137,2.0,0.8044774003133137,-2.711607661957226,0.0,2.711607661957226,0.8044774003133137,0.0
3.429999999999971,-2.7034274427797245,-0.8315528014657169,2.0,0.8315528014657169,-2.7034274427797245,0.0,2.7034274427797245,0.8315528014657169,0.0
3.4399999999999706,-2.6949768831107934,-0.8585450480309317,2.0,0.8585450480309317,-2.6949768831107934,0.0,2.6949768831107934,0.8585450480309317,0.0
3.4499999999999704,-2.6862568279993577,-0.8854514408067954,2.0,0.8854514408067954,-2.6862568279993577,0.0,2.6862568279993577,0.8854514408067954,0.0
3.45999999999997,-2.677268149443662,-0.9122692891764522,2.0,0.9122692891764522,-2.677268149443662,0.0,2.677268149443662,0.9122692891764522,0.0
3.46999999999997,-2.668011746304072,-0.9389959113774131,2.0,0.9389959113774131,-2.668011746304072,0.0,2.668011746304072,0.9389959113774131,0.0
3.47999999999997,-2.6584885442131863,-0.9656286347697304,2.0,0.9656286347697304,-2.6584885442131863,0.0,2.6584885442131863,0.9656286347697304,0.0
3.4899999999999696,-2.64869949548328,-0.9921647961032585,2.0,0.9921647961032585,-2.64869949548328,0.0,2.64869949548328,0.9921647961032585,0.0
3.4999999999999694,-2.638645579011067,-1.0186017417839777,2.0,1.0186017417839777,-2.638645579011067,0.0,2.638645579011067,1.0186017417839777,0.0
3.509999999999969,-2.6283278001798167,-1.04493682813935,2.0,1.04493682813935,-2.6283278001798167,0.0,2.6283278001798167,1.04493682813935,0.0
3.519999999999969,-2.6177471907588146,-1.0711674216826865,2.0,1.0711674216826865,-2.6177471907588146,0.0,2.6177471907588146,1.0711674216826865,0.0
3.5299999999999687,-2.6069048088001856,-1.0972908993764914,2.0,1.0972908993764914,-2.6069048088001856,0.0,2.6069048088001856,1.0972908993764914,0.0
3.5399999999999685,-2.5958017385330896,-1.1233046488947642,2.0,1.1233046488947642,-2.5958017385330896,0.0,2.5958017385330896,1.1233046488947642,0.0
3.5499999999999683,-2.5844390902553016,-1.149206068884232,2.0,1.149206068884232,-2.5844390902553016,0.0,2.5844390902553016,1.149206068884232,0.0
3.559999999999968,-2.57281800022218,-1.17499256922448,2.0,1.17499256922448,-2.57281800022218,0.0,2.57281800022218,1.17499256922448,0.0
3.569999999999968,-2.560939630533044,-1.2006615712869624,2.0,1.2006615712869624,-2.560939630533044,0.0,2.560939630533044,1.2006615712869624,0.0
3.5799999999999677,-2.5488051690149636,-1.2262105081928645,2.0,1.2262105081928645,-2.5488051690149636,0.0,2.5488051690149636,1.2262105081928645,0.0
3.5899999999999674,-2.5364158291039796,-1.2516368250697858,2.0,1.2516368250697858,-2.5364158291039796,0.0,2.5364158291039796,1.2516368250697858,0.0
3.5999999999999672,-2.5237728497237577,-1.2769379793072273,2.0,1.2769379793072273,-2.5237728497237577,0.0,2.5237728497237577,1.2769379793072273,0.0
3.609999999999967,-2.5108774951617003,-1.3021114408108496,2.0,1.3021114408108496,-2.5108774951617003,0.0,2.5108774951617003,1.3021114408108496,0.0
3.619999999999967,-2.4977310549425176,-1.32715469225548,2.0,1.32715469225548,-2.4977310549425176,0.0,2.4977310549425176,1.32715469225548,0.0
3.6299999999999666,-2.4843348436992767,-1.3520652293368434,2.0,1.3520652293368434,-2.4843348436992767,0.0,2.4843348436992767,1.3520652293368434,0.0
3.6399999999999664,-2.470690201041938,-1.3768405610219903,2.0,1.3768405610219903,-2.470690201041938,0.0,2.470690201041938,1.3768405610219903,0.0
3.649999999999966,-2.4567984914233967,-1.4014782097983984,2.0,1.4014782097983984,-2.4567984914233967,0.0,2.4567984914233967,1.4014782097983984,0.0
3.659999999999966,-2.442661104003038,-1.4259757119217213,2.0,1.4259757119217213,-2.442661104003038,0.0,2.442661104003038,1.4259757119217213,0.0
3.6699999999999657,-2.428279452507823,-1.4503306176621613,2.0,1.4503306176621613,-2.428279452507823,0.0,2.428279452507823,1.4503306176621613,0.0
3.6799999999999655,-2.4136549750909175,-1.4745404915494398,2.0,1.4745404915494398,-2.4136549750909175,0.0,2.4136549750909175,1.4745404915494398,0.0
3.6899999999999653,-2.398789134187875,-1.4986029126163432,2.0,1.4986029126163432,-2.398789134187875,0.0,2.398789134187875,1.4986029126163432,0.0
3.699999999999965,-2.3836834163703977,-1.5225154746408163,2.0,1.5225154746408163,-2.3836834163703977,0.0,2.3836834163703977,1.5225154746408163,0.0
3.709999999999965,-2.36833933219768,-1.546275786386584,2.0,1.546275786386584,-2.36833933219768,0.0,2.36833933219768,1.546275786386584,0.0
3.7199999999999647,-2.352758416065352,-1.569881471842272,2.0,1.569881471842272,-2.352758416065352,0.0,2.352758416065352,1.569881471842272,0.0
3.7299999999999645,-2.3369422260520425,-1.593330170459006,2.0,1.593330170459006,-2.3369422260520425,0.0,2.3369422260520425,1.593330170459006,0.0
3.7399999999999642,-2.320892343763574,-1.616619537386465,2.0,1.616619537386465,-2.320892343763574,0.0,2.320892343763574,1.616619537386465,0.0
3.749999999999964,-2.304610374174799,-1.6397472437073635,2.0,1.6397472437073635,-2.304610374174799,0.0,2.304610374174799,1.6397472437073635,0.0
3.759999999999964,-2.288097945469109,-1.6627109766703427,2.0,1.6627109766703427,-2.288097945469109,0.0,2.288097945469109,1.6627109766703427,0.0
3.7699999999999636,-2.2713567088756137,-1.6855084399212428,2.0,1.6855084399212428,-2.2713567088756137,0.0,2.2713567088756137,1.6855084399212428,0.0
3.7799999999999634,-2.254388338504022,-1.7081373537327365,2.0,1.7081373537327365,-2.254388338504022,0.0,2.254388338504022,1.7081373537327365,0.0
3.789999999999963,-2.2371945311772308,-1.7305954552323002,2.0,1.7305954552323002,-2.2371945311772308,0.0,2.2371945311772308,1.7305954552323002,0.0
3.799999999999963,-2.219777006261644,-1.7528804986284985,2.0,1.7528804986284985,-2.219777006261644,0.0,2.219777006261644,1.7528804986284985,0.0
3.8099999999999627,-2.20213750549524,-1.774990255435563,2.0,1.774990255435563,-2.20213750549524,0.0,2.20213750549524,1.774990255435563,0.0
3.8199999999999625,-2.184277792813394,-1.7969225146962375,2.0,1.7969225146962375,-2.184277792813394,0.0,2.184277792813394,1.7969225146962375,0.0
3.8299999999999623,-2.1661996541724924,-1.8186750832028726,2.0,1.8186750832028726,-2.1661996541724924,0.0,2.1661996541724924,1.8186750832028726,0.0
3.839999999999962,-2.1479048973713337,-1.8402457857167454,2.0,1.8402457857167454,-2.1479048973713337,0.0,2.1479048973713337,1.8402457857167454,0.0
3.849999999999962,-2.129395351870353,-1.8616324651855793,2.0,1.8616324651855793,-2.129395351870353,0.0,2.129395351870353,1.8616324651855793,0.0
3.8599999999999617,-2.1106728686086753,-1.8828329829592496,2.0,1.8828329829592496,-2.1106728686086753,0.0,2.1106728686086753,1.8828329829592496,0.0
3.8699999999999615,-2.091739319819025,-1.9038452190036466,2.0,1.9038452190036466,-2.091739319819025,0.0,2.091739319819025,1.9038452190036466,0.0
3.8799999999999613,-2.0725965988405033,-1.9246670721126757,2.0,1.9246670721126757,-2.0725965988405033,0.0,2.0725965988405033,1.9246670721126757,0.0
3.889999999999961,-2.053246619929255,-1.945296460118377,2.0,1.945296460118377,-2.053246619929255,0.0,2.053246619929255,1.945296460118377,0.0
3.899999999999961,-2.0336913180670475,-1.965731320099142,2.0,1.965731320099142,-2.0336913180670475,0.0,2.0336913180670475,1.965731320099142,0.0
3.9099999999999606,-2.0139326487677702,-1.9859696085860008,2.0,1.9859696085860008,-2.0139326487677702,0.0,2.0139326487677702,1.9859696085860008,0.0
3.9199999999999604,-1.9939725878818881,-2.0060093017669702,2.0,2.0060093017669702,-1.9939725878818881,0.0,1.9939725878818881,2.0060093017669702,0.0
3.92999999999996,-1.9738131313988558,-2.0258483956894318,2.0,2.0258483956894318,-1.9738131313988558,0.0,1.9738131313988558,2.0258483956894318,0.0
3.93999999999996,-1.9534562952475225,-2.045484906460526,2.0,2.045484906460526,-1.9534562952475225,0.0,1.9534562952475225,2.045484906460526,0.0
3.9499999999999598,-1.9329041150945392,-2.064916870445539,2.0,2.064916870445539,-1.9329041150945392,0.0,1.9329041150945392,2.064916870445539,0.0
3.9599999999999596,-1.9121586461407947,-2.0841423444642655,2.0,2.0841423444642655,-1.9121586461407947,0.0,1.9121586461407947,2.0841423444642655,0.0
3.9699999999999593,-1.8912219629158962,-2.1031594059853256,2.0,2.1031594059853256,-1.8912219629158962,0.0,1.8912219629158962,2.1031594059853256,0.0
3.979999999999959,-1.870096159070719,-2.1219661533184135,2.0,2.1219661533184135,-1.870096159070719,0.0,1.870096159070719,2.1219661533184135,0.0
3.989999999999959,-1.848783347168043,-2.1405607058044693,2.0,2.1405607058044693,-1.848783347168043,0.0,1.848783347168043,2.1405607058044693,0.0
3.999999999999959,-1.827285658471297,-2.15894120400374,2.0,2.15894120400374,-1.827285658471297,0.0,1.827285658471297,2.15894120400374,0.0
4.009999999999959,-1.805605242731438,-2.1771058098817213,2.0,2.1771058098817213,-1.805605242731438,0.0,1.805605242731438,2.1771058098817213,0.0
4.019999999999959,-1.7837442679719717,-2.1950527069929633,2.0,2.1950527069929633,-1.7837442679719717,0.0,1.7837442679719717,2.1950527069929633,0.0
4.0299999999999585,-1.761704920272157,-2.21278010066271,2.0,2.21278010066271,-1.761704920272157,0.0,1.761704920272157,2.21278010066271,0.0
4.039999999999958,-1.7394894035483977,-2.230286218166368,2.0,2.230286218166368,-1.7394894035483977,0.0,1.7394894035483977,2.230286218166368,0.0
4.049999999999958,-1.7170999393338529,-2.2475693089067756,2.0,2.2475693089067756,-1.7170999393338529,0.0,1.7170999393338529,2.2475693089067756,0.0
4.059999999999958,-1.6945387665562865,-2.26462764458926,2.0,2.26462764458926,-1.6945387665562865,0.0,1.6945387665562865,2.26462764458926,0.0
4.069999999999958,-1.6718081413141759,-2.281459519394469,2.0,2.281459519394469,-1.6718081413141759,0.0,1.6718081413141759,2.281459519394469,0.0
4.079999999999957,-1.6489103366511024,-2.2980632501489486,2.0,2.2980632501489486,-1.6489103366511024,0.0,1.6489103366511024,2.2980632501489486,0.0
4.089999999999957,-1.625847642328451,-2.3144371764934597,2.0,2.3144371764934597,-1.625847642328451,0.0,1.625847642328451,2.3144371764934597,0.0
4.099999999999957,-1.6026223645964357,-2.3305796610490126,2.0,2.3305796610490126,-1.6026223645964357,0.0,1.6026223645964357,2.3305796610490126,0.0
4.109999999999957,-1.5792368259634746,-2.346489089580604,2.0,2.346489089580604,-1.5792368259634746,0.0,1.5792368259634746,2.346489089580604,0.0
4.119999999999957,-1.5556933649639433,-2.3621638711586384,2.0,2.3621638711586384,-1.5556933649639433,0.0,1.5556933649639433,2.3621638711586384,0.0
4.129999999999956,-1.5319943359243229,-2.3776024383180197,2.0,2.3776024383180197,-1.5319943359243229,0.0,1.5319943359243229,2.3776024383180197,0.0
4.139999999999956,-1.5081421087277678,-2.392803247214899,2.0,2.392803247214899,-1.5081421087277678,0.0,1.5081421087277678,2.392803247214899,0.0
4.149999999999956,-1.4841390685771203,-2.4077647777810522,2.0,2.4077647777810522,-1.4841390685771203,0.0,1.4841390685771203,2.4077647777810522,0.0
4.159999999999956,-1.4599876157563938,-2.422485533875891,2.0,2.422485533875891,-1.4599876157563938,0.0,1.4599876157563938,2.422485533875891,0.0
4.1699999999999555,-1.4356901653907443,-2.436964043436074,2.0,2.436964043436074,-1.4356901653907443,0.0,1.4356901653907443,2.436964043436074,0.0
4.179999999999955,-1.4112491472049598,-2.45119885862271,2.0,2.45119885862271,-1.4112491472049598,0.0,1.4112491472049598,2.45119885862271,0.0
4.189999999999955,-1.3866670052804917,-2.4651885559661424,2.0,2.4651885559661424,-1.3866670052804917,0.0,1.3866670052804917,2.4651885559661424,0.0
4.199999999999955,-1.3619461978110479,-2.478931736508295,2.0,2.478931736508295,-1.3619461978110479,0.0,1.3619461978110479,2.478931736508295,0.0
4.209999999999955,-1.3370891968567744,-2.4924270259425665,2.0,2.4924270259425665,-1.3370891968567744,0.0,1.3370891968567744,2.4924270259425665,0.0
4.2199999999999545,-1.3120984880970523,-2.5056730747512597,2.0,2.5056730747512597,-1.3120984880970523,0.0,1.3120984880970523,2.5056730747512597,0.0
4.229999999999954,-1.2869765705819323,-2.5186685583405315,2.0,2.5186685583405315,-1.2869765705819323,0.0,1.2869765705819323,2.5186685583405315,0.0
4.239999999999954,-1.261725956482231,-2.5314121771728524,2.0,2.5314121771728524,-1.261725956482231,0.0,1.261725956482231,2.5314121771728524,0.0
4.249999999999954,-1.2363491708383163,-2.543902656896959,2.0,2.543902656896959,-1.2363491708383163,0.0,1.2363491708383163,2.543902656896959,0.0
4.259999999999954,-1.2108487513076054,-2.5561387484752887,2.0,2.5561387484752887,-1.2108487513076054,0.0,1.2108487513076054,2.5561387484752887,0.0
4.269999999999953,-1.185227247910801,-2.5681192283088787,2.0,2.5681192283088787,-1.185227247910801,0.0,1.185227247910801,2.5681192283088787,0.0
4.279999999999953,-1.1594872227768915,-2.57984289835973,2.0,2.57984289835973,-1.1594872227768915,0.0,1.1594872227768915,2.57984289835973,0.0
4.289999999999953,-1.1336312498869405,-2.5913085862706073,2.0,2.5913085862706073,-1.1336312498869405,0.0,1.1336312498869405,2.5913085862706073,0.0
4.299999999999953,-1.1076619148166904,-2.6025151454822746,2.0,2.6025151454822746,-1.1076619148166904,0.0,1.1076619148166904,2.6025151454822746,0.0
4.3099999999999525,-1.0815818144780072,-2.6134614553481486,2.0,2.6134614553481486,-1.0815818144780072,0.0,1.0815818144780072,2.6134614553481486,0.0
4.319999999999952,-1.0553935568591912,-2.6241464212463654,2.0,2.6241464212463654,-1.0553935568591912,0.0,1.0553935568591912,2.6241464212463654,0.0
4.329999999999952,-1.0290997607641812,-2.6345689746892385,2.0,2.6345689746892385,-1.0290997607641812,0.0,1.0290997607641812,2.6345689746892385,0.0
4.339999999999952,-1.0027030555506748,-2.64472807343011,2.0,2.64472807343011,-1.0027030555506748,0.0,1.0027030555506748,2.64472807343011,0.0
4.349999999999952,-0.9762060808671966,-2.654622701567571,2.0,2.654622701567571,-0.9762060808671966,0.0,0.9762060808671966,2.654622701567571,0.0
4.3599999999999515,-0.9496114863891341,-2.6642518696470536,2.0,2.6642518696470536,-0.9496114863891341,0.0,0.9496114863891341,2.6642518696470536,0.0
4.369999999999951,-0.9229219315537728,-2.673614614759774,2.0,2.673614614759774,-0.9229219315537728,0.0,0.9229219315537728,2.673614614759774,0.0
4.379999999999951,-0.8961400852943553,-2.6827100006390228,2.0,2.6827100006390228,-0.8961400852943553,0.0,0.8961400852943553,2.6827100006390228,0.0
4.389999999999951,-0.8692686257731892,-2.6915371177537923,2.0,2.6915371177537923,-0.8692686257731892,0.0,0.8692686257731892,2.6915371177537923,0.0
4.399999999999951,-0.8423102401138339,-2.7000950833997264,2.0,2.7000950833997264,-0.8423102401138339,0.0,0.8423102401138339,2.7000950833997264,0.0
4.40999999999995,-0.8152676241323902,-2.7083830417873926,2.0,2.7083830417873926,-0.8152676241323902,0.0,0.8152676241323902,2.7083830417873926,0.0
4.41999999999995,-0.7881434820679205,-2.716400164127858,2.0,2.716400164127858,-0.7881434820679205,0.0,0.7881434820679205,2.716400164127858,0.0
4.42999999999995,-0.7609405263120282,-2.72414564871557,2.0,2.72414564871557,-0.7609405263120282,0.0,0.7609405263120282,2.72414564871557,0.0
4.43999999999995,-0.7336614771376196,-2.7316187210085245,2.0,2.7316187210085245,-0.7336614771376196,0.0,0.7336614771376196,2.7316187210085245,0.0
4.4499999999999496,-0.70630906242688,-2.738818633705719,2.0,2.738818633705719,-0.70630906242688,0.0,0.70630906242688,2.738818633705719,0.0
4.459999999999949,-0.6788860173984863,-2.7457446668218846,2.0,2.7457446668218846,-0.6788860173984863,0.0,0.6788860173984863,2.7457446668218846,0.0
4.469999999999949,-0.6513950843340894,-2.7523961277594813,2.0,2.7523961277594813,-0.6513950843340894,0.0,0.6513950843340894,2.7523961277594813,0.0
4.479999999999949,-0.6238390123040866,-2.7587723513779574,2.0,2.7587723513779574,-0.6238390123040866,0.0,0.6238390123040866,2.7587723513779574,0.0
4.489999999999949,-0.5962205568927174,-2.764872700060265,2.0,2.764872700060265,-0.5962205568927174,0.0,0.5962205568927174,2.764872700060265,0.0
4.4999999999999485,-0.5685424799225076,-2.7706965637766197,2.0,2.7706965637766197,-0.5685424799225076,0.0,0.5685424799225076,2.7706965637766197,0.0
4.509999999999948,-0.5408075491780896,-2.7762433601455023,2.0,2.7762433601455023,-0.5408075491780896,0.0,0.5408075491780896,2.7762433601455023,0.0
4.519999999999948,-0.5130185381294251,-2.7815125344918994,2.0,2.7815125344918994,-0.5130185381294251,0.0,0.5130185381294251,2.7815125344918994,0.0
4.529999999999948,-0.4851782256544617,-2.7865035599027665,2.0,2.7865035599027665,-0.4851782256544617,0.0,0.4851782256544617,2.7865035599027665,0.0
4.539999999999948,-0.4572893957612468,-2.7912159372797216,2.0,2.7912159372797216,-0.4572893957612468,0.0,0.4572893957612468,2.7912159372797216,0.0
4.549999999999947,-0.42935483730952884,-2.7956491953889544,2.0,2.7956491953889544,-0.42935483730952884,0.0,0.42935483730952884,2.7956491953889544,0.0
4.559999999999947,-0.40137734373187456,-2.7998028909083486,2.0,2.7998028909083486,-0.40137734373187456,0.0,0.40137734373187456,2.7998028909083486,0.0
4.569999999999947,-0.3733597127543271,-2.8036766084718128,2.0,2.8036766084718128,-0.3733597127543271,0.0,0.3733597127543271,2.8036766084718128,0.0
4.579999999999947,-0.3453047461166362,-2.8072699607108196,2.0,2.8072699607108196,-0.3453047461166362,0.0,0.3453047461166362,2.8072699607108196,0.0
4.589999999999947,-0.31721524929208667,-2.810582588293139,2.0,2.810582588293139,-0.31721524929208667,0.0,0.31721524929208667,2.810582588293139,0.0
4.599999999999946,-0.2890940312069531,-2.8136141599587736,2.0,2.8136141599587736,-0.2890940312069531,0.0,0.2890940312069531,2.8136141599587736,0.0
4.609999999999946,-0.2609439039596097,-2.8163643725530827,2.0,2.8163643725530827,-0.2609439039596097,0.0,0.2609439039596097,2.8163643725530827,0.0
4.619999999999946,-0.2327676825393229,-2.8188329510570993,2.0,2.8188329510570993,-0.2327676825393229,0.0,0.2327676825393229,2.8188329510570993,0.0
4.629999999999946,-0.2045681845447546,-2.8210196486150294,2.0,2.8210196486150294,-0.2045681845447546,0.0,0.2045681845447546,2.8210196486150294,0.0
4.6399999999999455,-0.1763482299022047,-2.8229242465589404,2.0,2.8229242465589404,-0.1763482299022047,0.0,0.1763482299022047,2.8229242465589404,0.0
4.649999999999945,-0.14811064058362097,-2.8245465544306243,2.0,2.8245465544306243,-0.14811064058362097,0.0,0.14811064058362097,2.8245465544306243,0.0
4.659999999999945,-0.119858240324404,-2.825886410000646,2.0,2.825886410000646,-0.119858240324404,0.0,0.119858240324404,2.825886410000646,0.0
4.669999999999945,-0.09159385434103613,-2.826943679284565,2.0,2.826943679284565,-0.09159385434103613,0.0,0.09159385434103613,2.826943679284565,0.0
4.679999999999945,-0.0633203090485621,-2.8277182565563344,2.0,2.8277182565563344,-0.0633203090485621,0.0,0.0633203090485621,2.8277182565563344,0.0
4.689999999999944,-0.03504043177794998,-2.828210064358872,2.0,2.828210064358872,-0.03504043177794998,0.0,0.03504043177794998,2.828210064358872,0.0
4.699999999999944,-0.0067570504933603176,-2.828419053511808,2.0,2.828419053511808,-0.0067570504933603176,0.0,0.0067570504933603176,2.828419053511808,0.0
4.709999999999944,0.021527006490647822,-2.8283452031164007,2.0,2.8283452031164007,0.021527006490647822,0.0,-0.021527006490647822,2.8283452031164007,0.0
4.719999999999944,0.049808910791946014,-2.827988520557628,2.0,2.827988520557628,0.049808910791946014,0.0,-0.049808910791946014,2.827988520557628,0.0
4.729999999999944,0.0780858342436723,-2.827349041503449,2.0,2.827349041503449,0.0780858342436723,0.0,-0.0780858342436723,2.827349041503449,0.0
4.739999999999943,0.10635494917704552,-2.826426829901236,2.0,2.826426829901236,0.10635494917704552,0.0,-0.10635494917704552,2.826426829901236,0.0
4.749999999999943,0.13461342870412987,-2.8252219779713803,2.0,2.8252219779713803,0.13461342870412987,0.0,-0.13461342870412987,2.8252219779713803,0.0
4.759999999999943,0.1628584470005213,-2.8237346061980717,2.0,2.8237346061980717,0.1628584470005213,0.0,-0.1628584470005213,2.8237346061980717,0.0
4.769999999999943,0.1910871795879276,-2.821964863317248,2.0,2.821964863317248,0.1910871795879276,0.0,-0.1910871795879276,2.821964863317248,0.0
4.7799999999999425,0.21929680361661386,-2.819912926301721,2.0,2.819912926301721,0.21929680361661386,0.0,-0.21929680361661386,2.819912926301721,0.0
4.789999999999942,0.24748449814768522,-2.8175790003434846,2.0,2.8175790003434846,0.24748449814768522,0.0,-0.24748449814768522,2.8175790003434846,0.0
4.799999999999942,0.2756474444351782,-2.814963318833188,2.0,2.814963318833188,0.2756474444351782,0.0,-0.2756474444351782,2.814963318833188,0.0
4.809999999999942,0.3037828262079331,-2.812066143336803,2.0,2.812066143336803,0.3037828262079331,0.0,-0.3037828262079331,2.812066143336803,0.0
4.819999999999942,0.3318878299512187,-2.8088877635694653,2.0,2.8088877635694653,0.3318878299512187,0.0,-0.3318878299512187,2.8088877635694653,0.0
4.8299999999999415,0.3599596451880815,-2.8054284973665022,2.0,2.8054284973665022,0.3599596451880815,0.0,-0.3599596451880815,2.8054284973665022,0.0
4.839999999999941,0.3879954647603908,-2.8016886906516523,2.0,2.8016886906516523,0.3879954647603908,0.0,-0.3879954647603908,2.8016886906516523,0.0
4.849999999999941,0.41599248510955256,-2.7976687174024697,2.0,2.7976687174024697,0.41599248510955256,0.0,-0.41599248510955256,2.7976687174024697,0.0
4.859999999999941,0.4439479065568626,-2.79336897961293,2.0,2.79336897961293,0.4439479065568626,0.0,-0.4439479065568626,2.79336897961293,0.0
4.869999999999941,0.47185893358347236,-2.788789907253228,2.0,2.788789907253228,0.47185893358347236,0.0,-0.47185893358347236,2.788789907253228,0.0
4.87999999999994,0.49972277510993823,-2.783931958226785,2.0,2.783931958226785,0.49972277510993823,0.0,-0.49972277510993823,2.783931958226785,0.0
4.88999999999994,0.5275366447753274,-2.7787956183244553,2.0,2.7787956183244553,0.5275366447753274,0.0,-0.5275366447753274,2.7787956183244553,0.0
4.89999999999994,0.5552977612158514,-2.7733814011759477,2.0,2.7733814011759477,0.5552977612158514,0.0,-0.5552977612158514,2.7733814011759477,0.0
4.90999999999994,0.5830033483430004,-2.7676898481984664,2.0,2.7676898481984664,0.5830033483430004,0.0,-0.5830033483430004,2.7676898481984664,0.0
4.9199999999999395,0.6106506356211495,-2.761721528542566,2.0,2.761721528542566,0.6106506356211495,0.0,-0.6106506356211495,2.761721528542566,0.0
4.929999999999939,0.6382368583446105,-2.755477039035238,2.0,2.755477039035238,0.6382368583446105,0.0,-0.6382368583446105,2.755477039035238,0.0
4.939999999999939,0.6657592579140993,-2.74895700412023,2.0,2.74895700412023,0.6657592579140993,0.0,-0.6657592579140993,2.74895700412023,0.0
4.949999999999939,0.6932150821125942,-2.7421620757955996,2.0,2.7421620757955996,0.6932150821125942,0.0,-0.6932150821125942,2.7421620757955996,0.0
4.959999999999939,0.7206015853805551,-2.735092933548517,2.0,2.735092933548517,0.7206015853805551,0.0,-0.7206015853805551,2.735092933548517,0.0
4.9699999999999385,0.7479160290904773,-2.727750284287316,2.0,2.727750284287316,0.7479160290904773,0.0,-0.7479160290904773,2.727750284287316,0.0
4.979999999999938,0.7751556818207517,-2.7201348622708044,2.0,2.7201348622708044,0.7751556818207517,0.0,-0.7751556818207517,2.7201348622708044,0.0
4.989999999999938,0.802317819628805,-2.7122474290348366,2.0,2.7122474290348366,0.802317819628805,0.0,-0.802317819628805,2.7122474290348366,0.0
4.999999999999938,0.8293997263234913,-2.7040887733161645,2.0,2.7040887733161645,0.8293997263234913,0.0,-0.8293997263234913,2.7040887733161645,0.0
5.009999999999938,0.8563986937367095,-2.6956597109735605,2.0,2.6956597109735605,0.8563986937367095,0.0,-0.8563986937367095,2.6956597109735605,0.0
5.019999999999937,0.8833120219942172,-2.6869610849062346,2.0,2.6869610849062346,0.8833120219942172,0.0,-0.8833120219942172,2.6869610849062346,0.0
5.029999999999937,0.9101370197856165,-2.677993764969545,2.0,2.677993764969545,0.9101370197856165,0.0,-0.9101370197856165,2.677993764969545,0.0
5.039999999999937,0.936871004633482,-2.668758647888012,2.0,2.668758647888012,0.936871004633482,0.0,-0.936871004633482,2.668758647888012,0.0
5.049999999999937,0.9635113031616074,-2.659256657165649,2.0,2.659256657165649,0.9635113031616074,0.0,-0.9635113031616074,2.659256657165649,0.0
5.0599999999999365,0.9900552513623401,-2.649488742993609,2.0,2.649488742993609,0.9900552513623401,0.0,-0.9900552513623401,2.649488742993609,0.0
5.069999999999936,1.01650019486298,-2.6394558821551697,2.0,2.6394558821551697,1.01650019486298,0.0,-1.01650019486298,2.6394558821551697,0.0
5.079999999999936,1.0428434891912142,-2.6291590779280543,2.0,2.6291590779280543,1.0428434891912142,0.0,-1.0428434891912142,2.6291590779280543,0.0
5.089999999999936,1.0690825000395625,-2.6185993599841044,2.0,2.6185993599841044,1.0690825000395625,0.0,-1.0690825000395625,2.6185993599841044,0.0
5.099999999999936,1.0952146035288062,-2.607777784286315,2.0,2.607777784286315,1.0952146035288062,0.0,-1.0952146035288062,2.607777784286315,0.0
5.1099999999999355,1.1212371864703725,-2.5966954329832377,2.0,2.5966954329832377,1.1212371864703725,0.0,-1.1212371864703725,2.5966954329832377,0.0
5.119999999999935,1.1471476466276531,-2.585353414300768,2.0,2.585353414300768,1.1471476466276531,0.0,-1.1471476466276531,2.585353414300768,0.0
5.129999999999935,1.1729433929762243,-2.573752862431322,2.0,2.573752862431322,1.1729433929762243,0.0,-1.1729433929762243,2.573752862431322,0.0
5.139999999999935,1.1986218459629474,-2.56189493742042,2.0,2.56189493742042,1.1986218459629474,0.0,-1.1986218459629474,2.56189493742042,0.0
5.149999999999935,1.2241804377639223,-2.5497808250506813,2.0,2.5497808250506813,1.2241804377639223,0.0,-1.2241804377639223,2.5497808250506813,0.0
5.159999999999934,1.2496166125412678,-2.5374117367232474,2.0,2.5374117367232474,1.2496166125412678,0.0,-1.2496166125412678,2.5374117367232474,0.0
5.169999999999934,1.274927826698703,-2.5247889093366447,2.0,2.5247889093366447,1.274927826698703,0.0,-1.274927826698703,2.5247889093366447,0.0
5.179999999999934,1.3001115491359045,-2.5119136051630915,2.0,2.5119136051630915,1.3001115491359045,0.0,-1.3001115491359045,2.5119136051630915,0.0
5.189999999999934,1.3251652615016152,-2.498787111722277,2.0,2.498787111722277,1.3251652615016152,0.0,-1.3251652615016152,2.498787111722277,0.0
5.199999999999934,1.3500864584454764,-2.485410741652605,2.0,2.485410741652605,1.3500864584454764,0.0,-1.3500864584454764,2.485410741652605,0.0
5.209999999999933,1.3748726478685613,-2.471785832579937,2.0,2.471785832579937,1.3748726478685613,0.0,-1.3748726478685613,2.471785832579937,0.0
5.219999999999933,1.3995213511725828,-2.4579137469838255,2.0,2.4579137469838255,1.3995213511725828,0.0,-1.3995213511725828,2.4579137469838255,0.0
5.229999999999933,1.424030103507751,-2.4437958720612705,2.0,2.4437958720612705,1.424030103507751,0.0,-1.424030103507751,2.4437958720612705,0.0
5.239999999999933,1.448396454019256,-2.429433619587999,2.0,2.429433619587999,1.448396454019256,0.0,-1.448396454019256,2.429433619587999,0.0
5.2499999999999325,1.4726179660923524,-2.41482842577729,2.0,2.41482842577729,1.4726179660923524,0.0,-1.4726179660923524,2.41482842577729,0.0
5.259999999999932,1.496692217596017,-2.3999817511363535,2.0,2.3999817511363535,1.496692217596017,0.0,-1.496692217596017,2.3999817511363535,0.0
5.269999999999932,1.5206168011251613,-2.3848950803202817,2.0,2.3848950803202817,1.5206168011251613,0.0,-1.5206168011251613,2.3848950803202817,0.0
5.279999999999932,1.5443893242413695,-2.3695699219835835,2.0,2.3695699219835835,1.5443893242413695,0.0,-1.5443893242413695,2.3695699219835835,0.0
5.289999999999932,1.5680074097121406,-2.3540078086293224,2.0,2.3540078086293224,1.5680074097121406,0.0,-1.5680074097121406,2.3540078086293224,0.0
5.299999999999931,1.5914686957486088,-2.3382102964558644,2.0,2.3382102964558644,1.5914686957486088,0.0,-1.5914686957486088,2.3382102964558644,0.0
5.309999999999931,1.614770836241722,-2.3221789652012634,2.0,2.3221789652012634,1.614770836241722,0.0,-1.614770836241722,2.3221789652012634,0.0
5.319999999999931,1.6379115009968486,-2.305915417985285,2.0,2.305915417985285,1.6379115009968486,0.0,-1.6379115009968486,2.305915417985285,0.0
5.329999999999931,1.660888375966797,-2.2894212811490977,2.0,2.2894212811490977,1.660888375966797,0.0,-1.660888375966797,2.2894212811490977,0.0
5.339999999999931,1.6836991634832181,-2.2726982040926402,2.0,2.2726982040926402,1.6836991634832181,0.0,-1.6836991634832181,2.2726982040926402,0.0
5.34999999999993,1.7063415824863688,-2.2557478591096825,2.0,2.2557478591096825,1.7063415824863688,0.0,-1.7063415824863688,2.2557478591096825,0.0
5.35999999999993,1.7288133687532172,-2.2385719412205973,2.0,2.2385719412205973,1.7288133687532172,0.0,-1.7288133687532172,2.2385719412205973,0.0
5.36999999999993,1.7511122751238637,-2.2211721680028607,2.0,2.2211721680028607,1.7511122751238637,0.0,-1.7511122751238637,2.2211721680028607,0.0
5.37999999999993,1.7732360717262527,-2.2035502794192943,2.0,2.2035502794192943,1.7732360717262527,0.0,-1.7732360717262527,2.2035502794192943,0.0
5.3899999999999295,1.7951825461991613,-2.1857080376440714,2.0,2.1857080376440714,1.7951825461991613,0.0,-1.7951825461991613,2.1857080376440714,0.0
5.399999999999929,1.81694950391343,-2.1676472268865017,2.0,2.1676472268865017,1.81694950391343,0.0,-1.81694950391343,2.1676472268865017,0.0
5.409999999999929,1.8385347681914275,-2.14936965321261,2.0,2.14936965321261,1.8385347681914275,0.0,-1.8385347681914275,2.14936965321261,0.0
5.419999999999929,1.8599361805247128,-2.1308771443645322,2.0,2.1308771443645322,1.8599361805247128,0.0,-1.8599361805247128,2.1308771443645322,0.0
5.429999999999929,1.8811516007898872,-2.1121715495777433,2.0,2.1121715495777433,1.8811516007898872,0.0,-1.8811516007898872,2.1121715495777433,0.0
5.4399999999999284,1.9021789074626037,-2.093254739396134,2.0,2.093254739396134,1.9021789074626037,0.0,-1.9021789074626037,2.093254739396134,0.0
5.449999999999928,1.923015997829718,-2.0741286054849577,2.0,2.0741286054849577,1.923015997829718,0.0,-1.923015997829718,2.0741286054849577,0.0
5.459999999999928,1.9436607881995571,-2.054795060441668,2.0,2.054795060441668,1.9436607881995571,0.0,-1.9436607881995571,2.054795060441668,0.0
5.469999999999928,1.964111214110288,-2.035256037604657,2.0,2.035256037604657,1.964111214110288,0.0,-1.964111214110288,2.035256037604657,0.0
5.479999999999928,1.9843652305363624,-2.0155134908599273,2.0,2.0155134908599273,1.9843652305363624,0.0,-1.9843652305363624,2.0155134908599273,0.0
5.489999999999927,2.0044208120930147,-1.9955693944457007,2.0,1.9955693944457007,2.0044208120930147,0.0,-2.0044208120930147,1.9955693944457007,0.0
5.499999999999927,2.0242759532388033,-1.975425742754998,2.0,1.975425742754998,2.0242759532388033,0.0,-2.0242759532388033,1.975425742754998,0.0
5.509999999999927,2.043928668476159,-1.9550845501362026,2.0,1.9550845501362026,2.043928668476159,0.0,-2.043928668476159,1.9550845501362026,0.0
5.519999999999927,2.063376992549935,-1.9345478506916254,2.0,1.9345478506916254,2.063376992549935,0.0,-2.063376992549935,1.9345478506916254,0.0
5.5299999999999265,2.082618980643931,-1.9138176980740966,2.0,1.9138176980740966,2.082618980643931,0.0,-2.082618980643931,1.9138176980740966,0.0
5.539999999999926,2.101652708575373,-1.8928961652816036,2.0,1.8928961652816036,2.101652708575373,0.0,-2.101652708575373,1.8928961652816036,0.0
5.549999999999926,2.1204762729873288,-1.8717853444499903,2.0,1.8717853444499903,2.1204762729873288,0.0,-2.1204762729873288,1.8717853444499903,0.0
5.559999999999926,2.139087791539043,-1.8504873466437481,2.0,1.8504873466437481,2.139087791539043,0.0,-2.139087791539043,1.8504873466437481,0.0
5.569999999999926,2.1574854030941713,-1.8290043016449091,2.0,1.8290043016449091,2.1574854030941713,0.0,-2.1574854030941713,1.8290043016449091,0.0
5.5799999999999255,2.1756672679068885,-1.8073383577400708,2.0,1.8073383577400708,2.1756672679068885,0.0,-2.1756672679068885,1.8073383577400708,0.0
5.589999999999925,2.193631567805865,-1.7854916815055688,2.0,1.7854916815055688,2.193631567805865,0.0,-2.193631567805865,1.7854916815055688,0.0
5.599999999999925,2.211376506376081,-1.7634664575908208,2.0,1.7634664575908208,2.211376506376081,0.0,-2.211376506376081,1.7634664575908208,0.0
5.609999999999925,2.228900309138467,-1.7412648884998645,2.0,1.7412648884998645,2.228900309138467,0.0,-2.228900309138467,1.7412648884998645,0.0
5.619999999999925,2.2462012237273505,-1.7188891943711073,2.0,1.7188891943711073,2.2462012237273505,0.0,-2.2462012237273505,1.7188891943711073,0.0
5.629999999999924,2.263277520065689,-1.6963416127553161,2.0,1.6963416127553161,2.263277520065689,0.0,-2.263277520065689,1.6963416127553161,0.0
5.639999999999924,2.280127490538079,-1.6736243983918626,2.0,1.6736243983918626,2.280127490538079,0.0,-2.280127490538079,1.6736243983918626,0.0
5.649999999999924,2.2967494501615153,-1.650739822983252,2.0,1.650739822983252,2.2967494501615153,0.0,-2.2967494501615153,1.650739822983252,0.0
5.659999999999924,2.3131417367538867,-1.6276901749679553,2.0,1.6276901749679553,2.3131417367538867,0.0,-2.3131417367538867,1.6276901749679553,0.0
5.6699999999999235,2.329302711100195,-1.6044777592915658,2.0,1.6044777592915658,2.329302711100195,0.0,-2.329302711100195,1.6044777592915658,0.0
5.679999999999923,2.3452307571164717,-1.581104897176307,2.0,1.581104897176307,2.3452307571164717,0.0,-2.3452307571164717,1.581104897176307,0.0
5.689999999999923,2.3609242820113896,-1.5575739258889143,2.0,1.5575739258889143,2.3609242820113896,0.0,-2.3609242820113896,1.5575739258889143,0.0
5.699999999999923,2.376381716445537,-1.5338871985069062,2.0,1.5338871985069062,2.376381716445537,0.0,-2.376381716445537,1.5338871985069062,0.0
5.709999999999923,2.3916015146883507,-1.5100470836832827,2.0,1.5100470836832827,2.3916015146883507,0.0,-2.3916015146883507,1.5100470836832827,0.0
5.7199999999999225,2.4065821547726904,-1.4860559654096595,2.0,1.4860559654096595,2.4065821547726904,0.0,-2.4065821547726904,1.4860559654096595,0.0
5.729999999999922,2.4213221386470316,-1.4619162427778707,2.0,1.4619162427778707,2.4213221386470316,0.0,-2.4213221386470316,1.4619162427778707,0.0
5.739999999999922,2.4358199923252695,-1.4376303297400637,2.0,1.4376303297400637,2.4358199923252695,0.0,-2.4358199923252695,1.4376303297400637,0.0
5.749999999999922,2.4500742660341186,-1.413200654867304,2.0,1.413200654867304,2.4500742660341186,0.0,-2.4500742660341186,1.413200654867304,0.0
5.759999999999922,2.4640835343580854,-1.3886296611067208,2.0,1.3886296611067208,2.4640835343580854,0.0,-2.4640835343580854,1.3886296611067208,0.0
5.769999999999921,2.477846396382013,-1.3639198055372146,2.0,1.3639198055372146,2.477846396382013,0.0,-2.477846396382013,1.3639198055372146,0.0
5.779999999999921,2.4913614758311673,-1.3390735591237508,2.0,1.3390735591237508,2.4913614758311673,0.0,-2.4913614758311673,1.3390735591237508,0.0
5.789999999999921,2.504627421208866,-1.3140934064702654,2.0,1.3140934064702654,2.504627421208866,0.0,-2.504627421208866,1.3140934064702654,0.0
5.799999999999921,2.5176429059316265,-1.2889818455712072,2.0,1.2889818455712072,2.5176429059316265,0.0,-2.5176429059316265,1.2889818455712072,0.0
5.809999999999921,2.5304066284618227,-1.2637413875617398,2.0,1.2637413875617398,2.5304066284618227,0.0,-2.5304066284618227,1.2637413875617398,0.0
5.81999999999992,2.542917312437838,-1.2383745564666306,2.0,1.2383745564666306,2.542917312437838,0.0,-2.542917312437838,1.2383745564666306,0.0
5.82999999999992,2.5551737068016998,-1.2128838889478502,2.0,1.2128838889478502,2.5551737068016998,0.0,-2.5551737068016998,1.2128838889478502,0.0
5.83999999999992,2.5671745859241866,-1.187271934050908,2.0,1.187271934050908,2.5671745859241866,0.0,-2.5671745859241866,1.187271934050908,0.0
5.84999999999992,2.5789187497273853,-1.1615412529499507,2.0,1.1615412529499507,2.5789187497273853,0.0,-2.5789187497273853,1.1615412529499507,0.0
5.8599999999999195,2.590405023804703,-1.1356944186916464,2.0,1.1356944186916464,2.590405023804703,0.0,-2.590405023804703,1.1356944186916464,0.0
5.869999999999919,2.601632259538304,-1.109734015937882,2.0,1.109734015937882,2.601632259538304,0.0,-2.601632259538304,1.109734015937882,0.0
5.879999999999919,2.612599334213971,-1.0836626407072987,2.0,1.0836626407072987,2.612599334213971,0.0,-2.612599334213971,1.0836626407072987,0.0
5.889999999999919,2.623305151133376,-1.057482900115694,2.0,1.057482900115694,2.623305151133376,0.0,-2.623305151133376,1.057482900115694,0.0
5.899999999999919,2.633748639723747,-1.0311974121153105,2.0,1.0311974121153105,2.633748639723747,0.0,-2.633748639723747,1.0311974121153105,0.0
5.909999999999918,2.643928755644929,-1.0048088052330437,2.0,1.0048088052330437,2.643928755644929,0.0,-2.643928755644929,1.0048088052330437,0.0
5.919999999999918,2.653844480893814,-0.9783197183075917,2.0,0.9783197183075917,2.653844480893814,0.0,-2.653844480893814,0.9783197183075917,0.0
5.929999999999918,2.6634948239061385,-0.9517328002255725,2.0,0.9517328002255725,2.6634948239061385,0.0,-2.6634948239061385,0.9517328002255725,0.0
5.939999999999918,2.672878819655644,-0.9250507096566388,2.0,0.9250507096566388,2.672878819655644,0.0,-2.672878819655644,0.9250507096566388,0.0
5.949999999999918,2.681995529750576,-0.8982761147876125,2.0,0.8982761147876125,2.681995529750576,0.0,-2.681995529750576,0.8982761147876125,0.0
5.959999999999917,2.6908440425275217,-0.8714116930556685,2.0,0.8714116930556685,2.6908440425275217,0.0,-2.6908440425275217,0.8714116930556685,0.0
5.969999999999917,2.699423473142577,-0.8444601308805928,2.0,0.8444601308805928,2.699423473142577,0.0,-2.699423473142577,0.8444601308805928,0.0
5.979999999999917,2.70773296365983,-0.8174241233961433,2.0,0.8174241233961433,2.70773296365983,0.0,-2.70773296365983,0.8174241233961433,0.0
5.989999999999917,2.715771683137154,-0.790306374180539,2.0,0.790306374180539,2.715771683137154,0.0,-2.715771683137154,0.790306374180539,0.0
5.9999999999999165,2.7235388277093,-0.7631095949861029,2.0,0.7631095949861029,2.7235388277093,0.0,-2.7235388277093,0.7631095949861029,0.0
6.009999999999916,2.731033620668283,-0.7358365054680908,2.0,0.7358365054680908,2.731033620668283,0.0,-2.731033620668283,0.7358365054680908,0.0
6.019999999999916,2.7382553125410527,-0.7084898329127269,2.0,0.7084898329127269,2.7382553125410527,0.0,-2.7382553125410527,0.7084898329127269,0.0
6.029999999999916,2.7452031811644404,-0.681072311964478,2.0,0.681072311964478,2.7452031811644404,0.0,-2.7452031811644404,0.681072311964478,0.0
6.039999999999916,2.751876531757373,-0.653586684352591,2.0,0.653586684352591,2.751876531757373,0.0,-2.751876531757373,0.653586684352591,0.0
6.0499999999999154,2.7582746969903527,-0.6260356986169225,2.0,0.6260356986169225,2.7582746969903527,0.0,-2.7582746969903527,0.6260356986169225,0.0
6.059999999999915,2.764397037052188,-0.598422109833087,2.0,0.598422109833087,2.764397037052188,0.0,-2.764397037052188,0.598422109833087,0.0
6.069999999999915,2.770242939713975,-0.5707486793369516,2.0,0.5707486793369516,2.770242939713975,0.0,-2.770242939713975,0.5707486793369516,0.0
6.079999999999915,2.7758118203903184,-0.5430181744485049,2.0,0.5430181744485049,2.7758118203903184,0.0,-2.7758118203903184,0.5430181744485049,0.0
6.089999999999915,2.7811031221977918,-0.5152333681951269,2.0,0.5152333681951269,2.7811031221977918,0.0,-2.7811031221977918,0.5152333681951269,0.0
6.099999999999914,2.7861163160106233,-0.48739703903428916,2.0,0.48739703903428916,2.7861163160106233,0.0,-2.7861163160106233,0.48739703903428916,0.0
6.109999999999914,2.79085090051361,-0.45951197057571075,2.0,0.45951197057571075,2.79085090051361,0.0,-2.79085090051361,0.45951197057571075,0.0
6.119999999999914,2.7953064022522467,-0.4315809513030002,2.0,0.4315809513030002,2.7953064022522467,0.0,-2.7953064022522467,0.4315809513030002,0.0
6.129999999999914,2.799482375680072,-0.403606774294809,2.0,0.403606774294809,2.799482375680072,0.0,-2.799482375680072,0.403606774294809,0.0
6.1399999999999135,2.8033784032032236,-0.37559223694552607,2.0,0.37559223694552607,2.8033784032032236,0.0,-2.8033784032032236,0.37559223694552607,0.0
6.149999999999913,2.806994095222196,-0.3475401406855411,2.0,0.3475401406855411,2.806994095222196,0.0,-2.806994095222196,0.3475401406855411,0.0
6.159999999999913,2.8103290901708,-0.31945329070110345,2.0,0.31945329070110345,2.8103290901708,0.0,-2.8103290901708,0.31945329070110345,0.0
6.169999999999913,2.81338305455232,-0.29133449565380587,2.0,0.29133449565380587,2.81338305455232,0.0,-2.81338305455232,0.29133449565380587,0.0
6.179999999999913,2.8161556829728633,-0.2631865673997208,2.0,0.2631865673997208,2.8161556829728633,0.0,-2.8161556829728633,0.2631865673997208,0.0
6.1899999999999125,2.8186466981718974,-0.23501232070821718,2.0,0.23501232070821718,2.8186466981718974,0.0,-2.8186466981718974,0.23501232070821718,0.0
6.199999999999912,2.820855851049979,-0.2068145729804857,2.0,0.2068145729804857,2.820855851049979,0.0,-2.820855851049979,0.2068145729804857,0.0
6.209999999999912,2.8227829206936605,-0.17859614396780107,2.0,0.17859614396780107,2.8227829206936605,0.0,-2.8227829206936605,0.17859614396780107,0.0
6.219999999999912,2.8244277143975847,-0.1503598554895493,2.0,0.1503598554895493,2.8244277143975847,0.0,-2.8244277143975847,0.1503598554895493,0.0
6.229999999999912,2.8257900676837506,-0.12210853115104803,2.0,0.12210853115104803,2.8257900676837506,0.0,-2.8257900676837506,0.12210853115104803,0.0
6.239999999999911,2.826869844317965,-0.09384499606118843,2.0,0.09384499606118843,2.826869844317965,0.0,-2.826869844317965,0.09384499606118843,0.0
6.249999999999911,2.827666936323465,-0.0655720765499266,2.0,0.0655720765499266,2.827666936323465,0.0,-2.827666936323465,0.0655720765499266,0.0
6.259999999999911,2.828181263991714,-0.037292599885653,2.0,0.037292599885653,2.828181263991714,0.0,-2.828181263991714,0.037292599885653,0.0
6.269999999999911,2.8284127758903734,-0.009009393992467895,2.0,0.009009393992467895,2.8284127758903734,0.0,-2.8284127758903734,0.009009393992467895,0.0
6.2799999999999105,2.8282297212613843,0.033416220219418924,2.0,-0.050124330329128386,4.242344581892077,0.0,-6.363516872838115,-0.07518649549369258,0.0
6.28999999999991,2.827410326876616,0.07583431592273,2.0,-0.11375147388409501,4.241115490314924,0.0,-6.361673235472386,-0.17062721082614252,0.0
6.29999999999991,2.825954777096348,0.11823534922488209,2.0,-0.17735302383732313,4.238932165644522,0.0,-6.358398248466783,-0.2660295357559847,0.0
6.30999999999991,2.823863399413141,0.1606097800722602,2.0,-0.24091467010839032,4.235795099119712,0.0,-6.3536926486795675,-0.36137200516258544,0.0
6.31999999999991,2.8211366643781504,0.2029480743966895,2.0,-0.30442211159503424,4.231704996567226,0.0,-6.347557494850839,-0.4566331673925514,0.0
6.3299999999999095,2.8177751854952557,0.2452407062605603,2.0,-0.36786105939084046,4.226662778242884,0.0,-6.339994167364326,-0.5517915890862607,0.0
6.339999999999909,2.8137797190830245,0.28747816000012394,2.0,-0.43121724000018596,4.220669578624537,0.0,-6.3310043679368055,-0.646825860000279,0.0
6.349999999999909,2.8091511641045437,0.329650932366477,2.0,-0.49447639854971553,4.213726746156816,0.0,-6.320590119235224,-0.7417145978245733,0.0
6.359999999999909,2.803890561965157,0.371749534663752,2.0,-0.557624301995628,4.205835842947736,0.0,-6.3087537644216045,-0.8364364529934419,0.0
6.369999999999909,2.797999096278153,0.4137644948840342,2.0,-0.6206467423260513,4.19699864441723,0.0,-6.295497966625845,-0.9309701134890771,0.0
6.379999999999908,2.7914780925984566,0.45568635983852346,2.0,-0.6835295397577852,4.187217138897685,0.0,-6.280825708346527,-1.0252943096366778,0.0
6.389999999999908,2.784329018124385,0.4975056972844614,2.0,-0.7462585459266922,4.176493527186578,0.0,-6.264740290779867,-1.1193878188900384,0.0
6.399999999999908,2.776553481367536,0.5392130980473469,2.0,-0.8088196470710203,4.164830222051304,0.0,-6.247245333076956,-1.2132294706065305,0.0
6.409999999999908,2.768153231790876,0.5807991781379598,2.0,-0.8711987672069397,4.152229847686314,0.0,-6.228344771529471,-1.3067981508104096,0.0
6.419999999999908,2.7591301594151223,0.6222545808637198,2.0,-0.9333818712955798,4.138695239122684,0.0,-6.208042858684025,-1.4000728069433697,0.0
6.429999999999907,2.749486294393493,0.6635699789339025,2.0,-0.9953549684008537,4.12422944159024,0.0,-6.1863441623853594,-1.4930324526012806,0.0
6.439999999999907,2.7392238065549335,0.7047360765582397,2.0,-1.0571041148373597,4.108835709832401,0.0,-6.163253564748601,-1.5856561722560394,0.0
6.449999999999907,2.728345004915913,0.7457436115384344,2.0,-1.1186154173076517,4.09251750737387,0.0,-6.138776261060805,-1.6779231259614773,0.0
6.459999999999907,2.7168523371609057,0.7865833573521153,2.0,-1.179875036028173,4.075278505741359,0.0,-6.1129177586120385,-1.7698125540422596,0.0
6.4699999999999065,2.704748389091672,0.8272461252287655,2.0,-1.2408691878431481,4.057122583637509,0.0,-6.0856838754562625,-1.8613037817647224,0.0
6.479999999999906,2.692035884045464,0.8677227662171577,2.0,-1.3015841493257367,4.038053826068197,0.0,-6.057080739102295,-1.9523762239886049,0.0
6.489999999999906,2.678717682282288,0.908004173243829,2.0,-1.3620062598657436,4.0180765234234315,0.0,-6.027114785135147,-2.0430093897986152,0.0
6.499999999999906,2.6647967803413533,0.9480812831621344,2.0,-1.4221219247432015,3.99719517051203,0.0,-5.995792755768045,-2.1331828871148026,0.0
6.509999999999906,2.650276310366869,0.9879450787914162,2.0,-1.4819176181871243,3.9754144655503034,0.0,-5.963121698325455,-2.2228764272806867,0.0
6.519999999999905,2.6351595394033214,1.027586590945832,2.0,-1.5413798864187482,3.952739309104982,0.0,-5.929108963657473,-2.3120698296281224,0.0
6.529999999999905,2.619449868660404,1.0669969004523834,2.0,-1.600495350678575,3.929174802990606,0.0,-5.893762204485909,-2.400743026017863,0.0
6.539999999999905,2.6031508327477595,1.1061671401576925,2.0,-1.6592507102365386,3.9047262491216395,0.0,-5.857089373682459,-2.488876065354808,0.0
6.549999999999905,2.586266098879707,1.1450884969230735,2.0,-1.7176327453846103,3.8793991483195605,0.0,-5.819098722479341,-2.5764491180769156,0.0
6.559999999999905,2.5687994660501348,1.183752213607453,2.0,-1.7756283204111798,3.853199199075202,0.0,-5.779798798612803,-2.6634424806167694,0.0
6.569999999999904,2.5507548641777427,1.2221495910376878,2.0,-1.8332243865565319,3.826132296266614,0.0,-5.739198444399921,-2.7498365798347977,0.0
6.579999999999904,2.532136353221827,1.260271989965844,2.0,-1.8904079849487663,3.7982045298327405,0.0,-5.697306794749111,-2.8356119774231496,0.0
6.589999999999904,2.5129481222688064,1.298110833012991,2.0,-1.9471662495194864,3.76942218340321,0.0,-5.654133275104814,-2.9207493742792296,0.0
6.599999999999904,2.4931944885896957,1.3356576065990737,2.0,-2.0034864098986107,3.739791732884544,0.0,-5.609687599326816,-3.005229614847916,0.0
6.6099999999999035,2.472879896668738,1.372903862858435,2.0,-2.0593557942876526,3.7093198450031077,0.0,-5.563979767504661,-3.0890336914314784,0.0
6.619999999999903,2.452008917203414,1.4098412215405478,2.0,-2.1147618323108217,3.6780133758051208,0.0,-5.517020063707681,-3.1721427484662326,0.0
6.629999999999903,2.4305862460760537,1.4464613718955368,2.0,-2.169692057843305,3.645879369114081,0.0,-5.468819053671121,-3.254538086764958,0.0
6.639999999999903,2.408616703297285,1.4827560745440629,2.0,-2.2241341118160944,3.612925054945928,0.0,-5.419387582418892,-3.3362011677241417,0.0
6.649999999999903,2.3861052319215506,1.5187171633311467,2.0,-2.27807574499672,3.5791578478823256,0.0,-5.368736771823489,-3.41711361749508,0.0
6.659999999999902,2.3630568969349395,1.5543365471635209,2.0,-2.3315048207452813,3.5445853454024094,0.0,-5.316878018103615,-3.497257231117922,0.0
6.669999999999902,2.3394768841155895,1.5896062118300913,2.0,-2.384409317745137,3.5092153261733845,0.0,-5.263822989260077,-3.576613976617706,0.0
6.679999999999902,2.315370498866908,1.6245182218051013,2.0,-2.4367773327076523,3.4730557483003617,0.0,-5.209583622450543,-3.655165999061478,0.0
6.689999999999902,2.2907431650238768,1.6590647220335897,2.0,-2.4885970830503847,3.4361147475358154,0.0,-5.1541721213037235,-3.732895624575577,0.0
6.699999999999902,2.265600423632716,1.6932379396987474,2.0,-2.539856909548121,3.3984006354490743,0.0,-5.097600953173611,-3.809785364322182,0.0
6.709999999999901,2.239947931704168,1.727030185970767,2.0,-2.5905452789561507,3.359921897556252,0.0,-5.039882846334378,-3.8858179184342263,0.0
6.719999999999901,2.2137914609406955,1.7604338577367973,2.0,-2.640650786605196,3.3206871914110434,0.0,-4.981030787116565,-3.960976179907794,0.0
6.729999999999901,2.187136896437875,1.793441439311611,2.0,-2.6901621589674165,3.280705344656812,0.0,-4.921058016985218,-4.035243238451125,0.0
6.739999999999901,2.1599902353602696,1.8260455041286043,2.0,-2.7390682561929065,3.2399853530404044,0.0,-4.859978029560606,-4.10860238428936,0.0
6.7499999999999005,2.132357585592099,1.8582387164107403,2.0,-2.787358074616111,3.1985363783881486,0.0,-4.797804567582223,-4.181037111924166,0.0
6.7599999999999,2.1042451643629865,1.8900138328210696,2.0,-2.8350207492316044,3.1563677465444795,0.0,-4.7345516198167195,-4.252531123847406,0.0
6.7699999999999,2.0756592968491097,1.9213637040924505,2.0,-2.8820455561386757,3.1134889452736645,0.0,-4.670233417910497,-4.323068334208013,0.0
6.7799999999999,2.0466064147500638,1.9522812766361024,2.0,-2.928421914954154,3.069909622125096,0.0,-4.604864433187644,-4.392632872431231,0.0
6.7899999999999,2.0170930548417556,1.9827595941286367,2.0,-2.974139391192955,3.0256395822626336,0.0,-4.53845937339395,-4.461209086789433,0.0
6.7999999999998995,1.9871258575056554,2.012791799077196,2.0,-3.0191876986157937,2.9806887862584834,0.0,-4.471033179387725,-4.528781547923691,0.0
6.809999999999899,1.9567115652347407,2.042371134362365,2.0,-3.0635567015435474,2.935067347852111,0.0,-4.402601021778167,-4.595335052315321,0.0
6.819999999999899,1.9258570211164634,2.0714909447584904,2.0,-3.107236417137736,2.8887855316746953,0.0,-4.333178297512043,-4.660854625706604,0.0
6.829999999999899,1.8945691672930831,2.1001446784310827,2.0,-3.1502170176466238,2.8418537509396247,0.0,-4.2627806264094374,-4.725325526469936,0.0
6.839999999999899,1.8628550433997155,2.128325888410947,2.0,-3.1924888326164202,2.7942825650995733,0.0,-4.19142384764936,-4.78873324892463,0.0
6.849999999999898,1.830721784980444,2.1560282340447254,2.0,-3.2340423510670884,2.746082677470666,0.0,-4.119124016205999,-4.851063526600632,0.0
6.859999999999898,1.7981766218828514,2.1832454824215204,2.0,-3.2748682236322812,2.6972649328242775,0.0,-4.045897399236416,-4.912302335448421,0.0
6.869999999999898,1.7652268766313357,2.2099715097752686,2.0,-3.314957264662903,2.647840314947004,0.0,-3.9717604724205056,-4.972435896994354,0.0
6.879999999999898,1.7318799627795733,2.2362003028625645,2.0,-3.354300454293847,2.5978199441693604,0.0,-3.8967299162540403,-5.03145068144077,0.0
6.8899999999998975,1.6981433832424995,2.2619259603156157,2.0,-3.3928889404734233,2.5472150748637494,0.0,-3.8208226122956237,-5.089333410710135,0.0
6.899999999999897,1.6640247286081842,2.287142693970024,2.0,-3.4307140409550363,2.4960370929122764,0.0,-3.7440556393684146,-5.146071061432554,0.0
6.909999999999897,1.6295316754299844,2.3118448301671,2.0,-3.4677672452506507,2.444297513144977,0.0,-3.6664462697174653,-5.201650867875976,0.0
6.919999999999897,1.5946719844993476,2.3360268110304117,2.0,-3.5040402165456173,2.3920079767490217,0.0,-3.5880119651235325,-5.256060324818426,0.0
6.929999999999897,1.559453499099671,2.3596831957162796,2.0,-3.5395247935744196,2.339180248649506,0.0,-3.5087703729742596,-5.30928719036163,0.0
6.9399999999998965,1.5238841432415915,2.3828086616379505,2.0,-3.574212992456926,2.2858262148623876,0.0,-3.4287393222935814,-5.361319488685389,0.0
6.949999999999896,1.487971919880121,2.4053980056631517,2.0,-3.608097008494728,2.2319578798201816,0.0,-3.347936819730272,-5.412145512742092,0.0
6.959999999999896,1.4517249091140116,2.4274461452847755,2.0,-3.6411692179271635,2.1775873636710177,0.0,-3.266381045506526,-5.461753826890745,0.0
6.969999999999896,1.4151512663677703,2.448948119764422,2.0,-3.673422179646633,2.1227268995516555,0.0,-3.1840903493274832,-5.510133269469949,0.0
6.979999999999896,1.3782592205567208,2.4698990912485432,2.0,-3.704848636872815,2.0673888308350814,0.0,-3.101083246252622,-5.557272955309223,0.0
6.989999999999895,1.3410570722355337,2.490294345856943,2.0,-3.7354415187854144,2.011585608353301,0.0,-3.017378412529951,-5.603162278178122,0.0
6.999999999999895,1.3035531917306358,2.510129294743375,2.0,-3.765193942115063,1.9553297875959537,0.0,-2.9329946813939305,-5.647790913172594,0.0
7.009999999999895,1.265756017256922,2.5293994751280184,2.0,-3.7940992126920277,1.898634025885383,0.0,-2.8479510388280747,-5.691148819038042,0.0
7.019999999999895,1.2276740530191936,2.548100551301582,2.0,-3.8221508269523734,1.8415110795287906,0.0,-2.762266619293186,-5.73322624042856,0.0
7.0299999999998946,1.1893158672987472,2.5662283156008217,2.0,-3.8493424734012325,1.783973800948121,0.0,-2.675960701422181,-5.774013710101849,0.0
7.039999999999894,1.150690090525547,2.583778689355245,2.0,-3.875668034032868,1.7260351357883208,0.0,-2.5890527036824813,-5.813502051049302,0.0
7.049999999999894,1.1118054133364161,2.600747723804799,2.0,-3.901121585707198,1.6677081200046244,0.0,-2.5015621800069368,-5.851682378560797,0.0
7.059999999999894,1.0726705846196787,2.6171316009883183,2.0,-3.9256974014824775,1.6090058769295181,0.0,-2.413508815394277,-5.888546102223716,0.0
7.069999999999894,1.0332944095466965,2.6329266346025566,2.0,-3.9493899519038353,1.5499416143200448,0.0,-2.3249124214800676,-5.924084927855753,0.0
7.0799999999998935,0.9936857475907447,2.6481292708315856,2.0,-3.9721939062473783,1.490528621386117,0.0,-2.2357929320791756,-5.9582908593710675,0.0
7.089999999999893,0.9538535105336651,2.6627360891463887,2.0,-3.994104133719583,1.4307802658004978,0.0,-2.1461703987007468,-5.991156200579375,0.0
7.099999999999893,0.913806660460755,2.6767438030744675,2.0,-4.015115704611701,1.3707099906911326,0.0,-2.056064986036699,-6.022673556917552,0.0
7.109999999999893,0.873554207744334,2.690149260939283,2.0,-4.035223891408925,1.310331311616501,0.0,-1.9654969674247516,-6.052835837113387,0.0
7.119999999999893,0.8331052090164497,2.702949446569369,2.0,-4.0544241698540535,1.2496578135246745,0.0,-1.874486720287012,-6.08163625478108,0.0
7.129999999999892,0.792468765131173,2.71514147997696,2.0,-4.07271221996544,1.1887031476967596,0.0,-1.7830547215451396,-6.10906832994816,0.0
7.139999999999892,0.7516540191169443,2.7267226180059727,2.0,-4.090083927008959,1.1274810286754167,0.0,-1.6912215430131248,-6.1351258905134385,0.0
7.149999999999892,0.7106701541194309,2.737690254949209,2.0,-4.1065353824238136,1.0660052311791466,0.0,-1.5990078467687197,-6.159803073635721,0.0
7.159999999999892,0.669526391335358,2.7480419231346263,2.0,-4.12206288470194,1.0042895870030368,0.0,-1.5064343805045555,-6.183094327052909,0.0
7.169999999999892,0.6282319879377777,2.757775293480553,2.0,-4.1366629402208295,0.9423479819066666,0.0,-1.4135219728599997,-6.204994410331244,0.0
7.179999999999891,0.5867962349932453,2.7668881760197235,2.0,-4.150332264029585,0.880194352489868,0.0,-1.320291528734802,-6.225498396044379,0.0
7.189999999999891,0.5452284553713675,2.775378520392012,2.0,-4.163067780588018,0.8178426830570513,0.0,-1.2267640245855769,-6.244601670882027,0.0
7.199999999999891,0.5035380016471965,2.783244416305753,2.0,-4.174866624458629,0.7553070024707949,0.0,-1.1329605037061923,-6.262299936687944,0.0
7.209999999999891,0.46173425399693985,2.7904840939675486,2.0,-4.185726140951323,0.6926013809954098,0.0,-1.0389020714931148,-6.278589211426985,0.0
7.2199999999998905,0.4198266180874607,2.7970959244804683,2.0,-4.195643886720703,0.6297399271311911,0.0,-0.9446098906967866,-6.293465830081054,0.0
7.22999999999989,0.3778245229600421,2.8030784202105403,2.0,-4.20461763031581,0.5667367844400631,0.0,-0.8501051766600948,-6.3069264454737155,0.0
7.23999999999989,0.3357374189088927,2.808430235121463,2.0,-4.212645352682195,0.5036061283633391,0.0,-0.7554091925450086,-6.318968029023292,0.0
7.24999999999989,0.2935747753548705,2.8131501650774595,2.0,-4.219725247616189,0.4403621630323057,0.0,-0.6605432445484586,-6.329587871424285,0.0
7.25999999999989,0.25134607871490267,2.8172371481142022,2.0,-4.225855722171303,0.37701911807235405,0.0,-0.565528677108531,-6.338783583256955,0.0
7.269999999999889,0.20906083026758235,2.820690264677749,2.0,-4.2310353970166235,0.31359124540137356,0.0,-0.4703868681020603,-6.346553095524936,0.0
7.279999999999889,0.1667285440154206,2.8235087378314416,2.0,-4.235263106747162,0.25009281602313094,0.0,-0.37513922403469635,-6.352894660120744,0.0
7.289999999999889,0.12435874454423615,2.8256919334307096,2.0,-4.238537900146064,0.18653811681635424,0.0,-0.27980717522453136,-6.357806850219097,0.0
7.299999999999889,0.08196096488016376,2.8272393602657546,2.0,-4.240859040398632,0.12294144732024564,0.0,-0.18441217098036847,-6.361288560597948,0.0
7.309999999999889,0.03954474434476356,2.8281506701720662,2.0,-4.242226005258099,0.05931711651714534,0.0,-0.08897567477571801,-6.3633390078871495,0.0
7.319999999999888,-0.002880373591286072,2.8284256581087606,2.0,-4.242638487163141,-0.004320560386929108,0.0,0.006480840580393662,-6.363957730744712,0.0
7.329999999999888,-0.04530484345542915,2.8280642622047116,2.0,-4.242096393307068,-0.06795726518314373,0.0,0.1019358977747156,-6.363144589960601,0.0
7.339999999999888,-0.08771911992092313,2.827066563772473,2.0,-4.24059984565871,-0.1315786798813847,0.0,0.19736801982207705,-6.360899768488065,0.0
7.349999999999888,-0.13011365995449717,2.825432787289984,2.0,-4.238149180934976,-0.19517048993174577,0.0,0.29275573489761864,-6.357223771402464,0.0
7.3599999999998875,-0.17247892496349435,2.823163300350059,2.0,-4.234744950525089,-0.2587183874452415,0.0,0.3880775811678623,-6.352117425787633,0.0
7.369999999999887,-0.2148053829420147,2.8202586135776864,2.0,-4.23038792036653,-0.32220807441302207,0.0,0.48331211161953314,-6.345581880549795,0.0
7.379999999999887,-0.25708351061557655,2.8167193805151363,2.0,-4.225079070772704,-0.3856252659233649,0.0,0.5784378988850473,-6.337618606159056,0.0
7.389999999999887,-0.29930379558381287,2.8125463974749154,2.0,-4.218819596212373,-0.4489556933757193,0.0,0.6734335400635789,-6.3282293943185595,0.0
7.399999999999887,-0.34145673846072117,2.8077406033606036,2.0,-4.211610905040906,-0.5121851076910817,0.0,0.7682776615366227,-6.317416357561359,0.0
7.4099999999998865,-0.38353285501198564,2.802303079455603,2.0,-4.203454619183405,-0.5752992825179785,0.0,0.8629489237769677,-6.305181928775107,0.0
7.419999999999886,-0.42552267828889195,2.796235049179852,2.0,-4.194352573769778,-0.638284017433338,0.0,0.957426026150007,-6.291528860654667,0.0
7.429999999999886,-0.46741676075834365,2.7895378778145634,2.0,-4.184306816721845,-0.7011251411375156,0.0,1.0516877117062733,-6.276460225082768,0.0
7.439999999999886,-0.5092056764285244,2.782213072195041,2.0,-4.173319608292562,-0.7638085146427868,0.0,1.1457127719641802,-6.2599794124388435,0.0
7.449999999999886,-0.5508800229697041,2.7742622803716483,2.0,-4.161393420557473,-0.8263200344545562,0.0,1.2394800516818343,-6.24209013083621,0.0
7.459999999999885,-0.5924304238297232,2.7656872912390034,2.0,-4.1485309368585055,-0.8886456357445848,0.0,1.3329684536168773,-6.222796405287758,0.0
7.469999999999885,-0.6338475303436778,2.7564900341334853,2.0,-4.134735051200228,-0.9507712955155168,0.0,1.426156943273275,-6.202102576800342,0.0
7.479999999999885,-0.6751220238373291,2.746672578399142,2.0,-4.120008867598713,-1.0126830357559937,0.0,1.5190245536339908,-6.18001330139807,0.0
7.489999999999885,-0.7162446177237668,2.736237132922097,2.0,-4.104355699383145,-1.0743669265856501,0.0,1.6115503898784753,-6.156533549074718,0.0
7.4999999999998845,-0.757206059592851,2.725186045633558,2.0,-4.087779068450337,-1.1358090893892765,0.0,1.7037136340839147,-6.131668602675506,0.0
7.509999999999884,-0.7979971332929657,2.713521802981544,2.0,-4.070282704472317,-1.1969956999394487,0.0,1.795493549909173,-6.1054240567084745,0.0
7.519999999999884,-0.8386086610046147,2.7012470293714435,2.0,-4.051870544057166,-1.2579129915069223,0.0,1.8868694872603833,-6.077805816085748,0.0
7.529999999999884,-0.8790315053053915,2.6883644865755345,2.0,-4.032546729863302,-1.3185472579580872,0.0,1.977820886937131,-6.048820094794953,0.0
7.539999999999884,-0.9192565712258609,2.674877073111599,2.0,-4.012315609667398,-1.3788848568387915,0.0,2.0683272852581873,-6.0184734145010985,0.0
7.5499999999998835,-0.9592748082958891,2.6607878235907663,2.0,-3.9911817353861494,-1.4389122124438338,0.0,2.1583683186657505,-5.986772603079224,0.0
7.559999999999883,-0.9990772125809608,2.64609990803474,2.0,-3.96914986205211,-1.4986158188714414,0.0,2.247923728307162,-5.953724793078165,0.0
7.569999999999883,-1.0386548287080273,2.630816631162556,2.0,-3.946224946743834,-1.557982243062041,0.0,2.3369733645930615,-5.919337420115751,0.0
7.579999999999883,-1.0779987518804264,2.614941431647035,2.0,-3.9224121474705522,-1.6169981278206398,0.0,2.4254971917309596,-5.883618221205829,0.0
7.589999999999883,-1.1171001298814258,2.5984778813410943,2.0,-3.897716822011642,-1.6756501948221387,0.0,2.513475292233208,-5.846575233017463,0.0
7.599999999999882,-1.1559501650659325,2.5814296844740987,2.0,-3.872144526711148,-1.7339252475988989,0.0,2.6008878713983483,-5.808216790066722,0.0
7.609999999999882,-1.1945401163399276,2.563800676818421,2.0,-3.8457010152276316,-1.7918101745098916,0.0,2.6877152617648377,-5.768551522841447,0.0
7.619999999999882,-1.2328613011271745,2.545594824826412,2.0,-3.8183922372396184,-1.849291951690762,0.0,2.773937927536143,-5.727588355859427,0.0
7.629999999999882,-1.2709050973227625,2.526816224737965,2.0,-3.7902243371069475,-1.9063576459841438,0.0,2.859536468976216,-5.6853365056604215,0.0
7.6399999999998816,-1.3086629452330436,2.5074691016588773,2.0,-3.7612036524883163,-1.9629944178495655,0.0,2.944491626774348,-5.641805478732474,0.0
7.649999999999881,-1.3461263495015274,2.4875578086102226,2.0,-3.731336712915334,-2.0191895242522913,0.0,3.028784286378437,-5.597005069373001,0.0
7.659999999999881,-1.3832868810203014,2.4670868255489364,2.0,-3.7006302383234044,-2.074930321530452,0.0,3.1123954822956783,-5.550945357485107,0.0
7.669999999999881,-1.4201361788265434,2.446060758359846,2.0,-3.6690911375397692,-2.1302042682398152,0.0,3.1953064023597233,-5.503636706309654,0.0
7.679999999999881,-1.456665951983704,2.424484337819366,2.0,-3.6367265067290493,-2.184998927975556,0.0,3.2774983919633343,-5.455089760093574,0.0
7.6899999999998805,-1.4928679814469317,2.4023624185310934,2.0,-3.6035436277966406,-2.2393019721703977,0.0,3.3589529582555966,-5.4053154416949605,0.0
7.69999999999988,-1.5287341219123236,2.3796999778335413,2.0,-3.5695499667503126,-2.2931011828684853,0.0,3.439651774302728,-5.354324950125468,0.0
7.70999999999988,-1.5642563036495836,2.356502114680261,2.0,-3.534753172020392,-2.3463844554743756,0.0,3.519576683211563,-5.3021297580305875,0.0
7.71999999999988,-1.5994265343176792,2.3327740484925963,2.0,-3.499161072738895,-2.399139801476519,0.0,3.5987097022147783,-5.248741609108342,0.0
7.72999999999988,-1.6342369007630837,2.3085211179853373,2.0,-3.462781676978006,-2.4513553511446258,0.0,3.677033026716938,-5.1941725154670095,0.0
7.739999999999879,-1.6686795708002014,2.2837487799655323,2.0,-3.4256231699482984,-2.5030193562003022,0.0,3.7545290343004534,-5.138434754922447,0.0
7.749999999999879,-1.7027467949735782,2.2584626081047277,2.0,-3.3876939121570913,-2.5541201924603674,0.0,3.8311802886905513,-5.081540868235637,0.0
7.759999999999879,-1.7364309083014953,2.232668291684917,2.0,-3.3490024375273753,-2.604646362452243,0.0,3.9069695436783647,-5.023503656291063,0.0
7.769999999999879,-1.7697243320005573,2.206371634318476,2.0,-3.309557451477714,-2.6545864980008362,0.0,3.981879747001254,-4.964336177216571,0.0
7.779999999999879,-1.8026195751908878,2.179578552642374,2.0,-3.269367828963561,-2.7039293627863317,0.0,4.055894044179498,-4.904051743445341,0.0
7.789999999999878,-1.8351092365815445,2.152295074986955,2.0,-3.228442612480433,-2.7526638548723166,0.0,4.128995782308475,-4.842663918720649,0.0
7.799999999999878,-1.8671860061357792,2.124527340019591,2.0,-3.1867910100293866,-2.8007790092036693,0.0,4.201168513805504,-4.78018651504408,0.0
7.809999999999878,-1.8988426667157652,2.096281595363505,2.0,-3.1444223930452577,-2.848264000073648,0.0,4.272396000110472,-4.716633589567887,0.0
7.819999999999878,-1.9300720957064228,2.067564196192084,2.0,-3.1013462942881262,-2.8951081435596344,0.0,4.342662215339452,-4.652019441432189,0.0
7.8299999999998775,-1.9608672666179772,2.0383816037989906,2.0,-3.057572405698486,-2.941300899926966,0.0,4.411951349890448,-4.586358608547728,0.0
7.839999999999877,-1.991221250666889,2.0087403841444003,2.0,-3.0131105762166004,-2.986831876000333,0.0,4.4802478140005,-4.5196658643249,0.0
7.849999999999877,-2.021127218334802,1.9786472063776872,2.0,-2.967970809566531,-3.031690827502203,0.0,4.5475362412533045,-4.451956214349797,0.0
7.859999999999877,-2.0505784409051566,1.9481088413368948,2.0,-2.9221632620053426,-3.075867661357735,0.0,4.613801492036603,-4.383244893008014,0.0
7.869999999999877,-2.0795682919771203,1.9171321600253237,2.0,-2.875698240037986,-3.1193524379656807,0.0,4.679028656948521,-4.313547360056979,0.0
7.879999999999876,-2.108090248956502,1.8857241320655878,2.0,-2.8285861980983817,-3.162135373434753,0.0,4.74320306015213,-4.242879297147573,0.0
7.889999999999876,-2.1361378945233076,1.8538918241314761,2.0,-2.7808377361972143,-3.204206841784962,0.0,4.806310262677442,-4.171256604295821,0.0
7.899999999999876,-2.1637049180756094,1.8216423983579824,2.0,-2.7324635975369738,-3.2455573771134145,0.0,4.868336065670122,-4.098695396305461,0.0
7.909999999999876,-2.190785117149406,1.7889831107298537,2.0,-2.683474666094781,-3.286177675724109,0.0,4.929266513586164,-4.025211999142171,0.0
7.919999999999876,-2.217372398814149,1.7559213094490274,2.0,-2.633881964173541,-3.326058598221224,0.0,4.989087897331836,-3.950822946260312,0.0
7.929999999999875,-2.243460781043629,1.7224644332813122,2.0,-2.5836966499219685,-3.3651911715654435,0.0,5.047786757348165,-3.8755449748829527,0.0
7.939999999999875,-2.2690443940619027,1.688620009882701,2.0,-2.5329300148240517,-3.4035665910928548,0.0,5.1053498866392815,-3.799395022236077,0.0
7.949999999999875,-2.2941174816639722,1.6543956541056783,2.0,-2.4815934811585176,-3.4411762224959586,0.0,5.161764333743937,-3.7223902217377765,0.0
7.959999999999875,-2.3186744025109025,1.619799066285911,2.0,-2.4296985994288667,-3.478011603766354,0.0,5.217017405649531,-3.6445478991433,0.0
7.9699999999998745,-2.3427096313991025,1.5848380305097058,2.0,-2.3772570457645585,-3.5140644470986535,0.0,5.271096670647981,-3.5658855686468383,0.0
7.979999999999874,-2.3662177605034693,1.5495204128626212,2.0,-2.3242806192939316,-3.549326640755204,0.0,5.323989961132806,-3.486420928940898,0.0
7.989999999999874,-2.3891935005941294,1.5138541596596322,2.0,-2.2707812394894487,-3.583790250891194,0.0,5.375685376336792,-3.4061718592341728,0.0
7.999999999999874,-2.4116316822264903,1.4778472956572444,2.0,-2.2167709434858667,-3.6174475233397354,0.0,5.426171285009603,-3.3251564152288,0.0
8.009999999999874,-2.4335272569043447,1.4415079222479552,2.0,-2.162261883371933,-3.650290885356517,0.0,5.4754363280347755,-3.2433928250578994,0.0
8.019999999999873,-2.454875298215762,1.4048442156374763,2.0,-2.107266323456215,-3.6823129473236427,0.0,5.523469420985464,-3.1608994851843217,0.0
8.029999999999873,-2.4756710029415077,1.3678644250051208,2.0,-2.0517966375076817,-3.713506504412262,0.0,5.570259756618393,-3.077694956261522,0.0
8.039999999999873,-2.4959096921357506,1.330576870647774,2.0,-1.9958653059716611,-3.7438645382036264,0.0,5.615796807305439,-2.9937979589574915,0.0
8.049999999999873,-2.515586812178803,1.2929899421078606,2.0,-1.9394849131617908,-3.773380218268205,0.0,5.660070327402307,-2.9092273697426863,0.0
8.059999999999873,-2.5346979358016672,1.255112096285733,2.0,-1.8826681444285998,-3.802046903702501,0.0,5.703070355553752,-2.8240022166428993,0.0
8.069999999999872,-2.553238763082153,1.2169518555369059,2.0,-1.825427783305359,-3.8298581446232296,0.0,5.744787216934845,-2.7381416749580385,0.0
8.079999999999872,-2.5712051224123407,1.1785178057545598,2.0,-1.7677767086318397,-3.856807683618511,0.0,5.7852115254277665,-2.65166506294776,0.0
8.089999999999872,-2.5885929714371754,1.1398185944377537,2.0,-1.7097278916566307,-3.882889457155763,0.0,5.824334185733645,-2.564591837484946,0.0
8.099999999999872,-2.6053983979639814,1.1008629287457727,2.0,-1.6512943931186592,-3.908097596945972,0.0,5.862146395418958,-2.4769415896779887,0.0
8.109999999999872,-2.6216176208426876,1.0616595735390546,2.0,-1.5924893603085821,-3.932426431264032,0.0,5.898639646896048,-2.388734040462873,0.0
8.119999999999871,-2.6372469908165703,1.022217349407133,2.0,-1.5333260241106994,-3.955870486224856,0.0,5.933805729337284,-2.299989036166049,0.0
8.129999999999871,-2.652282991343322,0.9825451306840417,2.0,-1.4738176960260625,-3.9784244870149834,0.0,5.967636730522475,-2.210726544039094,0.0
8.139999999999871,-2.666722239386256,0.9426518434516278,2.0,-1.4139777651774417,-4.000083359079385,0.0,6.0001250386190765,-2.1209666477661626,0.0
8.14999999999987,-2.6805614861754785,0.9025464635312198,2.0,-1.3538196952968298,-4.020842229263218,0.0,6.031263343894826,-2.0307295429452448,0.0
8.15999999999987,-2.693797617938845,0.8622380144641066,2.0,-1.2933570216961598,-4.0406964269082675,0.0,6.061044640362402,-1.94003553254424,0.0
8.16999999999987,-2.706427656602549,0.8217355654812784,2.0,-1.2326033482219176,-4.059641484903824,0.0,6.089462227355735,-1.8489050223328765,0.0
8.17999999999987,-2.718448760461173,0.7810482294628877,2.0,-1.1715723441943315,-4.07767314069176,0.0,6.11650971103764,-1.7573585162914975,0.0
8.18999999999987,-2.7298582248170637,0.7401851608878904,2.0,-1.1102777413318357,-4.094787337225595,0.0,6.142181005838394,-1.6654166119977534,0.0
8.19999999999987,-2.740653482588873,0.699155553774326,2.0,-1.048733330661489,-4.11098022388331,0.0,6.166470335824964,-1.5730999959922336,0.0
8.20999999999987,-2.750832104889145,0.6579686396107027,2.0,-0.9869529594160542,-4.126248157333717,0.0,6.189372236000576,-1.4804294391240813,0.0
8.21999999999987,-2.7603918015708024,0.6166336852789516,2.0,-0.9249505279184274,-4.140587702356203,0.0,6.210881553534306,-1.3874257918776411,0.0
8.229999999999869,-2.7693304217424224,0.5751599909694163,2.0,-0.8627399864541245,-4.153995632613634,0.0,6.23099344892045,-1.2941099796811868,0.0
8.239999999999869,-2.777645954252175,0.533556888088351,2.0,-0.8003353321325265,-4.166468931378263,0.0,6.249703397067394,-1.2005029981987898,0.0
8.249999999999869,-2.785336528140327,0.49183373715839207,2.0,-0.7377506057375881,-4.178004792210491,0.0,6.267007188315737,-1.106625908606382,0.0
8.259999999999868,-2.792400413060198,0.4499999257124805,2.0,-0.6749998885687207,-4.188600619590297,0.0,6.282900929385446,-1.0124998328530812,0.0
8.269999999999868,-2.798836019667481,0.40806486618170645,2.0,-0.6120972992725597,-4.198254029501221,0.0,6.297381044251832,-0.9181459489088396,0.0
8.279999999999868,-2.8046418999778395,0.3660379937775524,2.0,-0.5490569906663286,-4.206962849966759,0.0,6.3104442749501395,-0.823585485999493,0.0
8.289999999999868,-2.8098167476926976,0.3239287643690095,2.0,-0.48589314655351434,-4.214725121539046,0.0,6.322087682308569,-0.7288397198302715,0.0
8.299999999999867,-2.8143593984931496,0.28174665235504787,2.0,-0.4226199785325718,-4.221539097739725,0.0,6.3323086466095875,-0.6339299677988578,0.0
8.309999999999867,-2.818268830301931,0.23950114853291612,2.0,-0.3592517227993742,-4.227403245452897,0.0,6.341104868179346,-0.5388775841990613,0.0
8.319999999999867,-2.821544163513377,0.19720175796275233,2.0,-0.2958026369441285,-4.232316245270066,0.0,6.348474367905099,-0.4437039554161928,0.0
8.329999999999867,-2.824184661191332,0.15485799782898557,2.0,-0.23228699674347839,-4.2362769917869985,0.0,6.354415487680497,-0.34843049511521756,0.0
8.339999999999867,-2.826189729234959,0.11247939529900959,2.0,-0.1687190929485144,-4.239284593852439,0.0,6.358926890778658,-0.2530786394227716,0.0
8.349999999999866,-2.827558916512406,0.07007548537961021,2.0,-0.10511322806941534,-4.24133837476861,0.0,6.362007562152915,-0.157669842104123,0.0
8.359999999999866,-2.828291914962313,0.027655808771629164,2.0,-0.04148371315744375,-4.24243787244347,0.0,6.363656808665205,-0.06222556973616562,0.0
8.369999999999866,-2.82838855966312,-0.014770090276653438,2.0,0.022155135414980157,-4.2425828394946805,0.0,6.363874259242021,0.03323270312247024,0.0
8.379999999999866,-2.827848828870178,-0.05719266611693464,2.0,0.08578899917540196,-4.241773243305268,0.0,6.362659864957901,0.12868349876310295,0.0
8.389999999999866,-2.8266728440206377,-0.09960237384861928,2.0,0.14940356077292893,-4.240009266030957,0.0,6.360013899046435,0.2241053411593934,0.0
8.399999999999865,-2.8248608697061295,-0.14198967146638233,2.0,0.21298450719957354,-4.237291304559194,0.0,6.355936956838791,0.31947676079936027,0.0
8.409999999999865,-2.8224133136132297,-0.1843450220070799,2.0,0.2765175330106199,-4.233619970419844,0.0,6.3504299556297665,0.4147762995159298,0.0
8.419999999999865,-2.8193307264317333,-0.22665889569552564,2.0,0.33998834354328844,-4.2289960896476,0.0,6.343494134471401,0.5099825153149327,0.0
8.429999999999865,-2.815613801730753,-0.2689217720886498,2.0,0.4033826581329748,-4.223420702596129,0.0,6.335131053894194,0.6050739871994621,0.0
8.439999999999864,-2.811263375802664,-0.31112414221755935,2.0,0.4666862133263391,-4.216895063703996,0.0,6.325342595555994,0.7000293199895087,0.0
8.449999999999864,-2.8062804274749475,-0.353256510727015,2.0,0.5298847660905226,-4.2094206412124215,0.0,6.314130961818632,0.7948271491357839,0.0
8.459999999999864,-2.8006660778899564,-0.3953093980118469,2.0,0.5929640970177703,-4.200999116834935,0.0,6.301498675252403,0.8894461455266556,0.0
8.469999999999864,-2.7944215902526617,-0.437273342349825,2.0,0.6559100135247375,-4.191632385378993,0.0,6.287448578068489,0.9838650202871063,0.0
8.479999999999864,-2.787548369546437,-0.4791389020305076,2.0,0.7187083530457614,-4.181322554319657,0.0,6.271983831479484,1.0780625295686421,0.0
8.489999999999863,-2.7800479622169467,-0.5208966574795852,2.0,0.781344986219378,-4.17007194332542,0.0,6.25510791498813,1.172017479329067,0.0
8.499999999999863,-2.7719220558241964,-0.5625372133782465,2.0,0.8438058200673697,-4.157883083736294,0.0,6.2368246256044415,1.2657087301010546,0.0
8.509999999999863,-2.763172478662844,-0.6040512007770835,2.0,0.9060768011656253,-4.144758717994266,0.0,6.217138076991399,1.3591152017484378,0.0
8.519999999999863,-2.753801199350839,-0.6454292792040677,2.0,0.9681439188061015,-4.130701799026259,0.0,6.196052698539388,1.4522158782091523,0.0
8.529999999999863,-2.743810326386492,-0.6866621387661151,2.0,1.0299932081491727,-4.115715489579737,0.0,6.173573234369607,1.544989812223759,0.0
8.539999999999862,-2.73320210767407,-0.7277405022437744,2.0,1.0916107533656616,-4.0998031615111055,0.0,6.149704742266658,1.6374161300484926,0.0
8.549999999999862,-2.7219789300180324,-0.7686551271785611,2.0,1.1529826907678418,-4.082968395027049,0.0,6.124452592540573,1.7294740361517627,0.0
8.559999999999862,-2.7101433185860024,-0.8093968079524722,2.0,1.2140952119287083,-4.065214977879004,0.0,6.097822466818506,1.8211428178930624,0.0
8.569999999999862,-2.697697936340622,-0.8499563778592109,2.0,1.2749345667888163,-4.046546904510934,0.0,6.0698203567664,1.9124018501832245,0.0
8.579999999999862,-2.684645583440393,-0.890324711166658,2.0,1.335487066749987,-4.02696837516059,0.0,6.040452562740884,2.0032306001249807,0.0
8.589999999999861,-2.670989196609653,-0.9304927251701218,2.0,1.3957390877551827,-4.00648379491448,0.0,6.00972569237172,2.093608631632774,0.0
8.599999999999861,-2.6567318484778277,-0.9704513822359089,2.0,1.4556770733538635,-3.9850977727167414,0.0,5.977646659075113,2.183515610030795,0.0
8.60999999999986,-2.641876746888098,-1.0101916918347542,2.0,1.5152875377521313,-3.962815120332147,0.0,5.94422268049822,2.272931306628197,0.0
8.61999999999986,-2.626427234175652,-1.0497047125646508,2.0,1.5745570688469763,-3.939640851263478,0.0,5.909461276895217,2.3618356032704644,0.0
8.62999999999986,-2.6103867864156736,-1.0889815541626289,2.0,1.6334723312439434,-3.91558017962351,0.0,5.873370269435266,2.450208496865915,0.0
8.63999999999986,-2.5937590126412378,-1.1280133795050267,2.0,1.6920200692575402,-3.890638518961857,0.0,5.835957778442785,2.5380301038863102,0.0
8.64999999999986,-2.576547654031297,-1.1667914065958067,2.0,1.75018710989371,-3.8648214810469455,0.0,5.797232221570418,2.6252806648405653,0.0
8.65999999999986,-2.5587565830689276,-1.205306910542467,2.0,1.8079603658137007,-3.8381348746033916,0.0,5.757202311905088,2.711940548720551,0.0
8.66999999999986,-2.5403898026700413,-1.2435512255191055,2.0,1.8653268382786585,-3.8105847040050627,0.0,5.715877056007594,2.797990257417988,0.0
8.67999999999986,-2.5214514452827435,-1.2815157467161948,2.0,1.9222736200742923,-3.7821771679241154,0.0,5.673265751886173,2.8834104301114385,0.0
8.68999999999986,-2.50194577195755,-1.3191919322766268,2.0,1.9787878984149403,-3.752918657936325,0.0,5.629377986904488,2.9681818476224104,0.0
8.699999999999859,-2.4818771713886707,-1.3565713052175958,2.0,2.0348569578263938,-3.7228157570830063,0.0,5.584223635624509,3.0522854367395906,0.0
8.709999999999859,-2.46125015892657,-1.393645455337883,2.0,2.090468183006825,-3.691875238389855,0.0,5.5378128575847825,3.135702274510237,0.0
8.719999999999859,-2.4400693755620315,-1.430406041110117,2.0,2.1456090616651755,-3.6601040633430477,0.0,5.490156095014571,3.2184135924977633,0.0
8.729999999999858,-2.4183395868819573,-1.466844791557581,2.0,2.200267187336372,-3.6275093803229366,0.0,5.441264070484404,3.3004007810045577,0.0
8.739999999999858,-2.3960656819971287,-1.5029535081151502,2.0,2.2544302621727255,-3.5940985229956928,0.0,5.39114778449354,3.381645393259088,0.0
8.749999999999858,-2.3732526724421765,-1.5387240664739303,2.0,2.308086099710896,-3.559879008663265,0.0,5.339818512994897,3.4621291495663438,0.0
8.759999999999858,-2.349905691048009,-1.5741484184091978,2.0,2.3612226276137966,-3.524858536572014,0.0,5.287287804858021,3.541833941420695,0.0
8.769999999999857,-2.3260299907869464,-1.609218593591212,2.0,2.4138278903868184,-3.48904498618042,0.0,5.23356747927063,3.6207418355802274,0.0
8.779999999999857,-2.301630943590822,-1.643926701378508,2.0,2.465890052067762,-3.4524464153862335,0.0,5.17866962307935,3.6988350781016432,0.0
8.789999999999857,-2.2767140391423224,-1.6782649325932577,2.0,2.517397398889887,-3.415071058713484,0.0,5.1226065880702265,3.77609609833483,0.0
8.799999999999857,-2.251284883639831,-1.7122255612783006,2.0,2.568338341917451,-3.3769273254597474,0.0,5.065390988189621,3.8525075128761768,0.0
8.809999999999857,-2.225349198536058,-1.7458009464354536,2.0,2.618701419653181,-3.338023797804087,0.0,5.00703569670613,3.928052129479771,0.0
8.819999999999856,-2.1989128192507357,-1.7789835337447009,2.0,2.6684753006170516,-3.2983692288761035,0.0,4.9475538433141555,4.002712950925577,0.0
8.829999999999856,-2.171981693857675,-1.8117658572638862,2.0,2.7176487858958294,-3.257972540786513,0.0,4.8869588111797695,4.076473178843744,0.0
8.839999999999856,-2.1445618817464758,-1.8441405411085172,2.0,2.766210811662776,-3.2168428226197143,0.0,4.8252642339295715,4.149316217494164,0.0
8.849999999999856,-2.1166595522591867,-1.8761003011113082,2.0,2.814150451666962,-3.17498932838878,0.0,4.76248399258317,4.221225677500444,0.0
8.859999999999856,-2.0882809833022296,-1.9076379464610878,2.0,2.8614569196916317,-3.132421474953344,0.0,4.698632212430017,4.292185379537448,0.0
8.869999999999855,-2.059432559933898,-1.9387463813207009,2.0,2.9081195719810515,-3.0891488399008473,0.0,4.633723259851271,4.362179357971577,0.0
8.879999999999855,-2.0301207729277477,-1.9694186064235417,2.0,2.9541279096353126,-3.045181159391622,0.0,4.567771739087433,4.431191864452969,0.0
8.889999999999855,-2.0003522173121966,-1.9996477206483594,2.0,2.999471580972539,-3.000528325968295,0.0,4.500792488952443,4.499207371458809,0.0
8.899999999999855,-1.9701335908866726,-2.0294269225719823,2.0,3.0441403838579735,-2.9552003863300094,0.0,4.432800579495014,4.56621057578696,0.0
8.909999999999854,-1.9394716927146378,-2.058749511999607,2.0,3.0881242679994103,-2.9092075390719567,0.0,4.363811308607935,4.632186401999115,0.0
8.919999999999854,-1.9083734215938273,-2.0876088914723154,2.0,3.1314133372084734,-2.8625601323907413,0.0,4.293840198586111,4.69712000581271,0.0
8.929999999999854,-1.8768457745040479,-2.115998567751477,2.0,3.173997851627216,-2.815268661756072,0.0,4.222902992634108,4.760996777440824,0.0
8.939999999999854,-1.8448958450328887,-2.1439121532796963,2.0,3.2158682299195447,-2.7673437675493333,0.0,4.151015651324,4.823802344879317,0.0
8.949999999999854,-1.812530821779693,-2.1713433676179896,2.0,3.2570150514269844,-2.71879623266954,0.0,4.07819434900431,4.885522577140477,0.0
8.959999999999853,-1.779757986738154,-2.1982860388588543,2.0,3.297429058288282,-2.6696369801072315,0.0,4.004455470160847,4.946143587432423,0.0
8.969999999999853,-1.7465847136578967,-2.224734105014926,2.0,3.337101157522389,-2.619877070486845,0.0,3.929815605730268,5.005651736283584,0.0
8.979999999999853,-1.7130184663854156,-2.2506816153828955,2.0,3.3760224230743434,-2.5695276995781233,0.0,3.854291549367185,5.064033634611516,0.0
8.989999999999853,-1.6790667971847397,-2.276122731882396,2.0,3.414184097823594,-2.51860019577711,0.0,3.7779002936656645,5.121276146735391,0.0
8.999999999999853,-1.6447373450382072,-2.3010517303695432,2.0,3.451577595554315,-2.467106017557311,0.0,3.7006590263359667,5.177366393331472,0.0
9.009999999999852,-1.610037833927725,-2.325463001924847,2.0,3.488194502887271,-2.4150567508915874,0.0,3.6225851263373814,5.232291754330906,0.0
9.019999999999852,-1.574976071096905,-2.349351054115191,2.0,3.5240265811727864,-2.3624641066453576,0.0,3.5436961599680363,5.286039871759179,0.0
9.029999999999852,-1.5395599452944686,-2.372710512229609,2.0,3.559065768344414,-2.309339917941703,0.0,3.464009876912555,5.338598652516621,0.0
9.039999999999852,-1.503797424999311,-2.3955361204885732,2.0,3.5933041807328596,-2.2556961374989664,0.0,3.3835442062484495,5.389956271099289,0.0
9.049999999999851,-1.467696556627626,-2.4178227432265196,2.0,3.6267341148397794,-2.2015448349414393,0.0,3.3023172524121587,5.440101172259669,0.0
9.059999999999851,-1.431265462722498,-2.439565366047353,2.0,3.6593480490710295,-2.1468981940837475,0.0,3.220347291125621,5.489022073606544,0.0
9.069999999999851,-1.3945123401263637,-2.460759096952665,2.0,3.6911386454289974,-2.091768510189546,0.0,3.1376527652843182,5.536707968143496,0.0
9.07999999999985,-1.3574454581367557,-2.481399167442412,2.0,3.722098751163618,-2.0361681872051336,0.0,3.0542522808077006,5.583148126745427,0.0
9.08999999999985,-1.3200731566457469,-2.5014809335878088,2.0,3.752221400381713,-1.9801097349686205,0.0,2.9701646024529307,5.628332100572569,0.0
9.09999999999985,-1.2824038442635097,-2.5209998770761914,2.0,3.7814998156142874,-1.9236057663952646,0.0,2.885408649592897,5.672249723421431,0.0
9.10999999999985,-1.2444459964264136,-2.539951606227621,2.0,3.8099274093414315,-1.8666689946396207,0.0,2.8000034919594308,5.714891114012147,0.0
9.11999999999985,-1.206208153490089,-2.5583318569829894,2.0,3.8374977854744845,-1.8093122302351337,0.0,2.7139683453527006,5.756246678211727,0.0
9.12999999999985,-1.1676989188078817,-2.576136493863418,2.0,3.8642047407951274,-1.7515483782118224,0.0,2.6273225673177336,5.796307111192691,0.0
9.13999999999985,-1.128926956795135,-2.593361510900722,2.0,3.8900422663510836,-1.6933904351927027,0.0,2.540085652789054,5.835063399526625,0.0
9.14999999999985,-1.0899009909797346,-2.610003032538735,2.0,3.9150045488081027,-1.634851486469602,0.0,2.452277229704403,5.872506823212154,0.0
9.15999999999985,-1.050629802039349,-2.6260573145052946,2.0,3.939085971757942,-1.5759447030590237,0.0,2.3639170545885353,5.908628957636913,0.0
9.169999999999849,-1.0111222258258157,-2.6415207446546867,2.0,3.96228111698203,-1.5166833387387237,0.0,2.2750250081080856,5.943421675473045,0.0
9.179999999999849,-0.9713871513771116,-2.6563898437803632,2.0,3.9845847656705446,-1.4570807270656674,0.0,2.1856210905985014,5.976877148505817,0.0
9.189999999999849,-0.9314335189173564,-2.6706612663977496,2.0,4.005991899596625,-1.3971502783760346,0.0,2.095725417564052,6.008987849394937,0.0
9.199999999999848,-0.8912703178453004,-2.6843318014969646,2.0,4.026497702245447,-1.3369054767679507,0.0,2.005358215151926,6.03974655336817,0.0
9.209999999999848,-0.8509065847117476,-2.697398373265282,2.0,4.046097559897923,-1.2763598770676214,0.0,1.9145398156014324,6.069146339846885,0.0
9.219999999999848,-0.8103514011863701,-2.7098580417791793,2.0,4.06478706266877,-1.215527101779555,0.0,1.8232906526693327,6.097180594003154,0.0
9.229999999999848,-0.7696138920143698,-2.7217080036658037,2.0,4.082562005498706,-1.1544208380215548,0.0,1.7316312570323322,6.123843008248059,0.0
9.239999999999847,-0.7287032229634505,-2.732945592733723,2.0,4.099418389100585,-1.0930548344451758,0.0,1.6395822516677636,6.149127583650877,0.0
9.249999999999847,-0.6876285987615581,-2.7435682805728048,2.0,4.115352420859208,-1.0314428981423374,0.0,1.547164347213506,6.173028631288811,0.0
9.259999999999847,-0.6463992610258558,-2.7535736771230996,2.0,4.130360515684649,-0.9695988915387838,0.0,1.4543983373081757,6.195540773526974,0.0
9.269999999999847,-0.605024486183399,-2.7629595312125934,2.0,4.144439296818891,-0.9075367292750985,0.0,1.3613050939126479,6.216658945228335,0.0
9.279999999999847,-0.5635135833839789,-2.7717237310637124,2.0,4.1575855965955695,-0.8452703750759684,0.0,1.2679055626139526,6.236378394893354,0.0
9.289999999999846,-0.5218758924056025,-2.779864304768464,2.0,4.169796457152697,-0.7828138386084038,0.0,1.1742207579126056,6.254694685729045,0.0
9.299999999999846,-0.48012078155308224,-2.7873794207321074,2.0,4.181069131098162,-0.7201811723296234,0.0,1.0802717584944352,6.271603696647242,0.0
9.309999999999846,-0.43825764555020685,-2.7942673880852547,2.0,4.191401082127882,-0.6573864683253103,0.0,0.9860797024879655,6.287101623191823,0.0
9.319999999999846,-0.39629590342596827,-2.8005266570643097,2.0,4.200789985596464,-0.5944438551389524,0.0,0.8916657827084287,6.301184978394697,0.0
9.329999999999846,-0.3542449963953196,-2.8061558193601583,2.0,4.209233729040237,-0.5313674945929795,0.0,0.7970512418894692,6.313850593560356,0.0
9.339999999999845,-0.31211438573494193,-2.811153608435032,2.0,4.216730412652548,-0.4681715786024129,0.0,0.7022573679036194,6.325095618978822,0.0
9.349999999999845,-0.26991355065449646,-2.815518899807473,2.0,4.22327834971121,-0.4048703259817447,0.0,0.6073054889726172,6.334917524566815,0.0
9.359999999999845,-0.22765198616384305,-2.819250711305339,2.0,4.2288760669580086,-0.34147797924576456,0.0,0.5122169688686469,6.343314100437012,0.0
9.369999999999845,-0.1853392009367024,-2.8223482032867855,2.0,4.233522304930178,-0.2780088014050536,0.0,0.4170132021075804,6.350283457395268,0.0
9.379999999999844,-0.14298471517124484,-2.8248106788291847,2.0,4.237216018243777,-0.21447707275686725,0.0,0.3217156091353009,6.355824027365665,0.0
9.389999999999844,-0.100598058448086,-2.8266375838859283,2.0,4.239956375828893,-0.150897087672129,0.0,0.2263456315081935,6.359934563743338,0.0
9.399999999999844,-0.05818876758617121,-2.827828507411085,2.0,4.241742761116628,-0.08728315137925682,0.0,0.13092472706888522,6.362614141674942,0.0
9.409999999999844,-0.015766384497031563,-2.828383181451886,2.0,4.2425747721778295,-0.023649576745547345,0.0,0.03547436511832102,6.363862158266744,0.0
9.419999999999844,0.026659545962105985,-2.828301481209013,2.0,4.24245222181352,0.03998931894315898,0.0,-0.059983978414738466,6.363678332720279,0.0
9.429999999999843,0.06907947813587118,-2.8275834250646747,2.0,4.241375137597013,0.10361921720380676,0.0,-0.15542882580571016,6.362062706395519,0.0
9.439999999999843,0.11148386771848265,-2.8262291745784753,2.0,4.239343761867713,0.167225801577724,0.0,-0.250838702366586,6.35901564280157,0.0
9.449999999999843,0.15386317390117651,-2.8242390344510606,2.0,4.236358551676591,0.23079476085176479,0.0,-0.3461921412776472,6.3545378275148865,0.0
9.459999999999843,0.196207861518848,-2.821613452455563,2.0,4.232420178683345,0.29431179227827203,0.0,-0.441467688417408,6.348630268025017,0.0
9.469999999999843,0.23850840319542346,-2.818353019336856,2.0,4.227529529005284,0.3577626047931352,0.0,-0.5366439071897028,6.341294293507925,0.0
9.479999999999842,0.2807552814874797,-2.814458468678635,2.0,4.2216877030179525,0.42113292223121956,0.0,-0.6316993833468294,6.33253155452693,0.0
9.489999999999842,0.32293899102562873,-2.8099306767383694,2.0,4.214896015107554,0.48440848653844315,0.0,-0.7266127298076647,6.322344022661332,0.0
9.499999999999842,0.36505004065318564,-2.8047706622501436,2.0,4.207155993375215,0.5475750609797785,0.0,-0.8213625914696677,6.310733990062824,0.0
9.509999999999842,0.40707895556163887,-2.798979586195449,2.0,4.198469379293174,0.6106184333424584,0.0,-0.9159276500136875,6.297704068939761,0.0
9.519999999999841,0.4490162794224422,-2.792558751541967,2.0,4.188838127312951,0.6735244191336633,0.0,-1.010286628700495,6.283257190969426,0.0
9.529999999999841,0.49085257651464875,-2.7855096029504067,2.0,4.17826440442561,0.7362788647719731,0.0,-1.1044182971579597,6.267396606638415,0.0
9.539999999999841,0.5325784338479082,-2.777833726449463,2.0,4.166750589674194,0.7988676507718624,0.0,-1.1983014761577935,6.2501258845112915,0.0
9.54999999999984,0.5741844632803502,-2.7695328490789666,2.0,4.15429927361845,0.8612766949205254,0.0,-1.2919150423807881,6.231448910427675,0.0
9.55999999999984,0.6156613036308768,-2.760608838501306,2.0,4.14091325775196,0.9234919554463152,0.0,-1.3852379331694729,6.2113698866279385,0.0
9.56999999999984,0.656999622785388,-2.7510637025812144,2.0,4.126595553871821,0.9854994341780821,0.0,-1.4782491512671232,6.189893330807732,0.0
9.57999999999984,0.6981901197964689,-2.7408995889340044,2.0,4.111349383401007,1.0472851796947034,0.0,-1.5709277695420552,6.16702407510151,0.0
9.58999999999984,0.7392235269760631,-2.7301187844423676,2.0,4.095178176663552,1.1088352904640948,0.0,-1.663252935696142,6.142767264995328,0.0
9.59999999999984,0.7800906119806635,-2.7187237147418335,2.0,4.078085572112751,1.1701359179709954,0.0,-1.755203876956493,6.1171283581691265,0.0
9.60999999999984,0.8207821798885507,-2.7067169436750125,2.0,4.060075415512519,1.2311732698328262,0.0,-1.8467599047492391,6.090113123268778,0.0
9.61999999999984,0.861289075268612,-2.6941011727147406,2.0,4.041151759072111,1.2919336129029182,0.0,-1.9379004193543772,6.061727638608167,0.0
9.62999999999984,0.9016021842402737,-2.680879240356262,2.0,4.021318860534393,1.3524032763604108,0.0,-2.028604914540616,6.0319782908015895,0.0
9.639999999999839,0.9417124365240871,-2.6670541214785777,2.0,4.000581182217867,1.4125686547861307,0.0,-2.118852982179196,6.000871773326801,0.0
9.649999999999839,0.9816108074825022,-2.6526289266751113,2.0,3.9789433900126667,1.4724162112237533,0.0,-2.20862431683563,5.968415085019,0.0
9.659999999999838,1.021288320150373,-2.6376069015538364,2.0,3.9564103523307548,1.5319324802255598,0.0,-2.2978987203383396,5.934615528496132,0.0
9.669999999999838,1.060736047254738,-2.621991426007033,2.0,3.9329871390105495,1.5911040708821071,0.0,-2.386656106323161,5.899480708515824,0.0
9.679999999999838,1.0999451132234173,-2.6057860134508215,2.0,3.9086790201762325,1.649917669835126,0.0,-2.474876504752689,5.863018530264348,0.0
9.689999999999838,1.1389066961819798,-2.5889943100346606,2.0,3.883491465051991,1.7083600442729698,0.0,-2.5625400664094546,5.825237197577986,0.0
9.699999999999838,1.177612029938628,-2.5716200938209797,2.0,3.85743014073147,1.766418044907942,0.0,-2.649627067361913,5.786145211097205,0.0
9.709999999999837,1.2160524059565534,-2.55366727393513,2.0,3.8305009109026953,1.8240786089348302,0.0,-2.7361179134022455,5.745751366354043,0.0
9.719999999999837,1.2542191753133214,-2.535139889685848,2.0,3.8027098345287724,1.8813287629699822,0.0,-2.8219931444549733,5.704064751793158,0.0
9.729999999999837,1.2921037506468411,-2.5160421096564276,2.0,3.7740631644846414,1.938155625970262,0.0,-2.9072334389553927,5.661094746726962,0.0
9.739999999999837,1.3296976080874872,-2.4963782307668074,2.0,3.7445673461502116,1.9945464121312309,0.0,-2.991819618196846,5.616851019225318,0.0
9.749999999999837,1.3669922891759332,-2.4761526773067817,2.0,3.7142290159601727,2.0504884337639,0.0,-3.0757326506458496,5.571343523940259,0.0
9.759999999999836,1.40397940276627,-2.4553699999405523,2.0,3.6830549999108286,2.105969104149405,0.0,-3.158953656224108,5.524582499866243,0.0
9.769999999999836,1.4406506269139783,-2.434034874682851,2.0,3.6510523120242766,2.160975940370968,0.0,-3.2414639105564516,5.476578468036415,0.0
9.779999999999836,1.47699771074833,-2.4121521018468535,2.0,3.6182281527702806,2.215496566122495,0.0,-3.3232448491837427,5.427342229155421,0.0
9.789999999999836,1.5130124763288006,-2.3897266049641313,2.0,3.5845899074461967,2.269518714493201,0.0,-3.404278071739802,5.376884861169295,0.0
9.799999999999836,1.5486868204850708,-2.3667634296768747,2.0,3.5501451445153123,2.323030230727606,0.0,-3.4845453460914095,5.325217716772968,0.0
9.809999999999835,1.5840127166402054,-2.3432677426026496,2.0,3.514901613903975,2.376019074960308,0.0,-3.5640286124404623,5.272352420855962,0.0
9.819999999999835,1.6189822166165992,-2.3192448301719253,2.0,3.4788672452578884,2.4284733249248993,0.0,-3.6427099873873487,5.218300867886833,0.0
9.829999999999835,1.6535874524242846,-2.2947000974386533,2.0,3.4420501461579804,2.480381178636427,0.0,-3.7205717679546404,5.163075219236971,0.0
9.839999999999835,1.687820638031194,-2.269639066864151,2.0,3.404458600296227,2.531730957046791,0.0,-3.7975964355701866,5.10668790044434,0.0
9.849999999999834,1.7216740711149865,-2.2440673770745723,2.0,3.366101065611858,2.58251110667248,0.0,-3.87376666000872,5.0491515984177875,0.0
9.859999999999834,1.755140134796036,-2.2179907815922397,2.0,3.3269861723883594,2.6327102021940543,0.0,-3.949065303291081,4.990479258582539,0.0
9.869999999999834,1.788211299351198,-2.1914151475411274,2.0,3.287122721311691,2.6823169490267973,0.0,-4.023475423540196,4.930684081967536,0.0
9.879999999999834,1.8208801239079664,-2.1643464543267816,2.0,3.2465196814901724,2.7313201858619496,0.0,-4.096980278792924,4.869779522235259,0.0
9.889999999999834,1.8531392581186352,-2.1367907922909803,2.0,3.2051861884364707,2.7797088871779527,0.0,-4.1695633307669295,4.807779282654706,0.0
9.899999999999833,1.8849814438141002,-2.108754361341432,2.0,3.163131542012148,2.8274721657211503,0.0,-4.241208248581726,4.744697313018222,0.0
9.909999999999833,1.916399516636913,-2.0802434695568226,2.0,3.120365204335234,2.8745992749553695,0.0,-4.311898912433055,4.680547806502851,0.0
9.919999999999833,1.947386407653232,-2.0512645317675244,2.0,3.076896797651287,2.921079611479848,0.0,-4.381619417219772,4.61534519647693,0.0
9.929999999999833,1.977935144943304,-2.0218240681122857,2.0,3.0327361021684287,2.966902717414956,0.0,-4.4503540761224345,4.549104153252643,0.0
9.939999999999833,2.0080388551701147,-1.9919287025712278,2.0,2.987893053856842,3.0120582827551723,0.0,-4.518087424132759,4.4818395807852625,0.0
9.949999999999832,2.037690765125863,-1.961585161475478,2.0,2.942377742213217,3.0565361476887944,0.0,-4.584804221533192,4.4135666133198255,0.0
9.959999999999832,2.066884203255901,-1.9308002719937711,2.0,2.8962004079906567,3.1003263048838514,0.0,-4.650489457325778,4.344300611985985,0.0
9.969999999999832,2.0956126011598086,-1.8995809605963683,2.0,2.8493714408945525,3.143418901739713,0.0,-4.71512835260957,4.274057161341829,0.0
9.979999999999832,2.123869495069255,-1.8679342514966282,2.0,2.8019013772449424,3.185804242603883,0.0,-4.778706363905824,4.202852065867414,0.0
9.989999999999831,2.151648527302318,-1.83586726507059,2.0,2.753800897605885,3.227472790953477,0.0,-4.841209186430215,4.130701346408828,0.0
9.999999999999831,2.178943447693937,-1.803387216254918,2.0,2.705080824382377,3.268415171540905,0.0,-4.902622757311358,4.057621236573566,0.0
10.009999999999831,2.205748115002173,-1.7705014129235712,2.0,2.655752119385357,3.30862217250326,0.0,-4.96293325875489,3.9836281790780355,0.0
10.01999999999983,2.232056498289964,-1.7372172542435633,2.0,2.605825881365345,3.3480847474349464,0.0,-5.02212712115242,3.9087388220480177,0.0
10.02999999999983,2.2578626782820574,-1.7035422290101807,2.0,2.5553133435152713,3.3867940174230866,0.0,-5.08019102613463,3.832970015272907,0.0
10.03999999999983,2.283160848696824,-1.669483913962036,2.0,2.504225870943054,3.4247412730452362,0.0,-5.137111909567854,3.7563388064145813,0.0
10.04999999999983,2.3079453175526465,-1.635049972076332,2.0,2.452574958114498,3.4619179763289702,0.0,-5.192876964493455,3.6788624371717473,0.0
10.05999999999983,2.3322105084485907,-1.6002481508447266,2.0,2.40037222626709,3.498315762672886,0.0,-5.24747364400933,3.600558339400635,0.0
10.06999999999983,2.3559509618190737,-1.565086280530177,2.0,2.3476294207952657,3.5339264427286103,0.0,-5.3008896640929155,3.5214441311928986,0.0
10.07999999999983,2.3791613361622406,-1.5295722724051661,2.0,2.2943584086077493,3.5687420042433606,0.0,-5.353113006365041,3.4415376129116244,0.0
10.08999999999983,2.401836409241782,-1.4937141169716992,2.0,2.240571175457549,3.6027546138626736,0.0,-5.40413192079401,3.3608567631863235,0.0
10.09999999999983,2.423971079261916,-1.4575198821634723,2.0,2.1862798232452088,3.6359566188928745,0.0,-5.4539349283393115,3.279419734867813,0.0
10.109999999999829,2.4455603660152674,-1.420997711530625,2.0,2.1314965672959376,3.668340549022901,0.0,-5.502510823534352,3.1972448509439064,0.0
10.119999999999829,2.4665994120033954,-1.384155822407472,2.0,2.076233733611208,3.6998991180050935,0.0,-5.54984867700764,3.114350600416812,0.0
10.129999999999828,2.487083483529711,-1.347002504063641,2.0,2.0205037560954615,3.730625225294567,0.0,-5.59593783794185,3.0307556341431923,0.0
10.139999999999828,2.507007971764537,-1.3095461158390198,2.0,1.96431917375853,3.7605119576468056,0.0,-5.640767936470208,2.946478760637795,0.0
10.149999999999828,2.526368393782077,-1.2717950852629412,2.0,1.9076926278944117,3.7895525906731153,0.0,-5.684328886009673,2.8615389418416175,0.0
10.159999999999828,2.5451603935690517,-1.2337579061580235,2.0,1.8506368592370352,3.817740590353578,0.0,-5.726610885530367,2.775955288855553,0.0
10.169999999999828,2.5633797430047887,-1.1954431367290974,2.0,1.7931647050936461,3.8450696145071834,0.0,-5.767604421760775,2.6897470576404694,0.0
10.179999999999827,2.581022342812527,-1.1568593976376451,2.0,1.7352890964564678,3.8715335142187906,0.0,-5.807300271328186,2.602933644684702,0.0
10.189999999999827,2.598084223481739,-1.1180153700621884,2.0,1.6770230550932828,3.8971263352226084,0.0,-5.845689502833912,2.515534582639924,0.0
10.199999999999827,2.6145615461612524,-1.0789197937450596,2.0,1.6183796906175896,3.921842319241879,0.0,-5.8827634788628185,2.4275695359263842,0.0
10.209999999999827,2.630450603522979,-1.039581465025997,2.0,1.5593721975389954,3.9456759052844683,0.0,-5.918513857926702,2.339058296308493,0.0
10.219999999999827,2.6457478205960427,-1.0000092348630047,2.0,1.5000138522945072,3.968621730894064,0.0,-5.952932596341096,2.250020778441761,0.0
10.229999999999826,2.660449755571137,-0.9602120068409259,2.0,1.4403180102613888,3.9906746333567056,0.0,-5.986011950035059,2.1604770153920834,0.0
10.239999999999826,2.6745531005749164,-0.9201987351681715,2.0,1.3802981027522574,4.011829650862374,0.0,-6.0177444762935615,2.070447154128386,0.0
10.249999999999826,2.6880546824142524,-0.8799784226620637,2.0,1.3199676339930957,4.032082023621379,0.0,-6.048123035432068,1.9799514509896436,0.0
10.259999999999826,2.700951463290191,-0.8395601187232382,2.0,1.2593401780848574,4.051427194935287,0.0,-6.07714079240293,1.889010267127286,0.0
10.269999999999825,2.7132405414814427,-0.7989529172995674,2.0,1.1984293759493512,4.0698608122221644,0.0,-6.104791218333246,1.7976440639240268,0.0
10.279999999999825,2.7249191519972586,-0.7581659548400617,2.0,1.1372489322600927,4.087378727995888,0.0,-6.131068091993832,1.7058733983901389,0.0
10.289999999999825,2.7359846671995416,-0.7172084082392056,2.0,1.0758126123588083,4.103977000799312,0.0,-6.155965501198969,1.6137189185382126,0.0
10.299999999999825,2.7464345973940536,-0.6760894927721958,2.0,1.0141342391582937,4.119651896091081,0.0,-6.1794778441366205,1.5212013587374407,0.0
10.309999999999825,2.7562665913905855,-0.6348184600215435,2.0,0.9522276900323152,4.134399887085879,0.0,-6.201599830628818,1.428341535048473,0.0
10.319999999999824,2.7654784370319674,-0.5934045957955066,2.0,0.8901068936932599,4.148217655547951,0.0,-6.222326483321927,1.33516034053989,0.0
10.329999999999824,2.7740680616917914,-0.5518572180388226,2.0,0.8277858270582339,4.161102092537687,0.0,-6.241653138806531,1.2416787405873508,0.0
10.339999999999824,2.782033532740747,-0.51018567473621,2.0,0.7652785121043151,4.173050299111121,0.0,-6.259575448666681,1.1479177681564725,0.0
10.349999999999824,2.7893730579814515,-0.4683993418091114,2.0,0.7025990127136672,4.184059586972177,0.0,-6.276089380458266,1.0538985190705008,0.0
10.359999999999824,2.796084986051689,-0.42650762100615075,2.0,0.6397614315092262,4.194127479077534,0.0,-6.2911912186163015,0.9596421472638392,0.0
10.369999999999823,2.8021678067959606,-0.38451993778777915,2.0,0.5767799066816687,4.203251710193941,0.0,-6.304877565290912,0.8651698600225031,0.0
10.379999999999823,2.8076201516052595,-0.34244573920558663,2.0,0.51366860880838,4.21143022740789,0.0,-6.317145341111834,0.7705029132125699,0.0
10.389999999999823,2.812440793725006,-0.30029449177675493,2.0,0.4504417376651324,4.218661190587509,0.0,-6.327991785881264,0.6756626064976986,0.0
10.399999999999823,2.8166286485310597,-0.2580756793541314,2.0,0.3871135190311971,4.22494297279659,0.0,-6.337414459194885,0.5806702785467956,0.0
10.409999999999823,2.8201827737737575,-0.21579880099240176,2.0,0.3236982014886027,4.230274160660636,0.0,-6.345411240990954,0.485547302232904,0.0
10.419999999999822,2.8231023697899125,-0.17347336881084324,2.0,0.2602100532162649,4.2346535546848685,0.0,-6.351980332027303,0.39031507982439734,0.0
10.429999999999822,2.8253867796827383,-0.13110890585313753,2.0,0.19666335877970628,4.238080169524108,0.0,-6.357120254286162,0.2949950381695594,0.0
10.439999999999822,2.8270354894696466,-0.08871494394472641,2.0,0.13307241591708963,4.24055323420447,0.0,-6.360829851306705,0.19960862387563444,0.0
10.449999999999822,2.8280481281978913,-0.04630102154819109,2.0,0.06945153232228664,4.242072192296837,0.0,-6.363108288445256,0.10417729848342995,0.0
10.459999999999821,2.8284084961231573,0.01026543025598211,2.0,-0.02053086051196422,5.6568169922463145,0.0,-11.313633984492629,-0.04106172102392844,0.0
10.469999999999821,2.827637538361585,0.06682777602492349,2.0,-0.13365555204984697,5.65527507672317,0.0,-11.31055015344634,-0.26731110409969394,0.0
10.479999999999821,2.825735563285999,0.12336339157448002,2.0,-0.24672678314896004,5.651471126571998,0.0,-11.302942253143996,-0.4934535662979201,0.0
10.48999999999982,2.822703331661071,0.1798496634122301,2.0,-0.3596993268244602,5.645406663322142,0.0,-11.290813326644283,-0.7193986536489204,0.0
10.49999999999982,2.8185420563390204,0.23626399778257878,2.0,-0.47252799556515757,5.637084112678041,0.0,-11.274168225356082,-0.9450559911303151,0.0
10.50999999999982,2.8132534017744946,0.2925838297039591,2.0,-0.5851676594079182,5.626506803548989,0.0,-11.253013607097978,-1.1703353188158363,0.0
10.51999999999982,2.8068394833588037,0.34878663199452353,2.0,-0.6975732639890471,5.6136789667176075,0.0,-11.227357933435215,-1.3951465279780941,0.0
10.52999999999982,2.7993028665737976,0.40484992428271654,2.0,-0.8096998485654331,5.598605733147595,0.0,-11.19721146629519,-1.6193996971308662,0.0
10.53999999999982,2.790646565965702,0.4607512819991235,2.0,-0.921502563998247,5.581293131931404,0.0,-11.162586263862808,-1.843005127996494,0.0
10.54999999999982,2.7808740439393453,0.5164683453459994,2.0,-1.0329366906919988,5.561748087878691,0.0,-11.123496175757381,-2.0658733813839976,0.0
10.55999999999982,2.769989209373239,0.5719788282408897,2.0,-1.1439576564817795,5.539978418746478,0.0,-11.079956837492956,-2.287915312963559,0.0
10.569999999999819,2.75799641605608,0.6272605272307663,2.0,-1.2545210544615326,5.51599283211216,0.0,-11.03198566422432,-2.5090421089230652,0.0
10.579999999999819,2.7449004609452943,0.6822913303731127,2.0,-1.3645826607462255,5.4898009218905885,0.0,-10.979601843781177,-2.729165321492451,0.0
10.589999999999819,2.7307065822483154,0.7370492260804065,2.0,-1.474098452160813,5.461413164496631,0.0,-10.922826328993262,-2.948196904321626,0.0
10.599999999999818,2.715420457327373,0.79151231192446,2.0,-1.58302462384892,5.430840914654746,0.0,-10.861681829309491,-3.16604924769784,0.0
10.609999999999818,2.699048200428622,0.8456588033971006,2.0,-1.6913176067942013,5.398096400857244,0.0,-10.796192801714488,-3.3826352135884026,0.0
10.619999999999818,2.6815963602365303,0.8994670426236827,2.0,-1.7989340852473654,5.3631927204730605,0.0,-10.726385440946121,-3.597868170494731,0.0
10.629999999999818,2.6630719172544848,0.9529155070259494,2.0,-1.9058310140518988,5.3261438345089696,0.0,-10.652287669017939,-3.8116620281037976,0.0
10.639999999999818,2.64348228101269,1.0059828179307764,2.0,-2.0119656358615527,5.28696456202538,0.0,-10.57392912405076,-4.0239312717231055,0.0
10.649999999999817,2.6228352871044507,1.0586477491213564,2.0,-2.117295498242713,5.245670574208901,0.0,-10.491341148417803,-4.234590996485426,0.0
10.659999999999817,2.6011391940520405,1.110889235327403,2.0,-2.221778470654806,5.202278388104081,0.0,-10.404556776208162,-4.443556941309612,0.0
10.669999999999817,2.578402680003403,1.1626863806509777,2.0,-2.3253727613019555,5.156805360006806,0.0,-10.313610720013612,-4.650745522603911,0.0
10.679999999999817,2.554634839261008,1.2140184669245704,2.0,-2.4280369338491408,5.109269678522016,0.0,-10.218539357044031,-4.8560738676982815,0.0
10.689999999999817,2.5298451786442526,1.2648649619980905,2.0,-2.529729923996181,5.059690357288505,0.0,-10.11938071457701,-5.059459847992362,0.0
10.699999999999816,2.504043613686859,1.3152055279514523,2.0,-2.6304110559029046,5.008087227373718,0.0,-10.016174454747436,-5.260822111805809,0.0
10.709999999999816,2.477240464670793,1.3650200292294739,2.0,-2.7300400584589477,4.954480929341586,0.0,-9.908961858683172,-5.460080116917895,0.0
10.719999999999816,2.449446452498292,1.4142885406958279,2.0,-2.8285770813916558,4.898892904996584,0.0,-9.797785809993169,-5.6571541627833115,0.0
10.729999999999816,2.420672694403642,1.4629913556028327,2.0,-2.9259827112056653,4.841345388807284,0.0,-9.682690777614567,-5.851965422411331,0.0
10.739999999999815,2.390930699506436,1.5111089934738877,2.0,-3.0222179869477754,4.781861399012872,0.0,-9.563722798025744,-6.044435973895551,0.0
10.749999999999815,2.3602323642080787,1.5586222078954046,2.0,-3.1172444157908092,4.720464728416157,0.0,-9.440929456832315,-6.2344888315816185,0.0
10.759999999999815,2.328589967433383,1.6055119942151153,2.0,-3.2110239884302305,4.657179934866766,0.0,-9.314359869733533,-6.422047976860461,0.0
10.769999999999815,2.2960161657191667,1.6517595971436814,2.0,-3.3035191942873627,4.592032331438333,0.0,-9.184064662876667,-6.6070383885747255,0.0
10.779999999999815,2.2625239881518033,1.697346518256558,2.0,-3.394693036513116,4.525047976303607,0.0,-9.050095952607213,-6.789386073026232,0.0
10.789999999999814,2.2281268311557634,1.742254523393117,2.0,-3.484509046786234,4.456253662311527,0.0,-8.912507324623054,-6.969018093572468,0.0
10.799999999999814,2.192838453135223,1.786465649950069,2.0,-3.572931299900138,4.385676906270446,0.0,-8.771353812540893,-7.145862599800276,0.0
10.809999999999814,2.156672968970885,1.829962214066266,2.0,-3.659924428132532,4.31334593794177,0.0,-8.62669187588354,-7.319848856265064,0.0
10.819999999999814,2.119644844374214,1.872726817696007,2.0,-3.745453635392014,4.239289688748428,0.0,-8.478579377496857,-7.490907270784028,0.0
10.829999999999814,2.081768890101349,1.9147423555680274,2.0,-3.829484711136055,4.163537780202698,0.0,-8.327075560405396,-7.65896942227211,0.0
10.839999999999813,2.043060256028991,1.9559920220273788,2.0,-3.9119840440547575,4.086120512057982,0.0,-8.172241024115964,-7.823968088109515,0.0
10.849999999999813,2.0035344250946623,1.996459317757465,2.0,-3.99291863551493,4.007068850189325,0.0,-8.01413770037865,-7.98583727102986,0.0
10.859999999999813,1.9632072071037316,2.036128056379551,2.0,-4.072256112759102,3.9264144142074633,0.0,-7.852828828414927,-8.144512225518204,0.0
10.869999999999813,1.9220947324057065,2.074982370927097,2.0,-4.149964741854194,3.844189464811413,0.0,-7.688378929622826,-8.299929483708388,0.0
10.879999999999812,1.8802134454423074,2.113006720192335,2.0,-4.22601344038467,3.760426890884615,0.0,-7.52085378176923,-8.45202688076934,0.0
10.889999999999812,1.8375800981699093,2.1501858949425436,2.0,-4.300371789885087,3.6751601963398186,0.0,-7.350320392679637,-8.600743579770175,0.0
10.899999999999812,1.7942117433589853,2.186505024003538,2.0,-4.373010048007076,3.5884234867179705,0.0,-7.176846973435941,-8.746020096014153,0.0
10.909999999999812,1.7501257277732214,2.221949580207943,2.0,-4.443899160415886,3.500251455546443,0.0,-7.000502911092886,-8.887798320831772,0.0
10.919999999999812,1.705339685231047,2.256505386205864,2.0,-4.513010772411728,3.410679370462094,0.0,-6.821358740924188,-9.026021544823456,0.0
10.929999999999811,1.6598715295523396,2.29015862013564,2.0,-4.58031724027128,3.3197430591046793,0.0,-6.6394861182093585,-9.16063448054256,0.0
10.939999999999811,1.6137394473931364,2.322895821152403,2.0,-4.645791642304806,3.2274788947862727,0.0,-6.454957789572545,-9.291583284609612,0.0
10.949999999999811,1.566961890971215,2.3547038948122365,2.0,-4.709407789624473,3.13392378194243,0.0,-6.26784756388486,-9.418815579248946,0.0
10.95999999999981,1.519557570685452,2.385570118309778,2.0,-4.771140236619556,3.039115141370904,0.0,-6.078230282741808,-9.542280473239112,0.0
10.96999999999981,1.4715454476319125,2.4154821455671733,2.0,-4.830964291134347,2.943090895263825,0.0,-5.88618179052765,-9.661928582268693,0.0
10.97999999999981,1.4229447260196642,2.444428012172341,2.0,-4.888856024344682,2.8458894520393283,0.0,-5.691778904078657,-9.777712048689365,0.0
10.98999999999981,1.3737748454893517,2.4723961401645793,2.0,-4.944792280329159,2.7475496909787034,0.0,-5.495099381957407,-9.889584560658317,0.0
10.99999999999981,1.324055473337597,2.499375342665594,2.0,-4.998750685331188,2.648110946675194,0.0,-5.296221893350388,-9.997501370662375,0.0
11.00999999999981,1.273806496650345,2.525354828354102,2.0,-5.050709656708204,2.54761299330069,0.0,-5.09522598660138,-10.101419313416407,0.0
11.01999999999981,1.2230480143482931,2.5503242057822177,2.0,-5.1006484115644355,2.4460960286965863,0.0,-4.8921920573931725,-10.201296823128871,0.0
11.02999999999981,1.1718003291475911,2.57427348753189,2.0,-5.14854697506378,2.3436006582951823,0.0,-4.6872013165903645,-10.29709395012756,0.0
11.039999999999809,1.1200839394390265,2.5971930942097377,2.0,-5.194386188419475,2.240167878878053,0.0,-4.480335757756106,-10.38877237683895,0.0
11.049999999999809,1.0679195310889396,2.619073858278682,2.0,-5.238147716557364,2.135839062177879,0.0,-4.271678124355758,-10.476295433114728,0.0
11.059999999999809,1.0153279691651542,2.6399070277248335,2.0,-5.279814055449667,2.0306559383303084,0.0,-4.061311876660617,-10.559628110899334,0.0
11.069999999999808,0.9623302895912287,2.6596842695581864,2.0,-5.319368539116373,1.9246605791824574,0.0,-3.8493211583649147,-10.638737078232746,0.0
11.079999999999808,0.908947690732366,2.6783976731457,2.0,-5.3567953462914,1.817895381464732,0.0,-3.635790762929464,-10.7135906925828,0.0
11.089999999999808,0.8552015249163515,2.6960397533754485,2.0,-5.392079506750897,1.710403049832703,0.0,-3.420806099665406,-10.784159013501794,0.0
11.099999999999808,0.8011132898929054,2.712603453650564,2.0,-5.425206907301128,1.6022265797858108,0.0,-3.2044531595716217,-10.850413814602256,0.0
11.109999999999808,0.7467046202348703,2.728082148711783,2.0,-5.456164297423566,1.4934092404697406,0.0,-2.986818480939481,-10.912328594847132,0.0
11.119999999999807,0.69199727868467,2.7424696472874612,2.0,-5.4849392945749225,1.38399455736934,0.0,-2.76798911473868,-10.969878589149845,0.0
11.129999999999807,0.6370131474495032,2.755760194569999,2.0,-5.511520389139998,1.2740262948990064,0.0,-2.548052589798013,-11.023040778279997,0.0
11.139999999999807,0.5817742194487521,2.767948474517688,2.0,-5.535896949035376,1.1635484388975041,0.0,-2.3270968777950083,-11.071793898070752,0.0
11.149999999999807,0.5263025895171076,2.779029611981058,2.0,-5.558059223962116,1.0526051790342152,0.0,-2.1052103580684305,-11.116118447924231,0.0
11.159999999999807,0.47062044556693056,2.788999174652869,2.0,-5.577998349305738,0.9412408911338611,0.0,-1.8824817822677222,-11.155996698611476,0.0
11.169999999999806,0.4147500597133824,2.7978531748409794,2.0,-5.595706349681959,0.8295001194267648,0.0,-1.6590002388535297,-11.191412699363918,0.0
11.179999999999806,0.35871377936587595,2.8055880710633643,2.0,-5.6111761421267285,0.7174275587317519,0.0,-1.4348551174635038,-11.222352284253457,0.0
11.189999999999806,0.30253401828940973,2.812200769464667,2.0,-5.624401538929334,0.6050680365788195,0.0,-1.210136073157639,-11.248803077858668,0.0
11.199999999999806,0.24623324763936094,2.8176886250536937,2.0,-5.635377250107387,0.4924664952787219,0.0,-0.9849329905574438,-11.270754500214775,0.0
11.209999999999805,0.1898339869733226,2.82204944276138,2.0,-5.64409888552276,0.3796679739466452,0.0,-0.7593359478932904,-11.28819777104552,0.0
11.219999999999805,0.133358795243581,2.8252814783187854,2.0,-5.650562956637571,0.266717590487162,0.0,-0.533435180974324,-11.301125913275142,0.0
11.229999999999805,0.07683026177383552,2.827383438954781,2.0,-5.654766877909562,0.15366052354767104,0.0,-0.3073210470953421,-11.309533755819125,0.0
11.239999999999805,0.02027099722377035,2.828354483913138,2.0,-5.656708967826276,0.0405419944475407,0.0,-0.0810839888950814,-11.313417935652552,0.0
11.249999999999805,-0.036296375454907964,2.8281942247888203,2.0,-5.656388449577641,-0.07259275090981593,0.0,0.14518550181963186,-11.312776899155281,0.0
11.259999999999804,-0.09284923006734955,2.826902725683341,2.0,-5.653805451366682,-0.1856984601346991,0.0,0.3713969202693982,-11.307610902733364,0.0
11.269999999999804,-0.1493649462257374,2.8244805031791214,2.0,-5.648961006358243,-0.2987298924514748,0.0,0.5974597849029496,-11.297922012716485,0.0
11.279999999999804,-0.20582091839714106,2.8209285261328687,2.0,-5.641857052265737,-0.4116418367942821,0.0,0.8232836735885642,-11.283714104531475,0.0
11.289999999999804,-0.26219456494542814,2.8162482152880415,2.0,-5.632496430576083,-0.5243891298908563,0.0,1.0487782597817126,-11.264992861152166,0.0
11.299999999999804,-0.318463337163618,2.810441442706575,2.0,-5.62088288541315,-0.636926674327236,0.0,1.273853348654472,-11.2417657708263,0.0
11.309999999999803,-0.3746047282930636,2.8035105310200783,2.0,-5.607021062040157,-0.7492094565861273,0.0,1.4984189131722545,-11.214042124080313,0.0
11.319999999999803,-0.4305962825258552,2.795458252500816,2.0,-5.590916505001632,-0.8611925650517104,0.0,1.7223851301034208,-11.181833010003263,0.0
11.329999999999803,-0.4864156039868435,2.786287827952833,2.0,-5.572575655905666,-0.972831207973687,0.0,1.945662415947374,-11.145151311811333,0.0
11.339999999999803,-0.5420403656916921,2.7760029254236778,2.0,-5.5520058508473555,-1.0840807313833842,0.0,2.1681614627667685,-11.104011701694711,0.0
11.349999999999802,-0.5974483184773726,2.764607658737232,2.0,-5.529215317474464,-1.1948966369547451,0.0,2.3897932739094903,-11.058430634948929,0.0
11.359999999999802,-0.6526172999015335,2.7521065858482356,2.0,-5.504213171696471,-1.305234599803067,0.0,2.610469199606134,-11.008426343392943,0.0
11.369999999999802,-0.7075252431071817,2.7385047070191653,2.0,-5.4770094140383305,-1.4150504862143634,0.0,2.8301009724287267,-10.954018828076661,0.0
11.379999999999802,-0.7621501856491313,2.7238074628201963,2.0,-5.4476149256403925,-1.5243003712982626,0.0,3.048600742596525,-10.895229851280785,0.0
11.389999999999802,-0.8164702782786881,2.7080207319530483,2.0,-5.4160414639060965,-1.6329405565573762,0.0,3.2658811131147525,-10.832082927812193,0.0
11.399999999999801,-0.8704637936830587,2.6911508288995805,2.0,-5.382301657799161,-1.7409275873661174,0.0,3.481855174732235,-10.764603315598322,0.0
11.409999999999801,-0.9241091351759853,2.6732045013960852,2.0,-5.3464090027921705,-1.8482182703519705,0.0,3.696436540703941,-10.692818005584341,0.0
11.419999999999801,-0.9773848453361323,2.6541889277342836,2.0,-5.308377855468567,-1.9547696906722647,0.0,3.9095393813445294,-10.616755710937134,0.0
11.4299999999998,-1.0302696145897692,2.634111713890102,2.0,-5.268223427780204,-2.0605392291795384,0.0,4.121078458359077,-10.536446855560408,0.0
11.4399999999998,-1.082742289734315,2.6129808904813854,2.0,-5.225961780962771,-2.16548457946863,0.0,4.33096915893726,-10.451923561925542,0.0
11.4499999999998,-1.1347818823993387,2.590804909555757,2.0,-5.181609819111514,-2.2695637647986775,0.0,4.539127529597355,-10.363219638223027,0.0
11.4599999999998,-1.186367577441626,2.5675926412099113,2.0,-5.1351852824198225,-2.372735154883252,0.0,4.745470309766504,-10.270370564839645,0.0
11.4699999999998,-1.23747874127096,2.543353370041694,2.0,-5.086706740083388,-2.47495748254192,0.0,4.94991496508384,-10.173413480166776,0.0
11.4799999999998,-1.2880949301032822,2.518096791436386,2.0,-5.036193582872772,-2.5761898602065645,0.0,5.152379720413129,-10.072387165745544,0.0
11.4899999999998,-1.3381958981379334,2.4918330076886797,2.0,-4.983666015377359,-2.6763917962758668,0.0,5.3527835925517335,-9.967332030754719,0.0
11.4999999999998,-1.3877616056557034,2.4645725239618947,2.0,-4.9291450479237895,-2.775523211311407,0.0,5.551046422622814,-9.858290095847579,0.0
11.509999999999799,-1.4367722270344525,2.4363262440860547,2.0,-4.872652488172109,-2.873544454068905,0.0,5.74708890813781,-9.745304976344219,0.0
11.519999999999799,-1.4852081586790953,2.4071054661964966,2.0,-4.814210932392993,-2.9704163173581906,0.0,5.940832634716381,-9.628421864785986,0.0
11.529999999999799,-1.533050026862778,2.3769218782147714,2.0,-4.753843756429543,-3.066100053725556,0.0,6.132200107451112,-9.507687512859086,0.0
11.539999999999798,-1.5802786954761103,2.3457875531736296,2.0,-4.691575106347259,-3.1605573909522207,0.0,6.321114781904441,-9.383150212694519,0.0
11.549999999999798,-1.6268752736813534,2.3137149443879688,2.0,-4.6274298887759375,-3.253750547362707,0.0,6.507501094725414,-9.254859777551875,0.0
11.559999999999798,-1.6728211234685058,2.2807168804736744,2.0,-4.561433760947349,-3.3456422469370115,0.0,6.691284493874023,-9.122867521894698,0.0
11.569999999999798,-1.7180978671102545,2.246806560216343,2.0,-4.493613120432686,-3.436195734220509,0.0,6.872391468441018,-8.987226240865372,0.0
11.579999999999798,-1.7626873945128254,2.211997547291947,2.0,-4.423995094583894,-3.525374789025651,0.0,7.050749578051302,-8.847990189167788,0.0
11.589999999999797,-1.8065718704597764,2.176303764841541,2.0,-4.352607529683082,-3.613143740919553,0.0,7.226287481839106,-8.705215059366164,0.0
11.599999999999797,-1.8497337417458475,2.1397394899021953,2.0,-4.279478979804391,-3.699467483491695,0.0,7.39893496698339,-8.558957959608781,0.0
11.609999999999797,-1.8921557441980077,2.1023193476963686,2.0,-4.204638695392737,-3.7843114883960154,0.0,7.568622976792031,-8.409277390785475,0.0
11.619999999999797,-1.9338209095808958,2.064058305782014,2.0,-4.128116611564028,-3.8676418191617916,0.0,7.735283638323583,-8.256233223128056,0.0
11.629999999999797,-1.9747125723838865,2.0249716680657572,2.0,-4.0499433361315145,-3.949425144767773,0.0,7.898850289535546,-8.099886672263029,0.0
11.639999999999796,-2.0148143764870734,1.9850750686815362,2.0,-3.9701501373630723,-4.029628752974147,0.0,8.059257505948294,-7.940300274726145,0.0
11.649999999999796,-2.0541102817034993,1.9443844657371574,2.0,-3.888768931474315,-4.108220563406999,0.0,8.216441126813997,-7.77753786294863,0.0
11.659999999999796,-2.092584570195016,1.9029161349312644,2.0,-3.805832269862529,-4.185169140390032,0.0,8.370338280780064,-7.611664539725058,0.0
11.669999999999796,-2.1302218527592096,1.8606866630432755,2.0,-3.721373326086551,-4.260443705518419,0.0,8.520887411036838,-7.442746652173102,0.0
11.679999999999795,-2.1670070749848795,1.8177129412988944,2.0,-3.6354258825977888,-4.334014149969759,0.0,8.668028299939518,-7.2708517651955775,0.0
11.689999999999795,-2.2029255232735974,1.774012158613843,2.0,-3.548024317227686,-4.405851046547195,0.0,8.81170209309439,-7.096048634455372,0.0
11.699999999999795,-2.237962830724955,1.729601794718526,2.0,-3.459203589437052,-4.47592566144991,0.0,8.95185132289982,-6.918407178874104,0.0
11.709999999999795,-2.2721049828831292,1.6844996131663716,2.0,-3.3689992263327433,-4.5442099657662585,0.0,9.088419931532517,-6.737998452665487,0.0
11.719999999999795,-2.3053383233424793,1.638723654228646,2.0,-3.277447308457292,-4.610676646684959,0.0,9.221353293369917,-6.554894616914584,0.0
11.729999999999794,-2.3376495592099267,1.5922922276785867,2.0,-3.1845844553571734,-4.675299118419853,0.0,9.350598236839707,-6.369168910714347,0.0
11.739999999999794,-2.3690257664219354,1.5452239054677355,2.0,-3.090447810935471,-4.738051532843871,0.0,9.476103065687742,-6.180895621870942,0.0
11.749999999999794,-2.3994543949139646,1.4975375142974081,2.0,-2.9950750285948162,-4.798908789827929,0.0,9.597817579655858,-5.9901500571896324,0.0
11.759999999999794,-2.4289232736403275,1.4492521280882624,2.0,-2.898504256176525,-4.857846547280655,0.0,9.71569309456131,-5.79700851235305,0.0
11.769999999999794,-2.4574206154424454,1.4003870603509856,2.0,-2.800774120701971,-4.914841230884891,0.0,9.829682461769782,-5.601548241403942,0.0
11.779999999999793,-2.4849350217635577,1.3509618564611467,2.0,-2.7019237129222935,-4.9698700435271155,0.0,9.939740087054231,-5.403847425844587,0.0
11.789999999999793,-2.5114554872079897,1.3009962858413082,2.0,-2.6019925716826164,-5.0229109744159794,0.0,10.045821948831959,-5.203985143365233,0.0
11.799999999999793,-2.536971403943166,1.2505103340535189,2.0,-2.5010206681070377,-5.073942807886332,0.0,10.147885615772664,-5.002041336214075,0.0
11.809999999999793,-2.5614725659425988,1.199524194805357,2.0,-2.399048389610714,-5.1229451318851975,0.0,10.245890263770395,-4.798096779221428,0.0
11.819999999999792,-2.584949173068167,1.1480582618727158,2.0,-2.2961165237454315,-5.169898346136334,0.0,10.339796692272667,-4.592233047490863,0.0
11.829999999999792,-2.6073918349900373,1.0961331209425647,2.0,-2.1922662418851293,-5.214783669980075,0.0,10.42956733996015,-4.384532483770259,0.0
11.839999999999792,-2.6287915749426727,1.04376954137895,2.0,-2.0875390827579,-5.257583149885345,0.0,10.51516629977069,-4.1750781655158,0.0
11.849999999999792,-2.649139833315418,0.9909884679155256,2.0,-1.9819769358310513,-5.298279666630836,0.0,10.596559333261672,-3.9639538716621026,0.0
11.859999999999792,-2.6684284710762305,0.9378110122779384,2.0,-1.8756220245558768,-5.336856942152461,0.0,10.673713884304922,-3.7512440491117536,0.0
11.869999999999791,-2.6866497730271846,0.8842584447394202,2.0,-1.7685168894788403,-5.373299546054369,0.0,10.746599092108738,-3.5370337789576807,0.0
11.879999999999791,-2.7037964508904473,0.8303521856129614,2.0,-1.6607043712259228,-5.407592901780895,0.0,10.81518580356179,-3.3214087424518457,0.0
11.889999999999791,-2.7198616462234924,0.7761137966834724,2.0,-1.5522275933669447,-5.439723292446985,0.0,10.87944658489397,-3.1044551867338894,0.0
11.89999999999979,-2.734838933162387,0.7215649725833561,2.0,-1.4431299451667121,-5.469677866324774,0.0,10.939355732649547,-2.8862598903334242,0.0
11.90999999999979,-2.748722320992049,0.6667275321149444,2.0,-1.3334550642298888,-5.497444641984098,0.0,10.994889283968195,-2.6669101284597776,0.0
11.91999999999979,-2.761506256542457,0.6116234095232687,2.0,-1.2232468190465373,-5.523012513084914,0.0,11.046025026169827,-2.4464936380930746,0.0
11.92999999999979,-2.7731856264098402,0.5562746457226536,2.0,-1.1125492914453072,-5.5463712528196805,0.0,11.092742505639361,-2.2250985828906145,0.0
11.93999999999979,-2.783755759001975,0.5007033794806459,2.0,-1.0014067589612918,-5.56751151800395,0.0,11.1350230360079,-2.0028135179225837,0.0
11.94999999999979,-2.7932124264067575,0.4449318385628021,2.0,-0.8898636771256042,-5.586424852813515,0.0,11.17284970562703,-1.7797273542512084,0.0
11.95999999999979,-2.801551846083313,0.38898233084187855,2.0,-0.7779646616837571,-5.603103692166626,0.0,11.206207384333252,-1.5559293233675142,0.0
11.96999999999979,-2.8087706823749623,0.3328772353749802,2.0,-0.6657544707499604,-5.617541364749925,0.0,11.23508272949985,-1.3315089414999208,0.0
11.979999999999789,-2.814866047843438,0.2766389934522358,2.0,-0.5532779869044716,-5.629732095686876,0.0,11.259464191373752,-1.1065559738089432,0.0
11.989999999999789,-2.819835504423823,0.22029009962058124,2.0,-0.4405801992411625,-5.639671008847646,0.0,11.279342017695292,-0.881160398482325,0.0
11.999999999999789,-2.823677064399744,0.16385309268624063,2.0,-0.32770618537248125,-5.647354128799488,0.0,11.294708257598977,-0.6554123707449625,0.0
12.009999999999788,-2.8263891911984307,0.10735054669950428,2.0,-0.21470109339900856,-5.652778382396861,0.0,11.305556764793723,-0.4294021867980171,0.0
12.019999999999788,-2.8279708000053247,0.050805061925409685,2.0,-0.10161012385081937,-5.6559416000106495,0.0,11.311883200021299,-0.20322024770163874,0.0
12.029999999999788,-2.8284212581979915,-0.005760744196063285,2.0,0.01152148839212657,-5.656842516395983,0.0,11.313685032791966,0.02304297678425314,0.0
12.039999999999788,-2.827740385599159,-0.06232424609666673,2.0,0.12464849219333346,-5.655480771198318,0.0,11.310961542396637,0.24929698438666692,0.0
12.049999999999788,-2.8259284545487904,-0.11886281912981038,2.0,0.23772563825962076,-5.651856909097581,0.0,11.303713818195162,0.4754512765192415,0.0
12.059999999999787,-2.8229861897951456,-0.17535384862011855,2.0,0.3507076972402371,-5.645972379590291,0.0,11.291944759180582,0.7014153944804742,0.0
12.069999999999787,-2.8189147682048965,-0.23177473890899886,2.0,0.4635494778179977,-5.637829536409793,0.0,11.275659072819586,0.9270989556359954,0.0
12.079999999999787,-2.813715818292395,-0.28810292239260415,2.0,0.5762058447852083,-5.62743163658479,0.0,11.25486327316958,1.1524116895704166,0.0
12.089999999999787,-2.807391419568287,-0.34431586854857354,2.0,0.6886317370971471,-5.614782839136574,0.0,11.229565678273149,1.3772634741942942,0.0
12.099999999999786,-2.799944101707738,-0.4003910929479405,2.0,0.800782185895881,-5.599888203415476,0.0,11.199776406830953,1.601564371791762,0.0
12.109999999999786,-2.791376843538597,-0.45630616624860504,2.0,0.9126123324972101,-5.582753687077194,0.0,11.165507374154387,1.8252246649944202,0.0
12.119999999999786,-2.7816930718499018,-0.5120387231667712,2.0,1.0240774463335425,-5.5633861436998036,0.0,11.126772287399607,2.048154892667085,0.0
12.129999999999786,-2.7708966600212133,-0.5675664714227627,2.0,1.1351329428455255,-5.5417933200424265,0.0,11.083586640084853,2.270265885691051,0.0
12.139999999999786,-2.7589919264733123,-0.6228672006576371,2.0,1.2457344013152742,-5.5179838529466245,0.0,11.035967705893249,2.4914688026305485,0.0
12.149999999999785,-2.7459836329408907,-0.6779187913170338,2.0,1.3558375826340676,-5.491967265881781,0.0,10.983934531763563,2.7116751652681352,0.0
12.159999999999785,-2.73187698256792,-0.7326992234987003,2.0,1.4653984469974006,-5.46375396513584,0.0,10.92750793027168,2.9307968939948013,0.0
12.169999999999785,-2.7166776178264627,-0.7871865857601601,2.0,1.5743731715203202,-5.433355235652925,0.0,10.86671047130585,3.1487463430406404,0.0
12.179999999999785,-2.70039161825976,-0.8413590838829971,2.0,1.6827181677659941,-5.40078323651952,0.0,10.80156647303904,3.3654363355319883,0.0
12.189999999999785,-2.683025498050495,-0.8951950495902523,2.0,1.7903900991805046,-5.36605099610099,0.0,10.73210199220198,3.5807801983610092,0.0
12.199999999999784,-2.6645862034152064,-0.9486729492134465,2.0,1.897345898426893,-5.329172406830413,0.0,10.658344813660825,3.794691796853786,0.0
12.209999999999784,-2.6450811098258935,-1.0017713923057592,2.0,2.0035427846115184,-5.290162219651787,0.0,10.580324439303574,4.007085569223037,0.0
12.219999999999784,-2.624518019059929,-1.0544691401979234,2.0,2.1089382803958467,-5.249036038119858,0.0,10.498072076239715,4.2178765607916935,0.0
12.229999999999784,-2.602905156079447,-1.1067451144934095,2.0,2.213490228986819,-5.205810312158894,0.0,10.411620624317788,4.426980457973638,0.0
12.239999999999783,-2.580251165741473,-1.1585784054995032,2.0,2.3171568109990064,-5.160502331482946,0.0,10.321004662965892,4.634313621998013,0.0
12.249999999999783,-2.556565109340092,-1.209948280590903,2.0,2.419896561181806,-5.113130218680184,0.0,10.226260437360368,4.839793122363612,0.0
12.259999999999783,-2.531856460982056,-1.2608341925024953,2.0,2.5216683850049906,-5.063712921964112,0.0,10.127425843928224,5.043336770009981,0.0
12.269999999999783,-2.5061351037972632,-1.3112157875479848,2.0,2.6224315750959697,-5.0122702075945265,0.0,10.024540415189053,5.244863150191939,0.0
12.279999999999783,-2.4794113259856405,-1.3610729137610993,2.0,2.7221458275221986,-4.958822651971281,0.0,9.917645303942562,5.444291655044397,0.0
12.289999999999782,-2.4516958167020007,-1.4103856289561065,2.0,2.820771257912213,-4.903391633404001,0.0,9.806783266808003,5.641542515824426,0.0
12.299999999999782,-2.4229996617805214,-1.459134208704422,2.0,2.918268417408844,-4.845999323561043,0.0,9.691998647122086,5.836536834817688,0.0
12.309999999999782,-2.3933343393005617,-1.5072991542241192,2.0,3.0145983084482384,-4.786668678601123,0.0,9.573337357202247,6.029196616896477,0.0
12.319999999999782,-2.3627117149955805,-1.554861200179181,2.0,3.109722400358362,-4.725423429991161,0.0,9.450846859982322,6.219444800716724,0.0
12.329999999999782,-2.3311440375070043,-1.601801322385377,2.0,3.203602644770754,-4.6622880750140085,0.0,9.324576150028017,6.407205289541508,0.0
12.339999999999781,-2.2986439334849313,-1.6481007454196857,2.0,3.2962014908393713,-4.597287866969863,0.0,9.194575733939725,6.592402981678743,0.0
12.349999999999781,-2.265224402537642,-1.6937409501302096,2.0,3.3874819002604193,-4.530448805075284,0.0,9.060897610150567,6.774963800520839,0.0
12.359999999999781,-2.2308988120319264,-1.7387036810435936,2.0,3.4774073620871873,-4.461797624063853,0.0,8.923595248127706,6.9548147241743745,0.0
12.36999999999978,-2.195680891746319,-1.7829709536669662,2.0,3.5659419073339325,-4.391361783492638,0.0,8.782723566985275,7.131883814667865,0.0
12.37999999999978,-2.1595847283793677,-1.8265250616815014,2.0,3.653050123363003,-4.319169456758735,0.0,8.63833891351747,7.306100246726006,0.0
12.38999999999978,-2.122624759915144,-1.869348584024707,2.0,3.738697168049414,-4.245249519830288,0.0,8.490499039660577,7.477394336098828,0.0
12.39999999999978,-2.084815769848241,-1.911424391858618,2.0,3.822848783717236,-4.169631539696482,0.0,8.339263079392964,7.645697567434472,0.0
12.40999999999978,-2.046172881270571,-1.9527356554211042,2.0,3.9054713108422083,-4.092345762541142,0.0,8.184691525082284,7.810942621684417,0.0
12.41999999999978,-2.0067115508223345,-1.9932658507575503,2.0,3.9865317015151005,-4.013423101644669,0.0,8.026846203289338,7.973063403030201,0.0
12.42999999999978,-1.9664475625095665,-2.032998766330217,2.0,4.065997532660434,-3.932895125019133,0.0,7.865790250038266,8.131995065320869,0.0
12.43999999999978,-1.9253970213907456,-2.071918509502641,2.0,4.143837019005282,-3.8507940427814913,0.0,7.701588085562983,8.287674038010564,0.0
12.449999999999779,-1.883576347134987,-2.1100095128964753,2.0,4.220019025792951,-3.767152694269974,0.0,7.534305388539948,8.440038051585901,0.0
12.459999999999779,-1.84100226745439,-2.1472565406182365,2.0,4.294513081236473,-3.68200453490878,0.0,7.36400906981756,8.589026162472946,0.0
12.469999999999779,-1.7976918114131815,-2.1836446943534553,2.0,4.367289388706911,-3.595383622826363,0.0,7.190767245652726,8.734578777413821,0.0
12.479999999999778,-1.7536623026163123,-2.2191594193258077,2.0,4.4383188386516155,-3.5073246052326246,0.0,7.014649210465249,8.876637677303231,0.0
12.489999999999778,-1.7089313522802485,-2.2537865101188275,2.0,4.507573020237655,-3.417862704560497,0.0,6.835725409120994,9.01514604047531,0.0
12.499999999999778,-1.6635168521887205,-2.287512116357885,2.0,4.57502423271577,-3.327033704377441,0.0,6.654067408754882,9.15004846543154,0.0
12.509999999999778,-1.6174369675362459,-2.320322748250155,2.0,4.64064549650031,-3.2348739350724918,0.0,6.4697478701449835,9.28129099300062,0.0
12.519999999999778,-1.5707101296622956,-2.3522052819803494,2.0,4.704410563960699,-3.1414202593245912,0.0,6.2828405186491825,9.408821127921398,0.0
12.529999999999777,-1.5233550286790027,-2.3831469649600705,2.0,4.766293929920141,-3.0467100573580055,0.0,6.093420114716011,9.532587859840282,0.0
12.539999999999777,-1.475390605995368,-2.413135420928677,2.0,4.826270841857354,-2.950781211990736,0.0,5.901562423981472,9.652541683714707,0.0
12.549999999999777,-1.4268360467409473,-2.4421586549036216,2.0,4.884317309807243,-2.8536720934818947,0.0,5.707344186963789,9.768634619614486,0.0
12.559999999999777,-1.3777107720920576,-2.470205057978286,2.0,4.940410115956572,-2.7554215441841152,0.0,5.5108430883682304,9.880820231913145,0.0
12.569999999999776,-1.3280344315035633,-2.4972634119653874,2.0,4.994526823930775,-2.6560688630071265,0.0,5.312137726014253,9.98905364786155,0.0
12.579999999999776,-1.2778268948493567,-2.523322893884105,2.0,5.04664578776821,-2.5556537896987135,0.0,5.111307579397427,10.09329157553642,0.0
12.589999999999776,-1.2271082444746755,-2.5483730802891245,2.0,5.096746160578249,-2.454216488949351,0.0,4.908432977898702,10.193492321156498,0.0
12.599999999999776,-1.1758987671634296,-2.5724039514398838,2.0,5.1448079028797675,-2.351797534326859,0.0,4.703595068653718,10.289615805759535,0.0
12.609999999999776,-1.1242189460237593,-2.595405895308329,2.0,5.190811790616658,-2.2484378920475185,0.0,4.496875784095037,10.381623581233317,0.0
12.619999999999775,-1.0720894522950657,-2.6173697114236014,2.0,5.234739422847203,-2.1441789045901314,0.0,4.288357809180263,10.469478845694406,0.0
12.629999999999775,-1.0195311370797895,-2.6382866145521024,2.0,5.276573229104205,-2.039062274159579,0.0,4.078124548319158,10.55314645820841,0.0
12.639999999999775,-0.9665650230032488,-2.658148238211468,2.0,5.316296476422936,-1.9331300460064975,0.0,3.866260092012995,10.632592952845872,0.0
12.649999999999775,-0.9132122958048685,-2.676946638017053,2.0,5.353893276034106,-1.826424591609737,0.0,3.652849183219474,10.707786552068212,0.0
12.659999999999775,-0.8594942958641678,-2.694674294859577,2.0,5.389348589719154,-1.7189885917283356,0.0,3.4379771834566712,10.778697179438309,0.0
12.669999999999774,-0.8054325096648927,-2.7113241179126693,2.0,5.4226482358253385,-1.6108650193297853,0.0,3.2217300386595706,10.845296471650677,0.0
12.679999999999774,-0.7510485612007086,-2.7268894474691026,2.0,5.453778894938205,-1.5020971224014172,0.0,3.0041942448028345,10.90755778987641,0.0
12.689999999999774,-0.6963642033258914,-2.741364057604589,2.0,5.482728115209178,-1.3927284066517829,0.0,2.7854568133035658,10.965456230418356,0.0
12.699999999999774,-0.6414013090544763,-2.754742158668068,2.0,5.509484317336136,-1.2828026181089527,0.0,2.5656052362179054,11.018968634672271,0.0
12.709999999999773,-0.5861818628113427,-2.7670183995974846,2.0,5.534036799194969,-1.1723637256226853,0.0,2.3447274512453706,11.068073598389939,0.0
12.719999999999773,-0.5307279516387385,-2.7781878700601497,2.0,5.556375740120299,-1.061455903277477,0.0,2.122911806554954,11.112751480240599,0.0
12.729999999999773,-0.47506175636175735,-2.7882461024168013,2.0,5.5764922048336025,-0.9501235127235147,0.0,1.9002470254470294,11.152984409667205,0.0
12.739999999999773,-0.41920554271630367,-2.7971890735086054,2.0,5.594378147017211,-0.8384110854326073,0.0,1.6768221708652147,11.188756294034421,0.0
12.749999999999773,-0.3631816524430962,-2.8050132062663633,2.0,5.610026412532727,-0.7263633048861924,0.0,1.4527266097723848,11.220052825065453,0.0
12.759999999999772,-0.307012494351269,-2.811715371141292,2.0,5.623430742282584,-0.614024988702538,0.0,1.228049977405076,11.246861484565168,0.0
12.769999999999772,-0.25072053535514655,-2.817292887356803,2.0,5.634585774713606,-0.5014410707102931,0.0,1.0028821414205862,11.269171549427211,0.0
12.779999999999772,-0.194328291487778,-2.821743523980775,2.0,5.64348704796155,-0.388656582975556,0.0,0.777313165951112,11.2869740959231,0.0
12.789999999999772,-0.1378583188948237,-2.8250655008179004,2.0,5.650131001635801,-0.2757166377896474,0.0,0.5514332755792948,11.300262003271602,0.0
12.799999999999772,-0.08133320481239786,-2.8272574891217364,2.0,5.654514978243473,-0.16266640962479573,0.0,0.32533281924959145,11.309029956486945,0.0
12.809999999999771,-0.024775558532475345,-2.828318612126188,2.0,5.656637224252376,-0.04955111706495069,0.0,0.09910223412990138,11.313274448504751,0.0
12.819999999999771,0.03179199764052379,-2.8282484453962007,2.0,5.656496890792401,0.06358399528104758,0.0,-0.12716799056209516,11.312993781584803,0.0
12.829999999999771,0.08834683743835436,-2.8270470169975317,2.0,5.654094033995063,0.17669367487670873,0.0,-0.35338734975341746,11.308188067990127,0.0
12.83999999999977,0.14486633967915172,-2.8247148074855213,2.0,5.649429614971043,0.28973267935830344,0.0,-0.5794653587166069,11.298859229942085,0.0
12.84999999999977,0.20132789731560286,-2.8212527497128788,2.0,5.6425054994257575,0.4026557946312057,0.0,-0.8053115892624114,11.285010998851515,0.0
12.85999999999977,0.25770892647746396,-2.816662228456553,2.0,5.633324456913106,0.5154178529549279,0.0,-1.0308357059098558,11.266648913826211,0.0
12.86999999999977,0.31398687550480725,-2.81094507986384,2.0,5.62189015972768,0.6279737510096145,0.0,-1.255947502019229,11.24378031945536,0.0
12.87999999999977,0.3701392339683845,-2.8041035907179497,2.0,5.608207181435899,0.740278467936769,0.0,-1.480556935873538,11.216414362871799,0.0
12.88999999999977,0.4261435416734984,-2.7961404975233215,2.0,5.592280995046643,0.8522870833469968,0.0,-1.7045741666939935,11.184561990093286,0.0
12.89999999999977,0.481977397643781,-2.7870589854110603,2.0,5.574117970822121,0.963954795287562,0.0,-1.927909590575124,11.148235941644241,0.0
12.90999999999977,0.5376184690812857,-2.7768626868649258,2.0,5.5537253737298515,1.0752369381625715,0.0,-2.150473876325143,11.107450747459703,0.0
12.919999999999769,0.5930445002993087,-2.765555680268388,2.0,5.531111360536776,1.1860890005986173,0.0,-2.3721780011972347,11.062222721073551,0.0
12.929999999999769,0.6482333216243664,-2.753142488273326,2.0,5.506284976546652,1.2964666432487328,0.0,-2.5929332864974657,11.012569953093305,0.0
12.939999999999769,0.7031628582637701,-2.7396280759910323,2.0,5.479256151982065,1.4063257165275402,0.0,-2.8126514330550805,10.95851230396413,0.0
12.949999999999768,0.7578111391352482,-2.72501784900623,2.0,5.45003569801246,1.5156222782704964,0.0,-3.031244556540993,10.90007139602492,0.0
12.959999999999768,0.8121563056550859,-2.7093176512149113,2.0,5.418635302429823,1.6243126113101718,0.0,-3.2486252226203436,10.837270604859645,0.0
12.969999999999768,0.866176620481268,-2.692533762486861,2.0,5.385067524973722,1.732353240962536,0.0,-3.464706481925072,10.770135049947443,0.0
12.979999999999768,0.9198504762081251,-2.674672896153787,2.0,5.349345792307574,1.8397009524162502,0.0,-3.6794019048325004,10.698691584615148,0.0
12.989999999999768,0.9731564040090086,-2.6557421963240815,2.0,5.311484392648163,1.9463128080180172,0.0,-3.8926256160360344,10.622968785296326,0.0
12.999999999999767,1.026073082223534,-2.6357492350252705,2.0,5.271498470050541,2.052146164447068,0.0,-4.104292328894136,10.542996940101082,0.0
13.009999999999767,1.0785793448859624,-2.6147020091753035,2.0,5.229404018350607,2.157158689771925,0.0,-4.31431737954385,10.458808036701214,0.0
13.019999999999767,1.1306541901913023,-2.5926089373838956,2.0,5.185217874767791,2.2613083803826046,0.0,-4.522616760765209,10.370435749535583,0.0
13.029999999999767,1.1822767888957542,-2.5694788565851923,2.0,5.1389577131703845,2.3645535777915083,0.0,-4.729107155583017,10.277915426340769,0.0
13.039999999999766,1.233426492648128,-2.545321018503116,2.0,5.090642037006232,2.466852985296256,0.0,-4.933705970592512,10.181284074012463,0.0
13.049999999999766,1.2840828422489097,-2.5201450859507997,2.0,5.040290171901599,2.5681656844978193,0.0,-5.136331368995639,10.080580343803199,0.0
13.059999999999766,1.3342255758336683,-2.4939611289655894,2.0,4.987922257931179,2.6684511516673366,0.0,-5.336902303334673,9.975844515862358,0.0
13.069999999999766,1.3838346369775305,-2.466779620781165,2.0,4.93355924156233,2.767669273955061,0.0,-5.535338547910122,9.86711848312466,0.0
13.079999999999766,1.4328901827174845,-2.438611433638384,2.0,4.877222867276768,2.865780365434969,0.0,-5.731560730869938,9.754445734553537,0.0
13.089999999999765,1.4813725914892988,-2.409467834436534,2.0,4.818935668873068,2.9627451829785976,0.0,-5.925490365957195,9.637871337746136,0.0
13.099999999999765,1.5292624709758889,-2.379360480226718,2.0,4.758720960453436,3.0585249419517777,0.0,-6.117049883903555,9.517441920906872,0.0
13.109999999999765,1.5765406658639831,-2.3483014135491955,2.0,4.696602827098391,3.1530813317279662,0.0,-6.3061626634559325,9.393205654196782,0.0
13.119999999999765,1.6231882655059933,-2.3163030576165213,2.0,4.632606115233043,3.2463765310119865,0.0,-6.492753062023973,9.265212230466085,0.0
13.129999999999765,1.6691866114840233,-2.2833782113444294,2.0,4.566756422688859,3.3383732229680465,0.0,-6.676746445936093,9.133512845377718,0.0
13.139999999999764,1.7145173050729843,-2.2495400442324365,2.0,4.499080088464873,3.4290346101459686,0.0,-6.858069220291937,8.998160176929746,0.0
13.149999999999764,1.7591622145998418,-2.2148020910962183,2.0,4.429604182192437,3.5183244291996836,0.0,-7.036648858399367,8.859208364384873,0.0
13.159999999999764,1.803103482696043,-2.1791782466538625,2.0,4.358356493307725,3.606206965392086,0.0,-7.212413930784172,8.71671298661545,0.0
13.169999999999764,1.8463235334402253,-2.1426827599681673,2.0,4.2853655199363345,3.6926470668804505,0.0,-7.385294133760901,8.570731039872669,0.0
13.179999999999763,1.88880507938835,-2.1053302287472078,2.0,4.2106604574944155,3.7776101587767,0.0,-7.5552203175534,8.421320914988831,0.0
13.189999999999763,1.9305311284884514,-2.0671355935054447,2.0,4.1342711870108895,3.861062256976903,0.0,-7.722124513953806,8.268542374021779,0.0
13.199999999999763,1.9714849908772296,-2.02811413158772,2.0,4.05622826317544,3.9429699817544592,0.0,-7.8859399635089185,8.11245652635088,0.0
13.209999999999763,2.0116502855557727,-1.9882814510585212,2.0,3.9765629021170423,4.0233005711115455,0.0,-8.046601142223091,7.953125804234085,0.0
13.219999999999763,2.05101094694174,-1.9476534844589652,2.0,3.8953069689179305,4.10202189388348,0.0,-8.20404378776696,7.790613937835861,0.0
13.229999999999762,2.0895512312953786,-1.9062464824339924,2.0,3.812492964867985,4.179102462590757,0.0,-8.358204925181514,7.62498592973597,0.0
13.239999999999762,2.1272557230168103,-1.864077007232327,2.0,3.728154014464654,4.254511446033621,0.0,-8.509022892067241,7.456308028929308,0.0
13.249999999999762,2.164109340812067,-1.8211619260817973,2.0,3.6423238521635946,4.328218681624134,0.0,-8.656437363248267,7.284647704327189,0.0
13.259999999999762,2.2000973437254054,-1.7775184044426702,2.0,3.5550368088853403,4.400194687450811,0.0,-8.800389374901622,7.110073617770681,0.0
13.269999999999762,2.235205337035494,-1.7331638991416956,2.0,3.466327798283391,4.470410674070988,0.0,-8.940821348141975,6.932655596566782,0.0
13.279999999999761,2.2694192780131086,-1.688116151389608,2.0,3.376232302779216,4.538838556026217,0.0,-9.077677112052434,6.752464605558432,0.0
13.289999999999761,2.3027254815380385,-1.64239317968488,2.0,3.28478635936976,4.605450963076077,0.0,-9.210901926152154,6.56957271873952,0.0
13.299999999999761,2.33511062557295,-1.5960132726065615,2.0,3.192026545213123,4.6702212511459,0.0,-9.3404425022918,6.384053090426246,0.0
13.30999999999976,2.366561756492026,-1.548994981499094,2.0,3.097989962998188,4.733123512984052,0.0,-9.466247025968103,6.195979925996376,0.0
13.31999999999976,2.397066294262241,-1.501357113052018,2.0,3.002714226104036,4.794132588524482,0.0,-9.588265177048964,6.005428452208072,0.0
13.32999999999976,2.4266120374752087,-1.453118721777549,2.0,2.906237443555098,4.853224074950417,0.0,-9.706448149900835,5.812474887110196,0.0
13.33999999999976,2.4551871682275825,-1.4042991023890268,2.0,2.8085982047780536,4.910374336455165,0.0,-9.82074867291033,5.617196409556107,0.0
13.34999999999976,2.4827802568480575,-1.3549177820832876,2.0,2.7098355641665752,4.965560513696115,0.0,-9.93112102739223,5.4196711283331505,0.0
13.35999999999976,2.5093802664690887,-1.3049945127300444,2.0,2.609989025460089,5.0187605329381775,0.0,-10.037521065876355,5.219978050920178,0.0
13.36999999999976,2.53497655744149,-1.2545492629714043,2.0,2.5090985259428087,5.06995311488298,0.0,-10.13990622976596,5.018197051885617,0.0
13.37999999999976,2.559558891590151,-1.2036022102346762,2.0,2.4072044204693523,5.119117783180302,0.0,-10.238235566360604,4.814408840938705,0.0
13.389999999999759,2.5831174363091733,-1.1521737326616694,2.0,2.304347465323339,5.166234872618347,0.0,-10.332469745236693,4.608694930646678,0.0
13.399999999999759,2.6056427684947785,-1.10028440095771,2.0,2.20056880191542,5.211285536989557,0.0,-10.422571073979114,4.40113760383084,0.0
13.409999999999759,2.627125878314426,-1.0479549701636304,2.0,2.0959099403272607,5.254251756628852,0.0,-10.508503513257704,4.1918198806545215,0.0
13.419999999999758,2.6475581728106263,-0.995206371354032,2.0,1.990412742708064,5.295116345621253,0.0,-10.590232691242505,3.980825485416128,0.0
13.429999999999758,2.666931479338007,-0.9420597032651333,2.0,1.8841194065302667,5.333862958676014,0.0,-10.667725917352028,3.7682388130605333,0.0
13.439999999999758,2.6852380488322645,-0.8885362238555571,2.0,1.7770724477111142,5.370476097664529,0.0,-10.740952195329058,3.5541448954222283,0.0
13.449999999999758,2.7024705589096865,-0.8346573418034305,2.0,1.669314683606861,5.404941117819373,0.0,-10.809882235638746,3.338629367213722,0.0
13.459999999999757,2.7186221167960043,-0.7804446079431987,2.0,1.5608892158863974,5.437244233592009,0.0,-10.874488467184017,3.121778431772795,0.0
13.469999999999757,2.733686262083416,-0.725919706645579,2.0,1.451839413291158,5.467372524166832,0.0,-10.934745048333664,2.903678826582316,0.0
13.479999999999757,2.747656969314658,-0.6711044471441014,2.0,1.342208894288203,5.495313938629316,0.0,-10.990627877258632,2.684417788576406,0.0
13.489999999999757,2.760528650393112,-0.6160207548117062,2.0,1.2320415096234123,5.521057300786224,0.0,-11.042114601572449,2.4640830192468246,0.0
13.499999999999757,2.772296156817967,-0.5606906623908869,2.0,1.1213813247817739,5.544592313635934,0.0,-11.089184627271868,2.2427626495635478,0.0
13.509999999999756,2.7829547817435505,-0.505136301180887,2.0,1.010272602361774,5.565909563487101,0.0,-11.131819126974202,2.020545204723548,0.0
13.519999999999756,2.792500261862006,-0.44937989218547575,2.0,0.8987597843709515,5.585000523724012,0.0,-11.170001047448023,1.797519568741903,0.0
13.529999999999756,2.8009287791085566,-0.39344373722484227,2.0,0.7868874744496845,5.601857558217113,0.0,-11.203715116434227,1.573774948899369,0.0
13.539999999999756,2.8082369621886833,-0.33735021001516535,2.0,0.6747004200303307,5.616473924377367,0.0,-11.232947848754733,1.3494008400606614,0.0
13.549999999999756,2.8144218879265948,-0.28112174721942523,2.0,0.5622434944388505,5.6288437758531895,0.0,-11.257687551706379,1.124486988877701,0.0
13.559999999999755,2.8194810824344607,-0.22478083947303737,2.0,0.44956167894607474,5.638962164868921,0.0,-11.277924329737843,0.8991233578921495,0.0
13.569999999999755,2.8234125221019326,-0.16835002238789817,2.0,0.33670004477579635,5.646825044203865,0.0,-11.29365008840773,0.6734000895515927,0.0
13.579999999999755,2.826214634405562,-0.11185186753844084,2.0,0.22370373507688168,5.652429268811124,0.0,-11.304858537622248,0.44740747015376336,0.0
13.589999999999755,2.8278862985377886,-0.0553089734333065,2.0,0.110617946866613,5.655772597075577,0.0,-11.311545194151154,0.221235893733226,0.0
13.599999999999755,2.833134518919477,0.003932476772941011,2.006666666666667,0.0,0.0,0.0,0.0,0.0,0.0
13.609999999999754,2.8371319433319946,0.06336931006846067,2.0133333333333336,0.0,0.0,0.0,0.0,0.0,0.0
13.619999999999754,2.839872738301341,0.12297491716948913,2.0200000000000005,0.0,0.0,0.0,0.0,0.0,0.0
13.629999999999754,2.8413516401423116,0.1827225320732654,2.0266666666666673,0.0,0.0,0.0,0.0,0.0,0.0
13.639999999999754,2.8415639589093167,0.24258524431825695,2.033333333333334,0.0,0.0,0.0,0.0,0.0,0.0
13.649999999999753,2.8405055820826295,0.3025360113398495,2.040000000000001,0.0,0.0,0.0,0.0,0.0,0.0
13.659999999999753,2.838172977987813,0.3625476709157827,2.0466666666666677,0.0,0.0,0.0,0.0,0.0,0.0
13.669999999999753,2.834563198946215,0.4225929536955641,2.0533333333333346,0.0,0.0,0.0,0.0,0.0,0.0
13.679999999999753,2.8296738841545337,0.48264449580804325,2.0600000000000014,0.0,0.0,0.0,0.0,0.0,0.0
13.689999999999753,2.8235032622916023,0.5426748515412833,2.066666666666668,0.0,0.0,0.0,0.0,0.0,0.0
13.699999999999752,2.8160501538506297,0.6026565060888219,2.073333333333335,0.0,0.0,0.0,0.0,0.0,0.0
13.709999999999752,2.8073139731953103,0.662561888356376,2.080000000000002,0.0,0.0,0.0,0.0,0.0,0.0
13.719999999999752,2.7972947303383062,0.7223633838230029,2.0866666666666687,0.0,0.0,0.0,0.0,0.0,0.0
13.729999999999752,2.7859930324407483,0.7820333474506977,2.0933333333333355,0.0,0.0,0.0,0.0,0.0,0.0
13.739999999999752,2.7734100850315504,0.8415441166363763,2.1000000000000023,0.0,0.0,0.0,0.0,0.0,0.0
13.749999999999751,2.759547692945419,0.9008680242001573,2.106666666666669,0.0,0.0,0.0,0.0,0.0,0.0
13.759999999999751,2.7444082609786262,0.9599774114038389,2.113333333333336,0.0,0.0,0.0,0.0,0.0,0.0
13.76999999999975,2.7279947942617064,1.0188446409934342,2.1200000000000028,0.0,0.0,0.0,0.0,0.0,0.0
13.77999999999975,2.7103108983483772,1.0774421102596143,2.1266666666666696,0.0,0.0,0.0,0.0,0.0,0.0
13.78999999999975,2.6913607790201413,1.135742264109883,2.1333333333333364,0.0,0.0,0.0,0.0,0.0,0.0
13.79999999999975,2.671149241806133,1.193717608146304,2.1400000000000032,0.0,0.0,0.0,0.0,0.0,0.0
13.80999999999975,2.64968169121792,1.2513407217425736,2.14666666666667,0.0,0.0,0.0,0.0,0.0,0.0
13.81999999999975,2.626964129699104,1.3085842711142357,2.153333333333337,0.0,0.0,0.0,0.0,0.0,0.0
13.82999999999975,2.6030031562897062,1.3654210223758245,2.1600000000000037,0.0,0.0,0.0,0.0,0.0,0.0
13.83999999999975,2.5778059650054366,1.4218238545787136,2.1666666666666705,0.0,0.0,0.0,0.0,0.0,0.0
13.84999999999975,2.5513803429321142,1.4777657727234565,2.1733333333333373,0.0,0.0,0.0,0.0,0.0,0.0
13.859999999999749,2.52373466803561,1.5332199207404025,2.180000000000004,0.0,0.0,0.0,0.0,0.0,0.0
13.869999999999749,2.494877906687837,1.5881595944323732,2.186666666666671,0.0,0.0,0.0,0.0,0.0,0.0
13.879999999999749,2.4648196109094473,1.6425582543732056,2.193333333333338,0.0,0.0,0.0,0.0,0.0,0.0
13.889999999999748,2.4335699153300188,1.6963895387559618,2.2000000000000046,0.0,0.0,0.0,0.0,0.0,0.0
13.899999999999748,2.4011395338666643,1.7496272761846345,2.2066666666666714,0.0,0.0,0.0,0.0,0.0,0.0
13.909999999999748,2.367539756122122,1.8022454984031882,2.2133333333333383,0.0,0.0,0.0,0.0,0.0,0.0
13.919999999999748,2.3327824435035174,1.8542184529557946,2.220000000000005,0.0,0.0,0.0,0.0,0.0,0.0
13.929999999999747,2.2968800250631327,1.9055206157721496,2.226666666666672,0.0,0.0,0.0,0.0,0.0,0.0
13.939999999999747,2.2598454930626444,1.9561267036717762,2.2333333333333387,0.0,0.0,0.0,0.0,0.0,0.0
13.949999999999747,2.2216923982624217,2.006011686781259,2.2400000000000055,0.0,0.0,0.0,0.0,0.0,0.0
13.959999999999747,2.182434844937616,2.055150800858373,2.2466666666666724,0.0,0.0,0.0,0.0,0.0,0.0
13.969999999999747,2.142087485622906,2.103519559517119,2.253333333333339,0.0,0.0,0.0,0.0,0.0,0.0
13.979999999999746,2.1006655155878775,2.151093766347702,2.260000000000006,0.0,0.0,0.0,0.0,0.0,0.0
13.989999999999746,2.0581846670451776,2.1978495269255407,2.266666666666673,0.0,0.0,0.0,0.0,0.0,0.0
13.999999999999746,2.0146612030936777,2.243763260703431,2.2733333333333396,0.0,0.0,0.0,0.0,0.0,0.0
14.009999999999746,1.9701119113990357,2.288811712781037,2.2800000000000065,0.0,0.0,0.0,0.0,0.0,0.0
14.019999999999746,1.9245540976141582,2.3329719655459313,2.2866666666666733,0.0,0.0,0.0,0.0,0.0,0.0
14.029999999999745,1.8780055785422067,2.3762214501804566,2.29333333333334,0.0,0.0,0.0,0.0,0.0,0.0
14.039999999999745,1.8304846750448964,2.418537958028736,2.300000000000007,0.0,0.0,0.0,0.0,0.0,0.0
14.049999999999745,1.7820102046989807,2.459899651818218,2.3066666666666737,0.0,0.0,0.0,0.0,0.0,0.0
14.059999999999745,1.7326014742039262,2.5002850767302003,2.3133333333333406,0.0,0.0,0.0,0.0,0.0,0.0
14.069999999999744,1.6822782715439073,2.5396731713138347,2.3200000000000074,0.0,0.0,0.0,0.0,0.0,0.0
14.079999999999744,1.6310608579073742,2.5780432782381983,2.326666666666674,0.0,0.0,0.0,0.0,0.0,0.0
14.089999999999744,1.5789699593675606,2.6153751548770527,2.333333333333341,0.0,0.0,0.0,0.0,0.0,0.0
14.099999999999744,1.5260267583274234,2.6516489837210218,2.340000000000008,0.0,0.0,0.0,0.0,0.0,0.0
14.109999999999744,1.4722528847326153,2.6868453826119567,2.3466666666666747,0.0,0.0,0.0,0.0,0.0,0.0
14.119999999999743,1.4176704070562127,2.720945414794357,2.3533333333333415,0.0,0.0,0.0,0.0,0.0,0.0
14.129999999999743,1.36230182305903,2.7539305987787848,2.3600000000000083,0.0,0.0,0.0,0.0,0.0,0.0
14.139999999999743,1.306170050329464,2.7857829180122824,2.366666666666675,0.0,0.0,0.0,0.0,0.0,0.0
14.149999999999743,1.2492984166069283,2.816484830350909,2.373333333333342,0.0,0.0,0.0,0.0,0.0,0.0
14.159999999999743,1.1917106498930319,2.8460192773295763,2.3800000000000088,0.0,0.0,0.0,0.0,0.0,0.0
14.169999999999742,1.1334308683547794,2.8743696932244527,2.3866666666666756,0.0,0.0,0.0,0.0,0.0,0.0
14.179999999999742,1.0744835700241606,2.901520013903317,2.3933333333333424,0.0,0.0,0.0,0.0,0.0,0.0
14.189999999999742,1.0148936222986107,2.9274546854593058,2.4000000000000092,0.0,0.0,0.0,0.0,0.0,0.0
14.199999999999742,0.9546862512469121,2.952158672623615,2.406666666666676,0.0,0.0,0.0,0.0,0.0,0.0
14.209999999999742,0.8938870307252206,2.9756174669528037,2.413333333333343,0.0,0.0,0.0,0.0,0.0,0.0
14.219999999999741,0.832521871307982,2.9978170947864538,2.4200000000000097,0.0,0.0,0.0,0.0,0.0,0.0
14.229999999999741,0.7706170090386096,3.018744124971027,2.4266666666666765,0.0,0.0,0.0,0.0,0.0,0.0
14.23999999999974,0.7081989940048793,3.0383856763458867,2.4333333333333433,0.0,0.0,0.0,0.0,0.0,0.0
14.24999999999974,0.6452946787440929,3.0567294249875308,2.44000000000001,0.0,0.0,0.0,0.0,0.0,0.0
14.25999999999974,0.5819312064831463,3.073763611208217,2.446666666666677,0.0,0.0,0.0,0.0,0.0,0.0
14.26999999999974,0.518135999218724,3.0894770463052463,2.453333333333344,0.0,0.0,0.0,0.0,0.0,0.0
14.27999999999974,0.45393674564292613,3.103859119057299,2.4600000000000106,0.0,0.0,0.0,0.0,0.0,0.0
14.28999999999974,0.3893613889197151,3.1168998019643204,2.4666666666666774,0.0,0.0,0.0,0.0,0.0,0.0
14.29999999999974,0.3244381143176467,3.1285896572275798,2.4733333333333443,0.0,0.0,0.0,0.0,0.0,0.0
14.30999999999974,0.25919533670442446,3.1389198424666285,2.480000000000011,0.0,0.0,0.0,0.0,0.0,0.0
14.31999999999974,0.19366168790889532,3.1478821161700115,2.486666666666678,0.0,0.0,0.0,0.0,0.0,0.0
14.329999999999739,0.12786600395616807,3.155468842876706,2.4933333333333447,0.0,0.0,0.0,0.0,0.0,0.0
14.339999999999739,0.06183731218161086,3.161672998085381,2.5000000000000115,0.0,0.0,0.0,0.0,0.0,0.0
14.349999999999739,-0.0043951817704544595,3.1664881728886844,2.5066666666666784,0.0,0.0,0.0,0.0,0.0,0.0
14.359999999999738,-0.07080210705747791,3.1699085783299177,2.513333333333345,0.0,0.0,0.0,0.0,0.0,0.0
14.369999999999738,-0.1373539408528845,3.171929049479548,2.520000000000012,0.0,0.0,0.0,0.0,0.0,0.0
14.379999999999738,-0.20402102165775396,3.1725450492291585,2.526666666666679,0.0,0.0,0.0,0.0,0.0,0.0
14.389999999999738,-0.27077356270392183,3.1717526718005624,2.5333333333333456,0.0,0.0,0.0,0.0,0.0,0.0
14.399999999999737,-0.33758166544239393,3.1695486459679385,2.5400000000000125,0.0,0.0,0.0,0.0,0.0,0.0
14.409999999999737,-0.4044153331109166,3.165930337990952,2.5466666666666793,0.0,0.0,0.0,0.0,0.0,0.0
14.419999999999737,-0.4712444843745001,3.1608957542570106,2.553333333333346,0.0,0.0,0.0,0.0,0.0,0.0
14.429999999999737,-0.5380389670326464,3.1544435436308724,2.560000000000013,0.0,0.0,0.0,0.0,0.0,0.0
14.439999999999737,-0.6047685717869924,3.1465729995100133,2.5666666666666798,0.0,0.0,0.0,0.0,0.0,0.0
14.449999999999736,-0.6714030460630444,3.137284061584263,2.5733333333333466,0.0,0.0,0.0,0.0,0.0,0.0
14.459999999999736,-0.7379121078796389,3.1265773172983713,2.5800000000000134,0.0,0.0,0.0,0.0,0.0,0.0
14.469999999999736,-0.8042654597597392,3.1144540030162875,2.58666666666668,0.0,0.0,0.0,0.0,0.0,0.0
14.479999999999736,-0.8704328026761426,3.1009160048860953,2.593333333333347,0.0,0.0,0.0,0.0,0.0,0.0
14.489999999999736,-0.9363838500256487,3.0859658594046695,2.600000000000014,0.0,0.0,0.0,0.0,0.0,0.0
14.499999999999735,-1.0020883416252178,3.06960675368125,2.6066666666666807,0.0,0.0,0.0,0.0,0.0,0.0
14.509999999999735,-1.067516057723627,3.051842525399303,2.6133333333333475,0.0,0.0,0.0,0.0,0.0,0.0
14.519999999999735,-1.1326368330221102,3.032677662476133,2.6200000000000143,0.0,0.0,0.0,0.0,0.0,0.0
14.529999999999735,-1.1974205706974608,3.0121173024198926,2.626666666666681,0.0,0.0,0.0,0.0,0.0,0.0
14.539999999999734,-1.2618372564210638,2.9901672313837486,2.633333333333348,0.0,0.0,0.0,0.0,0.0,0.0
14.549999999999734,-1.3258569723673055,2.9668338829171175,2.640000000000015,0.0,0.0,0.0,0.0,0.0,0.0
14.559999999999734,-1.3894499112048209,2.9421243364140204,2.6466666666666816,0.0,0.0,0.0,0.0,0.0,0.0
14.569999999999734,-1.452586390064022,2.9160463152587552,2.6533333333333484,0.0,0.0,0.0,0.0,0.0,0.0
14.579999999999734,-1.5152368644743597,2.888608184669214,2.6600000000000152,0.0,0.0,0.0,0.0,0.0,0.0
14.589999999999733,-1.5773719422647718,2.8598189492383237,2.666666666666682,0.0,0.0,0.0,0.0,0.0,0.0
14.599999999999733,-1.6389623974207805,2.8296882501742346,2.673333333333349,0.0,0.0,0.0,0.0,0.0,0.0
14.609999999999733,-1.6999791838917069,2.798226362240008,2.6800000000000157,0.0,0.0,0.0,0.0,0.0,0.0
14.619999999999733,-1.7603934493414914,2.765444190393705,2.6866666666666825,0.0,0.0,0.0,0.0,0.0,0.0
14.629999999999733,-1.8201765488366188,2.731353266129926,2.6933333333333493,0.0,0.0,0.0,0.0,0.0,0.0
14.639999999999732,-1.8793000584646653,2.6959657435239732,2.700000000000016,0.0,0.0,0.0,0.0,0.0,0.0
14.649999999999732,-1.9377357888770184,2.6592943949799714,2.706666666666683,0.0,0.0,0.0,0.0,0.0,0.0
14.659999999999732,-1.9954557987493278,2.6213526066843964,2.71333333333335,0.0,0.0,0.0,0.0,0.0,0.0
14.669999999999732,-2.0524324081532908,2.5821543737666324,2.7200000000000166,0.0,0.0,0.0,0.0,0.0,0.0
14.679999999999731,-2.108638211833397,2.5417142951682803,2.7266666666666834,0.0,0.0,0.0,0.0,0.0,0.0
14.689999999999731,-2.164046092382296,2.5000475682231165,2.7333333333333503,0.0,0.0,0.0,0.0,0.0,0.0
14.699999999999731,-2.218629233308487,2.457169982949707,2.740000000000017,0.0,0.0,0.0,0.0,0.0,0.0
14.70999999999973,-2.2723611319900754,2.4130979160588404,2.746666666666684,0.0,0.0,0.0,0.0,0.0,0.0
14.71999999999973,-2.3252156125083707,2.367848324678066,2.7533333333333507,0.0,0.0,0.0,0.0,0.0,0.0
14.72999999999973,-2.3771668383551683,2.3214387397957674,2.7600000000000176,0.0,0.0,0.0,0.0,0.0,0.0
14.73999999999973,-2.4281893250075868,2.273887259427331,2.7666666666666844,0.0,0.0,0.0,0.0,0.0,0.0
14.74999999999973,-2.4782579523643924,2.225212541506104,2.773333333333351,0.0,0.0,0.0,0.0,0.0,0.0
14.75999999999973,-2.527347977037808,2.1754337965019697,2.780000000000018,0.0,0.0,0.0,0.0,0.0,0.0
14.76999999999973,-2.575435044494837,2.1245707797704965,2.786666666666685,0.0,0.0,0.0,0.0,0.0,0.0
14.77999999999973,-2.6224952010422227,2.0726437836357503,2.7933333333333517,0.0,0.0,0.0,0.0,0.0,0.0
14.78999999999973,-2.668504905649204,2.0196736292099784,2.8000000000000185,0.0,0.0,0.0,0.0,0.0,0.0
14.799999999999729,-2.7134410416023074,1.9656816579535268,2.8066666666666853,0.0,0.0,0.0,0.0,0.0,0.0
14.809999999999729,-2.7572809279864816,1.9106897229784368,2.813333333333352,0.0,0.0,0.0,0.0,0.0,0.0
14.819999999999729,-2.8000023309869526,1.8547201800993338,2.820000000000019,0.0,0.0,0.0,0.0,0.0,0.0
14.829999999999728,-2.841583475006252,1.797795878635318,2.8266666666666858,0.0,0.0,0.0,0.0,0.0,0.0
14.839999999999728,-2.882003053590946,1.739940151966691,2.8333333333333526,0.0,0.0,0.0,0.0,0.0,0.0
14.849999999999728,-2.921240240162683,1.6811768078504854,2.8400000000000194,0.0,0.0,0.0,0.0,0.0,0.0
14.859999999999728,-2.959274698548243,1.6215301184988677,2.846666666666686,0.0,0.0,0.0,0.0,0.0,0.0
14.869999999999727,-2.9960865933033753,1.5610248104246094,2.853333333333353,0.0,0.0,0.0,0.0,0.0,0.0
14.879999999999727,-3.0316565998252893,1.4996860540579298,2.86000000000002,0.0,0.0,0.0,0.0,0.0,0.0
14.889999999999727,-3.06596591424875,1.4375394531391386,2.8666666666666867,0.0,0.0,0.0,0.0,0.0,0.0
14.899999999999727,-3.0989962631208328,1.374611033891598,2.8733333333333535,0.0,0.0,0.0,0.0,0.0,0.0
14.909999999999727,-3.1307299128494837,1.3109272339796545,2.8800000000000203,0.0,0.0,0.0,0.0,0.0,0.0
14.919999999999726,-3.1611496789211193,1.246514891256279,2.886666666666687,0.0,0.0,0.0,0.0,0.0,0.0
14.929999999999726,-3.1902389348826214,1.1814012323052705,2.893333333333354,0.0,0.0,0.0,0.0,0.0,0.0
14.939999999999726,-3.2179816210831573,1.115613860782977,2.900000000000021,0.0,0.0,0.0,0.0,0.0,0.0
14.949999999999726,-3.2443622531713823,1.0491807455645872,2.9066666666666876,0.0,0.0,0.0,0.0,0.0,0.0
14.959999999999726,-3.2693659303436853,0.9821302087001442,2.9133333333333544,0.0,0.0,0.0,0.0,0.0,0.0
14.969999999999725,-3.292978343339229,0.9144909131855354,2.9200000000000212,0.0,0.0,0.0,0.0,0.0,0.0
14.979999999999725,-3.3151857821776725,0.8462918505537939,2.926666666666688,0.0,0.0,0.0,0.0,0.0,0.0
14.989999999999725,-3.3359751436355616,0.7775623282921519,2.933333333333355,0.0,0.0,0.0,0.0,0.0,0.0
14.999999999999725,-3.355333938457486,0.7083319570903646,2.9400000000000217,0.0,0.0,0.0,0.0,0.0,0.0
15.009999999999724,-3.3732502982982293,0.6386306379259163,2.9466666666666885,0.0,0.0,0.0,0.0,0.0,0.0
15.019999999999724,-3.389712982392258,0.5684885489918016,2.9533333333333553,0.0,0.0,0.0,0.0,0.0,0.0
15.029999999999724,-3.404711383946995,0.49793613247265617,2.960000000000022,0.0,0.0,0.0,0.0,0.0,0.0
15.039999999999724,-3.418235536256472,0.4270040811750933,2.966666666666689,0.0,0.0,0.0,0.0,0.0,0.0
15.049999999999724,-3.430276118532069,0.3557233250181731,2.973333333333356,0.0,0.0,0.0,0.0,0.0,0.0
15.059999999999723,-3.4408244614471717,0.2841250173900114,2.9800000000000226,0.0,0.0,0.0,0.0,0.0,0.0
15.069999999999723,-3.449872552392703,0.21224052137660232,2.9866666666666895,0.0,0.0,0.0,0.0,0.0,0.0
15.079999999999723,-3.457413040440639,0.14010139586899786,2.9933333333333563,0.0,0.0,0.0,0.0,0.0,0.0
15.089999999999723,-3.4634392410127,0.0677393815550532,3.000000000000023,0.0,0.0,0.0,0.0,0.0,0.0
15.099999999999723,-3.4679451402516075,-0.00481361319799008,3.00666666666669,0.0,0.0,0.0,0.0,0.0,0.0
15.109999999999722,-3.4709253990923576,-0.07752552656375161,3.0133333333333567,0.0,0.0,0.0,0.0,0.0,0.0
15.119999999999722,-3.472375357031168,-0.15036415757340202,3.0200000000000236,0.0,0.0,0.0,0.0,0.0,0.0
15.129999999999722,-3.4722910355898353,-0.223297180522352,3.0266666666666904,0.0,0.0,0.0,0.0,0.0,0.0
15.139999999999722,-3.4706691414733983,-0.29629215946044657,3.033333333333357,0.0,0.0,0.0,0.0,0.0,0.0
15.149999999999721,-3.4675070694191645,-0.3693165627591224,3.040000000000024,0.0,0.0,0.0,0.0,0.0,0.0
15.159999999999721,-3.4628029047352515,-0.44233777774893956,3.046666666666691,0.0,0.0,0.0,0.0,0.0,0.0
15.169999999999721,-3.4565554255269664,-0.5153231254208585,3.0533333333333577,0.0,0.0,0.0,0.0,0.0,0.0
15.17999999999972,-3.4487641046094923,-0.588239875184592,3.0600000000000245,0.0,0.0,0.0,0.0,0.0,0.0
15.18999999999972,-3.439429111105462,-0.6610552596773271,3.0666666666666913,0.0,0.0,0.0,0.0,0.0,0.0
15.19999999999972,-3.42855131172618,-0.7337364896160764,3.073333333333358,0.0,0.0,0.0,0.0,0.0,0.0
15.20999999999972,-3.4161322717353757,-0.8062507686868905,3.080000000000025,0.0,0.0,0.0,0.0,0.0,0.0
15.21999999999972,-3.402174255594514,-0.8785653084641353,3.0866666666666918,0.0,0.0,0.0,0.0,0.0,0.0
15.22999999999972,-3.3866802272888554,-0.9506473433530135,3.0933333333333586,0.0,0.0,0.0,0.0,0.0,0.0
15.23999999999972,-3.3696538503335773,-1.0224641455484864,3.1000000000000254,0.0,0.0,0.0,0.0,0.0,0.0
15.24999999999972,-3.351099487459442,-1.0939830400037438,3.1066666666666922,0.0,0.0,0.0,0.0,0.0,0.0
15.25999999999972,-3.331022199977615,-1.1651714194013383,3.113333333333359,0.0,0.0,0.0,0.0,0.0,0.0
15.269999999999719,-3.309427746823413,-1.2359967591201095,3.120000000000026,0.0,0.0,0.0,0.0,0.0,0.0
15.279999999999719,-3.2863225832788943,-1.3064266321909956,3.1266666666666927,0.0,0.0,0.0,0.0,0.0,0.0
15.289999999999718,-3.2617138593743453,-1.3764287242348412,3.1333333333333595,0.0,0.0,0.0,0.0,0.0,0.0
15.299999999999718,-3.2356094179688832,-1.4459708483752958,3.1400000000000263,0.0,0.0,0.0,0.0,0.0,0.0
15.309999999999718,-3.208017792510529,-1.5150209601199067,3.146666666666693,0.0,0.0,0.0,0.0,0.0,0.0
15.319999999999718,-3.1789482044762654,-1.5835471722025103,3.15333333333336,0.0,0.0,0.0,0.0,0.0,0.0
15.329999999999718,-3.1484105604927217,-1.6515177693800371,3.160000000000027,0.0,0.0,0.0,0.0,0.0,0.0
15.339999999999717,-3.1164154491383043,-1.7189012231768512,3.1666666666666936,0.0,0.0,0.0,0.0,0.0,0.0
15.349999999999717,-3.0829741374277195,-1.7856662065697637,3.1733333333333604,0.0,0.0,0.0,0.0,0.0,0.0
15.359999999999717,-3.0480985669799843,-1.8517816086068775,3.1800000000000272,0.0,0.0,0.0,0.0,0.0,0.0
15.369999999999717,-3.0118013498711798,-1.9172165489534343,3.186666666666694,0.0,0.0,0.0,0.0,0.0,0.0
15.379999999999717,-2.9740957641733377,-1.9819403923578665,3.193333333333361,0.0,0.0,0.0,0.0,0.0,0.0
15.389999999999716,-2.934995749181003,-2.045922763031282,3.2000000000000277,0.0,0.0,0.0,0.0,0.0,0.0
15.399999999999716,-2.894515900327157,-2.1091335589336313,3.2066666666666945,0.0,0.0,0.0,0.0,0.0,0.0
15.409999999999716,-2.852671463790344,-2.17154296595985,3.2133333333333614,0.0,0.0,0.0,0.0,0.0,0.0
15.419999999999716,-2.8094783307949607,-2.233121472019306,3.220000000000028,0.0,0.0,0.0,0.0,0.0,0.0
15.429999999999715,-2.764953031606856,-2.293839881001906,3.226666666666695,0.0,0.0,0.0,0.0,0.0,0.0
15.439999999999715,-2.7191127292264796,-2.3536693266242756,3.233333333333362,0.0,0.0,0.0,0.0,0.0,0.0
15.449999999999715,-2.6719752127820136,-2.4125812861494698,3.2400000000000286,0.0,0.0,0.0,0.0,0.0,0.0
15.459999999999715,-2.6235588906250134,-2.4705475939736985,3.2466666666666955,0.0,0.0,0.0,0.0,0.0,0.0
15.469999999999715,-2.573882783131271,-2.527540455073641,3.2533333333333623,0.0,0.0,0.0,0.0,0.0,0.0
15.479999999999714,-2.5229665152097107,-2.583532458307943,3.260000000000029,0.0,0.0,0.0,0.0,0.0,0.0
15.489999999999714,-2.4708303085222987,-2.6384965895665635,3.266666666666696,0.0,0.0,0.0,0.0,0.0,0.0
15.499999999999714,-2.417494973418069,-2.6924062447617043,3.2733333333333627,0.0,0.0,0.0,0.0,0.0,0.0
15.509999999999714,-2.362981900584507,-2.745235242654106,3.2800000000000296,0.0,0.0,0.0,0.0,0.0,0.0
15.519999999999714,-2.307313052419669,-2.79695783750857,3.2866666666666964,0.0,0.0,0.0,0.0,0.0,0.0
15.529999999999713,-2.2505109541285435,-2.8475487315726284,3.293333333333363,0.0,0.0,0.0,0.0,0.0,0.0
15.539999999999713,-2.192598684547304,-2.8969830873723703,3.30000000000003,0.0,0.0,0.0,0.0,0.0,0.0
15.549999999999713,-2.133599866699218,-2.9452365398194873,3.306666666666697,0.0,0.0,0.0,0.0,0.0,0.0
15.559999999999713,-2.073538658086118,-2.9922852081236972,3.3133333333333637,0.0,0.0,0.0,0.0,0.0,0.0
15.569999999999713,-2.012439740719462,-3.0381057075047777,3.3200000000000305,0.0,0.0,0.0,0.0,0.0,0.0
15.579999999999712,-1.950328310895139,-3.082675160698529,3.3266666666666973,0.0,0.0,0.0,0.0,0.0,0.0
15.589999999999712,-1.8872300687162904,-3.1259712092510648,3.333333333333364,0.0,0.0,0.0,0.0,0.0,0.0
15.599999999999712,-1.823171207368559,-3.1679720245959238,3.340000000000031,0.0,0.0,0.0,0.0,0.0,0.0
15.609999999999712,-1.7581784021522748,-3.208656318908596,3.3466666666666978,0.0,0.0,0.0,0.0,0.0,0.0
15.619999999999711,-1.6922787992762205,-3.248003355733133,3.3533333333333646,0.0,0.0,0.0,0.0,0.0,0.0
15.629999999999711,-1.6255000044177308,-3.285992960375613,3.3600000000000314,0.0,0.0,0.0,0.0,0.0,0.0
15.639999999999711,-1.5578700710539928,-3.322605530059357,3.3666666666666982,0.0,0.0,0.0,0.0,0.0,0.0
15.64999999999971,-1.4894174885695306,-3.3578220438368516,3.373333333333365,0.0,0.0,0.0,0.0,0.0,0.0
15.65999999999971,-1.4201711701449589,-3.391624072253472,3.380000000000032,0.0,0.0,0.0,0.0,0.0,0.0
15.66999999999971,-1.3501604404322116,-3.4239937867581904,3.3866666666666987,0.0,0.0,0.0,0.0,0.0,0.0
15.67999999999971,-1.279415023021542,-3.454913968856569,3.3933333333333655,0.0,0.0,0.0,0.0,0.0,0.0
15.68999999999971,-1.207965027705706,-3.4843680190014488,3.4000000000000323,0.0,0.0,0.0,0.0,0.0,0.0
15.69999999999971,-1.1358409375468348,-3.5123399652168525,3.406666666666699,0.0,0.0,0.0,0.0,0.0,0.0
15.70999999999971,-1.0630735957516027,-3.538814471450746,3.413333333333366,0.0,0.0,0.0,0.0,0.0,0.0
15.71999999999971,-0.9896941923603908,-3.5637768456524106,3.420000000000033,0.0,0.0,0.0,0.0,0.0,0.0
15.729999999999709,-0.9157342507562469,-3.5872130475703132,3.4266666666666996,0.0,0.0,0.0,0.0,0.0,0.0
15.739999999999709,-0.8412256139995229,-3.6091096962664615,3.4333333333333664,0.0,0.0,0.0,0.0,0.0,0.0
15.749999999999709,-0.7662004309941678,-3.62945407734338,3.4400000000000333,0.0,0.0,0.0,0.0,0.0,0.0
15.759999999999708,-0.690691142491735,-3.648234149879947,3.4466666666667,0.0,0.0,0.0,0.0,0.0,0.0
15.769999999999708,-0.6147304669392513,-3.6654385530724856,3.453333333333367,0.0,0.0,0.0,0.0,0.0,0.0
15.779999999999708,-0.5383513861771646,-3.681056612577598,3.4600000000000337,0.0,0.0,0.0,0.0,0.0,0.0
15.789999999999708,-0.4615871309936813,-3.6950783465534025,3.4666666666667005,0.0,0.0,0.0,0.0,0.0,0.0
15.799999999999708,-0.3844711665418611,-3.7074944713959335,3.4733333333333674,0.0,0.0,0.0,0.0,0.0,0.0
15.809999999999707,-0.3070371776259232,-3.718296407167622,3.480000000000034,0.0,0.0,0.0,0.0,0.0,0.0
15.819999999999707,-0.2293190538632792,-3.7274762827148957,3.486666666666701,0.0,0.0,0.0,0.0,0.0,0.0
15.829999999999707,-0.15135087472887682,-3.735026940472087,3.493333333333368,0.0,0.0,0.0,0.0,0.0,0.0
15.839999999999707,-0.07316689448850114,-3.74094194094897,3.5000000000000346,0.0,0.0,0.0,0.0,0.0,0.0
15.849999999999707,0.005198472972259047,-3.745215566899396,3.5066666666667015,0.0,0.0,0.0,0.0,0.0,0.0
15.859999999999706,0.08371066941661554,-3.7478428271686224,3.5133333333333683,0.0,0.0,0.0,0.0,0.0,0.0
15.869999999999706,0.16233500761593675,-3.7488194602171063,3.520000000000035,0.0,0.0,0.0,0.0,0.0,0.0
15.879999999999706,0.24103668679298573,-3.7481419373186324,3.526666666666702,0.0,0.0,0.0,0.0,0.0,0.0
15.889999999999706,0.3197808081421217,-3.745807465430844,3.5333333333333687,0.0,0.0,0.0,0.0,0.0,0.0
15.899999999999705,0.39853239041950267,-3.74181398973635,3.5400000000000356,0.0,0.0,0.0,0.0,0.0,0.0
15.909999999999705,0.47725638559628364,-3.7361601958527393,3.5466666666667024,0.0,0.0,0.0,0.0,0.0,0.0
15.919999999999705,0.555917694567767,-3.7288455117100168,3.553333333333369,0.0,0.0,0.0,0.0,0.0,0.0
15.929999999999705,0.6344811829114257,-3.719870109094061,3.560000000000036,0.0,0.0,0.0,0.0,0.0,0.0
15.939999999999705,0.7129116966866887,-3.709234904854924,3.566666666666703,0.0,0.0,0.0,0.0,0.0,0.0
15.949999999999704,0.7911740782693468,-3.6969415617788886,3.5733333333333697,0.0,0.0,0.0,0.0,0.0,0.0
15.959999999999704,0.8692331822134133,-3.682992489123388,3.5800000000000365,0.0,0.0,0.0,0.0,0.0,0.0
15.969999999999704,0.9470538911332493,-3.667390842814028,3.5866666666667033,0.0,0.0,0.0,0.0,0.0,0.0
15.979999999999704,1.0246011315987484,-3.650140525303107,3.59333333333337,0.0,0.0,0.0,0.0,0.0,0.0
15.989999999999704,1.1018398900363515,-3.6312461850891946,3.600000000000037,0.0,0.0,0.0,0.0,0.0,0.0
15.999999999999703,1.1787352286286583,-3.6107132158974578,3.6066666666667038,0.0,0.0,0.0,0.0,0.0,0.0
16.009999999999703,1.2552523012053876,-3.5885477555206173,3.6133333333333706,0.0,0.0,0.0,0.0,0.0,0.0
16.019999999999705,1.3313563691184325,-3.564756684320535,3.6200000000000374,0.0,0.0,0.0,0.0,0.0,0.0
16.029999999999706,1.4070128170937575,-3.5393476233906025,3.6266666666667042,0.0,0.0,0.0,0.0,0.0,0.0
16.039999999999708,1.4821871690528787,-3.512328932379269,3.633333333333371,0.0,0.0,0.0,0.0,0.0,0.0
16.04999999999971,1.5568451038966773,-3.4837097069751803,3.640000000000038,0.0,0.0,0.0,0.0,0.0,0.0
16.05999999999971,1.6309524712443033,-3.453499776054563,3.6466666666667047,0.0,0.0,0.0,0.0,0.0,0.0
16.069999999999713,1.7044753071199341,-3.421709698491661,3.6533333333333715,0.0,0.0,0.0,0.0,0.0,0.0
16.079999999999714,1.7773798495801671,-3.388350759633149,3.6600000000000383,0.0,0.0,0.0,0.0,0.0,0.0
16.089999999999716,1.8496325542748433,-3.353434967437648,3.666666666666705,0.0,0.0,0.0,0.0,0.0,0.0
16.099999999999717,1.9212001099341238,-3.316975048281581,3.673333333333372,0.0,0.0,0.0,0.0,0.0,0.0
16.10999999999972,1.992049453774652,-3.2789844424327885,3.680000000000039,0.0,0.0,0.0,0.0,0.0,0.0
16.11999999999972,2.0621477868176767,-3.239477299193464,3.6866666666667056,0.0,0.0,0.0,0.0,0.0,0.0
16.129999999999722,2.1314625891120307,-3.1984684717141305,3.6933333333333724,0.0,0.0,0.0,0.0,0.0,0.0
16.139999999999723,2.1999616348549016,-3.1559735114805236,3.7000000000000393,0.0,0.0,0.0,0.0,0.0,0.0
16.149999999999725,2.267613007403353,-3.112008662475403,3.706666666666706,0.0,0.0,0.0,0.0,0.0,0.0
16.159999999999727,2.3343851141696206,-3.0665908550174703,3.713333333333373,0.0,0.0,0.0,0.0,0.0,0.0
16.169999999999728,2.400246701393223,-3.0197376992797094,3.7200000000000397,0.0,0.0,0.0,0.0,0.0,0.0
16.17999999999973,2.4651668687829926,-2.9714674784896236,3.7266666666667065,0.0,0.0,0.0,0.0,0.0,0.0
16.18999999999973,2.5291150840221714,-2.921799141813999,3.7333333333333734,0.0,0.0,0.0,0.0,0.0,0.0
16.199999999999733,2.5920611971297793,-2.8707522969309447,3.74000000000004,0.0,0.0,0.0,0.0,0.0,0.0
16.209999999999734,2.653975454671511,-2.8183472022921476,3.746666666666707,0.0,0.0,0.0,0.0,0.0,0.0
16.219999999999736,2.714828513813473,-2.7646047590783795,3.753333333333374,0.0,0.0,0.0,0.0,0.0,0.0
16.229999999999738,2.7745914562121516,-2.709546502851482,3.7600000000000406,0.0,0.0,0.0,0.0,0.0,0.0
16.23999999999974,2.8332358017340495,-2.653194594906157,3.7666666666667075,0.0,0.0,0.0,0.0,0.0,0.0
16.24999999999974,2.890733521998509,-2.5955718133250705,3.7733333333333743,0.0,0.0,0.0,0.0,0.0,0.0
16.259999999999742,2.947057053737306,-2.536701543740878,3.780000000000041,0.0,0.0,0.0,0.0,0.0,0.0
16.269999999999744,3.0021793119646807,-2.4766077698089592,3.786666666666708,0.0,0.0,0.0,0.0,0.0,0.0
16.279999999999745,3.056073702951534,-2.415315063394752,3.7933333333333747,0.0,0.0,0.0,0.0,0.0,0.0
16.289999999999747,3.1087141369976203,-2.352848574479732,3.8000000000000416,0.0,0.0,0.0,0.0,0.0,0.0
16.29999999999975,3.1600750409956326,-2.289234020790204,3.8066666666667084,0.0,0.0,0.0,0.0,0.0,0.0
16.30999999999975,3.21013137078117,-2.2244976771532277,3.813333333333375,0.0,0.0,0.0,0.0,0.0,0.0
16.31999999999975,3.2588586232626726,-2.1586663645840884,3.820000000000042,0.0,0.0,0.0,0.0,0.0,0.0
16.329999999999753,3.3062328483254846,-2.0917674391099,3.826666666666709,0.0,0.0,0.0,0.0,0.0,0.0
16.339999999999755,3.352230660504322,-2.023828780334014,3.8333333333333757,0.0,0.0,0.0,0.0,0.0,0.0
16.349999999999756,3.396829250418502,-1.954878779746061,3.8400000000000425,0.0,0.0,0.0,0.0,0.0,0.0
16.359999999999758,3.440006395964404,-1.8849463287825545,3.8466666666667093,0.0,0.0,0.0,0.0,0.0,0.0
16.36999999999976,3.481740473259723,-1.814060806643114,3.853333333333376,0.0,0.0,0.0,0.0,0.0,0.0
16.37999999999976,3.522010467334193,-1.7422520678674918,3.860000000000043,0.0,0.0,0.0,0.0,0.0,0.0
16.389999999999763,3.560795982561563,-1.6695504296786823,3.8666666666667098,0.0,0.0,0.0,0.0,0.0,0.0
16.399999999999764,3.598077252827711,-1.5959866590975307,3.8733333333333766,0.0,0.0,0.0,0.0,0.0,0.0
16.409999999999766,3.6338351514299103,-1.521591959834349,3.8800000000000434,0.0,0.0,0.0,0.0,0.0,0.0
16.419999999999767,3.6680512007023593,-1.446397958963169,3.8866666666667102,0.0,0.0,0.0,0.0,0.0,0.0
16.42999999999977,3.7007075813632238,-1.3704366933843637,3.893333333333377,0.0,0.0,0.0,0.0,0.0,0.0
16.43999999999977,3.731787141578541,-1.2937405960814694,3.900000000000044,0.0,0.0,0.0,0.0,0.0,0.0
16.449999999999772,3.761273405738478,-1.2163424821781534,3.9066666666667107,0.0,0.0,0.0,0.0,0.0,0.0
16.459999999999773,3.7891505829415384,-1.138275534801355,3.9133333333333775,0.0,0.0,0.0,0.0,0.0,0.0
16.469999999999775,3.8154035751824624,-1.0595732907567366,3.9200000000000443,0.0,0.0,0.0,0.0,0.0,0.0
16.479999999999777,3.8400179852396805,-0.9802696260226734,3.926666666666711,0.0,0.0,0.0,0.0,0.0,0.0
16.489999999999778,3.8629801242583035,-0.9003987410690939,3.933333333333378,0.0,0.0,0.0,0.0,0.0,0.0
16.49999999999978,3.884277019024801,-0.8199951460075776,3.940000000000045,0.0,0.0,0.0,0.0,0.0,0.0
16.50999999999978,3.9038964189295915,-0.739093645579203,3.9466666666667116,0.0,0.0,0.0,0.0,0.0,0.0
16.519999999999783,3.9218268026139924,-0.6577293239867167,3.9533333333333784,0.0,0.0,0.0,0.0,0.0,0.0
16.529999999999784,3.9380573842980175,-0.5759375295776744,3.9600000000000453,0.0,0.0,0.0,0.0,0.0,0.0
16.539999999999786,3.952578119785741,-0.4937538593852876,3.966666666666712,0.0,0.0,0.0,0.0,0.0,0.0
16.549999999999788,3.9653797121450176,-0.41121414353377295,3.973333333333379,0.0,0.0,0.0,0.0,0.0,0.0
16.55999999999979,3.976453617058548,-0.32835442951508254,3.9800000000000457,0.0,0.0,0.0,0.0,0.0,0.0
16.56999999999979,3.985792047843379,-0.24521096634395256,3.9866666666667125,0.0,0.0,0.0,0.0,0.0,0.0
16.579999999999792,3.9933879801361067,-0.16182018859827818,3.9933333333333794,0.0,0.0,0.0,0.0,0.0,0.0
16.589999999999794,3.999235156241184,-0.07821870035187958,4.000000000000046,0.0,0.0,0.0,0.0,0.0,0.0
16.599999999999795,3.9999584872296614,-0.01822362311392904,4.0,0.02733543467089356,5.999937730844492,0.0,-8.999906596266738,0.041003152006340346,0.0
16.609999999999797,3.9997818444332336,0.04177555436234134,4.0,-0.062663331543512,5.999672766649851,0.0,-8.999509149974775,-0.093994997315268,0.0
16.6199999999998,3.9987052675957613,0.10176533251511949,4.0,-0.15264799877267923,5.998057901393642,0.0,-8.997086852090463,-0.22897199815901886,0.0
16.6299999999998,3.996728998942491,0.16173221389740103,4.0,-0.24259832084610156,5.995093498413737,0.0,-8.992640247620605,-0.36389748126915233,0.0
16.6399999999998,3.9938534831255326,0.22166270621385828,4.0,-0.3324940593207874,5.990780224688299,0.0,-8.986170337032448,-0.49874108898118114,0.0
16.649999999999803,3.990079367123814,0.28154332535654997,4.0,-0.4223149880348249,5.9851190506857215,0.0,-8.977678576028582,-0.6334724820522374,0.0
16.659999999999805,3.9854075000975135,0.3413605984387884,4.0,-0.5120408976581826,5.97811125014627,0.0,-8.967166875219405,-0.7680613464872739,0.0
16.669999999999806,3.9798389331970028,0.40110106682648233,4.0,-0.6016516002397235,5.969758399795504,0.0,-8.954637599693257,-0.9024774003595852,0.0
16.679999999999808,3.9733749193263423,0.4607512891662727,4.0,-0.691126933749409,5.960062378989513,0.0,-8.94009356848427,-1.0366904006241136,0.0
16.68999999999981,3.966016912861383,0.5202978444097807,4.0,-0.780446766614671,5.949025369292075,0.0,-8.923538053938112,-1.1706701499220065,0.0
16.69999999999981,3.9577665693225383,0.5797273348332864,4.0,-0.8695910022499296,5.936649853983807,0.0,-8.904974780975712,-1.3043865033748945,0.0
16.709999999999813,3.9486257450022983,0.639026389052161,4.0,-0.9585395835782415,5.922938617503448,0.0,-8.884407926255172,-1.4378093753673622,0.0
16.719999999999814,3.938596496547573,0.6981816650293712,4.0,-1.0472724975440568,5.907894744821359,0.0,-8.861842117232039,-1.5709087463160851,0.0
16.729999999999816,3.9276810804969533,0.7571798530773817,4.0,-1.1357697796160724,5.89152162074543,0.0,-8.837282431118146,-1.7036546694241088,0.0
16.739999999999817,3.9158819527730024,0.8160076788527781,4.0,-1.224011518279167,5.873822929159504,0.0,-8.810734393739256,-1.8360172774187509,0.0
16.74999999999982,3.90320176812968,0.8746519063429394,4.0,-1.3119778595144092,5.85480265219452,0.0,-8.78220397829178,-1.9679667892716137,0.0
16.75999999999982,3.889643379555038,0.9330993408440835,4.0,-1.3996490112661253,5.834465069332557,0.0,-8.751697603998835,-2.099473516899188,0.0
16.769999999999822,3.875209837629306,0.991336831930021,4.0,-1.4870052478950315,5.8128147564439585,0.0,-8.719222134665937,-2.2305078718425473,0.0
16.779999999999824,3.8599043898385257,1.0493512764109452,4.0,-1.5740269146164176,5.789856584757788,0.0,-8.684784877136682,-2.3610403719246267,0.0
16.789999999999825,3.8437304798438814,1.1071296212815942,4.0,-1.6606944319223913,5.765595719765822,0.0,-8.648393579648733,-2.491041647883587,0.0
16.799999999999827,3.826691746706888,1.164658866658123,4.0,-1.7469882999871844,5.740037620060332,0.0,-8.610056430090498,-2.6204824499807766,0.0
16.809999999999828,3.808792024070621,1.2219260687030216,4.0,-1.8328891030545322,5.713188036105931,0.0,-8.569782054158898,-2.7493336545817986,0.0
16.81999999999983,3.790035339297159,1.2789183425374238,4.0,-1.9183775138061356,5.685053008945738,0.0,-8.527579513418608,-2.8775662707092033,0.0
16.82999999999983,3.770425912561446,1.3356228651401512,4.0,-2.0034342977102266,5.655638868842169,0.0,-8.483458303263253,-3.00515144656534,0.0
16.839999999999833,3.749968155901772,1.3920268782328389,4.0,-2.0880403173492583,5.624952233852658,0.0,-8.437428350778987,-3.1320604760238875,0.0
16.849999999999834,3.7286666722270794,1.4481176911504936,4.0,-2.1721765367257406,5.593000008340619,0.0,-8.38950001251093,-3.2582648050886105,0.0
16.859999999999836,3.7065262542813304,1.50388268369684,4.0,-2.2558240255452597,5.559789381421996,0.0,-8.339684072132993,-3.38373603831789,0.0
16.869999999999838,3.6835518835651584,1.5593093089838121,4.0,-2.3389639634757184,5.525327825347738,0.0,-8.287991738021606,-3.508445945213577,0.0
16.87999999999984,3.659748729215052,1.6143850962545496,4.0,-2.4215776443818244,5.489623093822578,0.0,-8.234434640733866,-3.6323664665727367,0.0
16.88999999999984,3.6351221468403216,1.6690976536892659,4.0,-2.5036464805338987,5.452683220260482,0.0,-8.179024830390723,-3.755469720800848,0.0
16.899999999999842,3.6096776773181083,1.723434671193355,4.0,-2.5851520067900324,5.414516515977162,0.0,-8.121774773965743,-3.8777280101850486,0.0
16.909999999999844,3.5834210455467117,1.777383923167111,4.0,-2.6660758847506663,5.375131568320068,0.0,-8.062697352480102,-3.9991138271259996,0.0
16.919999999999845,3.5563581591575115,1.8309332712564366,4.0,-2.7463999068846547,5.334537238736267,0.0,-8.001805858104401,-4.119599860326982,0.0
16.929999999999847,3.528495107185774,1.8840706670839213,4.0,-2.826106000625882,5.292742660778661,0.0,-7.939113991167991,-4.239159000938823,0.0
16.93999999999985,3.499838158700647,1.9367841549596756,4.0,-2.9051762324395134,5.24975723805097,0.0,-7.874635857076456,-4.35776434865927,0.0
16.94999999999985,3.470393761394644,1.9890618745713107,4.0,-2.983592811856966,5.205590642091966,0.0,-7.808385963137948,-4.475389217785449,0.0
16.95999999999985,3.4401685401329405,2.0408920636524592,4.0,-3.061338095478689,5.1602528101994105,0.0,-7.740379215299116,-4.592007143218034,0.0
16.969999999999853,3.4091692954628092,2.0922630606292345,4.0,-3.138394590943852,5.113753943194213,0.0,-7.670630914791321,-4.707591886415778,0.0
16.979999999999855,3.377403002083524,2.143163307244037,4.0,-3.214744960866055,5.0661045031252865,0.0,-7.59915675468793,-4.822117441299083,0.0
16.989999999999856,3.3448768072770823,2.1935813511561117,4.0,-3.2903720267341674,5.017315210915624,0.0,-7.525972816373435,-4.9355580401012515,0.0
16.999999999999858,3.311598029300096,2.2435058485182786,4.0,-3.365258772777418,4.967397043950144,0.0,-7.4510955659252165,-5.047888159166127,0.0
17.00999999999986,3.2775741557372164,2.292925566529248,4.0,-3.4393883497938718,4.916361233605825,0.0,-7.374541850408737,-5.159082524690808,0.0
17.01999999999986,3.2428128418164586,2.341829385960955,4.0,-3.5127440789414326,4.864219262724688,0.0,-7.296328894087032,-5.269116118412149,0.0
17.029999999999863,3.207321908686806,2.3902063036603396,4.0,-3.5853094554905094,4.810982863030209,0.0,-7.216474294545314,-5.377964183235764,0.0
17.039999999999864,3.1711093416584863,2.438045435025008,4.0,-3.6570681525375117,4.75666401248773,0.0,-7.134996018731594,-5.485602228806267,0.0
17.049999999999866,3.134183288406311,2.485336016452223,4.0,-3.7280040246783344,4.701274932609467,0.0,-7.0519123989142,-5.5920060370175015,0.0
17.059999999999867,3.0965520571364804,2.5320674077606684,4.0,-3.7981011116410026,4.64482808570472,0.0,-6.967242128557081,-5.697151667461504,0.0
17.06999999999987,3.0582241147172753,2.578229094584447,4.0,-3.86734364187667,4.587336172075913,0.0,-6.88100425811387,-5.8010154628150055,0.0
17.07999999999987,3.019208084774045,2.6238106907387664,4.0,-3.9357160361081496,4.528812127161068,0.0,-6.793218190741602,-5.903574054162224,0.0
17.089999999999872,2.979512745748929,2.6688019405567878,4.0,-4.003202910835181,4.4692691186233935,0.0,-6.70390367793509,-6.004804366252772,0.0
17.099999999999874,2.9391470289257446,2.713192721197108,4.0,-4.069789081795662,4.4087205433886165,0.0,-6.613080815082926,-6.104683622693493,0.0
17.109999999999875,2.8981200164204854,2.7569730449213545,4.0,-4.135459567382032,4.347180024630728,0.0,-6.520770036946092,-6.203189351073048,0.0
17.119999999999877,2.8564409391378836,2.8001330613413864,4.0,-4.20019959201208,4.2846614087068255,0.0,-6.426992113060238,-6.30029938801812,0.0
17.129999999999878,2.8141191746944956,2.8426630596355893,4.0,-4.263994589453384,4.221178762041744,0.0,-6.331768143062615,-6.395991884180076,0.0
17.13999999999988,2.7711642453087775,2.8845534707337688,4.0,-4.326830206100653,4.156746367963166,0.0,-6.2351195519447495,-6.49024530915098,0.0
17.14999999999988,2.7275858156586263,2.925794869470152,4.0,-4.388692304205228,4.0913787234879395,0.0,-6.13706808523191,-6.583038456307842,0.0
17.159999999999883,2.6833936907068687,2.9663779767040093,4.0,-4.449566965056014,4.025090536060303,0.0,-6.0376358040904545,-6.674350447584021,0.0
17.169999999999884,2.6385978134951835,3.0062936614074207,4.0,-4.509440492111131,3.9578967202427755,0.0,-5.936845080364163,-6.764160738166696,0.0
17.179999999999886,2.5932082629069635,3.045532942719722,4.0,-4.568299414079583,3.8898123943604452,0.0,-5.834718591540668,-6.852449121119374,0.0
17.189999999999888,2.5472352513996044,3.084086991968157,4.0,-4.626130487952236,3.820852877099407,0.0,-5.73127931564911,-6.939195731928353,0.0
17.19999999999989,2.5006891227067483,3.1219471346542935,4.0,-4.68292070198144,3.7510336840601224,0.0,-5.626550526090184,-7.02438105297216,0.0
17.20999999999989,2.4535803495109865,3.1591048524057483,4.0,-4.738657278608622,3.68037052426648,0.0,-5.5205557863997194,-7.107985917912933,0.0
17.219999999999892,2.405919531087549,3.1955517848927855,4.0,-4.793327677339178,3.6088792966313235,0.0,-5.413318944946985,-7.189991516008767,0.0
17.229999999999894,2.3577173909195137,3.2312797317093547,4.0,-4.846919597564032,3.5365760863792706,0.0,-5.304864129568906,-7.270379396346048,0.0
17.239999999999895,2.3089847742850673,3.2662806542181486,4.0,-4.899420981327223,3.463477161427601,0.0,-5.195215742141402,-7.349131471990835,0.0
17.249999999999897,2.2597326458173628,3.3005466773592613,4.0,-4.950820016038892,3.389598968726044,0.0,-5.084398453089066,-7.426230024058338,0.0
17.2599999999999,2.2099720870375252,3.334070091422045,4.0,-5.0011051371330675,3.314958130556288,0.0,-4.9724371958344316,-7.501657705699602,0.0
17.2699999999999,2.159714293861354,3.3668433537797617,4.0,-5.050265030669642,3.239571440792031,0.0,-4.859357161188047,-7.575397546004464,0.0
17.2799999999999,2.10897057408029,3.398859090586641,4.0,-5.098288635879962,3.1634558611204353,0.0,-4.7451837916806525,-7.647432953819942,0.0
17.289999999999903,2.0577523448172115,3.4301100984369683,4.0,-5.145165147655453,3.086628517225817,0.0,-4.6299427758387255,-7.717747721483179,0.0
17.299999999999905,2.006071129957626,3.4605893459858152,4.0,-5.190884018978723,3.009106694936439,0.0,-4.513660042404658,-7.786326028468085,0.0
17.309999999999906,1.9539385575568493,3.4902899755310672,4.0,-5.235434963296601,2.930907836335274,0.0,-4.396361754502911,-7.853152444944901,0.0
17.319999999999908,1.9013663572237387,3.519205304556375,4.0,-5.278807956834562,2.852049535835608,0.0,-4.278074303753412,-7.918211935251844,0.0
17.32999999999991,1.848366357481582,3.547328827234694,4.0,-5.320993240852041,2.772549536222373,0.0,-4.158824304333559,-7.981489861278061,0.0
17.33999999999991,1.794950483106729,3.574654215892066,4.0,-5.361981323838099,2.6924257246600933,0.0,-4.03863858699014,-8.042971985757148,0.0
17.349999999999913,1.7411307524455673,3.6011753224313217,4.0,-5.401762983646982,2.611696128668351,0.0,-3.9175441930025263,-8.102644475470473,0.0
17.359999999999914,1.6869192747104458,3.6268861797153744,4.0,-5.440329269573062,2.5303789120656686,0.0,-3.795568368098503,-8.160493904359592,0.0
17.369999999999916,1.6323282472551517,3.651781002909803,4.0,-5.477671504364704,2.4484923708827275,0.0,-3.6727385563240915,-8.216507256547056,0.0
17.379999999999917,1.5773699528305583,3.6758541907844116,4.0,-5.513781286176617,2.3660549292458373,0.0,-3.549082393868756,-8.270671929264926,0.0
17.38999999999992,1.5220567568210575,3.699100326973488,4.0,-5.548650490460232,2.283085135231586,0.0,-3.4246277028473795,-8.322975735690347,0.0
17.39999999999992,1.4664011044624008,3.721514181194457,4.0,-5.582271271791686,2.199601656693601,0.0,-3.299402485040402,-8.373406907687528,0.0
17.409999999999922,1.4104155180415732,3.7430907104246782,4.0,-5.614636065637018,2.11562327706236,0.0,-3.1734349155935395,-8.421954098455526,0.0
17.419999999999924,1.3541125940793322,3.7638250600360985,4.0,-5.645737590054148,2.0311688911189982,0.0,-3.0467533366784973,-8.468606385081221,0.0
17.429999999999925,1.297505000496043,3.783712564887529,4.0,-5.675568847331293,1.9462575007440643,0.0,-2.9193862511160966,-8.51335327099694,0.0
17.439999999999927,1.24060547376145,3.802748750374277,4.0,-5.7041231255614155,1.860908210642175,0.0,-2.7913623159632626,-8.556184688342123,0.0
17.44999999999993,1.183426816029026,3.8209293334349175,4.0,-5.731394000152376,1.775140224043539,0.0,-2.6627103360653086,-8.597091000228565,0.0
17.45999999999993,1.12598189225554,3.838250223514959,4.0,-5.757375335272439,1.68897283838331,0.0,-2.533459257574965,-8.636063002908658,0.0
17.46999999999993,1.0682836273064968,3.854707523487207,4.0,-5.78206128523081,1.6024254409597454,0.0,-2.403638161439618,-8.673091927846215,0.0
17.479999999999933,1.0103450030480974,3.8702975305285947,4.0,-5.805446295792892,1.515517504572146,0.0,-2.273276256858219,-8.708169443689338,0.0
17.489999999999934,0.9521790554263733,3.8850167369533093,4.0,-5.827525105429964,1.4282685831395598,0.0,-2.1424028747093398,-8.741287658144946,0.0
17.499999999999936,0.8937988715341533,3.8988618310020007,4.0,-5.848292746503001,1.34069830730123,0.0,-2.0110474609518447,-8.772439119754502,0.0
17.509999999999938,0.8352175866665239,3.9118296975869167,4.0,-5.867744546380375,1.2528263799997859,0.0,-1.8792395699996787,-8.801616819570562,0.0
17.51999999999994,0.7764483813654424,3.923917418992783,4.0,-5.8858761284891745,1.1646725720481634,0.0,-1.7470088580722454,-8.828814192733763,0.0
17.52999999999994,0.7175044784541705,3.9351222755332786,4.0,-5.902683413299918,1.0762567176812559,0.0,-1.6143850765218837,-8.854025119949878,0.0
17.539999999999942,0.6583991400621958,3.9454417461629516,4.0,-5.918162619244427,0.9875987100932937,0.0,-1.4813980651399405,-8.87724392886664,0.0
17.549999999999944,0.5991456646413077,3.9548735090444453,4.0,-5.932310263566668,0.8987184969619615,0.0,-1.3480777454429422,-8.898465395350001,0.0
17.559999999999945,0.539757383973502,3.9634154420709016,4.0,-5.945123163106352,0.809636075960253,0.0,-1.2144541139403795,-8.917684744659528,0.0
17.569999999999947,0.48024766017138676,3.9710656233434256,4.0,-5.956598435015138,0.7203714902570801,0.0,-1.08055723538562,-8.934897652522707,0.0
17.57999999999995,0.4206298826717625,3.9778223316035044,4.0,-5.966733497405256,0.6309448240076437,0.0,-0.9464172360114655,-8.950100246107885,0.0
17.58999999999995,0.3609174652230561,3.9836840466202843,4.0,-5.975526069930426,0.5413761978345841,0.0,-0.8120642967518763,-8.96328910489564,0.0
17.59999999999995,0.30112384286728366,3.9886494495326157,4.0,-5.982974174298923,0.4516857643009255,0.0,-0.6775286464513882,-8.974461261448385,0.0
17.609999999999953,0.24126246891722275,3.992717423145791,4.0,-5.989076134718687,0.36189370337583415,0.0,-0.5428405550637512,-8.98361420207803,0.0
17.619999999999955,0.18134681192947388,3.995887052182909,4.0,-5.9938305782743635,0.2720202178942108,0.0,-0.40803032684131624,-8.990745867411546,0.0
17.629999999999956,0.12139035267409198,3.9981576234908074,4.0,-5.997236435236211,0.18208552901113798,0.0,-0.273128293516707,-8.995854652854316,0.0
17.639999999999958,0.06140658110147013,3.9995286262005214,4.0,-5.999292939300782,0.0921098716522052,0.0,-0.1381648074783078,-8.998939408951173,0.0
17.64999999999996,0.0014089933071575183,3.999999751842225,4.0,-5.999999627763337,0.0021134899607362775,0.0,-0.0031702349411044163,-8.999999441645006,0.0
17.65999999999996,-0.05858891150470506,3.9995708944146364,4.0,-5.999356341621954,-0.08788336725705759,0.0,0.13182505088558638,-8.999034512432932,0.0
17.669999999999963,-0.1185736340586492,3.9982421504088674,4.0,-5.997363225613301,-0.1778604510879738,0.0,0.2667906766319607,-8.996044838419952,0.0
17.679999999999964,-0.1785316780451589,3.9960138187867145,4.0,-5.994020728180072,-0.26779751706773836,0.0,0.40169627560160753,-8.991031092270108,0.0
17.689999999999966,-0.2384495531572833,3.992886400913391,4.0,-5.989329601370086,-0.35767432973592495,0.0,0.5365114946038875,-8.98399440205513,0.0
17.699999999999967,-0.2983137781258988,3.988860600444725,4.0,-5.983290900667088,-0.4474706671888482,0.0,0.6712060007832723,-8.97493635100063,0.0
17.70999999999997,-0.35811088375293787,3.9839373231688384,4.0,-5.975905984753258,-0.5371663256294068,0.0,0.8057494884441102,-8.963858977129886,0.0
17.71999999999997,-0.41782741594190137,3.9781176768023485,4.0,-5.967176515203523,-0.6267411239128521,0.0,0.9401116858692781,-8.950764772805284,0.0
17.729999999999972,-0.4774499387249742,3.971402970741136,4.0,-5.957104456111704,-0.7161749080874613,0.0,1.074262362131192,-8.935656684167556,0.0
17.739999999999974,-0.5369650372860607,3.963794715765737,4.0,-5.945692073648606,-0.805447555929091,0.0,1.2081713338936366,-8.918538110472909,0.0
17.749999999999975,-0.5963593209790621,3.955294623701424,4.0,-5.932941935552137,-0.8945389814685931,0.0,1.3418084722028896,-8.899412903328205,0.0
17.759999999999977,-0.6556194263407152,3.945904607033053,4.0,-5.918856910549579,-0.9834291395110728,0.0,1.4751437092666093,-8.878285365824368,0.0
17.76999999999998,-0.7147320200973153,3.935626778474759,4.0,-5.903440167712138,-1.0720980301459728,0.0,1.6081470452189595,-8.855160251568208,0.0
17.77999999999998,-0.7736838021646467,3.9244634504946094,4.0,-5.886695175741914,-1.16052570324697,0.0,1.7407885548704551,-8.830042763612871,0.0
17.78999999999998,-0.832461508640445,3.912417134794304,4.0,-5.868625702191457,-1.2486922629606676,0.0,1.8730383944410012,-8.802938553287184,0.0
17.799999999999983,-0.8910519147887198,3.8994905417440564,4.0,-5.849235812616085,-1.3365778721830797,0.0,2.0048668082746195,-8.773853718924126,0.0
17.809999999999985,-0.9494418380152643,3.8856865797727687,4.0,-5.828529869659153,-1.4241627570228963,0.0,2.1362441355343447,-8.74279480448873,0.0
17.819999999999986,-1.007618140833683,3.871008354713649,4.0,-5.806512532070474,-1.5114272112505245,0.0,2.267140816875787,-8.70976879810571,0.0
17.829999999999988,-1.0655677338212712,3.855459169105413,4.0,-5.78318875365812,-1.598351600731907,0.0,2.3975274010978604,-8.67478313048718,0.0
17.83999999999999,-1.12327757856408,3.8390425214492243,4.0,-5.7585637821738365,-1.68491636784612,0.0,2.52737455176918,-8.637845673260754,0.0
17.84999999999999,-1.1807346905905034,3.8217621054215485,4.0,-5.732643158132323,-1.7711020358857552,0.0,2.6566530538286326,-8.598964737198484,0.0
17.859999999999992,-1.237926142292731,3.803621809043091,4.0,-5.705432713564637,-1.8568892134390964,0.0,2.7853338201586446,-8.558149070346955,0.0
17.869999999999994,-1.2948390658354045,3.784625713804008,4.0,-5.676938570706012,-1.942258598753107,0.0,2.91338789812966,-8.515407856059017,0.0
17.879999999999995,-1.3514606560508264,3.764778093745589,4.0,-5.647167140618383,-2.0271909840762397,0.0,3.0407864761143593,-8.470750710927575,0.0
17.889999999999997,-1.4077781733200687,3.7440834144986153,4.0,-5.616125121747923,-2.111667259980103,0.0,3.1675008899701544,-8.424187682621884,0.0
17.9,-1.4637789464393338,3.722546332278613,4.0,-5.5838194984179195,-2.195668419659001,0.0,3.293502629488501,-8.375729247626879,0.0
17.91,-1.5194503754709208,3.7001716928382224,4.0,-5.550257539257334,-2.279175563206381,0.0,3.418763344809572,-8.325386308886001,0.0
17.92,-1.5747799345781601,3.676964530376926,4.0,-5.5154467955653885,-2.36216990186724,0.0,3.5432548528008603,-8.273170193348083,0.0
17.930000000000003,-1.6297551748436725,3.6529300664083717,4.0,-5.4793950996125576,-2.444632762265509,0.0,3.6669491433982633,-8.219092649418837,0.0
17.940000000000005,-1.684363727070323,3.6280737085855588,4.0,-5.442110562878338,-2.526545590605484,0.0,3.7898183859082266,-8.163165844317508,0.0
17.950000000000006,-1.7385933045642388,3.6024010494841354,4.0,-5.403601574226203,-2.6078899568463583,0.0,3.911834935269537,-8.105402361339305,0.0
17.960000000000008,-1.7924317058992632,3.5759178653440933,4.0,-5.36387679801614,-2.6886475588488947,0.0,4.032971338273342,-8.04581519702421,0.0
17.97000000000001,-1.8458668176622246,3.5486301147701393,4.0,-5.322945172155209,-2.7688002264933367,0.0,4.153200339740005,-7.984417758232814,0.0
17.98000000000001,-1.8988866171784042,3.5205439373910328,4.0,-5.280815906086549,-2.8483299257676062,0.0,4.272494888651409,-7.921223859129824,0.0
17.990000000000013,-1.9514791752165865,3.4916656524781966,4.0,-5.237498478717295,-2.9272187628248796,0.0,4.39082814423732,-7.8562477180759425,0.0
18.000000000000014,-2.0036326586730864,3.462001757523907,4.0,-5.19300263628586,-3.0054489880096296,0.0,4.508173482014445,-7.789503954428791,0.0
18.010000000000016,-2.0553353332341464,3.4315589267793842,4.0,-5.147338390169076,-3.0830029998512196,0.0,4.62450449977683,-7.721007585253615,0.0
18.020000000000017,-2.1065755660161094,3.4003440097531175,4.0,-5.100516014629676,-3.159863349024164,0.0,4.739795023536246,-7.650774021944514,0.0
18.03000000000002,-2.157341828182768,3.3683640296697495,4.0,-5.052546044504624,-3.236012742274152,0.0,4.854019113411228,-7.578819066756936,0.0
18.04000000000002,-2.207622697539303,3.335626181889885,4.0,-5.003439272834827,-3.311434046308954,0.0,4.967151069463432,-7.505158909252241,0.0
18.050000000000022,-2.25740686110223,3.3021378322911623,4.0,-4.9532067484367435,-3.386110291653345,0.0,5.079165437480017,-7.429810122655115,0.0
18.060000000000024,-2.3066831176447726,3.267906515610964,4.0,-4.901859773416446,-3.460024676467159,0.0,5.190037014700739,-7.352789660124669,0.0
18.070000000000025,-2.355440380217092,3.23293993375113,4.0,-4.8494099006266955,-3.533160570325638,0.0,5.299740855488457,-7.274114850940043,0.0
18.080000000000027,-2.4036676786408018,3.1972459540450653,4.0,-4.795868931067598,-3.6055015179612027,0.0,5.408252276941804,-7.193803396601397,0.0
18.09000000000003,-2.451354161977214,3.1608326074876207,4.0,-4.741248911231431,-3.677031242965821,0.0,5.515546864448732,-7.1118733668471465,0.0
18.10000000000003,-2.4984891009687544,3.1237080869281537,4.0,-4.68556213039223,-3.7477336514531316,0.0,5.6216004771796975,-7.028343195588346,0.0
18.11000000000003,-2.5450618904529985,3.0858807452271724,4.0,-4.628821117840759,-3.8175928356794975,0.0,5.726389253519247,-6.943231676761138,0.0
18.120000000000033,-2.59106205174879,3.0473590933769765,4.0,-4.571038640065465,-3.886593077623185,0.0,5.8298896164347775,-6.856557960098197,0.0
18.130000000000035,-2.6364792350138995,3.008151798586721,4.0,-4.512227697880082,-3.954718852520849,0.0,5.932078278781274,-6.768341546820122,0.0
18.140000000000036,-2.6813032215736934,2.9682676823323284,4.0,-4.452401523498493,-4.0219548323605405,0.0,6.03293224854081,-6.678602285247739,0.0
18.150000000000038,-2.725523926220297,2.9277157183716964,4.0,-4.391573577557544,-4.088285889330445,0.0,6.132428833995668,-6.587360366336317,0.0
18.16000000000004,-2.769131399481718,2.8865050307256386,4.0,-4.329757546088458,-4.153697099222577,0.0,6.230545648833866,-6.494636319132686,0.0
18.17000000000004,-2.812115829860442,2.8446448916250193,4.0,-4.266967337437529,-4.218173744790663,0.0,6.327260617185995,-6.400451006156294,0.0
18.180000000000042,-2.8544675460409716,2.80214471942454,4.0,-4.20321707913681,-4.281701319061457,0.0,6.422551978592186,-6.304825618705215,0.0
18.190000000000044,-2.8961770190658362,2.7590140764836497,4.0,-4.138521114725474,-4.344265528598754,0.0,6.516398292898131,-6.2077816720882115,0.0
18.200000000000045,-2.9372348644795667,2.7152626670150535,4.0,-4.07289400052258,-4.40585229671935,0.0,6.608778445079025,-6.10934100078387,0.0
18.210000000000047,-2.9776318444401557,2.6709003349013076,4.0,-4.006350502351961,-4.466447766660234,0.0,6.69967164999035,-6.009525753527942,0.0
18.22000000000005,-3.0173588697975355,2.625937061479985,4.0,-3.9389055922199776,-4.5260383046963035,0.0,6.789057457044455,-5.908358388329966,0.0
18.23000000000005,-3.0564070021385983,2.5803829632979185,4.0,-3.870574444946878,-4.584610503207897,0.0,6.876915754811846,-5.8058616674203165,0.0
18.24000000000005,-3.0947674557983,2.5342482898350185,4.0,-3.801372434752528,-4.64215118369745,0.0,6.963226775546175,-5.702058652128792,0.0
18.250000000000053,-3.1324315998363996,2.4875434211981857,4.0,-3.7313151317972784,-4.698647399754599,0.0,7.0479710996319,-5.596972697695918,0.0
18.260000000000055,-3.1693909599793826,2.4402788657858285,4.0,-3.660418298678743,-4.754086439969074,0.0,7.1311296599536105,-5.490627448018114,0.0
18.270000000000056,-3.2056372205271377,2.392465257923518,4.0,-3.588697886885277,-4.808455830790707,0.0,7.21268374618606,-5.383046830327916,0.0
18.280000000000058,-3.2411622262239552,2.3441133554713125,4.0,-3.5161700332069685,-4.861743339335932,0.0,7.2926150090038995,-5.274255049810453,0.0
18.29000000000006,-3.2759579840934223,2.29523403740328,4.0,-3.44285105610492,-4.913936976140134,0.0,7.3709054642102005,-5.1642765841573794,0.0
18.30000000000006,-3.310016665236813,2.245838301359777,4.0,-3.3687574520396657,-4.9650249978552194,0.0,7.447537496782829,-5.053136178059498,0.0
18.310000000000063,-3.343330606594553,2.195937261173028,4.0,-3.293905891759542,-5.01499590989183,0.0,7.522493864837744,-4.940858837639313,0.0
18.320000000000064,-3.3758923126703797,2.1455421443665554,4.0,-3.2183132165498334,-5.063838469005569,0.0,7.5957577035083546,-4.82746982482475,0.0
18.330000000000066,-3.407694457217794,2.0946642896290384,4.0,-3.1419964344435574,-5.111541685826691,0.0,7.6673125287400365,-4.712994651665336,0.0
18.340000000000067,-3.4387298848884376,2.0433151442631536,4.0,-3.0649727163947302,-5.158094827332656,0.0,7.737142240998985,-4.597459074592096,0.0
18.35000000000007,-3.4689916128420144,1.9915062616099806,4.0,-2.9872593924149706,-5.203487419263022,0.0,7.805231128894532,-4.480889088622456,0.0
18.36000000000007,-3.4984728323174,1.9392492984495495,4.0,-2.908873947674324,-5.2477092484761,0.0,7.87156387271415,-4.363310921511486,0.0
18.370000000000072,-3.5271669101645857,1.8865560123781138,4.0,-2.829834018567171,-5.290750365246879,0.0,7.936125547870318,-4.244751027850756,0.0
18.380000000000074,-3.555067390337108,1.8334382591627414,4.0,-2.750157388744112,-5.3326010855056625,0.0,7.998901628258493,-4.125236083116168,0.0
18.390000000000075,-3.5821679953446326,1.779907990073817,4.0,-2.6698619851107255,-5.3732519930169484,0.0,8.059877989525424,-4.004792977666089,0.0
18.400000000000077,-3.6084626276653626,1.7259772491960566,4.0,-2.588965873794085,-5.412693941498044,0.0,8.119040912247065,-3.883448810691127,0.0
18.41000000000008,-3.6339453711179552,1.6716581707186389,4.0,-2.507487256077958,-5.450918056676933,0.0,8.1763770850154,-3.7612308841169373,0.0
18.42000000000008,-3.6586104921926386,1.6169629762050644,4.0,-2.4254444643075965,-5.487915738288958,0.0,8.231873607433437,-3.638166696461395,0.0
18.43000000000008,-3.6824524413412254,1.5619039718433552,4.0,-2.3428559577650327,-5.523678662011838,0.0,8.285517993017757,-3.514283936647549,0.0
18.440000000000083,-3.70546585422574,1.5064935456772142,4.0,-2.259740318515821,-5.558198781338611,0.0,8.337298172007916,-3.389610477773732,0.0
18.450000000000085,-3.727645552925371,1.4507441648187678,4.0,-2.1761162472281517,-5.591468329388057,0.0,8.387202494082086,-3.2641743708422277,0.0
18.460000000000086,-3.7489865471014805,1.394668372643518,4.0,-2.092002558965277,-5.6234798206522205,0.0,8.43521973097833,-3.138003838447916,0.0
18.470000000000088,-3.7694840351204104,1.3382787859681367,4.0,-2.007418178952205,-5.654226052680616,0.0,8.481339079020923,-3.0111272684283072,0.0
18.48000000000009,-3.7891334051338292,1.2815880922117338,4.0,-1.9223821383176007,-5.683700107700744,0.0,8.525550161551116,-2.883573207476401,0.0
18.49000000000009,-3.80793023611638,1.2246090465412423,4.0,-1.8369135698118635,-5.71189535417457,0.0,8.567843031261855,-2.7553703547177952,0.0
18.500000000000092,-3.8258702988603894,1.1673544690015598,4.0,-1.7510317035023397,-5.738805448290584,0.0,8.608208172435877,-2.6265475552535094,0.0
18.510000000000094,-3.8429495569274246,1.1098372416310915,4.0,-1.6647558624466372,-5.764424335391137,0.0,8.646636503086706,-2.497133793669956,0.0
18.520000000000095,-3.859164167556473,1.0520703055633471,4.0,-1.5781054583450207,-5.788746251334709,0.0,8.683119377002065,-2.367158187517531,0.0
18.530000000000097,-3.8745104825285477,0.9940666581152392,4.0,-1.4910999871728587,-5.8117657237928215,0.0,8.717648585689233,-2.2366499807592883,0.0
18.5400000000001,-3.888985048987522,0.9358393498627425,4.0,-1.4037590247941139,-5.833477573481283,0.0,8.750216360221925,-2.1056385371911706,0.0
18.5500000000001,-3.9025846102170068,0.8774014817045694,4.0,-1.3161022225568542,-5.85387691532551,0.0,8.780815372988265,-1.9741533338352812,0.0
18.5600000000001,-3.9153061063730976,0.8187662019145227,4.0,-1.228149302871784,-5.872959159559646,0.0,8.80943873933947,-1.842223954307676,0.0
18.570000000000103,-3.927146675172829,0.7599467031831889,4.0,-1.1399200547747834,-5.890720012759243,0.0,8.836080019138866,-1.7098800821621751,0.0
18.580000000000105,-3.9381036525381714,0.7009562196496402,4.0,-1.0514343294744601,-5.907155478807257,0.0,8.860733218210886,-1.5771514942116904,0.0
18.590000000000106,-3.948174573195443,0.6418080239238071,4.0,-0.9627120358857106,-5.922261859793164,0.0,8.883392789689747,-1.444068053828566,0.0
18.600000000000108,-3.957357171229982,0.5825154241001984,4.0,-0.8737731361502976,-5.936035756844973,0.0,8.90405363526746,-1.3106597042254464,0.0
18.61000000000011,-3.96564938059597,0.5230917607636357,4.0,-0.7846376411454536,-5.948474070893955,0.0,8.922711106340932,-1.1769564617181805,0.0
18.62000000000011,-3.9730493355812815,0.463550403987678,4.0,-0.6953256059815169,-5.959574003371922,0.0,8.939361005057883,-1.0429884089722754,0.0
18.630000000000113,-3.979555371227263,0.40390475032641165,4.0,-0.6058571254896175,-5.969333056840894,0.0,8.953999585261341,-0.9087856882344262,0.0
18.640000000000114,-3.985166023703342,0.3441682198002822,4.0,-0.5162523297004233,-5.9777490355550125,0.0,8.96662355333252,-0.774378494550635,0.0
18.650000000000116,-3.9898800306363804,0.28435425287664656,4.0,-0.42653137931496987,-5.984820045954571,0.0,8.977230068931856,-0.6397970689724548,0.0
18.660000000000117,-3.993696331394706,0.2244763074457241,4.0,-0.33671446116858617,-5.990544497092059,0.0,8.985816745638088,-0.5050716917528792,0.0
18.67000000000012,-3.9966140673267474,0.1645478557926287,4.0,-0.24682178368894306,-5.994921100990121,0.0,8.992381651485182,-0.3702326755334146,0.0
18.68000000000012,-3.99863258195423,0.10458238156616101,4.0,-0.1568735723492415,-5.997948872931345,0.0,8.996923309397017,-0.23531035852386228,0.0
18.690000000000122,-3.999751421119877,0.04459337674504454,4.0,-0.0668900651175668,-5.999627131679816,0.0,8.999440697519724,-0.10033509767635021,0.0
18.700000000000124,-3.9999703330895966,-0.01540566139771267,4.0,0.023108492096569004,-5.999955499634395,0.0,8.999933249451592,0.0346627381448535,0.0
18.710000000000125,-3.9992892686091195,-0.07540123333164754,4.0,0.1131018499974713,-5.998933902913679,0.0,8.99840085437052,0.16965277499620696,0.0
18.720000000000127,-3.99770838091508,-0.13537984030617936,4.0,0.20306976045926906,-5.99656257137262,0.0,8.99484385705893,0.3046046406889036,0.0
18.73000000000013,-3.995228025700541,-0.19532798738777168,4.0,0.2929919810816575,-5.992842038550811,0.0,8.989263057826216,0.4394879716224863,0.0
18.74000000000013,-3.991848761034961,-0.2552321864962355,4.0,0.3828482797443533,-5.987773141552442,0.0,8.981659712328662,0.57427241961653,0.0
18.75000000000013,-3.9875713472386334,-0.31507895943949044,4.0,0.4726184391592356,-5.98135702085795,0.0,8.972035531286926,0.7089276587388534,0.0
18.760000000000133,-3.9823967467116175,-0.37485484094610083,4.0,0.5622822614191513,-5.973595120067426,0.0,8.960392680101139,0.8434233921287269,0.0
18.770000000000135,-3.9763261237172016,-0.4345463816949054,4.0,0.6518195725423581,-5.964489185575802,0.0,8.946733778363704,0.9777293588135372,0.0
18.780000000000136,-3.9693608441199495,-0.4941401513410573,4.0,0.741210227011586,-5.9540412661799245,0.0,8.931061899269887,1.111815340517379,0.0
18.790000000000138,-3.9615024750783854,-0.5536227415377957,4.0,0.8304341123066935,-5.942253712617578,0.0,8.913380568926367,1.2456511684600402,0.0
18.80000000000014,-3.952752784692392,-0.6129807689532665,4.0,0.9194711534298997,-5.929129177038588,0.0,8.893693765557883,1.3792067301448496,0.0
18.81000000000014,-3.943113741605394,-0.6722008782817159,4.0,1.008301317422574,-5.9146706124080906,0.0,8.872005918612135,1.5124519761338608,0.0
18.820000000000142,-3.932587514561421,-0.7312697452483782,4.0,1.0969046178725672,-5.898881271842131,0.0,8.848321907763196,1.6453569268088508,0.0
18.830000000000144,-3.9211764719171502,-0.7901740796073807,4.0,1.1852611194110712,-5.881764707875726,0.0,8.822647061813589,1.7778916791166066,0.0
18.840000000000146,-3.9088831811090374,-0.8489006281319934,4.0,1.27335094219799,-5.863324771663557,0.0,8.794987157495335,1.910026413296985,0.0
18.850000000000147,-3.895710408075652,-0.907436177596549,4.0,1.3611542663948235,-5.843565612113478,0.0,8.765348418170218,2.0417313995922353,0.0
18.86000000000015,-3.881661116635355,-0.9657675577493631,4.0,1.4486513366240445,-5.822491674953032,0.0,8.733737512429549,2.172977004936067,0.0
18.87000000000015,-3.8667384678194496,-1.0238816442759848,4.0,1.5358224664139772,-5.800107701729175,0.0,8.700161552593762,2.303733699620966,0.0
18.88000000000015,-3.8509458191609656,-1.0817653617521128,4.0,1.6226480426281693,-5.776418728741448,0.0,8.664628093112173,2.433972063942254,0.0
18.890000000000153,-3.834286723939226,-1.13940568658551,4.0,1.709108529878265,-5.751430085908839,0.0,8.627145128863258,2.5636627948173976,0.0
18.900000000000155,-3.816764930380376,-1.196789649946257,4.0,1.7951844749193855,-5.725147395570564,0.0,8.587721093355846,2.6927767123790782,0.0
18.910000000000156,-3.7983843808140465,-1.2539043406846846,4.0,1.880856511027027,-5.69757657122107,0.0,8.546364856831605,2.8212847665405403,0.0
18.920000000000158,-3.7791492107863474,-1.3107369082363274,4.0,1.966105362354491,-5.668723816179521,0.0,8.503085724269281,2.9491580435317366,0.0
18.93000000000016,-3.759063748129388,-1.3672745655132468,4.0,2.05091184826987,-5.638595622194082,0.0,8.457893433291122,3.0763677724048053,0.0
18.94000000000016,-3.7381325119875304,-1.423504591781072,4.0,2.1352568876716083,-5.607198767981296,0.0,8.410798151971944,3.202885331507412,0.0
18.950000000000163,-3.7163602118006036,-1.4794143355211113,4.0,2.219121503281667,-5.574540317700905,0.0,8.361810476551359,3.3286822549225006,0.0
18.960000000000164,-3.693751746244299,-1.534991217276891,4.0,2.302486825915336,-5.5406276193664485,0.0,8.310941429049674,3.4537302388730047,0.0
18.970000000000166,-3.6703122021279877,-1.5902227324844789,4.0,2.385334098726718,-5.505468303191981,0.0,8.258202454787972,3.5780011480900775,0.0
18.980000000000167,-3.6460468532502106,-1.6450964542859596,4.0,2.4676446814289394,-5.469070279875316,0.0,8.203605419812973,3.701467022143409,0.0
18.99000000000017,-3.620961159212097,-1.6996000363254244,4.0,2.5494000544881366,-5.431441738818146,0.0,8.14716260822722,3.824100081732205,0.0
19.00000000000017,-3.5950607641889767,-1.75372121552685,4.0,2.630581823290275,-5.392591146283465,0.0,8.088886719425197,3.9458727349354126,0.0
19.010000000000172,-3.568351495660462,-1.8074478148532378,4.0,2.7111717222798566,-5.352527243490693,0.0,8.02879086523604,4.066757583419785,0.0
19.020000000000174,-3.540839363099294,-1.860767746046397,4.0,2.7911516190695953,-5.31125904464894,0.0,7.966888566973411,4.186727428604393,0.0
19.030000000000175,-3.512530556619232,-1.9136690123467508,4.0,2.870503518520126,-5.268795834928848,0.0,7.903193752393272,4.3057552777801895,0.0
19.040000000000177,-3.483431445582308,-1.966139711192557,4.0,2.949209566788835,-5.225147168373462,0.0,7.837720752560193,4.423814350183253,0.0
19.05000000000018,-3.453548577165744,-2.0181680368979347,4.0,3.027252055346902,-5.180322865748616,0.0,7.770484298622924,4.540878083020353,0.0
19.06000000000018,-3.422888674888867,-2.069742283309093,4.0,3.104613424963639,-5.1343330123333,0.0,7.701499518499951,4.656920137445459,0.0
19.07000000000018,-3.391458637100343,-2.120850846438166,4.0,3.181276269657249,-5.087187955650514,0.0,7.630781933475771,4.771914404485874,0.0
19.080000000000183,-3.35926553542608,-2.171482227074063,4.0,3.257223340611094,-5.038898303139121,0.0,7.55834745470868,4.885835010916641,0.0
19.090000000000185,-3.3263166131781414,-2.2216250333697403,4.0,3.3324375500546104,-4.989474919767212,0.0,7.484212379650819,4.998656325081916,0.0
19.100000000000186,-3.2926192837250303,-2.2712679834053198,4.0,3.4069019751079797,-4.938928925587545,0.0,7.4083933883813184,5.1103529626619695,0.0
19.110000000000188,-3.258181128823715,-2.3203999077264728,4.0,3.480599861589709,-4.887271693235572,0.0,7.330907539853358,5.2208997923845635,0.0
19.12000000000019,-3.2230098969137626,-2.369009751857501,4.0,3.5535146277862513,-4.834514845370644,0.0,7.251772268055966,5.330271941679377,0.0
19.13000000000019,-3.1871135013739753,-2.4170865787885463,4.0,3.6256298681828194,-4.780670252060963,0.0,7.1710053780914444,5.438444802274229,0.0
19.140000000000192,-3.1505000187419134,-2.4646195714363714,4.0,3.6969293571545574,-4.72575002811287,0.0,7.088625042169305,5.545394035731836,0.0
19.150000000000194,-3.1131776868967065,-2.5115980350781593,4.0,3.767397052617239,-4.6697665303450595,0.0,7.004649795517589,5.651095578925858,0.0
19.160000000000196,-3.075154903205568,-2.5580113997577794,4.0,3.837017099636669,-4.612732354808352,0.0,6.919098532212528,5.755525649455004,0.0
19.170000000000197,-3.0364402226344205,-2.6038492226639836,4.0,3.9057738339959753,-4.554660333951631,0.0,6.831990500927446,5.8586607509939626,0.0
19.1800000000002,-2.997042355823066,-2.649101190479995,4.0,3.9736517857199924,-4.495563533734599,0.0,6.743345300601899,5.960477678579989,0.0
19.1900000000002,-2.9569701671253292,-2.69375712170396,4.0,4.04063568255594,-4.435455250687994,0.0,6.653182876031991,6.06095352383391,0.0
19.200000000000202,-2.9162326726146137,-2.737806968939744,4.0,4.106710453409616,-4.374349008921921,0.0,6.56152351338288,6.160065680114424,0.0
19.210000000000203,-2.874839038055324,-2.781240821157553,4.0,4.1718612317363295,-4.312258557082986,0.0,6.468387835624479,6.257791847604494,0.0
19.220000000000205,-2.8327985768406077,-2.8240489059238736,4.0,4.23607335888581,-4.2491978652609115,0.0,6.373796797891368,6.354110038328716,0.0
19.230000000000206,-2.7901207478968817,-2.8662215916002283,4.0,4.299332387400343,-4.185181121845322,0.0,6.277771682767984,6.448998581100514,0.0
19.240000000000208,-2.746815153555613,-2.907749389510254,4.0,4.361624084265381,-4.12022273033342,0.0,6.180334095500129,6.542436126398072,0.0
19.25000000000021,-2.702891537392833,-2.948622956074616,4.0,4.422934434111925,-4.054337306089249,0.0,6.0815059591338745,6.634401651167886,0.0
19.26000000000021,-2.6583597820368783,-2.988833094913271,4.0,4.483249642369906,-3.987539673055317,0.0,5.981309509582976,6.72487446355486,0.0
19.270000000000213,-2.613229906944836,-3.0283707589146154,4.0,4.542556138371923,-3.919844860417254,0.0,5.879767290625882,6.813834207557885,0.0
19.280000000000214,-2.5675120661482125,-3.067227052271047,4.0,4.6008405784065705,-3.8512680992223185,0.0,5.776902148833478,6.901260867609856,0.0
19.290000000000216,-2.521216545968316,-3.105393232480485,4.0,4.658089848720728,-3.7818248189524737,0.0,5.67273722842871,6.987134773081091,0.0
19.300000000000217,-2.4743537627018783,-3.1428607123133943,4.0,4.714291068470091,-3.7115306440528175,0.0,5.567295966079226,7.071436602705137,0.0
19.31000000000022,-2.426934260277435,-3.1796210617448772,4.0,4.769431592617316,-3.6404013904161525,0.0,5.460602085624228,7.154147388925974,0.0
19.32000000000022,-2.378968707882981,-3.215666009851393,4.0,4.82349901477709,-3.5684530618244716,0.0,5.352679592736708,7.235248522165635,0.0
19.330000000000222,-2.3304678975654527,-3.2509874466716817,4.0,4.876481170007523,-3.495701846348179,0.0,5.243552769522268,7.314721755011284,0.0
19.340000000000224,-2.2814427418025596,-3.285577425031469,4.0,4.928366137547203,-3.4221641127038396,0.0,5.133246169055759,7.392549206320806,0.0
19.350000000000225,-2.231904271047525,-3.3194281623315507,4.0,4.979142243497326,-3.3478564065712875,0.0,5.021784609856931,7.468713365245989,0.0
19.360000000000227,-2.1818636312472806,-3.35253204229884,4.0,5.02879806344826,-3.272795446870921,0.0,4.909193170306382,7.54319709517239,0.0
19.37000000000023,-2.1313320813346732,-3.3848816167000004,4.0,5.077322425050001,-3.19699812200201,0.0,4.795497183003015,7.615983637575001,0.0
19.38000000000023,-2.0803209906952556,-3.4164696070172655,4.0,5.124704410525898,-3.120481486042883,0.0,4.680722229064325,7.687056615788848,0.0
19.39000000000023,-2.02884183660922,-3.447288906086075,4.0,5.170933359129112,-3.04326275491383,0.0,4.564894132370745,7.756400038693669,0.0
19.400000000000233,-1.9769062016690593,-3.477332579694156,4.0,5.215998869541234,-2.9653593025035887,0.0,4.4480389537553835,7.823998304311851,0.0
19.410000000000235,-1.9245257711735337,-3.5065938681416924,4.0,5.259890802212539,-2.8867886567603005,0.0,4.330182985140451,7.889836203318808,0.0
19.420000000000236,-1.8717123304985261,-3.5350661877622285,4.0,5.302599281643342,-2.8075684957477893,0.0,4.211352743621684,7.953898922465014,0.0
19.430000000000238,-1.8184777624453836,-3.562743132403967,4.0,5.344114698605951,-2.7277166436680753,0.0,4.091574965502113,8.016172047908926,0.0
19.44000000000024,-1.7648340445673363,-3.5896184748711244,4.0,5.384427712306687,-2.6472510668510045,0.0,3.970876600276507,8.07664156846003,0.0
19.45000000000024,-1.7107932464745992,-3.615686168325025,4.0,5.423529252487538,-2.5661898697118986,0.0,3.8492848045678483,8.135293878731307,0.0
19.460000000000242,-1.6563675271187601,-3.640940347644614,4.0,5.461410521466921,-2.48455129067814,0.0,3.7268269360172104,8.192115782200382,0.0
19.470000000000244,-1.6015691320570673,-3.6653753307460852,4.0,5.498062996119128,-2.402353698085601,0.0,3.6035305471284014,8.247094494178691,0.0
19.480000000000246,-1.5464103906972309,-3.6889856198613242,4.0,5.533478429791987,-2.3196155860458463,0.0,3.4794233790687694,8.30021764468798,0.0
19.490000000000247,-1.4909037135233572,-3.7117659027748857,4.0,5.567648854162329,-2.2363555702850357,0.0,3.3545333554275536,8.351473281243493,0.0
19.50000000000025,-1.4350615893036438,-3.733711054019218,4.0,5.600566581028827,-2.152592383955466,0.0,3.2288885759331984,8.40084987154324,0.0
19.51000000000025,-1.3788965822804577,-3.754816136027871,4.0,5.6322242040418065,-2.0683448734206866,0.0,3.10251731013103,8.44833630606271,0.0
19.520000000000252,-1.3224213293434348,-3.7750764002464297,4.0,5.662614600369644,-1.9836319940151523,0.0,2.9754479910227283,8.493921900554467,0.0
19.530000000000253,-1.2656485371862327,-3.794487288200917,4.0,5.691730932301375,-1.898472805779349,0.0,2.8477092086690234,8.537596398452063,0.0
19.540000000000255,-1.2085909794475784,-3.8130444325234323,4.0,5.719566648785149,-1.8128864691713678,0.0,2.7193297037570514,8.579349973177722,0.0
19.550000000000257,-1.1512614938372534,-3.83074365793479,4.0,5.746115486902186,-1.72689224075588,0.0,2.59033836113382,8.619173230353278,0.0
19.560000000000258,-1.093672979247663,-3.847580982183941,4.0,5.771371473275911,-1.6405094688714943,0.0,2.4607642033072414,8.657057209913868,0.0
19.57000000000026,-1.0358383928516401,-3.863552616943961,4.0,5.795328925415942,-1.5537575892774602,0.0,2.3306363839161905,8.692993388123913,0.0
19.58000000000026,-0.977770747187136,-3.878654968664409,4.0,5.817982452996613,-1.466656120780704,0.0,2.199984181171056,8.72697367949492,0.0
19.590000000000263,-0.9194831072294543,-3.8928846393798606,4.0,5.8393269590697905,-1.3792246608441814,0.0,2.068836991266272,8.758990438604686,0.0
19.600000000000264,-0.860988587451686,-3.9062384274744355,4.0,5.859357641211654,-1.291482881177529,0.0,1.9372243217662937,8.78903646181748,0.0
19.610000000000266,-0.8023003488740096,-3.918713328402148,4.0,5.878069992603222,-1.2034505233110144,0.0,1.8051757849665215,8.817104988904832,0.0
19.620000000000267,-0.7434315961025156,-3.9303065353629183,4.0,5.8954598030443774,-1.1151473941537735,0.0,1.6727210912306603,8.843189704566566,0.0
19.63000000000027,-0.6843955743582272,-3.941015439934088,4.0,5.911523159901132,-1.0265933615373408,0.0,1.5398900423060111,8.867284739851698,0.0
19.64000000000027,-0.6252055664969802,-3.9508376326573065,4.0,5.92625644898596,-0.9378083497454703,0.0,1.4067125246182055,8.88938467347894,0.0
19.650000000000272,-0.5658748900208377,-3.9597709035806483,4.0,5.939656355370973,-0.8488123350312565,0.0,1.2732185025468847,8.909484533056458,0.0
19.660000000000274,-0.5064168940817072,-3.967813242755843,4.0,5.951719864133764,-0.7596253411225609,0.0,1.1394380116838412,8.927579796200646,0.0
19.670000000000275,-0.4468449564778386,-3.9749628406905035,4.0,5.962444261035755,-0.6702674347167579,0.0,1.005401152075137,8.943666391553633,0.0
19.680000000000277,-0.3871724806438755,-3.981218088755258,4.0,5.971827133132887,-0.5807587209658133,0.0,0.8711380814487198,8.95774069969933,0.0
19.69000000000028,-0.3274128926351392,-3.98657757954568,4.0,5.97986636931852,-0.49111933895270876,0.0,0.7366790084290631,8.96979955397778,0.0
19.70000000000028,-0.2675796381068227,-3.991040107198952,4.0,5.986560160798428,-0.4013694571602341,0.0,0.6020541857403512,8.979840241197643,0.0
19.71000000000028,-0.20768617928877536,-3.9946046676651785,4.0,5.991907001497768,-0.311529268933163,0.0,0.4672939033997446,8.987860502246651,0.0
19.720000000000283,-0.1477459919565575,-3.997270458933292,4.0,5.995905688399938,-0.22161898793483625,0.0,0.3324284819022544,8.993858532599907,0.0
19.730000000000285,-0.08777256239944815,-3.9990368812115045,4.0,5.998555321817257,-0.13165884359917224,0.0,0.19748826539875836,8.997832982725885,0.0
19.740000000000286,-0.027779384386086656,-3.999903537062254,4.0,5.999855305593381,-0.041669076579129986,0.0,0.06250361486869498,8.999782958390071,0.0
19.750000000000288,0.03222004387156832,-3.9998702314916312,4.0,5.999805347237447,0.04833006580735248,0.0,-0.07249509871102872,8.99970802085617,0.0
19.76000000000029,0.09221222275527947,-3.9989369719932486,4.0,5.998405457989873,0.13831833413291922,0.0,-0.20747750119937883,8.99760818698481,0.0
19.77000000000029,0.1521836542778881,-3.997103968546556,4.0,5.995655952819834,0.22827548141683215,0.0,-0.3424132221252482,8.99348392922975,0.0
19.780000000000292,0.21212084512030416,-3.9943716335695965,4.0,5.991557450354395,0.31818126768045624,0.0,-0.4772719015206843,8.987336175531592,0.0
19.790000000000294,0.27201030966744627,-3.9907405818262127,4.0,5.986110872739319,0.40801546450116943,0.0,-0.6120231967517541,8.97916630910898,0.0
19.800000000000296,0.33183857304244807,-3.9862116302877286,4.0,5.979317445431593,0.49775785956367213,0.0,-0.7466367893455081,8.968976168147389,0.0
19.810000000000297,0.3915921741384488,-3.980785797949134,4.0,5.971178696923701,0.5873882612076733,0.0,-0.8810823918115098,8.956768045385552,0.0
19.8200000000003,0.4512576686472855,-3.9744643055998146,4.0,5.961696458399722,0.6768865029709282,0.0,-1.0153297544563924,8.942544687599582,0.0
19.8300000000003,0.5108216320844056,-3.9672485755488807,4.0,5.950872863323321,0.7662324481266083,0.0,-1.1493486721899124,8.926309294984982,0.0
19.840000000000302,0.5702706628093192,-3.959140231305153,4.0,5.93871034695773,0.8554059942139787,0.0,-1.2831089913209681,8.908065520436594,0.0
19.850000000000303,0.6295913850409119,-3.950141097211879,4.0,5.925211645817818,0.9443870775613679,0.0,-1.4165806163420518,8.887817468726727,0.0
19.860000000000305,0.6887704518669393,-3.940253198036265,4.0,5.910379797054397,1.033155677800409,0.0,-1.5497335167006134,8.865569695581597,0.0
19.870000000000307,0.7477945482470252,-3.929478758513911,4.0,5.894218137770866,1.1216918223705377,0.0,-1.6825377335558067,8.841327206656299,0.0
19.880000000000308,0.80665039400849,-3.917820202848256,4.0,5.8767303042723835,1.209975591012735,0.0,-1.8149633865191026,8.815095456408576,0.0
19.89000000000031,0.8653247468343337,-3.9052801541651396,4.0,5.857920231247709,1.2979871202515005,0.0,-1.946980680377251,8.786880346871564,0.0
19.90000000000031,0.9238044052427011,-3.8918614339226134,4.0,5.83779215088392,1.3857066078640516,0.0,-2.0785599117960776,8.75668822632588,0.0
19.910000000000313,0.9820762115571595,-3.8775670612761215,4.0,5.8163505919141825,1.4731143173357393,0.0,-2.209671476003609,8.724525887871273,0.0
19.920000000000314,1.0401270548671204,-3.862400252399206,4.0,5.793600378598809,1.5601905823006805,0.0,-2.340285873451021,8.690400567898214,0.0
19.930000000000316,1.0979438739777394,-3.8463644197598796,4.0,5.7695466296398195,1.646915810966609,0.0,-2.4703737164499135,8.65431994445973,0.0
19.940000000000317,1.1555136603486293,-3.829463171352835,4.0,5.744194757029253,1.7332704905229441,0.0,-2.599905735784416,8.61629213554388,0.0
19.95000000000032,1.2128234610207274,-3.8117003098876627,4.0,5.717550464831494,1.819235191531091,0.0,-2.7288527872966366,8.576325697247242,0.0
19.96000000000032,1.2698603815306564,-3.7930798319332557,4.0,5.689619747899884,1.9047905722959846,0.0,-2.8571858584439767,8.534429621849826,0.0
19.970000000000322,1.3266115888119243,-3.773605927018599,4.0,5.660408890527899,1.9899173832178865,0.0,-2.98487607482683,8.490613335791847,0.0
19.980000000000324,1.3830643140823102,-3.753282976690144,4.0,5.629924465035216,2.0745964711234652,0.0,-3.111894706685198,8.444886697552823,0.0
19.990000000000325,1.4392058557167864,-3.7321155535259773,4.0,5.598173330288966,2.1588087835751795,0.0,-3.238213175362769,8.39725999543345,0.0
20.000000000000327,1.4950235821053304,-3.710108420107012,4.0,5.5651626301605175,2.2425353731579953,0.0,-3.3638030597369935,8.347743945240776,0.0
20.01000000000033,1.5505049344949842,-3.6872665279454244,4.0,5.530899791918136,2.325757401742476,0.0,-3.4886361026137145,8.296349687877205,0.0
20.02000000000033,1.60563742981552,-3.6635950163705884,4.0,5.495392524555882,2.40845614472328,0.0,-3.61268421708492,8.243088786833823,0.0
20.03000000000033,1.6604086634880797,-3.639099211372744,4.0,5.458648817059116,2.4906129952321194,0.0,-3.735919492848179,8.187973225588674,0.0
20.040000000000333,1.714806312216151,-3.613784624404676,4.0,5.4206769366070136,2.5722094683242265,0.0,-3.8583142024863397,8.13101540491052,0.0
20.050000000000335,1.7688181367582583,-3.587656951141656,4.0,5.381485426712484,2.6532272051373873,0.0,-3.979840807706081,8.072228140068725,0.0
20.060000000000336,1.8224319846817407,-3.5607220701999434,4.0,5.341083105299915,2.733647977022611,0.0,-4.100471965533917,8.011624657949872,0.0
20.070000000000338,1.875635793096997,-3.5329860418141195,4.0,5.299479062721179,2.8134536896454954,0.0,-4.220180534468243,7.949218594081769,0.0
20.08000000000034,1.9284175913715853,-3.5044551064735603,4.0,5.25668265971034,2.892626387057378,0.0,-4.338939580586067,7.885023989565511,0.0
20.09000000000034,1.9807655038235659,-3.475135683518354,4.0,5.212703525277531,2.971148255735349,0.0,-4.456722383603023,7.819055287916296,0.0
20.100000000000342,2.0326677523934777,-3.445034369694974,4.0,5.167551554542461,3.049001628590217,0.0,-4.573502442885325,7.751327331813691,0.0
20.110000000000344,2.084112659294354,-3.4141579376720426,4.0,5.121236906508064,3.126168988941531,0.0,-4.689253483412297,7.681855359762096,0.0
20.120000000000346,2.135088649639173,-3.382513334516506,4.0,5.073770001774759,3.20263297445876,0.0,-4.8039494616881395,7.6106550026621385,0.0
20.130000000000347,2.1855842540451613,-3.3501076801305736,4.0,5.02516152019586,3.278376381067742,0.0,-4.917564571601613,7.537742280293791,0.0
20.14000000000035,2.2355881112143536,-3.3169482656497733,4.0,4.9754223984746595,3.3533821668215307,0.0,-5.030073250232296,7.46313359771199,0.0
20.15000000000035,2.2850889704898396,-3.2830425518024717,4.0,4.924563827703707,3.4276334557347594,0.0,-5.141450183602139,7.386845741555561,0.0
20.160000000000352,2.3340756943871117,-3.2483981672312465,4.0,4.872597250846869,3.5011135415806676,0.0,-5.251670312371001,7.308895876270305,0.0
20.170000000000353,2.3825372610999547,-3.2130229067764713,4.0,4.819534360164707,3.573805891649932,0.0,-5.360708837474898,7.229301540247061,0.0
20.180000000000355,2.430462766980304,-3.17692472972251,4.0,4.765387094583765,3.6456941504704563,0.0,-5.4685412257056845,7.148080641875648,0.0
20.190000000000357,2.4778414289915207,-3.140111758006912,4.0,4.710167637010368,3.716762143487281,0.0,-5.575143215230922,7.065251455515552,0.0
20.200000000000358,2.524662587134529,-3.102592274393009,4.0,4.653888411589514,3.786993880701794,0.0,-5.6804908210526905,6.980832617384271,0.0
20.21000000000036,2.5709157068462725,-3.0643747206063314,4.0,4.596562080909497,3.8563735602694087,0.0,-5.784560340404113,6.894843121364246,0.0
20.22000000000036,2.616590381369945,-3.0254676954352506,4.0,4.538201543152876,3.9248855720549174,0.0,-5.887328358082376,6.807302314729314,0.0
20.230000000000363,2.661676334096467,-2.9858799527962927,4.0,4.478819929194439,3.9925145011447003,0.0,-5.98877175171705,6.7182298937916585,0.0
20.240000000000364,2.7061634208766803,-2.9456203997645427,4.0,4.418430599646814,4.05924513131502,0.0,-6.088867696972531,6.627645899470221,0.0
20.250000000000366,2.7500416323037373,-2.9046980945695884,4.0,4.357047141854382,4.125062448455606,0.0,-6.187593672683409,6.535570712781574,0.0
20.260000000000367,2.793301095965177,-2.863122244557459,4.0,4.294683366836188,4.189951643947766,0.0,-6.2849274659216485,6.442025050254283,0.0
20.27000000000037,2.8359320786641753,-2.82090220411901,4.0,4.231353306178515,4.253898117996263,0.0,-6.380847176994394,6.347029959267772,0.0
20.28000000000037,2.8779249886094727,-2.778047472585227,4.0,4.16707120887784,4.316887482914209,0.0,-6.475331224371313,6.250606813316761,0.0
20.290000000000372,2.919270377573488,-2.7345676920899114,4.0,4.101851538134867,4.378905566360232,0.0,-6.568358349540349,6.1527773072023,0.0
20.300000000000374,2.959958943018129,-2.6904726454002468,4.0,4.03570896810037,4.439938414527193,0.0,-6.65990762179079,6.053563452150556,0.0
20.310000000000375,2.9999815301878234,-2.6457722537157133,4.0,3.96865838057357,4.499972295281735,0.0,-6.749958442922603,5.952987570860355,0.0
20.320000000000377,3.039329134169303,-2.6004765744358616,4.0,3.9007148616537926,4.5589937012539545,0.0,-6.838490551880932,5.851072292480689,0.0
20.33000000000038,3.077992901917668,-2.55459579889744,4.0,3.8318936983461604,4.6169893528765025,0.0,-6.925484029314753,5.747840547519241,0.0
20.34000000000038,3.115964134248287,-2.508140250081387,4.0,3.7622103751220806,4.673946201372431,0.0,-7.010919302058646,5.643315562683121,0.0
20.35000000000038,3.1532342877940747,-2.461120380290203,4.0,3.6916805704353046,4.729851431691112,0.0,-7.094777147536668,5.537520855652957,0.0
20.360000000000383,3.1897949769277165,-2.4135467687962273,4.0,3.620320153194341,4.784692465391575,0.0,-7.177038698087362,5.430480229791511,0.0
20.370000000000385,3.2256379756483957,-2.365430119461346,4.0,3.5481451791920193,4.838456963472593,0.0,-7.257685445208891,5.322217768788029,0.0
20.380000000000386,3.2607552194326126,-2.31678125832867,4.0,3.4751718874930053,4.891132829148919,0.0,-7.336699243723379,5.212757831239508,0.0
20.390000000000388,3.2951388070486645,-2.2676111311867175,4.0,3.4014166967800765,4.942708210572997,0.0,-7.414062315859495,5.102125045170115,0.0
20.40000000000039,3.3287810023343933,-2.2179308011066605,4.0,3.3268962016599906,4.99317150350159,0.0,-7.4897572552523854,4.990344302489986,0.0
20.41000000000039,3.361674235937786,-2.1677514459531797,4.0,3.2516271689297698,5.042511353906679,0.0,-7.563767030860019,4.877440753394654,0.0
20.420000000000393,3.39381110702005,-2.1170843558694923,4.0,3.1756265338042384,5.0907166605300755,0.0,-7.636074990795112,4.763439800706358,0.0
20.430000000000394,3.425184384920767,-2.065940930737117,4.0,3.0989113961056756,5.137776577381151,0.0,-7.706664866071726,4.648367094158513,0.0
20.440000000000396,3.4557870107847655,-2.0143326776109487,4.0,3.0214990164164233,5.183680516177148,0.0,-7.775520774265722,4.5322485246246345,0.0
20.450000000000397,3.4856120991503294,-1.9622712081302203,4.0,2.9434068121953305,5.228418148725494,0.0,-7.8426272230882415,4.4151102182929955,0.0
20.4600000000004,3.5146529394984003,-1.909768235905932,4.0,2.864652353858898,5.2719794092476,0.0,-7.907969113871401,4.296978530788347,0.0
20.4700000000004,3.5429029977624147,-1.856835573885339,4.0,2.7852533608280083,5.314354496643622,0.0,-7.971531744965433,4.1778800412420125,0.0
20.480000000000402,3.5703559177984423,-1.8034851316940883,4.0,2.7052276975411322,5.355533876697663,0.0,-8.033300815046495,4.057841546311699,0.0
20.490000000000403,3.5970055228152913,-1.7497289129566023,4.0,2.6245933694349035,5.395508284222937,0.0,-8.093262426334405,3.936890054152355,0.0
20.500000000000405,3.62284581676426,-1.6955790125953143,4.0,2.5433685188929713,5.43426872514639,0.0,-8.151403087719585,3.815052778339457,0.0
20.510000000000407,3.647870985688223,-1.6410476141093628,4.0,2.4615714211640443,5.471806478532335,0.0,-8.207709717798503,3.6923571317460664,0.0
20.520000000000408,3.6720753990297466,-1.5861469868333542,4.0,2.3792204802500314,5.508113098544619,0.0,-8.262169647816929,3.568830720375047,0.0
20.53000000000041,3.69545361089794,-1.5308894831768156,4.0,2.296334224765223,5.54318041634691,0.0,-8.314770624520365,3.4445013371478352,0.0
20.54000000000041,3.7180003612937593,-1.4752875358449538,4.0,2.2129313037674305,5.577000541940639,0.0,-8.365500812910959,3.319396955651146,0.0
20.550000000000413,3.7397105772934838,-1.4193536550413495,4.0,2.1290304825620243,5.609565865940226,0.0,-8.41434879891034,3.1935457238430365,0.0
20.560000000000414,3.760579374190103,-1.363100425653214,4.0,2.044650638479821,5.640869061285154,0.0,-8.46130359192773,3.0669759577197313,0.0
20.570000000000416,3.7806020565923544,-1.3065405044198435,4.0,1.9598107566297651,5.670903084888532,0.0,-8.506354627332797,2.9397161349446477,0.0
20.580000000000418,3.7997741194811683,-1.2496866170849048,4.0,1.8745299256273573,5.699661179221753,0.0,-8.54949176883263,2.8117948884410358,0.0
20.59000000000042,3.8180912492232753,-1.1925515555331978,4.0,1.7888273332997966,5.727136873834913,0.0,-8.59070531075237,2.683240999949695,0.0
20.60000000000042,3.8355493245417587,-1.1351481749125352,4.0,1.7027222623688028,5.753323986812638,0.0,-8.629985980218956,2.554083393553204,0.0
20.610000000000422,3.8521444174433226,-1.0774893907413874,4.0,1.616234086112081,5.778216626164983,0.0,-8.667324939247475,2.4243511291681217,0.0
20.620000000000424,3.8678727941020736,-1.0195881760029473,4.0,1.529382264004421,5.801809191153111,0.0,-8.702713786729666,2.2940733960066315,0.0
20.630000000000425,3.882730915699618,-0.9614575582262617,4.0,1.4421863373393924,5.824096373549427,0.0,-8.73614456032414,2.1632795060090886,0.0
20.640000000000427,3.896715439221278,-0.9031106165550938,4.0,1.3546659248326407,5.845073158831917,0.0,-8.767609738247875,2.031998887248961,0.0
20.65000000000043,3.9098232182082584,-0.8445604788051705,4.0,1.2668407182077557,5.864734827312388,0.0,-8.79710224096858,1.9002610773116335,0.0
20.66000000000043,3.9220513034655844,-0.7858203185104787,4.0,1.1787304777657182,5.883076955198376,0.0,-8.824615432797565,1.7680957166485771,0.0
20.67000000000043,3.933396943725661,-0.7269033519592767,4.0,1.090355027938915,5.900095415588491,0.0,-8.850143123382736,1.6355325419083726,0.0
20.680000000000433,3.9438575862672924,-0.6678228352204844,4.0,1.0017342528307265,5.915786379400939,0.0,-8.873679569101409,1.5026013792460897,0.0
20.690000000000435,3.9534308774900384,-0.6085920611611239,4.0,0.9128880917416857,5.930146316235057,0.0,-8.895219474352587,1.3693321376125287,0.0
20.700000000000436,3.9621146634437605,-0.5492243564554805,4.0,0.8238365346832208,5.943171995165641,0.0,-8.914757992748461,1.2357548020248312,0.0
20.710000000000438,3.9699069903132536,-0.48973307858665766,4.0,0.7345996178799865,5.95486048546988,0.0,-8.932290728204821,1.1018994268199798,0.0
20.72000000000044,3.9768061048578454,-0.43013161284119866,4.0,0.645197419261798,5.965209157286768,0.0,-8.947813735930152,0.967796128892697,0.0
20.73000000000044,3.982810454805869,-0.3704333692974545,4.0,0.5556500539461817,5.974215682208804,0.0,-8.961323523313206,0.8334750809192727,0.0
20.740000000000443,3.9879186892039176,-0.31065177980837255,4.0,0.46597766971255883,5.981878033805876,0.0,-8.972817050708814,0.6989665045688382,0.0
20.750000000000444,3.9921296587208004,-0.250800294979386,4.0,0.376200442469079,5.9881944880812,0.0,-8.982291732121801,0.5643006637036185,0.0
20.760000000000446,3.9954424159061417,-0.19089238114208493,4.0,0.2863385717131274,5.993163623859212,0.0,-8.98974543578882,0.42950785756969106,0.0
20.770000000000447,3.99785621540355,-0.13094151732434808,4.0,0.1964122759865221,5.9967843231053255,0.0,-8.995176484657987,0.29461841397978317,0.0
20.78000000000045,3.99979023630206,-0.04096419879250254,4.0,0.09216944728313073,8.999528031679635,0.0,-20.24893807127918,0.20738125638704413,0.0
20.79000000000045,3.9996994488172075,0.04903385699010678,4.0,-0.11032617822774025,8.999323759838717,0.0,-20.248478459637113,-0.24823390101241558,0.0
20.800000000000452,3.997583898908218,0.13900709042983397,4.0,-0.31276595346712643,8.994563772543492,0.0,-20.237768488222855,-0.7037233953010344,0.0
20.810000000000453,3.9934446575270517,0.22890995449881402,4.0,-0.5150473976223315,8.985250479435866,0.0,-20.2168135787307,-1.158856644650246,0.0
20.820000000000455,3.987283820076255,0.318696937792173,4.0,-0.7170681100323892,8.971388595171573,0.0,-20.18562433913604,-1.613403247572876,0.0
20.830000000000457,3.97910450534821,0.40832258756720474,4.0,-0.9187258220262107,8.952985137033473,0.0,-20.14421655832531,-2.067133099558974,0.0
20.840000000000458,3.968910853946312,0.4977415327528512,4.0,-1.1199184486939153,8.930049421379202,0.0,-20.092611198103207,-2.519816509561309,0.0
20.85000000000046,3.9567080261888763,0.586908506917838,4.0,-1.3205441405651355,8.902593058924971,0.0,-20.030834382581187,-2.971224316271555,0.0
20.86000000000046,3.942502199496839,0.6757783711858387,4.0,-1.5205013351681371,8.870629948867888,0.0,-19.95891738495275,-3.4211280041283088,0.0
20.870000000000463,3.9263005652665686,0.7643061370860669,4.0,-1.7196888084436504,8.83417627184978,0.0,-19.876896611662005,-3.8692998189982135,0.0
20.880000000000464,3.9081113252293735,0.8524469893277282,4.0,-1.9180057259873884,8.79325048176609,0.0,-19.784813583973705,-4.315512883471624,0.0
20.890000000000466,3.8879436872995554,0.9401563084868051,4.0,-2.1153516940953114,8.747873296424,0.0,-19.682714916953998,-4.759541311714451,0.0
20.900000000000468,3.865807860913094,1.0273896935936866,4.0,-2.311626810585795,8.698067687054461,0.0,-19.570652295872538,-5.201160323818038,0.0
20.91000000000047,3.841715051859341,1.114102984610211,4.0,-2.506731715372975,8.643858866683518,0.0,-19.448682450037914,-5.640146359589194,0.0
20.92000000000047,3.815677456608329,1.2002522847847426,4.0,-2.7005676407656707,8.58527427736874,0.0,-19.316867124079664,-6.07627719172276,0.0
20.930000000000472,3.7877082561365665,1.2857939828739637,4.0,-2.8930364614664184,8.522343576307275,0.0,-19.175273046691366,-6.5093320382994415,0.0
20.940000000000474,3.757821609254453,1.3706847752201357,4.0,-3.0840407442453053,8.455098620822518,0.0,-19.023971896850668,-6.939091674551936,0.0
20.950000000000475,3.726032645438681,1.4548816876726516,4.0,-3.273483797263466,8.383573452237032,0.0,-18.863040267533325,-7.365338543842799,0.0
20.960000000000477,3.6923574571732645,1.5383420973427808,4.0,-3.461269719021257,8.307804278639844,0.0,-18.69255962693965,-7.787856867797828,0.0
20.97000000000048,3.6568130918030586,1.621023754180597,4.0,-3.647303446906343,8.227829456556881,0.0,-18.512616277252985,-8.206432755539272,0.0
20.98000000000048,3.6194175429039093,1.7028848023631629,4.0,-3.8314908053171166,8.143689471533795,0.0,-18.32330131095104,-8.620854311963512,0.0
20.99000000000048,3.5801897411737875,1.783883801483148,4.0,-4.013738553337083,8.055426917641022,0.0,-18.1247105646923,-9.030911745008437,0.0
21.000000000000483,3.539149544849529,1.8639797475271482,4.0,-4.193954431936083,7.963086475911441,0.0,-17.91694457080074,-9.436397471856187,0.0
21.010000000000485,3.4963177296540247,1.9431320936330927,4.0,-4.372047210674459,7.866714891721555,0.0,-17.7001085063735,-9.837106224017532,0.0
21.020000000000486,3.4517159782789557,2.021300770616227,4.0,-4.547926733886511,7.76636095112765,0.0,-17.474312140037213,-10.232835151244648,0.0
21.030000000000488,3.4053668694083927,2.0984462072532812,4.0,-4.721503966319883,7.662075456168884,0.0,-17.239669776379987,-10.623383924219736,0.0
21.04000000000049,3.3572938662888214,2.1745293503145584,4.0,-4.892691038207756,7.553911199149848,0.0,-16.99630019808716,-11.008554835967452,0.0
21.05000000000049,3.307521304851373,2.249511684333796,4.0,-5.061401289751041,7.441922935915589,0.0,-16.744326605810077,-11.388152901939842,0.0
21.060000000000493,3.256074381392279,2.323355251105798,4.0,-5.227549314988046,7.326167358132627,0.0,-16.483876555798414,-11.761985958723104,0.0
21.070000000000494,3.202979139817786,2.3960226689019692,4.0,-5.391051005029431,7.206703064590018,0.0,-16.21508189532754,-12.129864761316218,0.0
21.080000000000496,3.1482624584599823,2.467477151394012,4.0,-5.551823590636527,7.08359053153496,0.0,-15.93807869595366,-12.491603078932187,0.0
21.090000000000497,3.091952036470218,2.537682526276223,4.0,-5.709785684121501,6.9568920820579905,0.0,-15.653007184630479,-12.847017789273378,0.0
21.1000000000005,3.0340763797970003,2.6066032535769477,4.0,-5.864857320548133,6.8266718545432505,0.0,-15.360011672722313,-13.195928971233297,0.0
21.1100000000005,2.974664786755466,2.674204443649935,4.0,-6.016959998212354,6.692995770199798,0.0,-15.059240482949546,-13.538159995977797,0.0
21.120000000000502,2.9137473331957353,2.7404518748364732,4.0,-6.166016718382065,6.555931499690405,0.0,-14.75084587430341,-13.873537616359645,0.0
21.130000000000503,2.851354857277655,2.8053120107893745,4.0,-6.311952024276093,6.4155484288747235,0.0,-14.434983964968128,-14.201892054621208,0.0
21.140000000000505,2.787518943859639,2.868752017450035,4.0,-6.454692039262579,6.271917623684187,0.0,-14.111814653289422,-14.523057088340803,0.0
21.150000000000507,2.722271908509507,2.930739779669974,4.0,-6.594164504257441,6.12511179414639,0.0,-13.781501536829378,-14.836870134579243,0.0
21.160000000000508,2.6556467811454203,2.9912439174684446,4.0,-6.730298814304001,5.975205257577196,0.0,-13.44421182954869,-15.143172332184001,0.0
21.17000000000051,2.5876772893151907,3.050233801917877,4.0,-6.863026054315223,5.822273900959179,0.0,-13.100116277158152,-15.441808622209253,0.0
21.18000000000051,2.518397841122428,3.107679570649119,4.0,-6.992279033960518,5.666395142525463,0.0,-12.749389070682291,-15.732627826411166,0.0
21.190000000000513,2.4478435078081744,3.1635521429686237,4.0,-7.117992321679403,5.507647892568392,0.0,-12.392207758278882,-16.015482723778657,0.0
21.200000000000514,2.376050005996837,3.217823234579928,4.0,-7.240102277804838,5.3461125134928835,0.0,-12.028753155358988,-16.290230125060887,0.0
21.210000000000516,2.3030536796154095,3.2704653719019747,4.0,-7.358547086779443,5.181870779134671,0.0,-11.65920925305301,-16.556730945253747,0.0
21.220000000000518,2.228891481495136,3.321451905977026,4.0,-7.473266788448308,5.015005833364056,0.0,-11.283763125069127,-16.814850274008695,0.0
21.23000000000052,2.153600954664928,3.3707570259611286,4.0,-7.5842033084125395,4.845602147996088,0.0,-10.902604832991198,-17.064457443928212,0.0
21.24000000000052,2.0772202133460085,3.4183557721903033,4.0,-7.691300487428182,4.673745480028519,0.0,-10.515927330064168,-17.30542609671341,0.0
21.250000000000522,1.999787923657402,3.464224048815841,4.0,-7.794504109835642,4.499522828229154,0.0,-10.123926363515599,-17.537634247130196,0.0
21.260000000000524,1.921343284042038,3.508338636002311,4.0,-7.8937619310052,4.323022389094585,0.0,-9.726800375462817,-17.7609643447617,0.0
21.270000000000525,1.841926005423374,3.550677201682109,4.0,-7.989023703784746,4.144333512202591,0.0,-9.32475040245583,-17.975303333515676,0.0
21.280000000000527,1.7615762911025914,3.591218312860587,4.0,-8.080241203936321,3.9635466549808305,0.0,-8.917979973706869,-18.18054270885672,0.0
21.29000000000053,1.680334816406531,3.6299414464660487,4.0,-8.16736825454861,3.780753336914695,0.0,-8.506695008058063,-18.37657857273437,0.0
21.30000000000053,1.5982427080966788,3.66682699973912,4.0,-8.25036074941302,3.5960460932175273,0.0,-8.091103709739436,-18.563311686179294,0.0
21.31000000000053,1.5153415235496204,3.7018563001562224,4.0,-8.3291766753515,3.409518427986646,0.0,-7.671416462969953,-18.740647519540875,0.0
21.320000000000533,1.431673229719507,3.735011614882143,4.0,-8.403776133484822,3.2212647668688907,0.0,-7.2478457254550035,-18.90849630034085,0.0
21.330000000000535,1.3472801818931812,3.7662761597469028,4.0,-8.474121359430532,3.0313804092596577,0.0,-6.82060592083423,-19.066773058718695,0.0
21.340000000000536,1.2622051022487175,3.7956341077423814,4.0,-8.540176742420359,2.8399614800596145,0.0,-6.389913330134132,-19.215397670445807,0.0
21.350000000000538,1.1764910582282324,3.8230705970344063,4.0,-8.601908843327415,2.647104881013523,0.0,-5.955985982280427,-19.35429489748668,0.0
21.36000000000054,1.0901814407359112,3.8485717384862363,4.0,-8.659286411594032,2.4529082416558,0.0,-5.51904354372555,-19.483394426086573,0.0
21.37000000000054,1.0033199421722891,3.872124622689641,4.0,-8.712280401051693,2.2574698698876507,0.0,-5.079307207247214,-19.602630902366307,0.0
21.380000000000543,0.9159505343159082,3.893717326500012,4.0,-8.760863984625027,2.0608887022107933,0.0,-4.636999579974286,-19.71194396540631,0.0
21.390000000000544,0.8281174460635417,3.9133389190722028,4.0,-8.805012567912456,1.8632642536429687,0.0,-4.1923445706966795,-19.811278277803027,0.0
21.400000000000546,0.7398651410402606,3.930979467394033,4.0,-8.844703801636575,1.6646965673405862,0.0,-3.745567276516319,-19.900583553682292,0.0
21.410000000000547,0.6512382950906731,3.946630041314665,4.0,-8.879917592957996,1.4652861639540145,0.0,-3.296893868896533,-19.97981458415549,0.0
21.42000000000055,0.5622817736627324,3.9602827180653013,4.0,-8.910636115646929,1.2651339907411479,0.0,-2.8465514791675823,-20.04893126020559,0.0
21.43000000000055,0.47304060909556117,3.971930586269919,4.0,-8.936843819107317,1.0643413704650126,0.0,-2.3947680835462783,-20.107898592991464,0.0
21.440000000000552,0.38355997782279266,3.9815677494440025,4.0,-8.958527436249005,0.8630099501012835,0.0,-1.9417723877278878,-20.156686731560264,0.0
21.450000000000554,0.29388517750296544,3.989189328979517,4.0,-8.975675990203914,0.6612416493816723,0.0,-1.4877937111087625,-20.195270977958806,0.0
21.460000000000555,0.2040616040885511,3.9947914666145974,4.0,-8.988280799882844,0.45913860919923993,0.0,-1.03306187069829,-20.2236317997364,0.0
21.470000000000557,0.11413472884522315,3.998371326386711,4.0,-8.9963354843701,0.2568031399017521,0.0,-0.5778070647789422,-20.241754839832726,0.0
21.480000000000558,0.024150075332999725,3.9999270960683035,4.0,-8.999835966153682,0.05433766949924938,0.0,-0.1222597563733111,-20.249630923845785,0.0
21.49000000000056,-0.06584680363908639,3.9994579880842,4.0,-8.99878047318945,-0.14815530818794437,0.0,0.33334944342287487,-20.24725606467626,0.0
21.50000000000056,-0.15581034907312444,3.9969642399102985,4.0,-8.993169539798172,-0.35057328541453,0.0,0.7887898921826925,-20.234631464545885,0.0
21.510000000000563,-0.24569501884559544,3.9924471139533537,4.0,-8.983006006395046,-0.5528137924025898,0.0,1.2438310329058269,-20.211763514388853,0.0
21.520000000000564,-0.33545531076209945,3.985908896911908,4.0,-8.968295018051792,-0.7547744492147237,0.0,1.6982425107331285,-20.178663790616536,0.0
21.530000000000566,-0.42504578559186984,3.977352898618702,4.0,-8.94904402189208,-0.9563530175817071,0.0,2.151794289558841,-20.13534904925718,0.0
21.540000000000568,-0.5144210900704133,3.9667834503651402,4.0,-8.925262763321566,-1.1574474526584297,0.0,2.6042567684814673,-20.08184121747352,0.0
21.55000000000057,-0.6035359798586314,3.954205902708669,4.0,-8.896963281094505,-1.3579559546819207,0.0,3.0554008980343212,-20.018167382462636,0.0
21.56000000000057,-0.6923453424468011,3.93962662276417,4.0,-8.864159901219383,-1.5577770205053025,0.0,3.5049982961369306,-19.94435977774361,0.0
21.570000000000572,-0.7808042199918191,3.923052990980745,4.0,-8.826869229706675,-1.7568094949815931,0.0,3.9528213637085843,-19.86045576684002,0.0
21.580000000000574,-0.8688678320761499,3.9044933974055187,4.0,-8.785110144162417,-1.9549526221713374,0.0,4.398643399885509,-19.766497824365437,0.0
21.590000000000575,-0.956491598376956,3.883957237436362,4.0,-8.738903784231814,-2.152106096348151,0.0,4.842238716783339,-19.66253351452158,0.0
21.600000000000577,-1.0436311612339333,3.861454907065666,4.0,-8.688273540897749,-2.3481701127763497,0.0,5.283382753746787,-19.548615467019932,0.0
21.61000000000058,-1.130242408104431,3.836997797617598,4.0,-8.633245044639596,-2.54304541823497,0.0,5.721852191028683,-19.42480135043909,0.0
21.62000000000058,-1.2162814938944824,3.8105982899814834,4.0,-8.573846152458337,-2.7366333612625855,0.0,6.157425062840817,-19.29115384303126,0.0
21.63000000000058,-1.301704863154448,3.782269748344248,4.0,-8.510106933774557,-2.9288359420975083,0.0,6.589880869719393,-19.147740600992755,0.0
21.640000000000583,-1.3864692721280327,3.75202651342508,4.0,-8.44205965520643,-3.1195558622880735,0.0,7.019000690148165,-18.99463422421447,0.0
21.650000000000585,-1.470531810643512,3.719883895215752,4.0,-8.369738764235443,-3.308696573947902,0.0,7.444567291382779,-18.831912219529745,0.0
21.660000000000586,-1.553849923836091,3.6858581652302593,4.0,-8.293180871768083,-3.496162328631205,0.0,7.866365239420211,-18.659656961478188,0.0
21.670000000000588,-1.6363814336903963,3.6499665482677184,4.0,-8.212424733602367,-3.6818582258033916,0.0,8.284181008057631,-18.477955650605324,0.0
21.68000000000059,-1.7180845603921948,3.6122272136926767,4.0,-8.127511230808523,-3.865690260882438,0.0,8.697803086985486,-18.286900269319176,0.0
21.69000000000059,-1.798917943478532,3.572659266237262,4.0,-8.03848334903384,-4.047565372826697,0.0,9.107022088860068,-18.08658753532614,0.0
21.700000000000593,-1.8788406627755845,3.531282736329817,4.0,-7.945386156742089,-4.227391491245065,0.0,9.511630855301396,-17.8771188526697,0.0
21.710000000000594,-1.9578122591136222,3.488118569954928,4.0,-7.848266782398588,-4.40507758300565,0.0,9.911424561762713,-17.658600260396824,0.0
21.720000000000596,-2.0357927548086003,3.4431886180499625,4.0,-7.7471743906124155,-4.580533698319351,0.0,10.306200821218539,-17.431142378877936,0.0
21.730000000000597,-2.1127426739000077,3.3965156254434996,4.0,-7.642160157247874,-4.7536710162750175,0.0,10.695759786618789,-17.194860353807716,0.0
21.7400000000006,-2.1886230621347282,3.3481232193412485,4.0,-7.533277243517809,-4.924401889803138,0.0,11.079904252057062,-16.94987379791507,0.0
21.7500000000006,-2.2633955066868,3.2980358973652795,4.0,-7.420580769071879,-5.0926398900453,0.0,11.458439752601926,-16.696306730411727,0.0
21.760000000000602,-2.337022155603089,3.2462790151526244,4.0,-7.304127784093405,-5.258299850106949,0.0,11.831174662740636,-16.434287514210162,0.0
21.770000000000604,-2.409465736965029,3.1928787735195288,4.0,-7.1839772404189395,-5.421297908171315,0.0,12.19792029338546,-16.163948790942616,0.0
21.780000000000605,-2.4806895777567384,3.137862205197847,4.0,-7.060189961695156,-5.581551549952661,0.0,12.558490987393489,-15.8854274138141,0.0
21.790000000000607,-2.550657622429948,3.0812571611502997,4.0,-6.932828612588175,-5.738979650467384,0.0,12.912704213551613,-15.598864378323393,0.0
21.80000000000061,-2.6193344511563543,3.0230922964715186,4.0,-6.8019576670609165,-5.8935025151017975,0.0,13.260380658979043,-15.304404750887063,0.0
21.81000000000061,-2.6866852977581495,2.9633970558820164,4.0,-6.667643375734537,-6.045041919955836,0.0,13.601344319900631,-15.002197595402707,0.0
21.82000000000061,-2.752676067307658,2.902201658822427,4.0,-6.529953732350461,-6.19352115144223,0.0,13.935422590745018,-14.692395897788536,0.0
21.830000000000613,-2.8172733533871632,2.839537084155558,4.0,-6.388958439350006,-6.338865045121118,0.0,14.262446351522513,-14.375156488537513,0.0
21.840000000000614,-2.8804444550001964,2.7754350544840034,4.0,-6.2447288725890076,-6.4810000237504415,0.0,14.582250053438495,-14.050639963325267,0.0
21.850000000000616,-2.942157393125715,2.7099280200912528,4.0,-6.097338045205319,-6.619854134532859,0.0,14.894671802698932,-13.719010601711966,0.0
21.860000000000618,-3.0023809269068,2.6430491425144305,4.0,-5.946860570657469,-6.755357085540299,0.0,15.199553442465675,-13.380436283979304,0.0
21.87000000000062,-3.061084569465672,2.574832277756973,4.0,-5.793372624953189,-6.887440281297762,0.0,15.496740632919964,-13.035088406144677,0.0
21.88000000000062,-3.1182386033370233,2.5053119591497524,4.0,-5.636951908086942,-7.016036857508302,0.0,15.78608292939368,-12.683141793195622,0.0
21.890000000000622,-3.173814095511849,2.4345233798693133,4.0,-5.4776776047059546,-7.141081714901659,0.0,16.067433858528734,-12.324774610588399,0.0
21.900000000000624,-3.227782912084164,2.362502375122081,4.0,-5.315630344024682,-7.26251155218937,0.0,16.34065099242608,-11.960168274055535,0.0
21.910000000000625,-3.2801177324931943,2.2892854040035515,4.0,-5.150892159007991,-7.380264898109687,0.0,16.605596020746795,-11.58950735776798,0.0
21.920000000000627,-3.3307920633538264,2.2149095310416542,4.0,-4.983546444843722,-7.494282142546109,0.0,16.862134820728745,-11.212979500898374,0.0
21.93000000000063,-3.3797802518683158,2.139412407433626,4.0,-4.813677916725658,-7.60450556670371,0.0,17.11013752508335,-10.830775312632731,0.0
21.94000000000063,-3.427057498812472,2.062832251985897,4.0,-4.6413725669682675,-7.710879372328062,0.0,17.349478587738137,-10.443088275678603,0.0
21.95000000000063,-3.4725998710897312,1.9852078317666348,4.0,-4.4667176214749285,-7.813349709951895,0.0,17.580036847391764,-10.050114648318589,0.0
21.960000000000633,-3.51638431384678,1.9065784424807466,4.0,-4.2898014955816794,-7.911864706155255,0.0,17.801695588849324,-9.65205336505878,0.0
21.970000000000635,-3.55838866214458,1.8269838885772653,4.0,-4.1107137492988475,-8.006374489825305,0.0,18.014342602106936,-9.249105935922406,0.0
21.980000000000636,-3.5985916521788948,1.746464463099199,4.0,-3.929545041973198,-8.096831217402514,0.0,18.217870239155655,-8.841476344439695,0.0
21.990000000000638,-3.6369729320446367,1.6650609272860375,4.0,-3.746387086393584,-8.183189097100433,0.0,18.412175468475972,-8.429370944385564,0.0
22.00000000000064,-3.673513072038585,1.582814489939246,4.0,-3.5613326023633034,-8.265404412086816,0.0,18.59715992719534,-8.012998355317434,0.0
22.01000000000064,-3.708193574495259,1.4997667865611892,4.0,-3.3744752697626756,-8.343435542614333,0.0,18.77272997088225,-7.59256935696602,0.0
22.020000000000643,-3.740996883150962,1.415959858278047,4.0,-3.185909681125606,-8.417242987089665,0.0,18.938796720951746,-7.168296782532614,0.0
22.030000000000644,-3.7719063920312705,1.3314361305573934,4.0,-2.995731293754135,-8.48678938207036,0.0,19.095276109658307,-6.740395410946804,0.0
22.040000000000646,-3.8009064538574493,1.246238391731208,4.0,-2.804036381395218,-8.55203952117926,0.0,19.242088922653338,-6.309081858139241,0.0
22.050000000000647,-3.827982387967556,1.1604097713351988,4.0,-2.6109219855041976,-8.612960372927,0.0,19.379160839085753,-5.874574467384444,0.0
22.06000000000065,-3.8531204877482086,1.073993718275394,4.0,-2.4164858661196367,-8.669521097433469,0.0,19.506422469225306,-5.437093198769182,0.0
22.07000000000065,-3.8763080275732698,0.9870339788330621,4.0,-2.2208264523743897,-8.721693062039858,0.0,19.623809389589677,-4.996859517842377,0.0
22.080000000000652,-3.897533269245921,0.8995745745190913,4.0,-2.0240427926679554,-8.769449855803321,0.0,19.731262175557475,-4.5540962835029,0.0
22.090000000000654,-3.9167854679408736,0.8116597797890396,4.0,-1.826234504525339,-8.812767302866966,0.0,19.828726431450672,-4.109027635182013,0.0
22.100000000000655,-3.934054877643709,0.7233340996301374,4.0,-1.6275017241678091,-8.851623474698345,0.0,19.916152818071275,-3.6618788793775705,0.0
22.110000000000657,-3.9493327560845892,0.6346422470315883,4.0,-1.4279450558210738,-8.885998701190326,0.0,19.99349707767823,-3.212876375597416,0.0
22.12000000000066,-3.962611369163844,0.545629120349573,4.0,-1.2276655207865392,-8.915875580618648,0.0,20.060720056391958,-2.7622474217697133,0.0
22.13000000000066,-3.9738839948671933,0.4563397805784153,4.0,-1.0267645063014343,-8.941238988451184,0.0,20.117787724015166,-2.3102201391782273,0.0
22.14000000000066,-3.983144926668626,0.36681942853941646,4.0,-0.825343714213687,-8.962076085004409,0.0,20.16467119125992,-1.857023356980796,0.0
22.150000000000663,-3.990389476419204,0.2771133819989047,4.0,-0.6235051094975355,-8.978376321943209,0.0,20.201346724372222,-1.402886496369455,0.0
22.160000000000664,-3.9956139767203376,0.18726705272708347,4.0,-0.4213508686359378,-8.99013144762076,0.0,20.22779575714671,-0.94803945443086,0.0
22.170000000000666,-3.99881578278033,0.0973259235092931,4.0,-0.2189833278959095,-8.997335511255741,0.0,20.24400490032542,-0.49271248776579635,0.0
22.180000000000668,-3.999993273753244,0.007335525121321886,4.0,-0.016504931522974244,-8.9999848659448,0.0,20.2499659483758,-0.03713609592669205,0.0
22.19000000000067,-3.9991458535594226,-0.08265858671957674,4.0,0.18598182011904765,-8.998078170508702,0.0,20.245675883644576,0.41845909526785724,0.0
22.20000000000067,-3.9962739511872405,-0.1726108544162931,4.0,0.38837442243665943,-8.991616390171291,0.0,20.231136877885405,0.8738424504824838,0.0
22.210000000000672,-3.9913790204759376,-0.2624757415544218,4.0,0.5905704184974491,-8.98060279607086,0.0,20.206356291159434,1.3287834416192605,0.0
22.220000000000674,-3.984463539379646,-0.35220775595409914,4.0,0.7924674508967231,-8.965042963604203,0.0,20.171346668109457,1.783051764517627,0.0
22.230000000000675,-3.9755310087129763,-0.4417614726994474,4.0,0.9939633135737566,-8.944944769604197,0.0,20.12612573160944,2.2364174555409524,0.0
22.240000000000677,-3.9645859503788055,-0.5310915571339685,4.0,1.194956003551429,-8.920318388352312,0.0,20.070716373792703,2.6886510079907153,0.0
22.25000000000068,-3.951633905079161,-0.6201527878102455,4.0,1.3953437725730524,-8.891176286428113,0.0,20.005146644463252,3.139523488289368,0.0
22.26000000000068,-3.9366814295103585,-0.7089000793823347,4.0,1.595025178610253,-8.857533216398307,0.0,19.92944973689619,3.5888066518730692,0.0
22.27000000000068,-3.9197360930438134,-0.7972885054292592,4.0,1.7938991372158333,-8.81940620934858,0.0,19.843663971034307,4.036273058735625,0.0
22.280000000000683,-3.9008064738942094,-0.8852733211980498,4.0,1.9918649726956121,-8.77681456626197,0.0,19.747832774089435,4.481696188565127,0.0
22.290000000000685,-3.8799021547769597,-0.9728099862548205,4.0,2.188822469073346,-8.729779848248159,0.0,19.64200465855836,4.924850555415029,0.0
22.300000000000686,-3.857033718057163,-1.0598541870324123,4.0,2.3846719208229277,-8.678325865628617,0.0,19.52623319766439,5.365511821851587,0.0
22.310000000000688,-3.832212740392506,-1.1463618592631901,4.0,2.579314183342178,-8.622478665883138,0.0,19.400576998237064,5.8034569125199,0.0
22.32000000000069,-3.8054517868728284,-1.2322892102856364,4.0,2.772650723142682,-8.562266520463863,0.0,19.265099671043693,6.238464127071034,0.0
22.33000000000069,-3.776764404659314,-1.317592741213452,4.0,2.9645836677302673,-8.497719910483458,0.0,19.11986979858778,6.670313252393101,0.0
22.340000000000693,-3.74616511612653,-1.4022292689559375,4.0,3.155015855150859,-8.428871511284694,0.0,18.964960900390558,7.0987856740894335,0.0
22.350000000000694,-3.7136694115107853,-1.4861559480785105,4.0,3.3438508831766485,-8.355756175899266,0.0,18.80045139577335,7.523664487147459,0.0
22.360000000000696,-3.6792937410685296,-1.5693302924922927,4.0,3.5309931581076586,-8.27841091740419,0.0,18.626424564159432,7.944734605742232,0.0
22.370000000000697,-3.6430555067487598,-1.6517101969617842,4.0,3.7163479431640143,-8.19687489018471,0.0,18.442968502915598,8.361782872119033,0.0
22.3800000000007,-3.604973053383659,-1.73325395841974,4.0,3.8998214064444148,-8.111189370113232,0.0,18.250176082754773,8.774598164499933,0.0
22.3900000000007,-3.5650656594019137,-1.813920297078457,4.0,4.081320668426528,-8.021397733654306,0.0,18.04814490072219,9.182971503959688,0.0
22.400000000000702,-3.5233535270694225,-1.8936683773267853,4.0,4.260753848985267,-7.9275454359062,0.0,17.83697723078895,9.586696160216851,0.0
22.410000000000704,-3.47985777226233,-1.9724578284022838,4.0,4.438030113905138,-7.829679987590243,0.0,17.616779972078046,9.985567756286562,0.0
22.420000000000705,-3.434600413777566,-2.0502487648280563,4.0,4.613059720863126,-7.727850930999524,0.0,17.387664594748927,10.379384371942034,0.0
22.430000000000707,-3.3876043621862992,-2.127001806603924,4.0,4.785754064858829,-7.622109814919173,0.0,17.14974708356814,10.767946645932366,0.0
22.44000000000071,-3.33889340823595,-2.2026780991417065,4.0,4.95602572306884,-7.512510168530888,0.0,16.903147879194496,11.15105787690489,0.0
22.45000000000071,-3.2884922108066332,-2.27723933293453,4.0,5.123788499102693,-7.399107474314925,0.0,16.64799181720858,11.528524122981057,0.0
22.46000000000071,-3.2364262844281253,-2.3506477629501954,4.0,5.28895746663794,-7.281959139963282,0.0,16.384408064917384,11.900154299935364,0.0
22.470000000000713,-3.182721986363681,-2.4228662277387962,4.0,5.451449012412292,-7.161124469318282,0.0,16.112530055966133,12.265760277927656,0.0
22.480000000000715,-3.127406503267229,-2.4938581682449072,4.0,5.611180878551041,-7.036664632351265,0.0,15.832495422790346,12.625156976739843,0.0
22.490000000000716,-3.0705078374207107,-2.563587646314826,4.0,5.768072204208359,-6.908642634196599,0.0,15.544445926942348,12.978162459468807,0.0
22.500000000000718,-3.012054792558523,-2.6320193628894972,4.0,5.922043566501369,-6.777123283256676,0.0,15.248527387327522,13.324598024628079,0.0
22.51000000000072,-2.952076959286241,-2.6991186758739047,4.0,6.073017020716286,-6.642173158394042,0.0,14.944889606386596,13.664288296611643,0.0
22.52000000000072,-2.89060470010101,-2.7648516176738944,4.0,6.2209161397662625,-6.503860575227272,0.0,14.633686294261363,13.99706131447409,0.0
22.530000000000722,-2.827669134021175,-2.8291849123915425,4.0,6.365666052880971,-6.362255551547643,0.0,14.315074990982197,14.322748618982184,0.0
22.540000000000724,-2.763302120832945,-2.8920859926703684,4.0,6.5071934835083285,-6.2174297718741265,0.0,13.989216986716784,14.64118533789374,0.0
22.550000000000725,-2.6975362449620564,-2.953523016181863,4.0,6.645426786409192,-6.069456551164627,0.0,13.65627724012041,14.952210269420682,0.0
22.560000000000727,-2.6304047989786032,-3.013464881744988,4.0,6.780295983926223,-5.918410797701857,0.0,13.31642429482918,15.255665963834002,0.0
22.57000000000073,-2.561941766743384,-3.071881245070484,4.0,6.91173280140859,-5.764368975172614,0.0,12.969830194138382,15.551398803169326,0.0
22.58000000000073,-2.4921818062042984,-3.1287425341220203,4.0,7.039670701774545,-5.607409063959672,0.0,12.61667039390926,15.839259078992727,0.0
22.59000000000073,-2.421160231851502,-3.1840199640864033,4.0,7.164044919194407,-5.4476105216658794,0.0,12.257123673748229,16.119101068187415,0.0
22.600000000000733,-2.3489129968401987,-3.237685551945278,4.0,7.284792491876875,-5.285054242890447,0.0,11.891372046503506,16.39078310672297,0.0
22.610000000000735,-2.275476674790124,-3.289712130640929,4.0,7.40185229394209,-5.119822518277779,0.0,11.519600666125003,16.6541676613697,0.0
22.620000000000736,-2.200888441270932,-3.340073362829027,4.0,7.515165066365311,-4.951998992859598,0.0,11.141997733934094,16.90912139932195,0.0
22.630000000000738,-2.1251860549828563,-3.3887437542113457,4.0,7.624673446975528,-4.781668623711426,0.0,10.75875440335071,17.155515255694937,0.0
22.64000000000074,-2.0484078386421745,-3.4356986664417026,4.0,7.730321999493831,-4.608917636944892,0.0,10.370064683126008,17.39322449886112,0.0
22.65000000000074,-1.9705926595811525,-3.480914329598601,4.0,7.832057241596853,-4.433833484057593,0.0,9.976125339129585,17.622128793592918,0.0
22.660000000000743,-1.8917799100722859,-3.5243678542182417,4.0,7.929827671991044,-4.256504797662643,0.0,9.577135794740947,17.84211226197985,0.0
22.670000000000744,-1.812009487386805,-3.566037242881825,4.0,8.023583796484106,-4.077021346620311,0.0,9.1732980298957,18.053063542089237,0.0
22.680000000000746,-1.7313217735975321,-3.605901401351276,4.0,8.11327815304037,-3.8954739905944473,0.0,8.764816478837506,18.254875844340834,0.0
22.690000000000747,-1.6497576151363214,-3.6439401492477503,4.0,8.198865335807438,-3.711954634056723,0.0,8.351897926627627,18.447447005566737,0.0
22.70000000000075,-1.5673583021164224,-3.6801342302675217,4.0,8.280302018101924,-3.5265561797619505,0.0,7.9347514044643885,18.63067954072933,0.0
22.71000000000075,-1.4841655474302444,-3.7144653219300734,4.0,8.357546974342664,-3.33937248171805,0.0,7.513588083865613,18.804480692270996,0.0
22.720000000000752,-1.400221465633095,-3.7469160448534615,4.0,8.430561100920288,-3.1504982976744635,0.0,7.088621169767543,18.968762477070648,0.0
22.730000000000754,-1.3155685516235844,-3.777469971552259,4.0,8.499307435992582,-2.960029241153065,0.0,6.660065792594396,19.123441730983313,0.0
22.740000000000755,-1.2302496591314929,-3.8061116347536164,4.0,8.563751178195638,-2.768061733045859,0.0,6.2281388993531825,19.268440150940183,0.0
22.750000000000757,-1.1443079790239834,-3.8328265352272397,4.0,8.623859704261289,-2.5746929528039626,0.0,5.793059143808916,19.4036843345879,0.0
22.76000000000076,-1.057787017441149,-3.857601149125316,4.0,8.679602585531962,-2.380020789242585,0.0,5.355046775795817,19.52910581744691,0.0
22.77000000000076,-0.9707305737719574,-3.8804229348286725,4.0,8.730951603364513,-2.184143790986904,0.0,4.9143235297205345,19.644641107570155,0.0
22.78000000000076,-0.8831827184817461,-3.9012803392957025,4.0,8.77788076341533,-1.9871611165839287,0.0,4.47111251231384,19.750231717684493,0.0
22.790000000000763,-0.795187770802491,-3.9201628039108485,4.0,8.820366308799409,-1.7891724843056047,0.0,4.025638089687611,19.84582419479867,0.0
22.800000000000765,-0.7067902762971413,-3.9370607698296722,4.0,8.858386732116763,-1.590278121668568,0.0,3.578125773754278,19.931370147262715,0.0
22.810000000000766,-0.6180349843093795,-3.9519656828178182,4.0,8.891922786340091,-1.390578714696104,0.0,3.128802108066234,20.006826269265204,0.0
22.820000000000768,-0.5289668253102222,-3.964869997581412,4.0,8.920957494558177,-1.190175356948,0.0,2.677894553133,20.0721543627559,0.0
22.83000000000077,-0.4396308881529286,-3.975767181586702,4.0,8.945476158570079,-0.9891694983440894,0.0,2.225631371274201,20.12732135678268,0.0
22.84000000000077,-0.3500723972477314,-3.984651718367018,4.0,8.96546636632579,-0.7876628938073957,0.0,1.7722415110666403,20.172299324233027,0.0
22.850000000000772,-0.2603366896679453,-3.9915191103153616,4.0,8.980917998209563,-0.585757551752877,0.0,1.3179544914439731,20.207065495971516,0.0
22.860000000000774,-0.17046919219904144,-3.9963658809612275,4.0,8.991823232162762,-0.3835556824478432,0.0,0.8630002855076473,20.231602272366214,0.0
22.870000000000775,-0.08051539834230784,-3.999189576730488,4.0,8.998176547643599,-0.18115964627019263,0.0,0.40760920410793344,20.245897232198097,0.0
22.880000000000777,0.009479154715264249,-3.999988768187466,4.0,8.9999747284218,0.02132809810934456,0.0,-0.04798822074602526,20.249943138949046,0.0
22.89000000000078,0.09946890915320863,-3.9987630507585554,4.0,8.99721686420675,0.22380504559471942,0.0,-0.5035613525881187,20.243737944465188,0.0
22.90000000000078,0.1894083095802578,-3.9955130449370264,4.0,8.98990435110831,0.4261686965555801,0.0,-0.9588795672500552,20.227284789993696,0.0
22.91000000000078,0.27925182609578686,-3.9902403959689154,4.0,8.97804089093006,0.6283166087155204,0.0,-1.413712369609921,20.200592004592636,0.0
22.920000000000783,0.36895397733835333,-3.982947773020155,4.0,8.961632489295349,0.830146449011295,0.0,-1.8678295102754137,20.163673100914533,0.0
22.930000000000785,0.45846935350966506,-3.9736388678253625,4.0,8.940687452607065,1.0315560453967463,0.0,-2.3210011021426795,20.116546768365897,0.0
22.940000000000786,0.5477526393623207,-3.9623183928189833,4.0,8.915216383842713,1.2324434385652214,0.0,-2.772997736771748,20.059236863646102,0.0
22.950000000000788,0.6367586371396858,-3.948992078749717,4.0,8.885232177186863,1.432706933564293,0.0,-3.2235906005196595,19.99177239867044,0.0
22.96000000000079,0.7254422894562923,-3.9336666717794495,4.0,8.850750011503761,1.6322451512766576,0.0,-3.6725515903724797,19.914187525883463,0.0
22.97000000000079,0.8137587021071772,-3.916349930068155,4.0,8.811787342653348,1.8309570797411485,0.0,-4.119653429417585,19.826521520970033,0.0
22.980000000000793,0.9016631667946149,-3.8970506198464894,4.0,8.768363894654602,2.0287421252878834,0.0,-4.564669781897738,19.728818762972853,0.0
22.990000000000794,0.9891111837607384,-3.875778510978076,4.0,8.72050164970067,2.2255001634616614,0.0,-5.007375367788738,19.621128711826508,0.0
23.000000000000796,1.0760584843145913,-3.8525443720137194,4.0,8.668224837030868,2.4211315897078305,0.0,-5.4475460768426185,19.503505883319455,0.0
23.010000000000797,1.1624610532422073,-3.827359964740058,4.0,8.61155992066513,2.6155373697949664,0.0,-5.884959082038674,19.376009821496545,0.0
23.0200000000008,1.2482751510883714,-3.800238038225409,4.0,8.55053558600717,2.8086190899488357,0.0,-6.31939295238488,19.238705068516133,0.0
23.0300000000008,1.333457336298786,-3.7711923223658252,4.0,8.485182725323106,3.0002790066722684,0.0,-6.750627765012604,19.09166113197699,0.0
23.040000000000802,1.4179644872114299,-3.74023752093463,4.0,8.415534422102917,3.190420096225717,0.0,-7.178445216507864,18.934952449731565,0.0
23.050000000000804,1.5017538238859776,-3.7073893041389443,4.0,8.341625934312624,3.3789461037434494,0.0,-7.602628733422762,18.768658352203406,0.0
23.060000000000805,1.5847829297602314,-3.672664300686979,4.0,8.263494676545703,3.565761591960521,0.0,-8.02296358191117,18.59286302222783,0.0
23.070000000000807,1.6670097731226008,-3.6360800893701084,4.0,8.181180201082745,3.750771989525852,0.0,-8.439236976433167,18.407655452436174,0.0
23.08000000000081,1.748392728389757,-3.5976551901639797,4.0,8.094724177868954,3.933883638876953,0.0,-8.851238187473145,18.213129400205148,0.0
23.09000000000081,1.8288905971786966,-3.557409054853174,4.0,8.00417037341964,4.115003843652067,0.0,-9.258758648217151,18.00938334019419,0.0
23.10000000000081,1.9084626291625433,-3.5153620571841517,4.0,7.9095646286643415,4.294040915615723,0.0,-9.661592060135375,17.79652041449477,0.0
23.110000000000813,1.9870685426995303,-3.471535482551484,4.0,7.810954835740839,4.470904221073943,0.0,-10.059534497416372,17.57464838041689,0.0
23.120000000000815,2.0646685452247207,-3.425951517222571,4.0,7.708390913750785,4.645504226755621,0.0,-10.45238451020015,17.343879555939264,0.0
23.130000000000816,2.1412233533941434,-3.378633237106321,4.0,7.601924783489222,4.817752545136822,0.0,-10.839943226557851,17.10433076285075,0.0
23.140000000000818,2.2166942129711495,-3.329604596071464,4.0,7.4916103411607935,4.987561979185086,0.0,-11.222014453166445,16.856123267611785,0.0
23.15000000000082,2.2910429184449135,-3.2788904138204154,4.0,7.377503431095935,5.154846566501055,0.0,-11.598404774627374,16.599382719965853,0.0
23.16000000000082,2.364231832371159,-3.226516363324834,4.0,7.259661817480876,5.319521622835108,0.0,-11.968923651378992,16.334239089331973,0.0
23.170000000000822,2.436223904425311,-3.1725089578292276,4.0,7.138145155115762,5.48150378495695,0.0,-12.333383516153138,16.060826599010465,0.0
23.180000000000824,2.5069826901584316,-3.116895537429189,4.0,7.013014959215676,5.640711052856471,0.0,-12.69159986892706,15.77928365823527,0.0
23.190000000000826,2.5764723694464426,-3.0597042552310567,4.0,6.884334574269878,5.797062831254496,0.0,-13.043391370322617,15.489752792107225,0.0
23.200000000000827,2.6446577646233,-3.000964063100005,4.0,6.752169141975012,5.950479970402425,0.0,-13.388579933405456,15.192380569443776,0.0
23.21000000000083,2.711504358288935,-2.940704697003783,4.0,6.616585568258511,6.100884806150104,0.0,-13.726990813837734,14.88731752858165,0.0
23.22000000000083,2.7769783107829515,-2.8789566619595135,4.0,6.477652489408905,6.248201199261641,0.0,-14.058452698338693,14.574718101170037,0.0
23.23000000000083,2.841046477315231,-2.815751216591181,4.0,6.3354402373301575,6.3923545739592695,0.0,-14.382797791408356,14.254740533992855,0.0
23.240000000000833,2.903676424744773,-2.7511203573056218,4.0,6.190020803937649,6.5332719556757395,0.0,-14.699861900270413,13.92754680885971,0.0
23.250000000000835,2.9648364479982843,-2.6850968020950226,4.0,6.0414678047138,6.6708820079961395,0.0,-15.009484517991314,13.593302560606052,0.0
23.260000000000836,3.0244955861201905,-2.61771397397414,4.0,5.8898564414418155,6.805115068770428,0.0,-15.311508904733465,13.252176993244085,0.0
23.270000000000838,3.0826236379459617,-2.5490059840606114,4.0,5.735263464136375,6.935903185378414,0.0,-15.605782167101431,12.904342794306846,0.0
23.28000000000084,3.1391911773908046,-2.4790076143069295,4.0,5.5777671321905915,7.063180149129311,0.0,-15.892155335540949,12.54997604742883,0.0
23.29000000000084,3.1941695683459925,-2.4077542998928223,4.0,5.41744717475885,7.186881528778483,0.0,-16.17048343975159,12.189256143207412,0.0
23.300000000000843,3.247530979175281,-2.335282111286951,4.0,5.25438475039564,7.306944703144382,0.0,-16.440625582074862,11.82236568839019,0.0
23.310000000000844,3.2992483968040807,-2.2616277359870045,4.0,5.08866240597076,7.423308892809182,0.0,-16.702445008820657,11.44949041343421,0.0
23.320000000000846,3.349295640394249,-2.186828459947437,4.0,4.920364034881732,7.53591519088706,0.0,-16.955809179495883,11.070819078483899,0.0
23.330000000000847,3.39764737459758,-2.1109221487042507,4.0,4.749574834584564,7.644706592844555,0.0,-17.20058983390025,10.68654337781527,0.0
23.34000000000085,3.4442791223812854,-2.033947228206377,4.0,4.576381263464348,7.749628025357892,0.0,-17.436663057055256,10.296857842794783,0.0
23.35000000000085,3.4891672774189657,-1.9559426653633596,4.0,4.4008709970675595,7.8506263741926725,0.0,-17.663909341933515,9.901959743402008,0.0
23.360000000000852,3.5322891160408125,-1.8769479483191898,4.0,4.223132883718177,7.947650511091828,0.0,-17.882213649956615,9.502048988365898,0.0
23.370000000000854,3.5736228087369795,-1.797003066462276,4.0,4.043256899540121,8.040651319658204,0.0,-18.091465469230958,9.097328023965272,0.0
23.380000000000855,3.613147431208305,-1.7161484901816706,4.0,3.8613341029087587,8.129581720218686,0.0,-18.291558870492047,8.688001731544707,0.0
23.390000000000857,3.650842974958793,-1.6344251503797993,4.0,3.6774565883545485,8.214396693657285,0.0,-18.48239256072889,8.274277323797733,0.0
23.40000000000086,3.686690357424486,-1.5518744177520667,4.0,3.4917174399421502,8.295053304205094,0.0,-18.66386993446146,7.856364239869838,0.0
23.41000000000086,3.720671431633605,-1.4685380818438243,4.0,3.3042106841486047,8.371510721175612,0.0,-18.835899122645127,7.4344740393343605,0.0
23.42000000000086,3.752768995393068,-1.3844583298953066,4.0,3.1150312422644397,8.443730239634403,0.0,-18.998393039177408,7.008820295094989,0.0
23.430000000000863,3.7829667999967316,-1.299677725485241,4.0,2.924274882341792,8.511675299992646,0.0,-19.151269424983454,6.579618485269032,0.0
23.440000000000865,3.811249558450951,-1.2142391869839455,4.0,2.7320381707138774,8.57531150651464,0.0,-19.294450889657938,6.147085884106224,0.0
23.450000000000866,3.8376029532132954,-1.1281859658268203,4.0,2.5384184231103455,8.634606644729914,0.0,-19.42786495064231,5.711441451998278,0.0
23.460000000000868,3.8620136434404975,-1.0415616246192323,4.0,2.3435136553932727,8.68953069774112,0.0,-19.55144406991752,5.272905724634864,0.0
23.47000000000087,3.8844692717419704,-0.9544100150838762,4.0,2.1474225339387214,8.740055861419433,0.0,-19.665125688193726,4.831700701362124,0.0
23.48000000000087,3.9049584704354734,-0.8667752558617775,4.0,1.9502443256889994,8.786156558479815,0.0,-19.768852256579585,4.388049732800249,0.0
23.490000000000872,3.9234708673017558,-0.778701710178171,4.0,1.7520788479008849,8.827809451428951,0.0,-19.86257126571514,3.942177407776991,0.0
23.500000000000874,3.9399970908352753,-0.6902339633845671,4.0,1.553026417615276,8.86499345437937,0.0,-19.94623527235358,3.494309439634371,0.0
23.510000000000876,3.954528774988319,-0.6014168003883689,4.0,1.35318780087383,8.897689743723719,0.0,-20.019801923378367,3.0446725519661175,0.0
23.520000000000877,3.9670585634061393,-0.5122951829814697,4.0,1.1526641617083069,8.925881767663814,0.0,-20.08323397724358,2.5934943638436905,0.0
23.53000000000088,3.9775801131509487,-0.42291422707930576,4.0,0.9515570109284379,8.949555254589635,0.0,-20.136499322826676,2.1410032745889853,0.0
23.54000000000088,3.986088097912898,-0.3333191798818881,4.0,0.7499681547342482,8.96869822030402,0.0,-20.179570995684045,1.6874283481520584,0.0
23.550000000000882,3.9925782107064074,-0.2435553969683734,4.0,0.5479996431788401,8.983300974089417,0.0,-20.212427191701188,1.2329991971523904,0.0
23.560000000000883,3.9970471660504847,-0.15366831933677103,4.0,0.3457537185077348,8.99335612361359,0.0,-20.23505127813058,0.7779458666424033,0.0
23.570000000000885,3.9998579878258402,-0.0337057447005631,4.0,0.10111723410168931,11.99957396347752,0.0,-35.99872189043256,0.3033517023050679,0.0
23.580000000000886,3.999069207394467,0.08628716283080581,4.0,-0.2588614884924174,11.997207622183401,0.0,-35.9916228665502,-0.7765844654772524,0.0
23.590000000000888,3.994681534605512,0.20620241773983577,4.0,-0.6186072532195073,11.984044603816535,0.0,-35.952133811449606,-1.855821759658522,0.0
23.60000000000089,3.986698918068326,0.3259321043911455,4.0,-0.9777963131734365,11.960096754204978,0.0,-35.880290262614935,-2.9333889395203094,0.0
23.61000000000089,3.9751285415989823,0.44536847414826025,4.0,-1.3361054224447808,11.925385624796947,0.0,-35.77615687439084,-4.008316267334342,0.0
23.620000000000893,3.959980817755326,0.5644040423401117,4.0,-1.693212127020335,11.879942453265977,0.0,-35.639827359797934,-5.079636381061005,0.0
23.630000000000894,3.9412693784663766,0.6829316849899869,4.0,-2.0487950549699607,11.82380813539913,0.0,-35.471424406197386,-6.146385164909882,0.0
23.640000000000896,3.919011062764509,0.8008447352198769,4.0,-2.402534205659631,11.757033188293526,0.0,-35.27109956488058,-7.207602616978892,0.0
23.650000000000897,3.893225901631464,0.9180370792434669,4.0,-2.7541112377304007,11.679677704894392,0.0,-35.03903311468318,-8.262333713191202,0.0
23.6600000000009,3.863937099971815,1.0344032518613815,4.0,-3.1032097555841442,11.591811299915445,0.0,-34.77543389974633,-9.309629266752433,0.0
23.6700000000009,3.831171015730121,1.1498385313727457,4.0,-3.449515594118237,11.493513047190364,0.0,-34.48053914157109,-10.348546782354711,0.0
23.680000000000902,3.7949571361705554,1.264239033817647,4.0,-3.792717101452941,11.384871408511666,0.0,-34.154614225535,-11.378151304358823,0.0
23.690000000000904,3.7553280513403577,1.377501806465687,4.0,-4.132505419397061,11.265984154021073,0.0,-33.79795246206322,-12.397516258191184,0.0
23.700000000000905,3.712319424740993,1.4895249204664902,4.0,-4.468574761399471,11.136958274222978,0.0,-33.41087482266894,-13.405724284198412,0.0
23.710000000000907,3.6659699612334045,1.6002075625787895,4.0,-4.800622687736368,10.997909883700213,0.0,-32.99372965110064,-14.401868063209106,0.0
23.72000000000091,3.616321372206255,1.7094501258955377,4.0,-5.128350377686613,10.848964116618765,0.0,-32.54689234985629,-15.38505113305984,0.0
23.73000000000091,3.563418338038489,1.8171542994834018,4.0,-5.451462898450205,10.690255014115468,0.0,-32.0707650423464,-16.354388695350615,0.0
23.74000000000091,3.5073084678900104,1.9232231568559663,4.0,-5.769669470567899,10.521925403670032,0.0,-31.565776211010093,-17.309008411703697,0.0
23.750000000000913,3.44804225685665,2.027561243201029,4.0,-6.082683729603087,10.34412677056995,0.0,-31.032380311709847,-18.24805118880926,0.0
23.760000000000915,3.3856730405279882,2.1300746612834884,4.0,-6.390223983850465,10.157019121583964,0.0,-30.471057364751893,-19.170671951551395,0.0
23.770000000000916,3.320256946988925,2.2306711559465193,4.0,-6.692013467839558,9.960770840966775,0.0,-29.882312522900328,-20.076040403518675,0.0
23.780000000000918,3.251852846308193,2.329260197134984,4.0,-6.9877805914049524,9.755558538924578,0.0,-29.266675616773735,-20.963341774214857,0.0
23.79000000000092,3.180522297559265,2.4257530613663736,4.0,-7.277259184099121,9.541566892677796,0.0,-28.624700678033385,-21.83177755229736,0.0
23.80000000000092,3.1063294934213483,2.520062911575953,4.0,-7.560188734727859,9.318988480264045,0.0,-27.956965440792136,-22.680566204183577,0.0
23.810000000000922,3.029341202410303,2.6121048752642575,4.0,-7.836314625792772,9.088023607230909,0.0,-27.264070821692727,-23.508943877378318,0.0
23.820000000000924,2.9496267087914845,2.7017961208766135,4.0,-8.10538836262984,8.848880126374453,0.0,-26.54664037912336,-24.316165087889523,0.0
23.830000000000926,2.8672577502285836,2.7890559323459474,4.0,-8.367167797037842,8.601773250685751,0.0,-25.80531975205725,-25.101503391113525,0.0
23.840000000000927,2.782308453224569,2.8738057817317975,4.0,-8.621417345195393,8.346925359673707,0.0,-25.04077607902112,-25.864252035586176,0.0
23.85000000000093,2.6948552664128385,2.9559693998901593,4.0,-8.867908199670477,8.084565799238515,0.0,-24.253697397715545,-26.603724599011432,0.0
23.86000000000093,2.60497689175861,3.035472845110569,4.0,-9.106418535331708,7.814930675275829,0.0,-23.44479202582749,-27.31925560599512,0.0
23.870000000000932,2.5127542137324634,3.112244569658649,4.0,-9.336733708975947,7.53826264119739,0.0,-22.61478792359217,-28.010201126927843,0.0
23.880000000000933,2.4182702265197786,3.1862154841642427,4.0,-9.558646452492727,7.254810679559336,0.0,-21.76443203867801,-28.675939357478185,0.0
23.890000000000935,2.3216099593315693,3.257319019797181,4.0,-9.771957059391543,6.964829877994708,0.0,-20.894489633984122,-29.31587117817463,0.0
23.900000000000936,2.2228603998839325,3.3254911881747398,4.0,-9.97647356452422,6.668581199651797,0.0,-20.00574359895539,-29.92942069357266,0.0
23.910000000000938,2.122110416114976,3.390670638946862,4.0,-10.172011916840587,6.3663312483449275,0.0,-19.098993745034782,-30.51603575052176,0.0
23.92000000000094,2.0194506762096713,3.4527987150073347,4.0,-10.358396145022004,6.058352028629014,0.0,-18.175056085887043,-31.07518843506601,0.0
23.93000000000094,1.9149735670046095,3.5118195052812213,4.0,-10.535458515843665,5.744920701013829,0.0,-17.234762103041486,-31.60637554753099,0.0
23.940000000000943,1.8087731108460814,3.56767989504106,4.0,-10.70303968512318,5.426319332538244,0.0,-16.278957997614732,-32.10911905536954,0.0
23.950000000000944,1.7009448809763137,3.62032961370653,4.0,-10.860988841119589,5.102834642928941,0.0,-15.308503928786823,-32.58296652335877,0.0
23.960000000000946,1.5915859155240026,3.6697212800845818,4.0,-11.009163840253745,4.774757746572008,0.0,-14.324273239716025,-33.02749152076124,0.0
23.970000000000947,1.480794630176546,3.715810445009313,4.0,-11.147431335027939,4.442383890529638,0.0,-13.327151671588915,-33.442294005083816,0.0
23.98000000000095,1.3686707296125695,3.7585556313432154,4.0,-11.275666894029646,4.106012188837709,0.0,-12.318036566513126,-33.827000682088936,0.0
23.99000000000095,1.2553151177744442,3.7979183713038034,4.0,-11.39375511391141,3.7659453533233327,0.0,-11.297836059969997,-34.18126534173423,0.0
24.000000000000952,1.1408298070615503,3.8338632410820166,4.0,-11.501589723246049,3.4224894211846513,0.0,-10.267468263553953,-34.50476916973815,0.0
24.010000000000954,1.025317826526003,3.8663578927212616,4.0,-11.599073678163785,3.075953479578009,0.0,-9.227860438734027,-34.79722103449136,0.0
24.020000000000955,0.908883129153459,3.8953730832283853,4.0,-11.686119249685156,2.726649387460377,0.0,-8.179948162381132,-35.05835774905547,0.0
24.030000000000957,0.7916304983124477,3.9208827008903984,4.0,-11.762648102671195,2.374891494937343,0.0,-7.124674484812029,-35.287944308013586,0.0
24.04000000000096,0.6736654534564107,3.9428637887732525,4.0,-11.828591366319758,2.020996360369232,0.0,-6.0629890811076965,-35.485774098959276,0.0
24.05000000000096,0.555094155163317,3.961296565381532,4.0,-11.883889696144596,1.665282465489951,0.0,-4.995847396469853,-35.65166908843379,0.0
24.06000000000096,0.4360233095983075,3.976164442460465,4.0,-11.928493327381394,1.3080699287949225,0.0,-3.9242097863847674,-35.78547998214418,0.0
24.070000000000963,0.31656007248535006,3.987454039924231,4.0,-11.962362119772694,0.9496802174560501,0.0,-2.8490406523681506,-35.88708635931808,0.0
24.080000000000965,0.19681195267431964,3.9951551978971382,4.0,-11.985465593691416,0.590435858022959,0.0,-1.7713075740688768,-35.95639678107425,0.0
24.090000000000966,0.07688671539029057,3.9992609858568238,4.0,-11.997782957570472,0.23066014617087172,0.0,-0.6919804385126151,-35.993348872711415,0.0
24.100000000000968,-0.043107714747892156,3.9997677088712558,4.0,-11.999303126613768,-0.12932314424367647,0.0,0.3879694327310294,-35.9979093798413,0.0
24.11000000000097,-0.16306335085248524,3.9966749109239244,4.0,-11.990024732771772,-0.48919005255745573,0.0,1.4675701576723672,-35.97007419831532,0.0
24.12000000000097,-0.28287224094775704,3.9899853753242245,4.0,-11.969956125972674,-0.848616722843271,0.0,2.5458501685298134,-35.90986837791802,0.0
24.130000000000972,-0.40242656511947933,3.9797051222026663,4.0,-11.939115366607998,-1.207279695358438,0.0,3.621839086075314,-35.81734609982399,0.0
24.140000000000974,-0.5216187325455722,3.965843403093162,4.0,-11.897530209279486,-1.5648561976367166,0.0,4.69456859291015,-35.692590627838456,0.0
24.150000000000976,-0.6403414783205823,3.9484126926072722,4.0,-11.845238077821817,-1.921024434961747,0.0,5.763073304885241,-35.53571423346545,0.0
24.160000000000977,-0.758487959986857,3.9274286772078977,4.0,-11.782286031623693,-2.2754638799605713,0.0,6.826391639881713,-35.34685809487108,0.0
24.17000000000098,-0.8759518536855448,3.9029102410925183,4.0,-11.708730723277554,-2.6278555610566343,0.0,7.883566683169904,-35.12619216983266,0.0
24.18000000000098,-0.9926274498408919,3.8748794491986933,4.0,-11.624638347596079,-2.977882349522676,0.0,8.933647048568027,-34.87391504278824,0.0
24.190000000000982,-1.108409748291725,3.8433615273471053,4.0,-11.530084582041315,-3.325229244875175,0.0,9.975687734625525,-34.59025374612395,0.0
24.200000000000983,-1.223194552784509,3.8083848395400253,4.0,-11.425154518620076,-3.6695836583535266,0.0,11.00875097506058,-34.27546355586023,0.0
24.210000000000985,-1.336878564742942,3.769980862435624,4.0,-11.309942587306873,-4.010635694228826,0.0,12.031907082686478,-33.92982776192062,0.0
24.220000000000987,-1.4493594762297026,3.7281841570211043,4.0,-11.184552471063313,-4.348078428689108,0.0,13.044235286067323,-33.55365741318994,0.0
24.230000000000988,-1.560536062016686,3.683032337510147,4.0,-11.04909701253044,-4.681608186050058,0.0,14.044824558150173,-33.14729103759132,0.0
24.24000000000099,-1.6703082706808783,3.6345660374926543,4.0,-10.903698112477963,-5.010924812042635,0.0,15.032774436127905,-32.71109433743389,0.0
24.25000000000099,-1.7785773146438837,3.5828288733672657,4.0,-10.748486620101797,-5.335731943931651,0.0,16.007195831794952,-32.24545986030539,0.0
24.260000000000993,-1.8852457590740765,3.5278674050895407,4.0,-10.583602215268622,-5.655737277222229,0.0,16.96721183166669,-31.750806645805866,0.0
24.270000000000994,-1.990217609571374,3.4697310942711406,4.0,-10.409193282813423,-5.970652828714122,0.0,17.911958486142364,-31.227579848440264,0.0
24.280000000000996,-2.0933983985557156,3.408472259667719,4.0,-10.225416779003158,-6.280195195667147,0.0,18.840585587001442,-30.67625033700947,0.0
24.290000000000997,-2.1946952702815095,3.3441460300955717,4.0,-10.032438090286714,-6.584085810844528,0.0,19.752257432533586,-30.097314270860146,0.0
24.300000000001,-2.2940170644015367,3.2768102948194233,4.0,-9.83043088445827,-6.88205119320461,0.0,20.64615357961383,-29.49129265337481,0.0
24.310000000001,-2.3912743980051085,3.2065256514559968,4.0,-9.61957695436799,-7.173823194015325,0.0,21.521469582045977,-28.858730863103972,0.0
24.320000000001002,-2.486379746056656,3.133355351440248,4.0,-9.400066054320744,-7.459139238169968,0.0,22.377417714509903,-28.20019816296223,0.0
24.330000000001004,-2.5792475201623497,3.057365243103344,4.0,-9.172095729310032,-7.73774256048705,0.0,23.21322768146115,-27.516287187930097,0.0
24.340000000001005,-2.669794145593882,2.9786237124136097,4.0,-8.935871137240829,-8.009382436781646,0.0,24.028147310344938,-26.807613411722485,0.0
24.350000000001007,-2.7579381365000777,2.897201621433772,4.0,-8.691604864301315,-8.273814409500233,0.0,24.821443228500698,-26.074814592903948,0.0
24.36000000000101,-2.8436001692386634,2.8131722445498863,4.0,-8.43951673364966,-8.530800507715991,0.0,25.59240152314797,-25.318550200948977,0.0
24.37000000000101,-2.926703153762187,2.7266112025293356,4.0,-8.179833607588007,-8.78010946128656,0.0,26.34032838385968,-24.53950082276402,0.0
24.38000000000101,-3.007172302993861,2.637596394467243,4.0,-7.912789183401729,-9.021516908981582,0.0,27.06455072694475,-23.73836755020519,0.0
24.390000000001013,-3.084935200130881,2.5462079276825453,4.0,-7.6386237830476365,-9.254805600392643,0.0,27.76441680117793,-22.915871349142908,0.0
24.400000000001015,-3.1599218638146622,2.452528045626812,4.0,-7.357584136880437,-9.479765591443986,0.0,28.43929677433196,-22.07275241064131,0.0
24.410000000001016,-3.2320648111093373,2.3566410538706917,4.0,-7.069923161612075,-9.696194433328012,0.0,29.088583299984037,-21.209769484836226,0.0
24.420000000001018,-3.301299118231843,2.2586332442345864,4.0,-6.77589973270376,-9.90389735469553,0.0,29.711692064086588,-20.32769919811128,0.0
24.43000000000102,-3.3675624789789462,2.1585928171318405,4.0,-6.475778451395522,-10.102687436936838,0.0,30.308062310810516,-19.427335354186564,0.0
24.44000000000102,-3.430795260798616,2.0566098021943193,4.0,-6.1698294065829575,-10.292385782395847,0.0,30.87715734718754,-18.509488219748874,0.0
24.450000000001022,-3.4909405584552995,1.9527759772518205,4.0,-5.858327931755461,-10.472821675365898,0.0,31.418465026097696,-17.574983795266384,0.0
24.460000000001024,-3.5479442452407914,1.8471847857382189,4.0,-5.541554357214657,-10.643832735722373,0.0,31.931498207167124,-16.62466307164397,0.0
24.470000000001026,-3.601755021684619,1.7399312525986854,4.0,-5.219793757796056,-10.805265065053856,0.0,32.41579519516157,-15.659381273388169,0.0
24.480000000001027,-3.6523244617201005,1.6311118987736493,4.0,-4.893335696320948,-10.956973385160302,0.0,32.8709201554809,-14.680007088962844,0.0
24.49000000000103,-3.6996070562645387,1.520824654336467,4.0,-4.562473963009401,-11.098821168793616,0.0,33.296463506380846,-13.687421889028203,0.0
24.50000000000103,-3.7435602541743234,1.409168770362966,4.0,-4.227506311088899,-11.23068076252297,0.0,33.69204228756891,-12.682518933266694,0.0
24.510000000001032,-3.784144500538088,1.296244729612177,4.0,-3.888734188836531,-11.352433501614264,0.0,34.05730050484279,-11.666202566509593,0.0
24.520000000001033,-3.8213232722734585,1.1821541560986315,4.0,-3.5464624682958945,-11.463969816820375,0.0,34.39190945046113,-10.639387404887684,0.0
24.530000000001035,-3.8550631109953657,1.0669997236376085,4.0,-3.2009991709128256,-11.565189332986098,0.0,34.69556799895829,-9.602997512738476,0.0
24.540000000001037,-3.8853336531263305,0.9508850634456326,4.0,-2.8526551903368977,-11.656000959378991,0.0,34.96800287813697,-8.557965571010694,0.0
24.550000000001038,-3.912107657221635,0.8339146708793717,4.0,-2.501744012638115,-11.736322971664904,0.0,35.20896891499471,-7.505232037914345,0.0
24.56000000000104,-3.9353610284847846,0.7161938113968709,4.0,-2.1485814341906124,-11.806083085454354,0.0,35.41824925636306,-6.445744302571838,0.0
24.57000000000104,-3.9550728404511983,0.5978284258257449,4.0,-1.7934852774772347,-11.865218521353595,0.0,35.595655564060785,-5.380455832431704,0.0
24.580000000001043,-3.9712253538206137,0.4789250350235839,4.0,-1.4367751050707518,-11.91367606146184,0.0,35.74102818438552,-4.310325315212255,0.0
24.590000000001044,-3.98380403242126,0.3595906440163717,4.0,-1.0787719320491151,-11.95141209726378,0.0,35.85423629179134,-3.236315796147345,0.0
24.600000000001046,-3.992797556291432,0.239932645701185,4.0,-0.719797937103555,-11.978392668874296,0.0,35.93517800662289,-2.159393811310665,0.0
24.610000000001047,-3.998197831866691,0.12005872419983495,4.0,-0.36017617259950485,-11.994593495600073,0.0,35.98378048680022,-1.0805285177985144,0.0
24.62000000000105,-3.9999999992635273,7.675795042582398e-05,4.0,-0.00023027385127747193,-11.999999997790582,0.0,35.999999993371745,-0.0006908215538324158,0.0
24.63000000000105,-3.998202436652926,-0.11990527737595769,4.0,0.35971583212787306,-11.994607309958777,0.0,35.983821929876335,1.0791474963836192,0.0
24.640000000001052,-3.9928067617199052,-0.23977940604606623,4.0,0.7193382181381986,-11.978420285159716,0.0,35.93526085547915,2.158014654414596,0.0
24.650000000001054,-3.983817830207707,-0.35943774943535767,4.0,1.0783132483060731,-11.951453490623122,0.0,35.85436047186936,3.234939744918219,0.0
24.660000000001055,-3.9712437315479585,-0.4787726231114775,4.0,1.4363178693344325,-11.913731194643876,0.0,35.741193583931626,4.308953608003297,0.0
24.670000000001057,-3.955095781580727,-0.5976766337429795,4.0,1.7930299012289386,-11.86528734474218,0.0,35.59586203422654,5.379089703686816,0.0
24.68000000000106,-3.9353885123710284,-0.7160427757460753,4.0,2.148128327238226,-11.806165537113085,0.0,35.41849661133926,6.444384981714678,0.0
24.69000000000106,-3.9121396591309514,-0.833764527582437,4.0,2.5012935827473113,-11.736418977392855,0.0,35.20925693217856,7.503880748241933,0.0
24.70000000000106,-3.885370144259161,-0.9507359476213918,4.0,2.8522078428641753,-11.656110432777483,0.0,34.96833129833245,8.556623528592526,0.0
24.710000000001063,-3.8551040585121545,-1.0668517694802384,4.0,3.2005553084407152,-11.565312175536464,0.0,34.695936526609394,9.601665925322145,0.0
24.720000000001065,-3.821368639324204,-1.1820074967568868,4.0,3.5460224902706603,-11.464105917972612,0.0,34.39231775391784,10.638067470811981,0.0
24.730000000001066,-3.7841942462955065,-1.2960994970695665,4.0,3.8882984912086993,-11.35258273888652,0.0,34.05774821665956,11.664895473626098,0.0
24.740000000001068,-3.7436143338705916,-1.409025095318975,4.0,4.227075285956925,-11.230843001611774,0.0,33.69252900483532,12.681225857870775,0.0
24.75000000000107,-3.69966542123158,-1.520682666088937,4.0,4.562047998266811,-11.09899626369474,0.0,33.29698879108422,13.686143994800434,0.0
24.76000000000107,-3.6523870594333836,-1.6309717251024196,4.0,4.892915175307259,-10.95716117830015,0.0,32.87148353490045,14.678745525921777,0.0
24.770000000001072,-3.6018217958104275,-1.7397930196505984,4.0,5.219379058951795,-10.805465387431283,0.0,32.41639616229385,15.658137176855385,0.0
24.780000000001074,-3.5480151356869194,-1.8470486179135976,4.0,5.541145853740793,-10.644045407060759,0.0,31.932136221182276,16.623437561222378,0.0
24.790000000001076,-3.49101550142513,-1.952641997092516,4.0,5.857925991277548,-10.47304650427539,0.0,31.41913951282617,17.573777973832645,0.0
24.800000000001077,-3.430874188848535,-2.0564781302734314,4.0,6.169434390820294,-10.292622566545605,0.0,30.877867699636813,18.508303172460884,0.0
24.81000000000108,-3.367645321079036,-2.1584635719452105,4.0,6.475390715835632,-10.102935963237108,0.0,30.30880788971132,19.426172147506897,0.0
24.82000000000108,-3.3013857998298057,-2.2585065420941586,4.0,6.775519626282476,-9.904157399489417,0.0,29.71247219846825,20.32655887884743,0.0
24.830000000001082,-3.232155254197585,-2.35651700879984,4.0,7.0695510263995205,-9.696465762592755,0.0,29.089397287778265,21.208653079198562,0.0
24.840000000001083,-3.16001598700052,-2.452406769257728,4.0,7.357220307773185,-9.48004796100156,0.0,28.44014388300468,22.071660923319552,0.0
24.850000000001085,-3.0850329187098353,-2.546089529155775,4.0,7.638268587467325,-9.255098756129506,0.0,27.765296268388518,22.914805762401976,0.0
24.860000000001087,-3.0072735290257864,-2.6374809803334687,4.0,7.912442941000406,-9.02182058707736,0.0,27.06546176123208,23.737328823001217,0.0
24.870000000001088,-2.926807796150487,-2.7264988766534874,4.0,8.179496629960463,-8.78042338845146,0.0,26.341270165354384,24.538489889881387,0.0
24.88000000000109,-2.8437081338122523,-2.813063108017671,4.0,8.439189324053013,-8.531124401436756,0.0,25.59337320431027,25.31756797215904,0.0
24.89000000000109,-2.7580493260981265,-2.897095772460702,4.0,8.691287317382105,-8.27414797829438,0.0,24.82244393488314,26.073861952146316,0.0
24.900000000001093,-2.6699084601532572,-2.9785212462566157,4.0,8.935563738769847,-8.009725380459772,0.0,24.029176141379317,26.80669121630954,0.0
24.910000000001094,-2.579364856807664,-3.0572662519750513,4.0,9.171798755925154,-7.738094570422992,0.0,23.214283711268976,27.51539626777546,0.0
24.920000000001096,-2.4864999991928487,-3.1332599244259907,4.0,9.399779773277972,-7.459499997578546,0.0,22.378499992735637,28.199339319833918,0.0
24.930000000001098,-2.3913974594124743,-3.2064338744336465,4.0,9.61930162330094,-7.174192378237423,0.0,21.522577134712268,28.857904869902818,0.0
24.9400000000011,-2.2941428233331145,-3.276722250382105,4.0,9.830166751146315,-6.882428469999343,0.0,20.64728540999803,29.490500253438945,0.0
24.9500000000011,-2.19482361356275,-3.344061797477336,4.0,10.032185392432009,-6.584470840688249,0.0,19.75341252206475,30.096556177296026,0.0
24.960000000001102,-2.093529210686328,-3.4083919146722375,4.0,10.225175744016713,-6.280587632058984,0.0,18.841762896176952,30.675527232050136,0.0
24.970000000001104,-1.9903507728292706,-3.4696547092034855,4.0,10.408964127610457,-5.971052318487812,0.0,17.913156955463435,31.22689238283137,0.0
24.980000000001105,-1.8853811536213136,-3.5277950486911176,4.0,10.583385146073352,-5.656143460863941,0.0,16.968430382591823,31.75015543822006,0.0
24.990000000001107,-1.7787148186345074,-3.582760610753949,4.0,10.748281832261847,-5.336144455903522,0.0,16.008433367710566,32.244845496785544,0.0
25.00000000000111,-1.6704477603705785,-3.6345019300961883,4.0,10.903505790288564,-5.011343281111736,0.0,15.034029843335206,32.710517370865695,0.0
25.01000000000111,-1.560677411874157,-3.6829724430228614,4.0,11.048917329068583,-4.682032235622471,0.0,14.046096706867413,33.146751987205754,0.0
25.02000000000111,-1.4495025590496138,-3.728128529343995,4.0,11.184385588031986,-4.348507677148842,0.0,13.045523031446525,33.55315676409596,0.0
25.030000000001113,-1.3370232517604133,-3.7699295516298457,4.0,11.309788654889537,-4.011069755281239,0.0,12.03320926584372,33.92936596466861,0.0
25.040000000001115,-1.2233407137909904,-3.8083378917818402,4.0,11.425013675345522,-3.6700221413729714,0.0,11.010066424118914,34.27504102603656,0.0
25.050000000001116,-1.1085572517521765,-3.8433189848863263,4.0,11.529956954658978,-3.325671755256529,0.0,9.977015265769587,34.589870863976934,0.0
25.060000000001118,-0.9927761630121551,-3.8748413503206636,4.0,11.624524050961991,-2.9783284890364654,0.0,8.934985467109396,34.87357215288597,0.0
25.07000000000112,-0.8761016427358036,-3.9028766200836564,4.0,11.70862986025097,-2.628304928207411,0.0,7.884914784622232,35.12588958075291,0.0
25.08000000000112,-0.7586386901160764,-3.9273995643248427,4.0,11.782198692974529,-2.275916070348229,0.0,6.827748211044688,35.34659607892358,0.0
25.090000000001123,-0.6404930138818202,-3.9483881140496537,4.0,11.845164342148962,-1.9214790416454606,0.0,5.764437124936382,35.535493026446886,0.0
25.100000000001124,-0.5217709371670518,-3.9658233809800225,4.0,11.897470142940067,-1.5653128115011554,0.0,4.695938434503466,35.6924104288202,0.0
25.110000000001126,-0.40257930182731466,-3.9796896745525565,4.0,11.93906902365767,-1.207737905481944,0.0,3.623213716445832,35.81720707097301,0.0
25.120000000001127,-0.2830253722892206,-3.989974516038987,4.0,11.96992354811696,-0.8490761168676617,0.0,2.5472283506029854,35.90977064435088,0.0
25.13000000000113,-0.16321673901970568,-3.9966686497761823,4.0,11.990005949328546,-0.48965021705911704,0.0,1.4689506511773511,35.97001784798564,0.0
25.14000000000113,-0.0432612217018724,-3.99976605149562,4.0,11.99929815448686,-0.1297836651056172,0.0,0.38935099531685163,35.99789446346058,0.0
25.150000000001132,0.07673322779544768,-3.99926393374482,4.0,11.99779180123446,0.23019968338634306,0.0,-0.6905990501590291,35.99337540370338,0.0
25.160000000001133,0.19665862256708935,-3.9951627483958667,4.0,11.9854882451876,0.5899758677012681,0.0,-1.7699276031038043,35.956464735562804,0.0
25.170000000001135,0.3164070378524794,-3.9874661862387524,4.0,11.962398558716258,0.9492211135574382,0.0,-2.8476633406723146,35.88719567614877,0.0
25.180000000001137,0.4358707081606366,-3.9761811736599157,4.0,11.928543520979748,1.3076121244819099,0.0,-3.9228363734457297,35.78563056293924,0.0
25.190000000001138,0.5549421242518393,-3.9613178664089626,4.0,11.883953599226889,1.664826372755518,0.0,-4.994479118266554,35.65186079768066,0.0
25.20000000000114,0.6735141298886851,-3.9428896404591756,4.0,11.828668921377528,2.0205423896660553,0.0,-6.061627168998166,35.48600676413258,0.0
25.21000000000114,0.7914800182694708,-3.920913079970042,4.0,11.762739239910125,2.3744400548084124,0.0,-7.1233201644252375,35.288217719730376,0.0
25.220000000001143,0.9087336280571126,-3.8954079623626274,4.0,11.686223887087882,2.7262008841713374,0.0,-8.178602652514012,35.058671661263645,0.0
25.230000000001144,1.0251694389171824,-3.866397240521236,4.0,11.599191721563708,3.075508316751547,0.0,-9.22652495025464,34.797575164691125,0.0
25.240000000001146,1.1406826664790881,-3.83390702213736,4.0,11.50172106641208,3.4220479994372646,0.0,-10.266143998311794,34.505163199236236,0.0
25.250000000001148,1.2551693566349327,-3.79796654621452,4.0,11.39389963864356,3.765508069904798,0.0,-11.296524209714395,34.18169891593068,0.0
25.26000000000115,1.3685264790911955,-3.758608156755138,4.0,11.275824470265414,4.105579437273587,0.0,-12.31673831182076,33.827473410796244,0.0
25.27000000000115,1.4806520200890423,-3.7158672736531155,4.0,11.147601820959347,4.441956060267127,0.0,-13.32586818080138,33.44280546287804,0.0
25.280000000001152,1.591445074209822,-3.6697823608183215,4.0,11.009347082454966,4.774335222629466,0.0,-14.323005667888399,33.0280412473649,0.0
25.290000000001154,1.7008059351831326,-3.620394891561669,4.0,10.861184674685006,5.102417805549398,0.0,-15.307253416648194,32.58355402405502,0.0
25.300000000001155,1.808636185615735,-3.567749311271935,4.0,10.703247933815804,5.4259085568472045,0.0,-16.277725670541614,32.109743801447415,0.0
25.310000000001157,1.9148387855605629,-3.5118929974179096,4.0,10.535678992253729,5.744516356681689,0.0,-17.233549070045065,31.607036976761187,0.0
25.32000000000116,2.0193181598461267,-3.4528762169118736,4.0,10.358628650735621,6.05795447953838,0.0,-18.17386343861514,31.075885952206864,0.0
25.33000000000116,2.1219802840877158,-3.3907520808727694,4.0,10.172256242618309,6.365940852263147,0.0,-19.097822556789442,30.516768727854924,0.0
25.34000000000116,2.222732769302998,-3.325576496829779,4.0,9.976729490489337,6.668198307908994,0.0,-20.00459492372698,29.93018847146801,0.0
25.350000000001163,2.321484945055868,-3.257408118409321,4.0,9.772224355227962,6.964454835167604,0.0,-20.893364505502813,29.316673065683887,0.0
25.360000000001165,2.418147941053721,-3.1863082925507458,4.0,9.558924877652238,7.2544438231611625,0.0,-21.76333146948349,28.67677463295671,0.0
25.370000000001166,2.5126347671247147,-3.1123410042982327,4.0,9.337023012894697,7.5379043013741445,0.0,-22.613712904122433,28.011069038684095,0.0
25.380000000001168,2.6048603915030544,-3.035572819218566,4.0,9.106718457655699,7.814581174509163,0.0,-23.443743523527488,27.320155372967093,0.0
25.39000000000117,2.694741817351843,-2.9560728234966214,4.0,8.868218470489865,8.084225452055529,0.0,-24.25267635616659,26.604655411469594,0.0
25.40000000000117,2.782198157454631,-2.8739125617624586,4.0,8.621737685287375,8.346594472363893,0.0,-25.039783417091677,25.865213055862128,0.0
25.410000000001173,2.867150707008451,-2.789165972705988,4.0,8.367497918117964,8.601452121025353,0.0,-25.80435636307606,25.10249375435389,0.0
25.420000000001174,2.94952301445283,-2.701909322537137,4.0,8.105727967611411,8.848569043358491,0.0,-26.54570713007547,24.317183902834234,0.0
25.430000000001176,3.0292409502710322,-2.6122211363514105,4.0,7.836663409054232,9.087722850813098,0.0,-27.26316855243929,23.509990227162696,0.0
25.440000000001177,3.1062327737016204,-2.520182127462604,4.0,7.5605463823878125,9.318698321104861,0.0,-27.956094963314584,22.681639147163438,0.0
25.45000000000118,3.180429197300299,-2.425875124766272,4.0,7.277625374298816,9.541287591900897,0.0,-28.62386277570269,21.832876122896447,0.0
25.46000000000118,3.2517634492939376,-2.3293849981993087,4.0,6.9881549945979256,9.755290347881813,0.0,-29.26587104364544,20.96446498379378,0.0
25.470000000001182,3.3201713336706598,-2.230798582362736,4.0,6.692395747088208,9.96051400101198,0.0,-29.88154200303594,20.077187241264625,0.0
25.480000000001183,3.38559128795192,-2.130204598376424,4.0,6.390613795129272,10.15677386385576,0.0,-30.470321591567277,19.171841385387815,0.0
25.490000000001185,3.447964438594579,-2.0276935740360695,4.0,6.083080722108209,10.343893315783738,0.0,-31.03167994735121,18.249242166324628,0.0
25.500000000001187,3.5072346539731205,-1.923357762344293,4.0,5.770073287032879,10.52170396191936,0.0,-31.565111885758085,17.310219861098638,0.0
25.510000000001188,3.563348594894323,-1.8172910584891606,4.0,5.451873175467481,10.690045784682969,0.0,-32.07013735404891,16.355619526402446,0.0
25.52000000000119,3.616255762598935,-1.7095889153448545,4.0,5.128766746034564,10.848767287796804,0.0,-32.54630186339041,15.38630023810369,0.0
25.53000000000119,3.6659085442071486,-1.6003482575705275,4.0,4.801044772711583,10.997725632621446,0.0,-32.99317689786434,14.403134318134747,0.0
25.540000000001193,3.712262255566979,-1.489667394384654,4.0,4.469002183153962,11.136786766700936,0.0,-33.41036030010281,13.407006549461885,0.0
25.550000000001194,3.7552751814669842,-1.3776459310933664,4.0,4.1329377932800995,11.265825544400952,0.0,-33.797476633202855,12.398813379840298,0.0
25.560000000001196,3.7949086131771392,-1.2643846794524056,4.0,3.793154038357217,11.384725839531418,0.0,-34.15417751859425,11.37946211507165,0.0
25.570000000001198,3.8311268832840812,-1.149985566943343,4.0,3.449956700830029,11.493380649852243,0.0,-34.48014194955673,10.349870102490087,0.0
25.5800000000012,3.863897397789374,-1.0345515450457283,4.0,3.103654635137185,11.591692193368122,0.0,-34.77507658010437,9.310963905411555,0.0
25.5900000000012,3.893190665441906,-0.918186496587707,4.0,2.754559489763121,11.679571996325718,0.0,-35.03871598897715,8.263678469289363,0.0
25.600000000001202,3.918980324278027,-0.8009951422584858,4.0,2.4029854267754573,11.75694097283408,0.0,-35.27082291850224,7.2089562803263725,0.0
25.610000000001204,3.941243165345533,-0.6830829463667819,4.0,2.0492488391003456,11.823729496036599,0.0,-35.471188488109796,6.147746517301037,0.0
25.620000000001205,3.9599591535901606,-0.5645560219300636,4.0,1.6936680657901908,11.879877460770482,0.0,-35.63963238231145,5.081004197370572,0.0
25.630000000001207,3.975111445885781,-0.4455210351799965,4.0,1.3365631055399896,11.925334337657343,0.0,-35.776003012972026,4.009689316619969,0.0
25.64000000000121,3.986686406192077,-0.32608510957003506,4.0,0.9782553287101052,11.96005921857623,0.0,-35.880177655728694,2.9347659861303157,0.0
25.65000000000121,3.9946736178260593,-0.20635572937154517,4.0,0.6190671881146355,11.984020853478178,0.0,-35.952062560434534,1.8572015643439066,0.0
25.66000000000121,4.001449487062303,-0.12275450767968284,4.006666666666713,0.0,0.0,0.0,0.0,0.0,0.0
25.670000000001213,4.0064716968642315,-0.038959922476300375,4.01333333333338,0.0,0.0,0.0,0.0,0.0,0.0
25.680000000001215,4.009735127893784,0.04499115618439603,4.020000000000047,0.0,0.0,0.0,0.0,0.0,0.0
25.690000000001216,4.01123543771462,0.12906172898753673,4.0266666666667135,0.0,0.0,0.0,0.0,0.0,0.0
25.700000000001218,4.010969063949724,0.21321468376215655,4.03333333333338,0.0,0.0,0.0,0.0,0.0,0.0
25.71000000000122,4.008933227091919,0.2974128119610214,4.040000000000047,0.0,0.0,0.0,0.0,0.0,0.0
25.72000000000122,4.005125932965585,0.38161882520835677,4.046666666666714,0.0,0.0,0.0,0.0,0.0,0.0
25.730000000001223,3.999545974837961,0.46579537190808584,4.053333333333381,0.0,0.0,0.0,0.0,0.0,0.0
25.740000000001224,3.9921929351785805,0.5499050539051398,4.060000000000048,0.0,0.0,0.0,0.0,0.0,0.0
25.750000000001226,3.9830671870655783,0.6339104431923818,4.066666666666714,0.0,0.0,0.0,0.0,0.0,0.0
25.760000000001227,3.972169895237691,0.7177740986556397,4.073333333333381,0.0,0.0,0.0,0.0,0.0,0.0
25.77000000000123,3.959503016791039,0.8014585828493314,4.080000000000048,0.0,0.0,0.0,0.0,0.0,0.0
25.78000000000123,3.945069301519824,0.8849264787951299,4.086666666666715,0.0,0.0,0.0,0.0,0.0,0.0
25.790000000001232,3.928872291900336,0.9681404067961029,4.093333333333382,0.0,0.0,0.0,0.0,0.0,0.0
25.800000000001234,3.910916322717749,1.0510630412587434,4.1000000000000485,0.0,0.0,0.0,0.0,0.0,0.0
25.810000000001235,3.8912065203353894,1.1336571275152878,4.106666666666715,0.0,0.0,0.0,0.0,0.0,0.0
25.820000000001237,3.869748801606326,1.2158854986387202,4.113333333333382,0.0,0.0,0.0,0.0,0.0,0.0
25.830000000001238,3.8465498724272478,1.2977110922428448,4.120000000000049,0.0,0.0,0.0,0.0,0.0,0.0
25.84000000000124,3.8216172259348093,1.3790969672598057,4.126666666666716,0.0,0.0,0.0,0.0,0.0,0.0
25.85000000000124,3.794959140344761,1.460006320687442,4.133333333333383,0.0,0.0,0.0,0.0,0.0,0.0
25.860000000001243,3.766584676434342,1.5404025042988605,4.140000000000049,0.0,0.0,0.0,0.0,0.0,0.0
25.870000000001244,3.7365036746685862,1.6202490413066186,4.146666666666716,0.0,0.0,0.0,0.0,0.0,0.0
25.880000000001246,3.704726751971347,1.6995096429739271,4.153333333333383,0.0,0.0,0.0,0.0,0.0,0.0
25.890000000001248,3.671265298142011,1.7781482251652836,4.16000000000005,0.0,0.0,0.0,0.0,0.0,0.0
25.90000000000125,3.636131471919035,1.8561289248289774,4.166666666666717,0.0,0.0,0.0,0.0,0.0,0.0
25.91000000000125,3.599338196691596,1.9334161164039223,4.1733333333333835,0.0,0.0,0.0,0.0,0.0,0.0
25.920000000001252,3.560899155860811,2.0099744281432956,4.18000000000005,0.0,0.0,0.0,0.0,0.0,0.0
25.930000000001254,3.520828787852145,2.085768758347498,4.186666666666717,0.0,0.0,0.0,0.0,0.0,0.0
25.940000000001255,3.479142280780779,2.1607642914989724,4.193333333333384,0.0,0.0,0.0,0.0,0.0,0.0
25.950000000001257,3.4358555667718704,2.234926514291454,4.200000000000051,0.0,0.0,0.0,0.0,0.0,0.0
25.96000000000126,3.390985315937813,2.308221231546275,4.206666666666718,0.0,0.0,0.0,0.0,0.0,0.0
25.97000000000126,3.3445489300147275,2.3806145820083686,4.2133333333333844,0.0,0.0,0.0,0.0,0.0,0.0
25.98000000000126,3.2965645356606195,2.4520730540146825,4.220000000000051,0.0,0.0,0.0,0.0,0.0,0.0
25.990000000001263,3.2470509774177416,2.5225635010277463,4.226666666666718,0.0,0.0,0.0,0.0,0.0,0.0
26.000000000001265,3.196027810341908,2.5920531570271956,4.233333333333385,0.0,0.0,0.0,0.0,0.0,0.0
26.010000000001266,3.1435152923016147,2.660509651752103,4.240000000000052,0.0,0.0,0.0,0.0,0.0,0.0
26.020000000001268,3.0895343759500147,2.727901025787048,4.2466666666667185,0.0,0.0,0.0,0.0,0.0,0.0
26.03000000000127,3.034106700372907,2.794195745484874,4.253333333333385,0.0,0.0,0.0,0.0,0.0,0.0
26.04000000000127,2.9772545824160996,2.8593627177192023,4.260000000000052,0.0,0.0,0.0,0.0,0.0,0.0
26.050000000001273,2.9190010076955955,2.923371304459797,4.266666666666719,0.0,0.0,0.0,0.0,0.0,0.0
26.060000000001274,2.859369621294257,2.9861913371639597,4.273333333333386,0.0,0.0,0.0,0.0,0.0,0.0
26.070000000001276,2.7983847181487174,3.047793130977222,4.280000000000053,0.0,0.0,0.0,0.0,0.0,0.0
26.080000000001277,2.736071233130446,3.108147498736654,4.2866666666667195,0.0,0.0,0.0,0.0,0.0,0.0
26.09000000000128,2.6724547308250597,3.1672257647702193,4.293333333333386,0.0,0.0,0.0,0.0,0.0,0.0
26.10000000000128,2.607561395014058,3.2249997784856594,4.300000000000053,0.0,0.0,0.0,0.0,0.0,0.0
26.110000000001282,2.541418017863348,3.2814419277424993,4.30666666666672,0.0,0.0,0.0,0.0,0.0,0.0
26.120000000001284,2.4740519888230352,3.336525152000855,4.313333333333387,0.0,0.0,0.0,0.0,0.0,0.0
26.130000000001285,2.405491283243104,3.390222955240799,4.320000000000054,0.0,0.0,0.0,0.0,0.0,0.0
26.140000000001287,2.3357644507097395,3.442509418646159,4.32666666666672,0.0,0.0,0.0,0.0,0.0,0.0
26.150000000001288,2.26490060310718,3.493359213046703,4.333333333333387,0.0,0.0,0.0,0.0,0.0,0.0
26.16000000000129,2.192929402410128,3.542747611112789,4.340000000000054,0.0,0.0,0.0,0.0,0.0,0.0
26.17000000000129,2.1198810482118446,3.59065049929663,4.346666666666721,0.0,0.0,0.0,0.0,0.0,0.0
26.180000000001293,2.045786264993221,3.637044389514464,4.353333333333388,0.0,0.0,0.0,0.0,0.0,0.0
26.190000000001294,1.9706762891382108,3.6819064305640183,4.3600000000000545,0.0,0.0,0.0,0.0,0.0,0.0
26.200000000001296,1.8945828557011495,3.7252144192717496,4.366666666666721,0.0,0.0,0.0,0.0,0.0,0.0
26.210000000001298,1.8175381849315857,3.766946811364497,4.373333333333388,0.0,0.0,0.0,0.0,0.0,0.0
26.2200000000013,1.739574968562392,3.807082732060255,4.380000000000055,0.0,0.0,0.0,0.0,0.0,0.0
26.2300000000013,1.6607263558670144,3.845601986372947,4.386666666666722,0.0,0.0,0.0,0.0,0.0,0.0
26.240000000001302,1.5810259394918418,3.8824850691261505,4.393333333333389,0.0,0.0,0.0,0.0,0.0,0.0
26.250000000001304,1.5005077410697878,3.9177131746708898,4.400000000000055,0.0,0.0,0.0,0.0,0.0,0.0
26.260000000001305,1.419206196621273,3.9512682063027147,4.406666666666722,0.0,0.0,0.0,0.0,0.0,0.0
26.270000000001307,1.3371561417489162,3.983132785373431,4.413333333333389,0.0,0.0,0.0,0.0,0.0,0.0
26.28000000000131,1.254392796632327,4.013290260092976,4.420000000000056,0.0,0.0,0.0,0.0,0.0,0.0
26.29000000000131,1.1709517508295042,4.04172471401705,4.426666666666723,0.0,0.0,0.0,0.0,0.0,0.0
26.30000000000131,1.0868689478914293,4.068420974216279,4.4333333333333895,0.0,0.0,0.0,0.0,0.0,0.0
26.310000000001313,1.0021806697965476,4.093364619122802,4.440000000000056,0.0,0.0,0.0,0.0,0.0,0.0
26.320000000001315,0.9169235212119085,4.116541986050336,4.446666666666723,0.0,0.0,0.0,0.0,0.0,0.0
26.330000000001316,0.83113441358783,4.137940178383875,4.45333333333339,0.0,0.0,0.0,0.0,0.0,0.0
26.340000000001318,0.744850549093037,4.157547072435384,4.460000000000057,0.0,0.0,0.0,0.0,0.0,0.0
26.35000000000132,0.658109404397298,4.17535132396194,4.466666666666724,0.0,0.0,0.0,0.0,0.0,0.0
26.36000000000132,0.5709487143086663,4.191342374342955,4.4733333333333904,0.0,0.0,0.0,0.0,0.0,0.0
26.370000000001323,0.48340645527250675,4.20551045641324,4.480000000000057,0.0,0.0,0.0,0.0,0.0,0.0
26.380000000001324,0.39552082873955974,4.2178465999488495,4.486666666666724,0.0,0.0,0.0,0.0,0.0,0.0
26.390000000001326,0.3073302444103587,4.228342636802774,4.493333333333391,0.0,0.0,0.0,0.0,0.0,0.0
26.400000000001327,0.21887330336338903,4.236991205687715,4.500000000000058,0.0,0.0,0.0,0.0,0.0,0.0
26.41000000000133,0.13018878107443216,4.243785756603325,4.5066666666667246,0.0,0.0,0.0,0.0,0.0,0.0
26.42000000000133,0.04131561033459977,4.2487205549054705,4.513333333333391,0.0,0.0,0.0,0.0,0.0,0.0
26.430000000001332,-0.047707135925383115,4.251790685015201,4.520000000000058,0.0,0.0,0.0,0.0,0.0,0.0
26.440000000001334,-0.13684026189703485,4.252992053765308,4.526666666666725,0.0,0.0,0.0,0.0,0.0,0.0
26.450000000001335,-0.22604446623445504,4.252321393382483,4.533333333333392,0.0,0.0,0.0,0.0,0.0,0.0
26.460000000001337,-0.3152803594654393,4.249776264103274,4.540000000000059,0.0,0.0,0.0,0.0,0.0,0.0
26.47000000000134,-0.40450848146562624,4.245355056422169,4.5466666666667255,0.0,0.0,0.0,0.0,0.0,0.0
26.48000000000134,-0.4936893189878919,4.239056992970352,4.553333333333392,0.0,0.0,0.0,0.0,0.0,0.0
26.49000000000134,-0.5827833232391765,4.230882130023777,4.560000000000059,0.0,0.0,0.0,0.0,0.0,0.0
26.500000000001343,-0.6717509274968919,4.220831358639429,4.566666666666726,0.0,0.0,0.0,0.0,0.0,0.0
26.510000000001344,-0.7605525647570356,4.20890640541876,4.573333333333393,0.0,0.0,0.0,0.0,0.0,0.0
26.520000000001346,-0.84914868540611,4.1951098328975025,4.58000000000006,0.0,0.0,0.0,0.0,0.0,0.0
26.530000000001348,-0.9374997749089289,4.1794450395611875,4.586666666666726,0.0,0.0,0.0,0.0,0.0,0.0
26.54000000000135,-1.0255663715043684,4.16191625948588,4.593333333333393,0.0,0.0,0.0,0.0,0.0,0.0
26.55000000000135,-1.1133090839011193,4.142528561603829,4.60000000000006,0.0,0.0,0.0,0.0,0.0,0.0
26.560000000001352,-1.2006886089654742,4.121287848593867,4.606666666666727,0.0,0.0,0.0,0.0,0.0,0.0
26.570000000001354,-1.2876657493931867,4.09820085539658,4.613333333333394,0.0,0.0,0.0,0.0,0.0,0.0
26.580000000001355,-1.3742014313574322,4.073275147354451,4.6200000000000605,0.0,0.0,0.0,0.0,0.0,0.0
26.590000000001357,-1.4602567221249045,4.0465191179773194,4.626666666666727,0.0,0.0,0.0,0.0,0.0,0.0
26.60000000000136,-1.5457928476320817,4.0179419863336845,4.633333333333394,0.0,0.0,0.0,0.0,0.0,0.0
26.61000000000136,-1.6307712100137115,3.9875537940685715,4.640000000000061,0.0,0.0,0.0,0.0,0.0,0.0
26.62000000000136,-1.7151534050755697,3.9553654020487903,4.646666666666728,0.0,0.0,0.0,0.0,0.0,0.0
26.630000000001363,-1.7989012397035655,3.9213884866366597,4.653333333333395,0.0,0.0,0.0,0.0,0.0,0.0
26.640000000001365,-1.8819767492012862,3.8856355355933743,4.660000000000061,0.0,0.0,0.0,0.0,0.0,0.0
26.650000000001366,-1.9643422145480955,3.8481198436133974,4.666666666666728,0.0,0.0,0.0,0.0,0.0,0.0
26.660000000001368,-2.045960179569928,3.8088555074914265,4.673333333333395,0.0,0.0,0.0,0.0,0.0,0.0
26.67000000000137,-2.1267934680149443,3.767857420923623,4.680000000000062,0.0,0.0,0.0,0.0,0.0,0.0
26.68000000000137,-2.206805200526265,3.725141268944998,4.686666666666729,0.0,0.0,0.0,0.0,0.0,0.0
26.690000000001373,-2.285958811504006,3.6807235220049836,4.6933333333333955,0.0,0.0,0.0,0.0,0.0,0.0
26.700000000001374,-2.364218065848916,3.6346214296834076,4.700000000000062,0.0,0.0,0.0,0.0,0.0,0.0
26.710000000001376,-2.441547075579926,3.586853014049228,4.706666666666729,0.0,0.0,0.0,0.0,0.0,0.0
26.720000000001377,-2.5179103163179968,3.5374370626645772,4.713333333333396,0.0,0.0,0.0,0.0,0.0,0.0
26.73000000000138,-2.593272643628684,3.4863931212368096,4.720000000000063,0.0,0.0,0.0,0.0,0.0,0.0
26.74000000000138,-2.6675993092159,3.43374148592141,4.72666666666673,0.0,0.0,0.0,0.0,0.0,0.0
26.750000000001382,-2.7408559769594074,3.37950319527878,4.7333333333333965,0.0,0.0,0.0,0.0,0.0,0.0
26.760000000001384,-2.8130087387886515,3.3237000218880968,4.740000000000063,0.0,0.0,0.0,0.0,0.0,0.0
26.770000000001385,-2.8840241303855905,3.2663544636215702,4.74666666666673,0.0,0.0,0.0,0.0,0.0,0.0
26.780000000001387,-2.9538691467092515,3.2074897345825977,4.753333333333397,0.0,0.0,0.0,0.0,0.0,0.0
26.79000000000139,-3.0225112573348234,3.1471297557114677,4.760000000000064,0.0,0.0,0.0,0.0,0.0,0.0
26.80000000000139,-3.0899184216001614,3.085299145062418,4.766666666666731,0.0,0.0,0.0,0.0,0.0,0.0
26.81000000000139,-3.156059103552665,3.0220232077560114,4.773333333333397,0.0,0.0,0.0,0.0,0.0,0.0
26.820000000001393,-3.22090228668956,2.9573279256109246,4.780000000000064,0.0,0.0,0.0,0.0,0.0,0.0
26.830000000001395,-3.284417488484715,2.8912399464594216,4.786666666666731,0.0,0.0,0.0,0.0,0.0,0.0
26.840000000001396,-3.3465747746952,2.8237865731509104,4.793333333333398,0.0,0.0,0.0,0.0,0.0,0.0
26.850000000001398,-3.4073447734408946,2.754995752248137,4.800000000000065,0.0,0.0,0.0,0.0,0.0,0.0
26.8600000000014,-3.466698689050536,2.6848960624207088,4.8066666666667315,0.0,0.0,0.0,0.0,0.0,0.0
26.8700000000014,-3.5246083156677033,2.613516702540787,4.813333333333398,0.0,0.0,0.0,0.0,0.0,0.0
26.880000000001402,-3.5810460506103428,2.540887479485922,4.820000000000065,0.0,0.0,0.0,0.0,0.0,0.0
26.890000000001404,-3.63598490747751,2.467038795654152,4.826666666666732,0.0,0.0,0.0,0.0,0.0,0.0
26.900000000001405,-3.689398528997155,2.392001636196602,4.833333333333399,0.0,0.0,0.0,0.0,0.0,0.0
26.910000000001407,-3.741261199608856,2.3158075559729845,4.840000000000066,0.0,0.0,0.0,0.0,0.0,0.0
26.92000000000141,-3.7915478577755217,2.238488666235499,4.846666666666732,0.0,0.0,0.0,0.0,0.0,0.0
26.93000000000141,-3.8402341080182163,2.1600776210467836,4.853333333333399,0.0,0.0,0.0,0.0,0.0,0.0
26.94000000000141,-3.8872962326683504,2.0806076034376875,4.860000000000066,0.0,0.0,0.0,0.0,0.0,0.0
26.950000000001413,-3.9327112033316287,2.000112311310748,4.866666666666733,0.0,0.0,0.0,0.0,0.0,0.0
26.960000000001415,-3.976456692058255,1.9186259430954016,4.8733333333334,0.0,0.0,0.0,0.0,0.0,0.0
26.970000000001416,-4.018511082214011,1.836183183161051,4.8800000000000665,0.0,0.0,0.0,0.0,0.0,0.0
26.980000000001418,-4.058853479046983,1.7528191869942387,4.886666666666733,0.0,0.0,0.0,0.0,0.0,0.0
26.99000000000142,-4.097463719944811,1.6685695661462963,4.8933333333334,0.0,0.0,0.0,0.0,0.0,0.0
27.00000000000142,-4.134322384377484,1.5834703729579356,4.900000000000067,0.0,0.0,0.0,0.0,0.0,0.0
27.010000000001423,-4.169410803520839,1.4975580850673698,4.906666666666734,0.0,0.0,0.0,0.0,0.0,0.0
27.020000000001424,-4.202711069556052,1.4108695897086418,4.913333333333401,0.0,0.0,0.0,0.0,0.0,0.0
27.030000000001426,-4.2342060446405645,1.323442167806959,4.920000000000067,0.0,0.0,0.0,0.0,0.0,0.0
27.040000000001427,-4.263879369546013,1.2353134778779167,4.926666666666734,0.0,0.0,0.0,0.0,0.0,0.0
27.05000000000143,-4.291715471958893,1.1465215397375914,4.933333333333401,0.0,0.0,0.0,0.0,0.0,0.0
27.06000000000143,-4.317699574439813,1.0571047180305873,4.940000000000068,0.0,0.0,0.0,0.0,0.0,0.0
27.070000000001432,-4.341817702037362,0.9671017055831991,4.946666666666735,0.0,0.0,0.0,0.0,0.0,0.0
27.080000000001434,-4.364056689552767,0.876551506588947,4.9533333333334015,0.0,0.0,0.0,0.0,0.0,0.0
27.090000000001435,-4.384404188451635,0.785493419633821,4.960000000000068,0.0,0.0,0.0,0.0,0.0,0.0
27.100000000001437,-4.402848673419291,0.6939670205686521,4.966666666666735,0.0,0.0,0.0,0.0,0.0,0.0
27.11000000000144,-4.419379448556304,0.6020121452361089,4.973333333333402,0.0,0.0,0.0,0.0,0.0,0.0
27.12000000000144,-4.433986653211021,0.5096688720598861,4.980000000000069,0.0,0.0,0.0,0.0,0.0,0.0
27.13000000000144,-4.446661267446036,0.41697750450372845,4.986666666666736,0.0,0.0,0.0,0.0,0.0,0.0
27.140000000001443,-4.457395117135711,0.323978553407995,4.9933333333334025,0.0,0.0,0.0,0.0,0.0,0.0
27.150000000001445,-4.466180878692028,0.23071271921153733,5.000000000000069,0.0,0.0,0.0,0.0,0.0,0.0
27.160000000001446,-4.473012083416197,0.13722087406672323,5.006666666666736,0.0,0.0,0.0,0.0,0.0,0.0
27.170000000001448,-4.47788312147362,0.04354404385549467,5.013333333333403,0.0,0.0,0.0,0.0,0.0,0.0
27.18000000000145,-4.480789245489983,-0.050276609885596596,5.02000000000007,0.0,0.0,0.0,0.0,0.0,0.0
27.19000000000145,-4.481726573766424,-0.14419980812338365,5.026666666666737,0.0,0.0,0.0,0.0,0.0,0.0
27.200000000001452,-4.480692093111845,-0.23818417256106977,5.033333333333403,0.0,0.0,0.0,0.0,0.0,0.0
27.210000000001454,-4.477683661290689,-0.33218824393812274,5.04000000000007,0.0,0.0,0.0,0.0,0.0,0.0
27.220000000001455,-4.472700009084577,-0.4261705003889563,5.046666666666737,0.0,0.0,0.0,0.0,0.0,0.0
27.230000000001457,-4.465740741966471,-0.5200893758522425,5.053333333333404,0.0,0.0,0.0,0.0,0.0,0.0
27.24000000000146,-4.456806341386106,-0.6139032785226648,5.060000000000071,0.0,0.0,0.0,0.0,0.0,0.0
27.25000000000146,-4.4458981656656915,-0.7075706093368956,5.0666666666667375,0.0,0.0,0.0,0.0,0.0,0.0
27.26000000000146,-4.43301845050499,-0.8010497804855554,5.073333333333404,0.0,0.0,0.0,0.0,0.0,0.0
27.270000000001463,-4.418170309095095,-0.8942992339428897,5.080000000000071,0.0,0.0,0.0,0.0,0.0,0.0
27.280000000001465,-4.401357731840402,-0.9872774600058842,5.086666666666738,0.0,0.0,0.0,0.0,0.0,0.0
27.290000000001466,-4.382585585688413,-1.0799430158345238,5.093333333333405,0.0,0.0,0.0,0.0,0.0,0.0
27.300000000001468,-4.361859613067236,-1.1722545439848906,5.100000000000072,0.0,0.0,0.0,0.0,0.0,0.0
27.31000000000147,-4.3391864304307655,-1.2641707909267907,5.106666666666738,0.0,0.0,0.0,0.0,0.0,0.0
27.32000000000147,-4.314573526411752,-1.3556506255375982,5.113333333333405,0.0,0.0,0.0,0.0,0.0,0.0
27.330000000001473,-4.2880292595831255,-1.4466530575640026,5.120000000000072,0.0,0.0,0.0,0.0,0.0,0.0
27.340000000001474,-4.2595628558281025,-1.5371372560433563,5.126666666666739,0.0,0.0,0.0,0.0,0.0,0.0
27.350000000001476,-4.229184405319797,-1.627062567676319,5.133333333333406,0.0,0.0,0.0,0.0,0.0,0.0
27.360000000001477,-4.196904859111247,-1.7163885351425228,5.1400000000000725,0.0,0.0,0.0,0.0,0.0,0.0
27.37000000000148,-4.162736025336896,-1.805074915350978,5.146666666666739,0.0,0.0,0.0,0.0,0.0,0.0
27.38000000000148,-4.126690565026803,-1.89308169761698,5.153333333333406,0.0,0.0,0.0,0.0,0.0,0.0
27.390000000001482,-4.088781987534989,-1.9803691217572865,5.160000000000073,0.0,0.0,0.0,0.0,0.0,0.0
27.400000000001484,-4.049024645583504,-2.066897696095368,5.16666666666674,0.0,0.0,0.0,0.0,0.0,0.0
27.410000000001485,-4.007433729924022,-2.152628215368569,5.173333333333407,0.0,0.0,0.0,0.0,0.0,0.0
27.420000000001487,-3.964025263618854,-2.2375217785290413,5.180000000000073,0.0,0.0,0.0,0.0,0.0,0.0
27.43000000000149,-3.918816095943548,-2.3215398064303634,5.18666666666674,0.0,0.0,0.0,0.0,0.0,0.0
27.44000000000149,-3.8718238959133227,-2.404644059391787,5.193333333333407,0.0,0.0,0.0,0.0,0.0,0.0
27.45000000000149,-3.8230671454358243,-2.4867966546321134,5.200000000000074,0.0,0.0,0.0,0.0,0.0,0.0
27.460000000001493,-3.7725651320928253,-2.567960083565243,5.206666666666741,0.0,0.0,0.0,0.0,0.0,0.0
27.470000000001495,-3.7203379415536553,-2.6480972289494846,5.2133333333334075,0.0,0.0,0.0,0.0,0.0,0.0
27.480000000001496,-3.6664064496233575,-2.7271713818828007,5.220000000000074,0.0,0.0,0.0,0.0,0.0,0.0
27.490000000001498,-3.6107923139286773,-2.8051462586361793,5.226666666666741,0.0,0.0,0.0,0.0,0.0,0.0
27.5000000000015,-3.5535179652452094,-2.881986017317429,5.233333333333408,0.0,0.0,0.0,0.0,0.0,0.0
27.5100000000015,-3.4946065984691534,-2.9576552743577396,5.240000000000075,0.0,0.0,0.0,0.0,0.0,0.0
27.520000000001502,-3.4340821632373117,-3.0321191208134133,5.246666666666742,0.0,0.0,0.0,0.0,0.0,0.0
27.530000000001504,-3.3719693541991314,-3.105343138475284,5.2533333333334085,0.0,0.0,0.0,0.0,0.0,0.0
27.540000000001505,-3.308293600944718,-3.1772934157783626,5.260000000000075,0.0,0.0,0.0,0.0,0.0,0.0
27.550000000001507,-3.243081057592959,-3.247936563504389,5.266666666666742,0.0,0.0,0.0,0.0,0.0,0.0
27.56000000000151,-3.1763585920440085,-3.3172397302700083,5.273333333333409,0.0,0.0,0.0,0.0,0.0,0.0
27.57000000000151,-3.1081537749005514,-3.3851706177934004,5.280000000000076,0.0,0.0,0.0,0.0,0.0,0.0
27.58000000000151,-3.03849486806244,-3.4516974959322813,5.286666666666743,0.0,0.0,0.0,0.0,0.0,0.0
27.590000000001513,-2.9674108129994177,-3.516789217486281,5.293333333333409,0.0,0.0,0.0,0.0,0.0,0.0
27.600000000001515,-2.8949312187068075,-3.5804152327568137,5.300000000000076,0.0,0.0,0.0,0.0,0.0,0.0
27.610000000001516,-2.8210863493491942,-3.6425456038576387,5.306666666666743,0.0,0.0,0.0,0.0,0.0,0.0
27.620000000001518,-2.7459071115972757,-3.7031510187694407,5.31333333333341,0.0,0.0,0.0,0.0,0.0,0.0
27.63000000000152,-2.669425041663178,-3.762202805131835,5.320000000000077,0.0,0.0,0.0,0.0,0.0,0.0
27.64000000000152,-2.591672292039712,-3.8196729437663373,5.3266666666667435,0.0,0.0,0.0,0.0,0.0,0.0
27.650000000001523,-2.5126816179491454,-3.875534081923949,5.33333333333341,0.0,0.0,0.0,0.0,0.0,0.0
27.660000000001524,-2.4324863635072336,-3.9297595462511015,5.340000000000077,0.0,0.0,0.0,0.0,0.0,0.0
27.670000000001526,-2.3511204476083654,-3.9823233554678628,5.346666666666744,0.0,0.0,0.0,0.0,0.0,0.0
27.680000000001527,-2.268618349537817,-4.033200232752392,5.353333333333411,0.0,0.0,0.0,0.0,0.0,0.0
27.69000000000153,-2.1850150943172473,-4.0823656178257846,5.360000000000078,0.0,0.0,0.0,0.0,0.0,0.0
27.70000000000153,-2.1003462377896733,-4.129795678731544,5.366666666666744,0.0,0.0,0.0,0.0,0.0,0.0
27.710000000001532,-2.0146478514503077,-4.175467323304099,5.373333333333411,0.0,0.0,0.0,0.0,0.0,0.0
27.720000000001534,-1.9279565070297482,-4.21935821032085,5.380000000000078,0.0,0.0,0.0,0.0,0.0,0.0
27.730000000001535,-1.840309260836134,-4.2614467603324275,5.386666666666745,0.0,0.0,0.0,0.0,0.0,0.0
27.740000000001537,-1.7517436378629976,-4.3017121661659505,5.393333333333412,0.0,0.0,0.0,0.0,0.0,0.0
27.75000000000154,-1.6622976156696467,-4.340134403096213,5.4000000000000785,0.0,0.0,0.0,0.0,0.0,0.0
27.76000000000154,-1.572009608041034,-4.376694238679881,5.406666666666745,0.0,0.0,0.0,0.0,0.0,0.0
27.77000000000154,-1.4809184484341635,-4.411373242247929,5.413333333333412,0.0,0.0,0.0,0.0,0.0,0.0
27.780000000001543,-1.3890633732181978,-4.444153794051686,5.420000000000079,0.0,0.0,0.0,0.0,0.0,0.0
27.790000000001545,-1.296484004715522,-4.475019094058012,5.426666666666746,0.0,0.0,0.0,0.0,0.0,0.0
27.800000000001546,-1.2032203340511196,-4.503953170389271,5.433333333333413,0.0,0.0,0.0,0.0,0.0,0.0
27.810000000001548,-1.109312703817719,-4.530940887403955,5.440000000000079,0.0,0.0,0.0,0.0,0.0,0.0
27.82000000000155,-1.014801790564239,-4.5559679534139175,5.446666666666746,0.0,0.0,0.0,0.0,0.0,0.0
27.83000000000155,-0.9197285871151722,-4.5790209280343745,5.453333333333413,0.0,0.0,0.0,0.0,0.0,0.0
27.840000000001552,-0.8241343847286103,-4.600087229162977,5.46000000000008,0.0,0.0,0.0,0.0,0.0,0.0
27.850000000001554,-0.7280607551007114,-4.619155139584421,5.466666666666747,0.0,0.0,0.0,0.0,0.0,0.0
27.860000000001556,-0.6315495322244719,-4.6362138131972195,5.4733333333334135,0.0,0.0,0.0,0.0,0.0,0.0
27.870000000001557,-0.5346427941107518,-4.651253280859447,5.48000000000008,0.0,0.0,0.0,0.0,0.0,0.0
27.88000000000156,-0.43738284437956443,-4.6642644558504,5.486666666666747,0.0,0.0,0.0,0.0,0.0,0.0
27.89000000000156,-0.3398121937297127,-4.6752391389453285,5.493333333333414,0.0,0.0,0.0,0.0,0.0,0.0
27.90000000000156,-0.24197354129491408,-4.68417002310052,5.500000000000081,0.0,0.0,0.0,0.0,0.0,0.0
27.910000000001563,-0.14390975589461807,-4.691050697746224,5.506666666666748,0.0,0.0,0.0,0.0,0.0,0.0
27.920000000001565,-0.04566385718777601,-4.695875652685066,5.5133333333334145,0.0,0.0,0.0,0.0,0.0,0.0
27.930000000001566,0.052721003262126795,-4.698640281593747,5.520000000000081,0.0,0.0,0.0,0.0,0.0,0.0
27.940000000001568,0.15120156100241525,-4.699340885126064,5.526666666666748,0.0,0.0,0.0,0.0,0.0,0.0
27.95000000000157,0.24973445777854086,-4.697974673615399,5.533333333333415,0.0,0.0,0.0,0.0,0.0,0.0
27.96000000000157,0.348276260684924,-4.694539769375019,5.540000000000082,0.0,0.0,0.0,0.0,0.0,0.0
27.970000000001573,0.4467834813708383,-4.689035208594744,5.546666666666749,0.0,0.0,0.0,0.0,0.0,0.0
27.980000000001574,0.5452125952928196,-4.6814609428326674,5.553333333333415,0.0,0.0,0.0,0.0,0.0,0.0
27.990000000001576,0.6435200610050542,-4.67181784010083,5.560000000000082,0.0,0.0,0.0,0.0,0.0,0.0
28.000000000001577,0.7416623394791699,-4.660107685543895,5.566666666666749,0.0,0.0,0.0,0.0,0.0,0.0
28.01000000000158,0.8395959134448377,-4.64633318171011,5.573333333333416,0.0,0.0,0.0,0.0,0.0,0.0
28.02000000000158,0.9372773067425679,-4.630497948413943,5.580000000000083,0.0,0.0,0.0,0.0,0.0,0.0
28.030000000001582,1.0346631036800729,-4.612606522190043,5.5866666666667495,0.0,0.0,0.0,0.0,0.0,0.0
28.040000000001584,1.1317099683835588,-4.592664355338298,5.593333333333416,0.0,0.0,0.0,0.0,0.0,0.0
28.050000000001585,1.2283746641352964,-4.570677814559985,5.600000000000083,0.0,0.0,0.0,0.0,0.0,0.0
28.060000000001587,1.3246140726888267,-4.5466541791851425,5.60666666666675,0.0,0.0,0.0,0.0,0.0,0.0
28.07000000000159,1.420385213553148,-4.520601638991567,5.613333333333417,0.0,0.0,0.0,0.0,0.0,0.0
28.08000000000159,1.5156452632372468,-4.492529291615897,5.620000000000084,0.0,0.0,0.0,0.0,0.0,0.0
28.09000000000159,1.6103515744463304,-4.4624471395575345,5.62666666666675,0.0,0.0,0.0,0.0,0.0,0.0
28.100000000001593,1.704461695221148,-4.4303660867762975,5.633333333333417,0.0,0.0,0.0,0.0,0.0,0.0
28.110000000001595,1.7979333880117834,-4.396297934884851,5.640000000000084,0.0,0.0,0.0,0.0,0.0,0.0
28.120000000001596,1.8907246486773461,-4.360255378937216,5.646666666666751,0.0,0.0,0.0,0.0,0.0,0.0
28.130000000001598,1.9827937254029866,-4.322252002814762,5.653333333333418,0.0,0.0,0.0,0.0,0.0,0.0
28.1400000000016,2.0740991375257125,-4.282302274211318,5.6600000000000845,0.0,0.0,0.0,0.0,0.0,0.0
28.1500000000016,2.164599694260499,-4.240421539219227,5.666666666666751,0.0,0.0,0.0,0.0,0.0,0.0
28.160000000001602,2.2542545133182283,-4.1966260165182785,5.673333333333418,0.0,0.0,0.0,0.0,0.0,0.0
28.170000000001604,2.343023039407031,-4.150932791169737,5.680000000000085,0.0,0.0,0.0,0.0,0.0,0.0
28.180000000001606,2.4308650626086483,-4.103359808017773,5.686666666666752,0.0,0.0,0.0,0.0,0.0,0.0
28.190000000001607,2.517740736621478,-4.053925864700835,5.693333333333419,0.0,0.0,0.0,0.0,0.0,0.0
28.20000000000161,2.6036105968620187,-4.002650604275639,5.700000000000085,0.0,0.0,0.0,0.0,0.0,0.0
28.21000000000161,2.6884355784164824,-3.949554507456689,5.706666666666752,0.0,0.0,0.0,0.0,0.0,0.0
28.220000000001612,2.7721770338344043,-3.894658884474321,5.713333333333419,0.0,0.0,0.0,0.0,0.0,0.0
28.230000000001613,2.854796750756139,-3.837985866554557,5.720000000000086,0.0,0.0,0.0,0.0,0.0,0.0
28.240000000001615,2.9362569693661995,-3.7795583970241062,5.726666666666753,0.0,0.0,0.0,0.0,0.0,0.0
28.250000000001616,3.016520399664466,-3.719400222044115,5.7333333333334195,0.0,0.0,0.0,0.0,0.0,0.0
28.260000000001618,3.095550238547358,-3.6575358809763907,5.740000000000086,0.0,0.0,0.0,0.0,0.0,0.0
28.27000000000162,3.173310186691157,-3.593990696386003,5.746666666666753,0.0,0.0,0.0,0.0,0.0,0.0
28.28000000000162,3.249764465229722,-3.5287907636843334,5.75333333333342,0.0,0.0,0.0,0.0,0.0,0.0
28.290000000001623,3.324877832218944,-3.46196294041681,5.760000000000087,0.0,0.0,0.0,0.0,0.0,0.0
28.300000000001624,3.3986155988803697,-3.393534835199727,5.766666666666754,0.0,0.0,0.0,0.0,0.0,0.0
28.310000000001626,3.4709436456165106,-3.3235347963107067,5.7733333333334205,0.0,0.0,0.0,0.0,0.0,0.0
28.320000000001627,3.541828437790442,-3.2519918999375244,5.780000000000087,0.0,0.0,0.0,0.0,0.0,0.0
28.33000000000163,3.6112370412624166,-3.178935938090179,5.786666666666754,0.0,0.0,0.0,0.0,0.0,0.0
28.34000000000163,3.679137137676296,-3.104397406181232,5.793333333333421,0.0,0.0,0.0,0.0,0.0,0.0
28.350000000001632,3.74549703948871,-3.0284074902796125,5.800000000000088,0.0,0.0,0.0,0.0,0.0,0.0
28.360000000001634,3.8102857047339818,-2.9509980540432217,5.806666666666755,0.0,0.0,0.0,0.0,0.0,0.0
28.370000000001635,3.8734727515179443,-2.872201625335814,5.813333333333421,0.0,0.0,0.0,0.0,0.0,0.0
28.380000000001637,3.93502847223389,-2.7920513825338107,5.820000000000088,0.0,0.0,0.0,0.0,0.0,0.0
28.39000000000164,3.9949238474940416,-2.7105811405288023,5.826666666666755,0.0,0.0,0.0,0.0,0.0,0.0
28.40000000000164,4.053130559770001,-2.6278253364316666,5.833333333333422,0.0,0.0,0.0,0.0,0.0,0.0
28.41000000000164,4.109621006735813,-2.5438190149843747,5.840000000000089,0.0,0.0,0.0,0.0,0.0,0.0
28.420000000001643,4.164368314307363,-2.458597813685654,5.8466666666667555,0.0,0.0,0.0,0.0,0.0,0.0
28.430000000001645,4.217346349371973,-2.37219794763687,5.853333333333422,0.0,0.0,0.0,0.0,0.0,0.0
28.440000000001646,4.268529732202216,-2.28465619411456,5.860000000000089,0.0,0.0,0.0,0.0,0.0,0.0
28.450000000001648,4.317893848548047,-2.1960098768762326,5.866666666666756,0.0,0.0,0.0,0.0,0.0,0.0
28.46000000000165,4.36541486140154,-2.106296850206131,5.873333333333423,0.0,0.0,0.0,0.0,0.0,0.0
28.47000000000165,4.411069722428656,-2.015555482707817,5.88000000000009,0.0,0.0,0.0,0.0,0.0,0.0
28.480000000001652,4.454836183062561,-1.9238246408505166,5.886666666666756,0.0,0.0,0.0,0.0,0.0,0.0
28.490000000001654,4.496692805253221,-1.8311436722763217,5.893333333333423,0.0,0.0,0.0,0.0,0.0,0.0
28.500000000001656,4.5366189718681085,-1.7375523888754267,5.90000000000009,0.0,0.0,0.0,0.0,0.0,0.0
28.510000000001657,4.57459489673903,-1.6430910496367053,5.906666666666757,0.0,0.0,0.0,0.0,0.0,0.0
28.52000000000166,4.610601634350206,-1.54780034328104,5.913333333333424,0.0,0.0,0.0,0.0,0.0,0.0
28.53000000000166,4.644621089162934,-1.4517213706849108,5.9200000000000905,0.0,0.0,0.0,0.0,0.0,0.0
28.540000000001662,4.676636024572285,-1.3548956271018697,5.926666666666757,0.0,0.0,0.0,0.0,0.0,0.0
28.550000000001663,4.706630071491447,-1.2573649841896,5.933333333333424,0.0,0.0,0.0,0.0,0.0,0.0
28.560000000001665,4.734587736559536,-1.1591716718503822,5.940000000000091,0.0,0.0,0.0,0.0,0.0,0.0
28.570000000001667,4.760494409968783,-1.0603582598928558,5.946666666666758,0.0,0.0,0.0,0.0,0.0,0.0
28.580000000001668,4.784336372907235,-0.9609676395230693,5.953333333333425,0.0,0.0,0.0,0.0,0.0,0.0
28.59000000000167,4.806100804613263,-0.8610430046728862,5.9600000000000914,0.0,0.0,0.0,0.0,0.0,0.0
28.60000000000167,4.825775789038298,-0.7606278331739016,5.966666666666758,0.0,0.0,0.0,0.0,0.0,0.0
28.610000000001673,4.843350321114452,-0.6597658677850965,5.973333333333425,0.0,0.0,0.0,0.0,0.0,0.0
28.620000000001674,4.858814312623808,-0.5585010970825354,5.980000000000092,0.0,0.0,0.0,0.0,0.0,0.0
28.630000000001676,4.872158597666337,-0.45687773621947514,5.986666666666759,0.0,0.0,0.0,0.0,0.0,0.0
28.640000000001677,4.883374937723621,-0.3549402075653294,5.9933333333334255,0.0,0.0,0.0,0.0,0.0,0.0
28.65000000000168,4.892456026315689,-0.25273312123198577,6.000000000000092,0.0,0.0,0.0,0.0,0.0,0.0
28.66000000000168,4.896531893180212,-0.15483997891051157,6.0,0.30967995782102314,9.793063786360424,0.0,-19.586127572720848,0.6193599156420463,0.0
28.670000000001682,4.898649212573721,-0.05688490266198063,6.0,0.11376980532396126,9.797298425147442,0.0,-19.594596850294884,0.22753961064792252,0.0
28.680000000001684,4.898807137596651,0.04109292678915984,6.0,-0.08218585357831967,9.797614275193302,0.0,-19.595228550386604,-0.16437170715663935,0.0
28.690000000001685,4.8970056050811,0.13905431961748302,6.0,-0.27810863923496604,9.7940112101622,0.0,-19.5880224203244,-0.5562172784699321,0.0
28.700000000001687,4.893245335616054,0.23696009257199208,6.0,-0.47392018514398415,9.786490671232109,0.0,-19.572981342464217,-0.9478403702879683,0.0
28.71000000000169,4.887527833259162,0.3347710846488981,6.0,-0.6695421692977962,9.775055666518323,0.0,-19.550111333036646,-1.3390843385955924,0.0
28.72000000000169,4.8798553849351345,0.4324481727554994,6.0,-0.8648963455109988,9.759710769870269,0.0,-19.519421539740538,-1.7297926910219976,0.0
28.73000000000169,4.870231059521003,0.5299522873588972,6.0,-1.0599045747177944,9.740462119042006,0.0,-19.48092423808401,-2.119809149435589,0.0
28.740000000001693,4.858658706618611,0.6272444281132878,6.0,-1.2544888562265757,9.717317413237222,0.0,-19.434634826474444,-2.5089777124531514,0.0
28.750000000001695,4.845142955014823,0.7242856794595804,6.0,-1.448571358919161,9.690285910029646,0.0,-19.38057182005929,-2.897142717838322,0.0
28.760000000001696,4.8296892108300735,0.8210372261911026,6.0,-1.6420744523822053,9.659378421660147,0.0,-19.318756843320294,-3.2841489047644106,0.0
28.770000000001698,4.812303655355988,0.9174603689791656,6.0,-1.8349207379583312,9.624607310711976,0.0,-19.249214621423953,-3.6698414759166624,0.0
28.7800000000017,4.792993242582954,1.0135165398522785,6.0,-2.027033079704557,9.585986485165908,0.0,-19.171972970331815,-4.054066159409114,0.0
28.7900000000017,4.77176569641861,1.109167317622824,6.0,-2.218334635245648,9.54353139283722,0.0,-19.08706278567444,-4.436669270491296,0.0
28.800000000001702,4.748629507598393,1.2043744432550207,6.0,-2.4087488865100415,9.497259015196786,0.0,-18.99451803039357,-4.817497773020083,0.0
28.810000000001704,4.7235939302893515,1.299099835168027,6.0,-2.598199670336054,9.447187860578703,0.0,-18.894375721157406,-5.196399340672108,0.0
28.820000000001706,4.6966689783886055,1.3933056044680663,6.0,-2.7866112089361326,9.393337956777211,0.0,-18.786675913554422,-5.573222417872265,0.0
28.830000000001707,4.667865421517923,1.4869540701034782,6.0,-2.9739081402069565,9.335730843035845,0.0,-18.67146168607169,-5.947816280413913,0.0
28.84000000000171,4.637194780716007,1.5800077739366387,6.0,-3.1600155478732774,9.274389561432015,0.0,-18.54877912286403,-6.320031095746555,0.0
28.85000000000171,4.604669323830245,1.6724294957267136,6.0,-3.3448589914534272,9.20933864766049,0.0,-18.41867729532098,-6.6897179829068545,0.0
28.860000000001712,4.570302060609722,1.7641822680172605,6.0,-3.528364536034521,9.140604121219445,0.0,-18.28120824243889,-7.056729072069042,0.0
28.870000000001713,4.534106737501503,1.8552293909227167,6.0,-3.7104587818454333,9.068213475003006,0.0,-18.136426950006012,-7.420917563690867,0.0
28.880000000001715,4.496097832152233,1.9455344468078657,6.0,-3.8910688936157314,8.992195664304466,0.0,-17.984391328608933,-7.782137787231463,0.0
28.890000000001717,4.456290547617273,2.0350613148544046,6.0,-4.070122629708809,8.912581095234547,0.0,-17.825162190469094,-8.140245259417618,0.0
28.900000000001718,4.414700806279682,2.1237741855087906,6.0,-4.247548371017581,8.829401612559364,0.0,-17.658803225118728,-8.495096742035162,0.0
28.91000000000172,4.3713452434814695,2.2116375748055845,6.0,-4.423275149611169,8.742690486962939,0.0,-17.485380973925878,-8.846550299222338,0.0
28.92000000000172,4.326241200869691,2.2986163385605636,6.0,-4.597232677121127,8.652482401739382,0.0,-17.304964803478764,-9.194465354242254,0.0
28.930000000001723,4.2794067194600105,2.3846756864279275,6.0,-4.769351372855855,8.558813438920021,0.0,-17.117626877840042,-9.53870274571171,0.0
28.940000000001724,4.230860532420541,2.4697811958159717,6.0,-4.939562391631943,8.461721064841083,0.0,-16.923442129682165,-9.879124783263887,0.0
28.950000000001726,4.180622057578825,2.5538988256556663,6.0,-5.107797651311333,8.36124411515765,0.0,-16.7224882303153,-10.215595302622665,0.0
28.960000000001727,4.12871138965496,2.6369949300166287,6.0,-5.273989860033257,8.25742277930992,0.0,-16.51484555861984,-10.547979720066515,0.0
28.97000000000173,4.075149292223984,2.7190362715650473,6.0,-5.438072543130095,8.150298584447969,0.0,-16.300597168895937,-10.87614508626019,0.0
28.98000000000173,4.019957189410719,2.7999900348581734,6.0,-5.599980069716347,8.039914378821438,0.0,-16.079828757642876,-11.199960139432694,0.0
28.990000000001732,3.9631571573204014,2.8798238394700584,6.0,-5.759647678940117,7.926314314640803,0.0,-15.852628629281606,-11.519295357880234,0.0
29.000000000001734,3.9047719152085474,2.958505752943294,6.0,-5.917011505886588,7.809543830417095,0.0,-15.61908766083419,-11.834023011773176,0.0
29.010000000001735,3.844824816393541,3.03600430356157,6.0,-6.07200860712314,7.689649632787082,0.0,-15.379299265574163,-12.14401721424628,0.0
29.020000000001737,3.783339838915623,3.1122884929379384,6.0,-6.224576985875877,7.566679677831246,0.0,-15.133359355662492,-12.449153971751754,0.0
29.03000000000174,3.7203415759459975,3.1873278084137575,6.0,-6.374655616827515,7.440683151891995,0.0,-14.88136630378399,-12.74931123365503,0.0
29.04000000000174,3.6558552259498858,3.2610922352633485,6.0,-6.522184470526697,7.3117104518997715,0.0,-14.623420903799543,-13.044368941053394,0.0
29.05000000000174,3.589906582607481,3.333552268699484,6.0,-6.667104537398968,7.179813165214962,0.0,-14.359626330429924,-13.334209074797936,0.0
29.060000000001743,3.5225220244968147,3.4046789256749097,6.0,-6.809357851349819,7.0450440489936295,0.0,-14.090088097987259,-13.618715702699639,0.0
29.070000000001745,3.4537285045426835,3.474443756475179,6.0,-6.948887512950358,6.907457009085367,0.0,-13.814914018170734,-13.897775025900716,0.0
29.080000000001746,3.3835535392358347,3.542818856098157,6.0,-7.085637712196314,6.767107078471669,0.0,-13.534214156943339,-14.171275424392627,0.0
29.090000000001748,3.3120251976267365,3.6097768754156503,6.0,-7.219553750831301,6.624050395253473,0.0,-13.248100790506946,-14.439107501662601,0.0
29.10000000000175,3.239172090098334,3.675291032112693,6.0,-7.350582064225386,6.478344180196668,0.0,-12.956688360393336,-14.701164128450772,0.0
29.11000000000175,3.1650233569222777,3.7393351214001176,6.0,-7.478670242800235,6.330046713844555,0.0,-12.66009342768911,-14.95734048560047,0.0
29.120000000001752,3.0896086566032004,3.8018835264961184,6.0,-7.603767052992237,6.179217313206401,0.0,-12.358434626412802,-15.207534105984474,0.0
29.130000000001754,3.012958154015714,3.8629112288726253,6.0,-7.725822457745251,6.025916308031428,0.0,-12.051832616062857,-15.451644915490501,0.0
29.140000000001756,2.9351025083388618,3.922393818262378,6.0,-7.844787636524756,5.8702050166777235,0.0,-11.740410033355447,-15.689575273049511,0.0
29.150000000001757,2.8560728607928514,3.980307502422713,6.0,-7.960615004845426,5.712145721585703,0.0,-11.424291443171406,-15.921230009690852,0.0
29.16000000000176,2.775900822182987,4.036629116652137,6.0,-8.073258233304275,5.551801644365974,0.0,-11.103603288731948,-16.14651646660855,0.0
29.17000000000176,2.6946184602557666,4.091336133055903,6.0,-8.182672266111807,5.389236920511533,0.0,-10.778473841023066,-16.365344532223613,0.0
29.180000000001762,2.612258286872211,4.144406669556869,6.0,-8.288813339113737,5.224516573744422,0.0,-10.449033147488844,-16.577626678227475,0.0
29.190000000001763,2.528853245003552,4.19581949864803,6.0,-8.39163899729606,5.057706490007104,0.0,-10.115412980014208,-16.78327799459212,0.0
29.200000000001765,2.4444366955544847,4.245554055883245,6.0,-8.49110811176649,4.8888733911089695,0.0,-9.777746782217939,-16.98221622353298,0.0
29.210000000001767,2.3590424040192506,4.293590448102738,6.0,-8.587180896205476,4.718084808038501,0.0,-9.436169616077002,-17.174361792410952,0.0
29.220000000001768,2.272704526975888,4.3399094613901,6.0,-8.6798189227802,4.545409053951776,0.0,-9.090818107903551,-17.3596378455604,0.0
29.23000000000177,2.185457598424057,4.384492568757592,6.0,-8.768985137515184,4.370915196848114,0.0,-8.741830393696228,-17.537970275030368,0.0
29.24000000000177,2.0973365159719024,4.427321937556703,6.0,-8.854643875113405,4.194673031943805,0.0,-8.38934606388761,-17.70928775022681,0.0
29.250000000001773,2.008376526877473,4.468380436610962,6.0,-8.936760873221925,4.016753053754946,0.0,-8.033506107509892,-17.87352174644385,0.0
29.260000000001774,1.918613213950289,4.507651643068188,6.0,-9.015303286136376,3.837226427900578,0.0,-7.674452855801156,-18.030606572272752,0.0
29.270000000001776,1.828082481318693,4.545119848969407,6.0,-9.090239697938815,3.656164962637386,0.0,-7.312329925274772,-18.18047939587763,0.0
29.280000000001777,1.7368205400686776,4.5807700675318275,6.0,-9.161540135063655,3.473641080137355,0.0,-6.94728216027471,-18.32308027012731,0.0
29.29000000000178,1.6448638937599327,4.614588039143354,6.0,-9.229176078286708,3.2897277875198654,0.0,-6.579455575039731,-18.458352156573415,0.0
29.30000000000178,1.55224932382491,4.646560237066243,6.0,-9.293120474132486,3.10449864764982,0.0,-6.20899729529964,-18.586240948264972,0.0
29.310000000001782,1.4590138748567385,4.6766738728476165,6.0,-9.353347745695233,2.918027749713477,0.0,-5.836055499426954,-18.706695491390466,0.0
29.320000000001784,1.3651948397918832,4.704916901434669,6.0,-9.409833802869338,2.7303896795837663,0.0,-5.460779359167533,-18.819667605738676,0.0
29.330000000001785,1.2708297449934662,4.731278025992537,6.0,-9.462556051985073,2.5416594899869325,0.0,-5.083318979973865,-18.925112103970147,0.0
29.340000000001787,1.1759563352412226,4.755746702422873,6.0,-9.511493404845746,2.351912670482445,0.0,-4.70382534096489,-19.022986809691492,0.0
29.35000000000179,1.080612558634091,4.778313143581349,6.0,-9.556626287162699,2.161225117268182,0.0,-4.322450234536364,-19.113252574325397,0.0
29.36000000000179,0.9848365514114806,4.798968323192386,6.0,-9.597936646384772,1.9696731028229613,0.0,-3.9393462056459225,-19.195873292769544,0.0
29.37000000000179,0.8886666226992846,4.8177039794595355,6.0,-9.635407958919071,1.7773332453985693,0.0,-3.5546664907971386,-19.270815917838142,0.0
29.380000000001793,0.7921412391867392,4.8345126183700975,6.0,-9.669025236740195,1.5842824783734784,0.0,-3.1685649567469567,-19.33805047348039,0.0
29.390000000001795,0.6952990097402613,4.849387516692619,6.0,-9.698775033385237,1.3905980194805225,0.0,-2.781196038961045,-19.397550066770474,0.0
29.400000000001796,0.5981786699604171,4.862322724666102,6.0,-9.724645449332204,1.1963573399208343,0.0,-2.3927146798416685,-19.449290898664408,0.0
29.410000000001798,0.5008190666881979,4.873313068379822,6.0,-9.746626136759645,1.0016381333763957,0.0,-2.0032762667527915,-19.49325227351929,0.0
29.4200000000018,0.40325914246680183,4.882354151842831,6.0,-9.764708303685662,0.8065182849336037,0.0,-1.6130365698672073,-19.529416607371324,0.0
29.4300000000018,0.3055379199651359,4.889442358742291,6.0,-9.778884717484582,0.6110758399302718,0.0,-1.2221516798605436,-19.557769434969163,0.0
29.440000000001803,0.20769448636926852,4.894574853889948,6.0,-9.789149707779895,0.41538897273853703,0.0,-0.8307779454770741,-19.57829941555979,0.0
29.450000000001804,0.10976797774807627,4.897749584356176,6.0,-9.795499168712352,0.21953595549615254,0.0,-0.4390719109923051,-19.590998337424704,0.0
29.460000000001806,0.011797563399338323,4.898965280291119,6.0,-9.797930560582238,0.023595126798676647,0.0,-0.04719025359735329,-19.595861121164475,0.0
29.470000000001807,-0.08617756981746064,4.898221455432609,6.0,-9.796442910865219,-0.17235513963492127,0.0,0.34471027926984255,-19.592885821730437,0.0
29.48000000000181,-0.1841182331553515,4.895518407300676,6.0,-9.791036814601352,-0.368236466310703,0.0,0.736472932621406,-19.582073629202704,0.0
29.49000000000181,-0.28198525165485727,4.89085721707853,6.0,-9.78171443415706,-0.5639705033097145,0.0,1.127941006619429,-19.56342886831412,0.0
29.500000000001812,-0.3797394798134543,4.884239749180112,6.0,-9.768479498360223,-0.7594789596269086,0.0,1.5189579192538172,-19.536958996720447,0.0
29.510000000001813,-0.4773418172432514,4.875668650504349,6.0,-9.751337301008698,-0.9546836344865028,0.0,1.9093672689730057,-19.502674602017397,0.0
29.520000000001815,-0.5747532243106239,4.865147349376434,6.0,-9.730294698752868,-1.1495064486212478,0.0,2.2990128972424957,-19.460589397505736,0.0
29.530000000001817,-0.6719347377515462,4.852680054176533,6.0,-9.705360108353066,-1.3438694755030924,0.0,2.687738951006185,-19.41072021670613,0.0
29.540000000001818,-0.7688474862563782,4.838271751656499,6.0,-9.676543503312997,-1.5376949725127564,0.0,3.075389945025513,-19.353087006625994,0.0
29.55000000000182,-0.8654527060178707,4.821928204945231,6.0,-9.643856409890462,-1.7309054120357414,0.0,3.461810824071483,-19.287712819780925,0.0
29.56000000000182,-0.9617117562361716,4.803655951243504,6.0,-9.607311902487009,-1.923423512472343,0.0,3.846847024944686,-19.214623804974018,0.0
29.570000000001823,-1.05758613457463,4.78346229920917,6.0,-9.56692459841834,-2.11517226914926,0.0,4.23034453829852,-19.13384919683668,0.0
29.580000000001824,-1.1530374925602194,4.761355326033801,6.0,-9.522710652067602,-2.3060749851204387,0.0,4.6121499702408775,-19.045421304135203,0.0
29.590000000001826,-1.2480276509224124,4.737343874211907,6.0,-9.474687748423815,-2.496055301844825,0.0,4.99211060368965,-18.94937549684763,0.0
29.600000000001828,-1.342518614864383,4.711437548004071,6.0,-9.422875096008141,-2.685037229728766,0.0,5.370074459457532,-18.845750192016283,0.0
29.61000000000183,-1.4364725892604175,4.6836467095953624,6.0,-9.367293419190725,-2.872945178520835,0.0,5.74589035704167,-18.73458683838145,0.0
29.62000000000183,-1.52985199377346,4.653982474950605,6.0,-9.30796494990121,-3.05970398754692,0.0,6.11940797509384,-18.61592989980242,0.0
29.630000000001832,-1.6226194778867478,4.62245670936814,6.0,-9.24491341873628,-3.2452389557734955,0.0,6.490477911546991,-18.48982683747256,0.0
29.640000000001834,-1.7147379358435184,4.589082022733861,6.0,-9.178164045467723,-3.429475871687037,0.0,6.858951743374074,-18.356328090935445,0.0
29.650000000001835,-1.8061705214888188,4.5538717644774325,6.0,-9.107743528954865,-3.6123410429776377,0.0,7.224682085955275,-18.21548705790973,0.0
29.660000000001837,-1.8968806630074764,4.516840018232693,6.0,-9.033680036465386,-3.7937613260149528,0.0,7.5875226520299055,-18.06736007293077,0.0
29.67000000000184,-1.9868320775523354,4.478001596204391,6.0,-8.956003192408781,-3.9736641551046707,0.0,7.9473283102093415,-17.912006384817563,0.0
29.68000000000184,-2.0759887857569144,4.437372033243498,6.0,-8.874744066486995,-4.151977571513829,0.0,8.303955143027657,-17.74948813297399,0.0
29.69000000000184,-2.164315126126672,4.394967580633478,6.0,-8.789935161266955,-4.328630252253344,0.0,8.657260504506688,-17.57987032253391,0.0
29.700000000001843,-2.251775769303129,4.35080519958999,6.0,-8.70161039917998,-4.503551538606258,0.0,9.007103077212516,-17.40322079835996,0.0
29.710000000001845,-2.338335732195141,4.304902554476629,6.0,-8.609805108953259,-4.676671464390282,0.0,9.353342928780563,-17.219610217906517,0.0
29.720000000001846,-2.423960391971668,4.257278005739413,6.0,-8.514556011478826,-4.847920783943336,0.0,9.695841567886673,-17.02911202295765,0.0
29.730000000001848,-2.5086154999104475,4.20795060256285,6.0,-8.4159012051257,-5.017230999820895,0.0,10.03446199964179,-16.8318024102514,0.0
29.74000000000185,-2.592267195097024,4.156940075250521,6.0,-8.313880150501042,-5.184534390194048,0.0,10.369068780388096,-16.627760301002084,0.0
29.75000000000185,-2.674882017968662,4.10426682733322,6.0,-8.20853365466644,-5.349764035937324,0.0,10.699528071874647,-16.41706730933288,0.0
29.760000000001853,-2.7564269236977306,4.049951927407814,6.0,-8.099903854815627,-5.512853847395461,0.0,11.025707694790922,-16.199807709631255,0.0
29.770000000001854,-2.8368692954091888,3.9940171007100815,6.0,-7.988034201420163,-5.6737385908183775,0.0,11.347477181636755,-15.976068402840326,0.0
29.780000000001856,-2.9161769572269027,3.9364847204249176,6.0,-7.872969440849835,-5.8323539144538055,0.0,11.664707828907611,-15.74593888169967,0.0
29.790000000001857,-2.9943181871435662,3.8773777987373457,6.0,-7.754755597474691,-5.9886363742871325,0.0,11.977272748574265,-15.509511194949383,0.0
29.80000000000186,-3.0712617297090823,3.8167199776279594,6.0,-7.633439955255919,-6.142523459418165,0.0,12.28504691883633,-15.266879910511838,0.0
29.81000000000186,-3.1469768085323246,3.754535519416443,6.0,-7.509071038832886,-6.293953617064649,0.0,12.587907234129299,-15.018142077665772,0.0
29.820000000001862,-3.221433138591285,3.6908492970569657,6.0,-7.3816985941139315,-6.44286627718257,0.0,12.88573255436514,-14.763397188227863,0.0
29.830000000001863,-3.2946009383466777,3.6256867841893334,6.0,-7.251373568378667,-6.589201876693355,0.0,13.17840375338671,-14.502747136757334,0.0
29.840000000001865,-3.366450941654158,3.5590740449498703,6.0,-7.118148089899741,-6.732901883308316,0.0,13.465803766616633,-14.236296179799481,0.0
29.850000000001867,-3.43695440947039,3.4910377235461145,6.0,-6.982075447092229,-6.87390881894078,0.0,13.74781763788156,-13.964150894184458,0.0
29.860000000001868,-3.506083141348282,3.421605033599489,6.0,-6.843210067198978,-7.012166282696564,0.0,14.024332565393127,-13.686420134397956,0.0
29.87000000000187,-3.5738094867167853,3.3508037472602155,6.0,-6.701607494520431,-7.147618973433571,0.0,14.295237946867141,-13.403214989040862,0.0
29.88000000000187,-3.64010635594076,3.2786621840988253,6.0,-6.5573243681976505,-7.28021271188152,0.0,14.56042542376304,-13.114648736395301,0.0
29.890000000001873,-3.7049472311564617,3.2052091997787078,6.0,-6.4104183995574155,-7.4098944623129235,0.0,14.819788924625847,-12.820836799114831,0.0
29.900000000001874,-3.768306176878338,3.1304741745142315,6.0,-6.260948349028463,-7.536612353756676,0.0,15.073224707513353,-12.521896698056926,0.0
29.910000000001876,-3.8301578503728755,3.054487001319048,6.0,-6.108974002638096,-7.660315700745751,0.0,15.320631401491502,-12.217948005276192,0.0
29.920000000001878,-3.890477511795354,2.9772780740492872,6.0,-5.9545561480985745,-7.780955023590708,0.0,15.561910047181415,-11.909112296197149,0.0
29.93000000000188,-3.949241034085455,2.898878275246417,6.0,-5.797756550492834,-7.89848206817091,0.0,15.79696413634182,-11.595513100985668,0.0
29.94000000000188,-4.006424912617766,2.819318963784644,6.0,-5.638637927569288,-8.012849825235532,0.0,16.025699650471065,-11.277275855138576,0.0
29.950000000001882,-4.062006274603317,2.7386319623277746,6.0,-5.477263924655549,-8.124012549206634,0.0,16.24802509841327,-10.954527849311098,0.0
29.960000000001884,-4.115962888238387,2.65684954460058,6.0,-5.31369908920116,-8.231925776476775,0.0,16.46385155295355,-10.62739817840232,0.0
29.970000000001885,-4.168273171596935,2.574004422479733,6.0,-5.148008844959466,-8.33654634319387,0.0,16.67309268638774,-10.296017689918932,0.0
29.980000000001887,-4.218916201263078,2.490129732909495,6.0,-4.98025946581899,-8.437832402526157,0.0,16.875664805052313,-9.96051893163798,0.0
29.99000000000189,-4.267871720700182,2.40525902464738,6.0,-4.81051804929476,-8.535743441400363,0.0,17.071486882800727,-9.62103609858952,0.0
30.00000000000189,-4.315120148353202,2.3194262448450984,6.0,-4.638852489690197,-8.630240296706404,0.0,17.260480593412808,-9.277704979380394,0.0
30.01000000000189,-4.360642585481049,2.2326657254701496,6.0,-4.465331450940299,-8.721285170962098,0.0,17.442570341924196,-8.930662901880599,0.0
30.020000000001893,-4.404420823715828,2.145012169573492,6.0,-4.290024339146984,-8.808841647431656,0.0,17.617683294863312,-8.580048678293968,0.0
30.030000000001895,-4.446437352345949,2.0565006374087855,6.0,-4.113001274817571,-8.892874704691899,0.0,17.785749409383797,-8.226002549635142,0.0
30.040000000001896,-4.486675365320172,1.967166532408758,6.0,-3.934333064817516,-8.973350730640345,0.0,17.94670146128069,-7.868666129635032,0.0
30.050000000001898,-4.525118767969807,1.8770455870243044,6.0,-3.7540911740486087,-9.050237535939614,0.0,18.100475071879227,-7.508182348097217,0.0
30.0600000000019,-4.561752183446365,1.7861738484319813,6.0,-3.5723476968639627,-9.12350436689273,0.0,18.24700873378546,-7.144695393727925,0.0
30.0700000000019,-4.596560958872096,1.6945876641156192,6.0,-3.3891753282312385,-9.193121917744191,0.0,18.386243835488383,-6.778350656462477,0.0
30.080000000001903,-4.62953117120094,1.6023236673278116,6.0,-3.2046473346556232,-9.25906234240188,0.0,18.51812468480376,-6.4092946693112465,0.0
30.090000000001904,-4.660649632787562,1.5094187624371034,6.0,-3.0188375248742068,-9.321299265575124,0.0,18.64259853115025,-6.0376750497484135,0.0
30.100000000001906,-4.689903896662235,1.415910110166735,6.0,-2.83182022033347,-9.37980779332447,0.0,18.75961558664894,-5.66364044066694,0.0
30.110000000001907,-4.717282261509461,1.3218351127308496,6.0,-2.6436702254616993,-9.434564523018922,0.0,18.869129046037845,-5.2873404509233985,0.0
30.12000000000191,-4.742773776348341,1.227231398874105,6.0,-2.45446279774821,-9.485547552696682,0.0,18.971095105393363,-4.90892559549642,0.0
30.13000000000191,-4.7663682449128215,1.1321368088206778,6.0,-2.2642736176413556,-9.532736489825643,0.0,19.065472979651286,-4.528547235282711,0.0
30.140000000001912,-4.788056229730064,1.0365893791386782,6.0,-2.0731787582773564,-9.576112459460129,0.0,19.152224918920258,-4.146357516554713,0.0
30.150000000001913,-4.807829055895315,0.9406273275260307,6.0,-1.8812546550520615,-9.61565811179063,0.0,19.23131622358126,-3.762509310104123,0.0
30.160000000001915,-4.825678814541738,0.8442890375239029,6.0,-1.6885780750478059,-9.651357629083476,0.0,19.302715258166952,-3.3771561500956118,0.0
30.170000000001917,-4.841598366003871,0.7476130431638027,6.0,-1.4952260863276055,-9.683196732007742,0.0,19.366393464015484,-2.990452172655211,0.0
30.180000000001918,-4.855581342673386,0.6506380135544777,6.0,-1.3012760271089554,-9.711162685346771,0.0,19.422325370693542,-2.602552054217911,0.0
30.19000000000192,-4.867622151546052,0.5534027374147888,6.0,-1.1068054748295777,-9.735244303092104,0.0,19.470488606184208,-2.2136109496591554,0.0
30.20000000000192,-4.8777159764588625,0.45594610755873866,6.0,-0.9118922151174773,-9.755431952917725,0.0,19.51086390583545,-1.8237844302349546,0.0
30.210000000001923,-4.885858780016434,0.35830710533886534,6.0,-0.7166142106777307,-9.771717560032869,0.0,19.543435120065737,-1.4332284213554614,0.0
30.220000000001924,-4.892047305205914,0.26052478505422083,6.0,-0.5210495701084417,-9.784094610411827,0.0,19.568189220823655,-1.0420991402168833,0.0
30.230000000001926,-4.896279076699739,0.16263825832917206,6.0,-0.3252765166583441,-9.792558153399478,0.0,19.585116306798955,-0.6505530333166882,0.0
30.240000000001928,-4.898552401845734,0.0646866784692728,6.0,-0.1293733569385456,-9.797104803691468,0.0,19.594209607382936,-0.2587467138770912,0.0
30.25000000000193,-4.898866371344151,-0.03329077519953663,6.0,0.06658155039907326,-9.797732742688302,0.0,19.595465485376604,0.13316310079814653,0.0
30.26000000000193,-4.8972208596113775,-0.13125491300213735,6.0,0.2625098260042747,-9.794441719222755,0.0,19.58888343844551,0.5250196520085494,0.0
30.270000000001932,-4.893616524830166,-0.22916655058957935,6.0,0.4583331011791587,-9.787233049660331,0.0,19.574466099320663,0.9166662023583174,0.0
30.280000000001934,-4.888054808686372,-0.32698652461229877,6.0,0.6539730492245975,-9.776109617372745,0.0,19.55221923474549,1.307946098449195,0.0
30.290000000001935,-4.880537935792298,-0.4246757083849354,6.0,0.8493514167698708,-9.761075871584596,0.0,19.522151743169193,1.6987028335397416,0.0
30.300000000001937,-4.871068912796878,-0.5221950275364853,6.0,1.0443900550729706,-9.742137825593757,0.0,19.484275651187513,2.088780110145941,0.0
30.31000000000194,-4.8596515271830585,-0.6195054756395281,6.0,1.2390109512790561,-9.719303054366117,0.0,19.438606108732234,2.4780219025581123,0.0
30.32000000000194,-4.846290345752855,-0.7165681298122779,6.0,1.4331362596245558,-9.69258069150571,0.0,19.38516138301142,2.8662725192491116,0.0
30.33000000000194,-4.830990712800693,-0.8133441662872168,6.0,1.6266883325744337,-9.661981425601386,0.0,19.323962851202772,3.2533766651488674,0.0
30.340000000001943,-4.81375874797576,-0.9097948759400853,6.0,1.8195897518801707,-9.62751749595152,0.0,19.25503499190304,3.6391795037603414,0.0
30.350000000001945,-4.794601343834231,-1.0058816797730141,6.0,2.0117633595460283,-9.589202687668463,0.0,19.178405375336926,4.0235267190920565,0.0
30.360000000001946,-4.773526163082333,-1.1015661443456106,6.0,2.2031322886912212,-9.547052326164666,0.0,19.09410465232933,4.4062645773824425,0.0
30.370000000001948,-4.750541635511369,-1.1968099971478214,6.0,2.393619994295643,-9.501083271022738,0.0,19.002166542045476,4.787239988591286,0.0
30.38000000000195,-4.725656954625909,-1.291575141908427,6.0,2.583150283816854,-9.451313909251818,0.0,18.902627818503635,5.166300567633708,0.0
30.39000000000195,-4.6988820739665185,-1.385823673833041,6.0,2.771647347666082,-9.397764147933037,0.0,18.795528295866074,5.543294695332164,0.0
30.400000000001953,-4.670227703128466,-1.4795178947655245,6.0,2.959035789531049,-9.340455406256932,0.0,18.680910812513865,5.918071579062098,0.0
30.410000000001954,-4.639705303478034,-1.5726203282667435,6.0,3.145240656533487,-9.279410606956068,0.0,18.558821213912136,6.290481313066974,0.0
30.420000000001956,-4.607327083568123,-1.6650937346046473,6.0,3.3301874692092945,-9.214654167136246,0.0,18.42930833427249,6.660374938418589,0.0
30.430000000001957,-4.573105994254993,-1.756901125649663,6.0,3.513802251299326,-9.146211988509986,0.0,18.292423977019972,7.027604502598652,0.0
30.44000000000196,-4.537055723518093,-1.8480057796694542,6.0,3.6960115593389085,-9.074111447036186,0.0,18.148222894072372,7.392023118677817,0.0
30.45000000000196,-4.499190690985056,-1.9383712560171265,6.0,3.876742512034253,-8.998381381970113,0.0,17.996762763940225,7.753485024068506,0.0
30.460000000001962,-4.4595260421640335,-2.0279614097069967,6.0,4.055922819413993,-8.919052084328067,0.0,17.838104168656134,8.111845638827987,0.0
30.470000000001964,-4.4180776423856996,-2.116740405872109,6.0,4.233480811744218,-8.836155284771399,0.0,17.672310569542798,8.466961623488436,0.0
30.480000000001965,-4.374862070457326,-2.2046727340977013,6.0,4.4093454681954025,-8.749724140914651,0.0,17.499448281829302,8.818690936390805,0.0
30.490000000001967,-4.329896612031487,-2.2917232226248982,6.0,4.5834464452497965,-8.659793224062973,0.0,17.319586448125946,9.166892890499593,0.0
30.500000000001968,-4.283199252692019,-2.377857052418948,6.0,4.755714104837896,-8.566398505384038,0.0,17.132797010768076,9.511428209675792,0.0
30.51000000000197,-4.234788670760036,-2.4630397710963674,6.0,4.926079542192735,-8.469577341520072,0.0,16.939154683040144,9.85215908438547,0.0
30.52000000000197,-4.184684229822844,-2.54723730670544,6.0,5.09447461341088,-8.369368459645688,0.0,16.738736919291377,10.18894922682176,0.0
30.530000000001973,-4.1329059709887686,-2.6304159813545422,6.0,5.2608319627090845,-8.265811941977537,0.0,16.531623883955074,10.521663925418169,0.0
30.540000000001974,-4.079474604870976,-2.712542524682847,6.0,5.425085049365694,-8.158949209741952,0.0,16.317898419483903,10.850170098731388,0.0
30.550000000001976,-4.0244115033035035,-2.7935840871680298,6.0,5.5871681743360595,-8.048823006607007,0.0,16.097646013214014,11.174336348672119,0.0
30.560000000001978,-3.967738690792813,-2.8735082532656366,6.0,5.747016506531273,-7.935477381585626,0.0,15.870954763171252,11.494033013062547,0.0
30.57000000000198,-3.9094788357082826,-2.9522830543748695,6.0,5.904566108749739,-7.818957671416565,0.0,15.63791534283313,11.809132217499478,0.0
30.58000000000198,-3.8496552412151575,-3.029876981625601,6.0,6.059753963251202,-7.699310482430315,0.0,15.39862096486063,12.119507926502404,0.0
30.590000000001982,-3.788291835953599,-3.1062589984815028,6.0,6.2125179969630056,-7.576583671907198,0.0,15.153167343814395,12.425035993926011,0.0
30.600000000001984,-3.7254131644675423,-3.181398553154246,6.0,6.362797106308492,-7.450826328935085,0.0,14.90165265787017,12.725594212616985,0.0
30.610000000001985,-3.661044377387211,-3.255265590823809,6.0,6.510531181647618,-7.322088754774422,0.0,14.644177509548843,13.021062363295236,0.0
30.620000000001987,-3.595211221369199,-3.327830565660005,6.0,6.65566113132001,-7.190422442738398,0.0,14.380844885476796,13.31132226264002,0.0
30.63000000000199,-3.5279400287981493,-3.399064452640419,6.0,6.798128905280838,-7.0558800575962985,0.0,14.111760115192597,13.596257810561676,0.0
30.64000000000199,-3.4592577072541526,-3.4689387591600314,6.0,6.937877518320063,-6.918515414508305,0.0,13.83703082901661,13.875755036640125,0.0
30.65000000000199,-3.3891917287500757,-3.5374255364278793,6.0,7.0748510728557585,-6.778383457500151,0.0,13.556766915000303,14.149702145711517,0.0
30.660000000001993,-3.3177701187431183,-3.604497390646201,6.0,7.208994781292402,-6.635540237486237,0.0,13.271080474972473,14.417989562584804,0.0
30.670000000001995,-3.2450214449250088,-3.6701274939675876,6.0,7.340254987935175,-6.4900428898500175,0.0,12.980085779700035,14.68050997587035,0.0
30.680000000001996,-3.170974805795304,-3.7342895952257673,6.0,7.468579190451535,-6.341949611590608,0.0,12.683899223181216,14.93715838090307,0.0
30.690000000001998,-3.0956598190223814,-3.796958030435721,6.0,7.593916060871442,-6.191319638044763,0.0,12.382639276089526,15.187832121742884,0.0
30.700000000002,-3.019106609596764,-3.858107733058932,6.0,7.716215466117864,-6.038213219193528,0.0,12.076426438387056,15.432430932235729,0.0
30.710000000002,-2.9413457977815245,-3.917714244029669,6.0,7.835428488059338,-5.882691595563049,0.0,11.765383191126098,15.670856976118676,0.0
30.720000000002003,-2.862408486864594,-3.9757537215382874,6.0,7.951507443076575,-5.724816973729188,0.0,11.449633947458375,15.90301488615315,0.0
30.730000000002004,-2.7823262507178543,-4.032202950567633,6.0,8.064405901135267,-5.564652501435709,0.0,11.129305002871417,16.128811802270533,0.0
30.740000000002006,-2.7011311211680162,-4.087039352178739,6.0,8.174078704357479,-5.4022622423360325,0.0,10.804524484672065,16.348157408714957,0.0
30.750000000002007,-2.6188555751843117,-4.140240992542106,6.0,8.280481985084212,-5.237711150368623,0.0,10.475422300737247,16.560963970168423,0.0
30.76000000000201,-2.5355325218881424,-4.191786591710932,6.0,8.383573183421865,-5.071065043776285,0.0,10.14213008755257,16.76714636684373,0.0
30.77000000000201,-2.4511952893898665,-4.241655532132816,6.0,8.483311064265632,-4.902390578779733,0.0,9.804781157559466,16.966622128531263,0.0
30.780000000002012,-2.3658776114580022,-4.289827866896499,6.0,8.579655733792999,-4.7317552229160045,0.0,9.463510445832009,17.159311467585997,0.0
30.790000000002014,-2.2796136140261694,-4.336284327710366,6.0,8.672568655420733,-4.559227228052339,0.0,9.118454456104677,17.345137310841466,0.0
30.800000000002015,-2.1924378015431683,-4.381006332609502,6.0,8.762012665219004,-4.3848756030863365,0.0,8.769751206172673,17.524025330438008,0.0
30.810000000002017,-2.1043850431716637,-4.423975993388232,6.0,8.847951986776463,-4.2087700863433275,0.0,8.417540172686655,17.695903973552927,0.0
30.82000000000202,-2.015490558840984,-4.465176122755166,6.0,8.930352245510331,-4.030981117681968,0.0,8.061962235363936,17.860704491020662,0.0
30.83000000000202,-1.9257899051596163,-4.504590241207885,6.0,9.00918048241577,-3.8515798103192327,0.0,7.703159620638465,18.01836096483154,0.0
30.84000000000202,-1.835318961193041,-4.5422025836245234,6.0,9.084405167249047,-3.670637922386082,0.0,7.341275844772164,18.168810334498094,0.0
30.850000000002023,-1.7441139141125814,-4.577998105569605,6.0,9.15599621113921,-3.488227828225163,0.0,6.976455656450326,18.31199242227842,0.0
30.860000000002024,-1.6522112447210189,-4.611962489311618,6.0,9.223924978623236,-3.3044224894420378,0.0,6.6088449788840755,18.447849957246472,0.0
30.870000000002026,-1.559647712860757,-4.64408214954992,6.0,9.28816429909984,-3.119295425721514,0.0,6.238590851443028,18.57632859819968,0.0
30.880000000002028,-1.4664603427103764,-4.674344238848671,6.0,9.348688477697342,-2.932920685420753,0.0,5.865841370841506,18.697376955394684,0.0
30.89000000000203,-1.372686407975455,-4.7027366527756405,6.0,9.405473305551281,-2.74537281595091,0.0,5.49074563190182,18.810946611102562,0.0
30.90000000000203,-1.2783634169795852,-4.7292480347438195,6.0,9.458496069487639,-2.5567268339591704,0.0,5.113453667918341,18.916992138975278,0.0
30.910000000002032,-1.1835290976615414,-4.7538677805538985,6.0,9.507735561107797,-2.3670581953230827,0.0,4.734116390646165,19.015471122215594,0.0
30.920000000002034,-1.0882213824846105,-4.776586042635815,6.0,9.55317208527163,-2.176442764969221,0.0,4.352885529938442,19.10634417054326,0.0
30.930000000002035,-0.9924783932641105,-4.797393733987641,6.0,9.594787467975282,-1.984956786528221,0.0,3.969913573056442,19.189574935950564,0.0
30.940000000002037,-0.8963384259191736,-4.816282531810269,6.0,9.632565063620538,-1.7926768518383471,0.0,3.5853537036766943,19.265130127241076,0.0
30.95000000000204,-0.7998399351548885,-4.833244880836416,6.0,9.666489761672832,-1.599679870309777,0.0,3.199359740619554,19.332979523345664,0.0
30.96000000000204,-0.7030215190809317,-4.848273996352634,6.0,9.696547992705268,-1.4060430381618634,0.0,2.8120860763237268,19.393095985410536,0.0
30.97000000000204,-0.6059219037728376,-4.861363866913101,6.0,9.722727733826202,-1.2118438075456752,0.0,2.4236876150913504,19.445455467652405,0.0
30.980000000002043,-0.5085799277820854,-4.872509256744123,6.0,9.745018513488246,-1.0171598555641708,0.0,2.0343197111283415,19.49003702697649,0.0
30.990000000002045,-0.4110345266011955,-4.88170570783837,6.0,9.76341141567674,-0.822069053202391,0.0,1.644138106404782,19.52682283135348,0.0
31.000000000002046,-0.31332471709005244,-4.8889495417380235,6.0,9.777899083476047,-0.6266494341801049,0.0,1.2532988683602098,19.555798166952094,0.0
31.010000000002048,-0.2154895818696805,-4.894237861006107,6.0,9.788475722012214,-0.430979163739361,0.0,0.861958327478722,19.576951444024427,0.0
31.02000000000205,-0.11756825368971675,-4.8975685503854205,6.0,9.795137100770841,-0.2351365073794335,0.0,0.470273014758867,19.590274201541682,0.0
31.03000000000205,-0.019599899775832923,-4.898940277644623,6.0,9.797880555289247,-0.039199799551665845,0.0,0.07839959910333169,19.595761110578493,0.0
31.040000000002053,0.07837629383663273,-4.8983524941111,6.0,9.7967049882222,0.15675258767326547,0.0,-0.31350517534653094,19.5934099764444,0.0
31.050000000002054,0.17632113797656704,-4.895805434890427,6.0,9.791610869780854,0.3526422759531341,0.0,-0.7052845519062682,19.583221739561708,0.0
31.060000000002056,0.27419545601222783,-4.8913001187723335,6.0,9.782600237544667,0.5483909120244557,0.0,-1.0967818240489113,19.565200475089334,0.0
31.070000000002057,0.3719600995213744,-4.884838347823195,6.0,9.76967669564639,0.7439201990427488,0.0,-1.4878403980854975,19.53935339129278,0.0
31.08000000000206,0.46957596395011425,-4.876422706665237,6.0,9.752845413330474,0.9391519279002285,0.0,-1.878303855800457,19.50569082666095,0.0
31.09000000000206,0.5670040042542034,-4.866056561442715,6.0,9.73211312288543,1.1340080085084068,0.0,-2.2680160170168135,19.46422624577086,0.0
31.100000000002062,0.6642052505165432,-4.853744058475503,6.0,9.707488116951007,1.3284105010330864,0.0,-2.656821002066173,19.414976233902014,0.0
31.110000000002064,0.7611408235346284,-4.839490122600626,6.0,9.678980245201252,1.5222816470692568,0.0,-3.0445632941385137,19.357960490402505,0.0
31.120000000002065,0.8577719503717087,-4.823300455202383,6.0,9.646600910404766,1.7155439007434174,0.0,-3.431087801486835,19.293201820809532,0.0
31.130000000002067,0.9540599798654469,-4.805181531931872,6.0,9.610363063863744,1.9081199597308938,0.0,-3.8162399194617875,19.220726127727488,0.0
31.14000000000207,1.0499663980878688,-4.785140600116822,6.0,9.570281200233644,2.0999327961757377,0.0,-4.199865592351475,19.14056240046729,0.0
31.15000000000207,1.145452843750421,-4.763185675862749,6.0,9.526371351725498,2.290905687500842,0.0,-4.581811375001684,19.052742703450996,0.0
31.16000000000207,1.2404811235479738,-4.739325540846625,6.0,9.47865108169325,2.4809622470959476,0.0,-4.961924494191895,18.9573021633865,0.0
31.170000000002073,1.3350132274356352,-4.713569738804326,6.0,9.427139477608652,2.6700264548712704,0.0,-5.340052909742541,18.854278955217303,0.0
31.180000000002075,1.429011343832261,-4.685928571713264,6.0,9.371857143426528,2.858022687664522,0.0,-5.716045375329044,18.743714286853056,0.0
31.190000000002076,1.5224378747445844,-4.656413095671731,6.0,9.312826191343461,3.0448757494891687,0.0,-6.0897514989783375,18.625652382686923,0.0
31.200000000002078,1.6152554508059105,-4.6250351164766075,6.0,9.250070232953215,3.230510901611821,0.0,-6.461021803223642,18.50014046590643,0.0
31.21000000000208,1.7074269462233664,-4.5918071849012065,6.0,9.183614369802413,3.414853892446733,0.0,-6.829707784893466,18.367228739604826,0.0
31.22000000000208,1.7989154936277219,-4.556742591675124,6.0,9.113485183350248,3.5978309872554437,0.0,-7.195661974510887,18.226970366700495,0.0
31.230000000002082,1.889684498819846,-4.519855362168128,6.0,9.039710724336256,3.779368997639692,0.0,-7.558737995279384,18.079421448672512,0.0
31.240000000002084,1.9796976554078993,-4.481160250780199,6.0,8.962320501560399,3.9593953108157987,0.0,-7.918790621631597,17.924641003120797,0.0
31.250000000002085,2.068918959329406,-4.440672735039965,6.0,8.88134547007993,4.137837918658812,0.0,-8.275675837317625,17.76269094015986,0.0
31.260000000002087,2.157312723252399,-4.398409009413895,6.0,8.79681801882779,4.314625446504798,0.0,-8.629250893009596,17.59363603765558,0.0
31.27000000000209,2.2448435908498774,-4.354385978828728,6.0,8.708771957657456,4.489687181699755,0.0,-8.97937436339951,17.417543915314912,0.0
31.28000000000209,2.331476550941864,-4.308621251909736,6.0,8.617242503819472,4.662953101883728,0.0,-9.325906203767456,17.234485007638945,0.0
31.29000000000209,2.4171769514994126,-4.261133133937498,6.0,8.522266267874995,4.834353902998825,0.0,-9.66870780599765,17.04453253574999,0.0
31.300000000002093,2.501910513504958,-4.211940619526034,6.0,8.423881239052069,5.003821027009916,0.0,-10.007642054019833,16.847762478104137,0.0
31.310000000002095,2.5856433446634632,-4.161063385025219,6.0,8.322126770050438,5.1712866893269265,0.0,-10.342573378653853,16.644253540100877,0.0
31.320000000002096,2.668341952958887,-4.108521780650499,6.0,8.217043561300997,5.336683905917774,0.0,-10.673367811835549,16.434087122601994,0.0
31.330000000002098,2.7499732600505458,-4.054336822343078,6.0,8.108673644686156,5.4999465201010915,0.0,-10.999893040202183,16.217347289372313,0.0
31.3400000000021,2.8305046145040054,-3.998530183363823,6.0,7.997060366727646,5.661009229008011,0.0,-11.322018458016021,15.994120733455292,0.0
31.3500000000021,2.9099038048512216,-3.9411241856242465,6.0,7.882248371248493,5.819807609702443,0.0,-11.639615219404886,15.764496742496986,0.0
31.360000000002103,2.988139072474696,-3.882141790758042,6.0,7.764283581516084,5.976278144949392,0.0,-11.952556289898784,15.528567163032168,0.0
31.370000000002104,3.065179124310504,-3.821606590936734,6.0,7.643213181873468,6.130358248621008,0.0,-12.260716497242017,15.286426363746935,0.0
31.380000000002106,3.1409931453650977,-3.759542799433126,6.0,7.519085598866252,6.281986290730195,0.0,-12.56397258146039,15.038171197732504,0.0
31.390000000002107,3.2155508110408944,-3.6959752409363134,6.0,7.391950481872627,6.431101622081789,0.0,-12.862203244163577,14.783900963745253,0.0
31.40000000000211,3.2888222992657146,-3.6309293416221387,6.0,7.261858683244277,6.577644598531429,0.0,-13.155289197062858,14.523717366488555,0.0
31.41000000000211,3.360778302421206,-3.56443111898306,6.0,7.12886223796612,6.721556604842412,0.0,-13.443113209684824,14.25772447593224,0.0
31.420000000002112,3.4313900390655094,-3.4965071714215026,6.0,6.993014342843005,6.862780078131019,0.0,-13.725560156262038,13.98602868568601,0.0
31.430000000002114,3.500629265445443,-3.42718466761085,6.0,6.8543693352217,7.001258530890886,0.0,-14.002517061781772,13.7087386704434,0.0
31.440000000002115,3.5684682867936326,-3.3564913356283395,6.0,6.712982671256679,7.136936573587265,0.0,-14.27387314717453,13.425965342513358,0.0
31.450000000002117,3.6348799684060467,-3.2844554518641975,6.0,6.568910903728395,7.269759936812093,0.0,-14.539519873624187,13.13782180745679,0.0
31.46000000000212,3.6998377464955188,-3.211105829711465,6.0,6.42221165942293,7.3996754929910376,0.0,-14.799350985982075,12.84442331884586,0.0
31.47000000000212,3.763315638816904,-3.1364718080410214,6.0,6.272943616082043,7.526631277633808,0.0,-15.053262555267615,12.545887232164086,0.0
31.48000000000212,3.8252882550596343,-3.0605832394664274,6.0,6.121166478932855,7.650576510119269,0.0,-15.301153020238537,12.24233295786571,0.0
31.490000000002123,3.885730807003504,-2.983470478403279,6.0,5.966940956806558,7.771461614007008,0.0,-15.542923228014017,11.933881913613115,0.0
31.500000000002125,3.9446191184336254,-2.905164368927845,6.0,5.81032873785569,7.889238236867251,0.0,-15.778476473734502,11.62065747571138,0.0
31.510000000002126,4.001929634810593,-2.8256962324398476,6.0,5.651392464879695,8.003859269621186,0.0,-16.007718539242372,11.30278492975939,0.0
31.520000000002128,4.057639432691986,-2.7450978551343215,6.0,5.490195710268643,8.115278865383972,0.0,-16.230557730767945,10.980391420537286,0.0
31.53000000000213,4.11172622890144,-2.6634014752875577,6.0,5.326802950575115,8.22345245780288,0.0,-16.44690491560576,10.65360590115023,0.0
31.54000000000213,4.164168389441619,-2.5806397703622252,6.0,5.1612795407244505,8.328336778883237,0.0,-16.656673557766474,10.322559081448901,0.0
31.550000000002132,4.214944938147523,-2.4968458439368186,6.0,4.993691687873637,8.429889876295046,0.0,-16.859779752590093,9.987383375747275,0.0
31.560000000002134,4.264035565076687,-2.412053212464671,6.0,4.824106424929342,8.528071130153373,0.0,-17.056142260306746,9.648212849858684,0.0
31.570000000002135,4.311420634632867,-2.3262957918678184,6.0,4.652591583735637,8.622841269265734,0.0,-17.24568253853147,9.305183167471274,0.0
31.580000000002137,4.357081193420036,-2.2396078839710816,6.0,4.479215767942163,8.714162386840073,0.0,-17.428324773680146,8.958431535884326,0.0
31.59000000000214,4.400998977823479,-2.152024162781797,6.0,4.304048325563594,8.801997955646957,0.0,-17.603995911293914,8.608096651127187,0.0
31.60000000000214,4.4431564213149946,-2.0635796606206713,6.0,4.127159321241343,8.886312842629989,0.0,-17.772625685259978,8.254318642482685,0.0
31.61000000000214,4.483536661479279,-1.9743097541093264,6.0,3.948619508218653,8.967073322958559,0.0,-17.934146645917117,7.897239016437306,0.0
31.620000000002143,4.522123546758665,-1.8842501500201165,6.0,3.768500300040233,9.04424709351733,0.0,-18.08849418703466,7.537000600080466,0.0
31.630000000002145,4.558901642913522,-1.7934368709938986,6.0,3.586873741987797,9.117803285827044,0.0,-18.23560657165409,7.173747483975594,0.0
31.640000000002146,4.593856239195758,-1.7019062411314558,6.0,3.4038124822629117,9.187712478391516,0.0,-18.375424956783032,6.807624964525823,0.0
31.650000000002148,4.6269733542329154,-1.6096948714643409,6.0,3.2193897429286817,9.253946708465831,0.0,-18.507893416931662,6.4387794858573635,0.0
31.66000000000215,4.658239741620534,-1.516839645310952,6.0,3.033679290621904,9.316479483241068,0.0,-18.632958966482136,6.067358581243808,0.0
31.67000000000215,4.68764289522054,-1.4233777035236974,6.0,2.846755407047395,9.37528579044108,0.0,-18.75057158088216,5.69351081409479,0.0
31.680000000002153,4.715171054163528,-1.3293464296331499,6.0,2.6586928592662997,9.430342108327055,0.0,-18.86068421665411,5.3173857185325994,0.0
31.690000000002154,4.740813207552959,-1.2347834348951314,6.0,2.469566869790263,9.481626415105918,0.0,-18.963252830211836,4.939133739580526,0.0
31.700000000002156,4.764559098869369,-1.1397265432467143,6.0,2.2794530864934286,9.529118197738738,0.0,-19.058236395477476,4.558906172986857,0.0
31.710000000002157,4.7863992300728375,-1.0442137761771497,6.0,2.0884275523542994,9.572798460145675,0.0,-19.14559692029135,4.176855104708599,0.0
31.72000000000216,4.8063248654020825,-0.9482833375197789,6.0,1.8965666750395578,9.612649730804165,0.0,-19.22529946160833,3.7931333500791156,0.0
31.73000000000216,4.824328034868643,-0.8519735981710091,6.0,1.7039471963420183,9.648656069737285,0.0,-19.29731213947457,3.4078943926840366,0.0
31.740000000002162,4.840401537444771,-0.7553230807424677,6.0,1.5106461614849354,9.680803074889543,0.0,-19.361606149779085,3.0212923229698707,0.0
31.750000000002164,4.854538943943748,-0.658370444152469,6.0,1.316740888304938,9.709077887887496,0.0,-19.41815577577499,2.633481776609876,0.0
31.760000000002165,4.866734599591469,-0.561154468162965,6.0,1.12230893632593,9.733469199182938,0.0,-19.466938398365876,2.24461787265186,0.0
31.770000000002167,4.876983626288283,-0.4637140378681554,6.0,0.9274280757363108,9.753967252576565,0.0,-19.50793450515313,1.8548561514726216,0.0
31.78000000000217,4.885281924560162,-0.3660881281409699,6.0,0.7321762562819398,9.770563849120323,0.0,-19.541127698240647,1.4643525125638797,0.0
31.79000000000217,4.891626175198439,-0.26831578804363804,6.0,0.5366315760872761,9.783252350396879,0.0,-19.566504700793757,1.0732631521745521,0.0
31.80000000000217,4.897473374781627,-0.12146828106570111,6.0,0.3644048431971033,14.692420124344881,0.0,-44.07726037303464,1.09321452959131,0.0
31.810000000002173,4.898913178897046,0.025488539166331932,6.0,-0.0764656174989958,14.696739536691139,0.0,-44.090218610073414,-0.2293968524969874,0.0
31.820000000002175,4.895944291818177,0.17242242143354006,6.0,-0.5172672643006201,14.68783287545453,0.0,-44.0634986263636,-1.5518017929018604,0.0
31.830000000002176,4.888569385342997,0.3192011351596223,6.0,-0.9576034054788668,14.665708156028991,0.0,-43.99712446808697,-2.8728102164366005,0.0
31.840000000002178,4.876795096389542,0.46569258940949104,6.0,-1.3970777682284732,14.630385289168625,0.0,-43.89115586750588,-4.1912333046854195,0.0
31.85000000000218,4.86063202102313,0.611764951762198,6.0,-1.8352948552865942,14.581896063069388,0.0,-43.74568818920817,-5.505884565859782,0.0
31.86000000000218,4.840094704920615,0.7572867669512144,6.0,-2.2718603008536435,14.520284114761845,0.0,-43.560852344285536,-6.815580902560931,0.0
31.870000000002182,4.815201630280263,0.902127075165298,6.0,-2.706381225495894,14.445604890840787,0.0,-43.336814672522365,-8.119143676487683,0.0
31.880000000002184,4.785975199189018,1.0461555299034835,6.0,-3.1384665897104504,14.357925597567053,0.0,-43.07377679270116,-9.415399769131351,0.0
31.890000000002185,4.752441713462137,1.1892425152781356,6.0,-3.567727545834407,14.25732514038641,0.0,-42.771975421159226,-10.703182637503222,0.0
31.900000000002187,4.714631350973331,1.331259262660499,6.0,-3.9937777879814975,14.143894052919993,0.0,-42.43168215875998,-11.981333363944493,0.0
31.91000000000219,4.672578138496719,1.4720779665637722,6.0,-4.416233899691317,14.017734415490157,0.0,-42.053203246470474,-13.248701699073951,0.0
31.92000000000219,4.626319921085022,1.6115718996594197,6.0,-4.834715698978259,13.878959763255066,0.0,-41.6368792897652,-14.504147096934778,0.0
31.93000000000219,4.575898328011575,1.7496155268232139,6.0,-5.248846580469642,13.727694984034724,0.0,-41.183084952104174,-15.746539741408926,0.0
31.940000000002193,4.521358735306788,1.886084618108372,6.0,-5.658253854325116,13.564076205920363,0.0,-40.69222861776109,-16.97476156297535,0.0
31.950000000002195,4.462750224922783,2.0208563605441245,6.0,-6.062569081632374,13.388250674768349,0.0,-40.16475202430505,-18.187707244897123,0.0
31.960000000002196,4.400125540562951,2.1538094686591,6.0,-6.4614284059772995,13.200376621688854,0.0,-39.60112986506656,-19.384285217931897,0.0
31.970000000002198,4.3335410402161765,2.284824293630059,6.0,-6.854472880890177,13.000623120648529,0.0,-39.00186936194559,-20.563418642670534,0.0
31.9800000000022,4.263056645438451,2.4137829309577645,6.0,-7.241348792873294,12.789169936315353,0.0,-38.36750980894606,-21.72404637861988,0.0
31.9900000000022,4.188735787427523,2.5405693265730678,6.0,-7.621707979719203,12.566207362282567,0.0,-37.6986220868477,-22.86512393915761,0.0
32.0000000000022,4.110645349939092,2.6650693812777404,6.0,-7.995208143833222,12.331936049817275,0.0,-36.995808149451825,-23.985624431499666,0.0
32.0100000000022,4.028855609095953,2.787171053426049,6.0,-8.361513160278147,12.086566827287859,0.0,-36.25970048186358,-25.084539480834444,0.0
32.0200000000022,3.9434401701442234,2.906764459754676,6.0,-8.720293379264028,11.83032051043267,0.0,-35.49096153129801,-26.160880137792088,0.0
32.0300000000022,3.8544759012135894,3.023741974270239,6.0,-9.071225922810717,11.563427703640768,0.0,-34.69028311092231,-27.213677768432152,0.0
32.040000000002195,3.762042864141181,3.137998325105419,6.0,-9.413994975316257,11.286128592423543,0.0,-33.858385777270634,-28.24198492594877,0.0
32.05000000000219,3.666224242421321,3.249430689256536,6.0,-9.748292067769608,10.998672727263964,0.0,-32.99601818179189,-29.244876203308824,0.0
32.06000000000219,3.5671062663459936,3.3579387851173137,6.0,-10.073816355351942,10.701318799037981,0.0,-32.10395639711394,-30.221449066055825,0.0
32.07000000000219,3.4647781354034044,3.463424962725554,6.0,-10.390274888176663,10.394334406210213,0.0,-31.183003218630642,-31.170824664529988,0.0
32.08000000000219,3.3593319380044604,3.565794291641512,6.0,-10.697382874924536,10.07799581401338,0.0,-30.233987442040146,-32.09214862477361,0.0
32.090000000002185,3.250862568609415,3.664954646378887,6.0,-10.994863939136662,9.752587705828244,0.0,-29.257763117484732,-32.984591817409985,0.0
32.10000000000218,3.139467642329261,3.760816789311538,6.0,-11.282450367934613,9.418402926987783,0.0,-28.25520878096335,-33.847351103803845,0.0
32.11000000000218,3.0252474070787194,3.853294450981326,6.0,-11.559883352943979,9.075742221236158,0.0,-27.22722666370848,-34.67965005883194,0.0
32.12000000000218,2.9083046533598806,3.9423044077348033,6.0,-11.82691322320441,8.724913960079643,0.0,-26.17474188023893,-35.48073966961323,0.0
32.13000000000218,2.788744621757693,4.027766556618883,6.0,-12.08329966985665,8.36623386527308,0.0,-25.09870159581924,-36.24989900956995,0.0
32.140000000002175,2.6666749082305374,4.109603987468093,6.0,-12.328811962404279,8.000024724691613,0.0,-24.00007417407484,-36.98643588721284,0.0
32.15000000000217,2.5422053672811313,4.187743052118528,6.0,-12.563229156355584,7.6266161018433944,0.0,-22.879848305530185,-37.689687469066754,0.0
32.16000000000217,2.415448013094886,4.262113430686233,6.0,-12.786340292058696,7.246344039284658,0.0,-21.739032117853974,-38.359020876176096,0.0
32.17000000000217,2.286516918734705,4.332648194850344,6.0,-12.997944584551032,6.859550756204115,0.0,-20.578652268612345,-38.9938337536531,0.0
32.18000000000217,2.1555281134829243,4.39928386808407,6.0,-13.197851604252211,6.466584340448772,0.0,-19.399753021346317,-39.593554812756636,0.0
32.190000000002165,2.0225994784227916,4.461960482779274,6.0,-13.385881448337821,6.067798435268374,0.0,-18.203395305805124,-40.157644345013466,0.0
32.20000000000216,1.8878506403534476,4.5206216342132715,6.0,-13.561864902639815,5.663551921060343,0.0,-16.990655763181028,-40.68559470791945,0.0
32.21000000000216,1.7514028641338804,4.5752145313092845,6.0,-13.725643593927854,5.254208592401642,0.0,-15.762625777204924,-41.17693078178356,0.0
32.22000000000216,1.6133789435527395,4.625690044144835,6.0,-13.877070132434504,4.840136830658219,0.0,-14.520410491974657,-41.63121039730351,0.0
32.23000000000216,1.4739030908222128,4.672002748165365,6.0,-14.016008244496096,4.4217092724666385,0.0,-13.265127817399915,-42.04802473348829,0.0
32.240000000002155,1.33310082479542,4.714110965063271,6.0,-14.142332895189814,3.9993024743862597,0.0,-11.997907423158779,-42.426998685569444,0.0
32.25000000000215,1.1910988580079174,4.751976800285564,6.0,-14.255930400856693,3.573296574023752,0.0,-10.719889722071256,-42.76779120257008,0.0
32.26000000000215,1.0480249826449686,4.7855661771364115,6.0,-14.356698531409235,3.1440749479349055,0.0,-9.432224843804716,-43.07009559422771,0.0
32.27000000000215,0.9040079555372033,4.814848867443862,6.0,-14.444546602331586,2.71202386661161,0.0,-8.13607159983483,-43.33363980699476,0.0
32.28000000000215,0.7591773822881609,4.839798518763161,6.0,-14.519395556289485,2.2775321468644827,0.0,-6.8325964405934485,-43.55818666886845,0.0
32.290000000002145,0.6136636006379951,4.860392678092173,6.0,-14.581178034276519,1.8409908019139851,0.0,-5.522972405741956,-43.74353410282956,0.0
32.30000000000214,0.46759756316830536,4.876612812077565,6.0,-14.629838436232696,1.402792689504916,0.0,-4.208378068514748,-43.88951530869809,0.0
32.31000000000214,0.3211107194536529,4.8884443236935775,6.0,-14.665332971080732,0.9633321583609585,0.0,-2.8899964750828757,-43.9959989132422,0.0
32.32000000000214,0.17433489776581532,4.895876565378357,6.0,-14.687629696135073,0.523004693297446,0.0,-1.569014079892338,-44.062889088405214,0.0
32.33000000000214,0.027402186437241165,4.898902848616051,6.0,-14.696708545848152,0.08220655931172349,0.0,-0.2466196779351705,-44.09012563754445,0.0
32.340000000002135,-0.11955518500953444,4.897520449956011,6.0,-14.692561349868035,-0.3586655550286033,0.0,1.07599666508581,-44.07768404960411,0.0
32.35000000000213,-0.26640496485953435,4.891730613463724,6.0,-14.675191840391173,-0.799214894578603,0.0,2.397644683735809,-44.02557552117352,0.0
32.36000000000213,-0.4130149982229563,4.881538549601231,6.0,-14.644615648803692,-1.2390449946688689,0.0,3.717134984006607,-43.93384694641108,0.0
32.37000000000213,-0.5592533459656536,4.866953430538063,6.0,-14.600860291614188,-1.6777600378969606,0.0,5.033280113690882,-43.80258087484257,0.0
32.38000000000213,-0.7049884034454502,4.847988381896911,6.0,-14.543965145690732,-2.1149652103363508,0.0,6.344895631009052,-43.6318954370722,0.0
32.390000000002125,-0.8500890189474354,4.824660470941451,6.0,-14.473981412824353,-2.5502670568423063,0.0,7.650801170526919,-43.42194423847306,0.0
32.40000000000212,-0.9944246117116553,4.796990691216955,6.0,-14.390972073650865,-2.983273835134966,0.0,8.949821505404898,-43.172916220952594,0.0
32.41000000000212,-1.1378652894469823,4.765003943657521,6.0,-14.295011830972564,-3.413595868340947,0.0,10.240787605022842,-42.885035492917694,0.0
32.42000000000212,-1.2802819652254098,4.7287290141769125,6.0,-14.186187042530738,-3.8408458956762295,0.0,11.522537687028688,-42.55856112759221,0.0
32.43000000000212,-1.4215464736515744,4.688198547763178,6.0,-14.064595643289532,-4.264639420954723,0.0,12.79391826286417,-42.1937869298686,0.0
32.440000000002115,-1.561531686202961,4.643449019100364,6.0,-13.930347057301093,-4.684595058608883,0.0,14.053785175826649,-41.79104117190328,0.0
32.45000000000211,-1.7001116256369915,4.594520699743765,6.0,-13.783562099231297,-5.100334876910974,0.0,15.301004630732924,-41.35068629769389,0.0
32.46000000000211,-1.8371615793620406,4.541457621878242,6.0,-13.624372865634724,-5.511484738086121,0.0,16.534454214258368,-40.87311859690417,0.0
32.47000000000211,-1.9725582116703504,4.484307538692218,6.0,-13.452922616076656,-5.917674635011051,0.0,17.753023905033153,-40.35876784822997,0.0
32.48000000000211,-2.106179674731841,4.423121881403052,6.0,-13.269365644209156,-6.318539024195524,0.0,18.955617072586573,-39.808096932627464,0.0
32.490000000002105,-2.237905718248937,4.357955712972392,6.0,-13.073867138917175,-6.71371715474681,0.0,20.141151464240433,-39.221601416751525,0.0
32.5000000000021,-2.367617797673712,4.288867678553242,6.0,-12.866603035659725,-7.102853393021137,0.0,21.308560179063413,-38.59980910697918,0.0
32.5100000000021,-2.4951991808899883,4.215919952713278,6.0,-12.647759858139834,-7.485597542669965,0.0,22.456792628009897,-37.943279574419506,0.0
32.5200000000021,-2.6205350532643554,4.139178183481931,6.0,-12.417534550445794,-7.861605159793066,0.0,23.5848154793792,-37.25260365133738,0.0
32.5300000000021,-2.7435126209715937,4.058711433271596,6.0,-12.17613429981479,-8.23053786291478,0.0,24.691613588744342,-36.528402899444366,0.0
32.540000000002095,-2.8640212125015037,3.974592116726119,6.0,-11.923776350178358,-8.592063637504511,0.0,25.77619091251353,-35.77132905053507,0.0
32.55000000000209,-2.9819523782557944,3.886895935552508,6.0,-11.660687806657524,-8.945857134767383,0.0,26.837571404302153,-34.982063419972576,0.0
32.56000000000209,-3.097199988145402,3.795701810394504,6.0,-11.387105431183512,-9.291599964436205,0.0,27.87479989330862,-34.16131629355054,0.0
32.57000000000209,-3.209660327100406,3.701091809809331,6.0,-11.103275429427994,-9.628980981301218,0.0,28.886942943903655,-33.30982628828398,0.0
32.58000000000209,-3.319232188406592,3.6031510764115318,6.0,-10.809453229234595,-9.957696565219777,0.0,29.87308969565933,-32.42835968770379,0.0
32.590000000002085,-3.4258169647846635,3.501967750250363,6.0,-10.505903250751091,-10.27745089435399,0.0,30.832352683061973,-31.51770975225327,0.0
32.60000000000208,-3.529318737130136,3.3976328894897017,6.0,-10.192898668469105,-10.587956211390408,0.0,31.763868634171228,-30.578696005407316,0.0
32.61000000000208,-3.6296443608340594,3.290240388461838,6.0,-9.870721165385513,-10.888933082502179,0.0,32.66679924750654,-29.612163496156544,0.0
32.62000000000208,-3.7267035496068766,3.1798868931689226,6.0,-9.539660679506769,-11.18011064882063,0.0,33.54033194646189,-28.618982038520304,0.0
32.63000000000208,-3.8204089567299904,3.0666717143080806,6.0,-9.200015142924242,-11.461226870189972,0.0,34.38368061056991,-27.600045428772727,0.0
32.640000000002075,-3.910676253661915,2.9506967378984923,6.0,-8.852090213695476,-11.732028760985745,0.0,35.19608628295724,-26.55627064108643,0.0
32.65000000000207,-3.9974242059282723,2.83206633359085,6.0,-8.496199000772549,-11.992272617784817,0.0,35.976817853354454,-25.48859700231765,0.0
32.66000000000207,-4.080574746227333,2.7108872607417185,6.0,-8.132661782225155,-12.241724238681998,0.0,36.725172716045996,-24.397985346675465,0.0
32.67000000000207,-4.16005304468532,2.5872685723373197,6.0,-7.761805717011959,-12.480159134055961,0.0,37.440477402167886,-23.285417151035876,0.0
32.68000000000207,-4.2357875761982475,2.4613215168532063,6.0,-7.383964550559619,-12.707362728594743,0.0,38.12208818578423,-22.151893651678858,0.0
32.690000000002065,-4.307710184799681,2.3331594381381433,6.0,-6.99947831441443,-12.923130554399041,0.0,38.769391663197126,-20.998434943243293,0.0
32.70000000000206,-4.375756144996507,2.2028976734122936,6.0,-6.608693020236881,-13.127268434989523,0.0,39.381805304968566,-19.826079060710644,0.0
32.71000000000206,-4.439864220017517,2.070653449471505,6.0,-6.211960348414515,-13.319592660052551,0.0,39.958777980157656,-18.635881045243547,0.0
32.72000000000206,-4.499976716922355,1.9365457771911063,6.0,-5.8096373315733185,-13.499930150767062,0.0,40.49979045230119,-17.428911994719957,0.0
32.73000000000206,-4.5560395385212775,1.8006953444241542,6.0,-5.402086033272463,-13.66811861556383,0.0,41.004355846691496,-16.20625809981739,0.0
32.740000000002055,-4.608002232058974,1.6632244073905096,6.0,-4.989673222171529,-13.824006696176921,0.0,41.47202008853076,-14.969019666514587,0.0
32.75000000000205,-4.655818034618637,1.524256680654493,6.0,-4.572770041963479,-13.96745410385591,0.0,41.90236231156773,-13.718310125890438,0.0
32.76000000000205,-4.699443915205432,1.3839172257901264,6.0,-4.151751677370379,-14.098331745616294,0.0,42.294995236848884,-12.45525503211114,0.0
32.77000000000205,-4.738840613471489,1.2423323388341592,6.0,-3.7269970165024775,-14.216521840414469,0.0,42.6495655212434,-11.180991049507432,0.0
32.78000000000205,-4.773972675047569,1.0996294366281583,6.0,-3.298888309884475,-14.321918025142706,0.0,42.965754075428116,-9.896664929653426,0.0
32.790000000002046,-4.804808483449592,0.9559369421519522,6.0,-2.8678108264558566,-14.414425450348777,0.0,43.24327635104633,-8.60343247936757,0.0
32.80000000000204,-4.831320288531354,0.8113841689516171,6.0,-2.4341525068548515,-14.493960865594063,0.0,43.48188259678219,-7.3024575205645545,0.0
32.81000000000204,-4.853484231457775,0.666101204766014,6.0,-1.998303614298042,-14.560452694373323,0.0,43.681358083119974,-5.994910842894126,0.0
32.82000000000204,-4.871280366176239,0.5202187944566038,6.0,-1.5606563833698113,-14.613841098528717,0.0,43.84152329558615,-4.681969150109435,0.0
32.83000000000204,-4.884692677366705,0.37386822234589784,6.0,-1.1216046670376936,-14.654078032100117,0.0,43.96223409630035,-3.3648140011130807,0.0
32.840000000002036,-4.893709094854406,0.2271811940704285,6.0,-0.6815435822112855,-14.681127284563217,0.0,44.04338185368966,-2.0446307466338567,0.0
32.850000000002034,-4.898321504472192,0.08028971805456633,6.0,-0.240869154163699,-14.694964513416576,0.0,44.08489354024973,-0.7226074624910971,0.0
32.86000000000203,-4.898525755362734,-0.06667401328815156,6.0,0.2000220398644547,-14.695577266088204,0.0,44.08673179826461,0.6000661195933641,0.0
32.87000000000203,-4.894321663714019,-0.213577742519271,6.0,0.640733227557813,-14.682964991142057,0.0,44.04889497342617,1.922199682673439,0.0
32.88000000000203,-4.8857130129247635,-0.3602892661981882,6.0,1.0808677985945647,-14.65713903877429,0.0,43.97141711632287,3.242603395783694,0.0
32.890000000002026,-4.8727075501996095,-0.5066765538563229,6.0,1.5200296615689688,-14.618122650598828,0.0,43.85436795179648,4.560088984706907,0.0
32.900000000002024,-4.855316979577168,-0.6526078668156283,6.0,1.9578236004468852,-14.565950938731504,0.0,43.69785281619451,5.873470801340655,0.0
32.91000000000202,-4.833556951397171,-0.7979518767445091,6.0,2.3938556302335274,-14.500670854191512,0.0,43.502012562574535,7.181566890700582,0.0
32.92000000000202,-4.807447048216223,-0.9425777838444557,6.0,2.827733351533367,-14.422341144648668,0.0,43.26702343394601,8.4832000546001,0.0
32.93000000000202,-4.77701076718482,-1.0863554345610338,6.0,3.2590663036831016,-14.33103230155446,0.0,42.99309690466338,9.777198911049306,0.0
32.940000000002016,-4.742275498901504,-1.229155438713299,6.0,3.687466316139897,-14.226826496704513,0.0,42.68047949011354,11.062398948419691,0.0
32.950000000002014,-4.703272502763171,-1.3708492859362251,6.0,4.112547857808676,-14.109817508289511,0.0,42.329452524868536,12.337643573426027,0.0
32.96000000000201,-4.660036878833719,-1.5113094613313593,6.0,4.533928383994078,-13.980110636501157,0.0,41.94033190950347,13.601785151982234,0.0
32.97000000000201,-4.6126075362563705,-1.6504095602216238,6.0,4.9512286806648715,-13.83782260876911,0.0,41.513467826307334,14.853686041994614,0.0
32.98000000000201,-4.561027158238058,-1.788024401906992,6.0,5.364073205720976,-13.683081474714175,0.0,41.04924442414253,16.09221961716293,0.0
32.990000000002006,-4.50534216363743,-1.9240301423186699,6.0,5.77209042695601,-13.516026490912289,0.0,40.548079472736866,17.31627128086803,0.0
33.000000000002004,-4.445602665190999,-2.0583043854703997,6.0,6.174913156411199,-13.336807995572999,0.0,40.010423986719,18.524739469233598,0.0
33.010000000002,-4.381862424415075,-2.1907262936065837,6.0,6.572178880819751,-13.145587273245225,0.0,39.43676181973567,19.716536642459253,0.0
33.020000000002,-4.314178803224016,-2.3211766959481106,6.0,6.963530087844332,-12.94253640967205,0.0,38.82760922901615,20.890590263532996,0.0
33.030000000002,-4.242612712308389,-2.4495381959380107,6.0,7.3486145878140325,-12.72783813692517,0.0,38.18351441077551,22.045843763442097,0.0
33.040000000001996,-4.1672285563194515,-2.5756952768904346,6.0,7.727085830671303,-12.501685668958356,0.0,37.50505700687507,23.18125749201391,0.0
33.050000000001994,-4.0880941759093155,-2.6995344059478716,6.0,8.098603217843616,-12.264282527727946,0.0,36.79284758318384,24.295809653530846,0.0
33.06000000000199,-4.005280786678939,-2.820944136253062,6.0,8.462832408759185,-12.015842360036817,0.0,36.047527080110456,25.388497226277558,0.0
33.07000000000199,-3.9188629150888943,-2.939815207243641,6.0,8.819445621730923,-11.756588745266683,0.0,35.26976623580005,26.458336865192774,0.0
33.08000000000199,-3.8289183313905797,-3.056040642979274,6.0,9.168121928937824,-11.486754994171738,0.0,34.46026498251522,27.50436578681347,0.0
33.090000000001986,-3.7355279796382472,-3.1695158484127806,6.0,9.508547545238342,-11.206583938914742,0.0,33.61975181674423,28.525642635715027,0.0
33.100000000001984,-3.638775904844815,-3.2801387035186176,6.0,9.840416110555852,-10.916327714534445,0.0,32.74898314360334,29.521248331667557,0.0
33.11000000000198,-3.538749177347027,-3.387809655194007,6.0,10.163428965582021,-10.616247532041081,0.0,31.848742596123245,30.490286896746063,0.0
33.12000000000198,-3.43553781444803,-3.4924318068500133,6.0,10.47729542055004,-10.306613443344089,0.0,30.91984033003227,31.43188626165012,0.0
33.13000000000198,-3.329234699407875,-3.5939110056119294,6.0,10.781733016835789,-9.987704098223626,0.0,29.96311229467088,32.34519905050737,0.0
33.140000000001976,-3.219935497854854,-3.6921559270505098,6.0,11.076467781151528,-9.659806493564561,0.0,28.979419480693682,33.22940334345459,0.0
33.150000000001974,-3.1077385716928885,-3.7870781573677936,6.0,11.36123447210338,-9.323215715078666,0.0,27.969647145236,34.08370341631014,0.0
33.16000000000197,-2.99274489058246,-3.878592272963552,6.0,11.635776818890657,-8.97823467174738,0.0,26.93470401524214,34.90733045667197,0.0
33.17000000000197,-2.875057941074727,-3.966615917310768,6.0,11.899847751932304,-8.62517382322418,0.0,25.875521469672545,35.69954325579691,0.0
33.18000000000197,-2.7547836334806157,-4.051069875070946,6.0,12.153209625212838,-8.264350900441846,0.0,24.79305270132554,36.459628875638515,0.0
33.190000000001966,-2.6320302065586887,-4.131878143382574,6.0,12.395634430147721,-7.896090619676066,0.0,23.6882718590282,37.18690329044316,0.0
33.200000000001964,-2.506908130107568,-4.208968000258563,6.0,12.62690400077569,-7.5207243903227035,0.0,22.562173170968112,37.88071200232707,0.0
33.21000000000196,-2.379530005550572,-4.282270070031139,6.0,12.846810210093416,-7.138590016651716,0.0,21.41577004995515,38.54043063028025,0.0
33.22000000000196,-2.2500104646020374,-4.351718385785243,6.0,13.055155157355728,-6.750031393806113,0.0,20.25009418141834,39.16546547206718,0.0
33.23000000000196,-2.1184660661065116,-4.417250448724319,6.0,13.251751346172956,-6.355398198319534,0.0,19.066194594958606,39.75525403851887,0.0
33.240000000001956,-1.9850151911436589,-4.478807284415003,6.0,13.43642185324501,-5.955045573430977,0.0,17.86513672029293,40.30926555973503,0.0
33.250000000001954,-1.8497779364932827,-4.536333495860137,6.0,13.60900048758041,-5.549333809479848,0.0,16.648001428439546,40.82700146274124,0.0
33.26000000000195,-1.7128760065563275,-4.58977731335232,6.0,13.769331940056961,-5.138628019668983,0.0,15.415884059006949,41.30799582017088,0.0
33.27000000000195,-1.5744326038291334,-4.639090641063161,6.0,13.917271923189483,-4.7232978114874005,0.0,14.169893434462201,41.75181576956845,0.0
33.28000000000195,-1.4345723180295054,-4.684229100326269,6.0,14.052687300978807,-4.303716954088515,0.0,12.911150862265547,42.158061902936424,0.0
33.290000000001946,-1.2934210139743774,-4.725152069575062,6.0,14.175456208725185,-3.8802630419231323,0.0,11.640789125769397,42.526368626175554,0.0
33.300000000001944,-1.1511057183099715,-4.761822720899433,6.0,14.285468162698299,-3.4533171549299144,0.0,10.359951464789743,42.8564044880949,0.0
33.31000000000194,-1.0077545051963919,-4.7942080531883855,6.0,14.382624159565156,-3.0232635155891754,0.0,9.069790546767527,43.14787247869547,0.0
33.32000000000194,-0.8634963810495235,-4.822278921828804,6.0,14.466836765486413,-2.5904891431485706,0.0,7.771467429445712,43.40051029645924,0.0
33.33000000000194,-0.7184611684439679,-4.846010064933638,6.0,14.538030194800914,-2.155383505331904,0.0,6.466150515995712,43.614090584402746,0.0
33.340000000001936,-0.5727793892814866,-4.865380126075898,6.0,14.596140378227695,-1.7183381678444598,0.0,5.15501450353338,43.788421134683084,0.0
33.350000000001934,-0.4265821473301009,-4.880371673507995,6.0,14.641115020523987,-1.2797464419903026,0.0,3.839239325970908,43.923345061571965,0.0
33.36000000000193,-0.28000101023954915,-4.890971215849142,6.0,14.672913647547425,-0.8400030307186475,0.0,2.5200090921559424,44.018740942642275,0.0
33.37000000000193,-0.133167891139283,-4.897169214226675,6.0,14.691507642680026,-0.39950367341784904,0.0,1.1985110202535472,44.07452292804008,0.0
33.38000000000193,0.013785070074445483,-4.8989600908604105,6.0,14.69688027258123,0.04135521022333645,0.0,-0.12406563067000936,44.09064081774369,0.0
33.390000000001926,0.1607256256555713,-4.896342234082256,6.0,14.68902670224677,0.48217687696671396,0.0,-1.446530630900142,44.067080106740306,0.0
33.400000000001924,0.30752153902226137,-4.889317999786614,6.0,14.667953999359842,0.9225646170667842,0.0,-2.7676938512003524,44.00386199807953,0.0
33.41000000000192,0.45404070376091255,-4.877893709310228,6.0,14.633681127930682,1.3621221112827375,0.0,-4.086366333848213,43.90104338379205,0.0
33.42000000000192,0.6001512625130069,-4.862079643743409,6.0,14.586238931230229,1.8004537875390207,0.0,-5.401361362617062,43.75871679369069,0.0
33.43000000000192,0.7457217256378346,-4.8418900346777525,6.0,14.525670104033257,2.237165176913504,0.0,-6.711495530740511,43.57701031209977,0.0
33.440000000001916,0.8906210895442944,-4.817343051398658,6.0,14.452029154195973,2.671863268632883,0.0,-8.01558980589865,43.35608746258792,0.0
33.450000000001914,1.0347189545852844,-4.788460784534205,6.0,14.365382353602614,3.104156863755853,0.0,-9.31247059126756,43.096147060807844,0.0
33.46000000000191,1.177885642408582,-4.755269226175077,6.0,14.265807678525233,3.5336569272257456,0.0,-10.600970781677237,42.7974230355757,0.0
33.47000000000191,1.319992312658607,-4.717798246483436,6.0,14.153394739450306,3.959976937975821,0.0,-11.879930813927464,42.460184218350925,0.0
33.48000000000191,1.4609110789240476,-4.676081566811786,6.0,14.028244700435359,4.382733236772143,0.0,-13.14819971031643,42.084734101306076,0.0
33.490000000001906,1.6005151238269961,-4.6301567293560435,6.0,13.890470188068129,4.801545371480988,0.0,-14.404636114442965,41.67141056420439,0.0
33.500000000001904,1.7386788131500297,-4.580065063370083,6.0,13.740195190110247,5.2160364394500895,0.0,-15.648109318350269,41.22058557033075,0.0
33.5100000000019,1.8752778088985276,-4.525851647972206,6.0,13.577554943916619,5.625833426695583,0.0,-16.87750028008675,40.73266483174986,0.0
33.5200000000019,2.0101891811964716,-4.467565271576976,6.0,13.402695814730928,6.030567543589415,0.0,-18.091702630768243,40.208087444192785,0.0
33.5300000000019,2.143291518915037,-4.405258387988935,6.0,13.215775163966805,6.429874556745112,0.0,-19.289623670235336,39.64732549190042,0.0
33.540000000001896,2.2744650389344168,-4.338987069197724,6.0,13.016961207593173,6.823395116803251,0.0,-20.470185350409754,39.05088362277952,0.0
33.550000000001894,2.4035916939405397,-4.268810954917076,6.0,12.80643286475123,7.21077508182162,0.0,-21.63232524546486,38.41929859425369,0.0
33.56000000000189,2.5305552786596888,-4.194793198913098,6.0,12.584379596739295,7.591665835979065,0.0,-22.774997507937197,37.75313879021788,0.0
33.57000000000189,2.6552415344354,-4.117000412170144,6.0,12.351001236510433,7.9657246033062,0.0,-23.897173809918602,37.0530037095313,0.0
33.58000000000189,2.7775382520535463,-4.035502602945428,6.0,12.106507808836284,8.33261475616064,0.0,-24.99784426848192,36.31952342650885,0.0
33.590000000001886,2.8973353727230515,-3.9503731137663145,6.0,11.851119341298944,8.692006118169155,0.0,-26.076018354507465,35.553358023896834,0.0
33.600000000001884,3.014525087121377,-3.8616885554269973,6.0,11.585065666280991,9.043575261364131,0.0,-27.130725784092395,34.755196998842976,0.0
33.61000000000188,3.129001932415632,-3.769528738043953,6.0,11.308586214131859,9.387005797246896,0.0,-28.16101739174069,33.92575864239558,0.0
33.62000000000188,3.240662887172007,-3.6739765992322253,6.0,11.021929797696675,9.72198866151602,0.0,-29.165965984548063,33.06578939309003,0.0
33.63000000000188,3.3494074640681095,-3.5751181294671692,6.0,10.725354388401508,10.048222392204329,0.0,-30.144667176612987,32.176063165204525,0.0
33.640000000001876,3.4551378003247715,-3.4730422946988266,6.0,10.41912688409648,10.365413400974315,0.0,-31.096240202922946,31.25738065228944,0.0
33.650000000001874,3.5577587457759465,-3.3678409562885774,6.0,10.103522868865733,10.673276237327839,0.0,-32.01982871198352,30.310568606597197,0.0
33.66000000000187,3.657177948497434,-3.259608788340113,6.0,9.778826365020338,10.971533845492301,0.0,-32.91460153647691,29.336479095061016,0.0
33.67000000000187,3.7533059379173794,-3.148443192499134,6.0,9.445329577497402,11.259917813752137,0.0,-33.77975344125642,28.335988732492208,0.0
33.68000000000187,3.846056205333749,-3.0344442102984464,6.0,9.10333263089534,11.538168616001247,0.0,-34.61450584800374,27.309997892686017,0.0
33.69000000000187,3.9353452817663235,-2.9177144331273293,6.0,8.753143299381987,11.80603584529897,0.0,-35.418107535896915,26.259429898145964,0.0
33.700000000001864,4.021092813073146,-2.7983589099062134,6.0,8.39507672971864,12.063278439219438,0.0,-36.189835317658314,25.18523018915592,0.0
33.71000000000186,4.103221632263825,-2.676485052549741,6.0,8.029455157649222,12.309664896791475,0.0,-36.928994690374424,24.088365472947668,0.0
33.72000000000186,4.1816578289446165,-2.5522025393032957,6.0,7.656607617909886,12.54497348683385,0.0,-37.634920460501554,22.96982285372966,0.0
33.73000000000186,4.256330815832794,-2.42562321603998,6.0,7.2768696481199395,12.768992447498384,0.0,-38.30697734249515,21.83060894435982,0.0
33.74000000000186,4.327173392280433,-2.2968609956068837,6.0,6.89058298682065,12.981520176841299,0.0,-38.9445605305239,20.67174896046195,0.0
33.750000000001855,4.394121804750461,-2.1660317553112067,6.0,6.49809526593362,13.182365414251382,0.0,-39.54709624275415,19.494285797800863,0.0
33.76000000000185,4.457115804190536,-2.0332532326385073,6.0,6.099759697915522,13.371347412571609,0.0,-40.114042237714834,18.299279093746566,0.0
33.77000000000185,4.516098700253132,-1.8986449192969093,6.0,5.695934757890727,13.548296100759396,0.0,-40.64488830227819,17.087804273672184,0.0
33.78000000000185,4.571017412313017,-1.7623279536826308,6.0,5.286983861047893,13.71305223693905,0.0,-41.139156710817154,15.86095158314368,0.0
33.79000000000185,4.621822517236239,-1.6244250118636063,6.0,4.873275035590819,13.865467551708715,0.0,-41.59640265512615,14.619825106772456,0.0
33.800000000001845,4.668468293857608,-1.4850601971793032,6.0,4.455180591537909,14.005404881572824,0.0,-42.016214644718474,13.365541774613728,0.0
33.81000000000184,4.710912764126662,-1.3443589285560946,6.0,4.033076785668284,14.132738292379985,0.0,-42.39821487713996,12.099230357004851,0.0
33.82000000000184,4.749117730885073,-1.2024478276386912,6.0,3.607343482916073,14.24735319265522,0.0,-42.74205957796566,10.82203044874822,0.0
33.83000000000184,4.783048812241518,-1.059454604839206,6.0,3.1783638145176183,14.349146436724554,0.0,-43.047439310173665,9.535091443552854,0.0
33.84000000000184,4.812675472513055,-0.915507944406406,6.0,2.746523833219218,14.438026417539165,0.0,-43.314079252617496,8.239571499657654,0.0
33.850000000001835,4.837971049705177,-0.7707373886185727,6.0,2.3122121658557178,14.513913149115533,0.0,-43.5417394473466,6.936636497567154,0.0
33.86000000000183,4.858912779505815,-0.6252732212041954,6.0,1.8758196636125861,14.576738338517444,0.0,-43.73021501555234,5.627458990837758,0.0
33.87000000000183,4.87548181577167,-0.4792463500954107,6.0,1.4377390502862322,14.62644544731501,0.0,-43.879336341945034,4.313217150858697,0.0
33.88000000000183,4.88766324748848,-0.33278818961969825,6.0,0.9983645688590947,14.662989742465442,0.0,-43.988969227396325,2.9950937065772845,0.0
33.89000000000183,4.897061616341499,-0.13706759556797396,6.0,0.5482703822718958,19.588246465365994,0.0,-78.35298586146398,2.1930815290875834,0.0
33.900000000001825,4.898625731259132,0.058872277397131474,6.0,-0.2354891095885259,19.59450292503653,0.0,-78.37801170014612,-0.9419564383541036,0.0
33.91000000000182,4.8923530899911745,0.25471796727715085,6.0,-1.0188718691086034,19.569412359964698,0.0,-78.27764943985879,-4.075487476434414,0.0
33.92000000000182,4.878253727425561,0.4501561627464618,6.0,-1.8006246509858472,19.513014909702243,0.0,-78.05205963880897,-7.202498603943389,0.0
33.93000000000182,4.856350199534693,0.6448742043835716,6.0,-2.5794968175342863,19.42540079813877,0.0,-77.70160319255508,-10.317987270137145,0.0
33.94000000000182,4.826677547290693,0.8385605848594943,6.0,-3.354242339437977,19.30671018916277,0.0,-77.22684075665109,-13.416969357751908,0.0
33.950000000001815,4.789283240607323,1.0309054472830257,6.0,-4.123621789132103,19.15713296242929,0.0,-76.62853184971716,-16.49448715652841,0.0
33.96000000000181,4.744227102398249,1.2216010809056708,6.0,-4.886404323622683,18.976908409592998,0.0,-75.90763363837199,-19.545617294490732,0.0
33.97000000000181,4.691581212873144,1.410342413393199,6.0,-5.641369653572796,18.766324851492577,0.0,-75.06529940597031,-22.565478614291184,0.0
33.98000000000181,4.631429794224722,1.5968274988763,6.0,-6.3873099955052,18.52571917689889,0.0,-74.10287670759556,-25.5492399820208,0.0
33.99000000000181,4.563869075891204,1.7807580009995645,6.0,-7.123032003998258,18.255476303564816,0.0,-73.02190521425926,-28.492128015993032,0.0
34.000000000001805,4.489007140609737,1.9618396701960095,6.0,-7.847358680784038,17.95602856243895,0.0,-71.8241142497558,-31.38943472313615,0.0
34.0100000000018,4.406963751507078,2.1397828144236164,6.0,-8.559131257694466,17.627855006028312,0.0,-70.51142002411325,-34.23652503077786,0.0
34.0200000000018,4.317870160504135,2.314302762610801,6.0,-9.257211050443203,17.27148064201654,0.0,-69.08592256806617,-37.02884420177281,0.0
34.0300000000018,4.221868898340895,2.4851203200694005,6.0,-9.940481280277602,16.88747559336358,0.0,-67.54990237345432,-39.76192512111041,0.0
34.0400000000018,4.119113546557639,2.6519622151466162,6.0,-10.607848860586465,16.476454186230555,0.0,-65.90581674492222,-42.43139544234586,0.0
34.050000000001795,4.00976849179725,2.814561536401364,6.0,-11.258246145605456,16.039073967189,0.0,-64.156295868756,-45.032984582421825,0.0
34.06000000000179,3.8940086628216424,2.972658159605641,6.0,-11.890632638422565,15.57603465128657,0.0,-62.30413860514628,-47.56253055369026,0.0
34.07000000000179,3.7720192506630648,3.1259991638878035,6.0,-12.503996655551214,15.088077002652259,0.0,-60.352308010609036,-50.015986622204856,0.0
34.08000000000179,3.643995412357951,3.2743392363520005,6.0,-13.097356945408002,14.575981649431805,0.0,-58.30392659772722,-52.38942778163201,0.0
34.09000000000179,3.5101419587372935,3.417441064526485,6.0,-13.66976425810594,14.040567834949174,0.0,-56.162271339796696,-54.67905703242376,0.0
34.100000000001785,3.370673026773004,3.555075716012939,6.0,-14.220302864051757,13.482692107092015,0.0,-53.93076842836806,-56.881211456207026,0.0
34.11000000000178,3.2258117370044412,3.6870230047294776,6.0,-14.74809201891791,12.903246948017765,0.0,-51.61298779207106,-58.99236807567164,0.0
34.12000000000178,3.0757898365931404,3.8130718431614086,6.0,-15.252287372645634,12.303159346372562,0.0,-49.21263738549025,-61.00914949058254,0.0
34.13000000000178,2.920847328576794,3.9330205800562243,6.0,-15.732082320224897,11.683389314307176,0.0,-46.7335572572287,-62.92832928089959,0.0
34.14000000000178,2.761232087915591,4.046677323022593,6.0,-16.186709292090374,11.044928351662364,0.0,-44.179713406649455,-64.7468371683615,0.0
34.150000000001775,2.597199464945152,4.153860245517248,6.0,-16.615440982068993,10.388797859780608,0.0,-41.55519143912243,-66.46176392827597,0.0
34.16000000000177,2.429011876870471,4.254397877728667,6.0,-17.017591510914666,9.716047507481884,0.0,-38.864190029927535,-68.07036604365867,0.0
34.17000000000177,2.256938387954362,4.348129380892197,6.0,-17.392517523568788,9.027753551817447,0.0,-36.11101420726979,-69.57007009427515,0.0
34.18000000000177,2.081254279072037,4.434904804597764,6.0,-17.739619218391056,8.325017116288148,0.0,-33.30006846515259,-70.95847687356422,0.0
34.19000000000177,1.9022406073204305,4.514585326678541,6.0,-18.058341306714166,7.608962429281722,0.0,-30.43584971712689,-72.23336522685666,0.0
34.200000000001765,1.7201837563867657,4.587043475296818,6.0,-18.348173901187273,6.880735025547063,0.0,-27.52294010218825,-73.3926956047491,0.0
34.21000000000176,1.5353749783958446,4.652163332871703,6.0,-18.608653331486813,6.141499913583378,0.0,-24.565999654333513,-74.43461332594725,0.0
34.22000000000176,1.3481099279686828,4.709840721522573,6.0,-18.839362886090292,5.392439711874731,0.0,-21.569758847498925,-75.35745154436117,0.0
34.23000000000176,1.158688189238217,4.7599833697314375,6.0,-19.03993347892575,4.634752756952868,0.0,-18.539011027811473,-76.159733915703,0.0
34.24000000000176,0.9674127965786005,4.802511059957694,6.0,-19.210044239830776,3.869651186314402,0.0,-15.478604745257607,-76.8401769593231,0.0
34.250000000001755,0.7745897498148474,4.837355756969067,6.0,-19.349423027876266,3.0983589992593896,0.0,-12.393435997037558,-77.39769211150507,0.0
34.26000000000175,0.5805275246883908,4.864461716683477,6.0,-19.45784686673391,2.322110098753563,0.0,-9.288440395014252,-77.83138746693564,0.0
34.27000000000175,0.38553657936169927,4.88378557534768,6.0,-19.53514230139072,1.542146317446797,0.0,-6.168585269787188,-78.14056920556288,0.0
34.28000000000175,0.18992885775144613,4.895296418910016,6.0,-19.581185675640064,0.7597154310057845,0.0,-3.038861724023138,-78.32474270256026,0.0
34.29000000000175,-0.0059827095152140295,4.8989758324762995,6.0,-19.595903329905198,-0.023930838060856118,0.0,0.09572335224342447,-78.38361331962079,0.0
34.300000000001745,-0.20188470572289313,4.894817929769725,6.0,-19.5792717190789,-0.8075388228915725,0.0,3.23015529156629,-78.3170868763156,0.0
34.31000000000174,-0.39746372946785585,4.882829362547651,6.0,-19.531317450190603,-1.5898549178714234,0.0,6.359419671485694,-78.12526980076241,0.0
34.32000000000174,-0.5924068960334099,4.863029309960208,6.0,-19.45211723984083,-2.3696275841336396,0.0,9.478510336534558,-77.80846895936332,0.0
34.33000000000174,-0.7864023379387078,4.8354494478677505,6.0,-19.341797791471002,-3.1456093517548314,0.0,12.582437407019325,-77.36719116588401,0.0
34.34000000000174,-0.9791397038601884,4.800133898166235,6.0,-19.20053559266494,-3.916558815440754,0.0,15.666235261763015,-76.80214237065977,0.0
34.350000000001735,-1.1703106551274889,4.757139158201604,6.0,-19.028556632806417,-4.6812426205099555,0.0,18.724970482039822,-76.11422653122567,0.0
34.36000000000173,-1.3596093589995428,4.706534010386076,6.0,-18.826136041544306,-5.438437435998171,0.0,21.753749743992685,-75.30454416617722,0.0
34.37000000000173,-1.5467329779317243,4.648399412160971,6.0,-18.593597648643883,-6.186931911726897,0.0,24.747727646907588,-74.37439059457553,0.0
34.38000000000173,-1.7313821540513186,4.582828366482058,6.0,-18.331313465928233,-6.925528616205274,0.0,27.702114464821097,-73.32525386371293,0.0
34.39000000000173,-1.9132614880662573,4.509925773034683,6.0,-18.039703092138733,-7.653045952265029,0.0,30.612183809060117,-72.15881236855493,0.0
34.400000000001725,-2.0920800118409715,4.429808260416638,6.0,-17.719233041666552,-8.368320047363886,0.0,33.473280189455544,-70.87693216666621,0.0
34.41000000000172,-2.2675516538833396,4.3426039995572845,6.0,-17.370415998229138,-9.070206615533358,0.0,36.28082646213343,-69.48166399291655,0.0
34.42000000000172,-2.4393956969980466,4.248452498671417,6.0,-16.99380999468567,-9.757582787992186,0.0,39.030331151968745,-67.97523997874268,0.0
34.43000000000172,-2.607337227374217,4.14750438007587,6.0,-16.59001752030348,-10.429348909496868,0.0,41.71739563798747,-66.36007008121392,0.0
34.44000000000172,-2.7711075743888642,4.039921139225945,6.0,-16.15968455690378,-11.084430297555457,0.0,44.33772119022183,-64.63873822761512,0.0
34.450000000001715,-2.9304447404225757,3.9258748863571364,6.0,-15.703499545428546,-11.721778961690303,0.0,46.88711584676121,-62.81399818171418,0.0
34.46000000000171,-3.0850938199998135,3.8055480711454632,6.0,-15.222192284581853,-12.340375279999254,0.0,49.361501119997016,-60.88876913832741,0.0
34.47000000000171,-3.234807407583297,3.679133190826913,6.0,-14.716532763307653,-12.939229630333188,0.0,51.75691852133275,-58.86613105323061,0.0
34.48000000000171,-3.3793459933700896,3.5468324822429267,6.0,-14.187329928971707,-13.517383973480358,0.0,54.06953589392143,-56.74931971588683,0.0
34.49000000000171,-3.5184783464561846,3.408857598304592,6.0,-13.635430393218368,-14.073913385824738,0.0,56.295653543298954,-54.54172157287347,0.0
34.500000000001705,-3.6519818847566308,3.2654292693931377,6.0,-13.06171707757255,-14.607927539026523,0.0,58.43171015610609,-52.2468683102902,0.0
34.5100000000017,-3.779643031089383,3.116776950238412,6.0,-12.467107800953649,-15.118572124357533,0.0,60.47428849743013,-49.868431203814595,0.0
34.5200000000017,-3.901257554853234,2.963138452840258,6.0,-11.852553811361032,-15.605030219412937,0.0,62.42012087765175,-47.41021524544413,0.0
34.5300000000017,-4.016630898753211,2.804759566020049,6.0,-11.219038264080195,-16.066523595012843,0.0,64.26609438005137,-44.87615305632078,0.0
34.5400000000017,-4.125578490050739,2.6418936622110025,6.0,-10.56757464884401,-16.502313960202954,0.0,66.00925584081182,-42.27029859537604,0.0
34.550000000001695,-4.227926035840657,2.47480129211634,6.0,-9.89920516846536,-16.911704143362627,0.0,67.64681657345051,-39.59682067386144,0.0
34.56000000000169,-4.323509801882678,2.3037497678837426,6.0,-9.21499907153497,-17.294039207530712,0.0,69.17615683012285,-36.85999628613988,0.0
34.57000000000169,-4.412176874541253,2.1290127354629362,6.0,-8.516050941851745,-17.648707498165013,0.0,70.59482999266005,-34.06420376740698,0.0
34.58000000000169,-4.49378540541476,1.9508697368305492,6.0,-7.803478947322197,-17.97514162165904,0.0,71.90056648663617,-31.213915789288787,0.0
34.59000000000169,-4.568204838262693,1.76960576278258,6.0,-7.07842305113032,-18.27281935305077,0.0,73.09127741220308,-28.31369220452128,0.0
34.600000000001685,-4.635316117867795,1.5855107970099203,6.0,-6.342043188039681,-18.54126447147118,0.0,74.16505788588472,-25.368172752158724,0.0
34.61000000000168,-4.695011880499005,1.398879352186308,6.0,-5.595517408745232,-18.78004752199602,0.0,75.12019008798408,-22.38206963498093,0.0
34.62000000000168,-4.747196625670534,1.210009998810877,6.0,-4.840039995243508,-18.988786502682135,0.0,75.95514601072854,-19.360159980974032,0.0
34.63000000000168,-4.791786868922255,1.019204887559047,6.0,-4.076819550236188,-19.16714747568902,0.0,76.66858990275608,-16.30727820094475,0.0
34.64000000000168,-4.828711275377046,0.8267692659059022,6.0,-3.3070770636236086,-19.314845101508183,0.0,77.25938040603273,-13.228308254494435,0.0
34.650000000001675,-4.857910773861364,0.6330109897953444,6.0,-2.5320439591813777,-19.431643095445455,0.0,77.72657238178182,-10.12817583672551,0.0
34.66000000000167,-4.879338651406529,0.4382400311362562,6.0,-1.7529601245450248,-19.517354605626117,0.0,78.06941842250447,-7.011840498180099,0.0
34.67000000000167,-4.892960627979507,0.24276798191357038,6.0,-0.9710719276542815,-19.571842511918028,0.0,78.28737004767211,-3.884287710617126,0.0
34.68000000000167,-4.898754911323645,0.04690755570756343,6.0,-0.1876302228302537,-19.59501964529458,0.0,78.38007858117832,-0.7505208913210148,0.0
34.69000000000167,-4.896712231821643,-0.14902791258116413,6.0,0.5961116503246565,-19.58684892728657,0.0,78.34739570914628,2.384446601298626,0.0
34.700000000001666,-4.886835857324954,-0.3447249680006875,6.0,1.37889987200275,-19.547343429299815,0.0,78.18937371719926,5.515599488011,0.0
34.71000000000166,-4.8691415879259266,-0.539870537008814,6.0,2.159482148035256,-19.476566351703706,0.0,77.90626540681482,8.637928592141025,0.0
34.72000000000166,-4.843657730681021,-0.7341524283239652,6.0,2.936609713295861,-19.374630922724084,0.0,77.49852369089633,11.746438853183443,0.0
34.73000000000166,-4.810425054325565,-0.9272598323646294,6.0,3.7090393294585176,-19.24170021730226,0.0,76.96680086920904,14.83615731783407,0.0
34.74000000000166,-4.769496724052466,-1.1188838184783907,6.0,4.475535273913563,-19.077986896209865,0.0,76.31194758483946,17.90214109565425,0.0
34.750000000001656,-4.720938216459252,-1.308717829165071,6.0,5.234871316660284,-18.883752865837007,0.0,75.53501146334803,20.939485266641135,0.0
34.760000000001654,-4.664827214799474,-1.496458170503333,6.0,5.985832682013332,-18.659308859197896,0.0,74.63723543679158,23.94333072805333,0.0
34.77000000000165,-4.6012534847060795,-1.681804497996173,6.0,6.727217991984692,-18.405013938824318,0.0,73.62005575529727,26.90887196793877,0.0
34.78000000000165,-4.530318730585545,-1.8644602970580433,6.0,7.457841188232173,-18.12127492234218,0.0,72.48509968936872,29.831364752928692,0.0
34.79000000000165,-4.452136432912525,-2.0441333573749367,6.0,8.176533429499747,-17.8085457316501,0.0,71.2341829266004,32.70613371799899,0.0
34.800000000001646,-4.366831666685294,-2.220536240378556,6.0,8.882144961514223,-17.467326666741176,0.0,69.8693066669647,35.52857984605689,0.0
34.810000000001644,-4.274540901332437,-2.393386739086701,6.0,9.573546956346805,-17.09816360532975,0.0,68.392654421319,38.29418782538722,0.0
34.82000000000164,-4.175411782390871,-2.5624083295742475,6.0,10.24963331829699,-16.701647129563483,0.0,66.80658851825393,40.99853327318796,0.0
34.83000000000164,-4.069602895304485,-2.72733061335243,6.0,10.90932245340972,-16.27841158121794,0.0,65.11364632487177,43.63728981363888,0.0
34.84000000000164,-3.9572835117212604,-2.887889749948748,6.0,11.551558999794992,-15.829134046885041,0.0,63.316536187540166,46.20623599917997,0.0
34.850000000001636,-3.838633318694738,-3.043828878995437,6.0,12.175315515981747,-15.354533274778952,0.0,61.418133099115806,48.70126206392699,0.0
34.860000000001634,-3.7138421312230694,-3.1948985311512614,6.0,12.779594124605046,-14.855368524892278,0.0,59.42147409956911,51.11837649842018,0.0
34.87000000000163,-3.583109588585509,-3.3408570271992453,6.0,13.363428108796981,-14.332438354342036,0.0,57.329753417368146,53.453712435187924,0.0
34.88000000000163,-3.4466448349621563,-3.481470864681864,6.0,13.925883458727457,-13.786579339848625,0.0,55.1463173593945,55.70353383490983,0.0
34.89000000000163,-3.3046661848478793,-3.616515091455165,6.0,14.46606036582066,-13.218664739391517,0.0,52.87465895756607,57.86424146328264,0.0
34.900000000001626,-3.1574007737956986,-3.7457736655642075,6.0,14.98309466225683,-12.629603095182794,0.0,50.51841238073118,59.93237864902732,0.0
34.910000000001624,-3.005084195048351,-3.869039800864111,6.0,15.476159203456444,-12.020336780193404,0.0,48.081347120773614,61.904636813825775,0.0
34.92000000000162,-2.847960122639363,-3.986116297833768,6.0,15.944465191335071,-11.391840490557453,0.0,45.56736196222981,63.777860765340286,0.0
34.93000000000162,-2.6862799215665745,-4.096815859053013,6.0,16.387263436212052,-10.745119686266298,0.0,42.98047874506519,65.54905374484821,0.0
34.94000000000162,-2.5203022456617643,-4.200961388838543,6.0,16.803845555354172,-10.081208982647057,0.0,40.32483593058823,67.21538222141669,0.0
34.950000000001616,-2.350292623799699,-4.2983862765592304,6.0,17.193545106236922,-9.401170495198796,0.0,37.604681980795185,68.77418042494769,0.0
34.960000000001614,-2.1765230351085725,-4.388934663177587,6.0,17.55573865271035,-8.70609214043429,0.0,34.82436856173716,70.2229546108414,0.0
34.97000000000161,-1.999271473861422,-4.472461690590985,6.0,17.88984676236394,-7.997085895445688,0.0,31.98834358178275,71.55938704945576,0.0
34.98000000000161,-1.8188215047445933,-4.54883373337371,6.0,18.19533493349484,-7.275286018978373,0.0,29.101144075913492,72.78133973397937,0.0
34.99000000000161,-1.635461809214733,-4.617928612549145,6.0,18.47171445019658,-6.541847236858932,0.0,26.16738894743573,73.88685780078632,0.0
35.000000000001606,-1.4494857236700405,-4.679635791050061,6.0,18.718543164200245,-5.797942894680162,0.0,23.191771578720648,74.87417265680098,0.0
35.010000000001604,-1.2611907701746046,-4.733856550554356,6.0,18.935426202217425,-5.044763080698418,0.0,20.179052322793673,75.7417048088697,0.0
35.0200000000016,-1.0708781804865706,-4.780504149413299,6.0,19.122016597653197,-4.283512721946282,0.0,17.13405088778513,76.48806639061279,0.0
35.0300000000016,-0.8788524141515855,-4.819503961419674,6.0,19.278015845678695,-3.515409656606342,0.0,14.061638626425369,77.11206338271478,0.0
35.0400000000016,-0.6854206714324733,-4.850793595193785,6.0,19.40317438077514,-2.7416826857298933,0.0,10.966730742919573,77.61269752310056,0.0
35.050000000001596,-0.4908924018543471,-4.874322993996363,6.0,19.49729197598545,-1.9635696074173885,0.0,7.854278429669554,77.9891679039418,0.0
35.060000000001594,-0.29557880915138096,-4.890054515808658,6.0,19.560218063234633,-1.1823152366055238,0.0,4.729260946422095,78.24087225293853,0.0
35.07000000000159,-0.09979235340722217,-4.89796299355165,6.0,19.5918519742066,-0.3991694136288887,0.0,1.5966776545155548,78.3674078968264,0.0
35.08000000000159,0.09615374881448822,-4.898035775348004,6.0,19.592143101392015,0.3846149952579529,0.0,-1.5384599810318116,78.36857240556806,0.0
35.09000000000159,0.29194602554980115,-4.890272744762369,6.0,19.561090979049474,1.1677841021992046,0.0,-4.671136408796818,78.2443639161979,0.0
35.100000000001586,0.48727125092273144,-4.874686320987658,6.0,19.498745283950633,1.9490850036909257,0.0,-7.796340014763703,77.99498113580253,0.0
35.110000000001584,0.6818169462398413,-4.851301438976986,6.0,19.405205755907943,2.7272677849593654,0.0,-10.909071139837462,77.62082302363177,0.0
35.12000000000158,0.8752718798894917,-4.820155509553059,6.0,19.280622038212236,3.501087519557967,0.0,-14.004350078231868,77.12248815284894,0.0
35.13000000000158,1.0673265652460278,-4.781298359558845,6.0,19.12519343823538,4.269306260984111,0.0,-17.077225043936444,76.50077375294153,0.0
35.14000000000158,1.25767375578236,-4.734792152145254,6.0,18.939168608581017,5.03069502312944,0.0,-20.12278009251776,75.75667443432407,0.0
35.150000000001576,1.4460089365988658,-4.6807112873233505,6.0,18.722845149293402,5.784035746395463,0.0,-23.136142985581852,74.89138059717361,0.0
35.160000000001574,1.6320308115822668,-4.619142282940214,6.0,18.476569131760854,6.528123246329067,0.0,-26.11249298531627,73.90627652704342,0.0
35.17000000000157,1.8154417854151403,-4.5501836362688355,6.0,18.200734545075342,7.261767141660561,0.0,-29.047068566642245,72.80293818030137,0.0
35.18000000000157,1.995948439664941,-4.473945666433498,6.0,17.895782665733993,7.983793758659764,0.0,-31.935175034639055,71.58313066293597,0.0
35.19000000000157,2.173262002190902,-4.390550337922706,6.0,17.562201351690824,8.693048008763608,0.0,-34.77219203505443,70.2488054067633,0.0
35.200000000001566,2.347098809117857,-4.30013106547202,6.0,17.20052426188808,9.388395236471428,0.0,-37.55358094588571,68.80209704755232,0.0
35.210000000001564,2.5171807586379313,-4.202832500628946,6.0,16.811330002515785,10.068723034551725,0.0,-40.2748921382069,67.24532001006314,0.0
35.22000000000156,2.6832357559141062,-4.098810300341314,6.0,16.395241201365256,10.732943023656425,0.0,-42.9317720946257,65.58096480546102,0.0
35.23000000000156,2.844998148373917,-3.988230877939363,6.0,15.952923511757453,11.379992593495668,0.0,-45.51997037398267,63.81169404702981,0.0
35.24000000000156,3.002209150696897,-3.871271136909918,6.0,15.485084547639673,12.008836602787587,0.0,-48.03534641115035,61.94033819055869,0.0
35.250000000001556,3.1546172588158887,-3.748118187888547,6.0,14.992472751554187,12.618469035263555,0.0,-50.47387614105422,59.96989100621675,0.0
35.260000000001554,3.3019786522698977,-3.618969049322454,6.0,14.475876197289816,13.207914609079591,0.0,-52.831658436318364,57.903504789159264,0.0
35.27000000000155,3.4440575842648165,-3.4840303322829995,6.0,13.936121329131998,13.776230337059266,0.0,-55.10492134823706,55.74448531652799,0.0
35.28000000000155,3.5806267588180107,-3.3435179099320558,6.0,13.374071639728223,14.322507035272043,0.0,-57.29002814108817,53.49628655891289,0.0
35.29000000000155,3.7114676943833977,-3.1976565721709984,6.0,12.790626288683994,14.845870777533591,0.0,-59.383483110134364,51.162505154735975,0.0
35.300000000001546,3.836371073375317,-3.0466796660248208,6.0,12.186718664099283,15.345484293501269,0.0,-61.381937174005074,48.74687465639713,0.0
35.310000000001544,3.9551370770320147,-2.890828722336667,6.0,11.563314889346668,15.820548308128059,0.0,-63.282193232512235,46.25325955738667,0.0
35.32000000000154,4.067575705083036,-2.7303530693700098,6.0,10.921412277480039,16.270302820332144,0.0,-65.08121128132858,43.685649109920156,0.0
35.33000000000154,4.173507079709128,-2.5655094339366165,6.0,10.262037735746466,16.694028318836512,0.0,-66.77611327534605,41.04815094298586,0.0
35.34000000000154,4.272761733308377,-2.3965615306884143,6.0,9.586246122753657,17.091046933233507,0.0,-68.36418773293403,38.34498449101463,0.0
35.350000000001536,4.36518087960822,-2.2237796402303016,6.0,8.895118560921206,17.46072351843288,0.0,-69.84289407373151,35.580474243684826,0.0
35.360000000001534,4.4506166676896095,-2.047440176728842,6.0,8.189760706915369,17.802466670758438,0.0,-71.20986668303375,32.759042827661474,0.0
35.37000000000153,4.528932418516947,-1.8678252457085582,6.0,7.471300982834233,18.115729674067786,0.0,-72.46291869627115,29.88520393133693,0.0
35.38000000000153,4.600002843595377,-1.6852221927432744,6.0,6.740888770973098,18.400011374381506,0.0,-73.60004549752603,26.96355508389239,0.0
35.39000000000153,4.663714245405655,-1.4999231437644949,6.0,5.9996925750579795,18.65485698162262,0.0,-74.61942792649047,23.998770300231918,0.0
35.400000000001526,4.719964699295925,-1.3122245377222304,6.0,5.248898150888921,18.8798587971837,0.0,-75.5194351887348,20.995592603555686,0.0
35.410000000001524,4.768664216539422,-1.122426652345914,6.0,4.489706609383656,19.07465686615769,0.0,-76.29862746463075,17.958826437534626,0.0
35.42000000000152,4.809734888297231,-0.9308331237640928,6.0,3.723332495056371,19.238939553188924,0.0,-76.9557582127557,14.893329980225484,0.0
35.43000000000152,4.843111010255815,-0.737750460751391,6.0,2.951001843005564,19.37244404102326,0.0,-77.48977616409304,11.804007372022255,0.0
35.44000000000152,4.8687391877399016,-0.5434875543798579,6.0,2.1739502175194314,19.474956750959606,0.0,-77.89982700383842,8.695800870077726,0.0
35.450000000001516,4.886578421132567,-0.3483551838591448,6.0,1.3934207354365793,19.54631368453027,0.0,-78.18525473812107,5.573682941746317,0.0
35.460000000001514,4.895519583016258,-0.24607860323760167,6.006666666666759,0.0,0.0,0.0,0.0,0.0,0.0
35.47000000000151,4.902317620667799,-0.14358021947230293,6.013333333333426,0.0,0.0,0.0,0.0,0.0,0.0
35.48000000000151,4.9069671673706114,-0.04090499171502745,6.020000000000093,0.0,0.0,0.0,0.0,0.0,0.0
35.49000000000151,4.909463800647449,0.06190199350049761,6.02666666666676,0.0,0.0,0.0,0.0,0.0,0.0
35.500000000001506,4.909804045237839,0.16479554211162928,6.0333333333334265,0.0,0.0,0.0,0.0,0.0,0.0
35.510000000001504,4.9079853756576055,0.26773037244856274,6.040000000000093,0.0,0.0,0.0,0.0,0.0,0.0
35.5200000000015,4.904006218338985,0.37066113521600014,6.04666666666676,0.0,0.0,0.0,0.0,0.0,0.0
35.5300000000015,4.897865953349896,0.47354243352589437,6.053333333333427,0.0,0.0,0.0,0.0,0.0,0.0
35.5400000000015,4.889564915691219,0.5763288429723967,6.060000000000094,0.0,0.0,0.0,0.0,0.0,0.0
35.550000000001496,4.879104396171039,0.67897493174011,6.066666666666761,0.0,0.0,0.0,0.0,0.0,0.0
35.560000000001494,4.866486641855048,0.7814352807367249,6.073333333333427,0.0,0.0,0.0,0.0,0.0,0.0
35.57000000000149,4.85171485609247,0.8836645037410954,6.080000000000094,0.0,0.0,0.0,0.0,0.0,0.0
35.58000000000149,4.8347931981170555,0.9856172675577983,6.086666666666761,0.0,0.0,0.0,0.0,0.0,0.0
35.59000000000149,4.8157267822229,1.0872483121692043,6.093333333333428,0.0,0.0,0.0,0.0,0.0,0.0
35.60000000000149,4.79452167651502,1.1885124708760855,6.100000000000095,0.0,0.0,0.0,0.0,0.0,0.0
35.610000000001484,4.771184901234799,1.2893646904177762,6.1066666666667615,0.0,0.0,0.0,0.0,0.0,0.0
35.62000000000148,4.745724426660627,1.3897600510629065,6.113333333333428,0.0,0.0,0.0,0.0,0.0,0.0
35.63000000000148,4.718149170584239,1.4896537866617336,6.120000000000095,0.0,0.0,0.0,0.0,0.0,0.0
35.64000000000148,4.688468995363429,1.5890013046510978,6.126666666666762,0.0,0.0,0.0,0.0,0.0,0.0
35.65000000000148,4.656694704552046,1.6877582060030543,6.133333333333429,0.0,0.0,0.0,0.0,0.0,0.0
35.660000000001475,4.622838039108324,1.7858803051082344,6.140000000000096,0.0,0.0,0.0,0.0,0.0,0.0
35.67000000000147,4.58691167318282,1.8833236495850183,6.146666666666762,0.0,0.0,0.0,0.0,0.0,0.0
35.68000000000147,4.548929209487395,1.9800445400056275,6.153333333333429,0.0,0.0,0.0,0.0,0.0,0.0
35.69000000000147,4.508905174246906,2.075999549530265,6.160000000000096,0.0,0.0,0.0,0.0,0.0,0.0
35.70000000000147,4.466855011735396,2.1711455434404745,6.166666666666763,0.0,0.0,0.0,0.0,0.0,0.0
35.710000000001465,4.422795078398829,2.265439698562912,6.17333333333343,0.0,0.0,0.0,0.0,0.0,0.0
35.72000000000146,4.376742636566554,2.3588395225747845,6.1800000000000965,0.0,0.0,0.0,0.0,0.0,0.0
35.73000000000146,4.328715847753881,2.4513028731822275,6.186666666666763,0.0,0.0,0.0,0.0,0.0,0.0
35.74000000000146,4.278733765558356,2.5427879771629676,6.19333333333343,0.0,0.0,0.0,0.0,0.0,0.0
35.75000000000146,4.226816328152457,2.6332534492646484,6.200000000000097,0.0,0.0,0.0,0.0,0.0,0.0
35.760000000001455,4.172984350375694,2.722658310950274,6.206666666666764,0.0,0.0,0.0,0.0,0.0,0.0
35.77000000000145,4.117259515429189,2.8109620089822496,6.213333333333431,0.0,0.0,0.0,0.0,0.0,0.0
35.78000000000145,4.059664366176049,2.8981244338366157,6.2200000000000975,0.0,0.0,0.0,0.0,0.0,0.0
35.79000000000145,4.000222296051026,2.984105937939086,6.226666666666764,0.0,0.0,0.0,0.0,0.0,0.0
35.80000000000145,3.9389575395830905,3.0688673537146003,6.233333333333431,0.0,0.0,0.0,0.0,0.0,0.0
35.810000000001445,3.8758951625347704,3.1523700114421773,6.240000000000098,0.0,0.0,0.0,0.0,0.0,0.0
35.82000000000144,3.8110610516622603,3.234575756906925,6.246666666666765,0.0,0.0,0.0,0.0,0.0,0.0
35.83000000000144,3.7444819041004616,3.3154469688411403,6.2533333333334316,0.0,0.0,0.0,0.0,0.0,0.0
35.84000000000144,3.676185216377334,3.3949465761465416,6.260000000000098,0.0,0.0,0.0,0.0,0.0,0.0
35.85000000000144,3.606199273062049,3.4730380748897365,6.266666666666765,0.0,0.0,0.0,0.0,0.0,0.0
35.860000000001435,3.5345531350516515,3.549685545063149,6.273333333333432,0.0,0.0,0.0,0.0,0.0,0.0
35.87000000000143,3.461276627501076,3.624853667103705,6.280000000000099,0.0,0.0,0.0,0.0,0.0,0.0
35.88000000000143,3.386400327401533,3.6985077381616844,6.286666666666766,0.0,0.0,0.0,0.0,0.0,0.0
35.89000000000143,3.3099555508124516,3.770613688112264,6.2933333333334325,0.0,0.0,0.0,0.0,0.0,0.0
35.90000000000143,3.2319743397523086,3.841138095302358,6.300000000000099,0.0,0.0,0.0,0.0,0.0,0.0
35.910000000001425,3.152489448753837,3.9100482020254934,6.306666666666766,0.0,0.0,0.0,0.0,0.0,0.0
35.92000000000142,3.0715343310892784,3.9773119297175663,6.313333333333433,0.0,0.0,0.0,0.0,0.0,0.0
35.93000000000142,2.9891431246714664,4.04289789386644,6.3200000000001,0.0,0.0,0.0,0.0,0.0,0.0
35.94000000000142,2.905350637636702,4.106775418628473,6.326666666666767,0.0,0.0,0.0,0.0,0.0,0.0
35.95000000000142,2.8201923336155192,4.168914551145176,6.333333333333433,0.0,0.0,0.0,0.0,0.0,0.0
35.960000000001415,2.7337043166975867,4.2292860755533415,6.3400000000001,0.0,0.0,0.0,0.0,0.0,0.0
35.97000000000141,2.6459233160971323,4.287861526682108,6.346666666666767,0.0,0.0,0.0,0.0,0.0,0.0
35.98000000000141,2.556886670525421,4.344613203430562,6.353333333333434,0.0,0.0,0.0,0.0,0.0,0.0
35.99000000000141,2.4666323122769445,4.39951418181959,6.360000000000101,0.0,0.0,0.0,0.0,0.0,0.0
36.00000000000141,2.3751987510361245,4.452538327711903,6.3666666666667675,0.0,0.0,0.0,0.0,0.0,0.0
36.010000000001405,2.2826250574114604,4.503660309194185,6.373333333333434,0.0,0.0,0.0,0.0,0.0,0.0
36.0200000000014,2.1889508462041736,4.552855608615591,6.380000000000101,0.0,0.0,0.0,0.0,0.0,0.0
36.0300000000014,2.094216259418534,4.600100534276845,6.386666666666768,0.0,0.0,0.0,0.0,0.0,0.0
36.0400000000014,1.9984619490211746,4.6453722317644495,6.393333333333435,0.0,0.0,0.0,0.0,0.0,0.0
36.0500000000014,1.9017290594568126,4.6886486949245745,6.400000000000102,0.0,0.0,0.0,0.0,0.0,0.0
36.060000000001395,1.8040592099279176,4.729908776471416,6.406666666666768,0.0,0.0,0.0,0.0,0.0,0.0
36.07000000000139,1.705494476445982,4.769132198224955,6.413333333333435,0.0,0.0,0.0,0.0,0.0,0.0
36.08000000000139,1.6060773736621452,4.806299560973173,6.420000000000102,0.0,0.0,0.0,0.0,0.0,0.0
36.09000000000139,1.5058508364850465,4.841392353954011,6.426666666666769,0.0,0.0,0.0,0.0,0.0,0.0
36.10000000000139,1.4048582014938678,4.874392963952451,6.433333333333436,0.0,0.0,0.0,0.0,0.0,0.0
36.110000000001385,1.303143188154637,4.9052846840083175,6.4400000000001025,0.0,0.0,0.0,0.0,0.0,0.0
36.12000000000138,1.2007498798479503,4.93405172173055,6.446666666666769,0.0,0.0,0.0,0.0,0.0,0.0
36.13000000000138,1.0977227047163742,4.960679207213858,6.453333333333436,0.0,0.0,0.0,0.0,0.0,0.0
36.14000000000138,0.9941064163398589,4.985153200553854,6.460000000000103,0.0,0.0,0.0,0.0,0.0,0.0
36.15000000000138,0.8899460742475993,5.007460698956945,6.46666666666677,0.0,0.0,0.0,0.0,0.0,0.0
36.160000000001375,0.7852870242748459,5.0275896434414085,6.473333333333437,0.0,0.0,0.0,0.0,0.0,0.0
36.17000000000137,0.6801748787732492,5.045528925126305,6.4800000000001035,0.0,0.0,0.0,0.0,0.0,0.0
36.18000000000137,0.5746554966834002,5.061268391105004,6.48666666666677,0.0,0.0,0.0,0.0,0.0,0.0
36.19000000000137,0.46877496347828695,5.0747988499003265,6.493333333333437,0.0,0.0,0.0,0.0,0.0,0.0
36.20000000000137,0.3625795709864672,5.08611207649848,6.500000000000104,0.0,0.0,0.0,0.0,0.0,0.0
36.210000000001365,0.2561157971038074,5.095200816959128,6.506666666666771,0.0,0.0,0.0,0.0,0.0,0.0
36.22000000000136,0.14943028540270206,5.102058792599142,6.513333333333438,0.0,0.0,0.0,0.0,0.0,0.0
36.23000000000136,0.04256982464774084,5.1066807037477755,6.520000000000104,0.0,0.0,0.0,0.0,0.0,0.0
36.24000000000136,-0.06441867177316132,5.10906223307116,6.526666666666771,0.0,0.0,0.0,0.0,0.0,0.0
36.25000000000136,-0.17148818649310668,5.109200048464246,6.533333333333438,0.0,0.0,0.0,0.0,0.0,0.0
36.260000000001355,-0.27859161887692596,5.107091805508488,6.540000000000105,0.0,0.0,0.0,0.0,0.0,0.0
36.27000000000135,-0.38568180578911476,5.102736149493753,6.546666666666772,0.0,0.0,0.0,0.0,0.0,0.0
36.28000000000135,-0.4927115424098181,5.096132717003148,6.5533333333334385,0.0,0.0,0.0,0.0,0.0,0.0
36.29000000000135,-0.599633603089657,5.087282137059644,6.560000000000105,0.0,0.0,0.0,0.0,0.0,0.0
36.30000000000135,-0.7064007622341621,5.076186031833554,6.566666666666772,0.0,0.0,0.0,0.0,0.0,0.0
36.310000000001345,-0.8129658152085634,5.062847016910153,6.573333333333439,0.0,0.0,0.0,0.0,0.0,0.0
36.32000000000134,-0.9192815992536583,5.047268701116878,6.580000000000106,0.0,0.0,0.0,0.0,0.0,0.0
36.33000000000134,-1.0253010144034789,5.029455685909787,6.586666666666773,0.0,0.0,0.0,0.0,0.0,0.0
36.34000000000134,-1.130977044395457,5.009413564319108,6.593333333333439,0.0,0.0,0.0,0.0,0.0,0.0
36.35000000000134,-1.2362627775637898,4.987148919453949,6.600000000000106,0.0,0.0,0.0,0.0,0.0,0.0
36.360000000001335,-1.3411114277067033,4.962669322566393,6.606666666666773,0.0,0.0,0.0,0.0,0.0,0.0
36.37000000000133,-1.4454763549183172,4.935983330675441,6.61333333333344,0.0,0.0,0.0,0.0,0.0,0.0
36.38000000000133,-1.549311086375813,4.907100483751421,6.620000000000107,0.0,0.0,0.0,0.0,0.0,0.0
36.39000000000133,-1.6525693370726344,4.876031301461713,6.6266666666667735,0.0,0.0,0.0,0.0,0.0,0.0
36.40000000000133,-1.7552050304884494,4.842787279478813,6.63333333333344,0.0,0.0,0.0,0.0,0.0,0.0
36.410000000001325,-1.857172319186627,4.807380885351961,6.640000000000107,0.0,0.0,0.0,0.0,0.0,0.0
36.42000000000132,-1.9584256053300122,4.7698255539437575,6.646666666666774,0.0,0.0,0.0,0.0,0.0,0.0
36.43000000000132,-2.0589195611058067,4.730135682433395,6.653333333333441,0.0,0.0,0.0,0.0,0.0,0.0
36.44000000000132,-2.1586091490503834,4.688326624888289,6.660000000000108,0.0,0.0,0.0,0.0,0.0,0.0
36.45000000000132,-2.257449642264923,4.644414686406143,6.666666666666774,0.0,0.0,0.0,0.0,0.0,0.0
36.460000000001315,-2.3553966445127763,4.598417116829629,6.673333333333441,0.0,0.0,0.0,0.0,0.0,0.0
36.47000000000131,-2.45240611018952,4.550352104036075,6.680000000000108,0.0,0.0,0.0,0.0,0.0,0.0
36.48000000000131,-2.548434364156705,4.500238766804747,6.686666666666775,0.0,0.0,0.0,0.0,0.0,0.0
36.49000000000131,-2.6434381214303624,4.448097147264488,6.693333333333442,0.0,0.0,0.0,0.0,0.0,0.0
36.50000000000131,-2.7373745067153856,4.393948202924692,6.7000000000001085,0.0,0.0,0.0,0.0,0.0,0.0
36.510000000001305,-2.830201073776956,4.3378137982927365,6.706666666666775,0.0,0.0,0.0,0.0,0.0,0.0
36.5200000000013,-2.921875824640266,4.279716696081241,6.713333333333442,0.0,0.0,0.0,0.0,0.0,0.0
36.5300000000013,-3.012357228609834,4.219680548008643,6.720000000000109,0.0,0.0,0.0,0.0,0.0,0.0
36.5400000000013,-3.1016042410998117,4.1577298851968205,6.726666666666776,0.0,0.0,0.0,0.0,0.0,0.0
36.5500000000013,-3.189576322266725,4.093890108169642,6.733333333333443,0.0,0.0,0.0,0.0,0.0,0.0
36.560000000001295,-3.2762334554361954,4.028187476456508,6.7400000000001095,0.0,0.0,0.0,0.0,0.0,0.0
36.57000000000129,-3.36153616531526,3.960649097805142,6.746666666666776,0.0,0.0,0.0,0.0,0.0,0.0
36.58000000000129,-3.445445535982012,3.8913029170080553,6.753333333333443,0.0,0.0,0.0,0.0,0.0,0.0
36.59000000000129,-3.527923228644339,3.820177704347291,6.76000000000011,0.0,0.0,0.0,0.0,0.0,0.0
36.60000000000129,-3.6089314991596897,3.7473030436622157,6.766666666666777,0.0,0.0,0.0,0.0,0.0,0.0
36.610000000001286,-3.688433215307826,3.672709320045319,6.773333333333444,0.0,0.0,0.0,0.0,0.0,0.0
36.62000000000128,-3.7663918738086974,3.596427707171138,6.78000000000011,0.0,0.0,0.0,0.0,0.0,0.0
36.63000000000128,-3.8427716170776143,3.5184901542635885,6.786666666666777,0.0,0.0,0.0,0.0,0.0,0.0
36.64000000000128,-3.9175372497100445,3.438929372707157,6.793333333333444,0.0,0.0,0.0,0.0,0.0,0.0
36.65000000000128,-3.9906542546884705,3.3577788223075764,6.800000000000111,0.0,0.0,0.0,0.0,0.0,0.0
36.660000000001276,-4.062088809303833,3.275072697207755,6.806666666666778,0.0,0.0,0.0,0.0,0.0,0.0
36.670000000001274,-4.131807800784241,3.1908459114649013,6.8133333333334445,0.0,0.0,0.0,0.0,0.0,0.0
36.68000000000127,-4.199778841623731,3.105134084294924,6.820000000000111,0.0,0.0,0.0,0.0,0.0,0.0
36.69000000000127,-4.265970284603994,3.017973524990376,6.826666666666778,0.0,0.0,0.0,0.0,0.0,0.0
36.70000000000127,-4.330351237502108,2.9294012175183086,6.833333333333445,0.0,0.0,0.0,0.0,0.0,0.0
36.710000000001266,-4.392891577477467,2.839454804804608,6.840000000000112,0.0,0.0,0.0,0.0,0.0,0.0
36.720000000001264,-4.453561965131217,2.7481725727114874,6.846666666666779,0.0,0.0,0.0,0.0,0.0,0.0
36.73000000000126,-4.5123338582316475,2.65559343371497,6.853333333333445,0.0,0.0,0.0,0.0,0.0,0.0
36.74000000000126,-4.569179525099147,2.561756910289339,6.860000000000112,0.0,0.0,0.0,0.0,0.0,0.0
36.75000000000126,-4.62407205764446,2.46670311800566,6.866666666666779,0.0,0.0,0.0,0.0,0.0,0.0
36.760000000001256,-4.676985384054146,2.370472748351618,6.873333333333446,0.0,0.0,0.0,0.0,0.0,0.0
36.770000000001254,-4.727894281117271,2.273107051280043,6.880000000000113,0.0,0.0,0.0,0.0,0.0,0.0
36.78000000000125,-4.7767743861875385,2.1746478174936223,6.8866666666667795,0.0,0.0,0.0,0.0,0.0,0.0
36.79000000000125,-4.82360220877522,2.075137360473423,6.893333333333446,0.0,0.0,0.0,0.0,0.0,0.0
36.80000000000125,-4.86835514176338,1.97461849825897,6.900000000000113,0.0,0.0,0.0,0.0,0.0,0.0
36.810000000001246,-4.911011472243101,1.8731345349877473,6.90666666666678,0.0,0.0,0.0,0.0,0.0,0.0
36.820000000001244,-4.951550391962523,1.7707292422020837,6.913333333333447,0.0,0.0,0.0,0.0,0.0,0.0
36.83000000000124,-4.989952007384722,1.667446839931527,6.920000000000114,0.0,0.0,0.0,0.0,0.0,0.0
36.84000000000124,-5.026197349349599,1.5633319775588879,6.92666666666678,0.0,0.0,0.0,0.0,0.0,0.0
36.85000000000124,-5.060268382335137,1.4584297144782572,6.933333333333447,0.0,0.0,0.0,0.0,0.0,0.0
36.860000000001236,-5.092148013313534,1.3527855005533886,6.940000000000114,0.0,0.0,0.0,0.0,0.0,0.0
36.870000000001234,-5.12182010019794,1.2464451563849455,6.946666666666781,0.0,0.0,0.0,0.0,0.0,0.0
36.88000000000123,-5.1492694598756374,1.139454853395193,6.953333333333448,0.0,0.0,0.0,0.0,0.0,0.0
36.89000000000123,-5.174481875823762,1.031861093738812,6.9600000000001145,0.0,0.0,0.0,0.0,0.0,0.0
36.90000000000123,-5.197444105303786,0.9237106900485967,6.966666666666781,0.0,0.0,0.0,0.0,0.0,0.0
36.910000000001226,-5.218143886131179,0.8150507450248697,6.973333333333448,0.0,0.0,0.0,0.0,0.0,0.0
36.920000000001224,-5.236569943016881,0.7059286308775407,6.980000000000115,0.0,0.0,0.0,0.0,0.0,0.0
36.93000000000122,-5.252711993477369,0.596391968629796,6.986666666666782,0.0,0.0,0.0,0.0,0.0,0.0
36.94000000000122,-5.266560753310307,0.48648860729248,6.993333333333449,0.0,0.0,0.0,0.0,0.0,0.0
36.95000000000122,-5.278107941632948,0.37626660291829506,7.0000000000001155,0.0,0.0,0.0,0.0,0.0,0.0
36.960000000001216,-5.287346285480688,0.2657741975450095,7.006666666666782,0.0,0.0,0.0,0.0,0.0,0.0
36.970000000001214,-5.294269523963297,0.15505979803691688,7.013333333333449,0.0,0.0,0.0,0.0,0.0,0.0
36.98000000000121,-5.298872411976591,0.044171954833845936,7.020000000000116,0.0,0.0,0.0,0.0,0.0,0.0
36.99000000000121,-5.301150723467536,-0.06684065938292962,7.026666666666783,0.0,0.0,0.0,0.0,0.0,0.0
37.00000000000121,-5.301101254250871,-0.17792927109849016,7.03333333333345,0.0,0.0,0.0,0.0,0.0,0.0
37.010000000001206,-5.298721824375647,-0.28904502743634247,7.040000000000116,0.0,0.0,0.0,0.0,0.0,0.0
37.020000000001204,-5.29401128004021,-0.4001390176852946,7.046666666666783,0.0,0.0,0.0,0.0,0.0,0.0
37.0300000000012,-5.286969495054362,-0.5111622948716302,7.05333333333345,0.0,0.0,0.0,0.0,0.0,0.0
37.0400000000012,-5.277597371847666,-0.6220658973670489,7.060000000000117,0.0,0.0,0.0,0.0,0.0,0.0
37.0500000000012,-5.265896842023032,-0.7328008705228173,7.066666666666784,0.0,0.0,0.0,0.0,0.0,0.0
37.060000000001196,-5.251870866454914,-0.8433182883205538,7.0733333333334505,0.0,0.0,0.0,0.0,0.0,0.0
37.070000000001194,-5.235523434931709,-0.9535692750300548,7.080000000000117,0.0,0.0,0.0,0.0,0.0,0.0
37.08000000000119,-5.21685956534206,-1.0635050268645592,7.086666666666784,0.0,0.0,0.0,0.0,0.0,0.0
37.09000000000119,-5.195885302405056,-1.1730768336238389,7.093333333333451,0.0,0.0,0.0,0.0,0.0,0.0
37.10000000000119,-5.17260771594446,-1.2822361003155025,7.100000000000118,0.0,0.0,0.0,0.0,0.0,0.0
37.110000000001186,-5.147034898707348,-1.3909343687449003,7.106666666666785,0.0,0.0,0.0,0.0,0.0,0.0
37.120000000001184,-5.119175963727693,-1.4991233390640195,7.113333333333451,0.0,0.0,0.0,0.0,0.0,0.0
37.13000000000118,-5.089041041235678,-1.6067548912697793,7.120000000000118,0.0,0.0,0.0,0.0,0.0,0.0
37.14000000000118,-5.0566412751137095,-1.7137811066421353,7.126666666666785,0.0,0.0,0.0,0.0,0.0,0.0
37.15000000000118,-5.0219888189002795,-1.820154289112433,7.133333333333452,0.0,0.0,0.0,0.0,0.0,0.0
37.160000000001176,-4.9850968313430695,-1.9258269865524678,7.140000000000119,0.0,0.0,0.0,0.0,0.0,0.0
37.170000000001174,-4.945979471502858,-2.0307520119747364,7.1466666666667855,0.0,0.0,0.0,0.0,0.0,0.0
37.18000000000117,-4.904651893410008,-2.134882464634396,7.153333333333452,0.0,0.0,0.0,0.0,0.0,0.0
37.19000000000117,-4.861130240275504,-2.2381717510234775,7.160000000000119,0.0,0.0,0.0,0.0,0.0,0.0
37.20000000000117,-4.81543163825873,-2.3405736057479567,7.166666666666786,0.0,0.0,0.0,0.0,0.0,0.0
37.210000000001166,-4.7675741897943364,-2.442042112278305,7.173333333333453,0.0,0.0,0.0,0.0,0.0,0.0
37.220000000001164,-4.717576966480788,-2.5425317235642115,7.18000000000012,0.0,0.0,0.0,0.0,0.0,0.0
37.23000000000116,-4.665460001533345,-2.6419972825042093,7.186666666666786,0.0,0.0,0.0,0.0,0.0,0.0
37.24000000000116,-4.611244281804451,-2.740394042260996,7.193333333333453,0.0,0.0,0.0,0.0,0.0,0.0
37.25000000000116,-4.554951739374687,-2.83767768641331,7.20000000000012,0.0,0.0,0.0,0.0,0.0,0.0
37.260000000001156,-4.49660524271763,-2.933804348935264,7.206666666666787,0.0,0.0,0.0,0.0,0.0,0.0
37.270000000001154,-4.436228587442181,-3.028730633994143,7.213333333333454,0.0,0.0,0.0,0.0,0.0,0.0
37.28000000000115,-4.3738464866160776,-3.1224136355577037,7.2200000000001205,0.0,0.0,0.0,0.0,0.0,0.0
37.29000000000115,-4.309484560674527,-3.2148109568021312,7.226666666666787,0.0,0.0,0.0,0.0,0.0,0.0
37.30000000000115,-4.243169326918068,-3.305880729311857,7.233333333333454,0.0,0.0,0.0,0.0,0.0,0.0
37.310000000001146,-4.17492818860396,-3.395581632062544,7.240000000000121,0.0,0.0,0.0,0.0,0.0,0.0
37.320000000001144,-4.104789423635589,-3.483872910178636,7.246666666666788,0.0,0.0,0.0,0.0,0.0,0.0
37.33000000000114,-4.032782172854525,-3.5707143934569396,7.253333333333455,0.0,0.0,0.0,0.0,0.0,0.0
37.34000000000114,-3.9589364279401202,-3.656066514647841,7.2600000000001215,0.0,0.0,0.0,0.0,0.0,0.0
37.35000000000114,-3.8832830189216456,-3.7398903274858126,7.266666666666788,0.0,0.0,0.0,0.0,0.0,0.0
37.360000000001136,-3.8058536013081596,-3.8221475244610232,7.273333333333455,0.0,0.0,0.0,0.0,0.0,0.0
37.370000000001134,-3.7266806428415,-3.902800454323914,7.280000000000122,0.0,0.0,0.0,0.0,0.0,0.0
37.38000000000113,-3.6457974098779373,-3.981812139314771,7.286666666666789,0.0,0.0,0.0,0.0,0.0,0.0
37.39000000000113,-3.5632379534042053,-4.059146292110403,7.293333333333456,0.0,0.0,0.0,0.0,0.0,0.0
37.40000000000113,-3.4790370946937914,-4.134767332480157,7.300000000000122,0.0,0.0,0.0,0.0,0.0,0.0
37.410000000001126,-3.3932304106095397,-4.208640403643647,7.306666666666789,0.0,0.0,0.0,0.0,0.0,0.0
37.420000000001124,-3.305854218558768,-4.280731388322681,7.313333333333456,0.0,0.0,0.0,0.0,0.0,0.0
37.43000000000112,-3.216945561107273,-4.351006924479977,7.320000000000123,0.0,0.0,0.0,0.0,0.0,0.0
37.44000000000112,-3.126542190258758,-4.419434420737469,7.32666666666679,0.0,0.0,0.0,0.0,0.0,0.0
37.45000000000112,-3.034682551406346,-4.485982071467038,7.3333333333334565,0.0,0.0,0.0,0.0,0.0,0.0
37.460000000001116,-2.9414057669630256,-4.55061887154672,7.340000000000123,0.0,0.0,0.0,0.0,0.0,0.0
37.470000000001114,-2.8467516196780074,-4.613314630775556,7.34666666666679,0.0,0.0,0.0,0.0,0.0,0.0
37.48000000000111,-2.7507605356461036,-4.674039987940389,7.353333333333457,0.0,0.0,0.0,0.0,0.0,0.0
37.49000000000111,-2.6534735670174237,-4.732766424528081,7.360000000000124,0.0,0.0,0.0,0.0,0.0,0.0
37.50000000000111,-2.5549323744147663,-4.789466278076763,7.366666666666791,0.0,0.0,0.0,0.0,0.0,0.0
37.51000000000111,-2.4551792090662685,-4.8441127551598715,7.373333333333457,0.0,0.0,0.0,0.0,0.0,0.0
37.520000000001104,-2.3542568946609843,-4.896679943996924,7.380000000000124,0.0,0.0,0.0,0.0,0.0,0.0
37.5300000000011,-2.2522088089351935,-4.947142826685104,7.386666666666791,0.0,0.0,0.0,0.0,0.0,0.0
37.5400000000011,-2.1490788649973815,-4.995477291045912,7.393333333333458,0.0,0.0,0.0,0.0,0.0,0.0
37.5500000000011,-2.044911492399932,-5.0416601420812945,7.400000000000125,0.0,0.0,0.0,0.0,0.0,0.0
37.5600000000011,-1.9397516179657197,-5.085669113033853,7.4066666666667915,0.0,0.0,0.0,0.0,0.0,0.0
37.570000000001095,-1.8336446463778835,-5.127482876045864,7.413333333333458,0.0,0.0,0.0,0.0,0.0,0.0
37.58000000000109,-1.726636440541184,-5.1670810524120645,7.420000000000125,0.0,0.0,0.0,0.0,0.0,0.0
37.59000000000109,-1.618773301723458,-5.204444222421305,7.426666666666792,0.0,0.0,0.0,0.0,0.0,0.0
37.60000000000109,-1.510101949485779,-5.239553934782338,7.433333333333459,0.0,0.0,0.0,0.0,0.0,0.0
37.61000000000109,-1.4006695014100472,-5.272392715629237,7.440000000000126,0.0,0.0,0.0,0.0,0.0,0.0
37.620000000001085,-1.2905234526328124,-5.302944077102063,7.4466666666667924,0.0,0.0,0.0,0.0,0.0,0.0
37.63000000000108,-1.1797116551942488,-5.3311925254986505,7.453333333333459,0.0,0.0,0.0,0.0,0.0,0.0
37.64000000000108,-1.0682822972112618,-5.357123568993489,7.460000000000126,0.0,0.0,0.0,0.0,0.0,0.0
37.65000000000108,-0.9562838818838243,-5.380723724919945,7.466666666666793,0.0,0.0,0.0,0.0,0.0,0.0
37.66000000000108,-0.8437652063436943,-5.401980526612219,7.47333333333346,0.0,0.0,0.0,0.0,0.0,0.0
37.670000000001075,-0.7307753403547582,-5.420882529803601,7.4800000000001265,0.0,0.0,0.0,0.0,0.0,0.0
37.68000000000107,-0.6173636048743167,-5.437419318577864,7.486666666666793,0.0,0.0,0.0,0.0,0.0,0.0
37.69000000000107,-0.5035795504846929,-5.45158151087072,7.49333333333346,0.0,0.0,0.0,0.0,0.0,0.0
37.70000000000107,-0.3894729357046139,-5.463360763518563,7.500000000000127,0.0,0.0,0.0,0.0,0.0,0.0
37.71000000000107,-0.27509370518987586,-5.47274977685186,7.506666666666794,0.0,0.0,0.0,0.0,0.0,0.0
37.720000000001065,-0.1604919678328608,-5.479742298830756,7.513333333333461,0.0,0.0,0.0,0.0,0.0,0.0
37.73000000000106,-0.04571797477052357,-5.484333128720701,7.5200000000001275,0.0,0.0,0.0,0.0,0.0,0.0
37.74000000000106,0.06917790268948049,-5.4865181203060525,7.526666666666794,0.0,0.0,0.0,0.0,0.0,0.0
37.75000000000106,0.18414519521481465,-5.48629418463986,7.533333333333461,0.0,0.0,0.0,0.0,0.0,0.0
37.76000000000106,0.2991333576568733,-5.483659292328202,7.540000000000128,0.0,0.0,0.0,0.0,0.0,0.0
37.770000000001055,0.41409179131179863,-5.478612475347692,7.546666666666795,0.0,0.0,0.0,0.0,0.0,0.0
37.78000000000105,0.5289698662242815,-5.471153828394931,7.553333333333462,0.0,0.0,0.0,0.0,0.0,0.0
37.79000000000105,0.6437169435242979,-5.461284509766933,7.560000000000128,0.0,0.0,0.0,0.0,0.0,0.0
37.80000000000105,0.7582823977869112,-5.449006741771725,7.566666666666795,0.0,0.0,0.0,0.0,0.0,0.0
37.81000000000105,0.8726156394052529,-5.4343238106685545,7.573333333333462,0.0,0.0,0.0,0.0,0.0,0.0
37.820000000001045,0.9866661369667752,-5.41724006613733,7.580000000000129,0.0,0.0,0.0,0.0,0.0,0.0
37.83000000000104,1.100383439622867,-5.397760920277122,7.586666666666796,0.0,0.0,0.0,0.0,0.0,0.0
37.84000000000104,1.213717199441916,-5.375892846133814,7.5933333333334625,0.0,0.0,0.0,0.0,0.0,0.0
37.85000000000104,1.3266171937358913,-5.351643375757098,7.600000000000129,0.0,0.0,0.0,0.0,0.0,0.0
37.86000000000104,1.4390333473505441,-5.325021097787339,7.606666666666796,0.0,0.0,0.0,0.0,0.0,0.0
37.870000000001035,1.5509157549093064,-5.296035654572951,7.613333333333463,0.0,0.0,0.0,0.0,0.0,0.0
37.88000000000103,1.662214703001005,-5.264697738819181,7.62000000000013,0.0,0.0,0.0,0.0,0.0,0.0
37.89000000000103,1.7728806923015026,-5.231019089769386,7.626666666666797,0.0,0.0,0.0,0.0,0.0,0.0
37.90000000000103,1.8828644596194188,-5.195012488920112,7.633333333333463,0.0,0.0,0.0,0.0,0.0,0.0
37.91000000000103,1.992116999856096,-5.15669175527148,7.64000000000013,0.0,0.0,0.0,0.0,0.0,0.0
37.920000000001025,2.1005895878700054,-5.116071740114608,7.646666666666797,0.0,0.0,0.0,0.0,0.0,0.0
37.93000000000102,2.2082338002358384,-5.073168321357951,7.653333333333464,0.0,0.0,0.0,0.0,0.0,0.0
37.94000000000102,2.31500153688854,-5.027998397394755,7.660000000000131,0.0,0.0,0.0,0.0,0.0,0.0
37.95000000000102,2.4208450426426147,-4.980579880513901,7.6666666666667975,0.0,0.0,0.0,0.0,0.0,0.0
37.96000000000102,2.52571692857706,-4.930931689856706,7.673333333333464,0.0,0.0,0.0,0.0,0.0,0.0
37.970000000001015,2.629570193276339,-4.879073743922421,7.680000000000131,0.0,0.0,0.0,0.0,0.0,0.0
37.98000000000101,2.7323582439178717,-4.825026952625366,7.686666666666798,0.0,0.0,0.0,0.0,0.0,0.0
37.99000000000101,2.83403491719657,-4.768813208906854,7.693333333333465,0.0,0.0,0.0,0.0,0.0,0.0
38.00000000000101,2.934554500077013,-4.7104553799052455,7.700000000000132,0.0,0.0,0.0,0.0,0.0,0.0
38.01000000000101,3.033871750363929,-4.6499772976876885,7.7066666666667984,0.0,0.0,0.0,0.0,0.0,0.0
38.020000000001005,3.1319419170817198,-4.58740374954727,7.713333333333465,0.0,0.0,0.0,0.0,0.0,0.0
38.030000000001,3.2287207606538355,-4.522760467869534,7.720000000000132,0.0,0.0,0.0,0.0,0.0,0.0
38.040000000001,3.3241645728729194,-4.456074119572496,7.726666666666799,0.0,0.0,0.0,0.0,0.0,0.0
38.050000000001,3.4182301966526696,-4.387372295124465,7.733333333333466,0.0,0.0,0.0,0.0,0.0,0.0
38.060000000001,3.5108750455525155,-4.316683497144208,7.7400000000001326,0.0,0.0,0.0,0.0,0.0,0.0
38.070000000000995,3.6020571230662637,-4.244037128588155,7.746666666666799,0.0,0.0,0.0,0.0,0.0,0.0
38.08000000000099,3.6917350416659755,-4.169463480529526,7.753333333333466,0.0,0.0,0.0,0.0,0.0,0.0
38.09000000000099,3.779868041592438,-4.092993719534478,7.760000000000133,0.0,0.0,0.0,0.0,0.0,0.0
38.10000000000099,3.866416009383706,-4.014659874640514,7.7666666666668,0.0,0.0,0.0,0.0,0.0,0.0
38.11000000000099,3.951339496133276,-3.934494823942598,7.773333333333467,0.0,0.0,0.0,0.0,0.0,0.0
38.120000000000985,4.03459973546961,-3.852532280792608,7.7800000000001335,0.0,0.0,0.0,0.0,0.0,0.0
38.13000000000098,4.116158661248784,-3.7688067796178952,7.7866666666668,0.0,0.0,0.0,0.0,0.0,0.0
38.14000000000098,4.195978924952228,-3.6833536613649542,7.793333333333467,0.0,0.0,0.0,0.0,0.0,0.0
38.15000000000098,4.274023912781568,-3.596209058574302,7.800000000000134,0.0,0.0,0.0,0.0,0.0,0.0
38.16000000000098,4.350257762442796,-3.507409880092915,7.806666666666801,0.0,0.0,0.0,0.0,0.0,0.0
38.170000000000975,4.424645379612046,-3.4169937954306624,7.813333333333468,0.0,0.0,0.0,0.0,0.0,0.0
38.18000000000097,4.497152454075435,-3.324999218767402,7.820000000000134,0.0,0.0,0.0,0.0,0.0,0.0
38.19000000000097,4.567745475535564,-3.231465292617513,7.826666666666801,0.0,0.0,0.0,0.0,0.0,0.0
38.20000000000097,4.636391749077398,-3.136431871158832,7.833333333333468,0.0,0.0,0.0,0.0,0.0,0.0
38.21000000000097,4.703059410286395,-3.0399395032331036,7.840000000000135,0.0,0.0,0.0,0.0,0.0,0.0
38.220000000000965,4.767717440011911,-2.9420294150251927,7.846666666666802,0.0,0.0,0.0,0.0,0.0,0.0
38.23000000000096,4.830335678769062,-2.8427434924284833,7.8533333333334685,0.0,0.0,0.0,0.0,0.0,0.0
38.24000000000096,4.890884840772359,-2.7421242631040044,7.860000000000135,0.0,0.0,0.0,0.0,0.0,0.0
38.25000000000096,4.949336527594597,-2.640214878240986,7.866666666666802,0.0,0.0,0.0,0.0,0.0,0.0
38.26000000000096,5.005663241444676,-2.5370590940266764,7.873333333333469,0.0,0.0,0.0,0.0,0.0,0.0
38.270000000000955,5.059838398058124,-2.4327012528333904,7.880000000000136,0.0,0.0,0.0,0.0,0.0,0.0
38.28000000000095,5.111836339194334,-2.327186264130887,7.886666666666803,0.0,0.0,0.0,0.0,0.0,0.0
38.29000000000095,5.161632344734646,-2.220559585132315,7.893333333333469,0.0,0.0,0.0,0.0,0.0,0.0
38.30000000000095,5.209202644375589,-2.1128672011820595,7.900000000000136,0.0,0.0,0.0,0.0,0.0,0.0
38.31000000000095,5.2545244289118,-2.004155605893996,7.906666666666803,0.0,0.0,0.0,0.0,0.0,0.0
38.320000000000945,5.297575861103265,-1.8944717810487115,7.91333333333347,0.0,0.0,0.0,0.0,0.0,0.0
38.33000000000094,5.338336086121757,-1.7838631762584196,7.920000000000137,0.0,0.0,0.0,0.0,0.0,0.0
38.34000000000094,5.376785241571496,-1.6723776884083812,7.9266666666668035,0.0,0.0,0.0,0.0,0.0,0.0
38.35000000000094,5.412904467079245,-1.5600636408837443,7.93333333333347,0.0,0.0,0.0,0.0,0.0,0.0
38.36000000000094,5.446675913449262,-1.4469697625908402,7.940000000000137,0.0,0.0,0.0,0.0,0.0,0.0
38.370000000000935,5.478082751378704,-1.3331451667820495,7.946666666666804,0.0,0.0,0.0,0.0,0.0,0.0
38.38000000000093,5.507109179729249,-1.218639329693455,7.953333333333471,0.0,0.0,0.0,0.0,0.0,0.0
38.39000000000093,5.533740433350949,-1.1035020690045925,7.960000000000138,0.0,0.0,0.0,0.0,0.0,0.0
38.40000000000093,5.5579627904544555,-0.9877835221296911,7.9666666666668045,0.0,0.0,0.0,0.0,0.0,0.0
38.41000000000093,5.579763579528041,-0.871534124349878,7.973333333333471,0.0,0.0,0.0,0.0,0.0,0.0
38.420000000000925,5.59913118579592,-0.7548045867958975,7.980000000000138,0.0,0.0,0.0,0.0,0.0,0.0
38.43000000000092,5.616055057214709,-0.6376458742909807,7.986666666666805,0.0,0.0,0.0,0.0,0.0,0.0
38.44000000000092,5.63052571000496,-0.5201091830635519,7.993333333333472,0.0,0.0,0.0,0.0,0.0,0.0
38.45000000000092,5.6425347337149585,-0.4022459183395399,8.000000000000139,0.0,0.0,0.0,0.0,0.0,0.0
38.46000000000092,5.650826633922653,-0.2610715483356706,8.0,0.6526788708391764,14.127066584806633,0.0,-35.31766646201658,1.6316971770979412,0.0
38.470000000000915,5.655586951426541,-0.11973401711234065,8.0,0.2993350427808516,14.13896737856635,0.0,-35.34741844641588,0.748337606952129,0.0
38.48000000000091,5.656812711183086,0.021678343974174022,8.0,-0.054195859935435055,14.142031777957715,0.0,-35.35507944489429,-0.13548964983858763,0.0
38.49000000000091,5.654503147132345,0.16307715680136536,8.0,-0.4076928920034134,14.13625786783086,0.0,-35.34064466957715,-1.0192322300085335,0.0
38.50000000000091,5.6486597026766665,0.30437405171394644,8.0,-0.7609351292848661,14.121649256691665,0.0,-35.304123141729164,-1.9023378232121653,0.0
38.51000000000091,5.639286029778623,0.4454807227520093,8.0,-1.113701806880023,14.098215074446559,0.0,-35.2455376861164,-2.784254517200058,0.0
38.520000000000906,5.626387986678653,0.5863089828393755,8.0,-1.4657724570984387,14.065969966696631,0.0,-35.164924916741576,-3.664431142746097,0.0
38.5300000000009,5.609973634233841,0.7267708188976482,8.0,-1.8169270472441204,14.0249340855846,0.0,-35.062335213961504,-4.5423176181103,0.0
38.5400000000009,5.590053230880156,0.8667784468515211,8.0,-2.1669461171288025,13.97513307720039,0.0,-34.93783269300097,-5.417365292822006,0.0
38.5500000000009,5.566639226221257,1.006244366490968,8.0,-2.51561091622742,13.916598065553142,0.0,-34.79149516388286,-6.289027290568549,0.0
38.5600000000009,5.539746253247897,1.1450814161560257,8.0,-2.862703540390064,13.849365633119742,0.0,-34.62341408279936,-7.1567588509751605,0.0
38.570000000000896,5.509391119192781,1.2832028272099947,8.0,-3.208007068024987,13.773477797981952,0.0,-34.43369449495488,-8.020017670062467,0.0
38.580000000000894,5.475592795026589,1.4205222782670122,8.0,-3.5513056956675304,13.688981987566473,0.0,-34.22245496891618,-8.878264239168825,0.0
38.59000000000089,5.438372403601745,1.5569539491401088,8.0,-3.892384872850272,13.595931009004364,0.0,-33.98982752251091,-9.73096218212568,0.0
38.60000000000089,5.397753206451312,1.6924125744760312,8.0,-4.231031436190078,13.494383016128278,0.0,-33.7359575403207,-10.577578590475195,0.0
38.61000000000089,5.353760589251296,1.8268134970433132,8.0,-4.567033742608283,13.384401473128241,0.0,-33.4610036828206,-11.417584356520706,0.0
38.620000000000886,5.306422045955427,1.9600727206402886,8.0,-4.900181801600721,13.266055114888568,0.0,-33.16513778722142,-12.250454504001803,0.0
38.630000000000884,5.2557671616123285,2.0921069625899844,8.0,-5.230267406474961,13.139417904030822,0.0,-32.848544760077054,-13.075668516187402,0.0
38.64000000000088,5.201827593875827,2.222833705789083,8.0,-5.5570842644727065,13.004568984689568,0.0,-32.51142246172392,-13.892710661181766,0.0
38.65000000000088,5.14463705321995,2.3521712502784227,8.0,-5.880428125696056,12.861592633049874,0.0,-32.15398158262468,-14.701070314240141,0.0
38.66000000000088,5.084231281870973,2.4800387643028174,8.0,-6.200096910757043,12.710578204677432,0.0,-31.77644551169358,-15.500242276892608,0.0
38.670000000000876,5.020648031469698,2.6063563348282686,8.0,-6.515890837070671,12.551620078674246,0.0,-31.379050196685615,-16.289727092676678,0.0
38.680000000000874,4.953927039477902,2.7310450174850125,8.0,-6.827612543712531,12.384817598694756,0.0,-30.962043996736888,-17.06903135928133,0.0
38.69000000000087,4.884110004343716,2.8540268859051805,8.0,-7.135067214762952,12.210275010859291,0.0,-30.52568752714823,-17.837668036907377,0.0
38.70000000000087,4.811240559441459,2.975225080424243,8.0,-7.438062701060606,12.028101398603647,0.0,-30.070253496509117,-18.595156752651516,0.0
38.71000000000087,4.73536424580219,3.094563856115796,8.0,-7.736409640289489,11.838410614505475,0.0,-29.596026536263686,-19.341024100723722,0.0
38.720000000000866,4.656528483652052,3.2119686301296775,8.0,-8.029921575324193,11.641321209130131,0.0,-29.10330302282533,-20.074803938310485,0.0
38.730000000000864,4.574782542776178,3.3273660283038193,8.0,-8.318415070759547,11.436956356940444,0.0,-28.592390892351112,-20.79603767689887,0.0
38.74000000000086,4.4901775117266665,3.4406839310207102,8.0,-8.601709827551776,11.225443779316665,0.0,-28.06360944829166,-21.50427456887944,0.0
38.75000000000086,4.402766265893912,3.5518515182798094,8.0,-8.879628795699524,11.006915664734779,0.0,-27.51728916183695,-22.199071989248807,0.0
38.76000000000086,4.3126034344612005,3.66079931395774,8.0,-9.15199828489435,10.781508586153002,0.0,-26.953771465382506,-22.879995712235875,0.0
38.770000000000856,4.219745366263252,3.7674592292286078,8.0,-9.41864807307152,10.54936341565813,0.0,-26.373408539145327,-23.546620182678797,0.0
38.780000000000854,4.124250094570029,3.8717646051172987,8.0,-9.679411512793246,10.310625236425071,0.0,-25.77656309106268,-24.198528781983114,0.0
38.79000000000085,4.026177300817834,3.9736502541591685,8.0,-9.93412563539792,10.065443252044586,0.0,-25.163608130111466,-24.8353140884948,0.0
38.80000000000085,3.925588277310356,4.073052501140086,8.0,-10.182631252850216,9.81397069327589,0.0,-24.534926733189725,-25.45657813212554,0.0
38.81000000000085,3.8225458889129724,4.169909222891374,8.0,-10.424773057228435,9.55636472228243,0.0,-23.890911805706075,-26.061932643071085,0.0
38.820000000000846,3.7171145337642564,4.264159887114757,8.0,-10.660399717786893,9.292786334410641,0.0,-23.2319658360266,-26.650999294467233,0.0
38.830000000000844,3.6093601030292386,4.355745590213089,8.0,-10.889363975532723,9.023400257573096,0.0,-22.55850064393274,-27.223409938831807,0.0
38.84000000000084,3.499349939719569,4.444609094103176,8.0,-11.111522735257939,8.748374849298921,0.0,-21.870937123247305,-27.778806838144845,0.0
38.85000000000084,3.387152796606332,4.530694861987718,8.0,-11.326737154969296,8.46788199151583,0.0,-21.16970497878957,-28.31684288742324,0.0
38.86000000000084,3.2728387932517977,4.613949093064002,8.0,-11.534872732660004,8.182096983129494,0.0,-20.455242457823736,-28.837181831650007,0.0
38.870000000000836,3.1564793721869817,4.694319756147645,8.0,-11.735799390369111,7.891198430467455,0.0,-19.727996076168637,-29.339498475922777,0.0
38.880000000000834,3.038147254262387,4.771756622190399,8.0,-11.929391555475997,7.595368135655968,0.0,-18.98842033913992,-29.82347888868999,0.0
38.89000000000083,2.9179163931998398,4.846211295671665,8.0,-12.115528239179163,7.294790982999599,0.0,-18.236977457499,-30.288820597947907,0.0
38.90000000000083,2.795861929373821,4.917637244844123,8.0,-12.294093112110307,6.989654823434552,0.0,-17.47413705858638,-30.73523278027577,0.0
38.91000000000083,2.6720601428511768,4.985989830814555,8.0,-12.464974577036386,6.680150357127942,0.0,-16.700375892819853,-31.162436442590966,0.0
38.920000000000826,2.546588405718562,5.051226335441701,8.0,-12.628065838604252,6.366471014296406,0.0,-15.916177535741014,-31.57016459651063,0.0
38.930000000000824,2.419525133727404,5.1133059880337095,8.0,-12.783264970084273,6.048812834318509,0.0,-15.122032085796274,-31.958162425210684,0.0
38.94000000000082,2.290949737286608,5.172189990828492,8.0,-12.930474977071228,5.72737434321652,0.0,-14.318435858041301,-32.32618744267807,0.0
38.95000000000082,2.160942571833641,5.227841543241055,8.0,-13.069603858102637,5.402356429584102,0.0,-13.505891073960255,-32.6740096452566,0.0
38.96000000000082,2.0295848876149942,5.28022586486268,8.0,-13.2005646621567,5.073962219037485,0.0,-12.684905547593713,-33.00141165539175,0.0
38.970000000000816,1.8969587789074274,5.329310217197536,8.0,-13.323275542993839,4.742396947268568,0.0,-11.85599236817142,-33.3081888574846,0.0
38.980000000000814,1.763147132711717,5.375063924123178,8.0,-13.437659810307945,4.407867831779292,0.0,-11.01966957944823,-33.594149525769865,0.0
38.99000000000081,1.6282335769509775,5.417458391062126,8.0,-13.543645977655313,4.070583942377444,0.0,-10.176459855943609,-33.859114944138284,0.0
39.00000000000081,1.4923024282059345,5.45646712285254,8.0,-13.64116780713135,3.730756070514836,0.0,-9.32689017628709,-34.102919517828376,0.0
39.01000000000081,1.355438639019803,5.492065740306843,8.0,-13.730164350767106,3.3885965975495074,0.0,-8.471491493873769,-34.325410876917765,0.0
39.020000000000806,1.2177277448057162,5.524231995447909,8.0,-13.810579988619772,3.0443193620142908,0.0,-7.610798405035727,-34.52644997154943,0.0
39.030000000000804,1.0792558103898748,5.552945785413334,8.0,-13.882364463533333,2.698139525974687,0.0,-6.745348814936718,-34.70591115883333,0.0
39.0400000000008,0.9401093762238327,5.578189165019061,8.0,-13.94547291254765,2.3502734405595818,0.0,-5.875683601398954,-34.86368228136913,0.0
39.0500000000008,0.8003754042995315,5.599946357974544,8.0,-13.999865894936361,2.0009385107488287,0.0,-5.002346276872071,-34.9996647373409,0.0
39.0600000000008,0.6601412238008869,5.618203766742416,8.0,-14.045509416856039,1.6503530595022171,0.0,-4.1258826487555424,-35.113773542140095,0.0
39.070000000000796,0.519494476525891,5.632949981036499,8.0,-14.082374952591248,1.2987361913147275,0.0,-3.2468404782868188,-35.20593738147812,0.0
39.080000000000794,0.3785230621133414,5.64417578495287,8.0,-14.110439462382175,0.9463076552833536,0.0,-2.365769138208384,-35.27609865595544,0.0
39.09000000000079,0.23731508310842855,5.651874162729496,8.0,-14.12968540682374,0.5932877077710713,0.0,-1.4832192694276785,-35.32421351705935,0.0
39.10000000000079,0.09595878990151224,5.656040303130861,8.0,-14.14010075782715,0.2398969747537806,0.0,-0.5997424368844515,-35.350251894567876,0.0
39.11000000000079,-0.04545747442549909,5.656671602454827,8.0,-14.141679006137068,-0.11364368606374772,0.0,0.2841092151593693,-35.35419751534267,0.0
39.120000000000786,-0.18684532931069914,5.653767666159866,8.0,-14.134419165399665,-0.4671133232767478,0.0,1.1677833081918696,-35.336047913499165,0.0
39.130000000000784,-0.32811641194715796,5.647330309111636,8.0,-14.11832577277909,-0.8202910298678949,0.0,2.0507275746697373,-35.295814431947726,0.0
39.14000000000078,-0.4691824325068,5.637363554448746,8.0,-14.093408886121866,-1.172956081267,0.0,2.9323902031674995,-35.23352221530467,0.0
39.15000000000078,-0.6099552293186726,5.62387363106843,8.0,-14.059684077671076,-1.5248880732966814,0.0,3.8122201832417035,-35.149210194177684,0.0
39.16000000000078,-0.7503468239671207,5.606868969733684,8.0,-14.017172424334209,-1.8758670599178016,0.0,4.6896676497945045,-35.04293106083552,0.0
39.170000000000776,-0.8902694762754325,5.586360197804316,8.0,-13.96590049451079,-2.2256736906885815,0.0,5.564184226721453,-34.91475123627697,0.0
39.180000000000774,-1.0296357391405946,5.562360132595192,8.0,-13.90590033148798,-2.574089347851486,0.0,6.435223369628716,-34.76475082871995,0.0
39.19000000000077,-1.1683585131848835,5.534883773365833,8.0,-13.837209433414584,-2.9208962829622083,0.0,7.302240707405521,-34.59302358353646,0.0
39.20000000000077,-1.3063511011901427,5.503948291946364,8.0,-13.759870729865911,-3.265877752975357,0.0,8.164694382438393,-34.39967682466478,0.0
39.21000000000077,-1.4435272622807218,5.469573022005679,8.0,-13.673932555014195,-3.608818155701804,0.0,9.022045389254512,-34.18483138753549,0.0
39.220000000000766,-1.579801265821216,5.431779446968524,8.0,-13.57944861742131,-3.94950316455304,0.0,9.8737579113826,-33.94862154355327,0.0
39.230000000000764,-1.7150879449953225,5.390591186589067,8.0,-13.476477966472666,-4.287719862488306,0.0,10.719299656220764,-33.691194916181665,0.0
39.24000000000076,-1.849302750032329,5.346033982189308,8.0,-13.365084955473268,-4.623256875080822,0.0,11.558142187702055,-33.412712388683175,0.0
39.25000000000076,-1.9823618010479676,5.298135680571597,8.0,-13.245339201428992,-4.955904502619918,0.0,12.389761256549797,-33.11334800357248,0.0
39.26000000000076,-2.1141819404666133,5.246926216615289,8.0,-13.117315541538222,-5.285454851166533,0.0,13.213637127916332,-32.79328885384555,0.0
39.270000000000756,-2.2446807849920596,5.192437594568416,8.0,-12.981093986421039,-5.611701962480149,0.0,14.029254906200372,-32.452734966052596,0.0
39.280000000000754,-2.373776777094399,5.134703868046076,8.0,-12.836759670115189,-5.934441942735997,0.0,14.836104856839992,-32.09189917528797,0.0
39.29000000000075,-2.501389235980823,5.073761118748032,8.0,-12.68440279687008,-6.253473089952057,0.0,15.633682724880144,-31.711006992175196,0.0
39.30000000000075,-2.6274384080184934,5.009647433908823,8.0,-12.524118584772056,-6.5685960200462326,0.0,16.421490050115583,-31.31029646193014,0.0
39.31000000000075,-2.751845516577963,4.942402882494482,8.0,-12.356007206236205,-6.879613791444907,0.0,17.19903447861227,-30.890018015590513,0.0
39.320000000000746,-2.874532811266009,4.872069490160741,8.0,-12.180173725401852,-7.1863320281650225,0.0,17.965830070412554,-30.45043431350463,0.0
39.330000000000744,-2.9954236165170953,4.798691212988355,8.0,-11.996728032470887,-7.4885590412927385,0.0,18.721397603231846,-29.991820081177217,0.0
39.34000000000074,-3.1144423795131058,4.722313910011992,8.0,-11.805784775029979,-7.786105948782764,0.0,19.46526487195691,-29.51446193757495,0.0
39.35000000000074,-3.2315147174013954,4.642985314559824,8.0,-11.60746328639956,-8.078786793503488,0.0,20.19696698375872,-29.018658215998897,0.0
39.36000000000074,-3.346567463781653,4.56075500442175,8.0,-11.401887511054376,-8.366418659454132,0.0,20.91604664863533,-28.50471877763594,0.0
39.370000000000736,-3.4595287144325195,4.475674370864896,8.0,-11.18918592716224,-8.648821786081298,0.0,21.622054465203245,-27.972964817905602,0.0
39.380000000000734,-3.570327872249385,4.38779658651574,8.0,-10.96949146628935,-8.925819680623462,0.0,22.314549201558656,-27.423728665723374,0.0
39.39000000000073,-3.6788956913652835,4.297176572128955,8.0,-10.742941430322388,-9.197239228413208,0.0,22.99309807103302,-26.857353575805966,0.0
39.40000000000073,-3.7851643204273016,4.203870962263724,8.0,-10.509677405659309,-9.462910801068254,0.0,23.657277002670636,-26.274193514148273,0.0
39.41000000000073,-3.8890673450014694,4.107938069888983,8.0,-10.269845174722457,-9.722668362503672,0.0,24.306670906259182,-25.674612936806145,0.0
39.42000000000073,-3.990539829079617,4.009437849939718,8.0,-10.023594624849295,-9.976349572699043,0.0,24.940873931747607,-25.058986562123238,0.0
39.430000000000724,-4.089518355662267,3.908431861847075,8.0,-9.771079654617687,-10.223795889155667,0.0,25.559489722889168,-24.427699136544216,0.0
39.44000000000072,-4.185941066392196,3.804983231065725,8.0,-9.512458077664313,-10.46485266598049,0.0,26.162131664951225,-23.78114519416078,0.0
39.45000000000072,-4.2797477002138935,3.6991566096225093,8.0,-9.247891524056273,-10.699369250534733,0.0,26.74842312633683,-23.119728810140682,0.0
39.46000000000072,-4.370879631034756,3.591018135711024,8.0,-8.97754533927756,-10.92719907758689,0.0,27.317997693967225,-22.443863348193897,0.0
39.47000000000072,-4.459279904364495,3.4806353923574043,8.0,-8.701588480893511,-11.148199760911238,0.0,27.870499402278092,-21.753971202233778,0.0
39.480000000000715,-4.544893272909832,3.3680773651831335,8.0,-8.420193412957833,-11.36223318227458,0.0,28.405582955686448,-21.050483532394583,0.0
39.49000000000071,-4.627666231102261,3.2534143992912736,8.0,-8.133535998228183,-11.569165577755653,0.0,28.92291394438913,-20.333839995570457,0.0
39.50000000000071,-4.707547048537289,3.1367181553030656,8.0,-7.841795388257664,-11.76886762134322,0.0,29.422169053358054,-19.60448847064416,0.0
39.51000000000071,-4.784485802304251,3.0180615645723754,8.0,-7.545153911430938,-11.961214505760626,0.0,29.903036264401567,-18.862884778577346,0.0
39.52000000000071,-4.858434408186507,2.897518783605972,8.0,-7.243796959014929,-12.146086020466267,0.0,30.365215051165666,-18.109492397537323,0.0
39.530000000000705,-4.929346650712512,2.775165147718122,8.0,-6.937912869295305,-12.32336662678128,0.0,30.8084165669532,-17.34478217323826,0.0
39.5400000000007,-4.99717821203898,2.6510771239484723,8.0,-6.6276928098711805,-12.492945530097451,0.0,31.232363825243628,-16.56923202467795,0.0
39.5500000000007,-5.061886699648095,2.52533226327264,8.0,-6.3133306581815996,-12.654716749120238,0.0,31.636791872800597,-15.783326645453998,0.0
39.5600000000007,-5.123431672841455,2.398009152135375,8.0,-5.995022880338437,-12.808579182103635,0.0,32.02144795525909,-14.987557200846092,0.0
39.5700000000007,-5.181774668014186,2.269187363336592,8.0,-5.67296840834148,-12.954436670035467,0.0,32.386091675088664,-14.182421020853699,0.0
39.580000000000695,-5.236879222693455,2.138947406300961,8.0,-5.347368515752402,-13.092198056733636,0.0,32.73049514183409,-13.368421289381004,0.0
39.59000000000069,-5.288710898326315,2.007370676762134,8.0,-5.0184266919053355,-13.221777245815787,0.0,33.05444311453947,-12.54606672976334,0.0
39.60000000000069,-5.337237301802691,1.8745394058930671,8.0,-4.686348514732668,-13.343093254506728,0.0,33.35773313626682,-11.71587128683167,0.0
39.61000000000069,-5.382428105700013,1.7405366089142076,8.0,-4.351341522285519,-13.456070264250032,0.0,33.64017566062508,-10.878353805713797,0.0
39.62000000000069,-5.42425506723687,1.6054460332116889,8.0,-4.013615083029222,-13.560637668092173,0.0,33.90159417023043,-10.034037707573056,0.0
39.630000000000685,-5.462692045923825,1.4693521059979369,8.0,-3.6733802649948424,-13.656730114809562,0.0,34.141825287023906,-9.183450662487106,0.0
39.64000000000068,-5.4977150199003795,1.3323398815474115,8.0,-3.3308497038685285,-13.744287549750949,0.0,34.36071887437737,-8.32712425967132,0.0
39.65000000000068,-5.529302100947844,1.1944949880404536,8.0,-2.986237470101134,-13.82325525236961,0.0,34.55813813092402,-7.465593675252836,0.0
39.66000000000068,-5.557433548168767,1.0559035740484606,8.0,-2.6397589351211517,-13.893583870421917,0.0,34.73395967605479,-6.599397337802879,0.0
39.67000000000068,-5.582091780324354,0.9166522546938322,8.0,-2.2916306367345802,-13.955229450810885,0.0,34.88807362702721,-5.729076591836451,0.0
39.680000000000675,-5.603261386822168,0.7768280575183387,8.0,-1.9420701437958467,-14.00815346705542,0.0,35.02038366763855,-4.855175359489617,0.0
39.69000000000067,-5.6209291373472485,0.6365183680937408,8.0,-1.591295920234352,-14.052322843368122,0.0,35.130807108420306,-3.97823980058588,0.0
39.70000000000067,-5.635083990130627,0.4958108754086516,8.0,-1.2395271885216288,-14.087709975326566,0.0,35.21927493831642,-3.098817971304072,0.0
39.71000000000067,-5.645717098850075,0.35479351706577233,8.0,-0.8869837926644308,-14.114292747125187,0.0,35.28573186781297,-2.217459481661077,0.0
39.72000000000067,-5.652821818158764,0.21355442432375457,8.0,-0.5338860608093864,-14.13205454539691,0.0,35.33013636349227,-1.3347151520234661,0.0
39.730000000000665,-5.6563937078383955,0.0721818670180309,8.0,-0.18045466754507727,-14.14098426959599,0.0,35.352460673989974,-0.45113666886269316,0.0
39.74000000000066,-5.656430535574191,-0.06923580160495783,8.0,0.17308950401239456,-14.141076338935477,0.0,35.35269084733869,0.4327237600309864,0.0
39.75000000000066,-5.652932278350012,-0.21061020010566606,8.0,0.5265255002641651,-14.13233069587503,0.0,35.33082673968757,1.3163137506604128,0.0
39.76000000000066,-5.645901122462752,-0.35185297408696614,8.0,0.8796324352174154,-14.11475280615688,0.0,35.2868820153922,2.1990810880435383,0.0
39.77000000000066,-5.635341462155965,-0.4928758514127705,8.0,1.2321896285319263,-14.088353655389914,0.0,35.22088413847479,3.0804740713298155,0.0
39.780000000000655,-5.621259896873615,-0.6335906973752433,8.0,1.5839767434381082,-14.053149742184036,0.0,35.13287435546009,3.9599418585952706,0.0
39.79000000000065,-5.6036652271356235,-0.7739095697761239,8.0,1.9347739244403097,-14.009163067839058,0.0,35.02290766959764,4.836934811100774,0.0
39.80000000000065,-5.582568449037849,-0.9137447738877381,8.0,2.284361934719345,-13.956421122594621,0.0,34.891052806486556,5.710904836798363,0.0
39.81000000000065,-5.557982747379871,-1.0530089172593486,8.0,2.6325222931483716,-13.894956868449677,0.0,34.73739217112419,6.581305732870929,0.0
39.82000000000065,-5.529923487424928,-1.1916149643345917,8.0,2.9790374108364794,-13.82480871856232,0.0,34.5620217964058,7.447593527091199,0.0
39.830000000000645,-5.498408205297122,-1.3294762908458668,8.0,3.323690727114667,-13.746020513242804,0.0,34.365051283107015,8.309226817786667,0.0
39.84000000000064,-5.463456597021918,-1.4665067379516845,8.0,3.666266844879211,-13.658641492554795,0.0,34.14660373138698,9.165667112198028,0.0
39.85000000000064,-5.425090506216763,-1.6026206660831366,8.0,4.006551665207842,-13.562726265541906,0.0,33.906815663854765,10.016379163019604,0.0
39.86000000000064,-5.383333910439539,-1.737733008465841,8.0,4.344332521164602,-13.458334776098848,0.0,33.64583694024712,10.860831302911505,0.0
39.87000000000064,-5.338212906203373,-1.8717593242839052,8.0,4.679398310709763,-13.345532265508432,0.0,33.36383066377108,11.698495776774408,0.0
39.880000000000635,-5.28975569266716,-2.0046158514526873,8.0,5.011539628631718,-13.224389231667898,0.0,33.06097307916975,12.528849071579296,0.0
39.89000000000063,-5.237992554012009,-2.136219558967374,8.0,5.340548897418435,-13.094981385030021,0.0,32.737453462575054,13.351372243546086,0.0
39.90000000000063,-5.182955840514616,-2.266488198794654,8.0,5.666220496986634,-12.95738960128654,0.0,32.39347400321635,14.165551242466586,0.0
39.91000000000063,-5.124679948329396,-2.395340357275062,8.0,5.988350893187655,-12.81169987082349,0.0,32.02924967705872,14.970877232969137,0.0
39.92000000000063,-5.063201297992003,-2.522695506003867,8.0,6.306738765009667,-12.658003244980005,0.0,31.645008112450014,15.766846912524167,0.0
39.930000000000625,-4.998558311657679,-2.6484740521587025,8.0,6.621185130396755,-12.496395779144198,0.0,31.240989447860493,16.552962825991887,0.0
39.94000000000062,-4.930791389088665,-2.7725973882424895,8.0,6.931493470606224,-12.326978472721663,0.0,30.817446181804158,17.328733676515558,0.0
39.95000000000062,-4.859942882405658,-2.894987941210566,8.0,7.237469853026415,-12.149857206014143,0.0,30.37464301503536,18.093674632566035,0.0
39.96000000000062,-4.786057069619115,-3.01556922095131,8.0,7.538923052378275,-11.965142674047788,0.0,29.912856685119472,18.847307630945686,0.0
39.97000000000062,-4.709180126956943,-3.134265868089974,8.0,7.8356646702249355,-11.772950317392356,0.0,29.43237579348089,19.589161675562337,0.0
39.980000000000615,-4.629360100005851,-3.2510037010858395,8.0,8.127509252714598,-11.573400250014627,0.0,28.933500625036565,20.318773131786497,0.0
39.99000000000061,-4.54664687368443,-3.3657097625932635,8.0,8.414274406483159,-11.366617184211075,0.0,28.416542960527686,21.035686016207897,0.0
40.00000000000061,-4.4610921410667,-3.478312365057649,8.0,8.695780912644121,-11.15273035266675,0.0,27.881825881666874,21.739452281610305,0.0
40.01000000000061,-4.37274937107562,-3.5887411355178265,8.0,8.971852838794566,-10.931873427689048,0.0,27.32968356922262,22.429632096986417,0.0
40.02000000000061,-4.281673775066753,-3.6969270595868715,8.0,9.242317648967179,-10.70418443766688,0.0,26.7604610941672,23.105794122417944,0.0
40.030000000000605,-4.1879222723229645,-3.802802524583844,8.0,9.507006311459609,-10.469805680807411,0.0,26.17451420201853,23.767515778649024,0.0
40.0400000000006,-4.091553454481729,-3.906301361789517,8.0,9.765753404473791,-10.228883636204323,0.0,25.572209090510803,24.41438351118448,0.0
40.0500000000006,-3.9926275489172554,-4.007358887799668,8.0,10.018397219499171,-9.981568872293138,0.0,24.953922180732846,25.045993048747928,0.0
40.0600000000006,-3.891206381100344,-4.1059119449501065,8.0,10.264779862375265,-9.72801595275086,0.0,24.32003988187715,25.661949655938162,0.0
40.0700000000006,-3.7873533359594798,-4.201898940788153,8.0,10.504747351970382,-9.468383339898699,0.0,23.670958349746748,26.261868379925954,0.0
40.080000000000595,-3.681133318267313,-4.295259886565921,8.0,10.738149716414801,-9.202833295668283,0.0,23.007083239170708,26.845374291037004,0.0
40.09000000000059,-3.5726127120772904,-4.385936434731328,8.0,10.96484108682832,-8.931531780193225,0.0,22.328829450483063,27.412102717070802,0.0
40.10000000000059,-3.4618593392357813,-4.473871915393421,8.0,11.184679788483553,-8.654648348089452,0.0,21.63662087022363,27.961699471208885,0.0
40.11000000000059,-3.348942416995636,-4.55901137173921,8.0,11.397528429348025,-8.37235604248909,0.0,20.930890106222723,28.493821073370064,0.0
40.12000000000059,-3.2339325147576483,-4.641301594379887,8.0,11.603253985949717,-8.08483128689412,0.0,20.2120782172353,29.008134964874294,0.0
40.130000000000585,-3.1169015099669832,-4.720691154604963,8.0,11.801727886512408,-7.792253774917458,0.0,19.480634437293645,29.50431971628102,0.0
40.14000000000058,-2.997922543192113,-4.797130436523541,8.0,11.992826091308851,-7.494806357980282,0.0,18.737015894950705,29.982065228272127,0.0
40.15000000000058,-2.877069972414337,-4.8705716680726265,8.0,12.176429170181565,-7.192674931035843,0.0,17.981687327589608,30.441072925453913,0.0
40.16000000000058,-2.754419326556473,-4.940968950873117,8.0,12.352422377182792,-6.886048316391181,0.0,17.215120790977956,30.88105594295698,0.0
40.17000000000058,-2.630047258279729,-5.008278288914792,8.0,12.52069572228698,-6.575118145699323,0.0,16.437795364248306,31.301739305717454,0.0
40.180000000000575,-2.504031496078294,-5.072457616052391,8.0,12.681144040130977,-6.260078740195734,0.0,15.650196850489335,31.70286010032744,0.0
40.19000000000057,-2.376450795701553,-5.133466822295578,8.0,12.833667055738944,-5.941126989253881,0.0,14.852817473134703,32.08416763934736,0.0
40.20000000000057,-2.2473848909343097,-5.191267778876388,8.0,12.97816944719097,-5.618462227335774,0.0,14.046155568339437,32.445423617977426,0.0
40.21000000000057,-2.1169144437657685,-5.2458243620784595,8.0,13.114560905196148,-5.292286109414421,0.0,13.230715273536054,32.78640226299037,0.0
40.22000000000057,-1.9851209939784131,-5.297102475813184,8.0,13.24275618953296,-4.962802484946033,0.0,12.407006212365083,33.1068904738324,0.0
40.230000000000565,-1.8520869081882985,-5.345070072928653,8.0,13.362675182321633,-4.630217270470745,0.0,11.575543176176865,33.40668795580408,0.0
40.24000000000056,-1.7178953283685967,-5.389697175238082,8.0,13.474242938095204,-4.294738320921492,0.0,10.73684580230373,33.685607345238004,0.0
40.25000000000056,-1.5826301198885713,-5.430955892255201,8.0,13.577389730638004,-3.956575299721428,0.0,9.89143824930357,33.94347432659501,0.0
40.26000000000056,-1.446375819100449,-5.468820438624906,8.0,13.672051096562264,-3.6159395477511223,0.0,9.039848869377806,34.18012774140566,0.0
40.27000000000056,-1.309217580506954,-5.503267150238258,8.0,13.758167875595646,-3.273043951267385,0.0,8.182609878168462,34.395419688989115,0.0
40.280000000000555,-1.1712411235425138,-5.534274499021789,8.0,13.835686247554472,-2.9281028088562846,0.0,7.320257022140711,34.58921561888618,0.0
40.29000000000055,-1.0325326790014033,-5.561823106391841,8.0,13.904557765979602,-2.5813316975035083,0.0,6.453329243758771,34.761394414949,0.0
40.30000000000055,-0.8931789351463064,-5.585895755365554,8.0,13.964739388413884,-2.232947337865766,0.0,5.582368344664415,34.91184847103471,0.0
40.31000000000055,-0.7532669835309722,-5.606477401320918,8.0,14.016193503302294,-1.8831674588274305,0.0,4.707918647068577,35.04048375825573,0.0
40.32000000000055,-0.6128842645708297,-5.623555181399173,8.0,14.058887953497932,-1.532210661427074,0.0,3.830526653567685,35.147219883744825,0.0
40.330000000000545,-0.47211851289557416,-5.637118422543674,8.0,14.092796056359184,-1.1802962822389353,0.0,2.9507407055973385,35.23199014089796,0.0
40.34000000000054,-0.3310577025178799,-5.64715864817021,8.0,14.117896620425524,-0.8276442562946997,0.0,2.069110640736749,35.29474155106381,0.0
40.35000000000054,-0.18978999185250522,-5.653669583464586,8.0,14.134173958661465,-0.474474979631263,0.0,1.1861874490781577,35.33543489665366,0.0
40.36000000000054,-0.0484036686201536,-5.656647159304186,8.0,14.141617898260465,-0.12100917155038399,0.0,0.30252292887596,35.35404474565116,0.0
40.37000000000054,0.09301290532947819,-5.656089514801032,8.0,14.14022378700258,0.23253226332369548,0.0,-0.5813306583092387,35.35055946750645,0.0
40.380000000000535,0.2343713492409798,-5.651996998464788,8.0,14.129992496161968,0.5859283731024495,0.0,-1.4648209327561237,35.324981240404924,0.0
40.39000000000053,0.3755833186883225,-5.644372167984945,8.0,14.110930419962362,0.9389582967208062,0.0,-2.3473957418020155,35.2773260499059,0.0
40.40000000000053,0.5165605607872497,-5.633219788632356,8.0,14.083049471580889,1.291401401968124,0.0,-3.22850350492031,35.207623678952224,0.0
40.41000000000053,0.6572149693504568,-5.61854683028109,8.0,14.046367075702724,1.6430374233761418,0.0,-4.107593558440354,35.11591768925681,0.0
40.42000000000053,0.7974586399510905,-5.600362463052491,8.0,14.000906157631228,1.993646599877726,0.0,-4.984116499694315,35.002265394078066,0.0
40.430000000000526,0.9372039248601537,-5.57867805158415,8.0,13.946695128960375,2.343009812150384,0.0,-5.857524530375961,34.866737822400935,0.0
40.44000000000052,1.0763634878234838,-5.553507147927377,8.0,13.883767869818442,2.6909087195587094,0.0,-6.727271798896774,34.709419674546105,0.0
40.45000000000052,1.2148503586440678,-5.524865483077609,8.0,13.812163707694022,3.0371258966101693,0.0,-7.592814741525423,34.53040926923506,0.0
40.46000000000052,1.3525779875355854,-5.492770957143051,8.0,13.731927392857628,3.3814449688389634,0.0,-8.45361242209741,34.32981848214407,0.0
40.47000000000052,1.4894602992132069,-5.45724362815769,8.0,13.643109070394225,3.723650748033017,0.0,-9.309126870082542,34.10777267598556,0.0
40.480000000000516,1.6254117466878453,-5.4183056995456775,8.0,13.545764248864193,4.063529366719613,0.0,-10.158823416799033,33.864410622160484,0.0
40.490000000000514,1.7603473647302397,-5.375981506244911,8.0,13.439953765612279,4.4008684118255985,0.0,-11.002171029563998,33.5998844140307,0.0
40.50000000000051,1.8941828229714575,-5.330297499498493,8.0,13.32574374874623,4.735457057428643,0.0,-11.838642643571609,33.31435937186558,0.0
40.51000000000051,2.0268344786066304,-5.281282230323559,8.0,13.203205575808898,5.067086196516575,0.0,-12.667715491291439,33.00801393952225,0.0
40.52000000000051,2.1582194286689838,-5.228966331667831,8.0,13.072415829169577,5.3955485716724585,0.0,-13.488871429181147,32.68103957292394,0.0
40.530000000000506,2.2882555618414933,-5.17338249926501,8.0,12.933456248162523,5.7206389046037325,0.0,-14.30159726150933,32.33364062040631,0.0
40.540000000000504,2.416861609773785,-5.114565471201016,8.0,12.78641367800254,6.0421540244344625,0.0,-15.105385061086157,31.96603419500635,0.0
40.5500000000005,2.5439571978722095,-5.052552006203814,8.0,12.631380015509533,6.359892994680523,0.0,-15.899732486701309,31.578450038773834,0.0
40.5600000000005,2.669462895531344,-4.9873808606704,8.0,12.468452151675997,6.67365723882836,0.0,-16.6841430970709,31.171130379189997,0.0
40.5700000000005,2.7933002657755397,-4.91909276444532,8.0,12.297731911113301,6.983250664438849,0.0,-17.458126661097122,30.744329777783253,0.0
40.580000000000496,2.9153919142794726,-4.8477303953658435,8.0,12.119325988414609,7.288479785698682,0.0,-18.221199464246705,30.298314971036522,0.0
40.590000000000494,3.035661537737085,-4.773338352589697,8.0,11.933345881474242,7.589153844342711,0.0,-18.972884610856777,29.833364703685607,0.0
40.60000000000049,3.154033971548658,-4.6959631287220525,8.0,11.73990782180513,7.8850849288716445,0.0,-19.71271232217911,29.349769554512825,0.0
40.61000000000049,3.2704352367962506,-4.615653080759153,8.0,11.539132701897882,8.176088091990627,0.0,-20.440220229976568,28.847831754744703,0.0
40.62000000000049,3.3847925864781065,-4.532458399866771,8.0,11.331145999666928,8.461981466195267,0.0,-21.154953665488165,28.327864999167318,0.0
40.630000000000486,3.4970345509731686,-4.446431080012361,8.0,11.116077700030903,8.742586377432922,0.0,-21.856465943582304,27.790194250077256,0.0
40.640000000000484,3.607090982707259,-4.357624885470522,8.0,10.894062213676305,9.017727456768148,0.0,-22.54431864192037,27.235155534190763,0.0
40.65000000000048,3.7148930999930374,-4.266095317222076,8.0,10.66523829305519,9.287232749982593,0.0,-23.218081874956482,26.663095732637974,0.0
40.66000000000048,3.8203735300163086,-4.171899578267762,8.0,10.429748945669406,9.550933825040772,0.0,-23.87733456260193,26.074372364173513,0.0
40.67000000000048,3.923466350941846,-4.075096537878223,8.0,10.187741344695556,9.808665877354615,0.0,-24.521664693386537,25.469353361738893,0.0
40.680000000000476,4.024107133112386,-3.9757466948026274,8.0,9.939366737006567,10.060267832780964,0.0,-25.15066958195241,24.84841684251642,0.0
40.690000000000474,4.122232979315071,-3.8739121394589207,8.0,9.684780348647301,10.305582448287678,0.0,-25.763956120719197,24.211950871618253,0.0
40.70000000000047,4.21778256409016,-3.769656515129335,8.0,9.424141287823337,10.544456410225399,0.0,-26.361141025563498,23.560353219558344,0.0
40.71000000000047,4.3106961720574395,-3.663044978185408,8.0,9.15761244546352,10.7767404301436,0.0,-26.941851075358997,22.8940311136588,0.0
40.72000000000047,4.4009157352364,-3.554144157367376,8.0,8.88536039341844,11.002289338091,0.0,-27.5057233452275,22.2134009835461,0.0
40.730000000000466,4.488384869336828,-3.443022112143375,8.0,8.607555280358438,11.220962173342071,0.0,-28.052405433355176,21.518888200896093,0.0
40.740000000000464,4.573048908997154,-3.329748290174491,8.0,8.324370725436227,11.432622272492884,0.0,-28.58155568123221,20.81092681359057,0.0
40.75000000000046,4.654854941948522,-3.2143934839122332,8.0,8.035983709780583,11.637137354871305,0.0,-29.092843387178263,20.089959274451456,0.0
40.76000000000046,4.733751842083241,-3.0970297863555536,8.0,7.742574465888883,11.834379605208103,0.0,-29.585949013020258,19.356436164722208,0.0
40.77000000000046,4.809690301406931,-2.9777305459950716,8.0,7.444326364987679,12.024225753517328,0.0,-30.06056438379332,18.610815912469196,0.0
40.780000000000456,4.8826228608544175,-2.8565703209726565,8.0,7.141425802431641,12.206557152136044,0.0,-30.51639288034011,17.853564506079103,0.0
40.790000000000454,4.9525039399501045,-2.73362483248501,8.0,6.834062081212524,12.38125984987526,0.0,-30.95314962468815,17.085155203031313,0.0
40.80000000000045,5.019289865294283,-2.6089709174603892,8.0,6.522427293650972,12.548224663235706,0.0,-31.370561658089265,16.306068234127434,0.0
40.81000000000045,5.08293889785759,-2.482686480538024,8.0,6.206716201345061,12.707347244643973,0.0,-31.76836811160993,15.516790503362651,0.0
40.82000000000045,5.143411259066537,-2.3548504453802557,8.0,5.887126113450639,12.858528147666341,0.0,-32.14632036916585,14.7178152836266,0.0
40.830000000000446,5.20066915566383,-2.225542705347815,8.0,5.563856763369538,13.001672889159574,0.0,-32.50418222289893,13.909641908423845,0.0
40.840000000000444,5.2546768033279205,-2.094844073569074,8.0,5.237110183922685,13.1366920083198,0.0,-32.8417300207995,13.092775459806711,0.0
40.85000000000044,5.305400449037044,-1.9628362324344697,8.0,4.907090581086174,13.263501122592608,0.0,-33.15875280648152,12.267726452715435,0.0
40.86000000000044,5.352808392163756,-1.8296016825476706,8.0,4.574004206369176,13.38202098040939,0.0,-33.45505245102348,11.43501051592294,0.0
40.87000000000044,5.3968710042868,-1.6952236911653844,8.0,4.23805922791346,13.492177510717,0.0,-33.7304437767925,10.59514806978365,0.0
40.880000000000436,5.437560747707898,-1.5597862401580327,8.0,3.899465600395082,13.593901869269745,0.0,-33.984754673174365,9.748664000987704,0.0
40.890000000000434,5.47485219266192,-1.4233739735238156,8.0,3.558434933809539,13.687130481654798,0.0,-34.217826204137,8.896087334523848,0.0
40.90000000000043,5.508722033209658,-1.2860721444889687,8.0,3.2151803612224215,13.771805083024145,0.0,-34.42951270756036,8.037950903056053,0.0
40.91000000000043,5.5391491018032815,-1.1479665622272712,8.0,2.8699164055681776,13.847872754508204,0.0,-34.61968188627051,7.174791013920444,0.0
40.92000000000043,5.566114382515364,-1.009143538232106,8.0,2.5228588455802647,13.91528595628841,0.0,-34.78821489072102,6.307147113950662,0.0
40.930000000000426,5.589601022923216,-0.8696898323745856,8.0,2.174224580936464,13.974002557308042,0.0,-34.9350063932701,5.43556145234116,0.0
40.940000000000424,5.609594344641108,-0.7296925986814571,8.0,1.8242314967036426,14.023985861602771,0.0,-35.059964654006926,4.560578741759106,0.0
40.95000000000042,5.626081852493776,-0.5892393308666718,8.0,1.4730983271666795,14.06520463123444,0.0,-35.1630115780861,3.682745817916699,0.0
40.96000000000042,5.639053242325504,-0.4484178076506629,8.0,1.1210445191266571,14.09763310581376,0.0,-35.2440827645344,2.802611297816643,0.0
40.97000000000042,5.651900474528249,-0.23668761274591796,8.0,0.8875785477971923,21.19462677948093,0.0,-79.47985042305349,3.328419554239471,0.0
40.980000000000416,5.65680065304953,-0.024624614888837458,8.0,0.09234230583314047,21.213002448935733,0.0,-79.548759183509,0.34628364687427676,0.0
40.990000000000414,5.653746887820787,0.18747300727510915,8.0,-0.7030237772816593,21.20155082932795,0.0,-79.5058156099798,-2.6363391648062224,0.0
41.00000000000041,5.642743472696152,0.39930702641572674,8.0,-1.4974013490589753,21.16028802261057,0.0,-79.35108008478964,-5.615255058971157,0.0
41.01000000000041,5.623805879414924,0.610579585851133,8.0,-2.2896734469417486,21.089272047805963,0.0,-79.08477017927237,-8.586275426031557,0.0
41.02000000000041,5.596960735846979,0.8209936183596352,8.0,-3.0787260688486318,20.988602759426172,0.0,-78.70726034784815,-11.54522275818237,0.0
41.030000000000406,5.562245788551725,1.0302532638815567,8.0,-3.863449739555838,20.858421707068967,0.0,-78.21908140150863,-14.487936523334392,0.0
41.040000000000404,5.519709849703217,1.2380642855236934,8.0,-4.64274107071385,20.698911936387063,0.0,-77.62091976145149,-17.410279015176936,0.0
41.0500000000004,5.469412728456082,1.4441344832814562,8.0,-5.41550431230546,20.510297731710306,0.0,-76.91361649391365,-20.308141171145476,0.0
41.0600000000004,5.411425146848753,1.6481741048969794,8.0,-6.180652893363672,20.292844300682823,0.0,-76.09816612756059,-23.17744835011377,0.0
41.0700000000004,5.345828640362253,1.8498962532754832,8.0,-6.937110949783062,20.046857401358448,0.0,-75.17571525509418,-26.01416606168648,0.0
41.080000000000396,5.272715443274365,2.049017289887038,8.0,-7.683814837076392,19.772682912278867,0.0,-74.14756092104575,-28.81430563903647,0.0
41.090000000000394,5.192188358970374,2.2452572335865066,8.0,-8.4197146259494,19.470706346138904,0.0,-73.01514879802089,-31.573929847310247,0.0
41.10000000000039,5.1043606153927525,2.438340154290892,8.0,-9.143775578590844,19.14135230772282,0.0,-71.78007115396058,-34.28915841971567,0.0
41.11000000000039,5.009355705833015,2.6279945609605466,8.0,-9.85497960360205,18.785083896873807,0.0,-70.44406461327678,-36.956173513507686,0.0
41.12000000000039,4.90730721528964,2.81395378333871,8.0,-10.552326687520162,18.40240205733615,0.0,-69.00900771501057,-39.57122507820061,0.0
41.130000000000386,4.798358632636169,2.9959563469126116,8.0,-11.234836300922293,17.993844872385633,0.0,-67.47691827144612,-42.1306361284586,0.0
41.140000000000384,4.682663148863624,3.173746340568919,8.0,-11.901548777133444,17.55998680823859,0.0,-65.84995053089472,-44.63080791425042,0.0
41.15000000000038,4.56038344168093,3.3470737764265666,8.0,-12.551526661599624,17.101437906303488,0.0,-64.13039214863808,-47.06822498099859,0.0
41.16000000000038,4.431691446776179,3.5156949413410223,8.0,-13.183856030028835,16.61884292541067,0.0,-62.32066097029002,-49.43946011260813,0.0
41.17000000000038,4.296768116060415,3.679372739585735,8.0,-13.797647773446506,16.112880435226554,0.0,-60.42330163209958,-51.7411791504244,0.0
41.180000000000376,4.155803163233817,3.837877026228929,8.0,-14.392038848358483,15.584261862126812,0.0,-58.44098198297555,-53.97014568134431,0.0
41.190000000000374,4.00899479703208,3.9909849307369885,8.0,-14.966193490263706,15.033730488870297,0.0,-56.37648933326361,-56.12322558848889,0.0
41.20000000000037,3.856549442528034,4.138481170349421,8.0,-15.51930438881033,14.462060409480127,0.0,-54.232726535550476,-58.19739145803874,0.0
41.21000000000037,3.6986814508804087,4.280158352784766,8.0,-16.050593822942872,13.870055440801531,0.0,-52.01270790300575,-60.18972683603577,0.0
41.22000000000037,3.5356127979378345,4.415817267851807,8.0,-16.559314754444276,13.258547992266879,0.0,-49.71955497100079,-62.09743032916604,0.0
41.230000000000366,3.367572772121885,4.545267167556086,8.0,-17.044751878335322,12.62839789545707,0.0,-47.35649210796401,-63.91781954375745,0.0
41.240000000000364,3.1947976520280204,4.668326034307828,8.0,-17.506222628654356,11.980491195105076,0.0,-44.92684198164403,-65.64833485745383,0.0
41.25000000000036,3.017530374197743,4.78482083685419,8.0,-17.943078138203212,11.315738903241535,0.0,-42.434020887155754,-67.28654301826205,0.0
41.26000000000036,2.8360201915291245,4.894587773575943,8.0,-18.354704150909786,10.635075718234217,0.0,-39.881533943378315,-68.8301405659117,0.0
41.27000000000036,2.6505223228059887,4.997472502806509,8.0,-18.74052188552441,9.939458710522457,0.0,-37.27297016445921,-70.27695707071653,0.0
41.280000000000356,2.461297593838553,5.093330359849492,8.0,-19.099988849435594,9.229865976894573,0.0,-34.61199741335465,-71.62495818538348,0.0
41.290000000000354,2.2686120707201147,5.182026560389573,8.0,-19.4325996014609,8.50729526520043,0.0,-31.902357244501612,-72.87224850547838,0.0
41.30000000000035,2.0727366857154523,5.263436390010743,8.0,-19.737886462540285,7.7727625714329465,0.0,-29.14785964287355,-74.01707423452608,0.0
41.31000000000035,1.8739468563069728,5.337445379555393,8.0,-20.015420173332725,7.027300711151148,0.0,-26.352377666816803,-75.05782564999771,0.0
41.32000000000035,1.6725220979342628,5.4039494660777105,8.0,-20.264810497791416,6.2719578672534855,0.0,-23.51984200220057,-75.99303936671781,0.0
41.33000000000035,1.4687456309715623,5.462855139165046,8.0,-20.48570677186892,5.507796116143359,0.0,-20.654235435537597,-76.82140039450846,0.0
41.340000000000344,1.2629039824957846,5.51407957242152,8.0,-20.677798396580698,4.735889934359193,0.0,-17.759587253846973,-77.54174398717763,0.0
41.35000000000034,1.0552865834050307,5.557550739928997,8.0,-20.84081527473374,3.9573246877688653,0.0,-14.839967579133244,-78.15305728025152,0.0
41.36000000000034,0.8461853614540823,5.593207517521662,8.0,-20.97452819070623,3.1731951054528085,0.0,-11.899481645448033,-78.65448071514837,0.0
41.37000000000034,0.6358943307791036,5.620999768731805,8.0,-21.078749132744267,2.3846037404216385,0.0,-8.942264026581144,-79.045309247791,0.0
41.38000000000034,0.42470917848871154,5.640888415285969,8.0,-21.15333155732238,1.5926594193326682,0.0,-5.972472822497506,-79.32499333995894,0.0
41.390000000000335,0.21292684890270516,5.652845492052332,8.0,-21.198170595196245,0.7984756833851444,0.0,-2.9942838126942912,-79.49313973198592,0.0
41.40000000000033,0.000845126023048094,5.6568541863620645,8.0,-21.21320319885774,0.0031692225864303524,0.0,-0.011884584699113823,-79.54951199571653,0.0
41.41000000000033,-0.21123778517581296,5.652908861649374,8.0,-21.19840823118515,-0.7921416944092986,0.0,2.9705313540348697,-79.49403086694431,0.0
41.42000000000033,-0.4230236780485532,5.641015065377,8.0,-21.15380649516375,-1.5863387926820745,0.0,5.948770472557779,-79.32677435686406,0.0
41.43000000000033,-0.6342147635829242,5.621189521236004,8.0,-21.079460704635014,-2.3783053634359654,0.0,8.918645112884871,-79.0479776423813,0.0
41.440000000000325,-0.8445140891164802,5.59346010563084,8.0,-20.975475396115648,-3.1669278341868004,0.0,11.875979378200501,-78.6580327354337,0.0
41.45000000000032,-1.0536259558773264,5.557865808482749,8.0,-20.841996781810305,-3.951097334539974,0.0,14.816615004524902,-78.15748793178865,0.0
41.46000000000032,-1.2612563347617889,5.51445667840661,8.0,-20.679212544024786,-4.729711255356708,0.0,17.736417207587657,-77.54704704009295,0.0
41.47000000000032,-1.4671132797643898,5.463293752338325,8.0,-20.487351571268718,-5.501674799116461,0.0,20.63128049668673,-76.8275683922577,0.0
41.48000000000032,-1.670907338478808,5.404448969711683,8.0,-20.26668363641881,-6.26590251929553,0.0,23.497134447358235,-76.00006363657054,0.0
41.490000000000315,-1.8723519590926283,5.338005071305385,8.0,-20.01751901739519,-7.021319846597356,0.0,26.329949424740082,-75.06569631523196,0.0
41.50000000000031,-2.071163893303607,5.264055482902459,8.0,-19.740208060884225,-7.766864599888526,0.0,29.125742249581972,-74.02578022831584,0.0
41.51000000000031,-2.2670635945909217,5.182704183925655,8.0,-19.435140689721205,-8.501488479715956,0.0,31.880581798934838,-72.88177758645453,0.0
41.52000000000031,-2.4597756112813998,5.094065561233505,8.0,-19.102745854625642,-9.224158542305249,0.0,34.59059453364468,-71.63529695484615,0.0
41.53000000000031,-2.6490289738580435,4.998264248282658,8.0,-18.743490931059966,-9.933858651967663,0.0,37.25196994487874,-70.28809099147487,0.0
41.540000000000305,-2.8345575759662602,4.895434949882623,8.0,-18.357881062059835,-10.629590909873475,0.0,39.860965912025534,-68.84205398272438,0.0
41.5500000000003,-3.016100548582074,4.785722252789323,8.0,-17.946458447959962,-11.310377057182778,0.0,42.41391396443542,-67.29921917984986,0.0
41.5600000000003,-3.1934026268162032,4.669280422403797,8.0,-17.509801584014237,-11.97525985056076,0.0,44.90722443960286,-65.6617559400534,0.0
41.5700000000003,-3.366214508838241,4.546273185861902,8.0,-17.04852444698213,-12.623304408143404,0.0,47.337391530537765,-63.931966676182995,0.0
41.5800000000003,-3.534293206416281,4.416873501820007,8.0,-16.563275631825025,-13.253599524061054,0.0,49.70099821522895,-62.11228361934384,0.0
41.590000000000295,-3.6974023865790713,4.281263317260384,8.0,-16.054737439726438,-13.865258949671517,0.0,51.99472106126819,-60.20526539897415,0.0
41.60000000000029,-3.8553127039203137,4.139633311658249,8.0,-15.523624918718433,-14.457422639701177,0.0,54.21533489887941,-58.21359344519413,0.0
41.61000000000029,-4.007802123077845,3.9921826288701676,8.0,-14.970684858263128,-15.029257961541918,0.0,56.35971735578219,-56.14006821848673,0.0
41.62000000000029,-4.154656230934278,3.8391185971208266,8.0,-14.396694739203099,-15.579960866003542,0.0,58.42485324751328,-53.98760527201162,0.0
41.63000000000029,-4.295668538100119,3.6806564374818787,8.0,-13.802461640557043,-16.108757017875444,0.0,60.40783881703292,-51.759231152088915,0.0
41.640000000000285,-4.430640769255436,3.5170189612527825,8.0,-13.188821104697935,-16.614902884707885,0.0,62.30588581765456,-49.45807914261725,0.0
41.65000000000028,-4.559383141941865,3.3484362566691233,8.0,-12.556635962509212,-17.097686782281993,0.0,64.11632543355748,-47.087384859409546,0.0
41.66000000000028,-4.681714633412909,3.175145365378951,8.0,-11.906795120171067,-17.55642987529841,0.0,65.83661203236903,-44.6504817006415,0.0
41.67000000000028,-4.797463235167352,2.9973899491420215,8.0,-11.240212309282581,-17.99048713187757,0.0,67.46432674454088,-42.15079615980968,0.0
41.68000000000028,-4.906466194807863,2.815419947220602,8.0,-10.557824802077256,-18.399248230529484,0.0,68.99718086448557,-39.59184300778971,0.0
41.690000000000275,-5.008570244884741,2.629491224943566,8.0,-9.860592093538372,-18.782138418317775,0.0,70.43301906869166,-36.977220350768896,0.0
41.70000000000027,-5.103631818403004,2.439865213937944,8.0,-9.14949455226729,-19.138619319011266,0.0,71.76982244629224,-34.31060457100234,0.0
41.71000000000027,-5.191517250689825,2.2468085445337733,8.0,-8.425532042001649,-19.46818969008684,0.0,73.00571133782566,-31.595745157506183,0.0
41.72000000000027,-5.272102967338442,2.0505926708591358,8.0,-7.689722515721758,-19.770386127519156,0.0,74.13894797819684,-28.836459433956595,0.0
41.73000000000027,-5.345275657964313,1.8514934891525223,8.0,-6.943100584321958,-20.044783717366176,0.0,75.16793894012315,-26.036627191207344,0.0
41.740000000000265,-5.41093243552917,1.6497909498292123,8.0,-6.186716061859546,-20.290996633234386,0.0,76.09123737462895,-23.200185231973297,0.0
41.75000000000026,-5.468980981008956,1.445768663847132,8.0,-5.421632489426745,-20.508678678783582,0.0,76.90754504543844,-20.331121835350295,0.0
41.76000000000026,-5.519339673202249,1.2397135039256835,8.0,-4.6489256397213135,-20.697523774508433,0.0,77.61571415440662,-17.433471148954926,0.0
41.77000000000026,-5.5619377034966195,1.0319152011782537,8.0,-3.8696820044184514,-20.857266388112322,0.0,78.21474895542121,-14.511307516569193,0.0
41.78000000000026,-5.596715175431576,0.8226659377255816,8.0,-3.0849972664709306,-20.98768190786841,0.0,78.70380715450653,-11.56873974926599,0.0
41.790000000000255,-5.623623188918092,0.6122599358627973,8.0,-2.2959747594854893,-21.088586958442843,0.0,79.08220109416067,-8.609905348070585,0.0
41.80000000000025,-5.642623908996298,0.4009930443578048,8.0,-1.5037239163417682,-21.159839658736118,0.0,79.34939872026044,-5.63896468628163,0.0
41.81000000000025,-5.65369061903466,0.1891623224627045,8.0,-0.7093587092351419,-21.201339821379975,0.0,79.5050243301749,-2.6600951596317817,0.0
41.82000000000025,-5.656807758295839,-0.022934377776830026,8.0,0.0860039166631126,-21.213029093609396,0.0,79.54885910103523,0.3225146874866723,0.0
41.83000000000025,-5.651970943816412,-0.23499883032690772,8.0,0.8812456137259039,-21.194891039311546,0.0,79.4808413974183,3.30467105147214,0.0
41.840000000000245,-5.6391869765696985,-0.44673285449663697,8.0,1.6752482043623886,-21.146951162136368,0.0,79.30106685801138,6.282180766358957,0.0
41.85000000000024,-5.618473831903001,-0.6578387342055855,8.0,2.4668952532709456,-21.069276869636255,0.0,79.00978826113595,9.250857199766045,0.0
41.86000000000024,-5.58986063426275,-0.8680196365979589,8.0,3.255073637242346,-20.96197737848531,0.0,78.60741516931992,12.206526139658797,0.0
41.87000000000024,-5.553387616243035,-1.0769800294148901,8.0,4.038675110305838,-20.825203560911383,0.0,78.09451335341768,15.145031663646892,0.0
41.88000000000024,-5.509106062015163,-1.2844260965379777,8.0,4.8165978620174155,-20.65914773255686,0.0,77.47180399708823,18.062241982565308,0.0
41.890000000000235,-5.457078235217732,-1.4900661511197855,8.0,5.587748066699196,-20.464043382066492,0.0,76.74016268274936,20.954055250121982,0.0
41.90000000000023,-5.397377291408656,-1.693611045720407,8.0,6.351041421451526,-20.24016484278246,0.0,75.90061816043422,23.81640533044322,0.0
41.91000000000023,-5.330087175202215,-1.8947745788734023,8.0,7.1054046707752585,-19.987826907008305,0.0,74.95435090128115,26.64526751540722,0.0
41.92000000000023,-5.255302502235775,-2.0932738975094503,8.0,7.849777115660438,-19.707384383384156,0.0,73.90269143769059,29.436664183726645,0.0
41.93000000000023,-5.1731284261321395,-2.288829894671865,8.0,8.583112105019493,-19.39923159799552,0.0,72.74711849248321,32.1866703938231,0.0
41.940000000000225,-5.083680490644592,-2.4811676019647617,8.0,9.304378507367856,-19.063801839917218,0.0,71.48925689968956,34.89141940262946,0.0
41.95000000000022,-4.987084467192537,-2.670016576182052,8.0,10.012562160682695,-18.701566751972017,0.0,70.13087531989505,37.5471081025601,0.0
41.96000000000022,-4.883476178016168,-2.855111279573636,8.0,10.706667298401134,-18.31303566756063,0.0,68.67388375335236,40.150002369004255,0.0
41.97000000000022,-4.773001305198818,-3.036191453214106,8.0,11.385717949552896,-17.898754894495568,0.0,67.12033085435837,42.696442310823365,0.0
41.98000000000022,-4.655815185825542,-3.213002482948975,8.0,12.048759311058657,-17.459306946845782,0.0,65.47240105067168,45.18284741646996,0.0
41.990000000000215,-4.532082593565936,-3.3852957574038727,8.0,12.694859090264522,-16.99530972587226,0.0,63.73241147202097,47.60572158849196,0.0
42.00000000000021,-4.4019775069883185,-3.5528290175533233,8.0,13.32310881582496,-16.507415651206195,0.0,61.90280869202323,49.961658059343605,0.0
42.01000000000021,-4.265682864931037,-3.715366697357576,8.0,13.932625115090909,-15.996310743491389,0.0,59.98616528809271,52.24734418159091,0.0
42.02000000000021,-4.123390309274872,-3.8726802549885373,8.0,14.522550956207013,-15.46271365978077,0.0,57.985176224177884,54.4595660857763,0.0
42.03000000000021,-3.9752999154782227,-4.024548494179047,8.0,15.092056853171428,-14.907374683043335,0.0,55.90265506141251,56.59521319939285,0.0
42.040000000000205,-3.8216199112539666,-4.170757875243687,8.0,15.640342032163826,-14.331074667202374,0.0,53.7415300020089,58.651282620614346,0.0
42.0500000000002,-3.6625663837835445,-4.311102815333768,8.0,16.16663555750163,-13.73462393918829,0.0,51.50483977195609,60.6248833406311,0.0
42.0600000000002,-3.498362975879978,-4.445385977504337,8.0,16.670197415641262,-13.118861159549917,0.0,49.19572934831219,62.51324030865474,0.0
42.0700000000002,-3.329240571527012,-4.573418548186739,8.0,17.15031955570027,-12.484652143226294,0.0,46.8174455370986,64.31369833387602,0.0
42.0800000000002,-3.15543697123656,-4.69502050267658,8.0,17.606326885037173,-11.8328886421371,0.0,44.37333240801412,66.0237258188894,0.0
42.090000000000195,-2.9771965576809225,-4.810020858263805,8.0,18.03757821848927,-11.16448709130346,0.0,41.86682659238797,67.64091831933476,0.0
42.10000000000019,-2.7947699520699247,-4.918257914648954,8.0,18.443467179933577,-10.480387320262217,0.0,39.30145245098331,69.16300192475092,0.0
42.11000000000019,-2.608413661756137,-5.019579481307567,8.0,18.823423054903376,-9.781551231585514,0.0,36.68081711844568,70.58783645588765,0.0
42.12000000000019,-2.4183897195636828,-5.113843091483028,8.0,19.176911593061355,-9.068961448363812,0.0,34.00860543136429,71.91341847398009,0.0
42.13000000000019,-2.224965315347757,-5.200916202506964,8.0,19.503435759401114,-8.34361993255409,0.0,31.28857474707783,73.13788409775418,0.0
42.140000000000185,-2.028412420302923,-5.280676382165531,8.0,19.802536433120743,-7.60654657613596,0.0,28.52454966050985,74.25951162420279,0.0
42.15000000000018,-1.8290074045484361,-5.353011480849541,8.0,20.07379305318578,-6.858777767056635,0.0,25.72041662646238,75.27672394944668,0.0
42.16000000000018,-1.6270306485283081,-5.4178197892463675,8.0,20.31682420967388,-6.101364931981155,0.0,22.88011849492933,76.18809078627704,0.0
42.17000000000018,-1.422766148772508,-5.475010181351908,8.0,20.531288180069655,-5.335373057896905,0.0,20.007648967113393,76.9923306752612,0.0
42.18000000000018,-1.2165011185736436,-5.524502242601507,8.0,20.716883409755653,-4.561879194651163,0.0,17.107046979941863,77.6883127865837,0.0
42.190000000000175,-1.0085255841405953,-5.566226382939691,8.0,20.873348936023838,-3.7819709405272324,0.0,14.182391026977122,78.2750585100894,0.0
42.20000000000017,-0.7991319767969541,-5.600123934669714,8.0,21.000464755011425,-2.9967449129885777,0.0,11.237793423707167,78.75174283129284,0.0
42.21000000000017,-0.5886147217976614,-5.626147234945337,8.0,21.098052131045012,-2.2073052067412298,0.0,8.277394525279613,79.1176954914188,0.0
42.22000000000017,-0.3772698243420112,-5.644259692788856,8.0,21.16597384795821,-1.4147618412825418,0.0,5.305356904809532,79.37240192984328,0.0
42.23000000000017,-0.16539445336511713,-5.654435840541129,8.0,21.20413440202923,-0.6202292001191891,0.0,2.3258595004469593,79.51550400760962,0.0
42.240000000000165,0.0467134763069331,-5.656661369671277,8.0,21.21248013626729,0.17517553615099912,0.0,-0.6569082605662467,79.54680051100233,0.0
42.25000000000016,0.2587557228507095,-5.650933150895701,8.0,21.190999315858875,0.9703339606901608,0.0,-3.638752352588103,79.46624743447079,0.0
42.26000000000016,0.4704341367988577,-5.637259238578116,8.0,21.13972214466793,1.7641280129957162,0.0,-6.615480048733936,79.27395804250474,0.0
42.27000000000016,0.6814510802636555,-5.615658859404434,8.0,21.058720722766623,2.555441550988708,0.0,-9.582905816207656,78.97020271037483,0.0
42.28000000000016,0.8915098454412466,-5.5861623853484,8.0,20.9481089450565,3.3431619204046745,0.0,-12.53685720151753,78.55540854396187,0.0
42.290000000000155,1.100315071808095,-5.548811290966016,8.0,20.80804234112256,4.1261815192803555,0.0,-15.473180697301334,78.0301587792096,0.0
42.30000000000015,1.3075731614230504,-5.503658095078776,8.0,20.63871785654541,4.903399355336439,0.0,-18.387747582511647,77.39519196204527,0.0
42.31000000000015,1.512992691751072,-5.450766286927724,8.0,20.440373575978967,5.67372259406652,0.0,-21.27645972774945,76.65140090992112,0.0
42.32000000000015,1.7162848254281444,-5.390210236902183,8.0,20.213288388383187,6.436068095355541,0.0,-24.13525535758328,75.79983145643695,0.0
42.33000000000015,1.9171637163912256,-5.322075091968638,8.0,19.95778159488239,7.189363936467095,0.0,-26.96011476175161,74.84168098080897,0.0
42.340000000000146,2.1153469118021677,-5.2464566559468535,8.0,19.6742124598007,7.932550919258129,0.0,-29.747065947217983,73.77829672425263,0.0
42.35000000000014,2.310555749200478,-5.1634612548015335,8.0,19.36297970550575,8.664584059501793,0.0,-32.49219022313172,72.61117389564656,0.0
42.36000000000014,2.5025157483264824,-5.073205587138959,8.0,19.024520951771095,9.384434056224308,0.0,-35.19162771084115,71.34195356914161,0.0
42.37000000000014,2.6909569970639597,-4.975816560118804,8.0,18.65931210044551,10.091088738989848,0.0,-37.84158277121193,69.97242037667067,0.0
42.38000000000014,2.875614530959579,-4.871431111011847,8.0,18.267866666294427,10.783554491098421,0.0,-40.43832934161908,68.5044999986041,0.0
42.390000000000136,3.056228705785496,-4.760196014654514,8.0,17.850735054954423,11.460857646695612,0.0,-42.97821617510854,66.9402564560791,0.0
42.400000000000134,3.232545562621267,-4.642267677070934,8.0,17.408503789016,12.12204585982975,0.0,-45.45767197436157,65.28188920881,0.0
42.41000000000013,3.4043171849417266,-4.517811915552754,8.0,16.941794683322826,12.766189443531474,0.0,-47.87321041324303,63.531730062460596,0.0
42.42000000000013,3.571302047208751,-4.387003725505894,8.0,16.4512639706471,13.392382677032815,0.0,-50.221435038873054,61.692239889926626,0.0
42.43000000000013,3.7332653544767442,-4.250027034392091,8.0,15.937601378970342,13.999745079287791,0.0,-52.499044047329214,59.76600517113878,0.0
42.440000000000126,3.8899793725343415,-4.10707444311122,8.0,15.401529161667073,14.587422647003779,0.0,-54.702834926264174,57.75573435625152,0.0
42.450000000000124,4.041223748118112,-3.958346955188012,8.0,14.843801081955045,15.154589055442917,0.0,-56.829708957910945,55.66425405733141,0.0
42.46000000000012,4.186785818748028,-3.8040536941439735,8.0,14.2652013530399,15.700446820305105,0.0,-58.876675576144144,53.494505073899624,0.0
42.47000000000012,4.326460911749032,-3.644411609451893,8.0,13.666543535444598,16.224228419058868,0.0,-60.84085657147076,51.249538257917244,0.0
42.48000000000012,4.460052632038259,-3.4796451714863976,8.0,13.048669393073991,16.725197370143473,0.0,-62.71949013803802,48.93251022402747,0.0
42.490000000000116,4.587373138273257,-3.3099860558994765,8.0,12.412447709623036,17.202649268524713,0.0,-64.50993475696768,46.54667891108639,0.0
42.500000000000114,4.708243406972923,-3.135672817864773,8.0,11.758773066992898,17.65591277614846,0.0,-66.20967291055673,44.09539900122336,0.0
42.51000000000011,4.822493484239771,-2.9569505566486844,8.0,11.088564587432566,18.08435056589914,0.0,-67.81631462212177,41.58211720287212,0.0
42.52000000000011,4.929962724729593,-2.774070570979904,8.0,10.402764641174638,18.487360217735972,0.0,-69.3276008165099,39.010367404404896,0.0
42.53000000000011,5.030500017532507,-2.587290005701999,8.0,9.702337521382496,18.864375065746902,0.0,-70.74140649655088,36.38376570518436,0.0
42.540000000000106,5.123963998647767,-2.3968714902058457,8.0,8.988268088271921,19.214864994929126,0.0,-72.05574373098422,33.7060053310197,0.0
42.550000000000104,5.210223249753597,-2.2030827691503263,8.0,8.261560384313723,19.53833718657599,0.0,-73.26876444965995,30.98085144117646,0.0
42.5600000000001,5.28915648299255,-2.0061963259905253,8.0,7.52323622246447,19.834336811222062,0.0,-74.37876304208274,28.21213583424176,0.0
42.5700000000001,5.360652711512571,-1.8064889998427704,8.0,6.774333749410388,20.10244766817214,0.0,-75.38417875564552,25.403751560288956,0.0
42.5800000000001,5.424611405523964,-1.604241596225247,8.0,6.015905985844676,20.342292770714867,0.0,-76.28359789018074,22.559647446917534,0.0
42.590000000000096,5.480942633652852,-1.399738492221509,8.0,5.249019345830658,20.553534876198196,0.0,-77.07575578574323,19.68382254686497,0.0
42.600000000000094,5.529567189392343,-1.193267236622068,8.0,4.4747521373327555,20.735876960221287,0.0,-77.75953860082983,16.780320514997833,0.0
42.61000000000009,5.570416702473634,-0.9851181456062915,8.0,3.694193046023593,20.889062634276126,0.0,-78.33398487853547,13.853223922588473,0.0
42.62000000000009,5.603433735000428,-0.7755838945331147,8.0,2.90843960449918,21.012876506251605,0.0,-78.79828689844352,10.906648516871925,0.0
42.63000000000009,5.628571862211523,-0.5649591064145472,8.0,2.118596649054552,21.107144483293208,0.0,-79.15179181234953,7.94473743395457,0.0
42.640000000000086,5.649773799846041,-0.28294170879040575,8.0,1.4147085439520288,28.2488689992302,0.0,-141.244344996151,7.073542719760144,0.0
42.650000000000084,5.656854245326262,-0.00021710424748175032,8.0,0.0010855212374087516,28.284271226631308,0.0,-141.42135613315654,0.005427606187043758,0.0
42.66000000000008,5.649795501225909,0.28250804294299525,8.0,-1.4125402147149762,28.248977506129545,0.0,-141.24488753064773,-7.062701073574881,0.0
42.67000000000008,5.628615210729111,0.5645270671534593,8.0,-2.822635335767297,28.143076053645554,0.0,-140.7153802682278,-14.113176678836485,0.0
42.68000000000008,5.593366313531628,0.8451350676960533,8.0,-4.225675338480267,27.96683156765814,0.0,-139.8341578382907,-21.128376692401332,0.0
42.690000000000076,5.544136913519182,1.123630670707242,8.0,-5.6181533535362105,27.720684567595907,0.0,-138.60342283797954,-28.090766767681053,0.0
42.700000000000074,5.4810500585536275,1.3993177822172045,8.0,-6.996588911086022,27.405250292768137,0.0,-137.02625146384068,-34.98294455543011,0.0
42.71000000000007,5.404263432917381,1.6715073280222374,8.0,-8.357536640111187,27.021317164586907,0.0,-135.10658582293453,-41.78768320055593,0.0
42.72000000000007,5.313968963184832,1.9395189760114038,8.0,-9.697594880057018,26.56984481592416,0.0,-132.8492240796208,-48.48797440028509,0.0
42.73000000000007,5.2103923385058595,2.2026828366424986,8.0,-11.013414183212493,26.051961692529296,0.0,-130.25980846264648,-55.06707091606246,0.0
42.740000000000066,5.093792446500498,2.460341137317034,8.0,-12.301705686585167,25.468962232502488,0.0,-127.34481116251244,-61.50852843292584,0.0
42.750000000000064,4.964460726174711,2.711849866469172,8.0,-13.55924933234586,24.822303630873552,0.0,-124.11151815436777,-67.7962466617293,0.0
42.76000000000006,4.822720439474655,2.9565803832592463,8.0,-14.782901916296233,24.113602197373275,0.0,-120.56801098686638,-73.91450958148116,0.0
42.77000000000006,4.668925863300166,3.1939209888484728,8.0,-15.969604944242363,23.34462931650083,0.0,-116.72314658250414,-79.84802472121181,0.0
42.78000000000006,4.5034614039970124,3.423278455327474,8.0,-17.11639227663737,22.51730701998506,0.0,-112.58653509992531,-85.58196138318685,0.0
42.790000000000056,4.3267406365412295,3.644079508477114,8.0,-18.22039754238557,21.633703182706146,0.0,-108.16851591353073,-91.10198771192785,0.0
42.800000000000054,4.139205270817057,3.855772260655483,8.0,-19.278861303277413,20.696026354085287,0.0,-103.48013177042644,-96.39430651638706,0.0
42.81000000000005,3.941324047572278,4.05782759022959,8.0,-20.289137951147946,19.70662023786139,0.0,-98.53310118930695,-101.44568975573974,0.0
42.82000000000005,3.733591566810454,4.24974046410388,8.0,-21.2487023205194,18.66795783405227,0.0,-93.33978917026134,-106.243511602597,0.0
42.83000000000005,3.5165270515485045,4.431031200039962,8.0,-22.15515600019981,17.58263525774252,0.0,-87.9131762887126,-110.77578000099905,0.0
42.840000000000046,3.2906730500295707,4.6012466656123845,8.0,-23.00623332806192,16.45336525014785,0.0,-82.26682625073926,-115.0311666403096,0.0
42.850000000000044,3.0565940796349595,4.759961410803718,8.0,-23.799807054018586,15.282970398174797,0.0,-76.41485199087398,-118.99903527009293,0.0
42.86000000000004,2.814875215884686,4.906778731408025,8.0,-24.533893657040124,14.07437607942343,0.0,-70.37188039711715,-122.66946828520062,0.0
42.87000000000004,2.5661206300533754,5.0413316605847776,8.0,-25.206658302923888,12.830603150266878,0.0,-64.1530157513344,-126.03329151461945,0.0
42.88000000000004,2.310952079056722,5.163283886084845,8.0,-25.816419430424226,11.554760395283608,0.0,-57.77380197641804,-129.08209715212112,0.0
42.890000000000036,2.0500073513830044,5.272330590855968,8.0,-26.36165295427984,10.250036756915021,0.0,-51.25018378457511,-131.8082647713992,0.0
42.900000000000034,1.7839386729540199,5.368199214926645,8.0,-26.840996074633225,8.919693364770099,0.0,-44.598466823850494,-134.20498037316614,0.0
42.91000000000003,1.513411076899952,5.450650136664114,8.0,-27.253250683320573,7.567055384499761,0.0,-37.8352769224988,-136.26625341660286,0.0
42.92000000000003,1.2391007413228874,5.519477271703642,8.0,-27.597386358518207,6.195503706614437,0.0,-30.977518533072182,-137.98693179259104,0.0
42.93000000000003,0.9616932992037072,5.574508588052107,8.0,-27.872542940260534,4.808466496018536,0.0,-24.04233248009268,-139.36271470130268,0.0
42.940000000000026,0.6818821246767064,5.615606536078395,8.0,-28.07803268039197,3.4094106233835317,0.0,-17.04705311691766,-140.39016340195985,0.0
42.950000000000024,0.4003665999553597,5.642668392315836,8.0,-28.213341961579182,2.0018329997767985,0.0,-10.009164998883993,-141.0667098078959,0.0
42.96000000000002,0.11785036724101935,5.655626516217382,8.0,-28.27813258108691,0.5892518362050967,0.0,-2.9462591810254835,-141.39066290543454,0.0
42.97000000000002,-0.16496043001613878,5.654448519221737,8.0,-28.272242596108683,-0.8248021500806938,0.0,4.124010750403469,-141.36121298054343,0.0
42.98000000000002,-0.4473589121079878,5.639137345707902,8.0,-28.19568672853951,-2.236794560539939,0.0,11.183972802699694,-140.97843364269755,0.0
42.990000000000016,-0.7286392298995846,5.609731265635757,8.0,-28.048656328178783,-3.643196149497923,0.0,18.215980747489613,-140.2432816408939,0.0
43.000000000000014,-1.008098329084408,5.56630377889109,8.0,-27.83151889445545,-5.04049164542204,0.0,25.2024582271102,-139.15759447227725,0.0
43.01000000000001,-1.2850377074539816,5.508963431574167,8.0,-27.544817157870835,-6.425188537269907,0.0,32.12594268634954,-137.72408578935418,0.0
43.02000000000001,-1.5587651607896214,5.437853544691003,8.0,-27.189267723455014,-7.793825803948106,0.0,38.969129019740535,-135.94633861727507,0.0
43.03000000000001,-1.8285965130124904,5.3531518559254945,8.0,-26.76575927962747,-9.142982565062452,0.0,45.714912825312254,-133.82879639813737,0.0
43.040000000000006,-2.093857326267483,5.255070075387767,8.0,-26.275350376938835,-10.469286631337415,0.0,52.34643315668708,-131.37675188469416,0.0
43.050000000000004,-2.3538845866666236,5.143853356449162,8.0,-25.719266782245807,-11.769422933333116,0.0,58.84711466666558,-128.59633391122904,0.0
43.06,-2.608028361478493,5.019779682986476,8.0,-25.098898414932382,-13.040141807392464,0.0,65.20070903696232,-125.4944920746619,0.0
43.07,-2.855653423621581,4.88315917456705,8.0,-24.415795872835247,-14.278267118107907,0.0,71.39133559053953,-122.07897936417623,0.0
43.08,-3.0961408394011705,4.734333311311342,8.0,-23.671666556556712,-15.480704197005851,0.0,77.40352098502926,-118.35833278278356,0.0
43.089999999999996,-3.3288895155212352,4.573674080370485,8.0,-22.868370401852424,-16.644447577606176,0.0,83.22223788803089,-114.34185200926211,0.0
43.099999999999994,-3.553317701504645,4.401583046152117,8.0,-22.007915230760585,-17.766588507523224,0.0,88.83294253761612,-110.03957615380293,0.0
43.10999999999999,-3.76886444376638,4.218490346618508,8.0,-21.09245173309254,-18.8443222188319,0.0,94.2216110941595,-105.4622586654627,0.0
43.11999999999999,-3.974990987705359,4.024853618165658,8.0,-20.124268090828284,-19.874954938526795,0.0,99.37477469263398,-100.62134045414143,0.0
43.12999999999999,-4.171182124310364,3.821156851770637,8.0,-19.105784258853184,-20.85591062155182,0.0,104.2795531077591,-95.52892129426591,0.0
43.139999999999986,-4.356947477914251,3.60790918326621,8.0,-18.03954591633105,-21.784737389571255,0.0,108.92368694785627,-90.19772958165525,0.0
43.149999999999984,-4.531822731877736,3.385643620766399,8.0,-16.928218103831995,-22.659113659388684,0.0,113.29556829694342,-84.64109051915997,0.0
43.15999999999998,-4.695370789139184,3.154915712423785,8.0,-15.774578562118926,-23.47685394569592,0.0,117.38426972847961,-78.87289281059464,0.0
43.16999999999998,-4.847182864729621,2.916302157848454,8.0,-14.581510789242268,-24.235914323648103,0.0,121.17957161824052,-72.90755394621134,0.0
43.17999999999998,-4.986879507522272,2.670399366659306,8.0,-13.35199683329653,-24.93439753761136,0.0,124.6719876880568,-66.75998416648265,0.0
43.189999999999976,-5.114111548662762,2.4178219677706165,8.0,-12.089109838853084,-25.570557743313806,0.0,127.85278871656904,-60.44554919426542,0.0
43.199999999999974,-5.228560974309403,2.1592012731398413,8.0,-10.796006365699206,-26.142804871547014,0.0,130.71402435773507,-53.98003182849603,0.0
43.20999999999997,-5.329941720502189,1.8951836998165015,8.0,-9.475918499082507,-26.649708602510945,0.0,133.24854301255473,-47.37959249541254,0.0
43.21999999999997,-5.418000388173711,1.6264291542362124,8.0,-8.132145771181062,-27.090001940868554,0.0,135.45000970434276,-40.66072885590531,0.0
43.22999999999997,-5.4925168765148555,1.353609382798263,8.0,-6.768046913991314,-27.462584382574278,0.0,137.3129219128714,-33.84023456995657,0.0
43.23999999999997,-5.553304933112209,1.0774062928494568,8.0,-5.3870314642472845,-27.766524665561043,0.0,138.8326233278052,-26.93515732123642,0.0
43.249999999999964,-5.600212619482084,0.7985102482708781,8.0,-3.9925512413543904,-28.00106309741042,0.0,140.0053154870521,-19.962756206771953,0.0
43.25999999999996,-5.633122690837608,0.5176183439277208,8.0,-2.5880917196386037,-28.165613454188037,0.0,140.82806727094018,-12.94045859819302,0.0
43.26999999999996,-5.651952889139625,0.23543266329516663,8.0,-1.177163316475833,-28.25976444569812,0.0,141.29882222849062,-5.8858165823791655,0.0
43.27999999999996,-5.656656148698957,-0.047341476384664564,8.0,0.2367073819233228,-28.283280743494785,0.0,141.41640371747394,1.1835369096166142,0.0
43.28999999999996,-5.647220713816119,-0.3299972870284984,8.0,1.649986435142492,-28.236103569080594,0.0,141.18051784540296,8.249932175712459,0.0
43.299999999999955,-5.623670168164436,-0.6118282763140259,8.0,3.0591413815701296,-28.118350840822178,0.0,140.59175420411088,15.295706907850647,0.0
43.30999999999995,-5.58606337584315,-0.8921300135427753,8.0,4.4606500677138765,-27.93031687921575,0.0,139.65158439607876,22.303250338569384,0.0
43.31999999999995,-5.534494334247827,-1.1702018903499973,8.0,5.851009451749987,-27.672471671239133,0.0,138.36235835619567,29.255047258749933,0.0
43.32999999999995,-5.469091939125817,-1.4453488718607086,8.0,7.2267443593035425,-27.34545969562908,0.0,136.7272984781454,36.13372179651771,0.0
43.33999999999995,-5.390019662404015,-1.7168832339149094,8.0,8.584416169574547,-26.950098312020074,0.0,134.75049156010036,42.922080847872735,0.0
43.349999999999945,-5.2974751435941805,-1.984126282019827,8.0,9.920631410099135,-26.487375717970902,0.0,132.4368785898545,49.603157050495675,0.0
43.35999999999994,-5.191689695797085,-2.2464100477326885,8.0,11.232050238663442,-25.958448478985424,0.0,129.79224239492711,56.160251193317215,0.0
43.36999999999994,-5.072927727540224,-2.503078958233956,8.0,12.51539479116978,-25.36463863770112,0.0,126.8231931885056,62.57697395584889,0.0
43.37999999999994,-4.941486081894203,-2.7534914749179604,8.0,13.767457374589803,-24.707430409471012,0.0,123.53715204735506,68.83728687294901,0.0
43.38999999999994,-4.79769329451965,-2.9970216969053105,8.0,14.985108484526553,-23.98846647259825,0.0,119.94233236299125,74.92554242263276,0.0
43.399999999999935,-4.641908772499168,-3.233060925469125,8.0,16.165304627345623,-23.209543862495835,0.0,116.04771931247919,80.82652313672813,0.0
43.40999999999993,-4.474521896006794,-3.461019185464849,8.0,17.305095927324246,-22.37260948003397,0.0,111.86304740016985,86.52547963662123,0.0
43.41999999999993,-4.295951045060361,-3.6803266999608604,8.0,18.4016334998043,-21.479755225301805,0.0,107.39877612650902,92.0081674990215,0.0
43.42999999999993,-4.106642553789333,-3.8904353143840638,8.0,19.45217657192032,-20.53321276894667,0.0,102.66606384473334,97.26088285960158,0.0
43.43999999999993,-3.907069594831932,-4.090819866620852,8.0,20.45409933310426,-19.53534797415966,0.0,97.6767398707983,102.2704966655213,0.0
43.449999999999925,-3.697730996649962,-4.280979499648893,8.0,21.404897498244463,-18.48865498324981,0.0,92.44327491624905,107.02448749122232,0.0
43.45999999999992,-3.4791499967174446,-4.4604389134188365,8.0,22.30219456709418,-17.395749983587223,0.0,86.97874991793611,111.5109728354709,0.0
43.46999999999992,-3.2518729336994263,-4.628749552856915,8.0,23.143747764284576,-16.25936466849713,0.0,81.29682334248565,115.71873882142287,0.0
43.47999999999992,-3.016467881889846,-4.78549072901902,8.0,23.9274536450951,-15.08233940944923,0.0,75.41169704724615,119.6372682254755,0.0
43.48999999999992,-2.7735232313216467,-4.9302706705939725,8.0,24.65135335296986,-13.867616156608234,0.0,69.33808078304116,123.2567667648493,0.0
43.499999999999915,-2.52364621709812,-5.062727503127771,8.0,25.313637515638852,-12.618231085490601,0.0,63.091155427453,126.56818757819427,0.0
43.50999999999991,-2.267461401621392,-5.182530153521266,8.0,25.912650767606326,-11.337307008106961,0.0,56.68653504053481,129.56325383803164,0.0
43.51999999999991,-2.0056091135116816,-5.289379177540488,8.0,26.44689588770244,-10.028045567558408,0.0,50.14022783779204,132.2344794385122,0.0
43.52999999999991,-1.7387438471192276,-5.383007508271286,8.0,26.915037541356426,-8.693719235596138,0.0,43.468596177980686,134.57518770678215,0.0
43.53999999999991,-1.4675326266292665,-5.463181123647523,8.0,27.315905618237615,-7.337663133146333,0.0,36.688315665731665,136.57952809118808,0.0
43.549999999999905,-1.1926533388489502,-5.529699631384371,8.0,27.648498156921857,-5.963266694244751,0.0,29.816333471223754,138.2424907846093,0.0
43.5599999999999,-0.9147930388433638,-5.582396769854659,8.0,27.911983849273295,-4.573965194216819,0.0,22.869825971084094,139.55991924636646,0.0
43.5699999999999,-0.6346462326556741,-5.621140823656348,8.0,28.10570411828174,-3.1732311632783703,0.0,15.866155816391853,140.5285205914087,0.0
43.5799999999999,-0.3529131414037141,-5.645834952832447,8.0,28.229174764162238,-1.7645657070185703,0.0,8.822828535092851,141.14587382081118,0.0
43.5899999999999,-0.07029795109185596,-5.656417434920471,8.0,28.282087174602356,-0.3514897554592798,0.0,1.757448777296399,141.41043587301178,0.0
43.599999999999895,0.21249294748726658,-5.652861819226451,8.0,28.26430909613225,1.0624647374363327,0.0,-5.312323687181665,141.32154548066126,0.0
43.60999999999989,0.4947527243618588,-5.63517699293789,8.0,28.17588496468945,2.4737636218092938,0.0,-12.368818109046469,140.87942482344724,0.0
43.61999999999989,0.7757758770877844,-5.603407158910433,8.0,28.01703579455216,3.8788793854389216,0.0,-19.39439692719461,140.08517897276081,0.0
43.62999999999989,1.0548599941372574,-5.557631725183736,8.0,27.78815862591868,5.274299970686287,0.0,-26.371499853431438,138.9407931295934,0.0
43.63999999999989,1.3313075105618528,-5.497965106502733,8.0,27.489825532513663,6.656537552809264,0.0,-33.28268776404632,137.44912766256832,0.0
43.649999999999885,1.6044274515415926,-5.4245564383403515,8.0,27.122782191701756,8.022137257707962,0.0,-40.11068628853981,135.61391095850877,0.0
43.65999999999988,1.8735371594621426,-5.337589204136501,8.0,26.687946020682507,9.367685797310713,0.0,-46.838428986553566,133.43973010341253,0.0
43.66999999999988,2.1379640002033287,-5.237280776685033,8.0,26.186403883425164,10.689820001016644,0.0,-53.44910000508322,130.93201941712582,0.0
43.67999999999988,2.3970470443741347,-5.1238818748149555,8.0,25.619409374074777,11.985235221870674,0.0,-59.92617610935337,128.0970468703739,0.0
43.68999999999988,2.6501387192919745,-4.9976759367239385,8.0,24.988379683619694,13.250693596459872,0.0,-66.25346798229936,124.94189841809848,0.0
43.699999999999875,2.89660642757715,-4.858978411530427,8.0,24.294892057652135,14.483032137885749,0.0,-72.41516068942875,121.47446028826066,0.0
43.70999999999987,3.135834128316849,-4.708135970815128,8.0,23.54067985407564,15.679170641584244,0.0,-78.39585320792122,117.70339927037821,0.0
43.71999999999987,3.3672238768466007,-4.545525642122609,8.0,22.72762821061304,16.836119384233,0.0,-84.180596921165,113.63814105306521,0.0
43.72999999999987,3.5901973193005325,-4.371553866588775,8.0,21.857769332943878,17.950986596502663,0.0,-89.75493298251331,109.28884666471939,0.0
43.73999999999987,3.8041971381948336,-4.186655483049715,8.0,20.933277415248575,19.020985690974168,0.0,-95.10492845487083,104.66638707624288,0.0
43.749999999999865,4.008688445431219,-3.9912926411710585,8.0,19.956463205855293,20.043442227156095,0.0,-100.21721113578047,99.78231602927646,0.0
43.75999999999986,4.203160119238613,-3.7859536463144994,8.0,18.929768231572496,21.015800596193063,0.0,-105.07900298096533,94.64884115786248,0.0
43.76999999999986,4.387126081711386,-3.5711517390287,8.0,17.8557586951435,21.93563040855693,0.0,-109.67815204278465,89.27879347571749,0.0
43.77999999999986,4.560126513750978,-3.3474238122152027,8.0,16.73711906107601,22.80063256875489,0.0,-114.00316284377445,83.68559530538006,0.0
43.78999999999986,4.721729004374173,-3.115329069175789,8.0,15.576645345878944,23.608645021870863,0.0,-118.04322510935432,77.88322672939472,0.0
43.799999999999855,4.871529631515363,-2.875447625895452,8.0,14.377238129477261,24.357648157576815,0.0,-121.78824078788408,71.88619064738631,0.0
43.80999999999985,5.0091539716213545,-2.628379061054553,8.0,13.141895305272767,25.04576985810677,0.0,-125.22884929053384,65.70947652636383,0.0
43.81999999999985,5.134258035515252,-2.3747409173943725,8.0,11.873704586971861,25.67129017757626,0.0,-128.3564508878813,59.36852293485931,0.0
43.82999999999985,5.246529128190259,-2.115167158181868,8.0,10.575835790909341,26.232645640951297,0.0,-131.16322820475648,52.8791789545467,0.0
43.83999999999985,5.3456866303843436,-1.8503065826316714,8.0,9.251532913158357,26.728433151921713,0.0,-133.6421657596086,46.25766456579178,0.0
43.849999999999845,5.431482699982246,-1.5808212042459364,8.0,7.904106021229682,27.157413499911232,0.0,-135.78706749955617,39.520530106148406,0.0
43.85999999999984,5.503702891491704,-1.307384596125355,8.0,6.536922980626774,27.518514457458522,0.0,-137.5925722872926,32.68461490313387,0.0
43.86999999999984,5.5621666920454915,-1.0306802073871963,8.0,5.153401036935981,27.810833460227457,0.0,-139.05416730113728,25.767005184679906,0.0
43.87999999999984,5.606727972589583,-0.7513996548984454,8.0,3.756998274492227,28.03363986294792,0.0,-140.16819931473958,18.784991372461135,0.0
