time,px,py,pz,vx,vy,vz,ax,ay,az
0.0,2.475546360015869,-1.4297194480895996,4.155749320983887,-1.3622221946716309,0.9338483810424805,0.1326083093881607,-1.121250867843628,0.003435194492340088,-0.04054507613182068
0.01,2.4618680477142334,-1.4203805923461914,4.157073497772217,-1.3733878135681152,0.9338692426681519,0.13218167424201965,-1.1118535995483398,0.0007349401712417603,-0.04478761553764343
0.02,2.4480791091918945,-1.4110419750213623,4.158392906188965,-1.3844588994979858,0.9338631629943848,0.1317124366760254,-1.102387547492981,-0.0019522160291671753,-0.04902547597885132
0.03,2.4341793060302734,-1.4017033576965332,4.159707546234131,-1.3954353332519531,0.9338302612304688,0.1312011331319809,-1.0928524732589722,-0.0046263039112091064,-0.05325886607170105
0.04,2.420170545578003,-1.392365574836731,4.161016941070557,-1.406315803527832,0.9337705373764038,0.13064739108085632,-1.083249807357788,-0.007287055253982544,-0.05748721957206726
0.05,2.4060535430908203,-1.383028268814087,4.162320613861084,-1.4171000719070435,0.9336845874786377,0.13005131483078003,-1.0735794305801392,-0.009934529662132263,-0.0617099404335022
0.06,2.391828775405884,-1.3736916780471802,4.1636176109313965,-1.427787184715271,0.9335721135139465,0.1294132024049759,-1.0638428926467896,-0.012568563222885132,-0.06592729687690735
0.07,2.377497911453247,-1.3643572330474854,4.164908409118652,-1.438376545906067,0.9334330558776855,0.1287328451871872,-1.054040551185608,-0.015188932418823242,-0.07013872265815735
0.08,2.3630614280700684,-1.3550235033035278,4.166193008422852,-1.448867678642273,0.933268129825592,0.12801048159599304,-1.0441728830337524,-0.01779574155807495,-0.07434394955635071
0.09,2.3485207557678223,-1.3456916809082031,4.167468547821045,-1.4592599868774414,0.933077335357666,0.1272459775209427,-1.034240961074829,-0.02038876712322235,-0.07854223251342773
0.1,2.333876848220825,-1.3363621234893799,4.168737411499023,-1.4695523977279663,0.9328604936599731,0.12643969058990479,-1.0242453813552856,-0.022967860102653503,-0.08273398876190186
0.11,2.3191301822662354,-1.3270344734191895,4.169997692108154,-1.479744553565979,0.9326180219650269,0.1255914568901062,-1.0141868591308594,-0.025533095002174377,-0.08691862225532532
0.12,2.3042824268341064,-1.3177099227905273,4.171248435974121,-1.4898357391357422,0.9323498010635376,0.12470123916864395,-1.0040661096572876,-0.02808411419391632,-0.09109538793563843
0.13,2.2893338203430176,-1.3083875179290771,4.172491550445557,-1.4998258352279663,0.9320563077926636,0.12376953661441803,-0.9938836693763733,-0.03062114119529724,-0.09526485204696655
0.14,2.2742857933044434,-1.2990684509277344,4.173724174499512,-1.5097134113311768,0.9317375421524048,0.12279611825942993,-0.9836406707763672,-0.033143848180770874,-0.09942618012428284
0.15,2.2591400146484375,-1.2897529602050781,4.1749467849731445,-1.519498348236084,0.9313935041427612,0.12178090214729309,-0.9733376502990723,-0.03565213084220886,-0.10357874631881714
0.16,2.243896484375,-1.2804406881332397,4.176159858703613,-1.5291798114776611,0.9310245513916016,0.12072446197271347,-0.9629752039909363,-0.038146063685417175,-0.10772311687469482
0.17,2.2285566329956055,-1.271132469177246,4.177361488342285,-1.5387576818466187,0.9306306838989258,0.11962656676769257,-0.95255446434021,-0.04062536358833313,-0.11185851693153381
0.18,2.2131218910217285,-1.2618281841278076,4.17855167388916,-1.548230767250061,0.930212140083313,0.11848717927932739,-0.942075788974762,-0.0430900901556015,-0.11598420143127441
0.19,2.197592258453369,-1.2525280714035034,4.1797308921813965,-1.5575989484786987,0.9297690391540527,0.1173068955540657,-0.9315398931503296,-0.04554012417793274,-0.12010085582733154
0.2,2.1819698810577393,-1.2432329654693604,4.180898189544678,-1.5668613910675049,0.929301381111145,0.11608539521694183,-0.9209480285644531,-0.04797525703907013,-0.12420755624771118
0.21,2.166255474090576,-1.2339427471160889,4.182052135467529,-1.5760177373886108,0.928809404373169,0.11482267826795578,-0.910300612449646,-0.050395503640174866,-0.12830382585525513
0.22,2.150449752807617,-1.2246568202972412,4.183194160461426,-1.5850672721862793,0.9282935261726379,0.11351925134658813,-0.8995983004570007,-0.05280081927776337,-0.13239002227783203
0.23,2.134554624557495,-1.215376853942871,4.184322834014893,-1.5940093994140625,0.9277533888816833,0.11217503994703293,-0.8888423442840576,-0.05519093573093414,-0.13646548986434937
0.24,2.11857008934021,-1.206101894378662,4.1854376792907715,-1.602843999862671,0.9271897077560425,0.11079008877277374,-0.878032922744751,-0.05756598711013794,-0.14052987098693848
0.25,2.1024980545043945,-1.1968331336975098,4.1865386962890625,-1.6115700006484985,0.9266021847724915,0.10936438292264938,-0.8671713471412659,-0.05992569029331207,-0.14458271861076355
0.26,2.086338996887207,-1.1875698566436768,4.187624931335449,-1.6201871633529663,0.9259911775588989,0.10789843648672104,-0.856257975101471,-0.062270209193229675,-0.1486242115497589
0.27,2.070094347000122,-1.1783130168914795,4.188696384429932,-1.6286951303482056,0.9253569841384888,0.10639206320047379,-0.8452937602996826,-0.06459929049015045,-0.15265387296676636
0.28,2.0537657737731934,-1.169062852859497,4.189752578735352,-1.6370928287506104,0.9246993064880371,0.10484524816274643,-0.8342797756195068,-0.06691272556781769,-0.15667110681533813
0.29,2.037353038787842,-1.1598191261291504,4.190793037414551,-1.6453803777694702,0.9240186810493469,0.10325860977172852,-0.8232163190841675,-0.06921073794364929,-0.16067610681056976
0.3,2.0208582878112793,-1.1505825519561768,4.191817283630371,-1.6535569429397583,0.9233150482177734,0.10163190960884094,-0.8121044635772705,-0.0714929848909378,-0.16466838121414185
0.31,2.004282236099243,-1.1413527727127075,4.1928253173828125,-1.661622405052185,0.9225888848304749,0.09996528923511505,-0.800944983959198,-0.07375958561897278,-0.16864734888076782
0.32,1.987626075744629,-1.1321306228637695,4.193816661834717,-1.6695759296417236,0.9218400716781616,0.09825898706912994,-0.7897385954856873,-0.07601036131381989,-0.17261327803134918
0.33,1.9708913564682007,-1.1229162216186523,4.194790840148926,-1.6774169206619263,0.9210687875747681,0.09651313722133636,-0.778486430644989,-0.07824517786502838,-0.1765657216310501
0.34,1.954078197479248,-1.1137099266052246,4.195746421813965,-1.685145378112793,0.9202749729156494,0.09472760558128357,-0.7671887874603271,-0.08046406507492065,-0.18050381541252136
0.35000000000000003,1.9371888637542725,-1.1045109033584595,4.196684837341309,-1.6927605867385864,0.9194594621658325,0.09290298819541931,-0.7558470368385315,-0.08266697824001312,-0.1844281405210495
0.36,1.9202234745025635,-1.095320701599121,4.197605133056641,-1.700262188911438,0.9186217784881592,0.09103924036026001,-0.7444614171981812,-0.08485367894172668,-0.188338041305542
0.37,1.9031836986541748,-1.0861384868621826,4.198505878448486,-1.7076497077941895,0.9177623987197876,0.08913646638393402,-0.7330330014228821,-0.08702431619167328,-0.19223323464393616
0.38,1.886070966720581,-1.076965570449829,4.199387073516846,-1.7149226665496826,0.9168813228607178,0.08719456195831299,-0.7215629816055298,-0.08917859196662903,-0.1961130052804947
0.39,1.8688855171203613,-1.0678009986877441,4.200249671936035,-1.7220808267593384,0.9159789085388184,0.08521407842636108,-0.7100515961647034,-0.09131665527820587,-0.19997793436050415
0.4,1.8516294956207275,-1.0586456060409546,4.201091766357422,-1.729123592376709,0.9150551557540894,0.08319509029388428,-0.6985000371932983,-0.09343832731246948,-0.20382727682590485
0.41000000000000003,1.834303617477417,-1.0494999885559082,4.201912879943848,-1.7360506057739258,0.9141101837158203,0.08113755285739899,-0.686909019947052,-0.09554348886013031,-0.20766040682792664
0.42,1.8169090747833252,-1.0403635501861572,4.202714443206787,-1.7428615093231201,0.9131443500518799,0.07904206216335297,-0.675279438495636,-0.09763221442699432,-0.21147790551185608
0.43,1.7994465827941895,-1.0312371253967285,4.203494071960449,-1.749556064605713,0.9121576547622681,0.0769081562757492,-0.663611888885498,-0.09970425069332123,-0.2152789682149887
0.44,1.7819182872772217,-1.0221203565597534,4.204251766204834,-1.7561336755752563,0.9111502766609192,0.07473646104335785,-0.6519076824188232,-0.10175979137420654,-0.21906299889087677
0.45,1.764324426651001,-1.0130137205123901,4.204988479614258,-1.762594223022461,0.9101226329803467,0.0725269615650177,-0.640167236328125,-0.10379858314990997,-0.22283056378364563
0.46,1.7466667890548706,-1.003917932510376,4.205702781677246,-1.7689368724822998,0.9090744256973267,0.07027997076511383,-0.628391683101654,-0.10582052171230316,-0.2265809029340744
0.47000000000000003,1.7289462089538574,-0.9948329925537109,4.206393718719482,-1.7751619815826416,0.9080060124397278,0.06799536943435669,-0.6165816783905029,-0.10782566666603088,-0.23031339049339294
0.48,1.7111637592315674,-0.9857584238052368,4.207062244415283,-1.78126859664917,0.9069178104400635,0.06567367911338806,-0.6047379374504089,-0.10981389880180359,-0.2340286672115326
0.49,1.6933211088180542,-0.976694643497467,4.207707405090332,-1.7872564792633057,0.9058098793029785,0.06331494450569153,-0.5928617715835571,-0.11178533732891083,-0.23772582411766052
0.5,1.6754190921783447,-0.9676420092582703,4.208329200744629,-1.7931256294250488,0.9046822786331177,0.060919180512428284,-0.5809536576271057,-0.1137397438287735,-0.24140483140945435
0.51,1.6574591398239136,-0.958601176738739,4.208925724029541,-1.7988755702972412,0.9035350680351257,0.05848674476146698,-0.5690147280693054,-0.11567696928977966,-0.24506491422653198
0.52,1.639441967010498,-0.9495713710784912,4.209498405456543,-1.8045058250427246,0.9023687839508057,0.056017979979515076,-0.5570455193519592,-0.11759723722934723,-0.2487066090106964
0.53,1.6213691234588623,-0.9405534267425537,4.210046291351318,-1.8100162744522095,0.9011833071708679,0.053512752056121826,-0.5450469851493835,-0.11950036883354187,-0.25232934951782227
0.54,1.6032419204711914,-0.9315477609634399,4.210568428039551,-1.8154066801071167,0.8999788165092468,0.050971388816833496,-0.5330202579498291,-0.12138617038726807,-0.2559323310852051
0.55,1.5850615501403809,-0.9225538969039917,4.211065292358398,-1.820676565170288,0.898755669593811,0.04839411377906799,-0.5209659934043884,-0.12325483560562134,-0.2595162093639374
0.56,1.566828966140747,-0.9135727286338806,4.211536407470703,-1.8258259296417236,0.8975138068199158,0.045781224966049194,-0.5088850855827332,-0.1251061111688614,-0.26308032870292664
0.5700000000000001,1.5485455989837646,-0.9046036005020142,4.21198034286499,-1.830854058265686,0.8962535858154297,0.043132662773132324,-0.49677833914756775,-0.12694013118743896,-0.26662394404411316
0.58,1.530212163925171,-0.8956472873687744,4.212398529052734,-1.835761308670044,0.8949751853942871,0.04044868052005768,-0.4846465587615967,-0.12875673174858093,-0.2701476812362671
0.59,1.5118308067321777,-0.8867042064666748,4.212790012359619,-1.8405470848083496,0.8936785459518433,0.0377296507358551,-0.472491055727005,-0.13055577874183655,-0.2736509144306183
0.6,1.4934017658233643,-0.8777737617492676,4.213152885437012,-1.8452110290527344,0.8923640847206116,0.03497573733329773,-0.4603120684623718,-0.1323375105857849,-0.27713289856910706
0.61,1.4749269485473633,-0.8688572645187378,4.213488578796387,-1.8497531414031982,0.891031801700592,0.0321870893239975,-0.44811099767684937,-0.13410159945487976,-0.28059419989585876
0.62,1.4564071893692017,-0.8599538803100586,4.213797092437744,-1.8541733026504517,0.8896819353103638,0.029364049434661865,-0.435888409614563,-0.13584810495376587,-0.28403428196907043
0.63,1.437843680381775,-0.8510636687278748,4.214076519012451,-1.8584710359573364,0.8883148431777954,0.026506513357162476,-0.4236451983451843,-0.1375771015882492,-0.287452757358551
0.64,1.4192382097244263,-0.8421875238418579,4.21432638168335,-1.8626459836959839,0.8869304656982422,0.023615002632141113,-0.41138267517089844,-0.13928836584091187,-0.29084911942481995
0.65,1.4005911350250244,-0.833325207233429,4.214548587799072,-1.8666986227035522,0.8855291604995728,0.020689576864242554,-0.39910101890563965,-0.1409820318222046,-0.2942238450050354
0.66,1.3819043636322021,-0.8244767189025879,4.214740753173828,-1.870627999305725,0.8841109871864319,0.017730504274368286,-0.3868016302585602,-0.1426580250263214,-0.29757627844810486
0.67,1.3631792068481445,-0.8156429529190063,4.214902400970459,-1.874434471130371,0.8826761245727539,0.014738202095031738,-0.3744853138923645,-0.14431604743003845,-0.3009057641029358
0.68,1.3444160223007202,-0.8068232536315918,4.2150349617004395,-1.8781176805496216,0.8812247514724731,0.01171255111694336,-0.36215266585350037,-0.14595648646354675,-0.3042130172252655
0.6900000000000001,1.3256169557571411,-0.7980184555053711,4.215137004852295,-1.8816776275634766,0.8797569274902344,0.008653968572616577,-0.34980490803718567,-0.14757898449897766,-0.30749720335006714
0.7000000000000001,1.3067829608917236,-0.7892282009124756,4.215207576751709,-1.8851138353347778,0.8782731890678406,0.0055627524852752686,-0.33744287490844727,-0.1491837501525879,-0.3107578456401825
0.71,1.2879157066345215,-0.7804527282714844,4.215248107910156,-1.8884263038635254,0.876773476600647,0.0024389028549194336,-0.32506752014160156,-0.15077057480812073,-0.3139953911304474
0.72,1.2690150737762451,-0.77169269323349,4.215256690979004,-1.8916149139404297,0.8752578496932983,-0.0007171034812927246,-0.3126792907714844,-0.15233944356441498,-0.31720930337905884
0.73,1.2500834465026855,-0.7629475593566895,4.215233325958252,-1.8946799039840698,0.8737267255783081,-0.0039052069187164307,-0.300279438495636,-0.1538904458284378,-0.32039880752563477
0.74,1.23112154006958,-0.7542189359664917,4.215178489685059,-1.8976205587387085,0.8721799850463867,-0.007124960422515869,-0.2878687381744385,-0.15542331337928772,-0.323564738035202
0.75,1.2121315002441406,-0.7455045580863953,4.215091228485107,-1.9004372358322144,0.8706182241439819,-0.010376513004302979,-0.2754483222961426,-0.156938374042511,-0.3267061412334442
0.76,1.1931135654449463,-0.7368061542510986,4.214971542358398,-1.9031295776367188,0.8690413236618042,-0.013659119606018066,-0.26301878690719604,-0.15843543410301208,-0.3298231363296509
0.77,1.1740694046020508,-0.7281239032745361,4.214817523956299,-1.9056974649429321,0.8674495220184326,-0.01697281002998352,-0.25058120489120483,-0.1599142849445343,-0.3329148292541504
0.78,1.1549999713897705,-0.7194571495056152,4.214631080627441,-1.9081411361694336,0.8658431172370911,-0.020317256450653076,-0.2381363809108734,-0.1613752245903015,-0.3359818756580353
0.79,1.13590669631958,-0.7108066082000732,4.214411735534668,-1.9104602336883545,0.8642221689224243,-0.02369236946105957,-0.2256850302219391,-0.1628180593252182,-0.3390236496925354
0.8,1.1167911291122437,-0.7021727561950684,4.2141571044921875,-1.9126548767089844,0.8625868558883667,-0.0270976722240448,-0.21322846412658691,-0.16424274444580078,-0.34203967452049255
0.81,1.097654104232788,-0.6935549378395081,4.213869094848633,-1.9147247076034546,0.8609373569488525,-0.0305330753326416,-0.20076727867126465,-0.1656493842601776,-0.3450303077697754
0.8200000000000001,1.0784971714019775,-0.6849541664123535,4.213547229766846,-1.9166702032089233,0.8592739105224609,-0.033998191356658936,-0.18830251693725586,-0.1670377552509308,-0.3479951322078705
0.8300000000000001,1.0593212842941284,-0.6763694882392883,4.213189125061035,-1.9184908866882324,0.8575966358184814,-0.03749287128448486,-0.17583489418029785,-0.1684080958366394,-0.35093340277671814
0.84,1.0401275157928467,-0.6678017973899841,4.212797164916992,-1.9201868772506714,0.8559058904647827,-0.04101681709289551,-0.16336528956890106,-0.1697603166103363,-0.3538457751274109
0.85,1.0209178924560547,-0.6592514514923096,4.212368965148926,-1.9217580556869507,0.8542015552520752,-0.04456967115402222,-0.1508948802947998,-0.17109420895576477,-0.3567315936088562
0.86,1.0016928911209106,-0.6507177948951721,4.211905002593994,-1.923204779624939,0.8524839878082275,-0.04815131425857544,-0.1384243369102478,-0.1724100112915039,-0.3595902621746063
0.87,0.9824543595314026,-0.6422013640403748,4.2114057540893555,-1.924526572227478,0.8507534265518188,-0.05176141858100891,-0.12595468759536743,-0.17370763421058655,-0.36242249608039856
0.88,0.9632028341293335,-0.6337034702301025,4.210870265960693,-1.925723910331726,0.8490098118782043,-0.05539974570274353,-0.11348661780357361,-0.17498686909675598,-0.36522749066352844
0.89,0.9439399242401123,-0.625221848487854,4.21029806137085,-1.926796555519104,0.847253680229187,-0.05906590819358826,-0.10102104395627975,-0.17624804377555847,-0.3680051267147064
0.9,0.9246675372123718,-0.6167584657669067,4.209688663482666,-1.9277441501617432,0.8454849123954773,-0.06275969743728638,-0.08855928480625153,-0.17749089002609253,-0.3707548975944519
0.91,0.9053856134414673,-0.6083122491836548,4.209042549133301,-1.9285675287246704,0.8437038660049438,-0.06648090481758118,-0.07610153406858444,-0.17871558666229248,-0.3734772801399231
0.92,0.886096179485321,-0.5998839139938354,4.2083587646484375,-1.929266333580017,0.841910719871521,-0.07022920250892639,-0.06364905834197998,-0.17992210388183594,-0.37617170810699463
0.93,0.8668007254600525,-0.5914740562438965,4.207637786865234,-1.9298405647277832,0.8401055335998535,-0.07400426268577576,-0.051203057169914246,-0.18111026287078857,-0.3788377046585083
0.9400000000000001,0.8474997282028198,-0.5830817818641663,4.206878662109375,-1.9302903413772583,0.8382886648178101,-0.07780587673187256,-0.03876374661922455,-0.18228024244308472,-0.38147568702697754
0.9500000000000001,0.8281950950622559,-0.5747083425521851,4.206081390380859,-1.9306159019470215,0.8364599943161011,-0.08163371682167053,-0.026332542300224304,-0.18343186378479004,-0.38408511877059937
0.96,0.8088880181312561,-0.5663526654243469,4.2052459716796875,-1.9308171272277832,0.8346199989318848,-0.08548745512962341,-0.0139102041721344,-0.18456539511680603,-0.38666558265686035
0.97,0.7895792722702026,-0.5580155253410339,4.204371452331543,-1.9308940172195435,0.8327687978744507,-0.08936682343482971,-0.0014974772930145264,-0.18568067252635956,-0.38921746611595154
0.98,0.7702707052230835,-0.5496973991394043,4.203458309173584,-1.930846929550171,0.8309065103530884,-0.09327161312103271,0.010904550552368164,-0.18677759170532227,-0.3917402923107147
0.99,0.7509627938270569,-0.5413974523544312,4.202506065368652,-1.930675983428955,0.8290333151817322,-0.09720155596733093,0.023295342922210693,-0.18785639107227325,-0.3942335247993469
1.0,0.7316572666168213,-0.5331166982650757,4.20151424407959,-1.930381178855896,0.8271494507789612,-0.10115620493888855,0.03567366302013397,-0.18891681730747223,-0.39669764041900635
1.01,0.7123556137084961,-0.5248550772666931,4.2004828453063965,-1.9299625158309937,0.8252549171447754,-0.10513541102409363,0.048038676381111145,-0.1899591088294983,-0.3991321623325348
1.02,0.6930585503578186,-0.5166118741035461,4.199411869049072,-1.9294205904006958,0.823350191116333,-0.10913881659507751,0.06038960814476013,-0.19098317623138428,-0.4015369415283203
1.03,0.6737678647041321,-0.5083882212638855,4.198299884796143,-1.9287548065185547,0.8214353322982788,-0.11316591501235962,0.07272547483444214,-0.1919889748096466,-0.40391141176223755
1.04,0.6544840335845947,-0.5001832246780396,4.197147846221924,-1.9279659986495972,0.8195105195045471,-0.11721685528755188,0.08504557609558105,-0.19297672808170319,-0.40625596046447754
1.05,0.6352085471153259,-0.49199795722961426,4.195955276489258,-1.9270541667938232,0.8175759315490723,-0.1212908923625946,0.09734904766082764,-0.19394610822200775,-0.4085700511932373
1.06,0.6159433722496033,-0.48383164405822754,4.1947221755981445,-1.9260189533233643,0.8156317472457886,-0.12538817524909973,0.10963462293148041,-0.19489745795726776,-0.4108538329601288
1.07,0.5966888070106506,-0.4756849408149719,4.193447589874268,-1.9248614311218262,0.8136780858039856,-0.12950807809829712,0.12190181016921997,-0.1958305984735489,-0.4131070077419281
1.08,0.5774466395378113,-0.46755772829055786,4.192131996154785,-1.9235811233520508,0.8117151260375977,-0.1336503028869629,0.13414956629276276,-0.1967456340789795,-0.4153294563293457
1.09,0.5582174062728882,-0.4594506025314331,4.190774440765381,-1.9221785068511963,0.8097431659698486,-0.13781437277793884,0.146377295255661,-0.19764241576194763,-0.41752058267593384
1.1,0.5390031337738037,-0.45136284828186035,4.189375400543213,-1.9206537008285522,0.8077623844146729,-0.1420004963874817,0.15858374536037445,-0.19852116703987122,-0.4196808338165283
1.11,0.5198050737380981,-0.4432954788208008,4.187934875488281,-1.9190068244934082,0.8057728409767151,-0.1462079882621765,0.17076803743839264,-0.19938170909881592,-0.42180997133255005
1.12,0.5006234645843506,-0.4352474510669708,4.186450958251953,-1.9172383546829224,0.8037748336791992,-0.15043658018112183,0.1829299032688141,-0.20022429525852203,-0.4239071011543274
1.1300000000000001,0.4814606308937073,-0.4272194802761078,4.184925556182861,-1.9153485298156738,0.80176842212677,-0.15468603372573853,0.1950676441192627,-0.2010488212108612,-0.425973117351532
1.1400000000000001,0.46231722831726074,-0.41921278834342957,4.1833577156066895,-1.9133371114730835,0.7997537851333618,-0.15895596146583557,0.2071809619665146,-0.2018551081418991,-0.42800748348236084
1.1500000000000001,0.44319403171539307,-0.41122519969940186,4.181746959686279,-1.9112049341201782,0.797731339931488,-0.16324609518051147,0.2192690521478653,-0.20264357328414917,-0.43000975251197815
1.16,0.42409324645996094,-0.4032582640647888,4.180092811584473,-1.9089518785476685,0.7957009673118591,-0.16755598783493042,0.23133060336112976,-0.20341390371322632,-0.431979775428772
1.17,0.4050155282020569,-0.3953111469745636,4.178395748138428,-1.9065784215927124,0.7936630845069885,-0.17188557982444763,0.2433650940656662,-0.20416641235351562,-0.4339178800582886
1.18,0.3859623670578003,-0.3873845040798187,4.17665433883667,-1.9040848016738892,0.7916178107261658,-0.1762341856956482,0.2553713917732239,-0.20490100979804993,-0.4358232915401459
1.19,0.36693406105041504,-0.3794788122177124,4.174870491027832,-1.9014710187911987,0.7895652055740356,-0.1806018352508545,0.2673493027687073,-0.2056175172328949,-0.43769657611846924
1.2,0.3479330539703369,-0.37159326672554016,4.1730427742004395,-1.8987377882003784,0.7875055074691772,-0.18498817086219788,0.2792972922325134,-0.2063162624835968,-0.43953728675842285
1.21,0.32895976305007935,-0.36372876167297363,4.171170711517334,-1.8958852291107178,0.7854388952255249,-0.1893925666809082,0.2912147045135498,-0.20699705183506012,-0.44134521484375
1.22,0.3100157380104065,-0.3558845520019531,4.169254779815674,-1.8929134607315063,0.7833656072616577,-0.19381481409072876,0.30310070514678955,-0.20766010880470276,-0.44311997294425964
1.23,0.29110187292099,-0.3480609953403473,4.167294502258301,-1.889823079109192,0.7812857627868652,-0.19825479388237,0.31495463848114014,-0.20830537378787994,-0.4448620080947876
1.24,0.27221983671188354,-0.3402588367462158,4.165289878845215,-1.886614441871643,0.7791995406150818,-0.2027120292186737,0.3267751932144165,-0.2089327722787857,-0.44657084345817566
1.25,0.2533700466156006,-0.33247703313827515,4.163240432739258,-1.883287787437439,0.7771071791648865,-0.20718613266944885,0.3385621905326843,-0.20954257249832153,-0.44824618101119995
1.26,0.23455405235290527,-0.32471656799316406,4.1611456871032715,-1.8798433542251587,0.7750088572502136,-0.21167689561843872,0.35031449794769287,-0.2101345658302307,-0.44988834857940674
1.27,0.21577370166778564,-0.31697750091552734,4.1590070724487305,-1.87628173828125,0.7729044556617737,-0.21618396043777466,0.36203092336654663,-0.21070890128612518,-0.45149707794189453
1.28,0.19702941179275513,-0.30925890803337097,4.156822204589844,-1.8726030588150024,0.7707945704460144,-0.22070664167404175,0.3737109303474426,-0.2112656831741333,-0.4530717432498932
1.29,0.17832207679748535,-0.30156171321868896,4.154592514038086,-1.8688075542449951,0.7686792016029358,-0.22524508833885193,0.38535404205322266,-0.21180479228496552,-0.45461297035217285
1.3,0.15965330600738525,-0.2938852608203888,4.152317523956299,-1.8648958206176758,0.7665585875511169,-0.22979891300201416,0.3969591557979584,-0.2123265266418457,-0.45612043142318726
1.31,0.14102435111999512,-0.28623053431510925,4.149996280670166,-1.8608685731887817,0.7644328474998474,-0.2343672811985016,0.408525288105011,-0.21283058822155,-0.4575934112071991
1.32,0.12243610620498657,-0.2785966098308563,4.147629737854004,-1.8567256927490234,0.762302041053772,-0.23895055055618286,0.4200518727302551,-0.21331731975078583,-0.45903265476226807
1.33,0.10389018058776855,-0.27098408341407776,4.145217418670654,-1.852467656135559,0.7601665258407593,-0.24354803562164307,0.43153780698776245,-0.21378663182258606,-0.46043774485588074
1.34,0.0853874683380127,-0.2633928954601288,4.142758846282959,-1.8480952978134155,0.7580263614654541,-0.24815931916236877,0.44298243522644043,-0.21423858404159546,-0.4618084132671356
1.35,0.06692880392074585,-0.2558235824108124,4.140254020690918,-1.8436083793640137,0.7558817863464355,-0.25278401374816895,0.45438507199287415,-0.21467304229736328,-0.46314436197280884
1.36,0.048515498638153076,-0.2482752799987793,4.1377034187316895,-1.8390073776245117,0.7537329792976379,-0.2574220299720764,0.4657450318336487,-0.21509039402008057,-0.464446097612381
1.37,0.030148684978485107,-0.24074894189834595,4.135105609893799,-1.834293246269226,0.751579999923706,-0.262072890996933,0.4770611524581909,-0.21549035608768463,-0.46571314334869385
1.3800000000000001,0.011830151081085205,-0.2332436740398407,4.1324615478515625,-1.8294663429260254,0.7494232058525085,-0.2667360007762909,0.488332599401474,-0.21587324142456055,-0.4669452905654907
1.3900000000000001,-0.0064397454261779785,-0.22576004266738892,4.1297712326049805,-1.8245270252227783,0.7472625970840454,-0.271411657333374,0.49955886602401733,-0.2162390500307083,-0.46814271807670593
1.4000000000000001,-0.02465999126434326,-0.21829915046691895,4.127033710479736,-1.8194752931594849,0.7450984716415405,-0.27609893679618835,0.5107393264770508,-0.21658757328987122,-0.4693053364753723
1.41,-0.042829155921936035,-0.2108587622642517,4.12424898147583,-1.814312219619751,0.7429308891296387,-0.2807977795600891,0.5218728184700012,-0.2169192135334015,-0.47043275833129883
1.42,-0.060945749282836914,-0.20344045758247375,4.12141752243042,-1.8090381622314453,0.7407602071762085,-0.2855074405670166,0.5329585075378418,-0.2172338217496872,-0.4715249538421631
1.43,-0.0790092945098877,-0.196043461561203,4.118538856506348,-1.8036532402038574,0.7385863065719604,-0.29022812843322754,0.5439960956573486,-0.21753156185150146,-0.4725821018218994
1.44,-0.09701836109161377,-0.18866831064224243,4.115612983703613,-1.7981584072113037,0.736409604549408,-0.29495903849601746,0.5549843311309814,-0.2178124487400055,-0.47360408306121826
1.45,-0.11497217416763306,-0.1813153326511383,4.112639427185059,-1.7925539016723633,0.7342301607131958,-0.29969993233680725,0.565922737121582,-0.21807637810707092,-0.4745902419090271
1.46,-0.13286954164505005,-0.17398378252983093,4.109618663787842,-1.7868399620056152,0.7320481538772583,-0.3044505715370178,0.5768106579780579,-0.21832366287708282,-0.47554147243499756
1.47,-0.15070879459381104,-0.16667434573173523,4.106550216674805,-1.7810176610946655,0.729863703250885,-0.30921077728271484,0.5876469016075134,-0.21855413913726807,-0.4764569103717804
1.48,-0.16848915815353394,-0.15938645601272583,4.1034345626831055,-1.7750873565673828,0.7276771068572998,-0.3139796257019043,0.5984308123588562,-0.21876809000968933,-0.47733670473098755
1.49,-0.18620991706848145,-0.1521204113960266,4.100270748138428,-1.7690492868423462,0.7254883646965027,-0.3187572956085205,0.6091617941856384,-0.21896547079086304,-0.47818082571029663
1.5,-0.20387005805969238,-0.14487671852111816,4.09705924987793,-1.7629042863845825,0.7232978343963623,-0.32354316115379333,0.6198393106460571,-0.21914620697498322,-0.47898948192596436
1.51,-0.2214680314064026,-0.13765454292297363,4.093799591064453,-1.756652593612671,0.7211055755615234,-0.3283368945121765,0.6304622292518616,-0.21931058168411255,-0.4797617793083191
1.52,-0.23900258541107178,-0.13045459985733032,4.0904927253723145,-1.7502951622009277,0.7189116477966309,-0.33313825726509094,0.641029953956604,-0.2194584608078003,-0.48049861192703247
1.53,-0.25647324323654175,-0.12327688932418823,4.087137222290039,-1.7438323497772217,0.7167163491249084,-0.3379468321800232,0.6515416502952576,-0.21959012746810913,-0.4811994433403015
1.54,-0.27387887239456177,-0.11612057685852051,4.083734035491943,-1.737264633178711,0.7145198583602905,-0.3427623212337494,0.6619967818260193,-0.2197054624557495,-0.4818642735481262
1.55,-0.291218101978302,-0.10898643732070923,4.080281734466553,-1.7305926084518433,0.7123223543167114,-0.3475838899612427,0.6723945140838623,-0.21980461478233337,-0.48249274492263794
1.56,-0.3084902763366699,-0.10187405347824097,4.0767822265625,-1.7238168716430664,0.7101238965988159,-0.35241198539733887,0.6827342510223389,-0.2198876440525055,-0.48308539390563965
1.57,-0.3256944417953491,-0.09478360414505005,4.073233127593994,-1.7169380187988281,0.7079246640205383,-0.35724538564682007,0.6930152773857117,-0.21995463967323303,-0.4836413860321045
1.58,-0.3428291082382202,-0.08771562576293945,4.069636821746826,-1.7099567651748657,0.705724835395813,-0.3620844781398773,0.7032366394996643,-0.22000554203987122,-0.4841616153717041
1.59,-0.35989320278167725,-0.080669105052948,4.0659918785095215,-1.7028735876083374,0.7035245895385742,-0.3669286072254181,0.7133976221084595,-0.22004058957099915,-0.48464545607566833
1.6,-0.37688595056533813,-0.07364511489868164,4.062298774719238,-1.6956889629364014,0.7013240456581116,-0.3717774748802185,0.723497748374939,-0.22005969285964966,-0.48509299755096436
1.61,-0.3938065767288208,-0.0666426420211792,4.058556079864502,-1.6884037256240845,0.6991233825683594,-0.3766302466392517,0.7335362434387207,-0.22006306052207947,-0.48550382256507874
1.62,-0.41065388917922974,-0.05966222286224365,4.0547661781311035,-1.681018590927124,0.6969228982925415,-0.38148733973503113,0.7435124516487122,-0.22005079686641693,-0.4858786165714264
1.6300000000000001,-0.4274263381958008,-0.05270421504974365,4.050926685333252,-1.6735336780548096,0.6947224736213684,-0.3863479197025299,0.7534254789352417,-0.22002273797988892,-0.48621684312820435
1.6400000000000001,-0.44412416219711304,-0.045767784118652344,4.047039031982422,-1.665950059890747,0.6925224661827087,-0.3912114202976227,0.7632750868797302,-0.21997924149036407,-0.4865182638168335
1.6500000000000001,-0.46074509620666504,-0.03885328769683838,4.043102264404297,-1.6582684516906738,0.690322995185852,-0.39607805013656616,0.7730600833892822,-0.2199203073978424,-0.48678338527679443
1.6600000000000001,-0.477289080619812,-0.03196197748184204,4.039117336273193,-1.6504892110824585,0.6881240606307983,-0.4009471535682678,0.782780110836029,-0.2198457419872284,-0.48701193928718567
1.67,-0.4937548041343689,-0.025090694427490234,4.035083770751953,-1.6426130533218384,0.685926079750061,-0.4058181047439575,0.792434573173523,-0.2197561264038086,-0.4872036576271057
1.68,-0.5101408958435059,-0.01824343204498291,4.031001091003418,-1.6346408128738403,0.6837291121482849,-0.41069096326828003,0.802022397518158,-0.2196509689092636,-0.4873589277267456
1.69,-0.5264472365379333,-0.011416971683502197,4.026869773864746,-1.6265727281570435,0.6815330982208252,-0.4155653119087219,0.8115432262420654,-0.21953077614307404,-0.48747751116752625
1.7,-0.5426720976829529,-0.004612326622009277,4.0226898193359375,-1.6184102296829224,0.6793384552001953,-0.42044031620025635,0.8209964036941528,-0.21939557790756226,-0.4875591993331909
1.71,-0.5588151812553406,0.0021699070930480957,4.018460750579834,-1.6101531982421875,0.6771453619003296,-0.4253162741661072,0.8303813338279724,-0.21924521028995514,-0.48760443925857544
1.72,-0.5748749375343323,0.008930683135986328,4.014183521270752,-1.6018025875091553,0.6749536991119385,-0.43019241094589233,0.8396972417831421,-0.21908003091812134,-0.48761284351348877
1.73,-0.590850830078125,0.015668928623199463,4.009857177734375,-1.593359351158142,0.6727637052536011,-0.43506866693496704,0.8489434719085693,-0.21889986097812653,-0.48758459091186523
1.74,-0.6067419648170471,0.022385895252227783,4.005481719970703,-1.5848239660263062,0.6705756783485413,-0.43994396924972534,0.858119547367096,-0.21870502829551697,-0.4875192642211914
1.75,-0.622546911239624,0.02908092737197876,4.001058101654053,-1.5761973857879639,0.6683896780014038,-0.44481873512268066,0.8672244548797607,-0.21849554777145386,-0.48741742968559265
1.76,-0.6382653117179871,0.03575366735458374,3.9965858459472656,-1.5674798488616943,0.6662057638168335,-0.44969242811203003,0.876258134841919,-0.21827135980129242,-0.48727867007255554
1.77,-0.6538963913917542,0.04240506887435913,3.9920642375946045,-1.5586721897125244,0.6640242338180542,-0.45456409454345703,0.8852198123931885,-0.21803276240825653,-0.48710307478904724
1.78,-0.6694387793540955,0.04903414845466614,3.9874942302703857,-1.54977548122406,0.6618452072143555,-0.4594341516494751,0.8941085934638977,-0.21777963638305664,-0.48689061403274536
1.79,-0.6848912835121155,0.055641233921051025,3.9828758239746094,-1.540790319442749,0.6596686840057373,-0.4643020033836365,0.9029239416122437,-0.21751223504543304,-0.48664164543151855
1.8,-0.7002537846565247,0.062228113412857056,3.978208065032959,-1.5317175388336182,0.6574951410293579,-0.46916675567626953,0.9116654396057129,-0.21723076701164246,-0.48635539412498474
1.81,-0.7155252695083618,0.06879124045372009,3.97349214553833,-1.5225576162338257,0.6553242206573486,-0.4740287661552429,0.9203325510025024,-0.21693487465381622,-0.4860326945781708
1.82,-0.7307050228118896,0.07533380389213562,3.9687278270721436,-1.5133110284805298,0.6531562805175781,-0.47888749837875366,0.9289246201515198,-0.21662500500679016,-0.48567304015159607
1.83,-0.7457917332649231,0.08185479044914246,3.963914394378662,-1.5039788484573364,0.650991678237915,-0.48374199867248535,0.9374409914016724,-0.2163013219833374,-0.4852765202522278
1.84,-0.7607848048210144,0.0883537232875824,3.959052562713623,-1.4945621490478516,0.6488304138183594,-0.4885927438735962,0.945881187915802,-0.21596354246139526,-0.4848432242870331
1.85,-0.7756826281547546,0.09483140707015991,3.9541430473327637,-1.4850616455078125,0.6466724872589111,-0.4934390187263489,0.9542441964149475,-0.21561209857463837,-0.48437339067459106
1.86,-0.7904850840568542,0.10128709673881531,3.9491841793060303,-1.475477933883667,0.644518256187439,-0.49828040599823,0.9625298976898193,-0.21524682641029358,-0.4838665723800659
1.87,-0.8051918148994446,0.10772174596786499,3.9441769123077393,-1.4658114910125732,0.6423676013946533,-0.5031159520149231,0.9707379341125488,-0.21486811339855194,-0.4833228588104248
1.8800000000000001,-0.8198012709617615,0.11413490772247314,3.939121723175049,-1.456063151359558,0.6402208805084229,-0.5079464912414551,0.9788674116134644,-0.21447588503360748,-0.4827425479888916
1.8900000000000001,-0.8343126773834229,0.12052616477012634,3.934018135070801,-1.4462343454360962,0.6380782127380371,-0.5127705931663513,0.9869177937507629,-0.21407011151313782,-0.4821254312992096
1.9000000000000001,-0.8487257957458496,0.1268964409828186,3.928866147994995,-1.4363253116607666,0.6359394788742065,-0.5175887942314148,0.9948886036872864,-0.21365119516849518,-0.4814717173576355
1.9100000000000001,-0.8630390763282776,0.13324540853500366,3.923666477203369,-1.4263367652893066,0.6338051557540894,-0.5224002003669739,1.002779245376587,-0.21321901679039001,-0.4807813763618469
1.92,-0.8772521615028381,0.13957267999649048,3.9184184074401855,-1.4162700176239014,0.6316752433776855,-0.5272045731544495,1.010589361190796,-0.21277371048927307,-0.4800543487071991
1.93,-0.8913642168045044,0.14587900042533875,3.9131224155426025,-1.4061253070831299,0.6295497417449951,-0.5320010185241699,1.0183182954788208,-0.2123154252767563,-0.4792904853820801
1.94,-0.9053743481636047,0.15216290950775146,3.907778263092041,-1.3959038257598877,0.6274288892745972,-0.5367900133132935,1.0259655714035034,-0.2118440568447113,-0.4784901440143585
1.95,-0.9192818999290466,0.15842685103416443,3.9023866653442383,-1.3856064081192017,0.625312864780426,-0.5415709018707275,1.033530592918396,-0.21136008203029633,-0.477653443813324
1.96,-0.9330859780311584,0.1646696925163269,3.896946668624878,-1.3752336502075195,0.6232017278671265,-0.5463427901268005,1.0410131216049194,-0.2108634114265442,-0.47677987813949585
1.97,-0.9467865228652954,0.17089101672172546,3.8914597034454346,-1.364786148071289,0.6210956573486328,-0.5511062741279602,1.048412561416626,-0.2103540152311325,-0.4758701026439667
1.98,-0.9603819847106934,0.17709165811538696,3.885924816131592,-1.3542653322219849,0.6189947724342346,-0.5558603405952454,1.0557283163070679,-0.20983217656612396,-0.47492384910583496
1.99,-0.9738717079162598,0.1832708716392517,3.880342960357666,-1.3436717987060547,0.6168990135192871,-0.5606048703193665,1.0629596710205078,-0.20929783582687378,-0.4739411771297455
2.0,-0.9872552156448364,0.18942958116531372,3.8747127056121826,-1.3330063819885254,0.6148087978363037,-0.5653389692306519,1.0701067447662354,-0.20875133574008942,-0.4729219675064087
2.0100000000000002,-1.0005311965942383,0.19556745886802673,3.8690357208251953,-1.322270393371582,0.6127240657806396,-0.5700629353523254,1.0771682262420654,-0.2081926465034485,-0.4718666672706604
2.02,-1.013700246810913,0.20168408751487732,3.863311529159546,-1.311463475227356,0.610645055770874,-0.5747760534286499,1.0841447114944458,-0.2076217234134674,-0.47077488899230957
2.0300000000000002,-1.0267605781555176,0.20778033137321472,3.8575403690338135,-1.30058753490448,0.6085716485977173,-0.5794782042503357,1.0910351276397705,-0.2070389688014984,-0.469647079706192
2.04,-1.039711594581604,0.2138555645942688,3.851722240447998,-1.2896430492401123,0.6065042018890381,-0.5841690897941589,1.0978388786315918,-0.20644420385360718,-0.46848320960998535
2.05,-1.0525527000427246,0.21991059184074402,3.8458571434020996,-1.2786312103271484,0.604442834854126,-0.5888480544090271,1.1045558452606201,-0.20583787560462952,-0.46728309988975525
2.06,-1.0652838945388794,0.2259448766708374,3.8399453163146973,-1.267552375793457,0.6023874878883362,-0.5935144424438477,1.1111855506896973,-0.2052198350429535,-0.4660470485687256
2.07,-1.0779037475585938,0.23195770382881165,3.83398699760437,-1.2564077377319336,0.6003385186195374,-0.5981687903404236,1.117727518081665,-0.2045901119709015,-0.46477487683296204
2.08,-1.090411901473999,0.23795107007026672,3.827982187271118,-1.2451982498168945,0.5982956886291504,-0.6028100252151489,1.1241812705993652,-0.20394909381866455,-0.463467001914978
2.09,-1.102807641029358,0.2439236342906952,3.821930408477783,-1.233924150466919,0.596259593963623,-0.6074376702308655,1.1305465698242188,-0.20329661667346954,-0.4621228873729706
2.1,-1.1150903701782227,0.2498762309551239,3.815833568572998,-1.22258722782135,0.5942298769950867,-0.612052321434021,1.1368229389190674,-0.20263303816318512,-0.4607435166835785
2.11,-1.1272587776184082,0.25580862164497375,3.80968976020813,-1.2111883163452148,0.5922068953514099,-0.61665278673172,1.1430094242095947,-0.20195837318897247,-0.4593280553817749
2.12,-1.1393135786056519,0.2617203891277313,3.803500175476074,-1.1997274160385132,0.5901907682418823,-0.6212384700775146,1.1491066217422485,-0.20127259194850922,-0.45787712931632996
2.13,-1.151253342628479,0.26761242747306824,3.797264814376831,-1.1882061958312988,0.5881814956665039,-0.6258103251457214,1.155113697052002,-0.2005760371685028,-0.45639070868492126
2.14,-1.1630778312683105,0.2734844386577606,3.7909841537475586,-1.1766254901885986,0.586179256439209,-0.6303664445877075,1.1610299348831177,-0.19986873865127563,-0.45486852526664734
2.15,-1.1747859716415405,0.2793360650539398,3.7846574783325195,-1.1649856567382812,0.5841841697692871,-0.6349074840545654,1.1668554544448853,-0.1991506814956665,-0.4533112049102783
2.16,-1.1863772869110107,0.2851681113243103,3.7782859802246094,-1.1532888412475586,0.5821962356567383,-0.639432430267334,1.1725894212722778,-0.19842219352722168,-0.45171836018562317
2.17,-1.1978514194488525,0.29098033905029297,3.771868944168091,-1.1415343284606934,0.5802156925201416,-0.6439415812492371,1.178231954574585,-0.19768327474594116,-0.4500904679298401
2.18,-1.2092077732086182,0.29677239060401917,3.7654073238372803,-1.1297242641448975,0.5782426595687866,-0.6484344005584717,1.1837824583053589,-0.19693394005298615,-0.4484274387359619
2.19,-1.2204458713531494,0.3025451898574829,3.7589006423950195,-1.1178590059280396,0.5762770771980286,-0.6529102921485901,1.1892406940460205,-0.1961745321750641,-0.44672921299934387
2.2,-1.2315647602081299,0.3082973062992096,3.7523491382598877,-1.1059397459030151,0.5743191838264465,-0.6573686599731445,1.194606065750122,-0.19540496170520782,-0.4449961185455322
2.21,-1.24256432056427,0.3140317499637604,3.7457528114318848,-1.0939671993255615,0.5723690390586853,-0.6618099212646484,1.199878454208374,-0.1946256160736084,-0.44322800636291504
2.22,-1.253443717956543,0.3197453022003174,3.7391128540039062,-1.0819429159164429,0.5704267024993896,-0.6662330031394958,1.2050573825836182,-0.19383634626865387,-0.4414251446723938
2.23,-1.2642028331756592,0.3254396617412567,3.7324280738830566,-1.0698665380477905,0.5684923529624939,-0.6706381440162659,1.2101428508758545,-0.1930372565984726,-0.4395875930786133
2.24,-1.27484130859375,0.33111512660980225,3.7257001399993896,-1.0577397346496582,0.566565990447998,-0.6750247478485107,1.2151345014572144,-0.19222867488861084,-0.43771564960479736
2.25,-1.28535795211792,0.3367709815502167,3.718928098678589,-1.0455639362335205,0.564647912979126,-0.6793926358222961,1.2200316190719604,-0.19141051173210144,-0.43580901622772217
2.2600000000000002,-1.2957520484924316,0.34240812063217163,3.7121124267578125,-1.0333398580551147,0.5627378225326538,-0.6837407946586609,1.2248340845108032,-0.19058308005332947,-0.43386805057525635
2.27,-1.3060243129730225,0.3480260968208313,3.7052533626556396,-1.0210679769515991,0.5608360767364502,-0.6880695819854736,1.2295418977737427,-0.1897464394569397,-0.43189284205436707
2.2800000000000002,-1.3161733150482178,0.3536248505115509,3.6983509063720703,-1.0087493658065796,0.5589429140090942,-0.6923782825469971,1.234154462814331,-0.18890053033828735,-0.42988336086273193
2.29,-1.326198935508728,0.35920506715774536,3.691405773162842,-0.9963850975036621,0.5570582151412964,-0.6966670155525208,1.2386716604232788,-0.18804575502872467,-0.42783990502357483
2.3000000000000003,-1.3361010551452637,0.364766001701355,3.684417724609375,-0.9839760065078735,0.5551819801330566,-0.7009352445602417,1.2430932521820068,-0.1871820092201233,-0.42576247453689575
2.31,-1.3458786010742188,0.3703087866306305,3.677387237548828,-0.9715232849121094,0.5533145666122437,-0.7051825523376465,1.247418999671936,-0.18630969524383545,-0.4236512780189514
2.32,-1.3555312156677246,0.37583282589912415,3.670314073562622,-0.9590281248092651,0.5514558553695679,-0.7094079256057739,1.2516483068466187,-0.1854286640882492,-0.4215061068534851
2.33,-1.3650586605072021,0.3813372254371643,3.6631991863250732,-0.9464908242225647,0.5496060848236084,-0.71361243724823,1.2557811737060547,-0.18453899025917053,-0.41932764649391174
2.34,-1.3744609355926514,0.3868243098258972,3.6560420989990234,-0.9339127540588379,0.5477650761604309,-0.7177942991256714,1.2598176002502441,-0.18364109098911285,-0.4171155095100403
2.35,-1.3837368488311768,0.3922925889492035,3.64884352684021,-0.9212952852249146,0.5459332466125488,-0.7219544649124146,1.2637569904327393,-0.18273478746414185,-0.4148702025413513
2.36,-1.3928865194320679,0.39774298667907715,3.6416029930114746,-0.9086384177207947,0.5441104769706726,-0.7260918617248535,1.267599105834961,-0.18182046711444855,-0.41259151697158813
2.37,-1.401909589767456,0.4031752347946167,3.634321689605713,-0.895943284034729,0.542296826839447,-0.7302063703536987,1.2713441848754883,-0.18089814484119415,-0.4102798104286194
2.38,-1.410805583000183,0.40858930349349976,3.6269989013671875,-0.8832112550735474,0.5404925346374512,-0.734297513961792,1.2749916315078735,-0.17996792495250702,-0.40793508291244507
2.39,-1.4195737838745117,0.41398507356643677,3.6196353435516357,-0.8704435229301453,0.5386975407600403,-0.7383650541305542,1.2785414457321167,-0.17902982234954834,-0.4055573642253876
2.4,-1.4282143115997314,0.4193633198738098,3.612231731414795,-0.8576407432556152,0.5369118452072144,-0.7424085140228271,1.2819931507110596,-0.17808422446250916,-0.4031471610069275
2.41,-1.4367268085479736,0.4247232675552368,3.6047873497009277,-0.8448039889335632,0.5351358652114868,-0.7464278340339661,1.2853468656539917,-0.17713099718093872,-0.4007042646408081
2.42,-1.445110559463501,0.4300660490989685,3.5973029136657715,-0.8319341540336609,0.5333693027496338,-0.7504221200942993,1.2886019945144653,-0.1761704832315445,-0.39822888374328613
2.43,-1.4533649682998657,0.4353911280632019,3.5897789001464844,-0.8190324306488037,0.5316123962402344,-0.754392147064209,1.2917587757110596,-0.17520272731781006,-0.3957212269306183
2.44,-1.4614908695220947,0.4406983554363251,3.5822155475616455,-0.8060994744300842,0.5298653841018677,-0.7583367824554443,1.2948170900344849,-0.17422771453857422,-0.39318156242370605
2.45,-1.469486951828003,0.4459884464740753,3.574612617492676,-0.7931361198425293,0.528127908706665,-0.7622560858726501,1.2977763414382935,-0.17324581742286682,-0.3906098008155823
2.46,-1.4773533344268799,0.45126107335090637,3.5669703483581543,-0.7801439762115479,0.5264004468917847,-0.7661487460136414,1.300636887550354,-0.17225705087184906,-0.38800597190856934
2.47,-1.485089659690857,0.4565165936946869,3.5592899322509766,-0.7671241760253906,0.5246827602386475,-0.7700159549713135,1.3033981323242188,-0.17126153409481049,-0.38537073135375977
2.48,-1.4926958084106445,0.4617544412612915,3.551570177078247,-0.7540768384933472,0.5229752063751221,-0.7738559246063232,1.306060552597046,-0.17025941610336304,-0.38270360231399536
2.49,-1.500171184539795,0.46697551012039185,3.5438125133514404,-0.7410032749176025,0.521277666091919,-0.7776696681976318,1.3086233139038086,-0.1692506968975067,-0.3800053000450134
2.5,-1.5075161457061768,0.4721800684928894,3.5360171794891357,-0.7279043197631836,0.5195902585983276,-0.7814562320709229,1.3110867738723755,-0.16823571920394897,-0.3772755265235901
2.5100000000000002,-1.5147292613983154,0.4773673415184021,3.528183698654175,-0.7147815227508545,0.5179130434989929,-0.7852153778076172,1.313450574874878,-0.16721440851688385,-0.3745148181915283
2.52,-1.5218111276626587,0.48253828287124634,3.520312547683716,-0.7016353011131287,0.51624596118927,-0.7889461517333984,1.315714716911316,-0.1661871075630188,-0.371722936630249
2.5300000000000002,-1.528761625289917,0.487692654132843,3.5124049186706543,-0.6884677410125732,0.5145891904830933,-0.7926496267318726,1.3178790807724,-0.16515383124351501,-0.36890047788619995
2.54,-1.5355805158615112,0.49283015727996826,3.504459857940674,-0.6752785444259644,0.512942910194397,-0.7963238954544067,1.3199436664581299,-0.16411462426185608,-0.36604708433151245
2.5500000000000003,-1.5422673225402832,0.4979515075683594,3.4964780807495117,-0.6620692014694214,0.511306881904602,-0.7999701499938965,1.3219083547592163,-0.16306978464126587,-0.36316341161727905
2.56,-1.5488218069076538,0.5030562877655029,3.4884605407714844,-0.6488412022590637,0.5096815824508667,-0.8035874366760254,1.32377290725708,-0.162019282579422,-0.3602493405342102
2.57,-1.5552442073822021,0.5081453323364258,3.4804065227508545,-0.6355946063995361,0.5080666542053223,-0.8071752786636353,1.3255374431610107,-0.1609634906053543,-0.35730528831481934
2.58,-1.5615336894989014,0.5132182240486145,3.4723169803619385,-0.6223304867744446,0.5064622163772583,-0.8107330799102783,1.3272018432617188,-0.15990234911441803,-0.35433098673820496
2.59,-1.5676907300949097,0.5182739496231079,3.4641923904418945,-0.6090502738952637,0.5048686265945435,-0.8142616748809814,1.328766107559204,-0.15883587300777435,-0.3513270914554596
2.6,-1.5737143754959106,0.5233148336410522,3.4560322761535645,-0.5957551598548889,0.5032855272293091,-0.8177595734596252,1.3302299976348877,-0.1577644646167755,-0.3482934236526489
2.61,-1.5796055793762207,0.528339684009552,3.4478368759155273,-0.5824459195137024,0.5017133951187134,-0.8212271928787231,1.3315938711166382,-0.15668800473213196,-0.3452303409576416
2.62,-1.585363507270813,0.5333492159843445,3.439607858657837,-0.5691235661506653,0.5001518726348877,-0.8246643543243408,1.3328574895858765,-0.15560686588287354,-0.3421381115913391
2.63,-1.590988278388977,0.538343071937561,3.4313435554504395,-0.5557888150215149,0.49860116839408875,-0.8280700445175171,1.3340206146240234,-0.15452107787132263,-0.3390163779258728
2.64,-1.5964792966842651,0.5433215498924255,3.423046112060547,-0.5424432158470154,0.4970613420009613,-0.8314447402954102,1.3350836038589478,-0.1534307450056076,-0.33586591482162476
2.65,-1.601837158203125,0.5482843518257141,3.41471529006958,-0.5290877223014832,0.4955326318740845,-0.8347878456115723,1.3360459804534912,-0.15233591198921204,-0.33268675208091736
2.66,-1.6070611476898193,0.5532323122024536,3.40635085105896,-0.5157228708267212,0.4940146505832672,-0.8380982875823975,1.3369083404541016,-0.15123692154884338,-0.3294789791107178
2.67,-1.6121515035629272,0.558164656162262,3.3979530334472656,-0.5023503303527832,0.4925079047679901,-0.8413764834403992,1.3376702070236206,-0.15013369917869568,-0.3262428045272827
2.68,-1.6171081066131592,0.5630825161933899,3.3895232677459717,-0.4889702796936035,0.4910120368003845,-0.844622790813446,1.3383320569992065,-0.14902657270431519,-0.32297834753990173
2.69,-1.621930480003357,0.5679853558540344,3.3810603618621826,-0.4755839705467224,0.48952728509902954,-0.8478361964225769,1.3388934135437012,-0.1479155719280243,-0.3196859657764435
2.7,-1.6266196966171265,0.572873055934906,3.3725662231445312,-0.4621926546096802,0.4880537986755371,-0.851016640663147,1.3393546342849731,-0.14680072665214539,-0.31636565923690796
2.71,-1.6311748027801514,0.5777464509010315,3.3640408515930176,-0.44879692792892456,0.48659127950668335,-0.8541638851165771,1.3397157192230225,-0.1456824094057083,-0.31301796436309814
2.72,-1.6355955600738525,0.5826049447059631,3.3554835319519043,-0.4353981018066406,0.4851401746273041,-0.8572769165039062,1.3399763107299805,-0.14456051588058472,-0.30964261293411255
2.73,-1.6398828029632568,0.5874495506286621,3.346895217895508,-0.42199745774269104,0.48370012640953064,-0.860355794429779,1.340137243270874,-0.143435537815094,-0.3062400817871094
2.74,-1.644035816192627,0.592278778553009,3.3382763862609863,-0.4085956811904907,0.4822714030742645,-0.863401472568512,1.340198040008545,-0.1423070728778839,-0.30281054973602295
2.75,-1.648054599761963,0.5970942378044128,3.32962703704834,-0.39519429206848145,0.48085400462150574,-0.8664121627807617,1.3401588201522827,-0.14117556810379028,-0.2993539273738861
2.7600000000000002,-1.6519393920898438,0.6018959283828735,3.3209481239318848,-0.3817932903766632,0.4794478714466095,-0.8693886399269104,1.3400198221206665,-0.14004121720790863,-0.29587090015411377
2.77,-1.6556901931762695,0.6066832542419434,3.312239646911621,-0.368394672870636,0.4780532419681549,-0.8723299503326416,1.3397809267044067,-0.13890394568443298,-0.2923612594604492
2.7800000000000002,-1.6593073606491089,0.6114569902420044,3.303502082824707,-0.35499823093414307,0.4766698479652405,-0.8752357959747314,1.3394423723220825,-0.137764111161232,-0.2888255715370178
2.79,-1.6627904176712036,0.6162170171737671,3.2947347164154053,-0.34160587191581726,0.47529786825180054,-0.8781061172485352,1.339004397392273,-0.13662172853946686,-0.2852635085582733
2.8000000000000003,-1.6661393642425537,0.6209629774093628,3.2859396934509277,-0.3282181918621063,0.4739375114440918,-0.8809406757354736,1.338466763496399,-0.13547684252262115,-0.28167587518692017
2.81,-1.669354796409607,0.6256957650184631,3.277116537094116,-0.3148365616798401,0.47258836030960083,-0.8837395906448364,1.337829828262329,-0.13432976603507996,-0.2780624032020569
2.82,-1.6724364757537842,0.6304148435592651,3.2682652473449707,-0.3014618754386902,0.47125086188316345,-0.8865019679069519,1.3370935916900635,-0.13318048417568207,-0.2744236886501312
2.83,-1.6753841638565063,0.6351208686828613,3.2593863010406494,-0.28809496760368347,0.46992480754852295,-0.889228105545044,1.3362582921981812,-0.13202928006649017,-0.27075961232185364
2.84,-1.6781983375549316,0.6398139595985413,3.250481128692627,-0.27473747730255127,0.46861016750335693,-0.8919171094894409,1.3353241682052612,-0.130876362323761,-0.2670707702636719
2.85,-1.6808786392211914,0.6444925665855408,3.241548538208008,-0.26138901710510254,0.46730729937553406,-0.8945693969726562,1.3342909812927246,-0.12972132861614227,-0.26335689425468445
2.86,-1.683425784111023,0.6491601467132568,3.2325897216796875,-0.24805164337158203,0.4660157859325409,-0.897183895111084,1.3331592082977295,-0.1285649985074997,-0.25961852073669434
2.87,-1.6858398914337158,0.6538128852844238,3.223604679107666,-0.2347264289855957,0.46473607420921326,-0.899761438369751,1.3319288492202759,-0.12740689516067505,-0.2558557391166687
2.88,-1.6881204843521118,0.6584548950195312,3.2145941257476807,-0.22141364216804504,0.46346768736839294,-0.9023010730743408,1.3306002616882324,-0.12624771893024445,-0.25206878781318665
2.89,-1.6902681589126587,0.6630826592445374,3.2055587768554688,-0.20811471343040466,0.4622109830379486,-0.9048029184341431,1.3291735649108887,-0.12508715689182281,-0.24825796484947205
2.9,-1.6922829151153564,0.6676986217498779,3.196498394012451,-0.19483047723770142,0.4609658718109131,-0.9072667360305786,1.3276488780975342,-0.1239256039261818,-0.24442356824874878
2.91,-1.6941649913787842,0.6723019480705261,3.187413215637207,-0.18156176805496216,0.4597325325012207,-0.9096915125846863,1.326026201248169,-0.1227630078792572,-0.24056541919708252
2.92,-1.6959142684936523,0.676893413066864,3.178304672241211,-0.16830992698669434,0.4585106670856476,-0.9120771288871765,1.3243060111999512,-0.1215997114777565,-0.23668444156646729
2.93,-1.6975311040878296,0.6814723014831543,3.1691722869873047,-0.15507560968399048,0.4573005437850952,-0.9144246578216553,1.3224884271621704,-0.12043561041355133,-0.2327800691127777
2.94,-1.699015498161316,0.686039388179779,3.1600160598754883,-0.14186018705368042,0.4561019539833069,-0.9167328476905823,1.3205735683441162,-0.11927106231451035,-0.2288530170917511
2.95,-1.7003682851791382,0.6905946135520935,3.1508374214172363,-0.12866437435150146,0.45491501688957214,-0.9190018177032471,1.3185619115829468,-0.11810608953237534,-0.22490331530570984
2.96,-1.7015891075134277,0.6951377391815186,3.141636610031128,-0.11548975110054016,0.4537399113178253,-0.9212313294410706,1.316453456878662,-0.11694075912237167,-0.22093135118484497
2.97,-1.7026782035827637,0.6996695399284363,3.132413387298584,-0.1023361086845398,0.452576220035553,-0.923420786857605,1.3142485618591309,-0.11577535420656204,-0.21693727374076843
2.98,-1.7036360502243042,0.7041893005371094,3.1231679916381836,-0.08920532464981079,0.45142441987991333,-0.9255701303482056,1.311947226524353,-0.11460983008146286,-0.21292126178741455
2.99,-1.7044627666473389,0.7086983919143677,3.1139020919799805,-0.0760977566242218,0.45028403401374817,-0.9276784658432007,1.309550166130066,-0.11344470083713531,-0.20888373255729675
3.0,-1.7051578760147095,0.7131948471069336,3.104614496231079,-0.06301429867744446,0.44915536046028137,-0.9297469854354858,1.3070569038391113,-0.11227953433990479,-0.20482465624809265
3.0100000000000002,-1.7057225704193115,0.7176814675331116,3.095306873321533,-0.04995658993721008,0.4480384886264801,-0.9317749738693237,1.3044682741165161,-0.11111479997634888,-0.2007443904876709
3.02,-1.7061569690704346,0.7221556305885315,3.085979461669922,-0.03692519664764404,0.44693315029144287,-0.9337623119354248,1.301784634590149,-0.10995050519704819,-0.19664329290390015
3.0300000000000002,-1.7064611911773682,0.7266194224357605,3.076632022857666,-0.023921102285385132,0.445839524269104,-0.9357082843780518,1.2990058660507202,-0.10878685116767883,-0.19252142310142517
3.04,-1.7066357135772705,0.7310725450515747,3.067265272140503,-0.010945320129394531,0.4447574317455292,-0.9376118779182434,1.2961324453353882,-0.10762403160333633,-0.1883792281150818
3.0500000000000003,-1.7066806554794312,0.7355148792266846,3.057880163192749,0.0020007193088531494,0.44368696212768555,-0.9394751787185669,1.293164849281311,-0.10646210610866547,-0.18421682715415955
3.06,-1.70659601688385,0.7399463057518005,3.048475742340088,0.014917343854904175,0.44262826442718506,-0.9412963390350342,1.2901028394699097,-0.10530111193656921,-0.1800341010093689
3.0700000000000003,-1.7063820362091064,0.7443674802780151,3.0390539169311523,0.027802973985671997,0.44158095121383667,-0.9430760145187378,1.2869468927383423,-0.10414135456085205,-0.17583197355270386
3.08,-1.7060397863388062,0.7487779855728149,3.0296144485473633,0.040655821561813354,0.4405454397201538,-0.9448133707046509,1.2836978435516357,-0.1029827892780304,-0.17161011695861816
3.09,-1.7055690288543701,0.7531784772872925,3.020158052444458,0.053476184606552124,0.43952128291130066,-0.9465085864067078,1.28035569190979,-0.10182573646306992,-0.16736921668052673
3.1,-1.7049704790115356,0.7575690150260925,3.0106844902038574,0.06626272201538086,0.43850868940353394,-0.9481608867645264,1.2769204378128052,-0.10067038983106613,-0.16310912370681763
3.11,-1.7042440176010132,0.7619481682777405,3.001194953918457,0.0790143609046936,0.4375079572200775,-0.9497709274291992,1.2733927965164185,-0.09951634705066681,-0.158830463886261
3.12,-1.70339035987854,0.7663191556930542,2.991689443588257,0.0917302668094635,0.43651843070983887,-0.9513369202613831,1.2697731256484985,-0.09836438298225403,-0.15453335642814636
3.13,-1.702409267425537,0.7706782817840576,2.982167959213257,0.10440996289253235,0.4355407953262329,-0.9528605937957764,1.2660610675811768,-0.09721390902996063,-0.15021774172782898
3.14,-1.7013020515441895,0.7750300765037537,2.97263240814209,0.11705178022384644,0.4345741271972656,-0.9543414115905762,1.2622580528259277,-0.09606606513261795,-0.14588430523872375
3.15,-1.700068712234497,0.7793704271316528,2.9630815982818604,0.1296548843383789,0.4336192309856415,-0.9557786583900452,1.2583638429641724,-0.0949200689792633,-0.1415330171585083
3.16,-1.6987090110778809,0.78370201587677,2.9535164833068848,0.14221873879432678,0.43267565965652466,-0.9571722745895386,1.2543789148330688,-0.09377647936344147,-0.13716432452201843
3.17,-1.697224497795105,0.7880239486694336,2.9439380168914795,0.15474176406860352,0.4317437708377838,-0.9585221409797668,1.2503036260604858,-0.09263521432876587,-0.1327783763408661
3.18,-1.6956143379211426,0.7923369407653809,2.9343461990356445,0.16722410917282104,0.4308229982852936,-0.9598270058631897,1.2461382150650024,-0.09149661660194397,-0.12837567925453186
3.19,-1.6938800811767578,0.7966404557228088,2.9247419834136963,0.1796640157699585,0.42991381883621216,-0.9610889554023743,1.2418832778930664,-0.0903605967760086,-0.12395608425140381
3.2,-1.6920212507247925,0.8009352684020996,2.9151248931884766,0.1920614242553711,0.4290158450603485,-0.9623064994812012,1.2375389337539673,-0.08922748267650604,-0.11951988935470581
3.21,-1.6900389194488525,0.8052210807800293,2.905496120452881,0.2044147253036499,0.4281291961669922,-0.9634798169136047,1.233106017112732,-0.08809728920459747,-0.11506760120391846
3.22,-1.6879332065582275,0.8094979524612427,2.895855188369751,0.21672338247299194,0.42725393176078796,-0.9646079540252686,1.22858464717865,-0.08697010576725006,-0.11059921979904175
3.23,-1.6857047080993652,0.8137662410736084,2.8862037658691406,0.22898632287979126,0.42638978362083435,-0.9656919240951538,1.2239753007888794,-0.08584614098072052,-0.10611531138420105
3.24,-1.6833536624908447,0.8180257081985474,2.8765416145324707,0.24120259284973145,0.4255370795726776,-0.9667307138442993,1.2192782163619995,-0.08472545444965363,-0.10161584615707397
3.25,-1.6808807849884033,0.822277307510376,2.8668694496154785,0.25337159633636475,0.42469522356987,-0.9677234292030334,1.2144941091537476,-0.08360841870307922,-0.09710156917572021
3.2600000000000002,-1.6782863140106201,0.8265194892883301,2.857187271118164,0.2654920220375061,0.4238647222518921,-0.968671977519989,1.2096232175827026,-0.08249470591545105,-0.09257209300994873
3.27,-1.6755709648132324,0.8307547569274902,2.8474960327148438,0.27756357192993164,0.4230453372001648,-0.9695753455162048,1.204666018486023,-0.08138476312160492,-0.08802801370620728
3.2800000000000002,-1.6727350950241089,0.8349803686141968,2.837796211242676,0.2895853519439697,0.4222370386123657,-0.9704329371452332,1.1996227502822876,-0.08027850836515427,-0.08346953988075256
3.29,-1.669779658317566,0.8391987085342407,2.828087568283081,0.3015555143356323,0.42143988609313965,-0.9712448120117188,1.194494605064392,-0.07917620241641998,-0.0788969099521637
3.3000000000000003,-1.666704535484314,0.8434091806411743,2.8183717727661133,0.3134744167327881,0.4206535220146179,-0.9720101356506348,1.1892812252044678,-0.0780780166387558,-0.07431083917617798
3.31,-1.6635106801986694,0.8476120829582214,2.808647632598877,0.3253409266471863,0.41987815499305725,-0.972730278968811,1.183983325958252,-0.0769839957356453,-0.06971082091331482
3.3200000000000003,-1.6601977348327637,0.8518068790435791,2.798916816711426,0.33715397119522095,0.4191138744354248,-0.9734044075012207,1.1786015033721924,-0.07589419186115265,-0.06509751081466675
3.33,-1.65676748752594,0.8559944033622742,2.789179801940918,0.34891295433044434,0.41836029291152954,-0.9740326404571533,1.1731358766555786,-0.07480885088443756,-0.06047126650810242
3.34,-1.65321946144104,0.8601741790771484,2.7794365882873535,0.36061668395996094,0.4176177680492401,-0.9746143221855164,1.167587399482727,-0.07372801750898361,-0.05583217740058899
3.35,-1.6495548486709595,0.8643468022346497,2.7696871757507324,0.37226468324661255,0.4168858230113983,-0.9751493334770203,1.1619559526443481,-0.07265186309814453,-0.05118057131767273
3.36,-1.645774483680725,0.8685124516487122,2.7599334716796875,0.38385528326034546,0.41616448760032654,-0.9756381511688232,1.156243085861206,-0.07158061861991882,-0.04651683568954468
3.37,-1.641878366470337,0.8726704120635986,2.7501745223999023,0.3953888416290283,0.41545408964157104,-0.9760798215866089,1.1504483222961426,-0.07051406800746918,-0.04184100031852722
3.38,-1.6378670930862427,0.8768213391304016,2.7404115200042725,0.4068640470504761,0.41475430130958557,-0.9764750003814697,1.1445724964141846,-0.06945241987705231,-0.037153542041778564
3.39,-1.6337412595748901,0.8809652924537659,2.7306458950042725,0.41828030347824097,0.41406524181365967,-0.9768224954605103,1.1386158466339111,-0.0683959573507309,-0.03245508670806885
3.4,-1.6295019388198853,0.8851028680801392,2.7208759784698486,0.4296358823776245,0.4133863151073456,-0.9771236181259155,1.1325796842575073,-0.06734495609998703,-0.027745097875595093
3.41,-1.6251486539840698,0.8892328143119812,2.7111029624938965,0.44093137979507446,0.4127180874347687,-0.9773774743080139,1.1264634132385254,-0.06629909574985504,-0.023024320602416992
3.42,-1.6206830739974976,0.8933576345443726,2.7013282775878906,0.4521651864051819,0.41206011176109314,-0.977584183216095,1.12026846408844,-0.06525883078575134,-0.018292933702468872
3.43,-1.6161054372787476,0.8974741101264954,2.691551923751831,0.4633364677429199,0.41141295433044434,-0.977742612361908,1.113994836807251,-0.06422394514083862,-0.013551652431488037
3.44,-1.6114165782928467,0.9015848636627197,2.6817739009857178,0.4744449257850647,0.4107760488986969,-0.9778544902801514,1.1076436042785645,-0.06319485604763031,-0.008799940347671509
3.45,-1.6066168546676636,0.9056895971298218,2.671994924545288,0.4854893088340759,0.41014909744262695,-0.9779190421104431,1.1012146472930908,-0.062171611934900284,-0.0040385425090789795
3.46,-1.601706862449646,0.9097881317138672,2.6622157096862793,0.4964691996574402,0.40953242778778076,-0.9779357314109802,1.094708800315857,-0.0611543133854866,0.0007323622703552246
3.47,-1.596687912940979,0.9138805866241455,2.6524360179901123,0.5073829889297485,0.4089258313179016,-0.9779044389724731,1.0881271362304688,-0.06014304235577583,0.005512535572052002
3.48,-1.5915595293045044,0.9179667234420776,2.642657518386841,0.5182312726974487,0.408329576253891,-0.9778257608413696,1.0814692974090576,-0.05913786590099335,0.010301530361175537
3.49,-1.5863232612609863,0.9220472574234009,2.6328792572021484,0.5290123820304871,0.40774309635162354,-0.977698564529419,1.0747363567352295,-0.05813901871442795,0.01509922742843628
3.5,-1.580979585647583,0.9261216521263123,2.623103141784668,0.5397253632545471,0.40716683864593506,-0.977523922920227,1.0679291486740112,-0.05714649707078934,0.0199052095413208
3.5100000000000002,-1.5755292177200317,0.930190920829773,2.6133298873901367,0.5503703951835632,0.40660011768341064,-0.9773000478744507,1.0610477924346924,-0.056160636246204376,0.024718880653381348
3.52,-1.5699726343154907,0.9342533349990845,2.603558301925659,0.5609461069107056,0.4060433804988861,-0.9770291447639465,1.0540927648544312,-0.05518113076686859,0.029540717601776123
3.5300000000000002,-1.5643103122711182,0.9383118152618408,2.5937891006469727,0.5714521408081055,0.4054964780807495,-0.9767094254493713,1.0470649003982544,-0.05420847237110138,0.034370094537734985
3.54,-1.5585435628890991,0.9423633813858032,2.584023952484131,0.581887423992157,0.40495923161506653,-0.9763418436050415,1.0399649143218994,-0.05324249714612961,0.03920665383338928
3.5500000000000003,-1.5526726245880127,0.9464102983474731,2.5742623805999756,0.5922514200210571,0.4044317603111267,-0.9759257435798645,1.0327931642532349,-0.052283499389886856,0.04405021667480469
3.56,-1.5466983318328857,0.9504520893096924,2.5645058155059814,0.6025432348251343,0.40391361713409424,-0.9754601120948792,1.025550365447998,-0.051331546157598495,0.04889997839927673
3.5700000000000003,-1.5406222343444824,0.9544887542724609,2.5547537803649902,0.6127619743347168,0.40340498089790344,-0.9749469757080078,1.018237590789795,-0.05038675665855408,0.05375659465789795
3.58,-1.5344436168670654,0.9585201740264893,2.5450069904327393,0.6229074001312256,0.4029058814048767,-0.9743854403495789,1.010854721069336,-0.0494491346180439,0.05861923098564148
3.59,-1.528164267539978,0.9625470042228699,2.535266160964966,0.6329787969589233,0.40241605043411255,-0.9737750291824341,1.0034024715423584,-0.04851892590522766,0.06348773837089539
3.6,-1.521784782409668,0.9665685892105103,2.52553129196167,0.642974853515625,0.4019355773925781,-0.9731158018112183,0.995881974697113,-0.04759610444307327,0.0683617889881134
3.61,-1.5153052806854248,0.970585823059082,2.515803813934326,0.6528961062431335,0.40146416425704956,-0.972407877445221,0.9882931113243103,-0.04668089747428894,0.07324102520942688
3.62,-1.5087270736694336,0.9745984077453613,2.5060830116271973,0.6627408266067505,0.40100163221359253,-0.9716510772705078,0.9806371331214905,-0.0457734689116478,0.07812535762786865
3.63,-1.5020506381988525,0.9786058664321899,2.496370553970337,0.6725087761878967,0.40054863691329956,-0.9708454608917236,0.9729141592979431,-0.044873498380184174,0.08301421999931335
3.64,-1.4952770471572876,0.982609212398529,2.486666202545166,0.6821990013122559,0.4001044034957886,-0.9699912667274475,0.9651254415512085,-0.043981581926345825,0.08790746331214905
3.65,-1.488406777381897,0.9866079688072205,2.47697114944458,0.691811203956604,0.3996690511703491,-0.9690867066383362,0.957271158695221,-0.043097592890262604,0.09280437231063843
3.66,-1.4814406633377075,0.9906028509140015,2.467284917831421,0.7013444900512695,0.3992422819137573,-0.9681344628334045,0.9493520855903625,-0.04222181439399719,0.0977056622505188
3.67,-1.4743797779083252,0.994592547416687,2.457608699798584,0.7107982039451599,0.39882442355155945,-0.9671329855918884,0.9413690567016602,-0.041354015469551086,0.10261034965515137
3.68,-1.4672245979309082,0.9985796213150024,2.4479422569274902,0.7201718091964722,0.3984149694442749,-0.9660823345184326,0.9333224296569824,-0.0404946506023407,0.10751843452453613
3.69,-1.4599767923355103,1.0025609731674194,2.4382877349853516,0.7294642329216003,0.3980145752429962,-0.9649819731712341,0.9252134561538696,-0.03964340686798096,0.11242887377738953
3.7,-1.4526361227035522,1.0065391063690186,2.4286437034606934,0.7386756539344788,0.3976224660873413,-0.9638335108757019,0.9170421957969666,-0.03880070149898529,0.11734244227409363
3.71,-1.4452041387557983,1.010513424873352,2.419011116027832,0.7478046417236328,0.397238552570343,-0.9626355767250061,0.9088097214698792,-0.03796660155057907,0.12225842475891113
3.72,-1.4376808404922485,1.0144840478897095,2.409390449523926,0.7568512558937073,0.3968629240989685,-0.961388349533081,0.9005162119865417,-0.037141188979148865,0.12717655301094055
3.73,-1.4300673007965088,1.0184509754180908,2.399783134460449,0.7658146619796753,0.3964955508708954,-0.9600921273231506,0.8921626806259155,-0.036324501037597656,0.13209649920463562
3.74,-1.4223644733428955,1.022413969039917,2.390188694000244,0.7746944427490234,0.39613646268844604,-0.9587465524673462,0.8837495446205139,-0.035516612231731415,0.13701796531677246
3.75,-1.414573073387146,1.0263736248016357,2.380608081817627,0.7834898233413696,0.39578551054000854,-0.957351803779602,0.8752778768539429,-0.03471767157316208,0.1419406533241272
3.7600000000000002,-1.4066944122314453,1.0303298234939575,2.371041774749756,0.7922001481056213,0.3954421877861023,-0.9559081196784973,0.866748034954071,-0.0339277982711792,0.14686429500579834
3.77,-1.3987294435501099,1.034282922744751,2.3614907264709473,0.8008248209953308,0.3951065242290497,-0.9544141888618469,0.8581610918045044,-0.0331471711397171,0.15178805589675903
3.7800000000000002,-1.3906787633895874,1.0382323265075684,2.3519539833068848,0.8093628287315369,0.394778847694397,-0.9528717994689941,0.8495178818702698,-0.032375648617744446,0.15671280026435852
3.79,-1.3825429677963257,1.0421785116195679,2.342433214187622,0.8178145885467529,0.394459068775177,-0.9512802958488464,0.8408185243606567,-0.03161337971687317,0.16163763403892517
3.8000000000000003,-1.3743228912353516,1.0461208820343018,2.33292818069458,0.8261791467666626,0.39414674043655396,-0.949639081954956,0.8320639729499817,-0.030860446393489838,0.16656222939491272
3.81,-1.366019606590271,1.0500614643096924,2.3234400749206543,0.8344554305076599,0.39384186267852783,-0.9479491710662842,0.8232550024986267,-0.030117161571979523,0.1714862883090973
3.8200000000000003,-1.35763418674469,1.0539977550506592,2.3139700889587402,0.8426437973976135,0.3935444951057434,-0.9462090730667114,0.8143922686576843,-0.029383264482021332,0.1764090657234192
3.83,-1.349166750907898,1.057931900024414,2.3045167922973633,0.850743293762207,0.3932541608810425,-0.9444207549095154,0.8054761290550232,-0.0286591574549675,0.18133139610290527
3.84,-1.3406190872192383,1.0618629455566406,2.295081615447998,0.8587533235549927,0.3929712772369385,-0.9425825476646423,0.7965080142021179,-0.027944758534431458,0.1862523853778839
3.85,-1.3319920301437378,1.0657912492752075,2.285665273666382,0.8666734099388123,0.39269548654556274,-0.9406957626342773,0.7874884009361267,-0.027240172028541565,0.19117173552513123
3.86,-1.3232860565185547,1.0697169303894043,2.2762677669525146,0.8745030164718628,0.3924264907836914,-0.9387595653533936,0.7784179449081421,-0.026545539498329163,0.19608911871910095
3.87,-1.3145023584365845,1.073639988899231,2.2668895721435547,0.8822418451309204,0.3921643793582916,-0.9367740750312805,0.7692973017692566,-0.025860927999019623,0.20100438594818115
3.88,-1.3056412935256958,1.0775604248046875,2.2575321197509766,0.8898890018463135,0.39190909266471863,-0.9347395896911621,0.760127067565918,-0.02518639713525772,0.2059171497821808
3.89,-1.2967044115066528,1.0814783573150635,2.248194932937622,0.8974443674087524,0.3916604816913605,-0.9326558113098145,0.7509081959724426,-0.024522043764591217,0.2108270525932312
3.9,-1.2876927852630615,1.0853936672210693,2.238879680633545,0.9049067497253418,0.3914186954498291,-0.9305224418640137,0.7416419386863708,-0.023867882788181305,0.21573340892791748
3.91,-1.27860689163208,1.0893065929412842,2.2295851707458496,0.9122767448425293,0.39118337631225586,-0.9283407330513,0.7323283553123474,-0.023224040865898132,0.22063696384429932
3.92,-1.2694480419158936,1.0932176113128662,2.2203125953674316,0.9195529222488403,0.39095401763916016,-0.926109790802002,0.7229686975479126,-0.022590771317481995,0.22553697228431702
3.93,-1.260216474533081,1.09712553024292,2.2110629081726074,0.9267356991767883,0.39073121547698975,-0.9238302111625671,0.713563084602356,-0.021967798471450806,0.23043295741081238
3.94,-1.2509132623672485,1.1010323762893677,2.201836109161377,0.9338243007659912,0.39051446318626404,-0.9215014576911926,0.7041122913360596,-0.021355539560317993,0.23532482981681824
3.95,-1.2415401935577393,1.104935646057129,2.192633867263794,0.9408179521560669,0.39030420780181885,-0.9191235899925232,0.694617748260498,-0.02075371891260147,0.24021154642105103
3.96,-1.2320971488952637,1.1088377237319946,2.1834542751312256,0.9477165937423706,0.39009976387023926,-0.9166967868804932,0.6850795149803162,-0.02016276866197586,0.2450941503047943
3.97,-1.222585916519165,1.1127378940582275,2.174299716949463,0.9545196294784546,0.3899010121822357,-0.9142217636108398,0.6754990816116333,-0.019582584500312805,0.2499716877937317
3.98,-1.213006854057312,1.116636037826538,2.1651697158813477,0.9612265229225159,0.3897079527378082,-0.9116976857185364,0.6658766865730286,-0.01901327818632126,0.2548438608646393
3.99,-1.2033621072769165,1.1205322742462158,2.1560654640197754,0.9678366780281067,0.3895204961299896,-0.9091249704360962,0.6562137603759766,-0.01845492422580719,0.25971052050590515
4.0,-1.1936508417129517,1.1244264841079712,2.146987199783325,0.9743504524230957,0.3893388509750366,-0.9065035581588745,0.6465100646018982,-0.017907574772834778,0.2645711600780487
4.01,-1.1838749647140503,1.1283190250396729,2.1379354000091553,0.9807668924331665,0.38916242122650146,-0.9038336873054504,0.6367667317390442,-0.017371319234371185,0.2694256603717804
4.0200000000000005,-1.1740361452102661,1.1322097778320312,2.1289100646972656,0.9870855212211609,0.38899144530296326,-0.9011151790618896,0.6269853115081787,-0.016846202313899994,0.27427372336387634
4.03,-1.1641333103179932,1.1360989809036255,2.119912624359131,0.9933067560195923,0.38882553577423096,-0.8983482718467712,0.6171650290489197,-0.01633228361606598,0.2791150212287903
4.04,-1.1541701555252075,1.1399866342544556,2.1109442710876465,0.9994288682937622,0.3886644244194031,-0.8955326676368713,0.6073085069656372,-0.015829823911190033,0.2839486300945282
4.05,-1.1441457271575928,1.1438723802566528,2.1020030975341797,1.0054525136947632,0.38850873708724976,-0.8926687836647034,0.5974153876304626,-0.015338517725467682,0.28877562284469604
4.0600000000000005,-1.134061336517334,1.1477560997009277,2.093090772628784,1.0113770961761475,0.3883579969406128,-0.8897572755813599,0.5874866247177124,-0.014858715236186981,0.29359501600265503
4.07,-1.123918056488037,1.151639699935913,2.084207534790039,1.0172022581100464,0.38821157813072205,-0.8867975473403931,0.5775227546691895,-0.014390528202056885,0.29840657114982605
4.08,-1.1137173175811768,1.1555204391479492,2.0753557682037354,1.0229275226593018,0.3880699872970581,-0.8837890625,0.5675255656242371,-0.013933718204498291,0.30320921540260315
4.09,-1.103459358215332,1.159401297569275,2.066532611846924,1.028552770614624,0.3879327178001404,-0.8807328939437866,0.5574944019317627,-0.013488732278347015,0.308004230260849
4.1,-1.0931470394134521,1.1632792949676514,2.0577406883239746,1.0340771675109863,0.3878002464771271,-0.8776292204856873,0.5474319458007812,-0.013055205345153809,0.31279051303863525
4.11,-1.0827786922454834,1.16715669631958,2.0489797592163086,1.0395011901855469,0.38767173886299133,-0.8744771480560303,0.5373371243476868,-0.012633562088012695,0.31756776571273804
4.12,-1.0723576545715332,1.1710326671600342,2.0402510166168213,1.0448236465454102,0.38754767179489136,-0.8712779879570007,0.5272120833396912,-0.012223705649375916,0.32233577966690063
4.13,-1.0618832111358643,1.1749076843261719,2.0315542221069336,1.0500450134277344,0.38742730021476746,-0.868030846118927,0.5170567035675049,-0.01182575523853302,0.3270941972732544
4.14,-1.0513570308685303,1.1787816286087036,2.022890090942383,1.0551646947860718,0.387310653924942,-0.8647364974021912,0.5068721175193787,-0.011439815163612366,0.33184289932250977
4.15,-1.0407798290252686,1.1826541423797607,2.0142593383789062,1.0601825714111328,0.3871983289718628,-0.8613939881324768,0.49665895104408264,-0.011065736413002014,0.3365814685821533
4.16,-1.0301530361175537,1.186525583267212,2.0056633949279785,1.0650979280471802,0.3870896100997925,-0.8580043911933899,0.4864184856414795,-0.010703779757022858,0.3413090109825134
4.17,-1.0194777250289917,1.1903958320617676,1.9971003532409668,1.069911003112793,0.3869844973087311,-0.8545674681663513,0.4761510491371155,-0.010353811085224152,0.34602656960487366
4.18,-1.0087549686431885,1.194265365600586,1.9885716438293457,1.0746210813522339,0.38688236474990845,-0.8510839939117432,0.46585795283317566,-0.010016165673732758,0.3507332503795624
4.19,-0.9979857206344604,1.1981329917907715,1.9800782203674316,1.0792280435562134,0.3867838978767395,-0.8475531339645386,0.4555397629737854,-0.009690560400485992,0.3554287254810333
4.2,-0.9871715307235718,1.2020004987716675,1.9716215133666992,1.0837316513061523,0.3866886794567108,-0.843975305557251,0.44519758224487305,-0.009377345442771912,0.3601120710372925
4.21,-0.9763121008872986,1.2058669328689575,1.9631998538970947,1.0881319046020508,0.38659632205963135,-0.8403505682945251,0.43483155965805054,-0.009076423943042755,0.3647843897342682
4.22,-0.9654093980789185,1.2097325325012207,1.9548144340515137,1.0924279689788818,0.38650721311569214,-0.8366796374320984,0.42444318532943726,-0.008787855505943298,0.36944472789764404
4.23,-0.9544640183448792,1.213597297668457,1.9464659690856934,1.0966204404830933,0.3864206075668335,-0.8329616785049438,0.4140324592590332,-0.008511744439601898,0.3740927278995514
4.24,-0.9434770345687866,1.217461109161377,1.938154935836792,1.1007087230682373,0.3863367438316345,-0.829197883605957,0.40360087156295776,-0.008248120546340942,0.3787282705307007
4.25,-0.9324496984481812,1.2213239669799805,1.9298818111419678,1.1046924591064453,0.3862554430961609,-0.8253874778747559,0.39314886927604675,-0.007996998727321625,0.38335099816322327
4.26,-0.9213830232620239,1.2251861095428467,1.921647071838379,1.1085715293884277,0.38617682456970215,-0.8215306401252747,0.38267746567726135,-0.007758431136608124,0.3879605829715729
4.2700000000000005,-0.9102786779403687,1.2290475368499756,1.9134507179260254,1.1123459339141846,0.38610053062438965,-0.8176283836364746,0.372188001871109,-0.007532455027103424,0.39255693554878235
4.28,-0.8991365432739258,1.2329083681106567,1.905294418334961,1.1160154342651367,0.3860262334346771,-0.8136799335479736,0.3616803288459778,-0.0073191821575164795,0.3971395790576935
4.29,-0.8879585266113281,1.236768364906311,1.8971781730651855,1.1195796728134155,0.38595372438430786,-0.809685230255127,0.35115596652030945,-0.007118642330169678,0.4017077684402466
4.3,-0.8767451047897339,1.2406275272369385,1.889101505279541,1.1230385303497314,0.385883629322052,-0.8056453466415405,0.34061533212661743,-0.0069307610392570496,0.40626242756843567
4.3100000000000005,-0.8654984831809998,1.2444860935211182,1.8810653686523438,1.1263917684555054,0.3858151435852051,-0.8015603423118591,0.330060213804245,-0.006755761802196503,0.41080278158187866
4.32,-0.8542180061340332,1.2483439445495605,1.873070240020752,1.1296396255493164,0.3857485055923462,-0.7974297404289246,0.31948983669281006,-0.0065935030579566956,0.41532841324806213
4.33,-0.84290611743927,1.2522011995315552,1.8651175498962402,1.1327813863754272,0.3856832981109619,-0.7932535409927368,0.3089064359664917,-0.006444193422794342,0.41983845829963684
4.34,-0.831562876701355,1.2560570240020752,1.8572049140930176,1.135817527770996,0.3856196105480194,-0.7890329957008362,0.29830971360206604,-0.006307676434516907,0.42433470487594604
4.3500000000000005,-0.820189893245697,1.2599129676818848,1.8493366241455078,1.1387476921081543,0.38555705547332764,-0.7847672700881958,0.28770121932029724,-0.0061841607093811035,0.4288141429424286
4.36,-0.8087882995605469,1.2637683153152466,1.84151029586792,1.1415716409683228,0.38549572229385376,-0.7804566025733948,0.2770816683769226,-0.006073661148548126,0.43327856063842773
4.37,-0.7973586320877075,1.267622947692871,1.8337273597717285,1.144289255142212,0.3854358494281769,-0.7761015892028809,0.26645174622535706,-0.005976200103759766,0.4377269744873047
4.38,-0.7859026193618774,1.2714771032333374,1.8259882926940918,1.1469007730484009,0.3853764832019806,-0.7717024087905884,0.2558121979236603,-0.005891755223274231,0.4421592354774475
4.39,-0.7744204998016357,1.275330662727356,1.8182930946350098,1.1494054794311523,0.3853178322315216,-0.7672589421272278,0.245164155960083,-0.0058204010128974915,0.4465751051902771
4.4,-0.7629146575927734,1.2791835069656372,1.8106427192687988,1.1518040895462036,0.38525980710983276,-0.7627708911895752,0.2345084846019745,-0.005762144923210144,0.45097410678863525
4.41,-0.7513854503631592,1.2830359935760498,1.8030385971069336,1.1540957689285278,0.3852023780345917,-0.7582393288612366,0.22384609282016754,-0.005717158317565918,0.4553554952144623
4.42,-0.7398332357406616,1.2868876457214355,1.7954788208007812,1.156280755996704,0.38514548540115356,-0.7536635398864746,0.2131769359111786,-0.005685195326805115,0.45972028374671936
4.43,-0.7282606363296509,1.2907389402389526,1.7879650592803955,1.1583590507507324,0.3850886821746826,-0.7490448951721191,0.20250317454338074,-0.005666546523571014,0.4640676975250244
4.44,-0.716667115688324,1.2945895195007324,1.7804977893829346,1.1603307723999023,0.38503196835517883,-0.7443826198577881,0.19182449579238892,-0.005661115050315857,0.46839725971221924
4.45,-0.7050541043281555,1.2984390258789062,1.7730772495269775,1.1621956825256348,0.384975403547287,-0.7396773099899292,0.1811421513557434,-0.005668871104717255,0.47270894050598145
4.46,-0.6934232711791992,1.3022892475128174,1.7657041549682617,1.1639537811279297,0.38491836190223694,-0.7349283695220947,0.17045679688453674,-0.005690053105354309,0.4770023226737976
4.47,-0.681774914264679,1.3061375617980957,1.7583794593811035,1.165604829788208,0.3848618268966675,-0.7301371097564697,0.15976956486701965,-0.005724430084228516,0.4812765121459961
4.48,-0.6701110005378723,1.3099864721298218,1.7511022090911865,1.1671491861343384,0.3848041296005249,-0.7253025770187378,0.1490810662508011,-0.005772292613983154,0.4855327010154724
4.49,-0.6584329605102539,1.3138337135314941,1.7438733577728271,1.1685863733291626,0.3847462236881256,-0.7204263806343079,0.13839304447174072,-0.005833372473716736,0.48976999521255493
4.5,-0.6467394232749939,1.317680835723877,1.7366933822631836,1.169917106628418,0.3846873939037323,-0.7155075073242188,0.1277042180299759,-0.005907893180847168,0.49398791790008545
4.51,-0.6350337862968445,1.3215276002883911,1.7295629978179932,1.1711405515670776,0.3846278190612793,-0.7105463743209839,0.11701716482639313,-0.0059958770871162415,0.4981864094734192
4.5200000000000005,-0.6233174204826355,1.325373649597168,1.7224822044372559,1.172257423400879,0.3845674991607666,-0.7055438756942749,0.10633289813995361,-0.0060972124338150024,0.5023653507232666
4.53,-0.6115897297859192,1.329218864440918,1.7154521942138672,1.1732673645019531,0.3845059275627136,-0.7004990577697754,0.09565119445323944,-0.006212055683135986,0.5065242052078247
4.54,-0.5998528599739075,1.3330638408660889,1.7084722518920898,1.1741701364517212,0.3844433128833771,-0.69541335105896,0.08497363328933716,-0.0063403695821762085,0.5106629133224487
4.55,-0.5881071090698242,1.3369078636169434,1.7015435695648193,1.17496657371521,0.3843790888786316,-0.6902861595153809,0.0743001401424408,-0.006482116878032684,0.5147812366485596
4.5600000000000005,-0.5763534307479858,1.3407515287399292,1.6946673393249512,1.1756563186645508,0.3843131959438324,-0.6851178407669067,0.06363219767808914,-0.0066374316811561584,0.5188782215118408
4.57,-0.5645941495895386,1.3445942401885986,1.6878421306610107,1.1762394905090332,0.3842464089393616,-0.6799083948135376,0.05297067016363144,-0.006806172430515289,0.5229548811912537
4.58,-0.5528289079666138,1.348435878753662,1.6810688972473145,1.1767158508300781,0.3841775059700012,-0.6746588349342346,0.04231610149145126,-0.006988421082496643,0.5270105600357056
4.59,-0.541059672832489,1.3522778749465942,1.6743488311767578,1.1770857572555542,0.3841063976287842,-0.6693686246871948,0.03166928142309189,-0.007184349000453949,0.5310447812080383
4.6000000000000005,-0.5292873382568359,1.356118083000183,1.6676826477050781,1.1773492097854614,0.3840336203575134,-0.664037823677063,0.02103140950202942,-0.007393650710582733,0.5350567102432251
4.61,-0.5175127387046814,1.3599586486816406,1.6610689163208008,1.177506446838379,0.38395828008651733,-0.6586673259735107,0.010402865707874298,-0.007616646587848663,0.5390475392341614
4.62,-0.5057380199432373,1.3637971878051758,1.6545090675354004,1.1775574684143066,0.38388127088546753,-0.6532571315765381,-0.00021447986364364624,-0.007853113114833832,0.5430164337158203
4.63,-0.4939626455307007,1.367635726928711,1.6480035781860352,1.177502155303955,0.3838014602661133,-0.647807240486145,-0.010821446776390076,-0.00810316950082779,0.5469628572463989
4.64,-0.48218852281570435,1.3714733123779297,1.641552448272705,1.1773408651351929,0.383719265460968,-0.6423178911209106,-0.021415919065475464,-0.008366860449314117,0.5508869886398315
4.65,-0.4704161286354065,1.3753101825714111,1.6351568698883057,1.17707359790802,0.38363412022590637,-0.6367895603179932,-0.03199813514947891,-0.008644111454486847,0.5547881126403809
4.66,-0.4586474299430847,1.3791462182998657,1.6288163661956787,1.1767009496688843,0.3835459351539612,-0.6312223672866821,-0.04256626218557358,-0.00893491506576538,0.5586665868759155
4.67,-0.4468824565410614,1.3829810619354248,1.6225321292877197,1.176222562789917,0.38345518708229065,-0.6256164312362671,-0.053120456635951996,-0.009239360690116882,0.562521755695343
4.68,-0.43512311577796936,1.3868154287338257,1.6163051128387451,1.1756386756896973,0.3833613991737366,-0.6199718713760376,-0.0636591762304306,-0.009557411074638367,0.5663526654243469
4.69,-0.423369824886322,1.390648603439331,1.610133409500122,1.174949288368225,0.38326430320739746,-0.6142896413803101,-0.07418207079172134,-0.009889036417007446,0.5701608657836914
4.7,-0.41162458062171936,1.3944807052612305,1.6040189266204834,1.1741548776626587,0.3831633925437927,-0.6085692048072815,-0.08468754589557648,-0.010234266519546509,0.5739452838897705
4.71,-0.39988672733306885,1.398311972618103,1.5979619026184082,1.1732558012008667,0.38305920362472534,-0.6028105020523071,-0.09517614543437958,-0.010593101382255554,0.5777053833007812
4.72,-0.3881595730781555,1.4021419286727905,1.591963768005371,1.1722517013549805,0.3829515278339386,-0.5970149636268616,-0.10564551502466202,-0.010965511202812195,0.5814406275749207
4.73,-0.3764423131942749,1.4059703350067139,1.5860226154327393,1.171142816543579,0.38284003734588623,-0.591181755065918,-0.11609620600938797,-0.011351451277732849,0.5851520299911499
4.74,-0.36473754048347473,1.409798264503479,1.5801398754119873,1.1699297428131104,0.38272470235824585,-0.5853119492530823,-0.12652623653411865,-0.011751040816307068,0.5888388752937317
4.75,-0.35304468870162964,1.4136250019073486,1.5743162631988525,1.1686124801635742,0.38260504603385925,-0.5794053077697754,-0.13693585991859436,-0.012164220213890076,0.5925006866455078
4.76,-0.34136533737182617,1.417451024055481,1.568551778793335,1.1671910285949707,0.38248103857040405,-0.5734617114067078,-0.1473240852355957,-0.012591004371643066,0.596137285232544
4.7700000000000005,-0.32970094680786133,1.4212745428085327,1.5628466606140137,1.165665864944458,0.3823530077934265,-0.5674824118614197,-0.1576896607875824,-0.013031244277954102,0.5997488498687744
4.78,-0.31805211305618286,1.4250977039337158,1.557201862335205,1.1640372276306152,0.3822208046913147,-0.5614665746688843,-0.1680322140455246,-0.013485148549079895,0.6033346056938171
4.79,-0.30642059445381165,1.4289193153381348,1.55161714553833,1.162305474281311,0.38208356499671936,-0.5554156303405762,-0.17835038900375366,-0.013952568173408508,0.6068947911262512
4.8,-0.2948063313961029,1.432739496231079,1.546093225479126,1.1604704856872559,0.381941556930542,-0.5493291616439819,-0.1886441707611084,-0.014433547854423523,0.6104288697242737
4.8100000000000005,-0.28321078419685364,1.4365580081939697,1.5406312942504883,1.1585326194763184,0.38179442286491394,-0.5432074069976807,-0.19891229271888733,-0.014927983283996582,0.6139363050460815
4.82,-0.2716353237628937,1.4403752088546753,1.5352301597595215,1.1564921140670776,0.38164281845092773,-0.5370503664016724,-0.2091541886329651,-0.015435963869094849,0.6174178719520569
4.83,-0.2600817084312439,1.4441910982131958,1.5298902988433838,1.1543495655059814,0.3814859986305237,-0.530859112739563,-0.2193683385848999,-0.015957489609718323,0.6208730936050415
4.84,-0.24854937195777893,1.448004961013794,1.5246126651763916,1.1521050930023193,0.3813233971595764,-0.5246328115463257,-0.22955504059791565,-0.016492411494255066,0.6243014335632324
4.8500000000000005,-0.23704063892364502,1.451817512512207,1.5193986892700195,1.1497588157653809,0.38115590810775757,-0.5183731317520142,-0.239712655544281,-0.017040878534317017,0.6277021169662476
4.86,-0.2255549430847168,1.4556281566619873,1.5142462253570557,1.147310733795166,0.38098257780075073,-0.5120791792869568,-0.24984146654605865,-0.01760271191596985,0.631076455116272
4.87,-0.21409404277801514,1.4594372510910034,1.5091567039489746,1.1447618007659912,0.380803644657135,-0.5057518482208252,-0.25993993878364563,-0.018178045749664307,0.6344234943389893
4.88,-0.20266002416610718,1.4632439613342285,1.5041306018829346,1.142112135887146,0.38061949610710144,-0.49939075112342834,-0.27000731229782104,-0.01876676082611084,0.6377429962158203
4.89,-0.19125208258628845,1.4670491218566895,1.4991686344146729,1.13936185836792,0.3804287314414978,-0.49299687147140503,-0.2800431549549103,-0.019368886947631836,0.641034722328186
4.9,-0.17987236380577087,1.4708524942398071,1.4942703247070312,1.1365113258361816,0.3802318871021271,-0.4865703880786896,-0.2900466322898865,-0.019984334707260132,0.6442986726760864
4.91,-0.16852259635925293,1.4746538400650024,1.4894368648529053,1.133561134338379,0.3800288438796997,-0.48011094331741333,-0.30001625418663025,-0.020613163709640503,0.6475344896316528
4.92,-0.15720146894454956,1.4784530401229858,1.4846677780151367,1.1305111646652222,0.37981942296028137,-0.47361961007118225,-0.3099527359008789,-0.0212552547454834,0.6507419347763062
4.93,-0.145912766456604,1.4822503328323364,1.4799652099609375,1.1273622512817383,0.379603773355484,-0.4670964777469635,-0.31985360383987427,-0.021910741925239563,0.6539202928543091
4.94,-0.13465505838394165,1.4860451221466064,1.4753267765045166,1.1241142749786377,0.379381000995636,-0.4605415463447571,-0.3297197222709656,-0.02257940173149109,0.6570706367492676
4.95,-0.12343078851699829,1.4898380041122437,1.4707541465759277,1.1207677125930786,0.37915197014808655,-0.4539549648761749,-0.33954906463623047,-0.023261383175849915,0.6601923704147339
4.96,-0.1122404932975769,1.4936282634735107,1.46624755859375,1.117323398590088,0.37891578674316406,-0.44733768701553345,-0.34934186935424805,-0.023956507444381714,0.6632848978042603
4.97,-0.10108453035354614,1.4974156618118286,1.461808204650879,1.113781213760376,0.3786727786064148,-0.4406897723674774,-0.35909679532051086,-0.02466478943824768,0.6663476824760437
4.98,-0.08996462821960449,1.5012017488479614,1.4574337005615234,1.110141634941101,0.37842226028442383,-0.43401068449020386,-0.3688136041164398,-0.025386318564414978,0.6693824529647827
4.99,-0.07888180017471313,1.5049844980239868,1.4531278610229492,1.1064049005508423,0.3781653046607971,-0.42730212211608887,-0.378491073846817,-0.026120930910110474,0.6723863482475281
5.0,-0.06783664226531982,1.5087652206420898,1.4488885402679443,1.102571725845337,0.37790006399154663,-0.42056334018707275,-0.38812893629074097,-0.02686867117881775,0.675361156463623
5.01,-0.056830525398254395,1.5125423669815063,1.4447166919708252,1.0986424684524536,0.3776277005672455,-0.4137946367263794,-0.397725909948349,-0.02762933075428009,0.6783061027526855
5.0200000000000005,-0.0458640456199646,1.5163172483444214,1.4406123161315918,1.094617486000061,0.37734752893447876,-0.4069971442222595,-0.4072816073894501,-0.02840311825275421,0.6812212467193604
5.03,-0.034938275814056396,1.5200893878936768,1.4365763664245605,1.0904970169067383,0.3770594596862793,-0.40017008781433105,-0.4167954921722412,-0.029189899563789368,0.6841059923171997
5.04,-0.02405446767807007,1.5238584280014038,1.4326083660125732,1.0862815380096436,0.3767634630203247,-0.393314927816391,-0.4262661933898926,-0.02998955547809601,0.6869605779647827
5.05,-0.013213574886322021,1.5276248455047607,1.4287095069885254,1.0819718837738037,0.37645989656448364,-0.3864312171936035,-0.43569356203079224,-0.030802235007286072,0.6897844076156616
5.0600000000000005,-0.0024160146713256836,1.5313878059387207,1.4248807430267334,1.0775681734085083,0.37614768743515015,-0.3795197308063507,-0.44507667422294617,-0.03162771463394165,0.6925771236419678
5.07,0.008337557315826416,1.535147786140442,1.4211206436157227,1.0730704069137573,0.3758271336555481,-0.37257975339889526,-0.4544154405593872,-0.03246602416038513,0.6953394412994385
5.08,0.019045352935791016,1.5389041900634766,1.417428970336914,1.0684797763824463,0.3754979074001312,-0.36561280488967896,-0.4637085199356079,-0.033317044377326965,0.6980710029602051
5.09,0.029706954956054688,1.5426576137542725,1.4138078689575195,1.0637962818145752,0.3751605749130249,-0.35861828923225403,-0.47295546531677246,-0.03418095409870148,0.700771152973175
5.1000000000000005,0.04032093286514282,1.546407699584961,1.4102566242218018,1.05902099609375,0.37481454014778137,-0.3515973687171936,-0.4821552038192749,-0.03505752980709076,0.7034403085708618
5.11,0.05088716745376587,1.550154209136963,1.4067754745483398,1.0541534423828125,0.3744596242904663,-0.3445497453212738,-0.4913077652454376,-0.03594675660133362,0.7060778141021729
5.12,0.06140381097793579,1.5538963079452515,1.4033660888671875,1.0491948127746582,0.3740955591201782,-0.33747628331184387,-0.5004114508628845,-0.03684842586517334,0.7086831331253052
5.13,0.07187032699584961,1.557636022567749,1.400026798248291,1.0441454648971558,0.37372225522994995,-0.33037617802619934,-0.5094666481018066,-0.037762850522994995,0.7112571597099304
5.14,0.08228641748428345,1.561370611190796,1.3967585563659668,1.0390058755874634,0.37334010004997253,-0.3232510983943939,-0.5184720754623413,-0.03868967294692993,0.7137995958328247
5.15,0.0926506519317627,1.5651030540466309,1.393561601638794,1.0337761640548706,0.37294870615005493,-0.3161000907421112,-0.5274274945259094,-0.03962917625904083,0.7163097262382507
5.16,0.10296118259429932,1.568829894065857,1.3904364109039307,1.0284574031829834,0.37254780530929565,-0.30892473459243774,-0.5363313555717468,-0.04058089852333069,0.7187879085540771
5.17,0.11321967840194702,1.572553277015686,1.3873827457427979,1.0230495929718018,0.37213706970214844,-0.3017246127128601,-0.5451846122741699,-0.04154504835605621,0.721233606338501
5.18,0.12342214584350586,1.5762724876403809,1.3844013214111328,1.0175539255142212,0.3717164397239685,-0.2945002615451813,-0.5539846420288086,-0.042521461844444275,0.7236469388008118
5.19,0.1335698962211609,1.5799875259399414,1.3814923763275146,1.0119704008102417,0.37128639221191406,-0.28725165128707886,-0.5627322196960449,-0.043510258197784424,0.7260277271270752
5.2,0.14366167783737183,1.5836985111236572,1.378657341003418,1.006299376487732,0.3708464503288269,-0.27998000383377075,-0.5714263319969177,-0.04451119899749756,0.7283748388290405
5.21,0.1536962389945984,1.587404727935791,1.3758935928344727,1.0005416870117188,0.3703962564468384,-0.272684782743454,-0.5800663232803345,-0.04552429914474487,0.7306900024414062
5.22,0.16367179155349731,1.5911062955856323,1.373204231262207,0.9946982860565186,0.3699358105659485,-0.26536646485328674,-0.5886509418487549,-0.04654949903488159,0.7329714298248291
5.23,0.17358922958374023,1.5948033332824707,1.3705861568450928,0.9887691736221313,0.36946505308151245,-0.25802507996559143,-0.5971805453300476,-0.047586724162101746,0.7352210283279419
5.24,0.18344706296920776,1.598495602607727,1.3680434226989746,0.9827549457550049,0.3689838647842407,-0.25066226720809937,-0.6056540608406067,-0.04863600432872772,0.7374361753463745
5.25,0.1932443380355835,1.6021828651428223,1.3655734062194824,0.9766560792922974,0.3684927225112915,-0.24327701330184937,-0.6140710711479187,-0.04969717562198639,0.7396183013916016
5.26,0.20298022031784058,1.6058655977249146,1.36317777633667,0.9704732894897461,0.3679901361465454,-0.23586976528167725,-0.6224306225776672,-0.05077022314071655,0.7417670488357544
5.2700000000000005,0.21265363693237305,1.6095423698425293,1.3608558177947998,0.9642078280448914,0.3674771785736084,-0.22844156622886658,-0.6307321786880493,-0.05185501277446747,0.7438823580741882
5.28,0.22226423025131226,1.6132152080535889,1.3586089611053467,0.9578589200973511,0.3669528067111969,-0.22099196910858154,-0.6389753222465515,-0.05295164883136749,0.7459635734558105
5.29,0.23181039094924927,1.6168816089630127,1.356436014175415,0.9514283537864685,0.36641791462898254,-0.21352213621139526,-0.6471589803695679,-0.05405984818935394,0.7480112910270691
5.3,0.24129235744476318,1.6205438375473022,1.3543379306793213,0.9449158906936646,0.3658718466758728,-0.2060319483280182,-0.6552833318710327,-0.05517987906932831,0.7500247955322266
5.3100000000000005,0.25070875883102417,1.6241991519927979,1.3523147106170654,0.9383228421211243,0.3653143346309662,-0.19852179288864136,-0.6633473634719849,-0.056311190128326416,0.7520044445991516
5.32,0.2600586414337158,1.6278495788574219,1.3503673076629639,0.9316493272781372,0.3647456169128418,-0.19099175930023193,-0.6713503003120422,-0.057454198598861694,0.7539495825767517
5.33,0.2693408131599426,1.6314939260482788,1.3484959602355957,0.9248962998390198,0.3641650676727295,-0.1834431290626526,-0.6792914867401123,-0.05860842764377594,0.7558599710464478
5.34,0.2785559892654419,1.6351327896118164,1.3466994762420654,0.9180636405944824,0.36357325315475464,-0.1758747696876526,-0.6871711015701294,-0.059774234890937805,0.7577363848686218
5.3500000000000005,0.2877020835876465,1.6387656927108765,1.3449780941009521,0.9111530184745789,0.3629697561264038,-0.16828826069831848,-0.6949880123138428,-0.060951218008995056,0.7595784664154053
5.36,0.29677867889404297,1.6423919200897217,1.3433332443237305,0.90416419506073,0.3623538017272949,-0.16068339347839355,-0.7027416229248047,-0.06213931739330292,0.7613857984542847
5.37,0.3057849407196045,1.646012544631958,1.3417651653289795,0.8970984220504761,0.3617268204689026,-0.15306124091148376,-0.7104312777519226,-0.06333877146244049,0.7631579041481018
5.38,0.31472110748291016,1.6496267318725586,1.3402729034423828,0.8899555206298828,0.36108729243278503,-0.145420640707016,-0.71805739402771,-0.06454920768737793,0.7648955583572388
5.39,0.32358407974243164,1.6532343626022339,1.3388566970825195,0.8827372789382935,0.3604356050491333,-0.13776317238807678,-0.7256178855895996,-0.06577061116695404,0.7665985822677612
5.4,0.33237510919570923,1.6568353176116943,1.337517499923706,0.8754438161849976,0.35977229475975037,-0.1300884485244751,-0.7331132888793945,-0.0670030266046524,0.7682663202285767
5.41,0.3410927653312683,1.66042959690094,1.336254596710205,0.868075430393219,0.359095960855484,-0.12239763140678406,-0.7405427098274231,-0.06824623048305511,0.7698991298675537
5.42,0.3497365117073059,1.6640170812606812,1.335068941116333,0.8606329560279846,0.358407199382782,-0.11469066143035889,-0.7479057908058167,-0.06950020790100098,0.7714965343475342
5.43,0.35830461978912354,1.6675975322723389,1.3339605331420898,0.8531175851821899,0.35770556330680847,-0.10696789622306824,-0.7552013993263245,-0.07076479494571686,0.7730588912963867
5.44,0.3667981028556824,1.6711710691452026,1.3329296112060547,0.8455291986465454,0.3569916784763336,-0.0992293655872345,-0.76242995262146,-0.07204020023345947,0.7745855450630188
5.45,0.37521547079086304,1.6747374534606934,1.3319768905639648,0.8378691673278809,0.35626500844955444,-0.09147652983665466,-0.7695903778076172,-0.07332606613636017,0.7760763764381409
5.46,0.38355571031570435,1.6782960891723633,1.3311009407043457,0.8301376104354858,0.3555247187614441,-0.08370816707611084,-0.7766822576522827,-0.07462228834629059,0.7775320410728455
5.47,0.391817569732666,1.6818478107452393,1.3303024768829346,0.822335958480835,0.35477229952812195,-0.07592576742172241,-0.7837047576904297,-0.07592912018299103,0.7789522409439087
5.48,0.4000023603439331,1.685391902923584,1.3295817375183105,0.8144635558128357,0.3540063798427582,-0.06812936067581177,-0.7906585335731506,-0.07724615931510925,0.7803367376327515
5.49,0.40810680389404297,1.6889278888702393,1.3289403915405273,0.8065230250358582,0.35322725772857666,-0.06031978130340576,-0.7975413203239441,-0.07857340574264526,0.7816846966743469
5.5,0.4161321520805359,1.6924567222595215,1.328376054763794,0.7985132932662964,0.3524351418018341,-0.05249601602554321,-0.8043540120124817,-0.07991096377372742,0.7829974889755249
5.51,0.4240769147872925,1.6959766149520874,1.3278906345367432,0.790435791015625,0.351628839969635,-0.04465925693511963,-0.8110957741737366,-0.08125825226306915,0.7842740416526794
5.5200000000000005,0.4319406747817993,1.6994892358779907,1.3274829387664795,0.7822915315628052,0.350809782743454,-0.036810457706451416,-0.8177659511566162,-0.08261585235595703,0.7855148911476135
5.53,0.43972277641296387,1.7029931545257568,1.3271539211273193,0.7740808129310608,0.34997668862342834,-0.02894914150238037,-0.8243641257286072,-0.08398318290710449,0.7867195010185242
5.54,0.4474221467971802,1.7064886093139648,1.3269033432006836,0.765804648399353,0.34912994503974915,-0.02107614278793335,-0.8308896422386169,-0.08536028861999512,0.7878881692886353
5.55,0.45503854751586914,1.7099751234054565,1.3267319202423096,0.7574630975723267,0.3482695519924164,-0.013191580772399902,-0.8373426198959351,-0.08674710988998413,0.789020299911499
5.5600000000000005,0.462571382522583,1.7134532928466797,1.32663893699646,0.7490578889846802,0.34739500284194946,-0.005295872688293457,-0.8437221050262451,-0.08814363181591034,0.7901164293289185
5.57,0.47001969814300537,1.7169233560562134,1.3266260623931885,0.740588903427124,0.34650689363479614,0.0026108622550964355,-0.8500279188156128,-0.08954977989196777,0.791175901889801
5.58,0.4773823618888855,1.720383644104004,1.3266913890838623,0.7320579290390015,0.3456040024757385,0.010528117418289185,-0.8562589287757874,-0.090965136885643,0.7921991348266602
5.59,0.48466068506240845,1.7238353490829468,1.326836109161377,0.7234640121459961,0.3446873724460602,0.018455088138580322,-0.86241614818573,-0.09239013493061066,0.793185830116272
5.6000000000000005,0.4918516278266907,1.7272772789001465,1.3270611763000488,0.714809775352478,0.3437560498714447,0.02639108896255493,-0.8684976100921631,-0.09382414817810059,0.794135570526123
5.61,0.4989563226699829,1.7307100296020508,1.3273646831512451,0.7060943841934204,0.3428104817867279,0.03433710336685181,-0.8745037913322449,-0.09526742994785309,0.7950491905212402
5.62,0.5059736967086792,1.7341339588165283,1.3277482986450195,0.6973196268081665,0.3418509066104889,0.0422913134098053,-0.8804341554641724,-0.09671998023986816,0.7959256768226624
5.63,0.5129029154777527,1.7375473976135254,1.3282113075256348,0.688485860824585,0.3408763110637665,0.05025511980056763,-0.886288046836853,-0.09818136692047119,0.796765923500061
5.64,0.5197429656982422,1.7409507036209106,1.3287532329559326,0.6795943379402161,0.3398873209953308,0.058226823806762695,-0.8920649886131287,-0.09965157508850098,0.7975696921348572
5.65,0.5264942646026611,1.74434494972229,1.3293755054473877,0.6706448793411255,0.33888307213783264,0.06620669364929199,-0.8977649211883545,-0.10113072395324707,0.7983363270759583
5.66,0.5331557989120483,1.7477283477783203,1.3300771713256836,0.6616391539573669,0.3378645181655884,0.07419374585151672,-0.9033873677253723,-0.1026185005903244,0.7990665435791016
5.67,0.5397267937660217,1.7511028051376343,1.3308591842651367,0.6525776386260986,0.33683091402053833,0.08218789100646973,-0.9089319109916687,-0.10411509871482849,0.7997596859931946
5.68,0.5462066531181335,1.754465103149414,1.3317203521728516,0.6434612274169922,0.3357822000980377,0.09018883109092712,-0.9143977761268616,-0.10561986267566681,0.8004159927368164
5.69,0.5525960922241211,1.7578177452087402,1.33266282081604,0.6342896223068237,0.33471858501434326,0.09819638729095459,-0.919785737991333,-0.10713331401348114,0.8010353446006775
5.7,0.5588928461074829,1.7611593008041382,1.3336842060089111,0.6250653266906738,0.33363938331604004,0.1062096655368805,-0.9250938296318054,-0.10865487158298492,0.8016178607940674
5.71,0.5650972127914429,1.7644903659820557,1.3347866535186768,0.6157882809638977,0.33254531025886536,0.1142289936542511,-0.9303230047225952,-0.11018486320972443,0.8021631240844727
5.72,0.5712084174156189,1.767810583114624,1.3359696865081787,0.6064592599868774,0.3314359188079834,0.12225255370140076,-0.9354722499847412,-0.1117229163646698,0.8026710152626038
5.73,0.5772262811660767,1.7711193561553955,1.3372323513031006,0.597078800201416,0.3303108811378479,0.13028153777122498,-0.9405413269996643,-0.1132689118385315,0.8031423687934875
5.74,0.5831494927406311,1.7744166851043701,1.3385756015777588,0.5876488089561462,0.3291703462600708,0.13831454515457153,-0.9455298185348511,-0.11482283473014832,0.8035762310028076
5.75,0.5889787077903748,1.7777025699615479,1.3399991989135742,0.5781689882278442,0.32801422476768494,0.146352618932724,-0.9504377841949463,-0.1163845807313919,0.8039732575416565
5.76,0.5947128534317017,1.7809767723083496,1.3415021896362305,0.5686402320861816,0.3268424868583679,0.154395192861557,-0.9552644491195679,-0.11795403063297272,0.8043339252471924
5.7700000000000005,0.6003514528274536,1.7842397689819336,1.3430871963500977,0.5590637922286987,0.32565537095069885,0.16243955492973328,-0.9600098729133606,-0.11953124403953552,0.8046561479568481
5.78,0.605894148349762,1.7874901294708252,1.3447513580322266,0.5494400262832642,0.3244520127773285,0.17048758268356323,-0.9646733999252319,-0.1211157739162445,0.8049420714378357
5.79,0.6113399863243103,1.790728211402893,1.3464958667755127,0.5397704839706421,0.32323309779167175,0.1785382330417633,-0.969254732131958,-0.12270766496658325,0.8051906824111938
5.8,0.6166896820068359,1.793954610824585,1.3483216762542725,0.530055046081543,0.321997731924057,0.1865912675857544,-0.9737540483474731,-0.12430694699287415,0.8054019808769226
5.8100000000000005,0.621941089630127,1.7971680164337158,1.3502275943756104,0.5202957391738892,0.3207467496395111,0.19464647769927979,-0.9781701564788818,-0.12591329216957092,0.8055763244628906
5.82,0.6270951628684998,1.8003700971603394,1.3522148132324219,0.5104920864105225,0.3194795846939087,0.2027032971382141,-0.9825036525726318,-0.12752698361873627,0.8057129979133606
5.83,0.6321510076522827,1.8035577535629272,1.3542816638946533,0.5006458163261414,0.31819629669189453,0.2107609212398529,-0.9867539405822754,-0.1291472315788269,0.8058128952980042
5.84,0.6371079683303833,1.8067333698272705,1.3564295768737793,0.49075740575790405,0.3168967366218567,0.21881943941116333,-0.9909206628799438,-0.13077464699745178,0.805875301361084
5.8500000000000005,0.6419655680656433,1.809895396232605,1.3586583137512207,0.48082801699638367,0.3155806064605713,0.2268775999546051,-0.9950032830238342,-0.13240854442119598,0.8059002161026001
5.86,0.6467240452766418,1.813044786453247,1.3609673976898193,0.47085776925086975,0.31424838304519653,0.23493662476539612,-0.9990021586418152,-0.13404934108257294,0.8058881163597107
5.87,0.6513831615447998,1.8161808252334595,1.363356590270996,0.460847944021225,0.3128998279571533,0.24299538135528564,-1.0029168128967285,-0.13569656014442444,0.8058391213417053
5.88,0.655941367149353,1.819303035736084,1.3658273220062256,0.4507995545864105,0.3115345239639282,0.2510535717010498,-1.006746768951416,-0.1373501569032669,0.8057525157928467
5.89,0.6603986024856567,1.822411298751831,1.3683788776397705,0.44071370363235474,0.3101526200771332,0.25911009311676025,-1.0104916095733643,-0.13901002705097198,0.8056285381317139
5.9,0.6647555828094482,1.8255058526992798,1.3710100650787354,0.43058982491493225,0.3087541162967682,0.2671656608581543,-1.0141521692276,-0.1406760960817337,0.8054675459861755
5.91,0.6690102815628052,1.8285861015319824,1.3737215995788574,0.4204307794570923,0.3073389530181885,0.2752193808555603,-1.0177266597747803,-0.1423482596874237,0.8052696585655212
5.92,0.673163652420044,1.8316526412963867,1.3765137195587158,0.4102356731891632,0.30590760707855225,0.2832709848880768,-1.0212161540985107,-0.1440264880657196,0.805034339427948
5.93,0.6772153377532959,1.834704875946045,1.3793864250183105,0.40000656247138977,0.3044585883617401,0.29131999611854553,-1.0246198177337646,-0.14571048319339752,0.804762065410614
5.94,0.6811639070510864,1.8377416133880615,1.382340431213379,0.3897438645362854,0.30299320816993713,0.2993663251399994,-1.0279375314712524,-0.14740006625652313,0.8044523596763611
5.95,0.6850095987319946,1.8407639265060425,1.385373592376709,0.3794479966163635,0.3015105724334717,0.3074093461036682,-1.0311689376831055,-0.14909522235393524,0.8041056990623474
5.96,0.6887526512145996,1.8437716960906982,1.3884882926940918,0.3691205680370331,0.30001115798950195,0.31544867157936096,-1.0343141555786133,-0.15079613029956818,0.8037216663360596
5.97,0.692392110824585,1.8467645645141602,1.3916833400726318,0.3587620258331299,0.298494815826416,0.3234831392765045,-1.0373730659484863,-0.15250231325626373,0.8033003211021423
5.98,0.6959278583526611,1.8497411012649536,1.394958257675171,0.3483733832836151,0.29696083068847656,0.3315139412879944,-1.0403451919555664,-0.1542135328054428,0.8028422594070435
5.99,0.6993592977523804,1.8527034521102905,1.398313045501709,0.33795592188835144,0.2954103946685791,0.33953994512557983,-1.0432301759719849,-0.15593022108078003,0.8023472428321838
6.0,0.7026866674423218,1.8556498289108276,1.4017491340637207,0.3275090456008911,0.2938423752784729,0.3475610911846161,-1.0460282564163208,-0.15765176713466644,0.8018149137496948
6.01,0.7059098482131958,1.8585803508758545,1.4052650928497314,0.3170353174209595,0.29225730895996094,0.35557669401168823,-1.0487396717071533,-0.15937836468219757,0.8012456297874451
6.0200000000000005,0.7090276479721069,1.8614952564239502,1.4088611602783203,0.3065343499183655,0.2906550168991089,0.3635854125022888,-1.0513628721237183,-0.16110962629318237,0.800639271736145
6.03,0.7120400667190552,1.8643929958343506,1.412536859512329,0.2960081696510315,0.2890348434448242,0.3715886175632477,-1.0538990497589111,-0.16284534335136414,0.7999961376190186
6.04,0.7149478197097778,1.8672757148742676,1.4162921905517578,0.2854567766189575,0.28739792108535767,0.3795852065086365,-1.0563476085662842,-0.1645859181880951,0.7993163466453552
6.05,0.7177493572235107,1.8701415061950684,1.420128583908081,0.27488088607788086,0.28574326634407043,0.3875751495361328,-1.0587081909179688,-0.16633078455924988,0.798599362373352
6.0600000000000005,0.7204450368881226,1.8729904890060425,1.424043893814087,0.2642833888530731,0.284071147441864,0.3955574333667755,-1.0609809160232544,-0.16807988286018372,0.7978458404541016
6.07,0.7230346202850342,1.8758223056793213,1.428039312362671,0.25366199016571045,0.2823817729949951,0.40353235602378845,-1.0631656646728516,-0.16983316838741302,0.7970555424690247
6.08,0.7255183458328247,1.8786377906799316,1.432114601135254,0.24302031099796295,0.2806743085384369,0.4114988148212433,-1.0652624368667603,-0.17159055173397064,0.7962281703948975
6.09,0.7278950214385986,1.8814362287521362,1.4362688064575195,0.23235712945461273,0.27895015478134155,0.4194568693637848,-1.0672708749771118,-0.1733519583940506,0.795364499092102
6.1000000000000005,0.7301654815673828,1.8842166662216187,1.440502405166626,0.22167553007602692,0.277207612991333,0.42740610241889954,-1.0691908597946167,-0.17511685192584991,0.794464111328125
6.11,0.7323285341262817,1.8869801759719849,1.4448163509368896,0.2109736204147339,0.2754476070404053,0.4353460967540741,-1.0710225105285645,-0.17688575387001038,0.7935270071029663
6.12,0.7343847751617432,1.8897254467010498,1.4492101669311523,0.20025482773780823,0.2736697494983673,0.443276047706604,-1.0727653503417969,-0.1786578893661499,0.7925530672073364
6.13,0.7363338470458984,1.8924530744552612,1.4536828994750977,0.18951888382434845,0.27187418937683105,0.4511968493461609,-1.0744198560714722,-0.18043358623981476,0.7915427684783936
6.140000000000001,0.7381749153137207,1.8951632976531982,1.4582347869873047,0.17876626551151276,0.2700612246990204,0.45910629630088806,-1.0759854316711426,-0.18221278488636017,0.7904960513114929
6.15,0.7399091720581055,1.8978545665740967,1.462864875793457,0.1679995357990265,0.2682300806045532,0.4670058488845825,-1.0774626731872559,-0.18399494886398315,0.7894130945205688
6.16,0.7415347099304199,1.9005274772644043,1.4675743579864502,0.15721778571605682,0.2663813829421997,0.4748944938182831,-1.0788507461547852,-0.1857801377773285,0.7882938981056213
6.17,0.7430531978607178,1.903182029724121,1.4723625183105469,0.14642268419265747,0.26451435685157776,0.48277172446250916,-1.0801500082015991,-0.1875682771205902,0.7871384024620056
6.18,0.7444635629653931,1.9058175086975098,1.477229118347168,0.13561485707759857,0.2626299262046814,0.49063727259635925,-1.0813605785369873,-0.1893591731786728,0.7859469652175903
6.19,0.7457656860351562,1.9084351062774658,1.4821751117706299,0.12479561567306519,0.26072728633880615,0.4984908998012543,-1.082482099533081,-0.19115296006202698,0.784718930721283
6.2,0.7469592094421387,1.9110321998596191,1.4871995449066162,0.11396604776382446,0.25880688428878784,0.5063321590423584,-1.0835145711898804,-0.19294889271259308,0.7834551334381104
6.21,0.7480448484420776,1.9136110544204712,1.4923019409179688,0.10312516987323761,0.2568682134151459,0.5141602754592896,-1.0844581127166748,-0.19474758207798004,0.7821552157402039
6.22,0.7490218877792358,1.916169285774231,1.4974818229675293,0.09227722883224487,0.25491178035736084,0.5219752788543701,-1.0853126049041748,-0.19654816389083862,0.7808196544647217
6.23,0.7498900890350342,1.9187090396881104,1.5027408599853516,0.08141973614692688,0.25293707847595215,0.5297765731811523,-1.0860780477523804,-0.19835127890110016,0.7794479727745056
6.24,0.7506505250930786,1.9212285280227661,1.508077621459961,0.07055594027042389,0.25094494223594666,0.5375633239746094,-1.0867547988891602,-0.20015621185302734,0.7780404686927795
6.25,0.7513014078140259,1.9237277507781982,1.5134925842285156,0.059684932231903076,0.24893426895141602,0.5453367829322815,-1.0873420238494873,-0.20196300745010376,0.776597261428833
6.26,0.7518435716629028,1.9262073040008545,1.5189852714538574,0.04880844056606293,0.2469056248664856,0.5530956983566284,-1.0878403186798096,-0.20377172529697418,0.7751185894012451
6.2700000000000005,0.7522777318954468,1.9286655187606812,1.52455472946167,0.03792867064476013,0.24485869705677032,0.5608384609222412,-1.088249921798706,-0.20558173954486847,0.7736042141914368
6.28,0.7526019811630249,1.9311038255691528,1.5302019119262695,0.027044251561164856,0.24279379844665527,0.5685667991638184,-1.08856999874115,-0.20739340782165527,0.7720546126365662
6.29,0.7528187036514282,1.93352210521698,1.5359256267547607,0.01615758240222931,0.24071097373962402,0.5762795805931091,-1.0888019800186157,-0.20920664072036743,0.7704697251319885
6.3,0.7529256343841553,1.9359185695648193,1.5417275428771973,0.005268290638923645,0.23860979080200195,0.5839763879776001,-1.0889443159103394,-0.21102088689804077,0.7688493132591248
6.3100000000000005,0.7529236078262329,1.938293695449829,1.5476055145263672,-0.005621001124382019,0.23649068176746368,0.5916568040847778,-1.0889978408813477,-0.21283620595932007,0.7671940326690674
6.32,0.7528133392333984,1.940648078918457,1.553560733795166,-0.01651136577129364,0.23435290157794952,0.5993205904960632,-1.0889630317687988,-0.21465250849723816,0.7655033469200134
6.33,0.7525933980941772,1.942980408668518,1.5595917701721191,-0.027399942278862,0.23219747841358185,0.6069670915603638,-1.088839054107666,-0.21646958589553833,0.763778030872345
6.34,0.752265214920044,1.9452924728393555,1.565699577331543,-0.038287341594696045,0.23002365231513977,0.6145961880683899,-1.0886266231536865,-0.2182876467704773,0.762017548084259
6.3500000000000005,0.7518277168273926,1.9475810527801514,1.571883201599121,-0.04917289316654205,0.22783178091049194,0.622207522392273,-1.0883251428604126,-0.22010579705238342,0.7602224946022034
6.36,0.7512820959091187,1.9498488903045654,1.5781431198120117,-0.06005378067493439,0.22562140226364136,0.6298009157180786,-1.0879358053207397,-0.2219247817993164,0.7583926320075989
6.37,0.7506265640258789,1.9520933628082275,1.584479570388794,-0.07093077898025513,0.22339315712451935,0.6373746395111084,-1.087457299232483,-0.22374366223812103,0.756527841091156
6.38,0.7498629093170166,1.954316258430481,1.5908911228179932,-0.0818026214838028,0.22114664316177368,0.6449308395385742,-1.086890697479248,-0.22556306421756744,0.7546287775039673
6.390000000000001,0.7489907741546631,1.9565166234970093,1.5973782539367676,-0.09266833961009979,0.21888205409049988,0.6524666547775269,-1.0862360000610352,-0.2273823320865631,0.7526952624320984
6.4,0.7480095624923706,1.9586939811706543,1.6039400100708008,-0.1035275012254715,0.21659903228282928,0.6599847674369812,-1.0854928493499756,-0.22920149564743042,0.7507277131080627
6.41,0.746920108795166,1.9608484506607056,1.6105773448944092,-0.11437737941741943,0.21429789066314697,0.6674812436103821,-1.0846619606018066,-0.23102037608623505,0.7487257122993469
6.42,0.7457220554351807,1.962979793548584,1.6172893047332764,-0.12522047758102417,0.21197855472564697,0.674958348274231,-1.0837428569793701,-0.23283888399600983,0.7466896176338196
6.43,0.7444161176681519,1.965087890625,1.6240766048431396,-0.1360521912574768,0.2096409797668457,0.682415246963501,-1.0827363729476929,-0.23465687036514282,0.7446197271347046
6.44,0.7430012226104736,1.9671727418899536,1.6309385299682617,-0.14687460660934448,0.2072857916355133,0.6898513436317444,-1.0816415548324585,-0.23647436499595642,0.7425157427787781
6.45,0.7414788007736206,1.9692339897155762,1.637873649597168,-0.15768474340438843,0.20491158962249756,0.6972659230232239,-1.0804599523544312,-0.238290935754776,0.7403783202171326
6.46,0.7398475408554077,1.9712707996368408,1.644883155822754,-0.16848349571228027,0.20251986384391785,0.7046588659286499,-1.0791902542114258,-0.2401064932346344,0.7382071018218994
6.47,0.73810875415802,1.9732837677001953,1.6519663333892822,-0.1792682260274887,0.2001093477010727,0.7120300531387329,-1.0778334140777588,-0.24192088842391968,0.7360025644302368
6.48,0.7362622022628784,1.97527277469635,1.659123182296753,-0.19003941118717194,0.19768132269382477,0.7193789482116699,-1.0763897895812988,-0.24373435974121094,0.7337644100189209
6.49,0.7343077659606934,1.9772377014160156,1.666353464126587,-0.20079615712165833,0.195235013961792,0.7267043590545654,-1.0748590230941772,-0.24554641544818878,0.7314929962158203
6.5,0.7322465181350708,1.9791768789291382,1.6736576557159424,-0.21153633296489716,0.19277024269104004,0.7340080738067627,-1.0732417106628418,-0.24735671281814575,0.7291884422302246
6.51,0.7300772666931152,1.9810932874679565,1.681034803390503,-0.2222607284784317,0.1902875453233719,0.7412885427474976,-1.0715376138687134,-0.24916604161262512,0.7268508076667786
6.5200000000000005,0.7278010845184326,1.982983112335205,1.688483476638794,-0.23296694457530975,0.1877870261669159,0.7485454082489014,-1.0697472095489502,-0.2509729862213135,0.7244805693626404
6.53,0.7254184484481812,1.9848486185073853,1.696004867553711,-0.24365565180778503,0.18526823818683624,0.7557781934738159,-1.0678707361221313,-0.25277847051620483,0.7220773696899414
6.54,0.7229282855987549,1.9866888523101807,1.703598976135254,-0.25432413816452026,0.1827315241098404,0.7629859447479248,-1.0659080743789673,-0.2545817494392395,0.7196415066719055
6.55,0.7203317880630493,1.9885026216506958,1.7112650871276855,-0.2649730443954468,0.18017643690109253,0.7701703310012817,-1.0638598203659058,-0.25638264417648315,0.7171732187271118
6.5600000000000005,0.7176285982131958,1.9902920722961426,1.7190022468566895,-0.27560144662857056,0.17760378122329712,0.777329683303833,-1.0617254972457886,-0.258181631565094,0.7146726846694946
6.57,0.7148195505142212,1.992055058479309,1.7268116474151611,-0.2862076759338379,0.17501291632652283,0.7844640612602234,-1.0595061779022217,-0.2599779963493347,0.7121397256851196
6.58,0.7119045257568359,1.9937920570373535,1.7346916198730469,-0.29679074883461,0.17240408062934875,0.7915728092193604,-1.057201623916626,-0.2617717981338501,0.7095749378204346
6.59,0.7088837623596191,1.9955027103424072,1.7426426410675049,-0.30735093355178833,0.16977761685848236,0.7986555099487305,-1.0548123121261597,-0.2635628581047058,0.7069779634475708
6.6000000000000005,0.7057578563690186,1.9971873760223389,1.7506639957427979,-0.31788700819015503,0.16713273525238037,0.8057123422622681,-1.0523382425308228,-0.2653511166572571,0.7043493986129761
6.61,0.7025262117385864,1.9988458156585693,1.7587568759918213,-0.32839804887771606,0.16447074711322784,0.8127428293228149,-1.0497795343399048,-0.2671365737915039,0.7016890048980713
6.62,0.6991900205612183,2.000476837158203,1.7669191360473633,-0.33888182044029236,0.16179008781909943,0.8197454810142517,-1.0471370220184326,-0.26891854405403137,0.6989971995353699
6.63,0.6957485675811768,2.0020813941955566,1.7751522064208984,-0.349340558052063,0.15909221768379211,0.8267220854759216,-1.044410228729248,-0.27069759368896484,0.6962738037109375
6.640000000000001,0.6922035217285156,2.003659248352051,1.7834537029266357,-0.3597697615623474,0.15637648105621338,0.8336712121963501,-1.041600227355957,-0.2724730968475342,0.6935194730758667
6.65,0.6885534524917603,2.0052082538604736,1.7918250560760498,-0.3701717257499695,0.1536426544189453,0.8405925035476685,-1.0387060642242432,-0.2742448151111603,0.6907338500022888
6.66,0.6847997903823853,2.0067317485809326,1.8002653121948242,-0.3805440068244934,0.15089151263237,0.8474849462509155,-1.035729169845581,-0.2760133147239685,0.6879174709320068
6.67,0.6809426546096802,2.0082268714904785,1.808774709701538,-0.390886127948761,0.14812248945236206,0.8543503284454346,-1.0326696634292603,-0.277777761220932,0.6850701570510864
6.68,0.6769824028015137,2.0096938610076904,1.817352294921875,-0.4011968672275543,0.145335853099823,0.8611866235733032,-1.0295274257659912,-0.27953827381134033,0.682192325592041
6.69,0.6729190349578857,2.0111331939697266,1.8259987831115723,-0.41147610545158386,0.1425316333770752,0.8679945468902588,-1.0263028144836426,-0.28129467368125916,0.6792839169502258
6.7,0.6687526702880859,2.0125439167022705,1.834712028503418,-0.42172303795814514,0.13971011340618134,0.8747727870941162,-1.022995948791504,-0.2830468714237213,0.6763454675674438
6.71,0.6644842624664307,2.013927698135376,1.8434934616088867,-0.4319361448287964,0.13687078654766083,0.881521463394165,-1.019607663154602,-0.28479495644569397,0.6733766794204712
6.72,0.660114049911499,2.0152816772460938,1.852342128753662,-0.4421144425868988,0.1340143084526062,0.8882403373718262,-1.0161380767822266,-0.28653809428215027,0.6703779101371765
6.73,0.6556422710418701,2.0166077613830566,1.861257791519165,-0.4522581696510315,0.13113990426063538,0.8949289917945862,-1.012587547302246,-0.2882769703865051,0.6673492193222046
6.74,0.6510694026947021,2.017904281616211,1.8702409267425537,-0.4623662233352661,0.12824870645999908,0.9015876054763794,-1.0089563131332397,-0.2900107502937317,0.6642909646034241
6.75,0.6463947296142578,2.019172430038452,1.8792905807495117,-0.47243744134902954,0.1253395676612854,0.908215343952179,-1.0052441358566284,-0.29173994064331055,0.6612030863761902
6.76,0.6416207551956177,2.020411968231201,1.8884053230285645,-0.48247066140174866,0.12241397053003311,0.9148117899894714,-1.0014526844024658,-0.29346412420272827,0.6580859422683716
6.7700000000000005,0.6367456912994385,2.021620750427246,1.8975861072540283,-0.4924665093421936,0.11947067081928253,0.92137610912323,-0.997580885887146,-0.2951827645301819,0.6549398303031921
6.78,0.6317712068557739,2.022800922393799,1.906832218170166,-0.5024226307868958,0.11651021242141724,0.9279096126556396,-0.9936299324035645,-0.29689639806747437,0.651764452457428
6.79,0.6266974210739136,2.0239505767822266,1.9161436557769775,-0.5123382806777954,0.1135326474905014,0.9344104528427124,-0.9895999431610107,-0.29860424995422363,0.6485604643821716
6.8,0.6215248107910156,2.025070905685425,1.925520658493042,-0.5222138166427612,0.1105380654335022,0.9408801794052124,-0.9854913949966431,-0.30030664801597595,0.6453275680541992
6.8100000000000005,0.6162534952163696,2.0261619091033936,1.9349620342254639,-0.5320479273796082,0.10752661526203156,0.9473174810409546,-0.9813045859336853,-0.30200356245040894,0.6420662999153137
6.82,0.6108835935592651,2.027221918106079,1.944467306137085,-0.5418400764465332,0.10449808835983276,0.9537217617034912,-0.9770392775535583,-0.30369439721107483,0.6387767791748047
6.83,0.6054168939590454,2.0282516479492188,1.954035758972168,-0.5515879988670349,0.10145293176174164,0.9600931406021118,-0.9726973176002502,-0.3053792119026184,0.6354591846466064
6.84,0.5998519659042358,2.0292506217956543,1.9636688232421875,-0.5612937808036804,0.09839040040969849,0.9664309620857239,-0.9682773351669312,-0.3070578873157501,0.6321135759353638
6.8500000000000005,0.594191312789917,2.0302188396453857,1.9733641147613525,-0.5709536075592041,0.09531165659427643,0.9727354049682617,-0.963781476020813,-0.3087303042411804,0.6287401914596558
6.86,0.5884333848953247,2.0311574935913086,1.9831233024597168,-0.5805689096450806,0.09221585839986801,0.9790060520172119,-0.9592082500457764,-0.3103965222835541,0.625339150428772
6.87,0.5825797319412231,2.0320634841918945,1.9929442405700684,-0.5901378393173218,0.0891038030385971,0.9852426052093506,-0.9545594453811646,-0.3120557963848114,0.6219108700752258
6.88,0.5766308307647705,2.0329391956329346,2.0028281211853027,-0.5996599197387695,0.08597466349601746,0.9914445877075195,-0.9498351812362671,-0.3137087821960449,0.6184550523757935
6.890000000000001,0.5705869197845459,2.033782720565796,2.0127735137939453,-0.6091338396072388,0.08282957226037979,0.9976109266281128,-0.9450356364250183,-0.31535452604293823,0.6149725914001465
6.9,0.5644484758377075,2.034595489501953,2.022779941558838,-0.6185598969459534,0.07966747879981995,1.0037431716918945,-0.9401613473892212,-0.31699371337890625,0.6114630699157715
6.91,0.5582154989242554,2.03537654876709,2.0328474044799805,-0.6279374361038208,0.07648977637290955,1.0098392963409424,-0.9352121949195862,-0.31862568855285645,0.6079270243644714
6.92,0.5518895387649536,2.036125421524048,2.0429766178131104,-0.6372642517089844,0.07329534739255905,1.01590096950531,-0.9301896095275879,-0.32025039196014404,0.604364275932312
6.93,0.5454705953598022,2.036842107772827,2.0531656742095947,-0.6465404629707336,0.07008469104766846,1.0219268798828125,-0.925093412399292,-0.3218677341938019,0.6007753610610962
6.94,0.5389590263366699,2.037526845932007,2.06341552734375,-0.6557656526565552,0.06685793399810791,1.0279167890548706,-0.9199243783950806,-0.3234776258468628,0.5971602201461792
6.95,0.5323554277420044,2.0381789207458496,2.0737242698669434,-0.6649388074874878,0.06361508369445801,1.0338703393936157,-0.9146824479103088,-0.3250798285007477,0.5935193300247192
6.96,0.5256601572036743,2.038799524307251,2.084092140197754,-0.6740593910217285,0.06035635247826576,1.0397874116897583,-0.9093680381774902,-0.32667458057403564,0.5898528099060059
6.97,0.5188747644424438,2.039386749267578,2.0945191383361816,-0.6831254363059998,0.05708163604140282,1.0456675291061401,-0.9039828777313232,-0.3282611668109894,0.5861606001853943
6.98,0.5119978189468384,2.03994083404541,2.105005979537964,-0.6921389102935791,0.0537913516163826,1.0515109300613403,-0.8985252380371094,-0.3298397660255432,0.5824429988861084
6.99,0.5050324201583862,2.040461778640747,2.1155495643615723,-0.7010960578918457,0.05048482492566109,1.057316780090332,-0.8929980397224426,-0.3314100205898285,0.5787005424499512
7.0,0.4979764223098755,2.040950298309326,2.126152276992798,-0.709998369216919,0.04716305062174797,1.0630851984024048,-0.887399435043335,-0.33297234773635864,0.5749329328536987
7.01,0.4908316135406494,2.041405200958252,2.1368117332458496,-0.7188440561294556,0.04382527992129326,1.0688154697418213,-0.8817309141159058,-0.33452606201171875,0.5711406469345093
7.0200000000000005,0.48359978199005127,2.0418269634246826,2.1475276947021484,-0.7276328802108765,0.04047263786196709,1.0745071172714233,-0.8759939074516296,-0.33607134222984314,0.5673240423202515
7.03,0.4762791395187378,2.04221510887146,2.1583008766174316,-0.7363640666007996,0.03710390254855156,1.080161213874817,-0.8701871633529663,-0.3376080393791199,0.563482940196991
7.04,0.46887290477752686,2.0425686836242676,2.169131278991699,-0.7450359463691711,0.03372042253613472,1.0857770442962646,-0.8643128871917725,-0.3391355872154236,0.5596176981925964
7.05,0.4613785743713379,2.04288911819458,2.1800177097320557,-0.7536507248878479,0.030321132391691208,1.0913540124893188,-0.8583695292472839,-0.34065449237823486,0.555728554725647
7.0600000000000005,0.4537997245788574,2.04317569732666,2.1909584999084473,-0.7622033953666687,0.026907391846179962,1.0968910455703735,-0.8523595929145813,-0.3421642780303955,0.5518159866333008
7.07,0.4461350440979004,2.043426752090454,2.2019548416137695,-0.7706966996192932,0.02347809448838234,1.1023894548416138,-0.846282422542572,-0.3436645567417145,0.5478795766830444
7.08,0.4383859634399414,2.043644905090332,2.213005781173706,-0.7791292071342468,0.020034048706293106,1.1078486442565918,-0.8401389122009277,-0.3451559543609619,0.5439201593399048
7.09,0.43055272102355957,2.043827772140503,2.2241108417510986,-0.7874993681907654,0.016575001180171967,1.1132678985595703,-0.8339295387268066,-0.34663769602775574,0.5399374961853027
7.1000000000000005,0.4226360321044922,2.043976068496704,2.2352702617645264,-0.7958067059516907,0.013101257383823395,1.1186474561691284,-0.8276543021202087,-0.3481098413467407,0.5359320044517517
7.11,0.41463732719421387,2.0440895557403564,2.2464840412139893,-0.8040515184402466,0.009612774476408958,1.123986840248108,-0.8213150501251221,-0.3495722711086273,0.5319037437438965
7.12,0.40655529499053955,2.044167995452881,2.257750988006592,-0.8122329115867615,0.006109748035669327,1.1292859315872192,-0.8149104714393616,-0.351024866104126,0.5278530120849609
7.13,0.3983924388885498,2.0442121028900146,2.2690701484680176,-0.8203497529029846,0.0025925710797309875,1.1345441341400146,-0.8084425926208496,-0.35246774554252625,0.5237802267074585
7.140000000000001,0.39014875888824463,2.044219970703125,2.2804410457611084,-0.8284016251564026,-0.0009394995868206024,1.1397607326507568,-0.8019112348556519,-0.35390013456344604,0.5196855664253235
7.15,0.3818247318267822,2.0441930294036865,2.2918646335601807,-0.8363878726959229,-0.0044854916632175446,1.1449370384216309,-0.7953173518180847,-0.35532259941101074,0.5155689716339111
7.16,0.37342119216918945,2.04413104057312,2.3033394813537598,-0.844308078289032,-0.00804566778242588,1.1500722169876099,-0.7886610627174377,-0.35673463344573975,0.5114307999610901
7.17,0.36493825912475586,2.0440316200256348,2.314866304397583,-0.8521613478660583,-0.011620121076703072,1.1551659107208252,-0.7819427251815796,-0.3581359386444092,0.5072711706161499
7.18,0.356378436088562,2.043898105621338,2.326442241668701,-0.8599467873573303,-0.015208441764116287,1.160217046737671,-0.7751641273498535,-0.3595270812511444,0.5030907392501831
7.19,0.34773969650268555,2.0437281131744385,2.3380703926086426,-0.8676645159721375,-0.018810635432600975,1.1652270555496216,-0.768324077129364,-0.36090731620788574,0.4988889992237091
7.2,0.33902525901794434,2.0435216426849365,2.3497471809387207,-0.8753132224082947,-0.02242662012577057,1.1701949834823608,-0.7614249587059021,-0.3622766137123108,0.4946666657924652
7.21,0.33023369312286377,2.0432791709899902,2.361473560333252,-0.8828929662704468,-0.02605622448027134,1.17512047290802,-0.7544653415679932,-0.36363503336906433,0.49042391777038574
7.22,0.3213672637939453,2.0429999828338623,2.373249053955078,-0.8904025554656982,-0.029699059203267097,1.1800036430358887,-0.7474474906921387,-0.36498236656188965,0.48616087436676025
7.23,0.31242597103118896,2.0426855087280273,2.3850741386413574,-0.89784175157547,-0.033355869352817535,1.1848440170288086,-0.7403712868690491,-0.3663187026977539,0.4818776249885559
7.24,0.3034111261367798,2.0423333644866943,2.396946430206299,-0.9052091836929321,-0.037025321274995804,1.1896414756774902,-0.7332375645637512,-0.3676432967185974,0.47757479548454285
7.25,0.29432249069213867,2.041944742202759,2.408867359161377,-0.9125056266784668,-0.04070873185992241,1.1943957805633545,-0.7260464429855347,-0.3689567744731903,0.47325223684310913
7.26,0.2851604223251343,2.0415191650390625,2.420834541320801,-0.9197308421134949,-0.04440462216734886,1.1991068124771118,-0.7187979817390442,-0.37025851011276245,0.4689103960990906
7.2700000000000005,0.2759277820587158,2.0410563945770264,2.4328489303588867,-0.9268816709518433,-0.048113949596881866,1.203774333000183,-0.7114946246147156,-0.3715485632419586,0.4645494520664215
7.28,0.2666236162185669,2.040557384490967,2.4449105262756348,-0.9339599609375,-0.05183558911085129,1.2083979845046997,-0.7041356563568115,-0.37282705307006836,0.46016958355903625
7.29,0.2572488784790039,2.0400197505950928,2.457016706466675,-0.9409643411636353,-0.055570412427186966,1.2129770517349243,-0.6967217922210693,-0.3740931749343872,0.45577141642570496
7.3,0.24780452251434326,2.039445638656616,2.4691696166992188,-0.947894275188446,-0.059317439794540405,1.217512845993042,-0.6892537474632263,-0.3753476142883301,0.45135435461997986
7.3100000000000005,0.23829126358032227,2.0388331413269043,2.4813666343688965,-0.9547483325004578,-0.06307706236839294,1.22200345993042,-0.6817318797111511,-0.3765895366668701,0.4469195008277893
7.32,0.22870981693267822,2.0381834506988525,2.4936089515686035,-0.9615278840065002,-0.06684916466474533,1.2264504432678223,-0.6741573214530945,-0.37781932950019836,0.4424663484096527
7.33,0.219061017036438,2.03749680519104,2.5058951377868652,-0.9682316780090332,-0.07063347101211548,1.2308529615402222,-0.6665303707122803,-0.3790370225906372,0.437995582818985
7.34,0.20934545993804932,2.036771297454834,2.5182254314422607,-0.9748587012290955,-0.07442991435527802,1.2352104187011719,-0.6588516235351562,-0.38024187088012695,0.43350711464881897
7.3500000000000005,0.19956421852111816,2.036007881164551,2.530599594116211,-0.9814086556434631,-0.07823831588029861,1.2395234107971191,-0.6511217951774597,-0.3814341425895691,0.42900148034095764
7.36,0.18971705436706543,2.0352060794830322,2.5430166721343994,-0.9878811240196228,-0.0820586234331131,1.243790864944458,-0.6433408260345459,-0.3826136589050293,0.4244787096977234
7.37,0.17980670928955078,2.0343663692474365,2.5554757118225098,-0.9942755103111267,-0.08589033782482147,1.2480131387710571,-0.6355111002922058,-0.383780300617218,0.419939249753952
7.38,0.1698319911956787,2.0334889888763428,2.567976713180542,-1.0005912780761719,-0.08973421156406403,1.2521897554397583,-0.6276310086250305,-0.3849341869354248,0.41538316011428833
7.390000000000001,0.15979540348052979,2.032572031021118,2.5805187225341797,-1.0068280696868896,-0.0935889407992363,1.2563209533691406,-0.6197034120559692,-0.38607466220855713,0.41081082820892334
7.4,0.14969563484191895,2.031616687774658,2.5931026935577393,-1.0129852294921875,-0.09745575487613678,1.2604060173034668,-0.6117266416549683,-0.3872021734714508,0.4062223732471466
7.41,0.1395355463027954,2.0306224822998047,2.6057260036468506,-1.0190627574920654,-0.10133298486471176,1.2644447088241577,-0.6037030220031738,-0.3883160948753357,0.4016183912754059
7.42,0.12931466102600098,2.029589891433716,2.618391275405884,-1.0250595808029175,-0.10522208362817764,1.2684378623962402,-0.5956326723098755,-0.38941690325737,0.3969983458518982
7.43,0.1190345287322998,2.0285184383392334,2.6310954093933105,-1.030975341796875,-0.10912133753299713,1.2723841667175293,-0.5875163674354553,-0.3905041217803955,0.3923633098602295
7.44,0.1086956262588501,2.027407646179199,2.64383864402771,-1.0368099212646484,-0.1130317896604538,1.2762844562530518,-0.5793545246124268,-0.3915776014328003,0.38771292567253113
7.45,0.09829866886138916,2.0262575149536133,2.656620502471924,-1.0425615310668945,-0.11695289611816406,1.280138611793518,-0.5711477994918823,-0.39263731241226196,0.38304758071899414
7.46,0.0878453254699707,2.0250682830810547,2.669440746307373,-1.048231840133667,-0.12088452279567719,1.2839455604553223,-0.5628975629806519,-0.39368319511413574,0.3783676326274872
7.47,0.07733440399169922,2.0238394737243652,2.6822988986968994,-1.0538194179534912,-0.12482661008834839,1.2877060174942017,-0.5546027421951294,-0.3947151303291321,0.3736732006072998
7.48,0.06676864624023438,2.0225722789764404,2.695195198059082,-1.0593239068984985,-0.128778874874115,1.291419267654419,-0.5462656021118164,-0.39573320746421814,0.36896461248397827
7.49,0.05614888668060303,2.0212645530700684,2.708127498626709,-1.0647441148757935,-0.13274122774600983,1.2950855493545532,-0.5378868579864502,-0.39673686027526855,0.3642421364784241
7.5,0.04547405242919922,2.0199170112609863,2.721097469329834,-1.0700818300247192,-0.13671362400054932,1.2987043857574463,-0.5294656753540039,-0.39772623777389526,0.359505832195282
7.51,0.03474688529968262,2.0185298919677734,2.734102249145508,-1.0753344297409058,-0.14069578051567078,1.3022756576538086,-0.5210041403770447,-0.3987012505531311,0.3547561764717102
7.5200000000000005,0.023967862129211426,2.0171029567718506,2.7471423149108887,-1.0805010795593262,-0.14468735456466675,1.3057996034622192,-0.5125021934509277,-0.39966171979904175,0.349993497133255
7.53,0.013137221336364746,2.0156359672546387,2.760218381881714,-1.0855834484100342,-0.14868901669979095,1.3092758655548096,-0.5039609670639038,-0.4006076157093048,0.34521767497062683
7.54,0.0022563934326171875,2.014129400253296,2.773327589035034,-1.0905803442001343,-0.15269941091537476,1.3127033710479736,-0.4953809082508087,-0.4015389382839203,0.3404296636581421
7.55,-0.008673906326293945,2.012582540512085,2.7864723205566406,-1.0954910516738892,-0.15671981871128082,1.3160840272903442,-0.4867626428604126,-0.40245547890663147,0.3356286883354187
7.5600000000000005,-0.019652962684631348,2.0109946727752686,2.7996487617492676,-1.1003154516220093,-0.16074854135513306,1.3194154500961304,-0.4781070351600647,-0.4033568501472473,0.3308160603046417
7.57,-0.030680537223815918,2.009366989135742,2.8128600120544434,-1.105053186416626,-0.16478699445724487,1.3227005004882812,-0.4694139361381531,-0.404243528842926,0.32599055767059326
7.58,-0.04175376892089844,2.007699489593506,2.8261022567749023,-1.1097040176391602,-0.1688334196805954,1.3259356021881104,-0.4606858491897583,-0.405115008354187,0.3211543560028076
7.59,-0.05287432670593262,2.0059897899627686,2.8393783569335938,-1.1142669916152954,-0.1728888750076294,1.3291230201721191,-0.4519213140010834,-0.4059709906578064,0.3163060247898102
7.6000000000000005,-0.06403887271881104,2.004241466522217,2.85268497467041,-1.11874258518219,-0.17695283889770508,1.3322619199752808,-0.44312310218811035,-0.4068121612071991,0.3114466965198517
7.61,-0.0752488374710083,2.0024514198303223,2.8660240173339844,-1.1231296062469482,-0.18102508783340454,1.3353520631790161,-0.43428972363471985,-0.40763771533966064,0.306576132774353
7.62,-0.08650171756744385,2.0006203651428223,2.879392623901367,-1.1274282932281494,-0.1851055920124054,1.3383938074111938,-0.4254235625267029,-0.4084477424621582,0.3016950786113739
7.63,-0.09779715538024902,1.998749852180481,2.892791271209717,-1.1316380500793457,-0.18919411301612854,1.3413861989974976,-0.4165247678756714,-0.4092424809932709,0.29680362343788147
7.640000000000001,-0.10913419723510742,1.9968363046646118,2.906219720840454,-1.1357587575912476,-0.19329047203063965,1.344330072402954,-0.4075939655303955,-0.410021036863327,0.2919018864631653
7.65,-0.12051188945770264,1.99488365650177,2.919677257537842,-1.1397899389266968,-0.19739428162574768,1.3472243547439575,-0.39863190054893494,-0.4107843339443207,0.2869901657104492
7.66,-0.1319293975830078,1.9928888082504272,2.93316388130188,-1.143730640411377,-0.20150606334209442,1.350069284439087,-0.389639288187027,-0.41153132915496826,0.28206920623779297
7.67,-0.1433861255645752,1.9908533096313477,2.9466793537139893,-1.147581934928894,-0.20562490820884705,1.3528653383255005,-0.3806167542934418,-0.4122627377510071,0.2771381139755249
7.68,-0.15488064289093018,1.9887769222259521,2.960221529006958,-1.1513429880142212,-0.20975127816200256,1.3556122779846191,-0.3715651035308838,-0.41297799348831177,0.2721980810165405
7.69,-0.1664125919342041,1.9866576194763184,2.9737911224365234,-1.1550135612487793,-0.21388429403305054,1.3583095073699951,-0.36248496174812317,-0.41367682814598083,0.26724907755851746
7.7,-0.1779799461364746,1.9844989776611328,2.987386465072632,-1.1585919857025146,-0.21802428364753723,1.3609565496444702,-0.3533775508403778,-0.4143598973751068,0.26229193806648254
7.71,-0.1895846724510193,1.9822977781295776,3.001008987426758,-1.1620808839797974,-0.22217154502868652,1.3635547161102295,-0.3442416191101074,-0.4150264263153076,0.2573256492614746
7.72,-0.20122122764587402,1.9800548553466797,3.0146570205688477,-1.1654770374298096,-0.2263253778219223,1.366103172302246,-0.33508139848709106,-0.4156765043735504,0.252351313829422
7.73,-0.2128930687904358,1.9777717590332031,3.0283312797546387,-1.1687816381454468,-0.23048508167266846,1.36860191822052,-0.32589393854141235,-0.4163104295730591,0.24736884236335754
7.74,-0.22459644079208374,1.9754451513290405,3.0420303344726562,-1.1719950437545776,-0.23465096950531006,1.3710509538650513,-0.3166826367378235,-0.4169272780418396,0.24237874150276184
7.75,-0.2363327145576477,1.9730784893035889,3.055752754211426,-1.175115704536438,-0.23882365226745605,1.373449683189392,-0.30744609236717224,-0.4175279140472412,0.23738133907318115
7.76,-0.2480992078781128,1.970668911933899,3.0694987773895264,-1.178143858909607,-0.24300213158130646,1.3757984638214111,-0.2981865406036377,-0.41811156272888184,0.23237669467926025
7.7700000000000005,-0.2598952651023865,1.9682180881500244,3.083268165588379,-1.181079387664795,-0.2471858561038971,1.378097414970398,-0.28890424966812134,-0.41867849230766296,0.2273651659488678
7.78,-0.27172088623046875,1.9657251834869385,3.0970611572265625,-1.1839219331741333,-0.2513751983642578,1.3803460597991943,-0.2795993685722351,-0.4192284941673279,0.22234678268432617
7.79,-0.2835733890533447,1.9631901979446411,3.110874652862549,-1.186671495437622,-0.2555704414844513,1.382543921470642,-0.2702741324901581,-0.4197614789009094,0.2173227071762085
7.8,-0.295454204082489,1.9606143236160278,3.124711751937866,-1.189327359199524,-0.2597704529762268,1.3846919536590576,-0.2609272599220276,-0.42027759552001953,0.21229171752929688
7.8100000000000005,-0.30735957622528076,1.9579949378967285,3.138568878173828,-1.1918901205062866,-0.2639758586883545,1.3867899179458618,-0.25156158208847046,-0.42077624797821045,0.20725500583648682
7.82,-0.31929153203964233,1.9553344249725342,3.152446985244751,-1.1943588256835938,-0.26818597316741943,1.3888369798660278,-0.2421756237745285,-0.42125797271728516,0.2022126317024231
7.83,-0.33124709129333496,1.952632188796997,3.166344404220581,-1.1967339515686035,-0.27240055799484253,1.3908332586288452,-0.23277169466018677,-0.4217223823070526,0.1971653699874878
7.84,-0.34322601556777954,1.9498858451843262,3.180263042449951,-1.1990145444869995,-0.27662020921707153,1.392780065536499,-0.22335006296634674,-0.422169029712677,0.19211235642433167
7.8500000000000005,-0.35522711277008057,1.9470990896224976,3.194200277328491,-1.2012008428573608,-0.28084442019462585,1.3946759700775146,-0.2139114886522293,-0.4225987195968628,0.18705448508262634
7.86,-0.36724966764450073,1.9442685842514038,3.2081570625305176,-1.2032928466796875,-0.2850721478462219,1.3965215682983398,-0.20445652306079865,-0.4230104088783264,0.18199190497398376
7.87,-0.3792920708656311,1.9413976669311523,3.2221312522888184,-1.2052891254425049,-0.28930407762527466,1.3983162641525269,-0.19498616456985474,-0.4234049916267395,0.17692497372627258
7.88,-0.3913545608520508,1.9384829998016357,3.2361228466033936,-1.2071915864944458,-0.2935403287410736,1.4000599384307861,-0.18550077080726624,-0.42378169298171997,0.17185404896736145
7.890000000000001,-0.4034358263015747,1.9355266094207764,3.2501320838928223,-1.2089996337890625,-0.2977796792984009,1.4017534255981445,-0.17600126564502716,-0.4241406321525574,0.16677913069725037
7.9,-0.41553425788879395,1.932528018951416,3.2641584873199463,-1.2107118368148804,-0.3020232021808624,1.4033960103988647,-0.1664884090423584,-0.42448198795318604,0.16170042753219604
7.91,-0.42764878273010254,1.9294862747192383,3.278200387954712,-1.212328553199768,-0.30626922845840454,1.4049876928329468,-0.15696345269680023,-0.4248051643371582,0.15661850571632385
7.92,-0.43978142738342285,1.9264023303985596,3.2922587394714355,-1.2138510942459106,-0.310519278049469,1.4065282344818115,-0.14742492139339447,-0.4251105487346649,0.15153348445892334
7.930000000000001,-0.45192551612854004,1.9232757091522217,3.306330442428589,-1.2152773141860962,-0.3147713840007782,1.4080177545547485,-0.13787737488746643,-0.42539775371551514,0.14644619822502136
7.94,-0.46408557891845703,1.9201064109802246,3.320417881011963,-1.2166081666946411,-0.3190271854400635,1.4094569683074951,-0.12831765413284302,-0.42566707730293274,0.14135566353797913
7.95,-0.47625732421875,1.9168956279754639,3.3345179557800293,-1.217843770980835,-0.3232848048210144,1.4108445644378662,-0.11874926090240479,-0.4259183406829834,0.13626351952552795
7.96,-0.4884421229362488,1.9136402606964111,3.348633050918579,-1.2189831733703613,-0.3275453448295593,1.4121816158294678,-0.1091708093881607,-0.426150918006897,0.13116863369941711
7.97,-0.5006374716758728,1.9103444814682007,3.362761974334717,-1.2200273275375366,-0.33180782198905945,1.4134680032730103,-0.09958453476428986,-0.42636579275131226,0.1260717809200287
7.98,-0.5128422975540161,1.907004714012146,3.376904010772705,-1.2209749221801758,-0.33607274293899536,1.414703369140625,-0.08999074995517731,-0.4265620708465576,0.12097325921058655
7.99,-0.5250566005706787,1.9036226272583008,3.391056776046753,-1.2218272686004639,-0.3403390049934387,1.4158878326416016,-0.08039003610610962,-0.4267399311065674,0.11587357521057129
8.0,-0.5372787714004517,1.9001988172531128,3.4052212238311768,-1.222583293914795,-0.34460705518722534,1.4170207977294922,-0.07078322768211365,-0.42689961194992065,0.11077287793159485
8.01,-0.5495084524154663,1.8967301845550537,3.4193966388702393,-1.2232428789138794,-0.348876953125,1.4181032180786133,-0.06117057800292969,-0.42704030871391296,0.10567128658294678
8.02,-0.5617436766624451,1.8932206630706787,3.4335834980010986,-1.2238065004348755,-0.35314857959747314,1.419134259223938,-0.05155375599861145,-0.42716294527053833,0.10056912899017334
8.03,-0.5739842653274536,1.8896676301956177,3.447779893875122,-1.224273920059204,-0.3574201166629791,1.4201149940490723,-0.04193292558193207,-0.4272664785385132,0.09546640515327454
8.040000000000001,-0.5862289071083069,1.8860721588134766,3.461986541748047,-1.2246453762054443,-0.3616931438446045,1.4210439920425415,-0.032308951020240784,-0.4273516535758972,0.09036383032798767
8.05,-0.5984768867492676,1.882434368133545,3.476201057434082,-1.2249202728271484,-0.36596745252609253,1.421922206878662,-0.02268242835998535,-0.42741817235946655,0.08526143431663513
8.06,-0.6107275485992432,1.8787521123886108,3.490424394607544,-1.2250988483428955,-0.37024199962615967,1.4227490425109863,-0.013053804636001587,-0.42746537923812866,0.08015957474708557
8.07,-0.622977614402771,1.8750289678573608,3.5046536922454834,-1.2251811027526855,-0.37451648712158203,1.4235247373580933,-0.0034255534410476685,-0.42749422788619995,0.07505950331687927
8.08,-0.6352298855781555,1.871262550354004,3.518892288208008,-1.225166916847229,-0.3787912130355835,1.424249529838562,0.00620444118976593,-0.4275040328502655,0.06995928287506104
8.09,-0.6474822759628296,1.8674529790878296,3.5331389904022217,-1.2250574827194214,-0.38306671380996704,1.4249237775802612,0.015834316611289978,-0.42749494314193726,0.0648600161075592
8.1,-0.6597318649291992,1.8636010885238647,3.547393321990967,-1.224851131439209,-0.3873412609100342,1.4255472421646118,0.02546238899230957,-0.4274667799472809,0.059761613607406616
8.11,-0.6719766855239868,1.8597064018249512,3.561650514602661,-1.224547266960144,-0.39161592721939087,1.4261195659637451,0.03508709371089935,-0.42741966247558594,0.05466613173484802
8.120000000000001,-0.6842215061187744,1.8557690382003784,3.575914144515991,-1.2241488695144653,-0.3958895802497864,1.4266403913497925,0.044711410999298096,-0.4273534119129181,0.04957219958305359
8.13,-0.6964610815048218,1.851788878440857,3.5901827812194824,-1.2236534357070923,-0.4001624286174774,1.4271107912063599,0.054332077503204346,-0.42726799845695496,0.044480323791503906
8.14,-0.7086947560310364,1.8477654457092285,3.604456901550293,-1.2230621576309204,-0.40443485975265503,1.4275304079055786,0.06394839286804199,-0.42716336250305176,0.039390772581100464
8.15,-0.7209210991859436,1.8437005281448364,3.6187331676483154,-1.2223743200302124,-0.4087056517601013,1.4278990030288696,0.07355919480323792,-0.4270396828651428,0.03430411219596863
8.16,-0.7331404685974121,1.8395910263061523,3.633014440536499,-1.2215912342071533,-0.41297560930252075,1.4282164573669434,0.08316479623317719,-0.4268963932991028,0.0292203426361084
8.17,-0.7453524470329285,1.8354408740997314,3.647298812866211,-1.2207112312316895,-0.4172436594963074,1.4284833669662476,0.09276503324508667,-0.4267342686653137,0.024139583110809326
8.18,-0.757555365562439,1.8312467336654663,3.6615848541259766,-1.2197351455688477,-0.42151039838790894,1.4286996126174927,0.1023583859205246,-0.4265524744987488,0.019062399864196777
8.19,-0.7697470188140869,1.827010154724121,3.675870180130005,-1.2186641693115234,-0.4257744550704956,1.4288642406463623,0.11194337904453278,-0.4263512194156647,0.013990283012390137
8.2,-0.7819279432296753,1.8227314949035645,3.6901605129241943,-1.2174968719482422,-0.43003731966018677,1.4289792776107788,0.12152037024497986,-0.42613086104393005,0.008919984102249146
8.21,-0.7940965890884399,1.8184090852737427,3.704451322555542,-1.2162338495254517,-0.43429702520370483,1.429042935371399,0.13108831644058228,-0.42589062452316284,0.0038546323776245117
8.22,-0.8062528371810913,1.8140453100204468,3.718742847442627,-1.2148751020431519,-0.4385552406311035,1.4290562868118286,0.14064690470695496,-0.4256313443183899,-0.0012064576148986816
8.23,-0.8183941841125488,1.8096386194229126,3.7330310344696045,-1.2134214639663696,-0.44280973076820374,1.4290186166763306,0.15019434690475464,-0.4253522455692291,-0.006261914968490601
8.24,-0.8305212259292603,1.8051886558532715,3.747321605682373,-1.2118715047836304,-0.44706201553344727,1.4289309978485107,0.15973126888275146,-0.42505353689193726,-0.011313408613204956
8.25,-0.8426319360733032,1.800697684288025,3.7616100311279297,-1.2102266550064087,-0.451310932636261,1.4287922382354736,0.16925598680973053,-0.4247356057167053,-0.016359448432922363
8.26,-0.8547254800796509,1.7961626052856445,3.7758970260620117,-1.208486557006836,-0.45555615425109863,1.4286036491394043,0.1787680983543396,-0.4243974983692169,-0.021400272846221924
8.27,-0.8668017387390137,1.7915863990783691,3.79018235206604,-1.206650972366333,-0.45979905128479004,1.4283642768859863,0.1882672756910324,-0.42404019832611084,-0.02643531560897827
8.28,-0.8788571357727051,1.7869670391082764,3.804464817047119,-1.2047209739685059,-0.46403688192367554,1.4280753135681152,0.1977509707212448,-0.4236629009246826,-0.03146481513977051
8.290000000000001,-0.8908945918083191,1.782305121421814,3.818744659423828,-1.2026957273483276,-0.46827203035354614,1.4277353286743164,0.20722146332263947,-0.4232659935951233,-0.036487877368927
8.3,-0.9029123187065125,1.7776013612747192,3.833019971847534,-1.2005767822265625,-0.47250235080718994,1.4273455142974854,0.21667693555355072,-0.4228493571281433,-0.04150459170341492
8.31,-0.9149070382118225,1.7728548049926758,3.8472909927368164,-1.198362946510315,-0.4767289161682129,1.4269050359725952,0.22611556947231293,-0.42241281270980835,-0.046514540910720825
8.32,-0.9268770217895508,1.7680672407150269,3.8615565299987793,-1.1960539817810059,-0.4809505343437195,1.4264150857925415,0.2355359047651291,-0.42195677757263184,-0.05151724815368652
8.33,-0.9388270378112793,1.7632362842559814,3.8758177757263184,-1.1936520338058472,-0.4851679801940918,1.4258747100830078,0.24494105577468872,-0.421480655670166,-0.0565132200717926
8.34,-0.9507514834403992,1.7583637237548828,3.8900744915008545,-1.1911554336547852,-0.48938027024269104,1.4252848625183105,0.25432759523391724,-0.4209848642349243,-0.06150218844413757
8.35,-0.9626502990722656,1.7534483671188354,3.904324769973755,-1.1885653734207153,-0.49358782172203064,1.4246445894241333,0.2636949121952057,-0.4204690158367157,-0.06648334860801697
8.36,-0.974521279335022,1.7484915256500244,3.918566942214966,-1.1858813762664795,-0.4977893829345703,1.4239552021026611,0.27304190397262573,-0.41993337869644165,-0.07145625352859497
8.370000000000001,-0.9863663911819458,1.7434929609298706,3.932802438735962,-1.183104395866394,-0.5019864439964294,1.423215389251709,0.2823694944381714,-0.41937798261642456,-0.07642140984535217
8.38,-0.9981832504272461,1.7384523153305054,3.947030544281006,-1.1802341938018799,-0.5061770677566528,1.4224265813827515,0.2916761040687561,-0.41880255937576294,-0.08137845993041992
8.39,-1.009971261024475,1.73336923122406,3.9612512588500977,-1.1772706508636475,-0.5103625655174255,1.4215879440307617,0.30096137523651123,-0.41820716857910156,-0.08632689714431763
8.4,-1.0217286348342896,1.728245496749878,3.9754621982574463,-1.174215316772461,-0.5145411491394043,1.4207004308700562,0.31022384762763977,-0.41759198904037476,-0.09126676619052887
8.41,-1.033455491065979,1.7230780124664307,3.9896650314331055,-1.1710665225982666,-0.5187141299247742,1.4197628498077393,0.31946396827697754,-0.41695648431777954,-0.09619742631912231
8.42,-1.045149803161621,1.717870831489563,4.00385856628418,-1.1678262948989868,-0.5228804349899292,1.418776273727417,0.32867974042892456,-0.416301429271698,-0.10111911594867706
8.43,-1.056811809539795,1.712620735168457,4.018041133880615,-1.1644930839538574,-0.527039647102356,1.417740821838379,0.3378719389438629,-0.41562598943710327,-0.1060311496257782
8.44,-1.0684396028518677,1.7073297500610352,4.032212257385254,-1.161069393157959,-0.5311926007270813,1.4166557788848877,0.34703850746154785,-0.4149308502674103,-0.11093279719352722
8.45,-1.0800330638885498,1.701997995376587,4.046372413635254,-1.157552719116211,-0.5353383421897888,1.4155216217041016,0.35618001222610474,-0.4142158627510071,-0.11582496762275696
8.46,-1.0915906429290771,1.6966227293014526,4.06052303314209,-1.1539454460144043,-0.5394770503044128,1.414339303970337,0.365294873714447,-0.41348034143447876,-0.12070734798908234
8.47,-1.1031121015548706,1.6912082433700562,4.0746612548828125,-1.150246500968933,-0.5436081290245056,1.4131078720092773,0.3743831515312195,-0.4127252995967865,-0.1255793422460556
8.48,-1.1145943403244019,1.6857515573501587,4.0887837409973145,-1.1464576721191406,-0.5477310419082642,1.4118276834487915,0.38344240188598633,-0.4119499921798706,-0.13043969869613647
8.49,-1.1260395050048828,1.680253267288208,4.102896213531494,-1.142578363418579,-0.5518468022346497,1.410499095916748,0.3924744427204132,-0.411154568195343,-0.1352902203798294
8.5,-1.1374460458755493,1.6747138500213623,4.1169939041137695,-1.1386080980300903,-0.5559545159339905,1.4091217517852783,0.4014778137207031,-0.4103391766548157,-0.14012925326824188
8.51,-1.148813247680664,1.6691339015960693,4.131079196929932,-1.1345486640930176,-0.5600535273551941,1.4076963663101196,0.41045209765434265,-0.4095037579536438,-0.14495739340782166
8.52,-1.1601383686065674,1.66351318359375,4.145149230957031,-1.1303991079330444,-0.5641449689865112,1.4062225818634033,0.4193956255912781,-0.4086485505104065,-0.1497737169265747
8.53,-1.171418309211731,1.6578513383865356,4.159203052520752,-1.1261605024337769,-0.5682266354560852,1.4047012329101562,0.42830604314804077,-0.40777304768562317,-0.1545785516500473
8.540000000000001,-1.1826597452163696,1.6521482467651367,4.173243045806885,-1.1218335628509521,-0.572300136089325,1.4031312465667725,0.43718773126602173,-0.4068775177001953,-0.15937109291553497
8.55,-1.1938563585281372,1.6464049816131592,4.1872663497924805,-1.1174168586730957,-0.5763640403747559,1.401513695716858,0.4460366368293762,-0.4059619903564453,-0.16415159404277802
8.56,-1.2050081491470337,1.6406214237213135,4.201272487640381,-1.1129124164581299,-0.5804187655448914,1.3998481035232544,0.45485252141952515,-0.40502649545669556,-0.1689193695783615
8.57,-1.2161130905151367,1.6347970962524414,4.215261936187744,-1.1083204746246338,-0.5844645500183105,1.3981354236602783,0.4636339545249939,-0.40407103300094604,-0.1736743152141571
8.58,-1.2271733283996582,1.6289317607879639,4.22923469543457,-1.1036399602890015,-0.588499903678894,1.3963748216629028,0.4723825454711914,-0.4030952453613281,-0.17841669917106628
8.59,-1.2381861209869385,1.6230268478393555,4.243190765380859,-1.0988725423812866,-0.5925265550613403,1.3945670127868652,0.48109620809555054,-0.4020998477935791,-0.18314625322818756
8.6,-1.2491508722305298,1.6170817613601685,4.257126331329346,-1.0940178632736206,-0.596542239189148,1.3927117586135864,0.48977476358413696,-0.401084303855896,-0.1878620982170105
8.61,-1.2600665092468262,1.6110963821411133,4.271043300628662,-1.0890775918960571,-0.6005474328994751,1.3908100128173828,0.4984169602394104,-0.40004876255989075,-0.1925642192363739
8.620000000000001,-1.2709319591522217,1.6050711870193481,4.28494119644165,-1.0840502977371216,-0.604543149471283,1.3888605833053589,0.5070227384567261,-0.3989933431148529,-0.19725275039672852
8.63,-1.2817472219467163,1.5990045070648193,4.2988200187683105,-1.0789365768432617,-0.6085277199745178,1.3868647813796997,0.5155916213989258,-0.39791756868362427,-0.20192760229110718
8.64,-1.292510747909546,1.592900276184082,4.312678813934326,-1.0737382173538208,-0.6125016212463379,1.384821891784668,0.5241224765777588,-0.39682239294052124,-0.20658813416957855
8.65,-1.3032221794128418,1.5867557525634766,4.326517105102539,-1.0684547424316406,-0.6164636611938477,1.3827333450317383,0.532615065574646,-0.39570701122283936,-0.21123471856117249
8.66,-1.3138799667358398,1.5805706977844238,4.340334415435791,-1.0630862712860107,-0.620415449142456,1.380597472190857,0.5410685539245605,-0.3945716917514801,-0.21586622297763824
8.67,-1.3244837522506714,1.5743470191955566,4.354129314422607,-1.057633638381958,-0.6243559122085571,1.378415822982788,0.5494824051856995,-0.3934166431427002,-0.22048306465148926
8.68,-1.3350327014923096,1.5680832862854004,4.3679022789001465,-1.0520963668823242,-0.628283679485321,1.376187801361084,0.5578563213348389,-0.3922414183616638,-0.2250845730304718
8.69,-1.345524549484253,1.561781883239746,4.381651878356934,-1.0464768409729004,-0.6321999430656433,1.373914361000061,0.5661882162094116,-0.3910467028617859,-0.2296707183122635
8.700000000000001,-1.3559608459472656,1.5554397106170654,4.395379066467285,-1.040772795677185,-0.6361045837402344,1.3715945482254028,0.574479877948761,-0.3898318409919739,-0.2342415452003479
8.71,-1.3663396835327148,1.5490593910217285,4.409083843231201,-1.0349867343902588,-0.6399966478347778,1.3692293167114258,0.5827294588088989,-0.388597309589386,-0.2387971132993698
8.72,-1.3766616582870483,1.5426394939422607,4.422765254974365,-1.029118537902832,-0.6438766717910767,1.3668187856674194,0.5909371972084045,-0.3873429298400879,-0.24333684146404266
8.73,-1.3869209289550781,1.5361822843551636,4.43641996383667,-1.0231683254241943,-0.6477435231208801,1.3643628358840942,0.5990995168685913,-0.38606899976730347,-0.24785959720611572
8.74,-1.3971225023269653,1.5296850204467773,4.4500508308410645,-1.0171366930007935,-0.6515979766845703,1.3618614673614502,0.6072196960449219,-0.3847750425338745,-0.2523665428161621
8.75,-1.4072649478912354,1.523150086402893,4.463656425476074,-1.0110242366790771,-0.6554388999938965,1.3593153953552246,0.615296483039856,-0.38346150517463684,-0.2568572759628296
8.76,-1.4173444509506226,1.5165759325027466,4.477237701416016,-1.0048305988311768,-0.6592674255371094,1.356724500656128,0.6233277320861816,-0.38212814927101135,-0.2613314986228943
8.77,-1.4273614883422852,1.5099643468856812,4.490792274475098,-0.9985575675964355,-0.6630816459655762,1.3540886640548706,0.6313133239746094,-0.3807752728462219,-0.2657884955406189
8.78,-1.4373143911361694,1.503314733505249,4.504319190979004,-0.9922048449516296,-0.6668820381164551,1.3514089584350586,0.6392523050308228,-0.379402756690979,-0.270228773355484
8.790000000000001,-1.4472041130065918,1.4966270923614502,4.517820358276367,-0.9857727289199829,-0.670669674873352,1.348684310913086,0.6471453905105591,-0.37801074981689453,-0.2746514081954956
8.8,-1.4570293426513672,1.4899009466171265,4.5312933921813965,-0.9792620539665222,-0.6744428873062134,1.3459157943725586,0.6549915075302124,-0.3765990138053894,-0.27905675768852234
8.81,-1.4667893648147583,1.4831379652023315,4.544737815856934,-0.9726726412773132,-0.6782017350196838,1.343103051185608,0.6627901792526245,-0.3751677870750427,-0.28344404697418213
8.82,-1.4764829874038696,1.4763381481170654,4.558154106140137,-0.9660067558288574,-0.68194580078125,1.3402471542358398,0.670540452003479,-0.3737173080444336,-0.2878133952617645
8.83,-1.486109733581543,1.469498872756958,4.571542739868164,-0.9592621922492981,-0.6856757402420044,1.3373470306396484,0.6782421469688416,-0.3722469210624695,-0.2921648919582367
8.84,-1.4956684112548828,1.4626235961914062,4.584902286529541,-0.9524416923522949,-0.6893913149833679,1.3344037532806396,0.6858946084976196,-0.37075746059417725,-0.29649847745895386
8.85,-1.5051584243774414,1.4557106494903564,4.598230838775635,-0.9455446600914001,-0.6930907964706421,1.3314170837402344,0.6934971809387207,-0.3692483901977539,-0.30081313848495483
8.86,-1.5145795345306396,1.44876229763031,4.611529350280762,-0.938572108745575,-0.6967754364013672,1.32838773727417,0.7010496854782104,-0.3677203059196472,-0.30510905385017395
8.870000000000001,-1.5239300727844238,1.4417763948440552,4.624797344207764,-0.9315241575241089,-0.7004454731941223,1.325314998626709,0.7085511684417725,-0.3661728501319885,-0.3093862235546112
8.88,-1.5332094430923462,1.434753179550171,4.638034820556641,-0.9244012236595154,-0.7040988206863403,1.3221999406814575,0.7160013318061829,-0.36460593342781067,-0.3136447072029114
8.89,-1.5424177646636963,1.4276940822601318,4.651241779327393,-0.9172036647796631,-0.7077376842498779,1.3190420866012573,0.7233996987342834,-0.36302000284194946,-0.3178837299346924
8.9,-1.5515525341033936,1.4205987453460693,4.664416790008545,-0.9099336862564087,-0.7113593816757202,1.3158423900604248,0.7307448983192444,-0.3614148497581482,-0.32210394740104675
8.91,-1.5606153011322021,1.4134674072265625,4.6775593757629395,-0.9025893211364746,-0.7149651646614075,1.312600016593933,0.7380381226539612,-0.3597906231880188,-0.32630401849746704
8.92,-1.5696042776107788,1.406299352645874,4.690669059753418,-0.895172655582428,-0.7185550928115845,1.3093162775039673,0.7452778816223145,-0.35814720392227173,-0.330484539270401
8.93,-1.5785200595855713,1.3990952968597412,4.703744888305664,-0.8876838684082031,-0.7221284508705139,1.3059903383255005,0.7524647116661072,-0.3564848005771637,-0.33464473485946655
8.94,-1.5873568058013916,1.3918571472167969,4.716787338256836,-0.8801239728927612,-0.7256847620010376,1.3026236295700073,0.7595946192741394,-0.3548036813735962,-0.338784784078598
8.950000000000001,-1.5961201190948486,1.384582757949829,4.729795932769775,-0.8724926710128784,-0.7292240858078003,1.2992149591445923,0.7666714191436768,-0.35310348868370056,-0.34290456771850586
8.96,-1.604807734489441,1.377272367477417,4.742772102355957,-0.8647899031639099,-0.732746958732605,1.2957653999328613,0.7736936807632446,-0.35138431191444397,-0.34700435400009155
8.97,-1.6134169101715088,1.3699266910552979,4.755712509155273,-0.857018232345581,-0.7362523078918457,1.2922747135162354,0.7806592583656311,-0.34964632987976074,-0.35108309984207153
8.98,-1.6219468116760254,1.3625470399856567,4.768617153167725,-0.8491778373718262,-0.7397395372390747,1.2887440919876099,0.7875677943229675,-0.3478897213935852,-0.3551408648490906
8.99,-1.630399465560913,1.3551331758499146,4.7814860343933105,-0.8412675261497498,-0.7432096004486084,1.2851722240447998,0.7944205403327942,-0.3461145758628845,-0.3591776490211487
9.0,-1.6387722492218018,1.3476825952529907,4.794320106506348,-0.8332892656326294,-0.7466616630554199,1.2815604209899902,0.8012160062789917,-0.3443203568458557,-0.3631935715675354
9.01,-1.6470650434494019,1.340199589729309,4.807117462158203,-0.825243353843689,-0.7500963807106018,1.2779083251953125,0.8079537749290466,-0.3425079584121704,-0.3671879172325134
9.02,-1.6552772521972656,1.3326809406280518,4.819879055023193,-0.8171299695968628,-0.7535125017166138,1.2742164134979248,0.8146336078643799,-0.34067678451538086,-0.3711611032485962
9.03,-1.6634080410003662,1.3251292705535889,4.8326029777526855,-0.8089511394500732,-0.7569093704223633,1.2704851627349854,0.8212547302246094,-0.33882737159729004,-0.37511247396469116
9.040000000000001,-1.6714565753936768,1.3175439834594727,4.8452887535095215,-0.8007053136825562,-0.7602883577346802,1.266714334487915,0.8278168439865112,-0.336959570646286,-0.37904196977615356
9.05,-1.6794216632843018,1.3099231719970703,4.857936859130859,-0.7923943996429443,-0.7636483907699585,1.262904405593872,0.8343194127082825,-0.3350730538368225,-0.38294947147369385
9.06,-1.6873040199279785,1.3022699356079102,4.870547294616699,-0.7840189337730408,-0.7669906616210938,1.259055256843567,0.8407623171806335,-0.33316856622695923,-0.3868345022201538
9.07,-1.6951024532318115,1.2945842742919922,4.883116245269775,-0.775579571723938,-0.7703123688697815,1.255167841911316,0.8471448421478271,-0.3312460780143738,-0.39069652557373047
9.08,-1.7028157711029053,1.2868645191192627,4.895650386810303,-0.7670764327049255,-0.7736145257949829,1.2512414455413818,0.8534665107727051,-0.32930511236190796,-0.3945378065109253
9.09,-1.7104439735412598,1.2791118621826172,4.908143997192383,-0.7585100531578064,-0.7768983840942383,1.247277021408081,0.8597272634506226,-0.32734620571136475,-0.398355633020401
9.1,-1.7179858684539795,1.2713253498077393,4.920596599578857,-0.7498817443847656,-0.7801617383956909,1.2432743310928345,0.8659262657165527,-0.3253690004348755,-0.40215015411376953
9.11,-1.725440502166748,1.2635083198547363,4.93300724029541,-0.7411926984786987,-0.783405601978302,1.2392345666885376,0.8720625638961792,-0.32337433099746704,-0.40592092275619507
9.120000000000001,-1.7328088283538818,1.2556583881378174,4.945378303527832,-0.7324410676956177,-0.7866290211677551,1.2351564168930054,0.8781372904777527,-0.32136160135269165,-0.40966930985450745
9.13,-1.740088939666748,1.2477755546569824,4.9577107429504395,-0.7236295938491821,-0.7898327112197876,1.2310410737991333,0.8841491341590881,-0.3193310499191284,-0.41339483857154846
9.14,-1.7472822666168213,1.2398622035980225,4.970000743865967,-0.714758038520813,-0.7930158376693726,1.2268882989883423,0.8900988101959229,-0.31728294491767883,-0.4170965552330017
9.15,-1.7543830871582031,1.2319154739379883,4.982248306274414,-0.7058283090591431,-0.7961785793304443,1.2226992845535278,0.8959823846817017,-0.3152170181274414,-0.4207751750946045
9.16,-1.7613966464996338,1.2239384651184082,4.994454383850098,-0.6968393921852112,-0.7993201017379761,1.218472957611084,0.9018036127090454,-0.3131335973739624,-0.4244294762611389
9.17,-1.7683212757110596,1.2159287929534912,5.006618022918701,-0.6877917051315308,-0.8024410605430603,1.2142105102539062,0.9075613617897034,-0.31103259325027466,-0.4280601441860199
9.18,-1.7751537561416626,1.2078893184661865,5.01873779296875,-0.678687572479248,-0.8055405616760254,1.2099117040634155,0.9132536053657532,-0.30891430377960205,-0.4316663146018982
9.19,-1.7818940877914429,1.1998186111450195,5.030816078186035,-0.6695278882980347,-0.8086191415786743,1.2055773735046387,0.9188799858093262,-0.30677881836891174,-0.43524911999702454
9.200000000000001,-1.7885433435440063,1.1917167901992798,5.042850494384766,-0.660310685634613,-0.811676025390625,1.2012068033218384,0.9244416952133179,-0.3046256899833679,-0.43880695104599
9.21,-1.795100212097168,1.1835856437683105,5.0548415184021,-0.6510388851165771,-0.8147115707397461,1.196800947189331,0.9299376010894775,-0.3024557828903198,-0.442340612411499
9.22,-1.8015635013580322,1.1754227876663208,5.066786766052246,-0.6417114734649658,-0.817725419998169,1.1923599243164062,0.9353673458099365,-0.3002685308456421,-0.4458491802215576
9.23,-1.8079345226287842,1.1672310829162598,5.078686237335205,-0.6323316097259521,-0.820716381072998,1.18788480758667,0.9407308101654053,-0.29806452989578247,-0.44933223724365234
9.24,-1.8142106533050537,1.1590090990066528,5.090541839599609,-0.6228978633880615,-0.8236864805221558,1.1833741664886475,0.9460272192955017,-0.29584354162216187,-0.45279109477996826
9.25,-1.8203922510147095,1.1507571935653687,5.102353096008301,-0.6134108901023865,-0.826633095741272,1.1788288354873657,0.951256513595581,-0.2936054766178131,-0.4562252461910248
9.26,-1.8264788389205933,1.1424760818481445,5.114119052886963,-0.603872537612915,-0.8295588493347168,1.1742494106292725,0.9564183950424194,-0.291350781917572,-0.459634006023407
9.27,-1.8324697017669678,1.134164571762085,5.125840187072754,-0.594282865524292,-0.832460880279541,1.1696357727050781,0.9615123867988586,-0.2890792489051819,-0.4630185067653656
9.28,-1.8383649587631226,1.1258265972137451,5.13751220703125,-0.5846426486968994,-0.8353399038314819,1.1649889945983887,0.9665383100509644,-0.28679168224334717,-0.46637600660324097
9.290000000000001,-1.844162940979004,1.1174598932266235,5.149138927459717,-0.5749526023864746,-0.8381963968276978,1.160308599472046,0.9714956879615784,-0.2844875156879425,-0.4697086215019226
9.3,-1.8498640060424805,1.1090624332427979,5.160717964172363,-0.5652124881744385,-0.8410295248031616,1.155594825744629,0.9763842821121216,-0.2821665406227112,-0.4730151891708374
9.31,-1.8554667234420776,1.1006388664245605,5.172251224517822,-0.5554244518280029,-0.8438400626182556,1.150848150253296,0.9812037348747253,-0.27982956171035767,-0.47629639506340027
9.32,-1.860971212387085,1.0921859741210938,5.183734893798828,-0.5455895662307739,-0.8466264009475708,1.1460689306259155,0.9859533309936523,-0.27747640013694763,-0.47955137491226196
9.33,-1.8663777112960815,1.083706259727478,5.195172309875488,-0.535706102848053,-0.8493890166282654,1.1412572860717773,0.9906337261199951,-0.27510708570480347,-0.4827805161476135
9.34,-1.871685266494751,1.075199007987976,5.206562042236328,-0.525776743888855,-0.8521279096603394,1.136413335800171,0.9952443242073059,-0.2727217972278595,-0.4859834909439087
9.35,-1.876894474029541,1.0666635036468506,5.217901229858398,-0.5158005952835083,-0.8548433780670166,1.1315374374389648,0.9997854232788086,-0.27032047510147095,-0.4891595244407654
9.36,-1.88200044631958,1.0581024885177612,5.229189872741699,-0.505781888961792,-0.8575345277786255,1.1266307830810547,1.00425386428833,-0.267903596162796,-0.49230822920799255
9.370000000000001,-1.8870081901550293,1.0495131015777588,5.2404327392578125,-0.49571725726127625,-0.8602016568183899,1.1216917037963867,1.008652925491333,-0.2654706835746765,-0.4954323172569275
9.38,-1.891916036605835,1.040898323059082,5.2516255378723145,-0.48560813069343567,-0.8628438711166382,1.1167218685150146,1.0129814147949219,-0.26302236318588257,-0.49852922558784485
9.39,-1.8967208862304688,1.032256007194519,5.262767791748047,-0.4754568338394165,-0.8654619455337524,1.1117208003997803,1.0172380208969116,-0.2605583667755127,-0.5015988945960999
9.4,-1.9014239311218262,1.0235888957977295,5.273858547210693,-0.46526414155960083,-0.8680548667907715,1.1066901683807373,1.0214226245880127,-0.25807905197143555,-0.5046415328979492
9.41,-1.9060255289077759,1.0148952007293701,5.284900665283203,-0.4550292491912842,-0.870623767375946,1.1016286611557007,1.0255359411239624,-0.2555844783782959,-0.5076572299003601
9.42,-1.910524606704712,1.006176471710205,5.295891761779785,-0.44475361704826355,-0.8731667995452881,1.0965371131896973,1.0295771360397339,-0.25307464599609375,-0.5106460452079773
9.43,-1.914920449256897,0.9974316358566284,5.306830406188965,-0.43443748354911804,-0.8756851553916931,1.0914156436920166,1.033545970916748,-0.25054964423179626,-0.5136072635650635
9.44,-1.9192137718200684,0.9886635541915894,5.31771993637085,-0.4240831732749939,-0.8781777024269104,1.086264967918396,1.037442684173584,-0.24801005423069,-0.5165419578552246
9.450000000000001,-1.9234027862548828,0.9798678755760193,5.328557014465332,-0.413689523935318,-0.8806451559066772,1.0810847282409668,1.0412664413452148,-0.245454803109169,-0.5194483995437622
9.46,-1.9274873733520508,0.9710500836372375,5.3393425941467285,-0.4032575190067291,-0.8830870985984802,1.0758757591247559,1.0450170040130615,-0.24288538098335266,-0.5223277807235718
9.47,-1.9314677715301514,0.9622070789337158,5.350074768066406,-0.3927888870239258,-0.8855023384094238,1.0706381797790527,1.0486946105957031,-0.2403010129928589,-0.5251789689064026
9.48,-1.9353437423706055,0.9533401727676392,5.360754013061523,-0.3822840750217438,-0.8878926038742065,1.0653727054595947,1.052298903465271,-0.2377023994922638,-0.5280024409294128
9.49,-1.9391134977340698,0.9444502592086792,5.371380805969238,-0.37174320220947266,-0.8902566432952881,1.0600786209106445,1.055829405784607,-0.2350892275571823,-0.5307979583740234
9.5,-1.9427783489227295,0.9355345964431763,5.381956100463867,-0.3611675798892975,-0.892594575881958,1.0547566413879395,1.059286117553711,-0.23246121406555176,-0.5335660576820374
9.51,-1.9463366270065308,0.9265978932380676,5.392477035522461,-0.35055723786354065,-0.8949061632156372,1.0494070053100586,1.0626686811447144,-0.22981949150562286,-0.5363056063652039
9.52,-1.949789047241211,0.9176362156867981,5.402944564819336,-0.3399139940738678,-0.8971908092498779,1.0440304279327393,1.0659773349761963,-0.22716329991817474,-0.5390173196792603
9.53,-1.953134298324585,0.9086540937423706,5.413356781005859,-0.3292386829853058,-0.8994488716125488,1.0386273860931396,1.0692108869552612,-0.22449365258216858,-0.5417001843452454
9.540000000000001,-1.9563733339309692,0.8996478915214539,5.423716068267822,-0.31853070855140686,-0.901680588722229,1.0331969261169434,1.0723706483840942,-0.2218097448348999,-0.5443552732467651
9.55,-1.9595050811767578,0.8906204700469971,5.434020042419434,-0.30779144167900085,-0.9038848876953125,1.0277401208877563,1.075455665588379,-0.21911214292049408,-0.5469816327095032
9.56,-1.9625301361083984,0.8815699815750122,5.444271087646484,-0.2970207631587982,-0.906063437461853,1.0222570896148682,1.0784664154052734,-0.21640066802501678,-0.5495798587799072
9.57,-1.965444803237915,0.8724992871284485,5.454465866088867,-0.2862231731414795,-0.9082132577896118,1.016748309135437,1.0814003944396973,-0.21367612481117249,-0.5521494746208191
9.58,-1.9682525396347046,0.8634060025215149,5.464606761932373,-0.2753947079181671,-0.910336434841156,1.011214017868042,1.0842604637145996,-0.21093779802322388,-0.5546905994415283
9.59,-1.9709532260894775,0.8542925119400024,5.4746904373168945,-0.2645370066165924,-0.9124318361282349,1.0056545734405518,1.087045669555664,-0.2081862986087799,-0.5572022199630737
9.6,-1.9735443592071533,0.8451571464538574,5.484719276428223,-0.2536528706550598,-0.9144999980926514,1.0000700950622559,1.0897548198699951,-0.20542152225971222,-0.5596855282783508
9.61,-1.9760258197784424,0.8360027074813843,5.494690895080566,-0.2427428662776947,-0.9165405035018921,0.9944613575935364,1.0923879146575928,-0.2026439607143402,-0.5621392726898193
9.620000000000001,-1.9783985614776611,0.8268260955810547,5.504607200622559,-0.23180615901947021,-0.9185527563095093,0.9888277649879456,1.0949457883834839,-0.1998530924320221,-0.56456458568573
9.63,-1.9806619882583618,0.8176314830780029,5.514468193054199,-0.22084420919418335,-0.9205374717712402,0.9831698536872864,1.0974278450012207,-0.19704978168010712,-0.5669609904289246
9.64,-1.9828153848648071,0.8084167838096619,5.5242719650268555,-0.20985737442970276,-0.9224936962127686,0.9774883985519409,1.0998338460922241,-0.19423367083072662,-0.5693278908729553
9.65,-1.9848597049713135,0.7991814613342285,5.534017562866211,-0.1988479197025299,-0.9244219660758972,0.9717838764190674,1.1021641492843628,-0.19140492379665375,-0.5716651678085327
9.66,-1.9867923259735107,0.7899286150932312,5.54370641708374,-0.1878143548965454,-0.9263220429420471,0.9660555124282837,1.1044176816940308,-0.1885639727115631,-0.5739737153053284
9.67,-1.9886153936386108,0.780655026435852,5.553338050842285,-0.17675912380218506,-0.9281930923461914,0.960304319858551,1.1065953969955444,-0.1857103407382965,-0.5762529373168945
9.68,-1.9903277158737183,0.7713646292686462,5.562912940979004,-0.1656826138496399,-0.9300360679626465,0.9545304179191589,1.1086965799331665,-0.18284492194652557,-0.5785024166107178
9.69,-1.9919297695159912,0.7620562314987183,5.5724287033081055,-0.15458565950393677,-0.9318499565124512,0.9487341642379761,1.110721468925476,-0.17996765673160553,-0.580722987651825
9.700000000000001,-1.9934200048446655,0.7527273893356323,5.581887245178223,-0.1434686779975891,-0.9336352348327637,0.9429159760475159,1.1126697063446045,-0.17707772552967072,-0.5829134583473206
9.71,-1.9947991371154785,0.7433818578720093,5.5912885665893555,-0.13233253359794617,-0.9353921413421631,0.9370757341384888,1.1145412921905518,-0.1741764098405838,-0.5850747227668762
9.72,-1.9960663318634033,0.73401939868927,5.6006293296813965,-0.12117758393287659,-0.9371185898780823,0.9312142729759216,1.1163359880447388,-0.17126339673995972,-0.5872056484222412
9.73,-1.9972221851348877,0.7246407866477966,5.6099114418029785,-0.11000677943229675,-0.9388165473937988,0.9253323078155518,1.118053913116455,-0.1683393269777298,-0.5893071293830872
9.74,-1.9982661008834839,0.7152436375617981,5.619134902954102,-0.09881749749183655,-0.9404853582382202,0.919428825378418,1.1196949481964111,-0.16540338099002838,-0.5913785696029663
9.75,-1.9991979598999023,0.7058295011520386,5.628300189971924,-0.08761250972747803,-0.9421252012252808,0.913504421710968,1.121259331703186,-0.1624559760093689,-0.593420684337616
9.76,-2.0000178813934326,0.6964008808135986,5.637406349182129,-0.07639244198799133,-0.9437351226806641,0.9075599312782288,1.1227469444274902,-0.15949788689613342,-0.5954328775405884
9.77,-2.0007264614105225,0.6869557499885559,5.646451950073242,-0.06515660881996155,-0.9453145861625671,0.9015958309173584,1.1241579055786133,-0.15652866661548615,-0.5974145531654358
9.78,-2.0013206005096436,0.677495002746582,5.655436992645264,-0.05391037464141846,-0.9468652009963989,0.8956124186515808,1.125490665435791,-0.15354888141155243,-0.5993660688400269
9.790000000000001,-2.001803398132324,0.6680191159248352,5.664362907409668,-0.04264858365058899,-0.9483855366706848,0.8896092176437378,1.1267471313476562,-0.1505582183599472,-0.6012881398200989
9.8,-2.0021746158599854,0.6585266590118408,5.673229217529297,-0.031374454498291016,-0.9498765468597412,0.8835867047309875,1.127927303314209,-0.14755654335021973,-0.6031800508499146
9.81,-2.002431869506836,0.6490210890769958,5.682034969329834,-0.02008950710296631,-0.9513367414474487,0.8775453567504883,1.1290297508239746,-0.14454491436481476,-0.60504150390625
9.82,-2.0025758743286133,0.6395013928413391,5.6907806396484375,-0.0087948739528656,-0.9527665972709656,0.8714855313301086,1.1300547122955322,-0.14152321219444275,-0.6068735122680664
9.83,-2.0026068687438965,0.6299662590026855,5.699465751647949,0.002510637044906616,-0.9541672468185425,0.8654077649116516,1.1310029029846191,-0.13849103450775146,-0.6086745858192444
9.84,-2.0025253295898438,0.6204169988632202,5.708089351654053,0.013825058937072754,-0.9555370807647705,0.8593118190765381,1.1318742036819458,-0.13544881343841553,-0.6104455590248108
9.85,-2.0023303031921387,0.6108548045158386,5.71665096282959,0.025148361921310425,-0.9568763971328735,0.8531988859176636,1.1326680183410645,-0.13239654898643494,-0.6121858358383179
9.86,-2.002023220062256,0.6012807488441467,5.725152015686035,0.03647810220718384,-0.9581849575042725,0.8470690250396729,1.1333855390548706,-0.12933523952960968,-0.6138960719108582
9.870000000000001,-2.001601219177246,0.5916914343833923,5.733591556549072,0.047815680503845215,-0.959462583065033,0.8409216403961182,1.1340252161026,-0.12626373767852783,-0.6155756711959839
9.88,-2.0010666847229004,0.5820902585983276,5.741971015930176,0.05915883183479309,-0.9607104063034058,0.8347573280334473,1.1345881223678589,-0.1231829896569252,-0.6172252297401428
9.89,-2.0004184246063232,0.5724773406982422,5.750288009643555,0.0705072283744812,-0.9619261026382446,0.8285768032073975,1.135074257850647,-0.12009291350841522,-0.6188440322875977
9.9,-1.999657154083252,0.5628527998924255,5.758542060852051,0.08185997605323792,-0.9631117582321167,0.8223809599876404,1.1354832649230957,-0.11699387431144714,-0.6204325556755066
9.91,-1.9987819194793701,0.5532153844833374,5.7667341232299805,0.09321659803390503,-0.9642667770385742,0.8161687850952148,1.1358152627944946,-0.11388569325208664,-0.6219902038574219
9.92,-1.9977920055389404,0.543567419052124,5.77486515045166,0.10457667708396912,-0.9653893709182739,0.8099411725997925,1.1360700130462646,-0.1107686460018158,-0.6235177516937256
9.93,-1.9966895580291748,0.533907413482666,5.782933712005615,0.11593830585479736,-0.9664819240570068,0.8036983013153076,1.1362483501434326,-0.10764289647340775,-0.6250144839286804
9.94,-1.9954735040664673,0.524237871170044,5.790938854217529,0.12730014324188232,-0.9675425291061401,0.797440767288208,1.1363496780395508,-0.1045086607336998,-0.6264810562133789
9.950000000000001,-1.9941432476043701,0.5145578384399414,5.798882484436035,0.13866424560546875,-0.968571662902832,0.7911686897277832,1.1363739967346191,-0.10136604309082031,-0.6279165148735046
9.96,-1.9926998615264893,0.5048663020133972,5.806763172149658,0.1500277817249298,-0.9695695638656616,0.7848820686340332,1.1363221406936646,-0.0982149988412857,-0.6293217539787292
9.97,-1.9911437034606934,0.49516499042510986,5.814579963684082,0.16139134764671326,-0.9705361127853394,0.778581976890564,1.136194109916687,-0.09505587071180344,-0.6306958198547363
9.98,-1.9894719123840332,0.48545610904693604,5.822334289550781,0.17275062203407288,-0.971470832824707,0.7722687721252441,1.1359881162643433,-0.09188926219940186,-0.632039487361908
9.99,-1.9876877069473267,0.47573745250701904,5.830024719238281,0.1841091513633728,-0.9723734855651855,0.7659419178962708,1.1357066631317139,-0.08871448040008545,-0.6333522796630859
10.0,-1.9857897758483887,0.4660080671310425,5.837653160095215,0.1954658329486847,-0.9732452034950256,0.7596017122268677,1.135348916053772,-0.08553164452314377,-0.6346347332000732
10.01,-1.9837783575057983,0.456270694732666,5.845217704772949,0.20681726932525635,-0.9740846157073975,0.7532488703727722,1.1349148750305176,-0.08234159648418427,-0.6358861923217773
10.02,-1.9816535711288452,0.4465261697769165,5.852718353271484,0.21816396713256836,-0.9748919010162354,0.7468839287757874,1.1344046592712402,-0.07914433628320694,-0.6371071934700012
10.03,-1.979414939880371,0.43677467107772827,5.860154628753662,0.22950419783592224,-0.9756672382354736,0.7405074834823608,1.1338179111480713,-0.07594025135040283,-0.6382970213890076
10.040000000000001,-1.9770632982254028,0.4270135164260864,5.867527484893799,0.24083924293518066,-0.9764106869697571,0.7341185808181763,1.1331557035446167,-0.07272864133119583,-0.639456570148468
10.05,-1.9745979309082031,0.41724449396133423,5.8748369216918945,0.25216755270957947,-0.9771221876144409,0.7277182340621948,1.1324172019958496,-0.0695098266005516,-0.6405850052833557
10.06,-1.9720196723937988,0.4074704647064209,5.882082939147949,0.26348772644996643,-0.9778009653091431,0.721306562423706,1.131603479385376,-0.06628474593162537,-0.6416832208633423
10.07,-1.9693293571472168,0.3976902365684509,5.889263153076172,0.2747989892959595,-0.9784471988677979,0.7148844003677368,1.1307146549224854,-0.06305336207151413,-0.6427503824234009
10.08,-1.966524600982666,0.38790208101272583,5.896380424499512,0.2861018180847168,-0.9790621399879456,0.708451509475708,1.1297494173049927,-0.05981519818305969,-0.6437870860099792
10.09,-1.9636064767837524,0.3781088590621948,5.903432846069336,0.2973942458629608,-0.9796433448791504,0.7020083069801331,1.128709316253662,-0.056570813059806824,-0.644792914390564
10.1,-1.9605761766433716,0.3683086037635803,5.910419940948486,0.3086758852005005,-0.9801936149597168,0.6955556869506836,1.1275941133499146,-0.05331997573375702,-0.6457676291465759
10.11,-1.9574337005615234,0.3585053086280823,5.9173431396484375,0.3199458718299866,-0.980710506439209,0.689094066619873,1.1264039278030396,-0.05006396025419235,-0.6467115879058838
10.120000000000001,-1.9541780948638916,0.34869617223739624,5.924201965332031,0.3312036991119385,-0.9811941981315613,0.682621955871582,1.125138759613037,-0.046801723539829254,-0.6476253271102905
10.13,-1.9508092403411865,0.33888131380081177,5.930996894836426,0.34244880080223083,-0.9816464185714722,0.6761408448219299,1.1237984895706177,-0.04353383928537369,-0.6485084295272827
10.14,-1.947328805923462,0.3290618062019348,5.937725067138672,0.3536798059940338,-0.9820650815963745,0.6696516871452332,1.1223840713500977,-0.040260396897792816,-0.6493602395057678
10.15,-1.94373619556427,0.31923991441726685,5.9443888664245605,0.3648950457572937,-0.9824514389038086,0.6631544828414917,1.1208953857421875,-0.03698190301656723,-0.650181770324707
10.16,-1.940030813217163,0.30941420793533325,5.950987815856934,0.3760966956615448,-0.9828046560287476,0.6566487550735474,1.1193320751190186,-0.033698201179504395,-0.650972306728363
10.17,-1.9362139701843262,0.29958367347717285,5.957521438598633,0.3872819244861603,-0.9831252098083496,0.6501350998878479,1.1176950931549072,-0.030409350991249084,-0.6517324447631836
10.18,-1.9322850704193115,0.2897503972053528,5.963990211486816,0.39845168590545654,-0.9834134578704834,0.6436140537261963,1.1159842014312744,-0.027115747332572937,-0.6524617671966553
10.19,-1.9282445907592773,0.2799155116081238,5.970394611358643,0.40960049629211426,-0.9836679100990295,0.6370855569839478,1.1141993999481201,-0.02381756901741028,-0.6531610488891602
10.200000000000001,-1.9240928888320923,0.27007830142974854,5.9767327308654785,0.42073333263397217,-0.9838893413543701,0.6305503845214844,1.1123416423797607,-0.020514927804470062,-0.6538290977478027
10.21,-1.919830322265625,0.2602376937866211,5.983005523681641,0.4318484365940094,-0.984078049659729,0.6240088939666748,1.1104105710983276,-0.0172077938914299,-0.6544668078422546
10.22,-1.9154564142227173,0.25039660930633545,5.989212512969971,0.44294264912605286,-0.9842333793640137,0.6174612641334534,1.1084063053131104,-0.013896606862545013,-0.6550736427307129
10.23,-1.9109715223312378,0.24055343866348267,5.995354175567627,0.4540154039859772,-0.9843561053276062,0.6109079718589783,1.1063289642333984,-0.010581664741039276,-0.65565025806427
10.24,-1.9063761234283447,0.23070943355560303,6.001429557800293,0.46506810188293457,-0.9844448566436768,0.6043488383293152,1.1041795015335083,-0.007262296974658966,-0.6561960577964783
10.25,-1.901670217514038,0.2208654284477234,6.007441520690918,0.4760988652706146,-0.9845011234283447,0.597783088684082,1.1019575595855713,-0.003939665853977203,-0.6567121744155884
10.26,-1.8968533277511597,0.21101951599121094,6.0133867263793945,0.48710742592811584,-0.9845238924026489,0.591213583946228,1.0996627807617188,-0.0006133094429969788,-0.657197117805481
10.27,-1.8919280767440796,0.20117348432540894,6.019266128540039,0.4980933368206024,-0.984513521194458,0.5846390724182129,1.097297191619873,0.0027163997292518616,-0.6576519012451172
10.28,-1.8868927955627441,0.19132977724075317,6.025078773498535,0.5090529322624207,-0.9844697713851929,0.5780620574951172,1.0948597192764282,0.0060487911105155945,-0.6580756902694702
10.290000000000001,-1.8817471265792847,0.18148595094680786,6.030826568603516,0.5199893712997437,-0.9843919277191162,0.5714792013168335,1.0923501253128052,0.009384550154209137,-0.6584697961807251
10.3,-1.8764927387237549,0.1716412901878357,6.036508560180664,0.5309001207351685,-0.9842820167541504,0.5648925304412842,1.0897696018218994,0.012723587453365326,-0.6588332653045654
10.31,-1.871128797531128,0.16179829835891724,6.0421247482299805,0.5417848825454712,-0.9841377139091492,0.5583021640777588,1.0871176719665527,0.016065023839473724,-0.6591668725013733
10.32,-1.865657091140747,0.15195906162261963,6.047674179077148,0.5526413321495056,-0.9839604496955872,0.5517090559005737,1.0843958854675293,0.01940847933292389,-0.6594699621200562
10.33,-1.860077142715454,0.1421210765838623,6.053158760070801,0.5634723901748657,-0.9837498664855957,0.5451126098632812,1.0816036462783813,0.02275458723306656,-0.6597430109977722
10.34,-1.8543879985809326,0.1322839856147766,6.058576583862305,0.5742744207382202,-0.9835052490234375,0.5385140180587769,1.0787407159805298,0.02610306441783905,-0.6599856615066528
10.35,-1.8485908508300781,0.12245041131973267,6.063928604125977,0.5850474238395691,-0.9832278490066528,0.5319129228591919,1.075808048248291,0.029453709721565247,-0.6601983904838562
10.36,-1.8426867723464966,0.11261940002441406,6.069214820861816,0.5957895517349243,-0.9829164147377014,0.5253099203109741,1.072805643081665,0.03280574083328247,-0.6603810787200928
10.370000000000001,-1.8366752862930298,0.10279250144958496,6.074435710906982,0.6065024137496948,-0.9825713634490967,0.518704891204834,1.06973397731781,0.03615956008434296,-0.6605339050292969
10.38,-1.830556869506836,0.09296941757202148,6.07958984375,0.6171841025352478,-0.9821932315826416,0.5120986104011536,1.0665934085845947,0.039514899253845215,-0.6606566309928894
10.39,-1.8243314027786255,0.08314865827560425,6.084677696228027,0.6278343200683594,-0.9817809462547302,0.5054917335510254,1.0633835792541504,0.04287175089120865,-0.6607491970062256
10.4,-1.8180010318756104,0.073333740234375,6.089698791503906,0.6384516954421997,-0.9813357591629028,0.4988856315612793,1.0601063966751099,0.04622964560985565,-0.6608116626739502
10.41,-1.8115636110305786,0.06352192163467407,6.094654083251953,0.649036169052124,-0.9808566570281982,0.4922771453857422,1.0567604303359985,0.049588657915592194,-0.6608448028564453
10.42,-1.8050199747085571,0.053716421127319336,6.099544048309326,0.659587025642395,-0.9803438186645508,0.48566851019859314,1.053346037864685,0.052948325872421265,-0.6608482599258423
10.43,-1.7983709573745728,0.0439150333404541,6.104368209838867,0.6701031923294067,-0.9797976016998291,0.4790601432323456,1.0498645305633545,0.05630885064601898,-0.660821795463562
10.44,-1.791617751121521,0.03412050008773804,6.109126091003418,0.6805832386016846,-0.9792174100875854,0.4724515974521637,1.0463155508041382,0.05966969579458237,-0.6607661247253418
10.450000000000001,-1.784759759902954,0.024330556392669678,6.1138176918029785,0.6910284161567688,-0.9786044359207153,0.46584436297416687,1.0427000522613525,0.06303098052740097,-0.6606804132461548
10.46,-1.7777974605560303,0.01454836130142212,6.118443012237549,0.7014371156692505,-0.9779571294784546,0.4592379629611969,1.039017677307129,0.06639228761196136,-0.6605654954910278
10.47,-1.7707306146621704,0.004771411418914795,6.123002052307129,0.7118089199066162,-0.9772764444351196,0.4526331424713135,1.0352686643600464,0.0697537511587143,-0.6604206562042236
10.48,-1.7635620832443237,-0.004997193813323975,6.127495765686035,0.7221424579620361,-0.9765624403953552,0.44602930545806885,1.0314549207687378,0.07311482727527618,-0.6602470874786377
10.49,-1.7562885284423828,-0.01475989818572998,6.131922245025635,0.7324378490447998,-0.9758139848709106,0.4394280016422272,1.0275743007659912,0.07647569477558136,-0.6600435972213745
10.5,-1.7489129304885864,-0.024513542652130127,6.136283874511719,0.7426940202713013,-0.9750327467918396,0.43282830715179443,1.0236289501190186,0.07983588427305222,-0.6598113179206848
10.51,-1.7414348125457764,-0.03426051139831543,6.140579700469971,0.7529103755950928,-0.9742171764373779,0.4262314736843109,1.0196185111999512,0.0831955149769783,-0.6595495343208313
10.52,-1.733853816986084,-0.043997883796691895,6.144808769226074,0.7630864977836609,-0.9733686447143555,0.4196372628211975,1.015542984008789,0.08655408024787903,-0.6592587828636169
10.53,-1.7261731624603271,-0.05372798442840576,6.1489715576171875,0.7732201814651489,-0.9724868535995483,0.4130479693412781,1.011404275894165,0.0899118110537529,-0.6589387059211731
10.540000000000001,-1.718390703201294,-0.06344759464263916,6.153069019317627,0.7833144068717957,-0.9715702533721924,0.40646013617515564,1.0072014331817627,0.09326808899641037,-0.6585899591445923
10.55,-1.710506796836853,-0.07315796613693237,6.157100677490234,0.7933653593063354,-0.9706210494041443,0.39987611770629883,1.002934455871582,0.09662305563688278,-0.6582121849060059
10.56,-1.702523112297058,-0.0828600525856018,6.161067485809326,0.8033732175827026,-0.9696376323699951,0.3932955861091614,0.9986045956611633,0.0999765545129776,-0.6578059196472168
10.57,-1.6944397687911987,-0.09255021810531616,6.1649675369262695,0.8133363127708435,-0.9686213731765747,0.3867194950580597,0.9942120313644409,0.10332784056663513,-0.6573708057403564
10.58,-1.686256766319275,-0.10223263502120972,6.168801307678223,0.8232563734054565,-0.9675714373588562,0.38014790415763855,0.9897571802139282,0.10667803138494492,-0.6569069027900696
10.59,-1.6779749393463135,-0.11190223693847656,6.17257022857666,0.8331314325332642,-0.9664877653121948,0.37358158826828003,0.9852401614189148,0.11002564430236816,-0.6564143300056458
10.6,-1.6695938110351562,-0.12156248092651367,6.176273345947266,0.8429611325263977,-0.9653712511062622,0.36701956391334534,0.9806610941886902,0.11337118595838547,-0.6558934450149536
10.61,-1.6611158847808838,-0.13120919466018677,6.179910659790039,0.8527446389198303,-0.9642205834388733,0.3604632019996643,0.9760217070579529,0.11671377718448639,-0.6553442478179932
10.620000000000001,-1.6525392532348633,-0.14084631204605103,6.183482646942139,0.8624815344810486,-0.9630367755889893,0.35391247272491455,0.9713205099105835,0.12005425244569778,-0.6547665596008301
10.63,-1.6438660621643066,-0.15047049522399902,6.186988830566406,0.8721711039543152,-0.9618193507194519,0.3473677933216095,0.9665592312812805,0.12339214980602264,-0.6541605591773987
10.64,-1.6350960731506348,-0.16008323431015015,6.1904296875,0.8818127512931824,-0.9605688452720642,0.34082913398742676,0.961737871170044,0.1267269253730774,-0.6535265445709229
10.65,-1.626230239868164,-0.16968142986297607,6.19380521774292,0.8914047479629517,-0.9592850208282471,0.3342989385128021,0.9568568468093872,0.13005806505680084,-0.6528643369674683
10.66,-1.6172685623168945,-0.17926853895187378,6.197115421295166,0.9009488224983215,-0.9579678773880005,0.3277735710144043,0.9519165754318237,0.13338646292686462,-0.6521742343902588
10.67,-1.6082115173339844,-0.18884074687957764,6.200361251831055,0.9104430675506592,-0.9566172361373901,0.3212549388408661,0.9469173550605774,0.13671115040779114,-0.6514564752578735
10.68,-1.5990593433380127,-0.19840002059936523,6.203540802001953,0.9198871850967407,-0.9552333354949951,0.31474435329437256,0.9418591856956482,0.14003261923789978,-0.6507105827331543
10.69,-1.5898140668869019,-0.20794540643692017,6.206655502319336,0.9292802810668945,-0.9538164138793945,0.3082409203052521,0.936743974685669,0.14334970712661743,-0.6499372720718384
10.700000000000001,-1.5804738998413086,-0.2174757719039917,6.2097063064575195,0.9386221170425415,-0.9523666501045227,0.30174505710601807,0.9315701723098755,0.14666305482387543,-0.6491363048553467
10.71,-1.571041226387024,-0.22699278593063354,6.212690830230713,0.9479117393493652,-0.9508830308914185,0.29525768756866455,0.9263396263122559,0.1499723494052887,-0.6483078002929688
10.72,-1.5615159273147583,-0.23649340867996216,6.215611457824707,0.9571488499641418,-0.9493670463562012,0.28877881169319153,0.9210523366928101,0.153277188539505,-0.6474518775939941
10.73,-1.5518988370895386,-0.24597883224487305,6.218466281890869,0.9663317203521729,-0.9478180408477783,0.2823083698749542,0.9157086610794067,0.15657751262187958,-0.6465688943862915
10.74,-1.5421899557113647,-0.2554497718811035,6.221257209777832,0.9754619598388672,-0.9462352991104126,0.2758472263813019,0.9103090167045593,0.15987332165241241,-0.6456583738327026
10.75,-1.532389521598816,-0.26490509510040283,6.223983287811279,0.9845390319824219,-0.944620668888092,0.2693951427936554,0.9048535823822021,0.16316433250904083,-0.6447210311889648
10.76,-1.5224990844726562,-0.2743421792984009,6.226645469665527,0.9935601949691772,-0.9429718852043152,0.2629527449607849,0.8993434309959412,0.16645008325576782,-0.6437563896179199
10.77,-1.5125186443328857,-0.28376448154449463,6.229242324829102,1.002525806427002,-0.9412914514541626,0.25651997327804565,0.8937788009643555,0.16973091661930084,-0.6427651643753052
10.78,-1.502448558807373,-0.2931681275367737,6.231775283813477,1.0114346742630005,-0.939577579498291,0.25009915232658386,0.8881598114967346,0.17300616204738617,-0.6417471170425415
10.790000000000001,-1.4922899007797241,-0.30255603790283203,6.2342448234558105,1.0202879905700684,-0.9378312230110168,0.24368637800216675,0.8824872374534607,0.1762760430574417,-0.640702486038208
10.8,-1.4820430278778076,-0.3119249939918518,6.236649036407471,1.0290844440460205,-0.9360524415969849,0.23728498816490173,0.8767614364624023,0.17954009771347046,-0.6396310329437256
10.81,-1.4717079401016235,-0.321275532245636,6.238990306854248,1.03782320022583,-0.9342401027679443,0.23089373111724854,0.8709823489189148,0.18279820680618286,-0.6385334730148315
10.82,-1.4612873792648315,-0.3306097388267517,6.24126672744751,1.0465041399002075,-0.9323963522911072,0.22451406717300415,0.8651520609855652,0.18605053424835205,-0.6374093890190125
10.83,-1.450778603553772,-0.3399236798286438,6.243480682373047,1.055126428604126,-0.9305194020271301,0.21814531087875366,0.8592687249183655,0.1892964243888855,-0.6362591981887817
10.84,-1.440184473991394,-0.3492200970649719,6.245630264282227,1.0636894702911377,-0.9286102056503296,0.2117888182401657,0.8533346652984619,0.1925361007452011,-0.6350826025009155
10.85,-1.4295051097869873,-0.358495831489563,6.247716426849365,1.0721930265426636,-0.9266685247421265,0.20544356107711792,0.8473494648933411,0.1957690566778183,-0.6338803768157959
10.86,-1.4187407493591309,-0.3677528500556946,6.249739170074463,1.0806355476379395,-0.9246946573257446,0.19911067187786102,0.8413138389587402,0.19899511337280273,-0.6326522827148438
10.870000000000001,-1.4078925848007202,-0.37698930501937866,6.2516984939575195,1.0890183448791504,-0.922688901424408,0.19279026985168457,0.8352283239364624,0.20221444964408875,-0.6313983201980591
10.88,-1.3969601392745972,-0.3862074017524719,6.253595352172852,1.0973401069641113,-0.9206507205963135,0.18648263812065125,0.829092800617218,0.20542725920677185,-0.6301186084747314
10.89,-1.385945439338684,-0.3954029083251953,6.255428314208984,1.1056002378463745,-0.9185802936553955,0.18018777668476105,0.8229086995124817,0.20863230526447296,-0.628813624382019
10.9,-1.374849557876587,-0.4045771360397339,6.257198810577393,1.1137983798980713,-0.9164782762527466,0.1739080399274826,0.8166767358779907,0.21182960271835327,-0.6274832487106323
10.91,-1.3636703491210938,-0.41373175382614136,6.258906364440918,1.1219338178634644,-0.914343535900116,0.1676398068666458,0.8103955984115601,0.21501979231834412,-0.6261276006698608
10.92,-1.3524104356765747,-0.42286545038223267,6.260551929473877,1.1300063133239746,-0.9121778011322021,0.16138538718223572,0.8040673732757568,0.21820229291915894,-0.6247466802597046
10.93,-1.3410704135894775,-0.4319759011268616,6.262133598327637,1.1380152702331543,-0.9099793434143066,0.15514284372329712,0.7976921200752258,0.22137698531150818,-0.6233406066894531
10.94,-1.3296505212783813,-0.4410635232925415,6.2636542320251465,1.1459591388702393,-0.9077500700950623,0.14891836047172546,0.7912703156471252,0.2245429903268814,-0.6219102144241333
10.950000000000001,-1.3181514739990234,-0.45013076066970825,6.26511287689209,1.1538395881652832,-0.9054892659187317,0.142706036567688,0.7848024368286133,0.2277013212442398,-0.6204548478126526
10.96,-1.3065732717514038,-0.4591748118400574,6.26650857925415,1.161656141281128,-0.9031960964202881,0.1365087479352951,0.7782883048057556,0.23085106909275055,-0.6189746856689453
10.97,-1.2949179410934448,-0.4681946039199829,6.267843246459961,1.169406533241272,-0.9008721709251404,0.13032644987106323,0.7717297673225403,0.23399221897125244,-0.6174700260162354
10.98,-1.2831865549087524,-0.47719091176986694,6.2691144943237305,1.1770899295806885,-0.8985163569450378,0.1241595447063446,0.7651273012161255,0.2371245175600052,-0.6159409284591675
10.99,-1.2713770866394043,-0.486164927482605,6.270325660705566,1.1847081184387207,-0.8961294889450073,0.11800742149353027,0.758479654788971,0.24024811387062073,-0.6143878698348999
11.0,-1.259492039680481,-0.49511367082595825,6.271475791931152,1.1922595500946045,-0.8937116861343384,0.11187094449996948,0.751788854598999,0.24336247146129608,-0.6128107309341431
11.01,-1.247531533241272,-0.5040391683578491,6.272563457489014,1.1997437477111816,-0.8912621140480042,0.10575109720230103,0.7450546026229858,0.24646763503551483,-0.6112093925476074
11.02,-1.2354968786239624,-0.5129388570785522,6.273591041564941,1.2071607112884521,-0.8887822031974792,0.0996466875076294,0.738278329372406,0.24956335127353668,-0.6095843315124512
11.03,-1.2233890295028687,-0.5218133926391602,6.2745561599731445,1.2145096063613892,-0.8862709999084473,0.09355919063091278,0.7314605116844177,0.2526494264602661,-0.6079356670379639
11.040000000000001,-1.2112067937850952,-0.530664324760437,6.275461673736572,1.221789836883545,-0.8837291598320007,0.08748768270015717,0.7246002554893494,0.2557259500026703,-0.6062633991241455
11.05,-1.1989529132843018,-0.5394896268844604,6.276305675506592,1.229001522064209,-0.8811565041542053,0.08143383264541626,0.7176994681358337,0.258792519569397,-0.6045675277709961
11.06,-1.1866270303726196,-0.5482872724533081,6.277090549468994,1.2361440658569336,-0.8785531520843506,0.07539625465869904,0.71075838804245,0.2618488371372223,-0.6028487682342529
11.07,-1.174230933189392,-0.5570594072341919,6.277814865112305,1.243215799331665,-0.8759196996688843,0.06937821209430695,0.7037774920463562,0.2648950517177582,-0.6011070013046265
11.08,-1.1617637872695923,-0.565805971622467,6.278478145599365,1.2502186298370361,-0.8732555508613586,0.06337577104568481,0.6967570185661316,0.26793092489242554,-0.5993419885635376
11.09,-1.1492263078689575,-0.5745258331298828,6.279082298278809,1.2571508884429932,-0.8705611228942871,0.05739128589630127,0.689697265625,0.27095621824264526,-0.5975539684295654
11.1,-1.136620283126831,-0.5832171440124512,6.27962589263916,1.2640125751495361,-0.8678362369537354,0.05142460763454437,0.6825997233390808,0.2739706337451935,-0.5957434177398682
11.11,-1.1239466667175293,-0.5918805003166199,6.2801103591918945,1.2708032131195068,-0.8650814890861511,0.04547618329524994,0.6754647493362427,0.27697378396987915,-0.593910276889801
11.120000000000001,-1.1112045049667358,-0.600519061088562,6.280535697937012,1.2775219678878784,-0.8622970581054688,0.03954616189002991,0.6682916283607483,0.2799668312072754,-0.5920548439025879
11.13,-1.0983960628509521,-0.6091268062591553,6.2809014320373535,1.2841689586639404,-0.859481930732727,0.03363499045372009,0.6610822677612305,0.28294801712036133,-0.590177059173584
11.14,-1.08552086353302,-0.617708683013916,6.281208038330078,1.2907435894012451,-0.8566380739212036,0.02774253487586975,0.6538362503051758,0.2859181761741638,-0.5882771611213684
11.15,-1.0725822448730469,-0.6262596249580383,6.281455993652344,1.297244906425476,-0.8537644147872925,0.021869145333766937,0.6465558409690857,0.2888762354850769,-0.5863553285598755
11.16,-1.059577465057373,-0.6347817182540894,6.281645774841309,1.3036739826202393,-0.8508603572845459,0.016014888882637024,0.6392396092414856,0.2918228209018707,-0.5844117403030396
11.17,-1.0465081930160522,-0.6432768106460571,6.281776428222656,1.3100305795669556,-0.8479278683662415,0.010180898010730743,0.631888210773468,0.2947578728199005,-0.5824464559555054
11.18,-1.0333762168884277,-0.6517423987388611,6.281849384307861,1.3163127899169922,-0.8449651002883911,0.004365906119346619,0.6245033740997314,0.29768112301826477,-0.5804598331451416
11.19,-1.0201823711395264,-0.6601760387420654,6.281864166259766,1.3225197792053223,-0.841974139213562,-0.0014266669750213623,0.617085337638855,0.30059149861335754,-0.5784519910812378
11.200000000000001,-1.0069265365600586,-0.6685799360275269,6.281821250915527,1.3286535739898682,-0.8389534950256348,-0.007201522588729858,0.6096342206001282,0.3034897744655609,-0.5764228105545044
11.21,-0.993609607219696,-0.6769551038742065,6.281720161437988,1.3347125053405762,-0.8359041213989258,-0.012955255806446075,0.6021507978439331,0.30637580156326294,-0.574372410774231
11.22,-0.9802318215370178,-0.6852998733520508,6.281562328338623,1.3406964540481567,-0.8328264355659485,-0.01868905872106552,0.5946351289749146,0.30924925208091736,-0.5723013281822205
11.23,-0.966796338558197,-0.693611741065979,6.281346321105957,1.3466055393218994,-0.8297194838523865,-0.024401813745498657,0.5870891809463501,0.3121095895767212,-0.5702093839645386
11.24,-0.9533011317253113,-0.701892614364624,6.281073570251465,1.3524386882781982,-0.8265840411186218,-0.030093558132648468,0.5795120000839233,0.31495705246925354,-0.5680968761444092
11.25,-0.9397473335266113,-0.7101434469223022,6.280744552612305,1.3581957817077637,-0.8234202861785889,-0.03576381504535675,0.5719043016433716,0.31779155135154724,-0.5659641027450562
11.26,-0.9261367917060852,-0.718360960483551,6.28035831451416,1.3638765811920166,-0.820228099822998,-0.04141288995742798,0.5642673969268799,0.3206126093864441,-0.5638109445571899
11.27,-0.9124694466590881,-0.72654789686203,6.279916763305664,1.369480848312378,-0.817007839679718,-0.04704054445028305,0.5566011667251587,0.3234204053878784,-0.5616377592086792
11.28,-0.8987478017807007,-0.7347014546394348,6.279417514801025,1.3750078678131104,-0.8137599229812622,-0.052645884454250336,0.5489075183868408,0.32621461153030396,-0.5594446659088135
11.290000000000001,-0.8849703073501587,-0.7428234815597534,6.278863430023193,1.3804583549499512,-0.8104838132858276,-0.05822969228029251,0.5411853194236755,0.3289951682090759,-0.5572317838668823
11.3,-0.8711383938789368,-0.7509109973907471,6.278253078460693,1.3858314752578735,-0.8071799278259277,-0.06379058212041855,0.5334353446960449,0.3317616581916809,-0.5549992918968201
11.31,-0.8572533130645752,-0.7589669227600098,6.277587890625,1.391127109527588,-0.8038485050201416,-0.06932979822158813,0.5256591439247131,0.334514319896698,-0.552747368812561
11.32,-0.8433164358139038,-0.7669882774353027,6.276867389678955,1.396344780921936,-0.8004899024963379,-0.07484430074691772,0.517856776714325,0.33725273609161377,-0.5504768490791321
11.33,-0.8293273448944092,-0.774975061416626,6.2760910987854,1.401484489440918,-0.7971032857894897,-0.0803377628326416,0.5100287199020386,0.33997663855552673,-0.5481866002082825
11.34,-0.8152869939804077,-0.7829302549362183,6.275260925292969,1.406545639038086,-0.7936903238296509,-0.08580809831619263,0.5021756291389465,0.34268641471862793,-0.5458774566650391
11.35,-0.8011960387229919,-0.7908508777618408,6.2743754386901855,1.4115278720855713,-0.7902498841285706,-0.09125539660453796,0.49429744482040405,0.345381498336792,-0.5435494780540466
11.36,-0.7870572209358215,-0.7987346649169922,6.273435592651367,1.4164307117462158,-0.7867827415466309,-0.09667934477329254,0.48639675974845886,0.34806132316589355,-0.541202962398529
11.370000000000001,-0.7728686332702637,-0.8065851926803589,6.272441387176514,1.4212552309036255,-0.7832888960838318,-0.10207971930503845,0.4784718155860901,0.3507269024848938,-0.5388380289077759
11.38,-0.7586311101913452,-0.8144007921218872,6.271393775939941,1.4260010719299316,-0.7797679305076599,-0.10745617747306824,0.47052326798439026,0.35337716341018677,-0.5364548563957214
11.39,-0.7443477511405945,-0.8221820592880249,6.270292282104492,1.4306666851043701,-0.7762213349342346,-0.11280886828899384,0.46255338191986084,0.35601240396499634,-0.5340535044670105
11.4,-0.7300190925598145,-0.8299251198768616,6.269137382507324,1.4352513551712036,-0.7726481556892395,-0.11813747137784958,0.454562246799469,0.3586316704750061,-0.5316343307495117
11.41,-0.7156440615653992,-0.8376328349113464,6.267929553985596,1.4397571086883545,-0.7690486907958984,-0.12344212830066681,0.4465496838092804,0.36123576760292053,-0.5291973948478699
11.42,-0.7012240886688232,-0.8453069925308228,6.266668319702148,1.4441825151443481,-0.7654235363006592,-0.1287214756011963,0.4385165572166443,0.36382487416267395,-0.5267428755760193
11.43,-0.6867599487304688,-0.8529417514801025,6.265355110168457,1.4485273361206055,-0.7617718577384949,-0.133977010846138,0.4304629862308502,0.3663974106311798,-0.5242710113525391
11.44,-0.6722542643547058,-0.8605417013168335,6.263989448547363,1.4527920484542847,-0.7580956220626831,-0.1392054557800293,0.42239120602607727,0.3689541816711426,-0.5217825174331665
11.450000000000001,-0.65770423412323,-0.8681034445762634,6.262571811676025,1.4569753408432007,-0.7543932199478149,-0.14441123604774475,0.41429948806762695,0.3714948892593384,-0.5192763805389404
11.46,-0.6431139707565308,-0.8756279945373535,6.261101722717285,1.4610779285430908,-0.750665545463562,-0.14959101378917694,0.40619009733200073,0.3740193843841553,-0.5167533159255981
11.47,-0.6284829378128052,-0.883116602897644,6.259580135345459,1.4650993347167969,-0.7469127178192139,-0.15474635362625122,0.39806312322616577,0.37652769684791565,-0.5142135620117188
11.48,-0.6138131618499756,-0.8905660510063171,6.258007049560547,1.469038486480713,-0.7431348562240601,-0.15987586975097656,0.3899194896221161,0.3790193498134613,-0.5116573572158813
11.49,-0.5991033911705017,-0.897979736328125,6.256381988525391,1.4728970527648926,-0.7393326759338379,-0.16497968137264252,0.38175898790359497,0.3814947009086609,-0.5090846419334412
11.5,-0.5843554139137268,-0.9053531289100647,6.254706859588623,1.4766738414764404,-0.7355053424835205,-0.17005763947963715,0.37358251214027405,0.3839529752731323,-0.5064959526062012
11.51,-0.5695696473121643,-0.9126896262168884,6.252981185913086,1.4803686141967773,-0.7316535711288452,-0.17510975897312164,0.3653903901576996,0.38639453053474426,-0.5038911700248718
11.52,-0.5547477602958679,-0.919987678527832,6.251204490661621,1.4839816093444824,-0.727777361869812,-0.18013602495193481,0.3571837544441223,0.3888190686702728,-0.5012706518173218
11.53,-0.5398901700973511,-0.9272450804710388,6.249378204345703,1.487512469291687,-0.7238770723342896,-0.18513569235801697,0.3489631116390228,0.39122626185417175,-0.4986344575881958
11.540000000000001,-0.5249976515769958,-0.9344640374183655,6.247501850128174,1.4909610748291016,-0.7199531197547913,-0.19010847806930542,0.3407288193702698,0.39361631870269775,-0.4959827959537506
11.55,-0.5100710391998291,-0.941644012928009,6.24557638168335,1.4943273067474365,-0.7160046100616455,-0.19505539536476135,0.3324814438819885,0.395988792181015,-0.49331599473953247
11.56,-0.4951108992099762,-0.9487839937210083,6.243600845336914,1.4976105690002441,-0.7120331525802612,-0.19997531175613403,0.3242213726043701,0.3983438313007355,-0.4906339645385742
11.57,-0.4801201820373535,-0.955885648727417,6.241577625274658,1.5008111000061035,-0.7080384492874146,-0.2048667073249817,0.31595054268836975,0.40068137645721436,-0.48793789744377136
11.58,-0.46509605646133423,-0.9629445672035217,6.239504337310791,1.5039288997650146,-0.7040194869041443,-0.20973271131515503,0.30766722559928894,0.4030005931854248,-0.48522624373435974
11.59,-0.45004063844680786,-0.9699642658233643,6.237382888793945,1.5069652795791626,-0.699978232383728,-0.21457131206989288,0.2993731200695038,0.40530213713645935,-0.48250019550323486
11.6,-0.43495607376098633,-0.976944088935852,6.235212802886963,1.5099174976348877,-0.6959133148193359,-0.21938277781009674,0.2910692095756531,0.4075855016708374,-0.4797596335411072
11.61,-0.4198437035083771,-0.9838820099830627,6.23299503326416,1.5127859115600586,-0.6918267011642456,-0.22416670620441437,0.28275641798973083,0.40985047817230225,-0.47700491547584534
11.620000000000001,-0.4047011733055115,-0.9907808899879456,6.230730056762695,1.5155720710754395,-0.6877166032791138,-0.22892333567142487,0.27443382143974304,0.4120977520942688,-0.4742363393306732
11.63,-0.38953185081481934,-0.9976366758346558,6.228416442871094,1.5182747840881348,-0.6835843324661255,-0.2336515188217163,0.266103059053421,0.4143260419368744,-0.47145384550094604
11.64,-0.37433555722236633,-1.0044530630111694,6.2260565757751465,1.5208938121795654,-0.679430365562439,-0.23835253715515137,0.25776398181915283,0.4165361225605011,-0.46865782141685486
11.65,-0.3591146171092987,-1.0112252235412598,6.223649024963379,1.5234304666519165,-0.675254225730896,-0.24302491545677185,0.24941839277744293,0.4187268316745758,-0.46584823727607727
11.66,-0.3438675105571747,-1.0179575681686401,6.221195697784424,1.525882601737976,-0.6710559725761414,-0.2476697564125061,0.24106541275978088,0.4208991527557373,-0.4630254805088043
11.67,-0.32859668135643005,-1.0246467590332031,6.218695640563965,1.5282516479492188,-0.6668357849121094,-0.2522854208946228,0.23270659148693085,0.4230526387691498,-0.46018970012664795
11.68,-0.3133026361465454,-1.031294584274292,6.216150283813477,1.5305368900299072,-0.6625945568084717,-0.25687357783317566,0.22434216737747192,0.4251869320869446,-0.4573410451412201
11.69,-0.2979873716831207,-1.0378985404968262,6.213560104370117,1.5327379703521729,-0.6583326458930969,-0.26143133640289307,0.2159733772277832,0.4273017346858978,-0.45448067784309387
11.700000000000001,-0.2826487720012665,-1.0444612503051758,6.2109222412109375,1.534855842590332,-0.6540490388870239,-0.2659618854522705,0.20759940147399902,0.4293975234031677,-0.45160675048828125
11.71,-0.26728948950767517,-1.0509793758392334,6.208240509033203,1.536889672279358,-0.6497445702552795,-0.2704635262489319,0.1992214024066925,0.43147367238998413,-0.4487206041812897
11.72,-0.25191065669059753,-1.0574564933776855,6.205513000488281,1.5388400554656982,-0.6454192399978638,-0.27493637800216675,0.1908404678106308,0.43353071808815,-0.4458223879337311
11.73,-0.23651373386383057,-1.063887596130371,6.2027411460876465,1.5407072305679321,-0.6410738229751587,-0.27938011288642883,0.18245720863342285,0.43556734919548035,-0.44291216135025024
11.74,-0.22109714150428772,-1.0702779293060303,6.199925422668457,1.5424895286560059,-0.6367083787918091,-0.2837948203086853,0.17407099902629852,0.4375848174095154,-0.43999022245407104
11.75,-0.20566362142562866,-1.0766215324401855,6.197065353393555,1.5441884994506836,-0.6323221325874329,-0.28818005323410034,0.1656835675239563,0.43958187103271484,-0.43705669045448303
11.76,-0.1902134120464325,-1.0829225778579712,6.194161415100098,1.5458035469055176,-0.6279166340827942,-0.2925359606742859,0.1572950780391693,0.4415592849254608,-0.4341118335723877
11.77,-0.17474722862243652,-1.0891804695129395,6.191214561462402,1.54733407497406,-0.6234911680221558,-0.29686233401298523,0.14890581369400024,0.4435165226459503,-0.4311559200286865
11.78,-0.15926820039749146,-1.0953923463821411,6.1882243156433105,1.548781156539917,-0.6190462112426758,-0.3011596202850342,0.1405179798603058,0.44545331597328186,-0.4281887710094452
11.790000000000001,-0.14377257227897644,-1.1015617847442627,6.1851911544799805,1.5501439571380615,-0.6145824193954468,-0.3054262399673462,0.13212943077087402,0.44737014174461365,-0.42521101236343384
11.8,-0.1282637119293213,-1.107683777809143,6.18211555480957,1.551424264907837,-0.6100987195968628,-0.3096638321876526,0.12374190986156464,0.4492660462856293,-0.4222226142883301
11.81,-0.11274328827857971,-1.113763689994812,6.178997993469238,1.5526199340820312,-0.6055969595909119,-0.31387126445770264,0.11535680294036865,0.4511417746543884,-0.41922375559806824
11.82,-0.09721288084983826,-1.1197962760925293,6.175839424133301,1.553731083869934,-0.6010761260986328,-0.3180471658706665,0.10697464644908905,0.4529966115951538,-0.4162158668041229
11.83,-0.08167019486427307,-1.1257851123809814,6.172638416290283,1.554758906364441,-0.5965369939804077,-0.3221938908100128,0.09859474003314972,0.45483073592185974,-0.4131968915462494
11.84,-0.06611743569374084,-1.1317273378372192,6.169395923614502,1.555702805519104,-0.5919798612594604,-0.3263111710548401,0.09021799266338348,0.4566439688205719,-0.4101680815219879
11.85,-0.05055588483810425,-1.1376229524612427,6.166111946105957,1.556563138961792,-0.5874038934707642,-0.3303977847099304,0.08184552192687988,0.45843589305877686,-0.4071294665336609
11.86,-0.034987062215805054,-1.1434752941131592,6.162787437438965,1.5573405027389526,-0.5828109979629517,-0.33445388078689575,0.07347802817821503,0.4602072238922119,-0.40408146381378174
11.870000000000001,-0.01940968632698059,-1.1492812633514404,6.159422874450684,1.5580331087112427,-0.5781999826431274,-0.3384799063205719,0.06511493772268295,0.46195724606513977,-0.4010242819786072
11.88,-0.003825545310974121,-1.1550393104553223,6.156017780303955,1.5586425065994263,-0.5735716819763184,-0.34247446060180664,0.056757763028144836,0.4636857509613037,-0.39795801043510437
11.89,0.01176375150680542,-1.1607508659362793,6.152573108673096,1.5591683387756348,-0.5689262747764587,-0.34643909335136414,0.048406846821308136,0.4653927981853485,-0.3948829174041748
11.9,0.027356326580047607,-1.1664162874221802,6.1490888595581055,1.5596102476119995,-0.5642645359039307,-0.3503722846508026,0.04006338119506836,0.467078298330307,-0.3917990028858185
11.91,0.04295426607131958,-1.1720378398895264,6.145565032958984,1.559969425201416,-0.5595852732658386,-0.3542752265930176,0.03172658383846283,0.4687426686286926,-0.3887067437171936
11.92,0.05855587124824524,-1.1776096820831299,6.142003059387207,1.5602445602416992,-0.5548893213272095,-0.3581465482711792,0.023397348821163177,0.4703851640224457,-0.38560622930526733
11.93,0.07415956258773804,-1.1831343173980713,6.138402462005615,1.5604370832443237,-0.5501771569252014,-0.3619874119758606,0.015076741576194763,0.4720057249069214,-0.38249754905700684
11.94,0.0897638201713562,-1.1886118650436401,6.134764671325684,1.5605469942092896,-0.5454497337341309,-0.36579573154449463,0.006765477359294891,0.4736042618751526,-0.37938207387924194
11.950000000000001,0.10536986589431763,-1.1940428018569946,6.131087779998779,1.5605727434158325,-0.5407053232192993,-0.36957401037216187,-0.001536928117275238,0.4751809537410736,-0.3762578070163727
11.96,0.1209760308265686,-1.1994273662567139,6.127373695373535,1.5605159997940063,-0.5359460115432739,-0.37332087755203247,-0.009829163551330566,0.4767358899116516,-0.37312614917755127
11.97,0.1365809440612793,-1.204762578010559,6.123621463775635,1.5603759288787842,-0.5311705470085144,-0.37703660130500793,-0.01811107248067856,0.478268563747406,-0.36998695135116577
11.98,0.1521819829940796,-1.210049033164978,6.119832515716553,1.5601534843444824,-0.5263805985450745,-0.3807207942008972,-0.026380635797977448,0.4797784984111786,-0.3668407201766968
11.99,0.16778212785720825,-1.2152901887893677,6.116006851196289,1.559848427772522,-0.5215755701065063,-0.3843734860420227,-0.034639522433280945,0.48126670718193054,-0.3636874556541443
12.0,0.18337911367416382,-1.2204819917678833,6.112144947052002,1.5594605207443237,-0.5167551040649414,-0.387994647026062,-0.042886510491371155,0.4827321171760559,-0.36052775382995605
12.01,0.19897258281707764,-1.2256251573562622,6.108246803283691,1.5589911937713623,-0.5119208097457886,-0.39158451557159424,-0.05112122744321823,0.4841752052307129,-0.357361376285553
12.02,0.21456009149551392,-1.2307190895080566,6.104312896728516,1.558439016342163,-0.5070711970329285,-0.39514195919036865,-0.059342242777347565,0.48559555411338806,-0.3541886806488037
12.030000000000001,0.2301398515701294,-1.2357665300369263,6.100343704223633,1.5578041076660156,-0.5022088885307312,-0.39866840839385986,-0.06754866242408752,0.48699334263801575,-0.3510095179080963
12.040000000000001,0.24571454524993896,-1.2407655715942383,6.096339225769043,1.557087779045105,-0.49733224511146545,-0.40216222405433655,-0.07574161887168884,0.48836851119995117,-0.34782472252845764
12.05,0.2612822651863098,-1.2457129955291748,6.0923004150390625,1.5562889575958252,-0.4924413859844208,-0.4056249260902405,-0.08392006903886795,0.4897204041481018,-0.3446340560913086
12.06,0.27684104442596436,-1.250612735748291,6.088227272033691,1.5554090738296509,-0.48753777146339417,-0.4090549349784851,-0.09208299219608307,0.4910496473312378,-0.3414379954338074
12.07,0.29238981008529663,-1.2554625272750854,6.084120750427246,1.5544482469558716,-0.4826207160949707,-0.41245272755622864,-0.10022983700037003,0.49235570430755615,-0.33823737502098083
12.08,0.30792951583862305,-1.2602649927139282,6.07997989654541,1.5534048080444336,-0.4776906371116638,-0.4158191680908203,-0.10836076736450195,0.49363893270492554,-0.33503082394599915
12.09,0.32345807552337646,-1.2650178670883179,6.075804710388184,1.5522806644439697,-0.4727477729320526,-0.41915345191955566,-0.11647472530603409,0.4948989450931549,-0.33181893825531006
12.1,0.33897531032562256,-1.2697198390960693,6.07159423828125,1.5510751008987427,-0.4677925705909729,-0.4224565923213959,-0.12457157671451569,0.49613556265830994,-0.32860130071640015
12.11,0.35447806119918823,-1.2743728160858154,6.067355155944824,1.5497891902923584,-0.46282535791397095,-0.42572563886642456,-0.13264937698841095,0.4973490238189697,-0.3253811299800873
12.120000000000001,0.36996930837631226,-1.2789767980575562,6.063081741333008,1.5484225749969482,-0.4578457772731781,-0.4289632737636566,-0.14070983231067657,0.49853914976119995,-0.32215577363967896
12.13,0.3854471445083618,-1.2835310697555542,6.058775901794434,1.5469746589660645,-0.4528544247150421,-0.43216875195503235,-0.14875167608261108,0.49970579147338867,-0.3189259469509125
12.14,0.400909423828125,-1.2880337238311768,6.054437637329102,1.5454471111297607,-0.44785159826278687,-0.43534231185913086,-0.15677393972873688,0.5008487105369568,-0.3156921863555908
12.15,0.4163556694984436,-1.2924859523773193,6.050068378448486,1.543839693069458,-0.4428378641605377,-0.4384830892086029,-0.16477623581886292,0.5019679069519043,-0.312454491853714
12.16,0.43178582191467285,-1.2968909740447998,6.045668125152588,1.5421520471572876,-0.437812477350235,-0.4415910840034485,-0.17275837063789368,0.5030641555786133,-0.30921342968940735
12.17,0.447198748588562,-1.3012440204620361,6.041236877441406,1.5403847694396973,-0.43277597427368164,-0.44466739892959595,-0.18071958422660828,0.5041360855102539,-0.3059687614440918
12.18,0.462593674659729,-1.3055462837219238,6.036774158477783,1.5385375022888184,-0.4277297258377075,-0.4477108418941498,-0.18865962326526642,0.5051844716072083,-0.3027207851409912
12.19,0.47796785831451416,-1.309798002243042,6.032283782958984,1.5366113185882568,-0.4226733446121216,-0.45072099566459656,-0.1965767741203308,0.5062087774276733,-0.29947108030319214
12.200000000000001,0.4933241009712219,-1.313997745513916,6.027759552001953,1.5346063375473022,-0.4176059365272522,-0.4537004232406616,-0.20447257161140442,0.5072089433670044,-0.29621586203575134
12.21,0.5086613297462463,-1.3181499242782593,6.023207664489746,1.5325223207473755,-0.4125290811061859,-0.4566463232040405,-0.21234655380249023,0.5081857442855835,-0.2929595708847046
12.22,0.5239764451980591,-1.3222500085830688,6.0186262130737305,1.5303595066070557,-0.4074416756629944,-0.4595596492290497,-0.22019639611244202,0.5091382265090942,-0.28970059752464294
12.23,0.5392674207687378,-1.326298713684082,6.014018535614014,1.5281181335449219,-0.40234625339508057,-0.4624395966529846,-0.22802162170410156,0.5100665092468262,-0.28644073009490967
12.24,0.5545372366905212,-1.3302956819534302,6.0093793869018555,1.5257989168167114,-0.3972410261631012,-0.46528804302215576,-0.23582348227500916,0.5109706521034241,-0.28317734599113464
12.25,0.5697835087776184,-1.3342432975769043,6.0047125816345215,1.5234019756317139,-0.39212673902511597,-0.4681031405925751,-0.24360069632530212,0.5118506550788879,-0.27991238236427307
12.26,0.5850054025650024,-1.3381402492523193,6.000017166137695,1.520926594734192,-0.38700419664382935,-0.4708862602710724,-0.2513527274131775,0.5127066373825073,-0.2766454219818115
12.27,0.6002020835876465,-1.341983437538147,5.99529504776001,1.5183746814727783,-0.38187217712402344,-0.47363606095314026,-0.2590791881084442,0.5135378837585449,-0.2733771502971649
12.280000000000001,0.6153725385665894,-1.3457759618759155,5.990544319152832,1.5157456398010254,-0.3767333924770355,-0.4763539731502533,-0.26677942276000977,0.5143448710441589,-0.2701071500778198
12.290000000000001,0.6305165886878967,-1.3495182991027832,5.985767364501953,1.513039469718933,-0.3715858459472656,-0.4790382981300354,-0.27445322275161743,0.5151274800300598,-0.2668364942073822
12.3,0.6456332802772522,-1.3532092571258545,5.980963706970215,1.5102568864822388,-0.36643072962760925,-0.4816906154155731,-0.28210002183914185,0.515885591506958,-0.2635646462440491
12.31,0.6607223153114319,-1.356846809387207,5.976133346557617,1.507397174835205,-0.3612681031227112,-0.48430970311164856,-0.2897195518016815,0.516619086265564,-0.2602923512458801
12.32,0.6757801175117493,-1.360433578491211,5.971276760101318,1.5044622421264648,-0.35609859228134155,-0.4868966042995453,-0.29731011390686035,0.517328143119812,-0.25701889395713806
12.33,0.690809965133667,-1.363967776298523,5.966395378112793,1.5014514923095703,-0.3509218692779541,-0.4894504249095917,-0.3048732578754425,0.5180124044418335,-0.2537456452846527
12.34,0.7058092951774597,-1.3674533367156982,5.961487770080566,1.4983646869659424,-0.3457382023334503,-0.49197158217430115,-0.31240761280059814,0.5186723470687866,-0.25047194957733154
12.35,0.7207773327827454,-1.3708839416503906,5.956555366516113,1.4952030181884766,-0.3405482769012451,-0.4944598972797394,-0.3199126720428467,0.5193071961402893,-0.24719855189323425
12.36,0.7357129454612732,-1.3742632865905762,5.951600074768066,1.4919668436050415,-0.33535242080688477,-0.49691489338874817,-0.3273880183696747,0.5199174880981445,-0.2439262568950653
12.370000000000001,0.7506163120269775,-1.3775891065597534,5.946619033813477,1.488655686378479,-0.33014994859695435,-0.4993378520011902,-0.3348333239555359,0.5205025672912598,-0.240653395652771
12.38,0.7654861807823181,-1.3808660507202148,5.94161319732666,1.485270380973816,-0.3249422609806061,-0.5017280578613281,-0.3422481119632721,0.5210634469985962,-0.23738092184066772
12.39,0.7803223729133606,-1.3840901851654053,5.936584949493408,1.481810450553894,-0.3197287917137146,-0.5040854811668396,-0.34963202476501465,0.5215992331504822,-0.23410943150520325
12.4,0.7951212525367737,-1.3872603178024292,5.9315314292907715,1.4782776832580566,-0.31451064348220825,-0.5064105987548828,-0.356983482837677,0.5221097469329834,-0.23083838820457458
12.41,0.8098862767219543,-1.3903794288635254,5.926455974578857,1.4746708869934082,-0.309286892414093,-0.5087023377418518,-0.3643040955066681,0.5225958824157715,-0.22756898403167725
12.42,0.8246161937713623,-1.3934460878372192,5.921357154846191,1.4709917306900024,-0.3040581941604614,-0.5109620690345764,-0.371593177318573,0.5230565667152405,-0.22430071234703064
12.43,0.8393075466156006,-1.396462082862854,5.91623592376709,1.467239499092102,-0.29882562160491943,-0.5131886601448059,-0.3788488507270813,0.523492693901062,-0.22103387117385864
12.44,0.853959321975708,-1.3994230031967163,5.911093235015869,1.4634147882461548,-0.2935889959335327,-0.5153826475143433,-0.38607057929039,0.5239032506942749,-0.21776869893074036
12.450000000000001,0.8685740828514099,-1.402331829071045,5.905928611755371,1.459518313407898,-0.2883480191230774,-0.5175437331199646,-0.3932597041130066,0.5242888927459717,-0.21450576186180115
12.46,0.8831497430801392,-1.4051908254623413,5.900742053985596,1.455549955368042,-0.28310298919677734,-0.5196728706359863,-0.4004148840904236,0.5246498584747314,-0.2112446129322052
12.47,0.8976852893829346,-1.4079954624176025,5.895534515380859,1.451509714126587,-0.27785444259643555,-0.5217690467834473,-0.4075358510017395,0.5249851942062378,-0.20798569917678833
12.48,0.9121800661087036,-1.4107475280761719,5.890308380126953,1.4473994970321655,-0.27260369062423706,-0.5238320827484131,-0.41462206840515137,0.5252954959869385,-0.20473068952560425
12.49,0.926633358001709,-1.4134464263916016,5.885059833526611,1.4432176351547241,-0.2673492431640625,-0.5258634090423584,-0.4216731786727905,0.5255805253982544,-0.20147687196731567
12.5,0.9410445690155029,-1.4160926342010498,5.879791259765625,1.438965916633606,-0.2620921730995178,-0.5278615951538086,-0.42868882417678833,0.5258403420448303,-0.19822609424591064
12.51,0.9554128646850586,-1.4186879396438599,5.874503135681152,1.4346442222595215,-0.2568323612213135,-0.5298280715942383,-0.43566858768463135,0.5260751247406006,-0.19497805833816528
12.52,0.9697375297546387,-1.4212309122085571,5.869194984436035,1.430252194404602,-0.25157004594802856,-0.5317612886428833,-0.44261205196380615,0.5262846946716309,-0.1917334496974945
12.530000000000001,0.9840162992477417,-1.423720121383667,5.863866806030273,1.4257919788360596,-0.2463068962097168,-0.5336626768112183,-0.4495180547237396,0.5264688730239868,-0.1884915828704834
12.540000000000001,0.998251736164093,-1.426155924797058,5.858521461486816,1.4212620258331299,-0.2410414218902588,-0.5355314612388611,-0.45638781785964966,0.5266276597976685,-0.18525388836860657
12.55,1.012441635131836,-1.428540825843811,5.853156089782715,1.4166641235351562,-0.23577430844306946,-0.5373678207397461,-0.4632202982902527,0.5267612934112549,-0.18201959133148193
12.56,1.0265856981277466,-1.4308727979660034,5.847773551940918,1.4119977951049805,-0.23050600290298462,-0.5391719341278076,-0.4700149893760681,0.5268695950508118,-0.17878949642181396
12.57,1.0406817197799683,-1.4331505298614502,5.842371940612793,1.4072641134262085,-0.22523686289787292,-0.5409436225891113,-0.47677141427993774,0.5269523859024048,-0.1755627989768982
12.58,1.0547306537628174,-1.435376524925232,5.836954116821289,1.4024627208709717,-0.21996721625328064,-0.5426831245422363,-0.48348939418792725,0.5270100831985474,-0.1723410040140152
12.59,1.0687310695648193,-1.4375505447387695,5.831518650054932,1.3975944519042969,-0.21469682455062866,-0.5443904399871826,-0.4901685118675232,0.5270423293113708,-0.1691233366727829
12.6,1.0826826095581055,-1.4396718740463257,5.826066493988037,1.3926591873168945,-0.20942622423171997,-0.546065628528595,-0.49680835008621216,0.5270492434501648,-0.16591060161590576
12.61,1.0965826511383057,-1.441739797592163,5.820599555969238,1.3876585960388184,-0.20415598154067993,-0.5477086901664734,-0.5034078359603882,0.5270308256149292,-0.1627035290002823
12.620000000000001,1.1104340553283691,-1.4437532424926758,5.815114498138428,1.3825912475585938,-0.1988857388496399,-0.5493193864822388,-0.509968101978302,0.5269865393638611,-0.15950050950050354
12.63,1.124235987663269,-1.4457156658172607,5.809613227844238,1.377459168434143,-0.19361639022827148,-0.5508987903594971,-0.5164890289306641,0.5269173383712769,-0.1563023179769516
12.64,1.1379848718643188,-1.4476253986358643,5.804096221923828,1.3722620010375977,-0.18834733963012695,-0.5524455308914185,-0.5229685306549072,0.5268224477767944,-0.15310975909233093
12.65,1.1516801118850708,-1.4494839906692505,5.798563003540039,1.366999864578247,-0.18308019638061523,-0.553960919380188,-0.5294063091278076,0.5267025232315063,-0.14992199838161469
12.66,1.1653237342834473,-1.4512884616851807,5.79301643371582,1.3616739511489868,-0.1778135895729065,-0.5554439425468445,-0.5358034372329712,0.526557207107544,-0.1467406153678894
12.67,1.1789135932922363,-1.4530385732650757,5.787454605102539,1.3562835454940796,-0.17254874110221863,-0.5568957328796387,-0.5421589016914368,0.5263859629631042,-0.14356467127799988
12.68,1.1924494504928589,-1.4547392129898071,5.781878471374512,1.3508305549621582,-0.16728585958480835,-0.5583152770996094,-0.5484724640846252,0.526189923286438,-0.1403951346874237
12.69,1.2059301137924194,-1.4563863277435303,5.776288032531738,1.3453152179718018,-0.16202542185783386,-0.5597035884857178,-0.5547438859939575,0.5259681940078735,-0.13723105192184448
12.700000000000001,1.2193554639816284,-1.457979440689087,5.770684242248535,1.3397361040115356,-0.15676695108413696,-0.5610600709915161,-0.5609725117683411,0.52572101354599,-0.13407401740550995
12.71,1.232724905014038,-1.4595201015472412,5.765066623687744,1.3340954780578613,-0.15151065587997437,-0.562385082244873,-0.5671582221984863,0.5254484415054321,-0.13092313706874847
12.72,1.2460376024246216,-1.4610096216201782,5.759435653686523,1.3283932209014893,-0.14625751972198486,-0.5636789798736572,-0.573300838470459,0.5251505970954895,-0.12777897715568542
12.73,1.259291648864746,-1.462445855140686,5.7537946701049805,1.322629690170288,-0.141008198261261,-0.5649404525756836,-0.579399049282074,0.5248274803161621,-0.12464316189289093
12.74,1.272489070892334,-1.4638303518295288,5.748139381408691,1.316805362701416,-0.13576152920722961,-0.5661713480949402,-0.5854542255401611,0.5244788527488708,-0.121513232588768
12.75,1.2856277227401733,-1.465160846710205,5.742471694946289,1.310920238494873,-0.1305185854434967,-0.5673708915710449,-0.5914650559425354,0.5241048336029053,-0.11839012801647186
12.76,1.2987074851989746,-1.4664390087127686,5.736791610717773,1.3049757480621338,-0.12527906894683838,-0.5685393810272217,-0.5974316000938416,0.5237054228782654,-0.11527436971664429
12.77,1.311727523803711,-1.467667818069458,5.731100559234619,1.2989718914031982,-0.12004384398460388,-0.5696762800216675,-0.6033534407615662,0.5232810378074646,-0.11216650903224945
12.780000000000001,1.3246867656707764,-1.4688420295715332,5.72539758682251,1.2929092645645142,-0.1148139238357544,-0.5707826614379883,-0.6092301607131958,0.5228312015533447,-0.10906568169593811
12.790000000000001,1.33758544921875,-1.4699623584747314,5.719684600830078,1.286787748336792,-0.10958784818649292,-0.5718580484390259,-0.6150616407394409,0.5223556160926819,-0.10597334802150726
12.8,1.3504226207733154,-1.4710321426391602,5.71396017074585,1.2806077003479004,-0.1043669581413269,-0.5729021430015564,-0.6208473443984985,0.5218552350997925,-0.10288873314857483
12.81,1.3631978034973145,-1.472050428390503,5.708226203918457,1.274370551109314,-0.0991503894329071,-0.5739156603813171,-0.6265872716903687,0.5213295221328735,-0.09981264173984528
12.82,1.3759090900421143,-1.4730165004730225,5.702481269836426,1.268076777458191,-0.09394019842147827,-0.5748983025550842,-0.6322804689407349,0.5207785367965698,-0.09674416482448578
12.83,1.3885581493377686,-1.473929762840271,5.696727752685547,1.2617251873016357,-0.08873546123504639,-0.5758504867553711,-0.6379277110099792,0.5202024579048157,-0.09368495643138885
12.84,1.4011449813842773,-1.4747893810272217,5.690964698791504,1.2553179264068604,-0.08353626728057861,-0.5767720341682434,-0.6435292363166809,0.5196006298065186,-0.09063403308391571
12.85,1.413665771484375,-1.4756003618240356,5.685192108154297,1.248854398727417,-0.07834342122077942,-0.5776633024215698,-0.6490827798843384,0.5189743638038635,-0.08759231865406036
12.86,1.4261205196380615,-1.4763569831848145,5.679413318634033,1.2423367500305176,-0.07315689325332642,-0.5785242319107056,-0.6545886993408203,0.5183225274085999,-0.0845603495836258
12.870000000000001,1.4385113716125488,-1.4770631790161133,5.673624038696289,1.2357635498046875,-0.0679769217967987,-0.579354465007782,-0.6600477695465088,0.5176457762718201,-0.08153679966926575
12.88,1.4508357048034668,-1.4777171611785889,5.667826175689697,1.229135513305664,-0.06280413269996643,-0.5801550149917603,-0.6654589176177979,0.5169439315795898,-0.07852216064929962
12.89,1.4630939960479736,-1.4783191680908203,5.662020683288574,1.2224541902542114,-0.057638019323349,-0.5809248685836792,-0.6708223223686218,0.5162167549133301,-0.07551734149456024
12.9,1.475285291671753,-1.4788696765899658,5.656207084655762,1.2157199382781982,-0.05247980356216431,-0.5816652774810791,-0.6761378049850464,0.5154649019241333,-0.0725214034318924
12.91,1.4874086380004883,-1.4793694019317627,5.650386810302734,1.2089316844940186,-0.0473288893699646,-0.582375168800354,-0.6814044117927551,0.5146880149841309,-0.06953601539134979
12.92,1.4994640350341797,-1.479816198348999,5.644559383392334,1.2020915746688843,-0.04218599200248718,-0.583055853843689,-0.6866225004196167,0.5138859152793884,-0.06656017899513245
12.93,1.5114504098892212,-1.4802114963531494,5.638725757598877,1.1951990127563477,-0.03705132007598877,-0.5837064981460571,-0.6917914748191833,0.5130589008331299,-0.06359478831291199
12.94,1.5233664512634277,-1.480557918548584,5.632884979248047,1.1882562637329102,-0.03192538022994995,-0.5843276381492615,-0.6969109177589417,0.5122075080871582,-0.06063888967037201
12.950000000000001,1.5352144241333008,-1.4808521270751953,5.627038955688477,1.181261658668518,-0.02680748701095581,-0.5849194526672363,-0.7019816637039185,0.5113309621810913,-0.05769410729408264
12.96,1.5469917058944702,-1.4810937643051147,5.621186256408691,1.1742162704467773,-0.021698296070098877,-0.5854816436767578,-0.7070026397705078,0.5104294419288635,-0.05475953221321106
12.97,1.5586986541748047,-1.4812843799591064,5.615328788757324,1.167121410369873,-0.016598641872406006,-0.5860146880149841,-0.711974024772644,0.5095031261444092,-0.05183601379394531
12.98,1.5703344345092773,-1.4814250469207764,5.60946798324585,1.1599770784378052,-0.0115090012550354,-0.5865184664726257,-0.7168954610824585,0.5085523724555969,-0.048924073576927185
12.99,1.5818984508514404,-1.4815144538879395,5.60360050201416,1.152783751487732,-0.006428122520446777,-0.5869931578636169,-0.7217667698860168,0.5075766444206238,-0.04602237045764923
13.0,1.5933903455734253,-1.4815547466278076,5.597728252410889,1.145542025566101,-0.0013571977615356445,-0.5874388813972473,-0.7265875935554504,0.5065767765045166,-0.04313143342733383
13.01,1.604809284210205,-1.4815421104431152,5.591852188110352,1.1382516622543335,0.0037038326263427734,-0.5878559350967407,-0.7313576340675354,0.505551815032959,-0.04025217145681381
13.02,1.6161553859710693,-1.481480598449707,5.585970878601074,1.1309146881103516,0.008754253387451172,-0.5882443189620972,-0.736077070236206,0.5045025944709778,-0.03738391399383545
13.030000000000001,1.6274265050888062,-1.481367826461792,5.5800862312316895,1.1235312223434448,0.013793349266052246,-0.5886034965515137,-0.7407450079917908,0.5034289360046387,-0.0345272570848465
13.040000000000001,1.638624668121338,-1.4812045097351074,5.574198246002197,1.1161003112792969,0.01882237195968628,-0.5889347791671753,-0.7453621029853821,0.502330482006073,-0.031682297587394714
13.05,1.6497498750686646,-1.4809911251068115,5.568307399749756,1.1086236238479614,0.023839950561523438,-0.5892372727394104,-0.7499289512634277,0.5012080073356628,-0.028849221765995026
13.06,1.6607983112335205,-1.4807260036468506,5.562413692474365,1.1011011600494385,0.028846800327301025,-0.5895118713378906,-0.7544432282447815,0.5000606775283813,-0.026028521358966827
13.07,1.6717708110809326,-1.4804141521453857,5.556517124176025,1.0935351848602295,0.03384113311767578,-0.5897578001022339,-0.7589055895805359,0.4988898038864136,-0.023219533264636993
13.08,1.6826684474945068,-1.4800522327423096,5.5506181716918945,1.0859240293502808,0.03882420063018799,-0.5899759531021118,-0.7633166313171387,0.4976946711540222,-0.02042287588119507
13.09,1.6934891939163208,-1.4796373844146729,5.544716835021973,1.0782686471939087,0.04379504919052124,-0.5901665091514587,-0.7676752805709839,0.4964746832847595,-0.01763863116502762
13.1,1.7042336463928223,-1.4791746139526367,5.538814544677734,1.0705702304840088,0.04875338077545166,-0.5903288125991821,-0.7719821929931641,0.49523109197616577,-0.014867320656776428
13.11,1.7149006128311157,-1.4786615371704102,5.532912254333496,1.0628292560577393,0.053699374198913574,-0.5904641151428223,-0.7762366533279419,0.4939632713794708,-0.01210939884185791
13.120000000000001,1.7254903316497803,-1.4781019687652588,5.527007102966309,1.0550458431243896,0.05863296985626221,-0.5905712842941284,-0.7804387807846069,0.4926717281341553,-0.009363628923892975
13.13,1.73600172996521,-1.4774901866912842,5.5211005210876465,1.0472207069396973,0.0635530948638916,-0.5906513929367065,-0.7845882177352905,0.4913559854030609,-0.006630390882492065
13.14,1.7464346885681152,-1.4768292903900146,5.515193939208984,1.0393539667129517,0.06845992803573608,-0.5907039046287537,-0.788684606552124,0.4900163412094116,-0.003910690546035767
13.15,1.756787896156311,-1.4761202335357666,5.509286403656006,1.0314475297927856,0.07335305213928223,-0.5907290577888489,-0.7927278280258179,0.4886532127857208,-0.0012034401297569275
13.16,1.7670629024505615,-1.47536301612854,5.503378868103027,1.0235003232955933,0.07823282480239868,-0.5907281041145325,-0.7967186570167542,0.4872662425041199,0.0014897435903549194
13.17,1.7772578001022339,-1.4745569229125977,5.497471332550049,1.0155129432678223,0.08309859037399292,-0.5906996130943298,-0.8006559610366821,0.4858556091785431,0.00416974350810051
13.18,1.7873730659484863,-1.4737006425857544,5.491564750671387,1.0074870586395264,0.08794999122619629,-0.5906451344490051,-0.8045402765274048,0.4844212532043457,0.006835818290710449
13.19,1.797407627105713,-1.4727963209152222,5.485658168792725,0.999422550201416,0.09278631210327148,-0.590562641620636,-0.8083711266517639,0.4829634726047516,0.009488813579082489
13.200000000000001,1.8073616027832031,-1.4718456268310547,5.479753017425537,0.9913198947906494,0.09760916233062744,-0.5904549956321716,-0.8121485710144043,0.48148244619369507,0.012127205729484558
13.21,1.8172342777252197,-1.470846176147461,5.473848819732666,0.9831798076629639,0.10241663455963135,-0.5903204679489136,-0.815872311592102,0.47997793555259705,0.014751952141523361
13.22,1.8270251750946045,-1.469797134399414,5.467946529388428,0.9750022888183594,0.10720866918563843,-0.5901597738265991,-0.8195419311523438,0.4784499704837799,0.017362207174301147
13.23,1.836733341217041,-1.4687013626098633,5.462047576904297,0.9667894244194031,0.11198490858078003,-0.5899736881256104,-0.8231576681137085,0.4768991470336914,0.019957508891820908
13.24,1.8463599681854248,-1.467557430267334,5.456149101257324,0.9585395455360413,0.11674624681472778,-0.589760959148407,-0.8267196416854858,0.47532472014427185,0.022539135068655014
13.25,1.8559041023254395,-1.4663677215576172,5.450252532958984,0.9502548575401306,0.12149167060852051,-0.5895226001739502,-0.8302277326583862,0.4737277030944824,0.02510664612054825
13.26,1.8653666973114014,-1.4651272296905518,5.444358825683594,0.9419348835945129,0.1262211799621582,-0.5892585515975952,-0.8336825966835022,0.47210702300071716,0.027659093961119652
13.27,1.8747440576553345,-1.463841438293457,5.438465118408203,0.9335806369781494,0.1309340000152588,-0.5889689922332764,-0.8370821475982666,0.47046399116516113,0.030198700726032257
13.280000000000001,1.8840370178222656,-1.4625089168548584,5.432579040527344,0.9251940250396729,0.13562971353530884,-0.5886543989181519,-0.8404271602630615,0.4687982499599457,0.032720476388931274
13.290000000000001,1.893247127532959,-1.461128830909729,5.426693916320801,0.9167732000350952,0.14030945301055908,-0.5883150696754456,-0.8437182307243347,0.4671093821525574,0.035228803753852844
13.3,1.9023723602294922,-1.4597039222717285,5.420812606811523,0.9083194732666016,0.14497214555740356,-0.5879502296447754,-0.8469545245170593,0.4653983414173126,0.03772159665822983
13.31,1.911413311958313,-1.4582290649414062,5.414934158325195,0.8998339176177979,0.14961785078048706,-0.5875611305236816,-0.8501366376876831,0.4636639654636383,0.0401996411383152
13.32,1.9203693866729736,-1.456709861755371,5.409060478210449,0.891316831111908,0.15424513816833496,-0.587146520614624,-0.8532642126083374,0.4619078040122986,0.042662255465984344
13.33,1.9292399883270264,-1.455145001411438,5.403191089630127,0.8827688097953796,0.15885549783706665,-0.5867075324058533,-0.8563371300697327,0.4601290822029114,0.04510946944355965
13.34,1.9380249977111816,-1.4535341262817383,5.3973259925842285,0.8741903305053711,0.1634480357170105,-0.5862440466880798,-0.8593552112579346,0.45832809805870056,0.04754113405942917
13.35,1.9467236995697021,-1.4518766403198242,5.39146614074707,0.8655815720558167,0.1680220365524292,-0.5857564806938171,-0.8623182773590088,0.4565050005912781,0.04995675012469292
13.36,1.9553354978561401,-1.4501729011535645,5.385613441467285,0.8569446802139282,0.17257779836654663,-0.5852454900741577,-0.8652263283729553,0.45465946197509766,0.0523555725812912
13.370000000000001,1.963861346244812,-1.4484249353408813,5.3797607421875,0.848277747631073,0.17711526155471802,-0.5847089886665344,-0.8680795431137085,0.45279213786125183,0.054741255939006805
13.38,1.9723010063171387,-1.446631669998169,5.3739166259765625,0.8395829796791077,0.18163388967514038,-0.5841495394706726,-0.8708783984184265,0.45090290904045105,0.057109616696834564
13.39,1.9806534051895142,-1.4447920322418213,5.368078231811523,0.8308603763580322,0.18613320589065552,-0.5835664868354797,-0.8736221790313721,0.44899168610572815,0.05946144461631775
13.4,1.9889185428619385,-1.4429084062576294,5.362246990203857,0.8221105933189392,0.19061338901519775,-0.5829609632492065,-0.8763110041618347,0.44705894589424133,0.06179651618003845
13.41,1.997096061706543,-1.4409782886505127,5.356420516967773,0.8133342862129211,0.195074200630188,-0.5823317766189575,-0.8789448142051697,0.44510412216186523,0.06411587446928024
13.42,2.005185127258301,-1.4390068054199219,5.350599765777588,0.8045315742492676,0.19951549172401428,-0.5816789269447327,-0.8815231323242188,0.44312840700149536,0.06641922891139984
13.43,2.0131866931915283,-1.4369900226593018,5.344786643981934,0.795703649520874,0.20393696427345276,-0.5810039043426514,-0.8840469121932983,0.44113099575042725,0.06870567798614502
13.44,2.0210986137390137,-1.4349279403686523,5.338979721069336,0.7868517637252808,0.208337664604187,-0.5803043842315674,-0.8865149617195129,0.43911224603652954,0.07097619771957397
13.450000000000001,2.0289223194122314,-1.432822585105896,5.333179950714111,0.7779741287231445,0.21271896362304688,-0.5795839428901672,-0.8889280557632446,0.4370722770690918,0.0732293501496315
13.46,2.0366578102111816,-1.4306731224060059,5.327387809753418,0.769072949886322,0.2170795500278473,-0.578840434551239,-0.8912864923477173,0.43501096963882446,0.07546598464250565
13.47,2.0443053245544434,-1.4284820556640625,5.321603298187256,0.7601480484008789,0.22141945362091064,-0.5780744552612305,-0.89359050989151,0.43292921781539917,0.07768534868955612
13.48,2.051861047744751,-1.4262456893920898,5.315825462341309,0.7512015104293823,0.22573769092559814,-0.5772862434387207,-0.8958379030227661,0.43082624673843384,0.0798884928226471
13.49,2.059328556060791,-1.4239661693572998,5.310057163238525,0.7422319650650024,0.23003524541854858,-0.5764762163162231,-0.8980310559272766,0.42870232462882996,0.08207370340824127
13.5,2.0667057037353516,-1.4216455221176147,5.304296493530273,0.7332404851913452,0.23431211709976196,-0.5756445527076721,-0.9001685380935669,0.4265579879283905,0.08424213528633118
13.51,2.07399320602417,-1.419280767440796,5.298544883728027,0.7242283225059509,0.23856708407402039,-0.5747910737991333,-0.9022513628005981,0.4243927299976349,0.08639289438724518
13.52,2.081190586090088,-1.4168739318847656,5.292799949645996,0.7151956558227539,0.24279996752738953,-0.5739169716835022,-0.9042791128158569,0.4222073554992676,0.08852678537368774
13.530000000000001,2.0882973670959473,-1.4144243001937866,5.287067413330078,0.7061430811882019,0.2470104694366455,-0.5730219483375549,-0.9062517881393433,0.4200015366077423,0.0906418189406395
13.540000000000001,2.095313549041748,-1.4119324684143066,5.281341552734375,0.6970709562301636,0.25119927525520325,-0.5721048712730408,-0.9081695079803467,0.41777539253234863,0.09274055063724518
13.55,2.102238655090332,-1.409401535987854,5.275625228881836,0.6879795789718628,0.2553662955760956,-0.5711675882339478,-0.9100317358970642,0.41552937030792236,0.09482135623693466
13.56,2.1090731620788574,-1.406826138496399,5.2699174880981445,0.6788701415061951,0.25951051712036133,-0.5702088475227356,-0.9118393659591675,0.41326290369033813,0.09688474237918854
13.57,2.1158154010772705,-1.4042108058929443,5.264220714569092,0.6697438955307007,0.26363128423690796,-0.5692294239997864,-0.913591742515564,0.4109770953655243,0.0989302545785904
13.58,2.122467041015625,-1.4015530347824097,5.258533000946045,0.6605989336967468,0.26772940158843994,-0.5682299137115479,-0.9152891635894775,0.40867114067077637,0.1009579598903656
13.59,2.1290276050567627,-1.3988559246063232,5.252856254577637,0.6514377593994141,0.27180469036102295,-0.5672100782394409,-0.9169321060180664,0.4063456654548645,0.10296718031167984
13.6,2.135496139526367,-1.3961181640625,5.247189044952393,0.6422603726387024,0.2758565843105316,-0.5661702156066895,-0.9185201525688171,0.40400072932243347,0.10495882481336594
13.61,2.1418728828430176,-1.393338680267334,5.241532325744629,0.6330676078796387,0.2798846662044525,-0.5651105642318726,-0.9200533628463745,0.4016362130641937,0.10693227499723434
13.620000000000001,2.1481575965881348,-1.3905198574066162,5.235886573791504,0.6238596439361572,0.2838889956474304,-0.5640311241149902,-0.9215319752693176,0.39925268292427063,0.10888753831386566
13.63,2.1543500423431396,-1.3876615762710571,5.230251312255859,0.6146368980407715,0.2878696918487549,-0.5629323720932007,-0.9229554533958435,0.3968498408794403,0.11082441359758377
13.64,2.1604504585266113,-1.384763479232788,5.224627494812012,0.6054003834724426,0.2918263077735901,-0.5618151426315308,-0.9243246912956238,0.394428014755249,0.11274265497922897
13.65,2.166457414627075,-1.3818258047103882,5.219017028808594,0.5961515307426453,0.2957582473754883,-0.5606783628463745,-0.925639271736145,0.3919874131679535,0.11464142799377441
13.66,2.172372579574585,-1.3788468837738037,5.213415622711182,0.586888313293457,0.2996656894683838,-0.5595231056213379,-0.9268990755081177,0.38952749967575073,0.11652306467294693
13.67,2.1781954765319824,-1.3758323192596436,5.207825660705566,0.577613115310669,0.3035488426685333,-0.5583482384681702,-0.9281049966812134,0.3870496153831482,0.11838605999946594
13.68,2.1839258670806885,-1.372776985168457,5.202248573303223,0.568325400352478,0.3074069321155548,-0.5571557879447937,-0.9292566776275635,0.3845526874065399,0.12023001164197922
13.69,2.1895620822906494,-1.3696843385696411,5.196681976318359,0.5590283870697021,0.3112395405769348,-0.5559439063072205,-0.9303538203239441,0.3820379376411438,0.12205597758293152
13.700000000000001,2.195106029510498,-1.3665525913238525,5.191128730773926,0.5497194528579712,0.3150474727153778,-0.5547142028808594,-0.9313969612121582,0.37950456142425537,0.12386221438646317
13.71,2.2005562782287598,-1.3633815050125122,5.1855878829956055,0.5404002070426941,0.31882965564727783,-0.5534664392471313,-0.9323855042457581,0.37695276737213135,0.1256500780582428
13.72,2.20591402053833,-1.3601758480072021,5.180059909820557,0.531071662902832,0.3225865066051483,-0.5522009134292603,-0.9333205223083496,0.3743835687637329,0.1274186074733734
13.73,2.211177349090576,-1.3569321632385254,5.174543380737305,0.5217349529266357,0.3263172209262848,-0.5509176254272461,-0.9342014789581299,0.37179654836654663,0.1291688233613968
13.74,2.216348648071289,-1.353649616241455,5.169041156768799,0.5123878717422485,0.33002200722694397,-0.5496171712875366,-0.9350290298461914,0.3691914975643158,0.13089920580387115
13.75,2.221426248550415,-1.350329875946045,5.163551330566406,0.5030333995819092,0.3337010443210602,-0.5482993721961975,-0.9358027577400208,0.36656856536865234,0.13261090219020844
13.76,2.226409435272217,-1.3469750881195068,5.158075332641602,0.4936714768409729,0.33735376596450806,-0.546964704990387,-0.9365223050117493,0.3639286160469055,0.13430291414260864
13.77,2.23129940032959,-1.343584656715393,5.15261173248291,0.4843027591705322,0.34098008275032043,-0.5456136465072632,-0.9371888637542725,0.36127156019210815,0.13597621023654938
13.780000000000001,2.236095428466797,-1.3401565551757812,5.147164344787598,0.47492873668670654,0.3445788621902466,-0.5442466735839844,-0.9378019571304321,0.3585972487926483,0.1376289576292038
13.790000000000001,2.240797281265259,-1.3366920948028564,5.141728401184082,0.46554768085479736,0.34815123677253723,-0.5428619384765625,-0.938361406326294,0.3559056222438812,0.13926339149475098
13.8,2.245405912399292,-1.3331928253173828,5.136306285858154,0.45616137981414795,0.3516973555088043,-0.5414619445800781,-0.9388682842254639,0.3531970977783203,0.14087820053100586
13.81,2.24992036819458,-1.3296587467193604,5.130898475646973,0.44677022099494934,0.355215847492218,-0.5400447845458984,-0.9393215775489807,0.3504720628261566,0.14247369766235352
13.82,2.2543416023254395,-1.32608962059021,5.125505447387695,0.4373753070831299,0.3587064743041992,-0.538611888885498,-0.939723014831543,0.34773075580596924,0.14404970407485962
13.83,2.258668899536133,-1.3224846124649048,5.120126247406006,0.42797598242759705,0.3621698021888733,-0.5371634364128113,-0.940071165561676,0.34497255086898804,0.14560607075691223
13.84,2.2629013061523438,-1.3188447952270508,5.114762306213379,0.4185734987258911,0.36560550332069397,-0.5356996059417725,-0.9403661489486694,0.34219804406166077,0.1471424400806427
13.85,2.267040252685547,-1.3151718378067017,5.109412670135498,0.4091684818267822,0.36901411414146423,-0.5342202186584473,-0.9406092166900635,0.3394072651863098,0.14865946769714355
13.86,2.2710843086242676,-1.3114656209945679,5.1040778160095215,0.39976242184638977,0.37239399552345276,-0.5327259302139282,-0.9407998323440552,0.33660098910331726,0.15015673637390137
13.870000000000001,2.2750344276428223,-1.3077250719070435,5.098757743835449,0.3903534412384033,0.37574583292007446,-0.5312166810035706,-0.9409377574920654,0.3337786793708801,0.15163420140743256
13.88,2.278891086578369,-1.303949236869812,5.093453407287598,0.3809434771537781,0.37906911969184875,-0.5296928882598877,-0.9410241842269897,0.33094024658203125,0.15309154987335205
13.89,2.282654285430908,-1.3001434803009033,5.088163375854492,0.37153205275535583,0.38236454129219055,-0.5281550884246826,-0.941058874130249,0.32808685302734375,0.1545293629169464
13.9,2.2863221168518066,-1.2963035106658936,5.082891941070557,0.3621225357055664,0.38563111424446106,-0.5266033411026001,-0.9410414695739746,0.3252179026603699,0.15594598650932312
13.91,2.2898964881896973,-1.2924307584762573,5.077632904052734,0.35271239280700684,0.38886889815330505,-0.5250372886657715,-0.940972626209259,0.3223333954811096,0.1573440283536911
13.92,2.2933764457702637,-1.288525938987732,5.072390079498291,0.34330278635025024,0.3920777142047882,-0.5234565734863281,-0.9408518075942993,0.31943413615226746,0.15872181951999664
13.93,2.296762466430664,-1.2845889329910278,5.067163467407227,0.3338949978351593,0.3952575623989105,-0.5218632221221924,-0.940680205821991,0.316519558429718,0.16007937490940094
13.94,2.300053596496582,-1.2806205749511719,5.061952590942383,0.3244902491569519,0.39840805530548096,-0.520255446434021,-0.9404569864273071,0.31359052658081055,0.16141700744628906
13.950000000000001,2.303252696990967,-1.2766215801239014,5.056757926940918,0.31508609652519226,0.401529461145401,-0.5186343789100647,-0.9401838183403015,0.3106468617916107,0.1627344936132431
13.96,2.306356430053711,-1.272589921951294,5.051579475402832,0.30568572878837585,0.4046209156513214,-0.5170002579689026,-0.9398593902587891,0.30768847465515137,0.16403187811374664
13.97,2.30936598777771,-1.2685285806655884,5.046418190002441,0.2962888479232788,0.4076829254627228,-0.5153535604476929,-0.9394838213920593,0.3047160506248474,0.16530868411064148
13.98,2.312281608581543,-1.2644374370574951,5.0412726402282715,0.28689706325531006,0.4107150137424469,-0.5136935710906982,-0.9390584230422974,0.30172964930534363,0.16656598448753357
13.99,2.315103530883789,-1.2603156566619873,5.036144256591797,0.2775086760520935,0.4137175679206848,-0.5120216608047485,-0.938582181930542,0.29872897267341614,0.16780224442481995
14.0,2.317831516265869,-1.256162405014038,5.031032562255859,0.2681252956390381,0.4166898727416992,-0.510337233543396,-0.9380564093589783,0.2957140803337097,0.16901856660842896
14.01,2.3204665184020996,-1.2519800662994385,5.025937080383301,0.25874727964401245,0.419631689786911,-0.5086417198181152,-0.9374808669090271,0.29268574714660645,0.17021441459655762
14.02,2.3230066299438477,-1.2477697134017944,5.020859241485596,0.2493753880262375,0.42254358530044556,-0.5069334506988525,-0.936855137348175,0.2896440327167511,0.17139001190662384
14.030000000000001,2.3254542350769043,-1.2435306310653687,5.015799522399902,0.2400103658437729,0.42542457580566406,-0.5052149295806885,-0.9361808896064758,0.28658926486968994,0.1725444495677948
14.040000000000001,2.327807664871216,-1.2392622232437134,5.010756015777588,0.23065200448036194,0.42827513813972473,-0.5034835338592529,-0.9354568719863892,0.2835211157798767,0.17367933690547943
14.05,2.3300669193267822,-1.234964370727539,5.005729675292969,0.2213011384010315,0.43109506368637085,-0.5017417669296265,-0.9346831440925598,0.28043943643569946,0.1747935265302658
14.06,2.332233428955078,-1.2306396961212158,5.000720977783203,0.21195828914642334,0.4338841140270233,-0.4999880790710449,-0.9338611364364624,0.2773452699184418,0.17588745057582855
14.07,2.33430552482605,-1.2262877225875854,4.995729446411133,0.20262497663497925,0.43664175271987915,-0.4982234835624695,-0.9329898953437805,0.27423882484436035,0.1769610196352005
14.08,2.336285352706909,-1.221907138824463,4.990756034851074,0.19329947233200073,0.4393685758113861,-0.4964483976364136,-0.9320707321166992,0.27111923694610596,0.17801396548748016
14.09,2.3381729125976562,-1.21750009059906,4.985800743103027,0.18398234248161316,0.4420640468597412,-0.49466297030448914,-0.9311038255691528,0.2679876387119293,0.1790461540222168
14.1,2.3399658203125,-1.213065266609192,4.980863094329834,0.17467623949050903,0.4447285830974579,-0.4928671419620514,-0.9300878643989563,0.264843225479126,0.18005803227424622
14.11,2.341665744781494,-1.2086052894592285,4.975943565368652,0.16538161039352417,0.4473608732223511,-0.49106135964393616,-0.9290245771408081,0.26168766617774963,0.1810494214296341
14.120000000000001,2.3432729244232178,-1.2041200399398804,4.971041679382324,0.15609678626060486,0.449962317943573,-0.48924562335014343,-0.9279130697250366,0.25852012634277344,0.18202024698257446
14.13,2.34478759765625,-1.1996060609817505,4.966158866882324,0.14682328701019287,0.45253127813339233,-0.4874206781387329,-0.926754891872406,0.2553403079509735,0.18297013640403748
14.14,2.346209764480591,-1.1950680017471313,4.961292743682861,0.1375616192817688,0.4550686776638031,-0.48558661341667175,-0.9255493879318237,0.25214940309524536,0.18389981985092163
14.15,2.347538471221924,-1.1905053853988647,4.956447124481201,0.1283133625984192,0.4575743079185486,-0.48374444246292114,-0.924296498298645,0.24894706904888153,0.1848081350326538
14.16,2.348776340484619,-1.185917615890503,4.9516191482543945,0.11907590180635452,0.46004796028137207,-0.48189154267311096,-0.9229979515075684,0.24573355913162231,0.18569645285606384
14.17,2.349921226501465,-1.1813042163848877,4.946808815002441,0.10985235869884491,0.4624890387058258,-0.48003089427948,-0.9216523170471191,0.24250894784927368,0.1865641474723816
14.18,2.350973129272461,-1.1766663789749146,4.942018032073975,0.10064247250556946,0.46489763259887695,-0.47816067934036255,-0.9202600121498108,0.23927345871925354,0.18741118907928467
14.19,2.351933479309082,-1.1720057725906372,4.937245845794678,0.09144800156354904,0.4672742187976837,-0.4762820899486542,-0.9188222289085388,0.23602761328220367,0.188237726688385
14.200000000000001,2.35280179977417,-1.1673216819763184,4.932492256164551,0.0822671502828598,0.4696183502674103,-0.47439539432525635,-0.9173381924629211,0.2327711582183838,0.18904361128807068
14.21,2.353578805923462,-1.162614345550537,4.92775821685791,0.07310125976800919,0.4719298779964447,-0.47250109910964966,-0.9158090949058533,0.22950440645217896,0.18982842564582825
14.22,2.354264259338379,-1.1578829288482666,4.9230427742004395,0.06395085155963898,0.47420835494995117,-0.47059860825538635,-0.9142347574234009,0.22622740268707275,0.19059300422668457
14.23,2.354857921600342,-1.1531293392181396,4.918346405029297,0.05481667071580887,0.4764538109302521,-0.4686886966228485,-0.9126154184341431,0.22294074296951294,0.19133681058883667
14.24,2.355360746383667,-1.1483545303344727,4.913668632507324,0.04569864273071289,0.47866740822792053,-0.46677136421203613,-0.9109512567520142,0.21964405477046967,0.19206014275550842
14.25,2.355771780014038,-1.1435573101043701,4.909010887145996,0.036597639322280884,0.48084744811058044,-0.4648468792438507,-0.9092420339584351,0.21633785963058472,0.19276270270347595
14.26,2.3560924530029297,-1.138737440109253,4.90437126159668,0.027513571083545685,0.48299404978752136,-0.46291643381118774,-0.9074891805648804,0.2130221426486969,0.19344443082809448
14.27,2.3563225269317627,-1.1338961124420166,4.899751663208008,0.018447451293468475,0.4851074814796448,-0.46097835898399353,-0.9056922197341919,0.20969712734222412,0.19410568475723267
14.280000000000001,2.3564612865448,-1.1290355920791626,4.895152568817139,0.009400784969329834,0.4871877133846283,-0.45903557538986206,-0.9038511514663696,0.20636355876922607,0.1947457492351532
14.290000000000001,2.3565101623535156,-1.1241546869277954,4.8905720710754395,0.00037153810262680054,0.4892350435256958,-0.45708465576171875,-0.9019670486450195,0.20302100479602814,0.19536569714546204
14.3,2.3564696311950684,-1.1192501783370972,4.88601016998291,-0.008639641106128693,0.4912482798099518,-0.45512861013412476,-0.9000400900840759,0.19966885447502136,0.19596490263938904
14.31,2.356337785720825,-1.1143279075622559,4.881468772888184,-0.01763021945953369,0.49322816729545593,-0.4531657099723816,-0.8980692028999329,0.19630897045135498,0.19654372334480286
14.32,2.356116771697998,-1.1093865633010864,4.876947402954102,-0.026599928736686707,0.4951741397380829,-0.45119720697402954,-0.8960562944412231,0.19294103980064392,0.19710177183151245
14.33,2.3558053970336914,-1.1044247150421143,4.872445106506348,-0.03555028885602951,0.49708670377731323,-0.449223130941391,-0.8940003514289856,0.18956434726715088,0.1976393163204193
14.34,2.355405330657959,-1.0994455814361572,4.867962837219238,-0.04447996988892555,0.4989657998085022,-0.44724419713020325,-0.8919028043746948,0.18618009984493256,0.1981559693813324
14.35,2.3549160957336426,-1.0944448709487915,4.863500595092773,-0.05338872969150543,0.500810444355011,-0.44525977969169617,-0.8897634148597717,0.1827872097492218,0.19865241646766663
14.36,2.3543381690979004,-1.0894283056259155,4.859057903289795,-0.062275391072034836,0.5026211142539978,-0.44327056407928467,-0.8875823020935059,0.17938777804374695,0.19912824034690857
14.370000000000001,2.353671073913574,-1.0843935012817383,4.854635238647461,-0.07114028185606003,0.5043981075286865,-0.4412766396999359,-0.8853600025177002,0.17598052322864532,0.19958347082138062
14.38,2.352914810180664,-1.0793412923812866,4.85023307800293,-0.07998254895210266,0.5061410665512085,-0.43927857279777527,-0.8830961585044861,0.17256605625152588,0.2000180184841156
14.39,2.3520712852478027,-1.0742714405059814,4.84584903717041,-0.08880222588777542,0.5078495740890503,-0.4372766315937042,-0.8807921409606934,0.16914458572864532,0.2004324197769165
14.4,2.351139545440674,-1.0691838264465332,4.841486930847168,-0.09759750217199326,0.5095236301422119,-0.43527188897132874,-0.8784477114677429,0.1657160520553589,0.20082569122314453
14.41,2.3501195907592773,-1.064080834388733,4.837144374847412,-0.10637028515338898,0.5111639499664307,-0.43326136469841003,-0.8760629892349243,0.16228097677230835,0.2011990249156952
14.42,2.3490118980407715,-1.0589615106582642,4.832821369171143,-0.11511878669261932,0.5127696990966797,-0.4312482476234436,-0.8736379146575928,0.1588394045829773,0.20155176520347595
14.43,2.3478164672851562,-1.0538251399993896,4.828518867492676,-0.12384309619665146,0.5143406391143799,-0.4292306900024414,-0.8711732625961304,0.1553913801908493,0.20188426971435547
14.44,2.3465352058410645,-1.0486743450164795,4.824236869812012,-0.1325424313545227,0.5158772468566895,-0.42720991373062134,-0.8686702847480774,0.15193748474121094,0.20219630002975464
14.450000000000001,2.3451671600341797,-1.0435073375701904,4.819974899291992,-0.14121675491333008,0.5173791646957397,-0.4251861870288849,-0.8661282658576965,0.14847742021083832,0.2024880051612854
14.46,2.34371018409729,-1.0383275747299194,4.815733432769775,-0.1498647779226303,0.5188472270965576,-0.42316001653671265,-0.8635455369949341,0.14501185715198517,0.20275911688804626
14.47,2.3421690464019775,-1.0331312417984009,4.811511993408203,-0.1584874987602234,0.5202797651290894,-0.42113083600997925,-0.8609264492988586,0.1415404975414276,0.20301014184951782
14.48,2.340541362762451,-1.0279213190078735,4.807311058044434,-0.16708260774612427,0.5216772556304932,-0.41909924149513245,-0.8582689762115479,0.13806413114070892,0.20324093103408813
14.49,2.338827133178711,-1.0226972103118896,4.803130149841309,-0.17565178871154785,0.5230407118797302,-0.41706547141075134,-0.8555729985237122,0.13458210229873657,0.20345142483711243
14.5,2.3370275497436523,-1.0174598693847656,4.798969745635986,-0.18419381976127625,0.5243691205978394,-0.41502997279167175,-0.852839469909668,0.13109512627124786,0.20364153385162354
14.51,2.33514404296875,-1.012210726737976,4.79482889175415,-0.19270986318588257,0.5256630182266235,-0.412992924451828,-0.8500699400901794,0.12760376930236816,0.20381182432174683
14.52,2.333174228668213,-1.0069472789764404,4.790709018707275,-0.20119670033454895,0.5269213318824768,-0.41095370054244995,-0.8472623825073242,0.1241074874997139,0.20396184921264648
14.530000000000001,2.331120014190674,-1.0016716718673706,4.7866106033325195,-0.2096542865037918,0.5281444787979126,-0.4089150130748749,-0.8444189429283142,0.12060712277889252,0.2040913701057434
14.540000000000001,2.3289809226989746,-0.996384859085083,4.782529830932617,-0.21808403730392456,0.5293335914611816,-0.40687185525894165,-0.8415384888648987,0.11710217595100403,0.20420166850090027
14.55,2.326758861541748,-0.9910852909088135,4.778471946716309,-0.2264852374792099,0.530487060546875,-0.4048294126987457,-0.838623046875,0.11359308660030365,0.20429110527038574
14.56,2.3244516849517822,-0.9857749938964844,4.774433612823486,-0.23485665023326874,0.5316053628921509,-0.40278586745262146,-0.8356709480285645,0.11008048802614212,0.2043609321117401
14.57,2.3220608234405518,-0.9804534316062927,4.770416736602783,-0.24319817125797272,0.532688319683075,-0.4007435739040375,-0.8326835632324219,0.10656437277793884,0.20441043376922607
14.58,2.3195879459381104,-0.9751217365264893,4.766419410705566,-0.25151029229164124,0.5337365865707397,-0.3986988961696625,-0.8296620845794678,0.1030445396900177,0.20444026589393616
14.59,2.317030906677246,-0.9697803258895874,4.7624430656433105,-0.25979164242744446,0.5347498059272766,-0.39665454626083374,-0.8266050219535828,0.09952164441347122,0.2044500708580017
14.6,2.3143911361694336,-0.9644259810447693,4.758486747741699,-0.26804211735725403,0.5357270240783691,-0.3946097195148468,-0.8235135078430176,0.09599482268095016,0.20444029569625854
14.61,2.3116703033447266,-0.9590647220611572,4.754550933837891,-0.2762610614299774,0.5366692543029785,-0.3925651013851166,-0.8203887939453125,0.09246620535850525,0.20441073179244995
14.620000000000001,2.3088672161102295,-0.9536928534507751,4.750635623931885,-0.28444957733154297,0.5375759601593018,-0.3905208706855774,-0.8172303438186646,0.08893433213233948,0.20436134934425354
14.63,2.305981397628784,-0.9483129978179932,4.746739864349365,-0.2926058769226074,0.5384478569030762,-0.38847821950912476,-0.8140376806259155,0.08540009707212448,0.20429232716560364
14.64,2.3030142784118652,-0.9429246187210083,4.742865562438965,-0.30073001980781555,0.5392842888832092,-0.3864353895187378,-0.8108118772506714,0.08186352252960205,0.20420369505882263
14.65,2.2999672889709473,-0.9375271797180176,4.739011287689209,-0.3088221549987793,0.5400850772857666,-0.384393572807312,-0.8075541853904724,0.07832472771406174,0.20409539341926575
14.66,2.2968392372131348,-0.9321225881576538,4.735177993774414,-0.3168817162513733,0.5408506393432617,-0.3823528289794922,-0.8042640686035156,0.07478422671556473,0.2039676308631897
14.67,2.293628692626953,-0.9267107844352722,4.731363773345947,-0.3249070346355438,0.5415809750556946,-0.38031452894210815,-0.8009399771690369,0.07124189287424088,0.2038203477859497
14.68,2.2903404235839844,-0.921291708946228,4.727570533752441,-0.33290016651153564,0.5422757863998413,-0.3782767951488495,-0.7975859642028809,0.06769800186157227,0.20365366339683533
14.69,2.2869720458984375,-0.9158658981323242,4.723798751831055,-0.34085848927497864,0.5429350137710571,-0.3762427866458893,-0.7942003011703491,0.06415290385484695,0.20346739888191223
14.700000000000001,2.2835233211517334,-0.910431981086731,4.720046520233154,-0.34878337383270264,0.5435582399368286,-0.3742087781429291,-0.7907826900482178,0.06060624122619629,0.20326203107833862
14.71,2.2799954414367676,-0.9049944877624512,4.716314792633057,-0.35667383670806885,0.5441471338272095,-0.3721773326396942,-0.7873344421386719,0.05705910176038742,0.2030371129512787
14.72,2.276390314102173,-0.8995498418807983,4.712603569030762,-0.36453139781951904,0.5446999073028564,-0.3701478838920593,-0.7838565707206726,0.053510844707489014,0.20279327034950256
14.73,2.2727062702178955,-0.8941009640693665,4.708911895751953,-0.37235158681869507,0.5452172160148621,-0.36812084913253784,-0.7803483605384827,0.04996265470981598,0.20253029465675354
14.74,2.2689433097839355,-0.8886458873748779,4.7052412033081055,-0.38013729453086853,0.5456991195678711,-0.366096556186676,-0.776809573173523,0.0464133694767952,0.20224815607070923
14.75,2.2651028633117676,-0.8831853866577148,4.7015910148620605,-0.3878874182701111,0.546144962310791,-0.3640757203102112,-0.773241400718689,0.0428638756275177,0.20194688439369202
14.76,2.261186122894287,-0.8777228593826294,4.697958946228027,-0.39560240507125854,0.5465563535690308,-0.3620580732822418,-0.7696448564529419,0.039314910769462585,0.2016269862651825
14.77,2.257190227508545,-0.8722550272941589,4.694348335266113,-0.4032799005508423,0.5469316840171814,-0.36004313826560974,-0.7660178542137146,0.03576575219631195,0.20128792524337769
14.780000000000001,2.253119468688965,-0.8667847514152527,4.69075870513916,-0.41092240810394287,0.5472716093063354,-0.35803160071372986,-0.7623639702796936,0.032217636704444885,0.20093005895614624
14.790000000000001,2.2489728927612305,-0.861309289932251,4.687187194824219,-0.41852813959121704,0.547575831413269,-0.3560248017311096,-0.758682131767273,0.028669238090515137,0.20055344700813293
14.8,2.2447493076324463,-0.8558323383331299,4.6836371421813965,-0.42609626054763794,0.5478450059890747,-0.354020893573761,-0.7549716234207153,0.025122061371803284,0.20015814900398254
14.81,2.240450382232666,-0.8503537178039551,4.680107116699219,-0.433627188205719,0.5480788946151733,-0.3520209789276123,-0.7512336373329163,0.021576091647148132,0.19974425435066223
14.82,2.236076831817627,-0.8448721170425415,4.6765971183776855,-0.441119909286499,0.5482766628265381,-0.35002732276916504,-0.7474693059921265,0.018031373620033264,0.19931167364120483
14.83,2.231628894805908,-0.839387834072113,4.673106670379639,-0.4485762119293213,0.5484389662742615,-0.34803611040115356,-0.7436783909797668,0.01448763906955719,0.19886064529418945
14.84,2.2271058559417725,-0.8339025974273682,4.6696367263793945,-0.45599377155303955,0.5485663414001465,-0.346049964427948,-0.7398601174354553,0.010945245623588562,0.19839105010032654
14.85,2.222508430480957,-0.828416645526886,4.666186332702637,-0.46337294578552246,0.5486583113670349,-0.34406813979148865,-0.7360157370567322,0.0074049681425094604,0.19790330529212952
14.86,2.2178385257720947,-0.8229304552078247,4.662755966186523,-0.47071439027786255,0.5487147569656372,-0.34209126234054565,-0.7321464419364929,0.003867119550704956,0.19739720225334167
14.870000000000001,2.2130954265594482,-0.817442774772644,4.6593451499938965,-0.4780169427394867,0.5487354397773743,-0.34011954069137573,-0.7282517552375793,0.0003308802843093872,0.19687291979789734
14.88,2.208277702331543,-0.8119547367095947,4.655952453613281,-0.4852789640426636,0.5487207174301147,-0.338154137134552,-0.7243304252624512,-0.0032030493021011353,0.19633051753044128
14.89,2.2033891677856445,-0.8064683079719543,4.652581214904785,-0.4925031065940857,0.5486717820167542,-0.3361932635307312,-0.7203859686851501,-0.0067345499992370605,0.1957700252532959
14.9,2.1984286308288574,-0.8009821176528931,4.649229049682617,-0.4996863603591919,0.5485864281654358,-0.3342381417751312,-0.7164171934127808,-0.010262817144393921,0.19519156217575073
14.91,2.1933956146240234,-0.795496940612793,4.645896911621094,-0.5068303942680359,0.5484662055969238,-0.33228880167007446,-0.71242356300354,-0.013788297772407532,0.19459515810012817
14.92,2.188291549682617,-0.7900118231773376,4.642582416534424,-0.5139343738555908,0.5483101606369019,-0.3303465247154236,-0.7084062695503235,-0.017311036586761475,0.1939811110496521
14.93,2.183117151260376,-0.7845306396484375,4.639288902282715,-0.5209999680519104,0.5481199026107788,-0.3284095227718353,-0.7043663859367371,-0.02082999050617218,0.19334909319877625
14.94,2.177872657775879,-0.7790514230728149,4.636014461517334,-0.528022825717926,0.5478945970535278,-0.32648083567619324,-0.7003034949302673,-0.024345427751541138,0.19269970059394836
14.950000000000001,2.1725564002990723,-0.7735726833343506,4.6327595710754395,-0.5350044369697571,0.5476329326629639,-0.324556827545166,-0.6962165236473083,-0.02785763144493103,0.19203245639801025
14.96,2.1671719551086426,-0.7680978178977966,4.629523754119873,-0.5419466495513916,0.5473369359970093,-0.322640061378479,-0.692108690738678,-0.03136557340621948,0.19134768843650818
14.97,2.1617183685302734,-0.7626258134841919,4.626307487487793,-0.5488477349281311,0.5470055341720581,-0.3207297623157501,-0.6879789233207703,-0.03486965596675873,0.19064563512802124
14.98,2.1561951637268066,-0.7571576237678528,4.623109817504883,-0.5557052493095398,0.5466394424438477,-0.3188265562057495,-0.6838269233703613,-0.03836919367313385,0.18992629647254944
14.99,2.1506035327911377,-0.7516935467720032,4.619931221008301,-0.5625237226486206,0.5462384223937988,-0.3169305920600891,-0.6796534657478333,-0.04186438024044037,0.1891895830631256
15.0,2.144944906234741,-0.746232807636261,4.616770267486572,-0.5692996978759766,0.5458019971847534,-0.31504306197166443,-0.6754599213600159,-0.0453549325466156,0.18843594193458557
15.01,2.1392178535461426,-0.740777850151062,4.613629341125488,-0.5760332345962524,0.545331597328186,-0.3131621778011322,-0.6712450981140137,-0.04884038865566254,0.18766507506370544
15.02,2.1334238052368164,-0.7353267669677734,4.610506057739258,-0.5827240943908691,0.5448256731033325,-0.31129005551338196,-0.6670101881027222,-0.05232112109661102,0.18687725067138672
15.030000000000001,2.127563714981079,-0.7298819422721863,4.6074042320251465,-0.5893727540969849,0.5442851185798645,-0.3094240128993988,-0.6627560257911682,-0.05579599738121033,0.1860724687576294
15.040000000000001,2.1216373443603516,-0.7244407534599304,4.604318141937256,-0.5959793329238892,0.5437095165252686,-0.3075680136680603,-0.6584822535514832,-0.059266313910484314,0.18525099754333496
15.05,2.1156444549560547,-0.7190062999725342,4.601251602172852,-0.6025426387786865,0.5430991649627686,-0.3057193458080292,-0.6541887521743774,-0.06273062527179718,0.18441280722618103
15.06,2.109586000442505,-0.7135785818099976,4.598204135894775,-0.6090625524520874,0.5424547791481018,-0.30387958884239197,-0.6498762965202332,-0.06618906557559967,0.18355786800384521
15.07,2.1034634113311768,-0.7081589698791504,4.595174312591553,-0.6155400276184082,0.5417762398719788,-0.302049458026886,-0.6455460786819458,-0.06964090466499329,0.18268686532974243
15.08,2.0972752571105957,-0.7027442455291748,4.5921630859375,-0.6219737529754639,0.5410623550415039,-0.3002271354198456,-0.6411970853805542,-0.07308720052242279,0.1817990243434906
15.09,2.0910234451293945,-0.6973362565040588,4.589170455932617,-0.6283634305000305,0.5403138399124146,-0.29841333627700806,-0.6368302702903748,-0.0765274316072464,0.1808948814868927
15.1,2.0847082138061523,-0.691937267780304,4.586195468902588,-0.6347107291221619,0.5395315885543823,-0.2966086268424988,-0.6324466466903687,-0.07996067404747009,0.17997458577156067
15.11,2.0783305168151855,-0.686546802520752,4.58323860168457,-0.6410125494003296,0.5387150049209595,-0.29481321573257446,-0.6280461549758911,-0.08338665962219238,0.17903810739517212
15.120000000000001,2.0718884468078613,-0.681163489818573,4.5802998542785645,-0.647270917892456,0.5378638505935669,-0.29302775859832764,-0.6236280202865601,-0.0868062824010849,0.1780855357646942
15.13,2.0653843879699707,-0.6757894158363342,4.577376842498779,-0.6534845232963562,0.5369787812232971,-0.2912518382072449,-0.6191934943199158,-0.09021854400634766,0.17711731791496277
15.14,2.0588185787200928,-0.6704237461090088,4.574473857879639,-0.6596561670303345,0.5360596776008606,-0.28948521614074707,-0.6147433519363403,-0.09362386167049408,0.17613300681114197
15.15,2.052192211151123,-0.6650680303573608,4.571588039398193,-0.6657806634902954,0.5351062417030334,-0.28772860765457153,-0.6102778911590576,-0.09702102839946747,0.17513298988342285
15.16,2.0455031394958496,-0.6597228050231934,4.568717956542969,-0.6718596816062927,0.5341196060180664,-0.2859823405742645,-0.6057957410812378,-0.100410595536232,0.1741175353527069
15.17,2.038754463195801,-0.6543856263160706,4.5658674240112305,-0.6778960227966309,0.5330979228019714,-0.2842465341091156,-0.6012997031211853,-0.10379265248775482,0.1730862855911255
15.18,2.0319459438323975,-0.6490599513053894,4.563033580780029,-0.6838868856430054,0.5320432186126709,-0.28252050280570984,-0.5967888832092285,-0.10716630518436432,0.1720396876335144
15.19,2.0250771045684814,-0.6437453031539917,4.560216903686523,-0.6898310780525208,0.5309548377990723,-0.2808069586753845,-0.5922634601593018,-0.110531747341156,0.17097815871238708
15.200000000000001,2.018148899078369,-0.6384415030479431,4.557417392730713,-0.6957315802574158,0.5298329591751099,-0.2791022062301636,-0.5877236127853394,-0.11388874053955078,0.1699010133743286
15.21,2.011162281036377,-0.6331490874290466,4.554635524749756,-0.7015869617462158,0.5286774039268494,-0.2774088680744171,-0.5831707715988159,-0.11723697185516357,0.16880866885185242
15.22,2.004117250442505,-0.6278672218322754,4.551869869232178,-0.7073953151702881,0.5274876356124878,-0.27572596073150635,-0.5786041617393494,-0.12057667970657349,0.16770139336585999
15.23,1.9970152378082275,-0.6225985288619995,4.549121379852295,-0.7131578922271729,0.5262652635574341,-0.2740541994571686,-0.5740252733230591,-0.12390708923339844,0.1665792167186737
15.24,1.9898545742034912,-0.6173429489135742,4.546389579772949,-0.7188751697540283,0.5250102281570435,-0.27239370346069336,-0.5694331526756287,-0.127228245139122,0.16544222831726074
15.25,1.982637882232666,-0.6120988130569458,4.543672561645508,-0.7245469689369202,0.5237210988998413,-0.27074557542800903,-0.5648291110992432,-0.1305401772260666,0.16429084539413452
15.26,1.975363850593567,-0.606868326663971,4.540973663330078,-0.7301720976829529,0.5223992466926575,-0.26910820603370667,-0.5602126717567444,-0.13384239375591278,0.16312453150749207
15.27,1.968034029006958,-0.6016508340835571,4.538289546966553,-0.7357506155967712,0.5210441946983337,-0.2674834430217743,-0.5555846095085144,-0.13713502883911133,0.16194409132003784
15.280000000000001,1.960648775100708,-0.5964473485946655,4.5356245040893555,-0.7412841320037842,0.5196564793586731,-0.26586878299713135,-0.5509456992149353,-0.14041756093502045,0.16074883937835693
15.290000000000001,1.9532084465026855,-0.5912575721740723,4.532972812652588,-0.7467697858810425,0.5182357430458069,-0.26426786184310913,-0.5462955236434937,-0.14369012415409088,0.1595398187637329
15.3,1.9457130432128906,-0.5860824584960938,4.530338287353516,-0.7522094249725342,0.5167825818061829,-0.26267826557159424,-0.5416345596313477,-0.14695221185684204,0.15831637382507324
15.31,1.938164472579956,-0.5809212327003479,4.527719497680664,-0.7576029300689697,0.5152961611747742,-0.2611014246940613,-0.536963939666748,-0.15020404756069183,0.15707898139953613
15.32,1.9305622577667236,-0.5757771730422974,4.525115966796875,-0.7629485726356506,0.513778567314148,-0.25953787565231323,-0.53228360414505,-0.1534445583820343,0.15582823753356934
15.33,1.9229058027267456,-0.5706477761268616,4.522528648376465,-0.7682479023933411,0.5122285485267639,-0.25798603892326355,-0.5275928974151611,-0.1566745638847351,0.15456309914588928
15.34,1.9151970148086548,-0.5655319094657898,4.519956588745117,-0.7734997868537903,0.5106448531150818,-0.2564464807510376,-0.5228930711746216,-0.159894198179245,0.15328437089920044
15.35,1.907435655593872,-0.5604335069656372,4.51740026473999,-0.7787071466445923,0.5090299248695374,-0.25492027401924133,-0.5181843042373657,-0.16310204565525055,0.15199217200279236
15.36,1.8996236324310303,-0.5553528070449829,4.514859199523926,-0.7838649153709412,0.5073836445808411,-0.2534060478210449,-0.5134676694869995,-0.16629807651042938,0.1506863534450531
15.370000000000001,1.8917583227157593,-0.5502868890762329,4.512332916259766,-0.7889748215675354,0.5057045817375183,-0.2519059479236603,-0.508741557598114,-0.16948312520980835,0.14936736226081848
15.38,1.8838436603546143,-0.5452386140823364,4.509819984436035,-0.7940391302108765,0.5039939284324646,-0.250419020652771,-0.5040082931518555,-0.17265628278255463,0.14803531765937805
15.39,1.875878095626831,-0.5402059555053711,4.507323265075684,-0.7990564107894897,0.502250611782074,-0.24894505739212036,-0.49926742911338806,-0.17581810057163239,0.1466900110244751
15.4,1.8678631782531738,-0.5351928472518921,4.5048418045043945,-0.8040238618850708,0.5004769563674927,-0.24748460948467255,-0.49451929330825806,-0.17896686494350433,0.14533168077468872
15.41,1.859797477722168,-0.5301978588104248,4.502372741699219,-0.8089455962181091,0.4986721873283386,-0.24603864550590515,-0.4897635579109192,-0.18210367858409882,0.1439608931541443
15.42,1.8516836166381836,-0.5252199172973633,4.499919891357422,-0.8138204216957092,0.49683529138565063,-0.2446056753396988,-0.48500174283981323,-0.18522824347019196,0.14257702231407166
15.43,1.8435211181640625,-0.5202610492706299,4.497481346130371,-0.8186460733413696,0.4949674904346466,-0.24318653345108032,-0.48023343086242676,-0.18834005296230316,0.14118066430091858
15.44,1.8353118896484375,-0.5153199434280396,4.495055675506592,-0.8234240412712097,0.4930679202079773,-0.2417832314968109,-0.4754597842693329,-0.19143931567668915,0.1397724747657776
15.450000000000001,1.827053427696228,-0.510399580001831,4.492645263671875,-0.8281546235084534,0.49113866686820984,-0.24039220809936523,-0.47067970037460327,-0.19452527165412903,0.1383512318134308
15.46,1.8187482357025146,-0.5054985284805298,4.490248203277588,-0.8328384757041931,0.4891786277294159,-0.23901605606079102,-0.4658946692943573,-0.19759811460971832,0.1369178593158722
15.47,1.810396432876587,-0.5006159543991089,4.487865447998047,-0.8374718427658081,0.4871866703033447,-0.23765376210212708,-0.4611041247844696,-0.200657919049263,0.13547232747077942
15.48,1.8019990921020508,-0.4957542419433594,4.4854960441589355,-0.8420594334602356,0.4851648807525635,-0.2363060712814331,-0.45630943775177,-0.20370404422283173,0.1340148150920868
15.49,1.7935556173324585,-0.4909125566482544,4.483139991760254,-0.8465994596481323,0.4831123948097229,-0.23497295379638672,-0.4515102207660675,-0.20673666894435883,0.13254547119140625
15.5,1.7850672006607056,-0.4860924482345581,4.480795860290527,-0.8510900139808655,0.48103058338165283,-0.2336554080247879,-0.4467068314552307,-0.20975519716739655,0.13106471300125122
15.51,1.776533603668213,-0.48129189014434814,4.478466033935547,-0.8555329442024231,0.47891730070114136,-0.2323518842458725,-0.44189953804016113,-0.2127601057291031,0.12957200407981873
15.52,1.767956256866455,-0.47651350498199463,4.476147651672363,-0.8599284887313843,0.47677478194236755,-0.23106423020362854,-0.437089204788208,-0.215750589966774,0.128068208694458
15.530000000000001,1.7593357563018799,-0.4717566967010498,4.473844051361084,-0.8642752766609192,0.47460246086120605,-0.2297903299331665,-0.43227607011795044,-0.2187267541885376,0.12655270099639893
15.540000000000001,1.750671625137329,-0.46702146530151367,4.47155237197876,-0.8685733675956726,0.47240012884140015,-0.2285325825214386,-0.4274595379829407,-0.22168861329555511,0.125026136636734
15.55,1.741964340209961,-0.4623091220855713,4.469273567199707,-0.8728237748146057,0.4701690971851349,-0.22728970646858215,-0.42264050245285034,-0.2246355414390564,0.1234883964061737
15.56,1.7332143783569336,-0.45761799812316895,4.467007160186768,-0.8770275115966797,0.4679073691368103,-0.22606277465820312,-0.417819082736969,-0.22756798565387726,0.12193971872329712
15.57,1.7244243621826172,-0.45295095443725586,4.464751720428467,-0.8811812400817871,0.4656173586845398,-0.22485199570655823,-0.41299664974212646,-0.23048490285873413,0.12038102746009827
15.58,1.7155914306640625,-0.44830644130706787,4.462509632110596,-0.8852857947349548,0.46329838037490845,-0.22365619242191315,-0.40817174315452576,-0.23338720202445984,0.1188109815120697
15.59,1.7067183256149292,-0.44368481636047363,4.46027946472168,-0.8893439173698425,0.4609498381614685,-0.22247570753097534,-0.4033460021018982,-0.2362741231918335,0.11723020672798157
15.6,1.6978044509887695,-0.43908727169036865,4.4580607414245605,-0.8933531045913696,0.4585728049278259,-0.22131159901618958,-0.3985191881656647,-0.2391454130411148,0.11563920974731445
15.610000000000001,1.6888518333435059,-0.4345141649246216,4.4558539390563965,-0.8973137736320496,0.45616745948791504,-0.22016237676143646,-0.3936922550201416,-0.24200071394443512,0.11403763294219971
15.620000000000001,1.6798579692840576,-0.42996442317962646,4.4536566734313965,-0.9012273550033569,0.45373299717903137,-0.21903052926063538,-0.38886386156082153,-0.24484075605869293,0.11242640018463135
15.63,1.6708266735076904,-0.42543935775756836,4.451472282409668,-0.9050923585891724,0.45127081871032715,-0.21791408956050873,-0.384036123752594,-0.24766486883163452,0.11080476641654968
15.64,1.6617562770843506,-0.4209386110305786,4.4492974281311035,-0.908908486366272,0.4487793445587158,-0.2168147712945938,-0.37920838594436646,-0.2504728436470032,0.10917365550994873
15.65,1.652649164199829,-0.4164637327194214,4.447136878967285,-0.9126749038696289,0.4462609887123108,-0.21573008596897125,-0.3743816912174225,-0.25326406955718994,0.1075320839881897
15.66,1.643504023551941,-0.4120141267776489,4.44498348236084,-0.9163951873779297,0.4437144994735718,-0.2146635353565216,-0.3695554733276367,-0.2560391426086426,0.10588157176971436
15.67,1.6343212127685547,-0.40758979320526123,4.442842483520508,-0.9200674891471863,0.44114065170288086,-0.21361273527145386,-0.3647303283214569,-0.2587977647781372,0.10422122478485107
15.68,1.6251025199890137,-0.40319156646728516,4.440711975097656,-0.9236890077590942,0.4385390281677246,-0.21257857978343964,-0.35990649461746216,-0.2615395784378052,0.10255154967308044
15.69,1.6158478260040283,-0.3988187313079834,4.438590049743652,-0.9272645115852356,0.435909241437912,-0.21156266331672668,-0.35508453845977783,-0.26426461338996887,0.10087358951568604
15.700000000000001,1.6065573692321777,-0.3944728374481201,4.4364800453186035,-0.9307921528816223,0.43325310945510864,-0.21056248247623444,-0.35026437044143677,-0.26697248220443726,0.09918579459190369
15.71,1.5972316265106201,-0.39015352725982666,4.434381008148193,-0.9342706203460693,0.4305696487426758,-0.20957744121551514,-0.34544646739959717,-0.2696632444858551,0.09748798608779907
15.72,1.587871789932251,-0.385861873626709,4.432290554046631,-0.9377004504203796,0.427860289812088,-0.20861074328422546,-0.34063130617141724,-0.272336483001709,0.09578222036361694
15.73,1.5784788131713867,-0.3815971612930298,4.430208206176758,-0.9410823583602905,0.42512375116348267,-0.2076627016067505,-0.33581942319869995,-0.27499228715896606,0.09406888484954834
15.74,1.569050908088684,-0.3773590326309204,4.428136825561523,-0.944417417049408,0.422359824180603,-0.20673030614852905,-0.3310101628303528,-0.2776305675506592,0.09234601259231567
15.75,1.5595903396606445,-0.3731497526168823,4.426072597503662,-0.9477030038833618,0.41957107186317444,-0.20581600069999695,-0.32620424032211304,-0.2802509069442749,0.09061521291732788
15.76,1.5500967502593994,-0.3689678907394409,4.4240193367004395,-0.9509408473968506,0.4167552590370178,-0.2049182653427124,-0.32140201330184937,-0.2828533947467804,0.08887571096420288
15.77,1.540570616722107,-0.3648146390914917,4.42197322845459,-0.9541321992874146,0.41391387581825256,-0.20403867959976196,-0.31660324335098267,-0.2854377329349518,0.08712854981422424
15.780000000000001,1.5310146808624268,-0.3606898784637451,4.419937610626221,-0.9572728872299194,0.41104674339294434,-0.20317551493644714,-0.31180983781814575,-0.2880038022994995,0.08537280559539795
15.790000000000001,1.5214259624481201,-0.35659360885620117,4.417910575866699,-0.9603668451309204,0.4081537425518036,-0.2023308277130127,-0.30702030658721924,-0.2905516028404236,0.08360964059829712
15.8,1.5118067264556885,-0.3525271415710449,4.415891647338867,-0.9634140729904175,0.405236154794693,-0.20150327682495117,-0.30223548412323,-0.29308074712753296,0.08183863759040833
15.81,1.5021576881408691,-0.34848880767822266,4.413880825042725,-0.9664120078086853,0.4022919833660126,-0.20069395005702972,-0.2974558472633362,-0.29559141397476196,0.08006027340888977
15.82,1.492479681968689,-0.3444812297821045,4.41187858581543,-0.9693623781204224,0.3993240296840668,-0.19990161061286926,-0.2926819920539856,-0.2980828285217285,0.07827413082122803
15.83,1.4827702045440674,-0.3405025005340576,4.409883975982666,-0.9722659587860107,0.3963305950164795,-0.19912800192832947,-0.28791260719299316,-0.3005558252334595,0.07648107409477234
15.84,1.4730333089828491,-0.33655405044555664,4.407896995544434,-0.975121796131134,0.3933125436306,-0.19837181270122528,-0.2831496596336365,-0.30300959944725037,0.07468071579933167
15.85,1.4632678031921387,-0.33263659477233887,4.405917167663574,-0.9779293537139893,0.390270859003067,-0.19763429462909698,-0.2783927619457245,-0.3054439425468445,0.07287368178367615
15.860000000000001,1.4534757137298584,-0.3287491798400879,4.403943061828613,-0.9806881546974182,0.38720381259918213,-0.19691528379917145,-0.273642897605896,-0.3078588843345642,0.07106047868728638
15.870000000000001,1.4436553716659546,-0.32489264011383057,4.401976108551025,-0.9834014177322388,0.3841133415699005,-0.1962141990661621,-0.26889896392822266,-0.31025439500808716,0.06924009323120117
15.88,1.4338074922561646,-0.32106709480285645,4.400017738342285,-0.986067533493042,0.38099920749664307,-0.19553062319755554,-0.2641618251800537,-0.3126305341720581,0.06741288304328918
15.89,1.423933506011963,-0.3172725439071655,4.398064613342285,-0.988684356212616,0.3778608739376068,-0.1948661506175995,-0.25943201780319214,-0.3149867653846741,0.06557959318161011
15.9,1.4140338897705078,-0.3135101795196533,4.396121501922607,-0.991255521774292,0.3746997117996216,-0.19421863555908203,-0.2547095715999603,-0.3173227310180664,0.0637391209602356
15.91,1.4041087627410889,-0.30977869033813477,4.394180774688721,-0.9937795400619507,0.37151411175727844,-0.19359087944030762,-0.24999463558197021,-0.31963902711868286,0.06189355254173279
15.92,1.394158124923706,-0.3060798645019531,4.392248630523682,-0.9962558150291443,0.36830687522888184,-0.19298094511032104,-0.24528755247592926,-0.3219349980354309,0.060041576623916626
15.93,1.384183645248413,-0.3024122714996338,4.390321731567383,-0.9986846446990967,0.3650754690170288,-0.19239002466201782,-0.24058878421783447,-0.32421112060546875,0.058183908462524414
15.94,1.3741858005523682,-0.2987781763076782,4.388401985168457,-1.00106680393219,0.36182254552841187,-0.19181683659553528,-0.23589883744716644,-0.32646608352661133,0.05632022023200989
15.950000000000001,1.3641630411148071,-0.2951763868331909,4.386486530303955,-1.0034033060073853,0.35854679346084595,-0.19126322865486145,-0.23121677339076996,-0.3287007808685303,0.05445137619972229
15.96,1.3541171550750732,-0.2916069030761719,4.38457727432251,-1.0056920051574707,0.3552478849887848,-0.19072774052619934,-0.22654372453689575,-0.33091500401496887,0.05257701873779297
15.97,1.344048261642456,-0.2880713939666748,4.3826727867126465,-1.0079340934753418,0.35192838311195374,-0.19021156430244446,-0.2218792587518692,-0.333108127117157,0.050697654485702515
15.98,1.3339588642120361,-0.28456926345825195,4.380772113800049,-1.0101295709609985,0.3485870957374573,-0.18971461057662964,-0.21722514927387238,-0.3352803587913513,0.04881387948989868
15.99,1.3238463401794434,-0.28109967708587646,4.378877639770508,-1.0122783184051514,0.34522271156311035,-0.18923604488372803,-0.21258006989955902,-0.3374316692352295,0.046924471855163574
16.0,1.3137134313583374,-0.27766430377960205,4.376986026763916,-1.0143804550170898,0.3418378233909607,-0.18877634406089783,-0.2079448699951172,-0.3395617604255676,0.045030295848846436
16.01,1.303558588027954,-0.2742629051208496,4.375099182128906,-1.0164376497268677,0.33843135833740234,-0.18833550810813904,-0.20331940054893494,-0.34167057275772095,0.043131470680236816
16.02,1.2933845520019531,-0.27089595794677734,4.373218059539795,-1.0184471607208252,0.33500486612319946,-0.18791383504867554,-0.1987045407295227,-0.3437577784061432,0.04122808575630188
16.03,1.2831897735595703,-0.2675628662109375,4.371341705322266,-1.0204110145568848,0.331556111574173,-0.1875109076499939,-0.19409993290901184,-0.3458236753940582,0.039320170879364014
16.04,1.2729761600494385,-0.26426422595977783,4.369468688964844,-1.022329568862915,0.32808738946914673,-0.1871274709701538,-0.18950603902339935,-0.3478679656982422,0.037408262491226196
16.05,1.262744426727295,-0.2610015869140625,4.367599964141846,-1.024201512336731,0.32459941506385803,-0.18676230311393738,-0.18492349982261658,-0.3498898148536682,0.03549185395240784
16.06,1.2524926662445068,-0.25777292251586914,4.365735054016113,-1.0260286331176758,0.3210902512073517,-0.18641677498817444,-0.18035148084163666,-0.35189032554626465,0.03357169032096863
16.07,1.242224097251892,-0.254580020904541,4.36387300491333,-1.0278078317642212,0.317562073469162,-0.18609046936035156,-0.17579150199890137,-0.3538687527179718,0.03164780139923096
16.080000000000002,1.2319366931915283,-0.25142180919647217,4.362013816833496,-1.0295439958572388,0.31401336193084717,-0.1857837438583374,-0.1712423413991928,-0.3558252453804016,0.029720604419708252
16.09,1.221632719039917,-0.24829912185668945,4.3601579666137695,-1.0312341451644897,0.31044453382492065,-0.18549609184265137,-0.16670508682727814,-0.35775935649871826,0.027789682149887085
16.1,1.2113120555877686,-0.24521303176879883,4.358302593231201,-1.0328772068023682,0.3068585991859436,-0.1852281391620636,-0.16218025982379913,-0.3596709966659546,0.025855928659439087
16.11,1.2009751796722412,-0.24216222763061523,4.356451988220215,-1.0344769954681396,0.30325159430503845,-0.18497911095619202,-0.15766718983650208,-0.36156031489372253,0.023918509483337402
16.12,1.1906213760375977,-0.23914778232574463,4.354601860046387,-1.0360316038131714,0.29962676763534546,-0.1847500503063202,-0.1531660109758377,-0.3634270429611206,0.021978527307510376
16.13,1.1802551746368408,-0.23617017269134521,4.352756500244141,-1.037541151046753,0.2959837317466736,-0.18453985452651978,-0.14867891371250153,-0.36527085304260254,0.02003571391105652
16.14,1.169872760772705,-0.23322844505310059,4.350912094116211,-1.0390050411224365,0.2923215627670288,-0.18434935808181763,-0.14420396089553833,-0.3670921325683594,0.018089890480041504
16.15,1.159475326538086,-0.2303239107131958,4.3490681648254395,-1.0404245853424072,0.2886423170566559,-0.1841781735420227,-0.139741912484169,-0.3688904941082001,0.016141533851623535
16.16,1.149064064025879,-0.22745561599731445,4.347227573394775,-1.0418002605438232,0.28494372963905334,-0.18402674794197083,-0.13529281318187714,-0.37066593766212463,0.014190733432769775
16.17,1.1386394500732422,-0.22462475299835205,4.345388412475586,-1.043129801750183,0.28122836351394653,-0.1838943064212799,-0.13085772097110748,-0.3724181652069092,0.012237459421157837
16.18,1.1282004117965698,-0.22183072566986084,4.343550205230713,-1.0444172620773315,0.2774948477745056,-0.18378186225891113,-0.12643496692180634,-0.3741475045681,0.01028221845626831
16.19,1.1177493333816528,-0.21907460689544678,4.3417134284973145,-1.045660376548767,0.27374547719955444,-0.1836886703968048,-0.12202653288841248,-0.37585335969924927,0.00832483172416687
16.2,1.1072875261306763,-0.2163558006286621,4.339877128601074,-1.0468571186065674,0.26997771859169006,-0.18361544609069824,-0.11763297021389008,-0.3775358200073242,0.0063658058643341064
16.21,1.0968149900436401,-0.21367573738098145,4.338040351867676,-1.0480118989944458,0.2661958336830139,-0.1835615336894989,-0.11325378715991974,-0.3791942894458771,0.004405587911605835
16.22,1.0863289833068848,-0.21103239059448242,4.336205005645752,-1.0491224527359009,0.262394517660141,-0.18352743983268738,-0.10888822376728058,-0.38082993030548096,0.0024433434009552
16.23,1.0758322477340698,-0.20842766761779785,4.3343706130981445,-1.0501899719238281,0.25857874751091003,-0.18351265788078308,-0.10453681647777557,-0.38244155049324036,0.0004794597625732422
16.240000000000002,1.0653237104415894,-0.20586085319519043,4.332533836364746,-1.0512139797210693,0.25474610924720764,-0.18351805210113525,-0.10019971430301666,-0.38402944803237915,-0.0014851093292236328
16.25,1.0548069477081299,-0.20333266258239746,4.3306989669799805,-1.0521938800811768,0.2508980929851532,-0.18354257941246033,-0.09587837755680084,-0.38559359312057495,-0.0034513771533966064
16.26,1.0442794561386108,-0.2008429765701294,4.328861713409424,-1.0531319379806519,0.24703361093997955,-0.1835872232913971,-0.09157150983810425,-0.3871336579322815,-0.005417943000793457
16.27,1.0337440967559814,-0.19839191436767578,4.327025890350342,-1.054025650024414,0.2431553304195404,-0.1836511194705963,-0.08728045225143433,-0.38864976167678833,-0.007385939359664917
16.28,1.0231993198394775,-0.19597983360290527,4.325189590454102,-1.0548769235610962,0.23926107585430145,-0.18373456597328186,-0.08300468325614929,-0.39014172554016113,-0.00935453176498413
16.29,1.0126463174819946,-0.19360649585723877,4.323351860046387,-1.055686116218567,0.23535199463367462,-0.1838381588459015,-0.07874411344528198,-0.3916096091270447,-0.011323392391204834
16.3,1.0020880699157715,-0.19127297401428223,4.321514129638672,-1.0564517974853516,0.23142960667610168,-0.18396076560020447,-0.07450075447559357,-0.3930526375770569,-0.01329311728477478
16.31,0.9915181994438171,-0.18897831439971924,4.319674491882324,-1.0571759939193726,0.22749115526676178,-0.1841033697128296,-0.07027140259742737,-0.39447176456451416,-0.015262782573699951
16.32,0.980943500995636,-0.186722993850708,4.3178324699401855,-1.0578570365905762,0.22353968024253845,-0.18426603078842163,-0.06605902314186096,-0.3958664536476135,-0.01723220944404602
16.330000000000002,0.9703607559204102,-0.18450748920440674,4.3159894943237305,-1.058497428894043,0.21957384049892426,-0.1844480037689209,-0.061862215399742126,-0.39723649621009827,-0.01920183002948761
16.34,0.9597732424736023,-0.18233144283294678,4.314144611358643,-1.0590945482254028,0.21559487283229828,-0.1846497356891632,-0.05768239498138428,-0.3985818922519684,-0.02117118239402771
16.35,0.9491792321205139,-0.18019568920135498,4.312295436859131,-1.0596504211425781,0.2116030752658844,-0.18487152457237244,-0.05351901054382324,-0.3999025225639343,-0.023139655590057373
16.36,0.9385799765586853,-0.1780996322631836,4.310446262359619,-1.0601654052734375,0.2075972706079483,-0.18511268496513367,-0.04937185347080231,-0.40119844675064087,-0.02510809898376465
16.37,0.9279755353927612,-0.17604362964630127,4.308591842651367,-1.0606383085250854,0.20357900857925415,-0.18537387251853943,-0.045241907238960266,-0.4024694263935089,-0.02707524597644806
16.38,0.9173681735992432,-0.17402827739715576,4.306737422943115,-1.0610699653625488,0.199548602104187,-0.18565452098846436,-0.04112933576107025,-0.4037153720855713,-0.029041364789009094
16.39,0.9067559242248535,-0.17205286026000977,4.304880142211914,-1.061460256576538,0.19550448656082153,-0.18595466017723083,-0.03703363239765167,-0.4049364924430847,-0.03100728988647461
16.4,0.8961386680603027,-0.17011821269989014,4.303017616271973,-1.0618109703063965,0.19144977629184723,-0.18627452850341797,-0.03295452892780304,-0.4061324894428253,-0.03297187387943268
16.41,0.8855195045471191,-0.16822397708892822,4.301153182983398,-1.0621198415756226,0.1873822957277298,-0.18661421537399292,-0.02889353036880493,-0.4073033332824707,-0.03493510186672211
16.42,0.8748966455459595,-0.16637063026428223,4.299285888671875,-1.0623881816864014,0.1833036243915558,-0.18697327375411987,-0.024849921464920044,-0.4084489047527313,-0.036897242069244385
16.43,0.8642714023590088,-0.16455769538879395,4.297414779663086,-1.0626171827316284,0.17921224236488342,-0.18735215067863464,-0.020823493599891663,-0.4095693826675415,-0.038857460021972656
16.44,0.8536438941955566,-0.16278600692749023,4.295539855957031,-1.0628050565719604,0.17511172592639923,-0.18775033950805664,-0.016815349459648132,-0.4106643497943878,-0.04081633687019348
16.45,0.8430156707763672,-0.1610555648803711,4.2936601638793945,-1.0629527568817139,0.1709994375705719,-0.1881684958934784,-0.012825310230255127,-0.4117339253425598,-0.04277297854423523
16.46,0.8323867321014404,-0.15936636924743652,4.291775703430176,-1.063061237335205,0.1668773889541626,-0.18860596418380737,-0.008853510022163391,-0.412777841091156,-0.04472716152667999
16.47,0.8217546939849854,-0.15771818161010742,4.289887428283691,-1.0631307363510132,0.16274461150169373,-0.18906301259994507,-0.004898950457572937,-0.4137963652610779,-0.046679675579071045
16.48,0.811123788356781,-0.156111478805542,4.287994861602783,-1.0631593465805054,0.1586008071899414,-0.18953952193260193,-0.0009634345769882202,-0.41478922963142395,-0.04863019287586212
16.490000000000002,0.8004919290542603,-0.15454626083374023,4.286095142364502,-1.063149333000183,0.1544487327337265,-0.1900358498096466,0.0029537230730056763,-0.4157564640045166,-0.05057767033576965
16.5,0.7898604273796082,-0.1530224084854126,4.28419303894043,-1.0631006956100464,0.15028709173202515,-0.19055116176605225,0.006852865219116211,-0.41669797897338867,-0.0525231808423996
16.51,0.7792296409606934,-0.15154039859771729,4.282283306121826,-1.0630124807357788,0.14611467719078064,-0.19108638167381287,0.010732784867286682,-0.4176136255264282,-0.05446530878543854
16.52,0.7686007022857666,-0.15010035037994385,4.280370235443115,-1.0628854036331177,0.14193418622016907,-0.19164061546325684,0.014593780040740967,-0.4185035228729248,-0.05640518665313721
16.53,0.7579715251922607,-0.14870166778564453,4.278451442718506,-1.0627208948135376,0.13774463534355164,-0.1922142207622528,0.018436744809150696,-0.41936755180358887,-0.05834202468395233
16.54,0.7473445534706116,-0.1473451852798462,4.27652645111084,-1.0625172853469849,0.1335468590259552,-0.19280749559402466,0.022260650992393494,-0.42020559310913086,-0.060275375843048096
16.55,0.7367222309112549,-0.14603102207183838,4.274596691131592,-1.0622761249542236,0.129341721534729,-0.1934194564819336,0.026064395904541016,-0.4210174083709717,-0.06220610439777374
16.56,0.726101279258728,-0.14475858211517334,4.272659778594971,-1.0619957447052002,0.12512674927711487,-0.1940510869026184,0.029848605394363403,-0.42180341482162476,-0.06413300335407257
16.57,0.7154827117919922,-0.14352846145629883,4.270716190338135,-1.0616787672042847,0.12090510874986649,-0.19470223784446716,0.033614739775657654,-0.422563374042511,-0.06605599820613861
16.580000000000002,0.7048666477203369,-0.14234042167663574,4.268766403198242,-1.0613245964050293,0.11667550355195999,-0.19537222385406494,0.037361592054367065,-0.42329710721969604,-0.06797558069229126
16.59,0.6942567825317383,-0.14119482040405273,4.266809940338135,-1.0609309673309326,0.11243908107280731,-0.19606152176856995,0.0410873144865036,-0.42400461435317993,-0.06989124417304993
16.6,0.6836471557617188,-0.14009177684783936,4.264843940734863,-1.0605024099349976,0.10819477587938309,-0.19677022099494934,0.04479585587978363,-0.42468583583831787,-0.0718022957444191
16.61,0.6730441451072693,-0.1390310525894165,4.26287317276001,-1.0600364208221436,0.10394527018070221,-0.1974976658821106,0.04848375916481018,-0.4253408908843994,-0.07370981574058533
16.62,0.6624469757080078,-0.13801276683807373,4.260892868041992,-1.0595322847366333,0.09968842566013336,-0.19824445247650146,0.052150413393974304,-0.4259696304798126,-0.07561236619949341
16.63,0.6518558263778687,-0.1370372772216797,4.258906841278076,-1.0589931011199951,0.09542719274759293,-0.19901007413864136,0.0557977557182312,-0.42657193541526794,-0.07751021534204483
16.64,0.641269326210022,-0.13610434532165527,4.256913661956787,-1.0584166049957275,0.09115773439407349,-0.19979456067085266,0.059425175189971924,-0.42714786529541016,-0.07940436154603958
16.65,0.6306871175765991,-0.1352142095565796,4.254910469055176,-1.0578049421310425,0.08688360452651978,-0.200597882270813,0.06303343176841736,-0.4276973605155945,-0.0812935009598732
16.66,0.6201115846633911,-0.13436675071716309,4.25290060043335,-1.0571563243865967,0.08260370045900345,-0.20142048597335815,0.06662149727344513,-0.42822039127349854,-0.08317767083644867
16.67,0.6095430850982666,-0.1335618495941162,4.250882625579834,-1.0564723014831543,0.07831919193267822,-0.20226162672042847,0.07018862664699554,-0.42871707677841187,-0.08505719155073166
16.68,0.5989816784858704,-0.13280022144317627,4.248856067657471,-1.0557529926300049,0.07402881979942322,-0.20312157273292542,0.07373608648777008,-0.42918699979782104,-0.08693116158246994
16.69,0.5884287357330322,-0.13208138942718506,4.24682092666626,-1.0549969673156738,0.06973482668399811,-0.20400026440620422,0.07726170122623444,-0.42963045835494995,-0.08880022168159485
16.7,0.5778822898864746,-0.13140559196472168,4.244776725769043,-1.0542070865631104,0.06543613970279694,-0.20489773154258728,0.08076833188533783,-0.43004727363586426,-0.09066347777843475
16.71,0.5673468112945557,-0.13077294826507568,4.242722511291504,-1.0533820390701294,0.06113424897193909,-0.20581334829330444,0.0842527449131012,-0.43043747544288635,-0.09252078086137772
16.72,0.5568147301673889,-0.13018286228179932,4.240659713745117,-1.052522897720337,0.05682868883013725,-0.2067478895187378,0.08771923184394836,-0.4308010935783386,-0.09437274187803268
16.73,0.5462945699691772,-0.12963628768920898,4.238587856292725,-1.0516281127929688,0.05251813307404518,-0.20770087838172913,0.0911632776260376,-0.43113794922828674,-0.09621924161911011
16.740000000000002,0.5357826948165894,-0.12913274765014648,4.236504554748535,-1.050699234008789,0.04820530116558075,-0.208672434091568,0.09458670020103455,-0.4314481019973755,-0.09805910289287567
16.75,0.525280237197876,-0.12867224216461182,4.234413146972656,-1.049736499786377,0.04388909786939621,-0.20966210961341858,0.097990021109581,-0.43173158168792725,-0.0998934805393219
16.76,0.5147875547409058,-0.12825477123260498,4.232309818267822,-1.0487395524978638,0.0395711287856102,-0.21067029237747192,0.10137182474136353,-0.43198832869529724,-0.10172095149755478
16.77,0.5043059587478638,-0.12788057327270508,4.230198860168457,-1.0477086305618286,0.03525017574429512,-0.21169671416282654,0.10473254323005676,-0.4322183132171631,-0.10354268550872803
16.78,0.49383294582366943,-0.1275496482849121,4.228078842163086,-1.0466450452804565,0.03092622384428978,-0.21274110674858093,0.10807330906391144,-0.4324215054512024,-0.1053590178489685
16.79,0.48337265849113464,-0.12726199626922607,4.22594690322876,-1.045547366142273,0.026601750403642654,-0.2138037383556366,0.11139202117919922,-0.43259793519973755,-0.1071675568819046
16.8,0.4729238450527191,-0.12701773643493652,4.223802089691162,-1.044417142868042,0.022275477647781372,-0.21488434076309204,0.11468972265720367,-0.43274736404418945,-0.10896814614534378
16.81,0.46248525381088257,-0.1268167495727539,4.221648693084717,-1.043253779411316,0.017947085201740265,-0.21598288416862488,0.11796638369560242,-0.43287014961242676,-0.11076293885707855
16.82,0.4520583748817444,-0.12665867805480957,4.219483375549316,-1.042057991027832,0.01361752301454544,-0.21709957718849182,0.12122264504432678,-0.43296611309051514,-0.1125502809882164
16.830000000000002,0.44164371490478516,-0.12654435634613037,4.217307090759277,-1.0408294200897217,0.009287223219871521,-0.21823400259017944,0.12445692718029022,-0.43303513526916504,-0.11433080583810806
16.84,0.43124234676361084,-0.12647294998168945,4.215119361877441,-1.0395684242248535,0.004957288503646851,-0.2193862497806549,0.12766984105110168,-0.4330773949623108,-0.11610359698534012
16.85,0.4208519160747528,-0.12644541263580322,4.212918281555176,-1.0382763147354126,0.0006255879998207092,-0.22055602073669434,0.13086248934268951,-0.4330926537513733,-0.1178690493106842
16.86,0.410476416349411,-0.12646079063415527,4.210707664489746,-1.0369513034820557,-0.0037051960825920105,-0.22174355387687683,0.1340327113866806,-0.43308117985725403,-0.11962717771530151
16.87,0.4001134932041168,-0.12651944160461426,4.208482265472412,-1.0355952978134155,-0.008036114275455475,-0.22294870018959045,0.13718175888061523,-0.43304264545440674,-0.1213768944144249
16.88,0.3897664546966553,-0.12662148475646973,4.206247329711914,-1.0342077016830444,-0.012365669012069702,-0.22417092323303223,0.14030912518501282,-0.4329774081707001,-0.1231185644865036
16.89,0.3794301450252533,-0.12676656246185303,4.203999996185303,-1.0327895879745483,-0.01669435203075409,-0.2254108488559723,0.14341624081134796,-0.4328852891921997,-0.12485309690237045
16.9,0.36910930275917053,-0.12695491313934326,4.201737880706787,-1.0313397645950317,-0.021022535860538483,-0.22666805982589722,0.14650091528892517,-0.432766318321228,-0.12657883763313293
16.91,0.35880401730537415,-0.12718737125396729,4.199465274810791,-1.029859185218811,-0.025350309908390045,-0.22794246673583984,0.1495639681816101,-0.4326202869415283,-0.12829700112342834
16.92,0.3485116958618164,-0.12746202945709229,4.197180271148682,-1.028348684310913,-0.02967548370361328,-0.22923392057418823,0.15260660648345947,-0.43244749307632446,-0.13000677525997162
16.93,0.33823660016059875,-0.12778055667877197,4.194881439208984,-1.026807188987732,-0.03399927169084549,-0.2305426001548767,0.1556265950202942,-0.4322478175163269,-0.13170765340328217
16.94,0.32797619700431824,-0.12814223766326904,4.192569732666016,-1.025235891342163,-0.038320526480674744,-0.23186808824539185,0.15862515568733215,-0.43202126026153564,-0.13340027630329132
16.95,0.31773146986961365,-0.12854719161987305,4.190244674682617,-1.023634910583496,-0.04264029860496521,-0.23321068286895752,0.1616029143333435,-0.4317678213119507,-0.13508376479148865
16.96,0.30750423669815063,-0.12899529933929443,4.187904357910156,-1.0220041275024414,-0.046956032514572144,-0.23456954956054688,0.16455823183059692,-0.4314875900745392,-0.13675761222839355
16.97,0.2972923517227173,-0.12948596477508545,4.185552597045898,-1.0203437805175781,-0.051268771290779114,-0.23594552278518677,0.16749200224876404,-0.43118053674697876,-0.1384235918521881
16.98,0.28709691762924194,-0.1300203800201416,4.1831865310668945,-1.018654465675354,-0.055579185485839844,-0.23733800649642944,0.17040488123893738,-0.43084657192230225,-0.14008040726184845
16.990000000000002,0.2769187390804291,-0.13059771060943604,4.180807113647461,-1.01693594455719,-0.05988577753305435,-0.23874735832214355,0.17329534888267517,-0.4304858446121216,-0.14172881841659546
17.0,0.26675888895988464,-0.13121843338012695,4.178412914276123,-1.015188217163086,-0.06418953090906143,-0.24017274379730225,0.17616397142410278,-0.43009820580482483,-0.1433669924736023
17.01,0.2566145360469818,-0.1318812370300293,4.176002502441406,-1.0134127140045166,-0.06848728656768799,-0.24161463975906372,0.17901207506656647,-0.42968395352363586,-0.14499497413635254
17.02,0.2464888095855713,-0.13258802890777588,4.173579692840576,-1.0116081237792969,-0.07278276234865189,-0.24307280778884888,0.18183816969394684,-0.42924273014068604,-0.14661400020122528
17.03,0.23638170957565308,-0.1333373785018921,4.171141624450684,-1.0097756385803223,-0.07707321643829346,-0.2445470690727234,0.18464195728302002,-0.428774893283844,-0.14822286367416382
17.04,0.22629395127296448,-0.13412904739379883,4.168689250946045,-1.0079150199890137,-0.08135788142681122,-0.2460373044013977,0.18742388486862183,-0.42828044295310974,-0.14982225000858307
17.05,0.21622547507286072,-0.1349637508392334,4.166220188140869,-1.0060276985168457,-0.08563709259033203,-0.24754303693771362,0.19018438458442688,-0.4277592897415161,-0.1514105200767517
17.06,0.20617461204528809,-0.13584184646606445,4.163737773895264,-1.0041121244430542,-0.08991267532110214,-0.24906516075134277,0.19292312860488892,-0.4272112250328064,-0.15298978984355927
17.07,0.19614386558532715,-0.13676214218139648,4.1612396240234375,-1.0021690130233765,-0.09418186545372009,-0.25060296058654785,0.19564002752304077,-0.42663657665252686,-0.15455840528011322
17.080000000000002,0.1861293911933899,-0.137725830078125,4.158726215362549,-1.000199317932129,-0.09844601899385452,-0.2521563172340393,0.19833721220493317,-0.42603522539138794,-0.15611708164215088
17.09,0.17613813281059265,-0.1387312412261963,4.156195163726807,-0.9982023239135742,-0.10270263999700546,-0.2537252902984619,0.20101076364517212,-0.42540743947029114,-0.15766459703445435
17.1,0.16616597771644592,-0.13977956771850586,4.153650283813477,-0.9961788058280945,-0.1069537103176117,-0.25530970096588135,0.20366281270980835,-0.4247529208660126,-0.15920215845108032
17.11,0.15621405839920044,-0.14087021350860596,4.151087760925293,-0.9941291809082031,-0.11119777709245682,-0.25690925121307373,0.20629407465457916,-0.42407193779945374,-0.16072838008403778
17.12,0.14628297090530396,-0.142004132270813,4.148510932922363,-0.9920530319213867,-0.11543577164411545,-0.25852417945861816,0.20890283584594727,-0.4233643114566803,-0.16224440932273865
17.13,0.1363762617111206,-0.1431792974472046,4.145918369293213,-0.9899512529373169,-0.1196652203798294,-0.26015377044677734,0.2114889919757843,-0.4226304888725281,-0.16374871134757996
17.14,0.12648463249206543,-0.14439654350280762,4.143307209014893,-0.9878237247467041,-0.12388710677623749,-0.2617988586425781,0.21405640244483948,-0.4218701720237732,-0.1652424931526184
17.150000000000002,0.11661696434020996,-0.14565670490264893,4.140681266784668,-0.9856703281402588,-0.1281021684408188,-0.2634587287902832,0.21660040318965912,-0.4210832417011261,-0.16672493517398834
17.16,0.10677191615104675,-0.14695870876312256,4.138038635253906,-0.9834914207458496,-0.13230887055397034,-0.2651333212852478,0.21912267804145813,-0.42027008533477783,-0.16819651424884796
17.17,0.09694778919219971,-0.14830350875854492,4.135379314422607,-0.9812877774238586,-0.13650862872600555,-0.2668226957321167,0.22162353992462158,-0.4194304049015045,-0.16965629160404205
17.18,0.08714568614959717,-0.1496891975402832,4.132702827453613,-0.979059100151062,-0.14069800078868866,-0.26852649450302124,0.22410373389720917,-0.41856467723846436,-0.17110495269298553
17.19,0.07736611366271973,-0.15111660957336426,4.130009651184082,-0.9768058061599731,-0.1448785960674286,-0.27024489641189575,0.22656160593032837,-0.417672723531723,-0.17254197597503662
17.2,0.0676102340221405,-0.1525866985321045,4.1272969245910645,-0.9745277166366577,-0.14905156195163727,-0.27197736501693726,0.2289978414773941,-0.4167543053627014,-0.17396661639213562
17.21,0.05787628889083862,-0.15409791469573975,4.124571323394775,-0.9722261428833008,-0.15321382880210876,-0.2737242579460144,0.23141387104988098,-0.4158099889755249,-0.17538073658943176
17.22,0.04816645383834839,-0.15565073490142822,4.121826171875,-0.9698997139930725,-0.1573670208454132,-0.27548515796661377,0.23380723595619202,-0.414839506149292,-0.17678223550319672
17.23,0.03847894072532654,-0.15724527835845947,4.119060516357422,-0.9675498008728027,-0.16151069104671478,-0.27725982666015625,0.2361794114112854,-0.4138428568840027,-0.17817099392414093
17.240000000000002,0.02881389856338501,-0.15888071060180664,4.116279602050781,-0.9651764631271362,-0.16564343869686127,-0.2790485620498657,0.23853129148483276,-0.41282033920288086,-0.1795482486486435
17.25,0.019174933433532715,-0.16055834293365479,4.113479137420654,-0.9627794027328491,-0.16976718604564667,-0.280850887298584,0.24086064100265503,-0.41177165508270264,-0.18091295659542084
17.26,0.009559035301208496,-0.16227614879608154,4.110661506652832,-0.9603590965270996,-0.17387892305850983,-0.28266680240631104,0.24316886067390442,-0.4106972813606262,-0.18226516246795654
17.27,-3.403425216674805e-05,-0.16403567790985107,4.107826232910156,-0.9579156637191772,-0.17798112332820892,-0.2844963073730469,0.24545758962631226,-0.4095967411994934,-0.18360525369644165
17.28,-0.009601056575775146,-0.16583597660064697,4.104971885681152,-0.9554498195648193,-0.18207137286663055,-0.2863389253616333,0.24772340059280396,-0.4084707498550415,-0.18493233621120453
17.29,-0.0191422700881958,-0.167677640914917,4.102099895477295,-0.9529610872268677,-0.1861511468887329,-0.2881948947906494,0.24996787309646606,-0.40731868147850037,-0.18624716997146606
17.3,-0.028657078742980957,-0.16955900192260742,4.099207401275635,-0.9504509568214417,-0.1902175098657608,-0.29006338119506836,0.2521907091140747,-0.40614134073257446,-0.18754816055297852
17.31,-0.03814932703971863,-0.17148113250732422,4.0962982177734375,-0.9479179382324219,-0.1942727267742157,-0.2919454574584961,0.2543940842151642,-0.4049382209777832,-0.1888372302055359
17.32,-0.04761594533920288,-0.17344355583190918,4.093369483947754,-0.9453631639480591,-0.19831539690494537,-0.2938401699066162,0.2565755248069763,-0.4037095904350281,-0.19011290371418
17.330000000000002,-0.057056933641433716,-0.17544758319854736,4.0904221534729,-0.9427865743637085,-0.20234699547290802,-0.2957477569580078,0.2587360739707947,-0.4024551808834076,-0.19137591123580933
17.34,-0.0664721429347992,-0.17749106884002686,4.087453365325928,-0.9401884078979492,-0.20636510848999023,-0.2976676821708679,0.2608765661716461,-0.4011755585670471,-0.1926250159740448
17.35,-0.0758611261844635,-0.1795750856399536,4.08446741104126,-0.9375690221786499,-0.21037054061889648,-0.2996002435684204,0.26299524307250977,-0.3998703956604004,-0.19386142492294312
17.36,-0.08522281050682068,-0.18169808387756348,4.081459999084473,-0.9349284172058105,-0.21436206996440887,-0.3015449047088623,0.26509296894073486,-0.3985401391983032,-0.1950838267803192
17.37,-0.09456276893615723,-0.1838623285293579,4.07843542098999,-0.932266354560852,-0.21834145486354828,-0.30350184440612793,0.2671726942062378,-0.3971843719482422,-0.19629336893558502
17.38,-0.10386621952056885,-0.1860651969909668,4.0753912925720215,-0.9295856952667236,-0.22230590879917145,-0.30547034740448,0.26922667026519775,-0.39580386877059937,-0.19748857617378235
17.39,-0.1131487786769867,-0.1883080005645752,4.072325229644775,-0.926883339881897,-0.2262568473815918,-0.307451069355011,0.27126243710517883,-0.394398033618927,-0.19867059588432312
17.400000000000002,-0.12240421772003174,-0.19059038162231445,4.069241046905518,-0.9241607189178467,-0.23019394278526306,-0.3094436526298523,0.27327761054039,-0.39296698570251465,-0.19983863830566406
17.41,-0.1316324770450592,-0.19291174411773682,4.066137313842773,-0.9214178323745728,-0.23411618173122406,-0.3114479184150696,0.27527308464050293,-0.3915112018585205,-0.20099321007728577
17.42,-0.1408330798149109,-0.1952730417251587,4.063012599945068,-0.9186552166938782,-0.23802466690540314,-0.31346362829208374,0.27724725008010864,-0.3900303244590759,-0.2021333873271942
17.43,-0.15000489354133606,-0.19767296314239502,4.059868335723877,-0.9158728122711182,-0.24191740155220032,-0.31549063324928284,0.27920079231262207,-0.3885248601436615,-0.2032599002122879
17.44,-0.15915349125862122,-0.20011115074157715,4.056704044342041,-0.9130703210830688,-0.24579469859600067,-0.31752902269363403,0.28113675117492676,-0.38699454069137573,-0.20437225699424744
17.45,-0.16826927661895752,-0.20258831977844238,4.053516864776611,-0.9102491140365601,-0.2496567964553833,-0.31957805156707764,0.28304964303970337,-0.38543975353240967,-0.20546963810920715
17.46,-0.17735549807548523,-0.20510387420654297,4.050313472747803,-0.9074100255966187,-0.25350290536880493,-0.3216385841369629,0.2849418520927429,-0.3838605582714081,-0.2065540850162506
17.47,-0.18641558289527893,-0.2076578140258789,4.047087669372559,-0.904551088809967,-0.2573333978652954,-0.3237096071243286,0.2868154048919678,-0.38225674629211426,-0.20762336254119873
17.48,-0.19544696807861328,-0.21025049686431885,4.043838024139404,-0.9016737341880798,-0.26114803552627563,-0.32579097151756287,0.2886680066585541,-0.38062822818756104,-0.2086775004863739
17.490000000000002,-0.20444944500923157,-0.21288025379180908,4.040570259094238,-0.898777961730957,-0.26494547724723816,-0.3278830349445343,0.29050061106681824,-0.3789758086204529,-0.20971766114234924
17.5,-0.213422954082489,-0.21554946899414062,4.037280082702637,-0.8958637714385986,-0.2687276601791382,-0.3299853503704071,0.2923140823841095,-0.3772987127304077,-0.21074283123016357
17.51,-0.22236716747283936,-0.21825551986694336,4.033969402313232,-0.8929315805435181,-0.27249211072921753,-0.3320977985858917,0.2941068708896637,-0.3755978047847748,-0.21175311505794525
17.52,-0.23128092288970947,-0.22099971771240234,4.030638694763184,-0.8899816274642944,-0.2762400507926941,-0.3342204988002777,0.295879602432251,-0.3738725185394287,-0.2127489149570465
17.53,-0.24016720056533813,-0.22378003597259521,4.027285575866699,-0.8870140314102173,-0.2799695134162903,-0.3363529145717621,0.2976338267326355,-0.3721236288547516,-0.2137293517589569
17.54,-0.24902161955833435,-0.22659921646118164,4.023911476135254,-0.8840289115905762,-0.28368261456489563,-0.3384949862957001,0.29936715960502625,-0.37035056948661804,-0.2146948277950287
17.55,-0.25784727931022644,-0.22945380210876465,4.020514965057373,-0.8810265064239502,-0.2873762249946594,-0.34064599871635437,0.3010820150375366,-0.3685542941093445,-0.21564458310604095
17.56,-0.2666415572166443,-0.2323462963104248,4.017098903656006,-0.8780070543289185,-0.29105305671691895,-0.34280750155448914,0.3027762472629547,-0.3667339086532593,-0.21658045053482056
17.57,-0.27540791034698486,-0.23527538776397705,4.013659954071045,-0.8749709129333496,-0.29471147060394287,-0.34497779607772827,0.30445238947868347,-0.36488986015319824,-0.21750028431415558
17.580000000000002,-0.28414252400398254,-0.23823988437652588,4.010199069976807,-0.8719182014465332,-0.29835039377212524,-0.34715738892555237,0.3061080276966095,-0.3630225658416748,-0.21840469539165497
17.59,-0.29284554719924927,-0.24124133586883545,4.006714820861816,-0.8688488006591797,-0.3019711673259735,-0.3493456244468689,0.3077442944049835,-0.36113184690475464,-0.21929344534873962
17.6,-0.3015199601650238,-0.24428009986877441,4.003211498260498,-0.865763247013092,-0.3055736720561981,-0.3515433371067047,0.309362530708313,-0.3592175841331482,-0.22016772627830505
17.61,-0.3101612329483032,-0.2473529577255249,3.999683380126953,-0.862661600112915,-0.30915558338165283,-0.3537490963935852,0.31096047163009644,-0.357280433177948,-0.22102534770965576
17.62,-0.318772554397583,-0.25046300888061523,3.9961349964141846,-0.8595441579818726,-0.3127192258834839,-0.3559635281562805,0.31253957748413086,-0.3553197383880615,-0.2218676060438156
17.63,-0.3273526430130005,-0.25360727310180664,3.992565155029297,-0.8564103841781616,-0.3162616491317749,-0.358185738325119,0.3141014575958252,-0.3533368408679962,-0.2226938158273697
17.64,-0.33590126037597656,-0.2567873001098633,3.988971471786499,-0.8532617688179016,-0.3197849690914154,-0.3604169487953186,0.315642774105072,-0.35133060812950134,-0.22350502014160156
17.650000000000002,-0.3444172739982605,-0.2600036859512329,3.985356092453003,-0.85009765625,-0.32328882813453674,-0.3626559376716614,0.3171651363372803,-0.34930142760276794,-0.22429978847503662
17.66,-0.35290247201919556,-0.2632535696029663,3.9817183017730713,-0.8469185829162598,-0.32677140831947327,-0.3649027645587921,0.3186689615249634,-0.3472496271133423,-0.22507858276367188
17.67,-0.3613571226596832,-0.26653897762298584,3.978058099746704,-0.8437243700027466,-0.3302338123321533,-0.3671574592590332,0.3201552927494049,-0.34517526626586914,-0.22584135830402374
17.68,-0.36977753043174744,-0.2698582410812378,3.9743762016296387,-0.8405154347419739,-0.33367499709129333,-0.36941999197006226,0.32162195444107056,-0.34307861328125,-0.22658875584602356
17.69,-0.3781667947769165,-0.2732124328613281,3.970670700073242,-0.8372920751571655,-0.3370954394340515,-0.3716895282268524,0.32307034730911255,-0.34095942974090576,-0.22731924057006836
17.7,-0.3865237832069397,-0.2765997648239136,3.9669408798217773,-0.8340539932250977,-0.34049373865127563,-0.3739660382270813,0.3245011270046234,-0.3388182520866394,-0.22803319990634918
17.71,-0.3948461711406708,-0.280021071434021,3.9631927013397217,-0.8308027982711792,-0.34387069940567017,-0.3762504756450653,0.3259124755859375,-0.3366550803184509,-0.22873210906982422
17.72,-0.4031369984149933,-0.2834775447845459,3.9594197273254395,-0.8275367021560669,-0.3472270965576172,-0.37854158878326416,0.32730597257614136,-0.33446943759918213,-0.2294144332408905
17.73,-0.41139736771583557,-0.28696632385253906,3.9556212425231934,-0.8242566585540771,-0.35056072473526,-0.3808388113975525,0.32868266105651855,-0.3322622776031494,-0.2300792634487152
17.740000000000002,-0.41962260007858276,-0.2904876470565796,3.951801300048828,-0.8209630250930786,-0.35387158393859863,-0.3831427991390228,0.3300401568412781,-0.3300333619117737,-0.23072780668735504
17.75,-0.4278159737586975,-0.29404330253601074,3.9479565620422363,-0.8176560401916504,-0.35716086626052856,-0.3854530155658722,0.33138003945350647,-0.3277825117111206,-0.2313595414161682
17.76,-0.43597739934921265,-0.29763102531433105,3.944091558456421,-0.8143354654312134,-0.3604273200035095,-0.3877701759338379,0.3327031135559082,-0.32551032304763794,-0.2319757044315338
17.77,-0.44410309195518494,-0.301253080368042,3.940202236175537,-0.8110020160675049,-0.36367207765579224,-0.3900929391384125,0.33400729298591614,-0.32321614027023315,-0.23257434368133545
17.78,-0.4521966874599457,-0.3049049377441406,3.9362897872924805,-0.8076554536819458,-0.3668920695781708,-0.3924214541912079,0.3352941870689392,-0.3209013342857361,-0.2331562489271164
17.79,-0.46025875210762024,-0.308590292930603,3.9323549270629883,-0.8042945265769958,-0.37008965015411377,-0.39475637674331665,0.33656564354896545,-0.3185650706291199,-0.23372209072113037
17.8,-0.46828100085258484,-0.3123065233230591,3.9283947944641113,-0.800925076007843,-0.3732631206512451,-0.3970954120159149,0.33781591057777405,-0.3162081241607666,-0.2342698574066162
17.81,-0.47627249360084534,-0.3160548210144043,3.924412250518799,-0.7975407242774963,-0.3764132261276245,-0.399440735578537,0.3390504717826843,-0.3138301372528076,-0.23480111360549927
17.82,-0.484231173992157,-0.3198356628417969,3.9204061031341553,-0.7941442728042603,-0.37954020500183105,-0.40179136395454407,0.34026801586151123,-0.31143099069595337,-0.2353154569864273
17.830000000000002,-0.4921569228172302,-0.3236457109451294,3.916377544403076,-0.7907352447509766,-0.3826419413089752,-0.4041474759578705,0.3414694666862488,-0.3090115785598755,-0.23581330478191376
17.84,-0.5000462532043457,-0.3274878263473511,3.912322521209717,-0.7873148322105408,-0.38572004437446594,-0.4065077006816864,0.342652827501297,-0.3065713047981262,-0.23629319667816162
17.85,-0.5079046487808228,-0.33136022090911865,3.90824556350708,-0.7838810682296753,-0.38877344131469727,-0.4088728725910187,0.343820720911026,-0.30411088466644287,-0.23675616085529327
17.86,-0.5157263875007629,-0.3352642059326172,3.9041433334350586,-0.7804367542266846,-0.3918028175830841,-0.4112425148487091,0.34497135877609253,-0.30162978172302246,-0.23720164597034454
17.87,-0.523513674736023,-0.3391960859298706,3.900020122528076,-0.7769815921783447,-0.3948059678077698,-0.4136170446872711,0.3461045026779175,-0.299128919839859,-0.23763088881969452
17.88,-0.5312633514404297,-0.3431588411331177,3.8958730697631836,-0.7735159397125244,-0.39778438210487366,-0.415994793176651,0.3472205698490143,-0.2966083884239197,-0.2380419820547104
17.89,-0.5389825105667114,-0.34715068340301514,3.8916995525360107,-0.7700378894805908,-0.4007372558116913,-0.4183768928050995,0.34832167625427246,-0.29406774044036865,-0.2384355068206787
17.900000000000002,-0.5466645956039429,-0.35117363929748535,3.8875041007995605,-0.7665492296218872,-0.40366578102111816,-0.4207631051540375,0.34940528869628906,-0.29150688648223877,-0.2388119399547577
17.91,-0.5543129444122314,-0.3552243709564209,3.8832852840423584,-0.7630501389503479,-0.40656778216362,-0.42315351963043213,0.3504728674888611,-0.2889266610145569,-0.23917153477668762
17.92,-0.5619261264801025,-0.35930490493774414,3.879041910171509,-0.759540319442749,-0.40944427251815796,-0.425546795129776,0.3515242040157318,-0.2863268256187439,-0.23951295018196106
17.93,-0.5695041418075562,-0.3634134531021118,3.87477445602417,-0.7560194730758667,-0.4122944474220276,-0.42794355750083923,0.3525603413581848,-0.2837079167366028,-0.23983687162399292
17.94,-0.5770469307899475,-0.36755168437957764,3.870482921600342,-0.7524889707565308,-0.415118932723999,-0.4303433895111084,0.3535797595977783,-0.28106948733329773,-0.24014315009117126
17.95,-0.5845532417297363,-0.3717159032821655,3.86616849899292,-0.7489482164382935,-0.41791579127311707,-0.43274810910224915,0.35458311438560486,-0.27841246128082275,-0.24043318629264832
17.96,-0.5920262336730957,-0.37590837478637695,3.861830234527588,-0.7453964948654175,-0.4206862449645996,-0.4351530969142914,0.3555726408958435,-0.27573662996292114,-0.24070405960083008
17.97,-0.599461555480957,-0.380129337310791,3.857466697692871,-0.7418360114097595,-0.4234302043914795,-0.43756142258644104,0.3565446734428406,-0.2730415463447571,-0.24095728993415833
17.98,-0.606862485408783,-0.384377121925354,3.8530774116516113,-0.7382660508155823,-0.42614707350730896,-0.4399717450141907,0.35750138759613037,-0.2703281044960022,-0.2411925196647644
17.990000000000002,-0.614227294921875,-0.3886531591415405,3.8486664295196533,-0.7346858978271484,-0.428837388753891,-0.44238531589508057,0.35844331979751587,-0.2675958275794983,-0.2414107322692871
18.0,-0.6215565204620361,-0.3929539918899536,3.844228982925415,-0.7310969829559326,-0.43149909377098083,-0.44480007886886597,0.35936927795410156,-0.26484566926956177,-0.2416103482246399
18.01,-0.6288498640060425,-0.3972816467285156,3.839768886566162,-0.7274988889694214,-0.43413349986076355,-0.44721704721450806,0.36028003692626953,-0.26207709312438965,-0.24179229140281677
18.02,-0.6361069679260254,-0.4016371965408325,3.83528470993042,-0.7238911390304565,-0.43674102425575256,-0.44963571429252625,0.36117640137672424,-0.25929024815559387,-0.24195623397827148
18.03,-0.643328070640564,-0.4060174226760864,3.830777168273926,-0.7202752232551575,-0.43931981921195984,-0.4520566165447235,0.3620571196079254,-0.25648587942123413,-0.2421029508113861
18.04,-0.6505118608474731,-0.41042375564575195,3.826244592666626,-0.7166504263877869,-0.44187071919441223,-0.4544782042503357,0.36292266845703125,-0.25366348028182983,-0.24223089218139648
18.05,-0.6576603651046753,-0.4148545265197754,3.8216872215270996,-0.7130165100097656,-0.4443928003311157,-0.45690006017684937,0.36377444863319397,-0.25082409381866455,-0.24234068393707275
18.06,-0.6647725105285645,-0.41930997371673584,3.817106008529663,-0.7093740701675415,-0.4468863606452942,-0.459323912858963,0.36461150646209717,-0.24796706438064575,-0.24243265390396118
18.07,-0.6718482375144958,-0.42379236221313477,3.8125016689300537,-0.7057240009307861,-0.4493522644042969,-0.46174925565719604,0.36543330550193787,-0.24509230256080627,-0.24250707030296326
18.080000000000002,-0.678886353969574,-0.42829787731170654,3.807870388031006,-0.7020658254623413,-0.4517887234687805,-0.46417418122291565,0.3662404716014862,-0.24220077693462372,-0.24256259202957153
18.09,-0.6858899593353271,-0.43282830715179443,3.8032164573669434,-0.6983990669250488,-0.4541963040828705,-0.46659985184669495,0.3670344054698944,-0.2392919808626175,-0.2426002025604248
18.1,-0.692855954170227,-0.4373810291290283,3.7985377311706543,-0.694724977016449,-0.45657414197921753,-0.46902626752853394,0.36781325936317444,-0.23636682331562042,-0.24261999130249023
18.11,-0.699783980846405,-0.4419599771499634,3.793835401535034,-0.6910431981086731,-0.4589236378669739,-0.4714524447917938,0.3685777187347412,-0.23342445492744446,-0.24262121319770813
18.12,-0.7066770792007446,-0.446560263633728,3.7891087532043457,-0.687353253364563,-0.4612429440021515,-0.47387856245040894,0.3693292737007141,-0.23046579957008362,-0.2426041066646576
18.13,-0.7135295867919922,-0.45118385553359985,3.7843573093414307,-0.6836574077606201,-0.4635326564311981,-0.476303368806839,0.3700655698776245,-0.22749145328998566,-0.24256858229637146
18.14,-0.7203480005264282,-0.45582878589630127,3.7795822620391846,-0.679953396320343,-0.4657917022705078,-0.47872865200042725,0.3707885444164276,-0.2245006561279297,-0.24251505732536316
18.150000000000002,-0.7271291017532349,-0.4604990482330322,3.7747836112976074,-0.676241397857666,-0.46802228689193726,-0.481154203414917,0.3714984655380249,-0.22149322926998138,-0.2424437701702118
18.16,-0.7338732481002808,-0.4651906490325928,3.769961357116699,-0.6725232005119324,-0.4702223241329193,-0.48357969522476196,0.3721943199634552,-0.21847006678581238,-0.2423543930053711
18.17,-0.7405790090560913,-0.46990400552749634,3.765113592147827,-0.6687980890274048,-0.4723919630050659,-0.4860026240348816,0.3728763461112976,-0.21543121337890625,-0.24224582314491272
18.18,-0.7472487092018127,-0.4746377468109131,3.760242223739624,-0.6650661826133728,-0.47453054785728455,-0.48842504620552063,0.37354525923728943,-0.2123771607875824,-0.2421194314956665
18.19,-0.7538819313049316,-0.4793948531150818,3.7553443908691406,-0.6613268852233887,-0.47663959860801697,-0.4908451437950134,0.3742017447948456,-0.20930731296539307,-0.24197381734848022
18.2,-0.7604755163192749,-0.4841715693473816,3.7504239082336426,-0.6575819253921509,-0.47871720790863037,-0.4932640492916107,0.3748440742492676,-0.20622259378433228,-0.241810142993927
18.21,-0.7670313715934753,-0.4889683127403259,3.745480537414551,-0.6538316607475281,-0.48076367378234863,-0.49568048119544983,0.3754733204841614,-0.20312316715717316,-0.24162805080413818
18.22,-0.7735509276390076,-0.49378645420074463,3.7405107021331787,-0.6500732898712158,-0.48277947306632996,-0.4980960786342621,0.37609046697616577,-0.20000828802585602,-0.24142774939537048
18.23,-0.7800331115722656,-0.4986231327056885,3.735517740249634,-0.6463096141815186,-0.4847634732723236,-0.5005092024803162,0.37669429183006287,-0.196879044175148,-0.24120864272117615
18.240000000000002,-0.7864766120910645,-0.5034818649291992,3.730499029159546,-0.642539918422699,-0.4867170453071594,-0.5029196739196777,0.3772852122783661,-0.1937347799539566,-0.24097084999084473
18.25,-0.7928844094276428,-0.5083584785461426,3.7254579067230225,-0.6387636065483093,-0.48863863945007324,-0.5053279995918274,0.37786442041397095,-0.19057653844356537,-0.2407148778438568
18.26,-0.7992533445358276,-0.5132553577423096,3.720393419265747,-0.6349823474884033,-0.4905288815498352,-0.5077345371246338,0.3784303665161133,-0.18740350008010864,-0.24044093489646912
18.27,-0.8055847883224487,-0.5181688666343689,3.715304136276245,-0.6311936378479004,-0.49238649010658264,-0.5101373195648193,0.37898460030555725,-0.1842171549797058,-0.24014797806739807
18.28,-0.8118789792060852,-0.5231017470359802,3.710190773010254,-0.6274005174636841,-0.4942127764225006,-0.5125372409820557,0.37952667474746704,-0.18101686239242554,-0.2398364245891571
18.29,-0.8181332349777222,-0.5280541181564331,3.70505428314209,-0.6236028075218201,-0.4960073232650757,-0.5149345993995667,0.38005557656288147,-0.1778024286031723,-0.23950687050819397
18.3,-0.824349045753479,-0.5330224633216858,3.699892520904541,-0.6198010444641113,-0.4977690279483795,-0.517326831817627,0.38057243824005127,-0.17457519471645355,-0.23915812373161316
18.31,-0.830527126789093,-0.5380076169967651,3.6947073936462402,-0.6159930229187012,-0.4994980990886688,-0.5197165012359619,0.3810773193836212,-0.17133447527885437,-0.23879101872444153
18.32,-0.8366692662239075,-0.5430116653442383,3.6894984245300293,-0.6121792793273926,-0.5011953115463257,-0.5221023559570312,0.38157132267951965,-0.1680801659822464,-0.23840543627738953
18.330000000000002,-0.8427711725234985,-0.5480316877365112,3.6842639446258545,-0.6083613634109497,-0.5028598308563232,-0.5244839191436768,0.3820527493953705,-0.16481316089630127,-0.2380009889602661
18.34,-0.8488359451293945,-0.553068995475769,3.6790080070495605,-0.6045387983322144,-0.5044915676116943,-0.526862621307373,0.3825225830078125,-0.16153298318386078,-0.23757871985435486
18.35,-0.8548634052276611,-0.558120846748352,3.6737260818481445,-0.6007106304168701,-0.5060900449752808,-0.5292356610298157,0.38298171758651733,-0.1582406610250473,-0.23713722825050354
18.36,-0.8608506321907043,-0.5631910562515259,3.668421745300293,-0.5968788862228394,-0.507656455039978,-0.5316046476364136,0.3834283947944641,-0.15493528544902802,-0.23667731881141663
18.37,-0.8668005466461182,-0.5682755708694458,3.663094997406006,-0.5930426120758057,-0.5091894865036011,-0.5339697599411011,0.38386401534080505,-0.15161776542663574,-0.23619934916496277
18.38,-0.8727113604545593,-0.5733737945556641,3.6577439308166504,-0.5892004370689392,-0.5106886029243469,-0.536329984664917,0.38428932428359985,-0.14828911423683167,-0.23570281267166138
18.39,-0.8785845041275024,-0.5784884691238403,3.6523690223693848,-0.5853557586669922,-0.5121548771858215,-0.5386843085289001,0.3847026228904724,-0.1449475735425949,-0.23518726229667664
18.400000000000002,-0.8844180107116699,-0.5836166143417358,3.646970272064209,-0.5815070271492004,-0.5135873556137085,-0.5410335063934326,0.3851046562194824,-0.14159440994262695,-0.23465314507484436
18.41,-0.8902149200439453,-0.5887608528137207,3.6415491104125977,-0.5776532888412476,-0.5149869918823242,-0.5433779954910278,0.38549667596817017,-0.13822945952415466,-0.23410099744796753
18.42,-0.895971417427063,-0.5939174294471741,3.636103630065918,-0.5737967491149902,-0.5163524150848389,-0.5457160472869873,0.3858770430088043,-0.1348535120487213,-0.23352986574172974
18.43,-0.9016904830932617,-0.5990865230560303,3.6306350231170654,-0.5699364542961121,-0.5176836848258972,-0.5480483770370483,0.38624686002731323,-0.13146650791168213,-0.23294010758399963
18.44,-0.907370924949646,-0.6042703986167908,3.6251416206359863,-0.566072404384613,-0.5189813375473022,-0.5503741502761841,0.3866061568260193,-0.12806808948516846,-0.23233169317245483
18.45,-0.9130122661590576,-0.6094663143157959,3.619626760482788,-0.5622040033340454,-0.5202450752258301,-0.552695095539093,0.38695526123046875,-0.12465910613536835,-0.23170539736747742
18.46,-0.9186148643493652,-0.6146743297576904,3.6140897274017334,-0.558332085609436,-0.5214743614196777,-0.5550081729888916,0.38729405403137207,-0.12123984098434448,-0.23106014728546143
18.47,-0.9241781234741211,-0.619896411895752,3.6085264682769775,-0.5544578433036804,-0.5226700901985168,-0.5573149919509888,0.38762181997299194,-0.11780932545661926,-0.23039621114730835
18.48,-0.9297042489051819,-0.6251277923583984,3.6029419898986816,-0.5505794286727905,-0.5238305926322937,-0.5596154928207397,0.3879401981830597,-0.11436910927295685,-0.22971394658088684
18.490000000000002,-0.9351900219917297,-0.6303722858428955,3.5973334312438965,-0.5466987490653992,-0.5249570608139038,-0.5619094371795654,0.3882477879524231,-0.110918328166008,-0.2290133237838745
18.5,-0.94063800573349,-0.6356271505355835,3.591703176498413,-0.542815089225769,-0.5260489583015442,-0.5641958713531494,0.38854557275772095,-0.10745798051357269,-0.22829416394233704
18.51,-0.9460465908050537,-0.640894889831543,3.586049795150757,-0.5389274954795837,-0.5271068811416626,-0.5664750337600708,0.3888337314128876,-0.10398715734481812,-0.2275565266609192
18.52,-0.9514169096946716,-0.6461699604988098,3.580373764038086,-0.5350381135940552,-0.528128981590271,-0.5687467455863953,0.3891117572784424,-0.10050764679908752,-0.22680041193962097
18.53,-0.9567481279373169,-0.6514566540718079,3.5746755599975586,-0.5311459302902222,-0.5291166305541992,-0.5710116028785706,0.38937997817993164,-0.09701839089393616,-0.2260262668132782
18.54,-0.9620400667190552,-0.6567525267601013,3.5689544677734375,-0.5272501707077026,-0.5300693511962891,-0.5732678174972534,0.3896390497684479,-0.09352029860019684,-0.2252333164215088
18.55,-0.9672921299934387,-0.662057101726532,3.5632104873657227,-0.5233539342880249,-0.5309869050979614,-0.5755149722099304,0.38988804817199707,-0.09001356363296509,-0.22442206740379333
18.56,-0.9725055694580078,-0.6673712134361267,3.5574440956115723,-0.5194541811943054,-0.5318694710731506,-0.5777549743652344,0.39012759923934937,-0.0864977240562439,-0.2235923707485199
18.57,-0.977681040763855,-0.6726936101913452,3.5516560077667236,-0.5155520439147949,-0.5327163934707642,-0.5799874067306519,0.3903580605983734,-0.08297310769557953,-0.22274473309516907
18.580000000000002,-0.9828169345855713,-0.6780247092247009,3.5458436012268066,-0.5116466283798218,-0.5335285663604736,-0.5822099447250366,0.3905795216560364,-0.07944028079509735,-0.22187823057174683
18.59,-0.9879142642021179,-0.6833652853965759,3.540010452270508,-0.5077401399612427,-0.5343056917190552,-0.5844242572784424,0.39079153537750244,-0.07589879631996155,-0.22099357843399048
18.6,-0.9929713606834412,-0.6887110471725464,3.534153938293457,-0.5038315057754517,-0.5350465774536133,-0.5866290926933289,0.39099428057670593,-0.07234986126422882,-0.22009044885635376
18.61,-0.9979910850524902,-0.6940659880638123,3.5282771587371826,-0.49991995096206665,-0.5357524156570435,-0.5888261795043945,0.39118877053260803,-0.06879232823848724,-0.21916958689689636
18.62,-1.0029712915420532,-0.6994266510009766,3.5223779678344727,-0.49600738286972046,-0.536422610282898,-0.5910130739212036,0.39137396216392517,-0.06522783637046814,-0.21823018789291382
18.63,-1.007909893989563,-0.7047927379608154,3.5164575576782227,-0.4920942485332489,-0.5370568037033081,-0.5931915044784546,0.3915500342845917,-0.06165659427642822,-0.21727293729782104
18.64,-1.0128121376037598,-0.7101678848266602,3.5105152130126953,-0.48817723989486694,-0.5376558303833008,-0.5953591465950012,0.3917181193828583,-0.058076947927474976,-0.2162971794605255
18.650000000000002,-1.0176736116409302,-0.7155466675758362,3.5045511722564697,-0.48425960540771484,-0.5382184982299805,-0.5975179672241211,0.39187702536582947,-0.054490506649017334,-0.21530357003211975
18.66,-1.0224971771240234,-0.7209319472312927,3.498565435409546,-0.4803404211997986,-0.5387454628944397,-0.5996658802032471,0.3920276165008545,-0.050897106528282166,-0.21429157257080078
18.67,-1.027280569076538,-0.7263216972351074,3.492558240890503,-0.47641873359680176,-0.5392364263534546,-0.6018034815788269,0.39216989278793335,-0.04729737341403961,-0.21326148509979248
18.68,-1.032025694847107,-0.7317178845405579,3.48652982711792,-0.4724966287612915,-0.5396917462348938,-0.6039316058158875,0.3923036754131317,-0.04369072616100311,-0.21221357583999634
18.69,-1.0367319583892822,-0.7371156811714172,3.480478525161743,-0.46857112646102905,-0.5401102900505066,-0.6060479283332825,0.39242950081825256,-0.04007837176322937,-0.21114715933799744
18.7,-1.0413974523544312,-0.7425175309181213,3.47440767288208,-0.4646466374397278,-0.5404926538467407,-0.6081538796424866,0.3925466537475586,-0.03645993769168854,-0.21006298065185547
18.71,-1.0460240840911865,-0.7479235529899597,3.4683172702789307,-0.4607210159301758,-0.5408390760421753,-0.610248327255249,0.39265620708465576,-0.03283584117889404,-0.20896118879318237
18.72,-1.050610899925232,-0.7533349990844727,3.46220326423645,-0.4567943215370178,-0.5411496758460999,-0.612331748008728,0.3927573263645172,-0.02920527756214142,-0.20784100890159607
18.73,-1.0551598072052002,-0.7587477564811707,3.4560699462890625,-0.4528666138648987,-0.5414236187934875,-0.6144052743911743,0.3928506374359131,-0.025569677352905273,-0.2067033350467682
18.740000000000002,-1.0596685409545898,-0.7641636729240417,3.4499142169952393,-0.44893693923950195,-0.5416610836982727,-0.6164659261703491,0.3929362893104553,-0.021928459405899048,-0.20554733276367188
18.75,-1.0641388893127441,-0.769580602645874,3.443739414215088,-0.4450075030326843,-0.541861891746521,-0.6185154914855957,0.3930141031742096,-0.018282264471054077,-0.20437383651733398
18.76,-1.0685685873031616,-0.7750016450881958,3.437544345855713,-0.4410773813724518,-0.5420268774032593,-0.6205540299415588,0.39308393001556396,-0.014630928635597229,-0.20318272709846497
18.77,-1.072960376739502,-0.780421257019043,3.431328773498535,-0.437145471572876,-0.5421545505523682,-0.6225797533988953,0.3931466341018677,-0.010975480079650879,-0.20197373628616333
18.78,-1.077312707901001,-0.7858437895774841,3.425093173980713,-0.433214008808136,-0.5422459840774536,-0.6245931386947632,0.39320164918899536,-0.0073150694370269775,-0.20074701309204102
18.79,-1.0816246271133423,-0.7912664413452148,3.418837308883667,-0.42928212881088257,-0.5423009395599365,-0.6265943050384521,0.39324891567230225,-0.0036507248878479004,-0.19950270652770996
18.8,-1.0858975648880005,-0.7966887950897217,3.4125618934631348,-0.42534878849983215,-0.5423190593719482,-0.6285828948020935,0.39328911900520325,1.7404556274414062e-05,-0.19824105501174927
18.81,-1.0901310443878174,-0.80211341381073,3.406266450881958,-0.4214150309562683,-0.5423008799552917,-0.6305587887763977,0.39332202076911926,0.0036902427673339844,-0.19696161150932312
18.82,-1.094326138496399,-0.8075349926948547,3.399951219558716,-0.41748201847076416,-0.5422452688217163,-0.6325218081474304,0.39334768056869507,0.007366195321083069,-0.19566461443901062
18.830000000000002,-1.0984805822372437,-0.8129556179046631,3.3936147689819336,-0.4135488271713257,-0.5421528816223145,-0.6344712972640991,0.39336591958999634,0.011045634746551514,-0.194350004196167
18.84,-1.1025972366333008,-0.818378210067749,3.387260913848877,-0.40961432456970215,-0.5420243740081787,-0.6364089250564575,0.39337754249572754,0.01472899317741394,-0.19301831722259521
18.85,-1.106673002243042,-0.8237974643707275,3.3808858394622803,-0.40568095445632935,-0.5418586730957031,-0.6383318305015564,0.39338168501853943,0.018414974212646484,-0.19166898727416992
18.86,-1.110710620880127,-0.8292160630226135,3.37449312210083,-0.4017474353313446,-0.5416561961174011,-0.6402415037155151,0.3933790624141693,0.022104553878307343,-0.19030246138572693
18.87,-1.1147081851959229,-0.8346301913261414,3.368081569671631,-0.39781302213668823,-0.5414162874221802,-0.6421375870704651,0.3933697044849396,0.025796011090278625,-0.18891862034797668
18.88,-1.1186662912368774,-0.8400416374206543,3.3616511821746826,-0.39387866854667664,-0.5411399006843567,-0.6440214514732361,0.39335349202156067,0.029489412903785706,-0.18751797080039978
18.89,-1.1225857734680176,-0.845453143119812,3.3552017211914062,-0.3899455964565277,-0.5408267974853516,-0.6458894610404968,0.39333054423332214,0.03318629413843155,-0.18609976768493652
18.900000000000002,-1.1264653205871582,-0.8508602380752563,3.348733901977539,-0.3860117495059967,-0.5404765605926514,-0.6477432250976562,0.3933008909225464,0.036885157227516174,-0.18466457724571228
18.91,-1.1303062438964844,-0.8562633991241455,3.342247486114502,-0.38207918405532837,-0.5400891900062561,-0.6495823860168457,0.39326468110084534,0.04058589041233063,-0.1832122802734375
18.92,-1.134106993675232,-0.8616610169410706,3.335742712020874,-0.378147155046463,-0.5396645069122314,-0.6514080166816711,0.39322173595428467,0.044287875294685364,-0.18174311518669128
18.93,-1.1378693580627441,-0.8670569062232971,3.3292195796966553,-0.37421438097953796,-0.539203405380249,-0.6532179117202759,0.3931726813316345,0.04799196124076843,-0.18025684356689453
18.94,-1.1415914297103882,-0.8724462985992432,3.3226771354675293,-0.3702833652496338,-0.538705050945282,-0.6550123691558838,0.39311692118644714,0.05169686675071716,-0.17875352501869202
18.95,-1.1452751159667969,-0.8778311014175415,3.3161184787750244,-0.36635279655456543,-0.5381695032119751,-0.6567931771278381,0.39305493235588074,0.0554032102227211,-0.1772337555885315
18.96,-1.1489176750183105,-0.8832093477249146,3.3095436096191406,-0.36242419481277466,-0.5375970005989075,-0.6585571765899658,0.3929865062236786,0.05910976231098175,-0.1756974756717682
18.97,-1.1525228023529053,-0.8885809183120728,3.302947998046875,-0.3584938645362854,-0.5369870662689209,-0.6603057980537415,0.3929121494293213,0.06281721591949463,-0.17414388060569763
18.98,-1.1560888290405273,-0.8939474821090698,3.2963366508483887,-0.35456544160842896,-0.5363403558731079,-0.6620392799377441,0.3928315043449402,0.06652531027793884,-0.17257389426231384
18.990000000000002,-1.159614086151123,-0.8993091583251953,3.2897064685821533,-0.3506380021572113,-0.5356569290161133,-0.6637573838233948,0.39274463057518005,0.07023417949676514,-0.17098715901374817
19.0,-1.1631015539169312,-0.9046602249145508,3.2830605506896973,-0.346710205078125,-0.5349353551864624,-0.6654590964317322,0.3926519453525543,0.07394272089004517,-0.16938403248786926
19.01,-1.166548490524292,-0.9100074172019958,3.276397705078125,-0.342784583568573,-0.5341777205467224,-0.6671447157859802,0.3925529420375824,0.07765156030654907,-0.16776445508003235
19.02,-1.1699573993682861,-0.9153451323509216,3.2697179317474365,-0.338859885931015,-0.533382773399353,-0.6688140630722046,0.3924483060836792,0.0813596248626709,-0.16612854599952698
19.03,-1.1733258962631226,-0.9206751585006714,3.26302170753479,-0.3349352478981018,-0.532550573348999,-0.6704679727554321,0.39233753085136414,0.0850674957036972,-0.16447627544403076
19.04,-1.1766562461853027,-0.9259950518608093,3.25630784034729,-0.3310127556324005,-0.5316810607910156,-0.672103762626648,0.3922211527824402,0.0887741893529892,-0.16280749440193176
19.05,-1.179945468902588,-0.9313067197799683,3.2495803833007812,-0.3270927667617798,-0.5307749509811401,-0.6737228035926819,0.3920987844467163,0.09247973561286926,-0.16112318634986877
19.06,-1.1831973791122437,-0.9366113543510437,3.242835521697998,-0.3231726884841919,-0.5298318862915039,-0.6753253936767578,0.39197078347206116,0.09618501365184784,-0.15942233800888062
19.07,-1.1864101886749268,-0.9419047236442566,3.2360730171203613,-0.3192528486251831,-0.5288515090942383,-0.6769114136695862,0.3918372392654419,0.09988848865032196,-0.15770524740219116
19.080000000000002,-1.1895825862884521,-0.9471885561943054,3.2292964458465576,-0.31533557176589966,-0.5278340578079224,-0.6784797310829163,0.3916977643966675,0.10359077900648117,-0.155972421169281
19.09,-1.1927168369293213,-0.9524602890014648,3.2225027084350586,-0.31141960620880127,-0.5267794132232666,-0.6800300478935242,0.39155295491218567,0.10729086399078369,-0.15422344207763672
19.1,-1.1958109140396118,-0.9577242732048035,3.2156949043273926,-0.30750417709350586,-0.5256882905960083,-0.6815633773803711,0.39140230417251587,0.11098966002464294,-0.1524588167667389
19.11,-1.198866605758667,-0.9629760980606079,3.208871841430664,-0.3035890758037567,-0.5245599746704102,-0.6830798387527466,0.39124614000320435,0.11468619108200073,-0.15067845582962036
19.12,-1.2018823623657227,-0.9682144522666931,3.202033281326294,-0.29967784881591797,-0.5233943462371826,-0.6845794320106506,0.39108461141586304,0.11837990581989288,-0.14888203144073486
19.13,-1.2048596143722534,-0.9734411835670471,3.195180654525757,-0.29576820135116577,-0.5221922993659973,-0.6860581636428833,0.39091789722442627,0.12207052111625671,-0.14707064628601074
19.14,-1.2077974081039429,-0.9786578416824341,3.1883127689361572,-0.29186031222343445,-0.5209529995918274,-0.6875196099281311,0.3907455503940582,0.12575984001159668,-0.14524337649345398
19.150000000000002,-1.210697054862976,-0.9838610291481018,3.1814305782318115,-0.2879540026187897,-0.5196770429611206,-0.6889636516571045,0.3905681073665619,0.12944550812244415,-0.14340057969093323
19.16,-1.213557481765747,-0.9890528917312622,3.1745338439941406,-0.2840484082698822,-0.518364429473877,-0.6903882026672363,0.3903852701187134,0.1331285536289215,-0.1415424942970276
19.17,-1.2163779735565186,-0.9942284822463989,3.167623281478882,-0.28014594316482544,-0.5170145034790039,-0.6917941570281982,0.3901970684528351,0.1368076205253601,-0.13966906070709229
19.18,-1.219160556793213,-0.999392032623291,3.1606972217559814,-0.2762451767921448,-0.515627920627594,-0.6931807994842529,0.3900038003921509,0.14048364758491516,-0.13778027892112732
19.19,-1.2219029664993286,-1.0045411586761475,3.1537587642669678,-0.27234548330307007,-0.5142048597335815,-0.6945498585700989,0.3898051679134369,0.1441556066274643,-0.1358763873577118
19.2,-1.2246075868606567,-1.0096763372421265,3.14680552482605,-0.26844877004623413,-0.5127447843551636,-0.6958984732627869,0.38960155844688416,0.1478239893913269,-0.1339573860168457
19.21,-1.2272709608078003,-1.0147969722747803,3.1398417949676514,-0.2645533084869385,-0.511248767375946,-0.6972278356552124,0.3893924355506897,0.15148770809173584,-0.13202396035194397
19.22,-1.2298977375030518,-1.0199004411697388,3.1328630447387695,-0.26066070795059204,-0.5097153782844543,-0.6985381841659546,0.38917872309684753,0.15514712035655975,-0.13007524609565735
19.23,-1.2324854135513306,-1.0249900817871094,3.1258702278137207,-0.25676918029785156,-0.5081455111503601,-0.6998293995857239,0.38895976543426514,0.15880250930786133,-0.12811139225959778
19.240000000000002,-1.2350330352783203,-1.030063509941101,3.118865489959717,-0.25288113951683044,-0.5065393447875977,-0.7011005282402039,0.38873565196990967,0.1624528467655182,-0.12613311409950256
19.25,-1.2375431060791016,-1.035119891166687,3.1118483543395996,-0.24899518489837646,-0.5048962831497192,-0.7023517489433289,0.3885069489479065,0.1660984456539154,-0.12414005398750305
19.26,-1.2400130033493042,-1.040160894393921,3.104818820953369,-0.24511060118675232,-0.5032169818878174,-0.7035840153694153,0.388272762298584,0.16973906755447388,-0.12213239073753357
19.27,-1.242445468902588,-1.0451843738555908,3.0977773666381836,-0.2412293255329132,-0.5015015006065369,-0.7047951221466064,0.38803404569625854,0.1733740270137787,-0.1201103925704956
19.28,-1.244837760925293,-1.0501923561096191,3.0907232761383057,-0.23735065758228302,-0.4997497797012329,-0.7059858441352844,0.3877902925014496,0.17700394988059998,-0.118073970079422
19.29,-1.2471922636032104,-1.0551795959472656,3.0836567878723145,-0.23347321152687073,-0.4979614317417145,-0.707155704498291,0.38754159212112427,0.18062752485275269,-0.11602306365966797
19.3,-1.2495059967041016,-1.0601494312286377,3.0765812397003174,-0.22959864139556885,-0.4961373507976532,-0.7083051204681396,0.3872876465320587,0.18424499034881592,-0.11395859718322754
19.31,-1.2517832517623901,-1.0651018619537354,3.0694925785064697,-0.22572726011276245,-0.49427667260169983,-0.7094351649284363,0.3870294690132141,0.1878570318222046,-0.11187946796417236
19.32,-1.2540220022201538,-1.0700350999832153,3.062391757965088,-0.22185854613780975,-0.49238014221191406,-0.7105427980422974,0.3867664635181427,0.1914624124765396,-0.10978606343269348
19.330000000000002,-1.2562205791473389,-1.074950933456421,3.0552802085876465,-0.21799157559871674,-0.4904477000236511,-0.7116318345069885,0.38649818301200867,0.19506177306175232,-0.10767841339111328
19.34,-1.258381724357605,-1.0798442363739014,3.048157215118408,-0.21412821114063263,-0.48847895860671997,-0.7126982808113098,0.3862256705760956,0.19865381717681885,-0.10555717349052429
19.35,-1.2605032920837402,-1.0847200155258179,3.041025400161743,-0.2102677822113037,-0.4864741861820221,-0.7137430906295776,0.3859480917453766,0.2022397816181183,-0.10342252254486084
19.36,-1.262587070465088,-1.0895744562149048,3.0338830947875977,-0.20640888810157776,-0.48443397879600525,-0.7147663831710815,0.3856656849384308,0.20581796765327454,-0.10127413272857666
19.37,-1.2646315097808838,-1.0944101810455322,3.026730537414551,-0.2025541365146637,-0.4823581278324127,-0.7157682776451111,0.3853786885738373,0.20938938856124878,-0.09911218285560608
19.38,-1.2666380405426025,-1.0992201566696167,3.019568681716919,-0.1987031102180481,-0.48024678230285645,-0.7167484760284424,0.38508734107017517,0.2129516303539276,-0.09693697094917297
19.39,-1.2686052322387695,-1.104012370109558,3.0123963356018066,-0.19485315680503845,-0.4780992865562439,-0.7177067399024963,0.38479065895080566,0.21650773286819458,-0.09474813938140869
19.400000000000002,-1.2705352306365967,-1.108781099319458,3.0052149295806885,-0.19100695848464966,-0.47591632604599,-0.7186431288719177,0.38448968529701233,0.22005543112754822,-0.09254607558250427
19.41,-1.2724266052246094,-1.1135307550430298,2.9980239868164062,-0.1871638298034668,-0.4736981987953186,-0.7195574045181274,0.3841841518878937,0.2235957533121109,-0.09033074975013733
19.42,-1.2742784023284912,-1.1182565689086914,2.990823984146118,-0.1833229660987854,-0.471444696187973,-0.7204504013061523,0.38387346267700195,0.2271273136138916,-0.08810213208198547
19.43,-1.2760931253433228,-1.122959852218628,2.983614206314087,-0.17948603630065918,-0.4691556394100189,-0.7213194966316223,0.3835585117340088,0.23065075278282166,-0.08586066961288452
19.44,-1.2778685092926025,-1.1276384592056274,2.9763970375061035,-0.17565244436264038,-0.46683135628700256,-0.7221667766571045,0.3832387924194336,0.23416507244110107,-0.08360633254051208
19.45,-1.2796061038970947,-1.1322966814041138,2.969170093536377,-0.17182090878486633,-0.46447235345840454,-0.7229917049407959,0.3829141855239868,0.23767119646072388,-0.08133891224861145
19.46,-1.2813047170639038,-1.1369293928146362,2.9619381427764893,-0.16799497604370117,-0.4620782434940338,-0.7237933874130249,0.38258540630340576,0.241167813539505,-0.07905977964401245
19.47,-1.282966136932373,-1.1415379047393799,2.9546966552734375,-0.1641709804534912,-0.4596492648124695,-0.7245724201202393,0.38225188851356506,0.24465522170066833,-0.07676735520362854
19.48,-1.2845885753631592,-1.1461212635040283,2.94744610786438,-0.16035062074661255,-0.4571848511695862,-0.725327730178833,0.3819136619567871,0.24813339114189148,-0.07446238398551941
19.490000000000002,-1.2861731052398682,-1.1506805419921875,2.9401888847351074,-0.1565323770046234,-0.45468634366989136,-0.7260617017745972,0.38157063722610474,0.25160181522369385,-0.07214492559432983
19.5,-1.287719964981079,-1.1552164554595947,2.93292498588562,-0.15271863341331482,-0.45215314626693726,-0.7267714142799377,0.381223201751709,0.25506091117858887,-0.06981542706489563
19.51,-1.289227843284607,-1.1597237586975098,2.9256539344787598,-0.14890864491462708,-0.44958510994911194,-0.7274577617645264,0.38087114691734314,0.25850939750671387,-0.06747379899024963
19.52,-1.2906981706619263,-1.1642050743103027,2.9183759689331055,-0.1451008915901184,-0.4469826817512512,-0.7281215190887451,0.38051414489746094,0.2619476914405823,-0.06511974334716797
19.53,-1.292128562927246,-1.168663501739502,2.9110918045043945,-0.1412961184978485,-0.444346159696579,-0.728760838508606,0.3801519274711609,0.26537632942199707,-0.06275400519371033
19.54,-1.2935233116149902,-1.1730936765670776,2.9038004875183105,-0.13749659061431885,-0.44167542457580566,-0.7293756008148193,0.37978610396385193,0.2687939405441284,-0.06037631630897522
19.55,-1.2948782444000244,-1.1774969100952148,2.8965044021606445,-0.1337011456489563,-0.43897056579589844,-0.7299690246582031,0.3794151842594147,0.2722007930278778,-0.05798685550689697
19.56,-1.2961969375610352,-1.1818732023239136,2.8892018795013428,-0.12990903854370117,-0.436231404542923,-0.7305366396903992,0.37904009222984314,0.27559709548950195,-0.055585891008377075
19.57,-1.2974770069122314,-1.1862201690673828,2.881892681121826,-0.12612098455429077,-0.4334583282470703,-0.7310806512832642,0.3786602020263672,0.2789818048477173,-0.053172945976257324
19.580000000000002,-1.298719882965088,-1.1905425786972046,2.874579668045044,-0.12233653664588928,-0.43065178394317627,-0.7316002249717712,0.3782757818698883,0.2823559045791626,-0.0507490336894989
19.59,-1.2999244928359985,-1.19483482837677,2.867260217666626,-0.11855489015579224,-0.42781150341033936,-0.7320948243141174,0.37788623571395874,0.28571802377700806,-0.04831361770629883
19.6,-1.3010907173156738,-1.1990989446640015,2.8599367141723633,-0.11477836966514587,-0.42493736743927,-0.7325664758682251,0.37749233841896057,0.2890688478946686,-0.04586684703826904
19.61,-1.3022205829620361,-1.2033324241638184,2.8526089191436768,-0.11100572347640991,-0.42202985286712646,-0.7330127358436584,0.3770939111709595,0.2924073338508606,-0.04340928792953491
19.62,-1.3033111095428467,-1.2075397968292236,2.8452770709991455,-0.10723623633384705,-0.4190891981124878,-0.7334343791007996,0.37669020891189575,0.2957344651222229,-0.04094088077545166
19.63,-1.30436372756958,-1.2117146253585815,2.8379416465759277,-0.10347089171409607,-0.4161158800125122,-0.7338305711746216,0.37628173828125,0.2990483045578003,-0.038461923599243164
19.64,-1.3053793907165527,-1.2158617973327637,2.830601215362549,-0.09971049427986145,-0.4131085276603699,-0.7342034578323364,0.3758690357208252,0.3023509979248047,-0.03597143292427063
19.650000000000002,-1.306357741355896,-1.2199780941009521,2.8232579231262207,-0.09595322608947754,-0.4100683927536011,-0.7345506548881531,0.3754512667655945,0.3056408166885376,-0.03347066044807434
19.66,-1.307299256324768,-1.2240619659423828,2.815910816192627,-0.09220093488693237,-0.4069954752922058,-0.7348726987838745,0.3750292956829071,0.30891746282577515,-0.030959367752075195
19.67,-1.3082022666931152,-1.2281162738800049,2.808561086654663,-0.08845317363739014,-0.40389013290405273,-0.735169529914856,0.374602347612381,0.3121813237667084,-0.02843773365020752
19.68,-1.3090683221817017,-1.2321398258209229,2.801206588745117,-0.08470860123634338,-0.40075188875198364,-0.7354414463043213,0.3741702735424042,0.3154323995113373,-0.025905132293701172
19.69,-1.3098962306976318,-1.2361299991607666,2.793851137161255,-0.08096945285797119,-0.39758116006851196,-0.7356876730918884,0.3737337589263916,0.31866976618766785,-0.023362964391708374
19.7,-1.3106881380081177,-1.2400916814804077,2.7864925861358643,-0.07723453640937805,-0.3943784236907959,-0.7359079122543335,0.3732926845550537,0.3218943178653717,-0.020810633897781372
19.71,-1.3114399909973145,-1.2440181970596313,2.779134511947632,-0.07350355386734009,-0.3911440372467041,-0.7361029386520386,0.37284573912620544,0.32510414719581604,-0.018249094486236572
19.72,-1.3121564388275146,-1.2479133605957031,2.7717723846435547,-0.06977656483650208,-0.3878772258758545,-0.7362734079360962,0.3723943829536438,0.3283007740974426,-0.01567670702934265
19.73,-1.312835454940796,-1.2517759799957275,2.7644083499908447,-0.06605535745620728,-0.38457804918289185,-0.7364165186882019,0.3719385266304016,0.33148375153541565,-0.013094872236251831
19.740000000000002,-1.3134779930114746,-1.25560462474823,2.7570436000823975,-0.062338411808013916,-0.38124674558639526,-0.7365344762802124,0.3714779019355774,0.33465272188186646,-0.010503500699996948
19.75,-1.3140828609466553,-1.2594020366668701,2.749678134918213,-0.05862519145011902,-0.3778844475746155,-0.736626386642456,0.37101179361343384,0.33780741691589355,-0.007902771234512329
19.76,-1.314650535583496,-1.2631640434265137,2.7423110008239746,-0.05491790175437927,-0.37449079751968384,-0.7366930842399597,0.37054115533828735,0.34094709157943726,-0.005292236804962158
19.77,-1.3151819705963135,-1.2668919563293457,2.7349441051483154,-0.05121499300003052,-0.37106549739837646,-0.7367327809333801,0.37006571888923645,0.3440724313259125,-0.002672910690307617
19.78,-1.3156745433807373,-1.2705838680267334,2.727576971054077,-0.047516316175460815,-0.36760908365249634,-0.7367463111877441,0.36958447098731995,0.3471824824810028,-4.443526268005371e-05
19.79,-1.3161319494247437,-1.2742444276809692,2.720208168029785,-0.04382294416427612,-0.36412179470062256,-0.736733615398407,0.3690989911556244,0.3502781391143799,0.0025935769081115723
19.8,-1.316551685333252,-1.2778651714324951,2.712841749191284,-0.040135860443115234,-0.360604465007782,-0.7366958260536194,0.36860859394073486,0.35335707664489746,0.0052401721477508545
19.81,-1.3169347047805786,-1.281455397605896,2.705475330352783,-0.0364515483379364,-0.35705554485321045,-0.7366300821304321,0.36811238527297974,0.3564222455024719,0.007895201444625854
19.82,-1.317280650138855,-1.2850065231323242,2.6981089115142822,-0.03277340531349182,-0.35347598791122437,-0.7365370392799377,0.3676114082336426,0.35947123169898987,0.010558933019638062
19.830000000000002,-1.3175907135009766,-1.288523554801941,2.690744400024414,-0.029099881649017334,-0.3498659133911133,-0.7364180088043213,0.3671056032180786,0.3625050187110901,0.013231098651885986
19.84,-1.317864179611206,-1.292004108428955,2.683379650115967,-0.025431513786315918,-0.3462259769439697,-0.7362724542617798,0.366594523191452,0.3655226528644562,0.015912175178527832
19.85,-1.3180993795394897,-1.2954506874084473,2.6760177612304688,-0.021767765283584595,-0.34255510568618774,-0.7360997200012207,0.3660775125026703,0.36852526664733887,0.018600910902023315
19.86,-1.3182992935180664,-1.298856258392334,2.6686582565307617,-0.018109679222106934,-0.3388548493385315,-0.7359001040458679,0.365556001663208,0.3715105354785919,0.021297812461853027
19.87,-1.3184618949890137,-1.3022264242172241,2.661299705505371,-0.014457136392593384,-0.3351246118545532,-0.7356743812561035,0.3650290071964264,0.3744799792766571,0.02400311827659607
19.88,-1.3185884952545166,-1.3055579662322998,2.6539456844329834,-0.010809838771820068,-0.33136576414108276,-0.7354201078414917,0.36449652910232544,0.3774320185184479,0.026715248823165894
19.89,-1.3186782598495483,-1.3088526725769043,2.6465930938720703,-0.007167905569076538,-0.3275769352912903,-0.7351391911506653,0.36395901441574097,0.3803679943084717,0.029435724020004272
19.900000000000002,-1.318732500076294,-1.3121111392974854,2.6392436027526855,-0.0035310983657836914,-0.323758602142334,-0.7348312139511108,0.3634161651134491,0.38328754901885986,0.03216370940208435
19.91,-1.3187487125396729,-1.3153265714645386,2.6318962574005127,0.00010067224502563477,-0.31991100311279297,-0.7344965934753418,0.3628670573234558,0.386189341545105,0.034899771213531494
19.92,-1.318730354309082,-1.3185081481933594,2.6245534420013428,0.0037265121936798096,-0.31603455543518066,-0.7341337203979492,0.36231333017349243,0.38907480239868164,0.03764268755912781
19.93,-1.3186756372451782,-1.3216489553451538,2.617213726043701,0.007346779108047485,-0.3121296763420105,-0.7337428331375122,0.3617541790008545,0.39194250106811523,0.04039284586906433
19.94,-1.3185811042785645,-1.3247491121292114,2.6098785400390625,0.010963350534439087,-0.30819594860076904,-0.7333251237869263,0.3611873388290405,0.3947925567626953,0.04315000772476196
19.95,-1.3184542655944824,-1.3278124332427979,2.602546215057373,0.01457226276397705,-0.3042328953742981,-0.7328797578811646,0.3606170415878296,0.39762595295906067,0.04591482877731323
19.96,-1.3182907104492188,-1.330833911895752,2.595221757888794,0.018174201250076294,-0.3002433776855469,-0.7324067950248718,0.3600412905216217,0.4004403054714203,0.04868510365486145
19.97,-1.318091869354248,-1.3338162899017334,2.5879006385803223,0.021771639585494995,-0.2962251901626587,-0.7319059371948242,0.3594597578048706,0.4032371938228607,0.051462769508361816
19.98,-1.3178551197052002,-1.33676016330719,2.5805835723876953,0.025363624095916748,-0.2921788692474365,-0.7313767075538635,0.3588715195655823,0.4060165286064148,0.054247111082077026
19.990000000000002,-1.3175842761993408,-1.3396600484848022,2.573272228240967,0.028949260711669922,-0.2881048321723938,-0.7308210134506226,0.3582784831523895,0.4087769091129303,0.05703836679458618
20.0,-1.3172776699066162,-1.3425209522247314,2.565967082977295,0.03252899646759033,-0.2840030789375305,-0.7302365303039551,0.3576796352863312,0.41151943802833557,0.05983540415763855
20.01,-1.3169333934783936,-1.3453402519226074,2.5586681365966797,0.03610309958457947,-0.27987444400787354,-0.7296240329742432,0.3570740222930908,0.41424307227134705,0.0626385509967804
20.02,-1.3165552616119385,-1.3481199741363525,2.551375150680542,0.039670735597610474,-0.2757183313369751,-0.7289836406707764,0.3564634919166565,0.4169485867023468,0.06544777750968933
20.03,-1.31614089012146,-1.3508548736572266,2.5440874099731445,0.04323205351829529,-0.2715354561805725,-0.728314995765686,0.35584694147109985,0.4196345806121826,0.06826356053352356
20.04,-1.315690517425537,-1.3535492420196533,2.5368080139160156,0.04678794741630554,-0.2673254609107971,-0.7276183366775513,0.3552236557006836,0.4223020076751709,0.07108443975448608
20.05,-1.3152029514312744,-1.3562015295028687,2.5295357704162598,0.050337016582489014,-0.2630893588066101,-0.7268945574760437,0.3545941710472107,0.42495012283325195,0.07391142845153809
20.06,-1.3146827220916748,-1.3588111400604248,2.5222702026367188,0.053879737854003906,-0.2588268518447876,-0.7261404991149902,0.3539596498012543,0.4275788962841034,0.07674360275268555
20.07,-1.3141251802444458,-1.3613779544830322,2.515011787414551,0.05741646885871887,-0.25453829765319824,-0.7253594994544983,0.3533180356025696,0.43018829822540283,0.07958164811134338
20.080000000000002,-1.3135342597961426,-1.3639020919799805,2.5077619552612305,0.06094640493392944,-0.2502231001853943,-0.7245488166809082,0.3526712656021118,0.43277835845947266,0.08242437243461609
20.09,-1.3129076957702637,-1.3663811683654785,2.500520706176758,0.06446981430053711,-0.24588245153427124,-0.7237102389335632,0.35201823711395264,0.4353483021259308,0.08527213335037231
20.1,-1.312245488166809,-1.3688198328018188,2.493288516998291,0.0679863691329956,-0.24151605367660522,-0.7228432297706604,0.3513588607311249,0.43789905309677124,0.08812487125396729
20.11,-1.311547875404358,-1.3712115287780762,2.4860637187957764,0.07149723172187805,-0.237124502658844,-0.7219482660293579,0.3506924510002136,0.44042912125587463,0.0909830629825592
20.12,-1.3108153343200684,-1.373560905456543,2.478849172592163,0.07500043511390686,-0.23270726203918457,-0.7210240960121155,0.3500203490257263,0.44293954968452454,0.09384524822235107
20.13,-1.3100467920303345,-1.3758673667907715,2.4716453552246094,0.0784974992275238,-0.22826576232910156,-0.7200707197189331,0.3493410348892212,0.44542965292930603,0.0967114269733429
20.14,-1.3092433214187622,-1.3781262636184692,2.464449644088745,0.08198773860931396,-0.2237992286682129,-0.7190893292427063,0.34865516424179077,0.4478989839553833,0.09958264231681824
20.150000000000002,-1.3084067106246948,-1.3803434371948242,2.4572629928588867,0.08547088503837585,-0.2193077802658081,-0.718079686164856,0.3479638695716858,0.4503483772277832,0.10245880484580994
20.16,-1.3075346946716309,-1.3825125694274902,2.450087785720825,0.08894670009613037,-0.2147921919822693,-0.7170406579971313,0.3472658693790436,0.45277655124664307,0.10533839464187622
20.17,-1.306627631187439,-1.3846379518508911,2.442922353744507,0.09241637587547302,-0.21025198698043823,-0.7159721851348877,0.34656044840812683,0.45518428087234497,0.10822221636772156
20.18,-1.3056868314743042,-1.3867177963256836,2.435767412185669,0.0958784818649292,-0.20568841695785522,-0.7148759365081787,0.34584927558898926,0.4575708508491516,0.11111035943031311
20.19,-1.304710865020752,-1.3887534141540527,2.428624153137207,0.09933298826217651,-0.20110070705413818,-0.7137497663497925,0.3451312184333801,0.45993682742118835,0.11400166153907776
20.2,-1.3036999702453613,-1.390739917755127,2.421492576599121,0.10278132557868958,-0.1964896321296692,-0.7125952243804932,0.3444056510925293,0.46228089928627014,0.11689653992652893
20.21,-1.3026554584503174,-1.3926811218261719,2.414374351501465,0.10622048377990723,-0.19185620546340942,-0.7114119529724121,0.34367436170578003,0.464603453874588,0.119794100522995
20.22,-1.301576852798462,-1.3945748805999756,2.407266139984131,0.10965350270271301,-0.1871986985206604,-0.7101988792419434,0.3429359793663025,0.46690478920936584,0.12269583344459534
20.23,-1.3004631996154785,-1.3964259624481201,2.400169849395752,0.11307880282402039,-0.18251729011535645,-0.7089579105377197,0.3421904444694519,0.46918559074401855,0.12560124695301056
20.240000000000002,-1.2993149757385254,-1.3982276916503906,2.3930869102478027,0.11649748682975769,-0.17781436443328857,-0.7076873779296875,0.34143713116645813,0.47144386172294617,0.12850911915302277
20.25,-1.2981330156326294,-1.3999823331832886,2.386016607284546,0.11990776658058167,-0.17308837175369263,-0.7063876986503601,0.34067755937576294,0.4736805260181427,0.1314198076725006
20.26,-1.2969176769256592,-1.4016879796981812,2.3789587020874023,0.12331074476242065,-0.1683405041694641,-0.7050595283508301,0.33991098403930664,0.4758947789669037,0.13433396816253662
20.27,-1.295667290687561,-1.4033491611480713,2.371915340423584,0.1267065405845642,-0.16357040405273438,-0.7037014961242676,0.33913636207580566,0.47808757424354553,0.13725005090236664
20.28,-1.2943832874298096,-1.404961109161377,2.364884853363037,0.13009363412857056,-0.15877890586853027,-0.7023137211799622,0.33835527300834656,0.48025771975517273,0.140168696641922
20.29,-1.2930662631988525,-1.406524896621704,2.3578667640686035,0.13347342610359192,-0.15396523475646973,-0.700898289680481,0.3375670313835144,0.4824058413505554,0.14309096336364746
20.3,-1.2917141914367676,-1.4080398082733154,2.3508660793304443,0.13684430718421936,-0.14913153648376465,-0.699453592300415,0.3367707133293152,0.48453086614608765,0.14601397514343262
20.31,-1.2903296947479248,-1.4095054864883423,2.3438785076141357,0.14020809531211853,-0.14427578449249268,-0.6979780197143555,0.3359677493572235,0.4866335391998291,0.14893919229507446
20.32,-1.2889108657836914,-1.4109255075454712,2.3369064331054688,0.14356333017349243,-0.13939881324768066,-0.6964741945266724,0.3351571559906006,0.4887141287326813,0.15186624228954315
20.330000000000002,-1.287458062171936,-1.4122951030731201,2.329949378967285,0.1469113826751709,-0.13450157642364502,-0.6949399709701538,0.3343381881713867,0.49077150225639343,0.15479515492916107
20.34,-1.2859723567962646,-1.4136147499084473,2.3230068683624268,0.15025022625923157,-0.12958234548568726,-0.6933779716491699,0.33351248502731323,0.49280649423599243,0.15772630274295807
20.35,-1.2844538688659668,-1.4148859977722168,2.3160815238952637,0.1535814106464386,-0.1246444582939148,-0.6917860507965088,0.3326793313026428,0.49481797218322754,0.16065818071365356
20.36,-1.2828997373580933,-1.4161077737808228,2.3091719150543213,0.156904935836792,-0.1196865439414978,-0.6901646852493286,0.33183687925338745,0.4968062937259674,0.1635914444923401
20.37,-1.2813129425048828,-1.417279839515686,2.3022778034210205,0.16021916270256042,-0.1147083044052124,-0.6885146498680115,0.3309870958328247,0.49877166748046875,0.16652661561965942
20.38,-1.279695749282837,-1.4184014797210693,2.2954025268554688,0.1635240614414215,-0.10971182584762573,-0.686834454536438,0.33013105392456055,0.5007131099700928,0.1694614589214325
20.39,-1.2780439853668213,-1.419472098350525,2.288543224334717,0.16682064533233643,-0.10469526052474976,-0.6851251125335693,0.3292665481567383,0.5026312470436096,0.1723979115486145
20.400000000000002,-1.2763590812683105,-1.4204955101013184,2.281700611114502,0.17010942101478577,-0.09965920448303223,-0.6833864450454712,0.32839328050613403,0.5045264959335327,0.1753351241350174
20.41,-1.274641513824463,-1.4214670658111572,2.274876117706299,0.1733887493610382,-0.09460479021072388,-0.681618332862854,0.32751286029815674,0.506397545337677,0.17827294766902924
20.42,-1.2728919982910156,-1.422387719154358,2.2680675983428955,0.176659494638443,-0.08953124284744263,-0.6798206567764282,0.3266245424747467,0.5082451105117798,0.18121205270290375
20.43,-1.271108865737915,-1.4232561588287354,2.2612786293029785,0.1799216866493225,-0.08443969488143921,-0.6779937744140625,0.3257271349430084,0.510068416595459,0.18415071070194244
20.44,-1.2692933082580566,-1.4240772724151611,2.2545080184936523,0.18317416310310364,-0.07932895421981812,-0.6761369705200195,0.3248223662376404,0.5118686556816101,0.18708962202072144
20.45,-1.2674462795257568,-1.4248450994491577,2.2477550506591797,0.18641790747642517,-0.07420158386230469,-0.6742517948150635,0.3239095211029053,0.5136440992355347,0.1900292932987213
20.46,-1.2655640840530396,-1.4255609512329102,2.2410240173339844,0.18965217471122742,-0.06905746459960938,-0.6723372936248779,0.3229871392250061,0.5153949856758118,0.19296731054782867
20.47,-1.263650894165039,-1.4262257814407349,2.2343101501464844,0.19287773966789246,-0.06389445066452026,-0.6703922748565674,0.3220565915107727,0.5171222686767578,0.19590599834918976
20.48,-1.2617061138153076,-1.42683744430542,2.227616548538208,0.1960933804512024,-0.05871480703353882,-0.6684185266494751,0.3211185932159424,0.5188246965408325,0.19884420931339264
20.490000000000002,-1.2597298622131348,-1.427398681640625,2.2209415435791016,0.19929993152618408,-0.05351841449737549,-0.666415810585022,0.32017219066619873,0.5205028653144836,0.20178261399269104
20.5,-1.257719874382019,-1.42790949344635,2.214285373687744,0.20249700546264648,-0.048304855823516846,-0.6643838882446289,0.31921613216400146,0.5221568942070007,0.2047210931777954
20.51,-1.255679726600647,-1.428364872932434,2.2076520919799805,0.20568445324897766,-0.04307526350021362,-0.662321925163269,0.3182526230812073,0.5237856507301331,0.2076573371887207
20.52,-1.2536077499389648,-1.428769588470459,2.2010397911071777,0.20886224508285522,-0.037828922271728516,-0.6602306365966797,0.3172804117202759,0.525390088558197,0.2105926126241684
20.53,-1.2515021562576294,-1.429121732711792,2.1944468021392822,0.21203026175498962,-0.03256744146347046,-0.6581097841262817,0.3162984251976013,0.5269695520401001,0.2135275900363922
20.54,-1.2493667602539062,-1.429421067237854,2.1878767013549805,0.21518829464912415,-0.027289509773254395,-0.655959963798523,0.3153087794780731,0.5285242795944214,0.21646055579185486
20.55,-1.2471973896026611,-1.4296691417694092,2.1813299655914307,0.21833601593971252,-0.021996915340423584,-0.6537812948226929,0.3143090605735779,0.530053973197937,0.219391331076622
20.56,-1.2449979782104492,-1.4298611879348755,2.1748032569885254,0.22147446870803833,-0.016689002513885498,-0.6515719890594482,0.3133006691932678,0.5315581560134888,0.22232142090797424
20.57,-1.242767572402954,-1.4300016164779663,2.16829776763916,0.22460216283798218,-0.01136559247970581,-0.6493343710899353,0.3122842311859131,0.5330376029014587,0.22525055706501007
20.580000000000002,-1.2405067682266235,-1.4300886392593384,2.161815643310547,0.22772005200386047,-0.006028175354003906,-0.647066593170166,0.3112589120864868,0.5344915986061096,0.22817713022232056
20.59,-1.2382128238677979,-1.4301222562789917,2.1553568840026855,0.23082739114761353,-0.0006757378578186035,-0.6447702050209045,0.31022340059280396,0.5359205007553101,0.23110170662403107
20.6,-1.2358899116516113,-1.430100679397583,2.148921012878418,0.23392465710639954,0.004690349102020264,-0.6424447298049927,0.3091798722743988,0.5373234748840332,0.23402419686317444
20.61,-1.2335360050201416,-1.4300285577774048,2.142507314682007,0.23701134324073792,0.01007080078125,-0.6400901675224304,0.30812719464302063,0.5387016534805298,0.23694519698619843
20.62,-1.231150507926941,-1.429900884628296,2.1361186504364014,0.24008715152740479,0.015464365482330322,-0.6377061605453491,0.3070651590824127,0.5400537848472595,0.2398630678653717
20.63,-1.2287373542785645,-1.4297194480895996,2.1297550201416016,0.24315151572227478,0.020871341228485107,-0.6352928876876831,0.30599498748779297,0.5413802862167358,0.24277767539024353
20.64,-1.2262907028198242,-1.4294822216033936,2.123414993286133,0.2462058961391449,0.02629142999649048,-0.6328506469726562,0.30491432547569275,0.5426809191703796,0.24569031596183777
20.650000000000002,-1.2238142490386963,-1.429192304611206,2.117097854614258,0.24924975633621216,0.03172510862350464,-0.6303794384002686,0.3038243353366852,0.5439561605453491,0.24860087037086487
20.66,-1.2213000059127808,-1.4288479089736938,2.110806941986084,0.2522832453250885,0.03717070817947388,-0.6278789043426514,0.30272042751312256,0.5452052354812622,0.2515076994895935
20.67,-1.2187628746032715,-1.428450584411621,2.1045408248901367,0.2553052008152008,0.042629241943359375,-0.6253486275672913,0.30161142349243164,0.5464288592338562,0.2544114887714386
20.68,-1.216194748878479,-1.4279953241348267,2.098297595977783,0.2583153545856476,0.04809927940368652,-0.6227903366088867,0.3004927635192871,0.5476258397102356,0.25731346011161804
20.69,-1.213596224784851,-1.4274870157241821,2.0920815467834473,0.2613149881362915,0.053581833839416504,-0.6202023029327393,0.29936349391937256,0.5487971305847168,0.26021137833595276
20.7,-1.2109687328338623,-1.4269239902496338,2.085892915725708,0.2643032670021057,0.05907529592514038,-0.6175857186317444,0.29822561144828796,0.5499420762062073,0.26310494542121887
20.71,-1.2083145380020142,-1.4263054132461548,2.0797321796417236,0.26727861166000366,0.06457924842834473,-0.6149409413337708,0.29707998037338257,0.551060676574707,0.26599401235580444
20.72,-1.205627679824829,-1.4256336688995361,2.0735960006713867,0.27024373412132263,0.07009565830230713,-0.6122658848762512,0.29592254757881165,0.5521535277366638,0.26888006925582886
20.73,-1.2029094696044922,-1.4249039888381958,2.067486047744751,0.2731970548629761,0.07562324404716492,-0.6095629930496216,0.2947540879249573,0.5532196164131165,0.2717629075050354
20.740000000000002,-1.2001633644104004,-1.4241200685501099,2.061404228210449,0.27613896131515503,0.0811610221862793,-0.6068311333656311,0.2935768961906433,0.5542595386505127,0.27464085817337036
20.75,-1.1973875761032104,-1.423280954360962,2.0553503036499023,0.27906861901283264,0.0867084264755249,-0.6040703058242798,0.2923896014690399,0.5552728772163391,0.2775145471096039
20.76,-1.1945816278457642,-1.4223864078521729,2.0493226051330566,0.28198671340942383,0.09226590394973755,-0.6012811660766602,0.29119133949279785,0.5562596321105957,0.2803846001625061
20.77,-1.1917474269866943,-1.4214341640472412,2.0433239936828613,0.2848924994468689,0.09783381223678589,-0.5984628796577454,0.28998395800590515,0.5572198629379272,0.2832493185997009
20.78,-1.1888847351074219,-1.4204280376434326,2.037353515625,0.28778645396232605,0.10341042280197144,-0.5956155061721802,0.2887665629386902,0.5581534504890442,0.28610938787460327
20.79,-1.1859920024871826,-1.4193675518035889,2.031412124633789,0.29066818952560425,0.10899686813354492,-0.5927402377128601,0.28753796219825745,0.5590606927871704,0.2889646291732788
20.8,-1.1830693483352661,-1.4182497262954712,2.025501012802124,0.293536901473999,0.11459070444107056,-0.5898370742797852,0.286298930644989,0.559940755367279,0.2918141186237335
20.81,-1.1801203489303589,-1.4170743227005005,2.01961612701416,0.2963937520980835,0.12019425630569458,-0.5869042873382568,0.2850508689880371,0.560793936252594,0.2946600615978241
20.82,-1.1771410703659058,-1.4158443212509155,2.0137622356414795,0.2992379069328308,0.1258067786693573,-0.5839434266090393,0.28379133343696594,0.5616206526756287,0.2974999248981476
20.830000000000002,-1.1741352081298828,-1.4145582914352417,2.0079379081726074,0.30206966400146484,0.13142672181129456,-0.5809537172317505,0.2825225591659546,0.5624203085899353,0.3003343939781189
20.84,-1.1711006164550781,-1.413217544555664,2.0021424293518066,0.3048883378505707,0.1370551884174347,-0.5779362916946411,0.2812432646751404,0.5631934404373169,0.30316412448883057
20.85,-1.1680383682250977,-1.4118173122406006,1.9963784217834473,0.3076947033405304,0.14269065856933594,-0.574890673160553,0.27995359897613525,0.563939094543457,0.3059873878955841
20.86,-1.1649469137191772,-1.4103621244430542,1.990645170211792,0.31048789620399475,0.14833411574363708,-0.5718168020248413,0.2786523997783661,0.564657986164093,0.30880478024482727
20.87,-1.1618281602859497,-1.408850908279419,1.98494291305542,0.3132677674293518,0.15398472547531128,-0.5687148571014404,0.2773415446281433,0.5653497576713562,0.3116162419319153
20.88,-1.1586806774139404,-1.4072829484939575,1.9792718887329102,0.31603431701660156,0.15964046120643616,-0.5655848979949951,0.27601906657218933,0.5660143494606018,0.314421683549881
20.89,-1.1555055379867554,-1.405659794807434,1.9736294746398926,0.3187876343727112,0.16530418395996094,-0.5624266266822815,0.27468591928482056,0.5666521191596985,0.3172222673892975
20.900000000000002,-1.1523045301437378,-1.4039770364761353,1.9680213928222656,0.32152801752090454,0.17097359895706177,-0.5592406392097473,0.27334320545196533,0.5672622323036194,0.32001498341560364
20.91,-1.1490757465362549,-1.4022375345230103,1.9624452590942383,0.3242546617984772,0.17664891481399536,-0.5560266375541687,0.271989643573761,0.5678451061248779,0.3228011429309845
20.92,-1.1458191871643066,-1.4004441499710083,1.9569001197814941,0.3269677758216858,0.18233051896095276,-0.5527841448783875,0.2706243395805359,0.5684012174606323,0.32558149099349976
20.93,-1.1425361633300781,-1.3985925912857056,1.9513890743255615,0.32966703176498413,0.18801695108413696,-0.5495144724845886,0.26924920082092285,0.5689297914505005,0.3283541798591614
20.94,-1.1392266750335693,-1.3966838121414185,1.9459104537963867,0.3323529362678528,0.19370919466018677,-0.5462165474891663,0.2678632140159607,0.5694311857223511,0.33111992478370667
20.95,-1.1358892917633057,-1.3947169780731201,1.940464973449707,0.33502471446990967,0.199405699968338,-0.5428916811943054,0.26646536588668823,0.5699048638343811,0.3338785767555237
20.96,-1.1325241327285767,-1.3926945924758911,1.9350533485412598,0.3376815915107727,0.2051067054271698,-0.5395400524139404,0.265056312084198,0.5703513622283936,0.33663010597229004
20.97,-1.1291347742080688,-1.3906164169311523,1.9296748638153076,0.3403254747390747,0.2108127772808075,-0.5361593961715698,0.2636374831199646,0.570770800113678,0.3393741548061371
20.98,-1.1257184743881226,-1.3884801864624023,1.924330711364746,0.3429545760154724,0.216522216796875,-0.5327521562576294,0.262207567691803,0.5711625218391418,0.34211069345474243
20.990000000000002,-1.1222753524780273,-1.3862861394882202,1.919020652770996,0.3455694913864136,0.22223609685897827,-0.5293174386024475,0.26076558232307434,0.571526825428009,0.3448396325111389
21.0,-1.1188068389892578,-1.3840337991714478,1.9137439727783203,0.34816980361938477,0.22795286774635315,-0.525855541229248,0.2593134641647339,0.5718633532524109,0.3475615084171295
21.01,-1.1153128147125244,-1.3817272186279297,1.9085030555725098,0.3507559597492218,0.23367348313331604,-0.5223664045333862,0.2578502893447876,0.5721729397773743,0.3502747118473053
21.02,-1.1117913722991943,-1.379360556602478,1.9032971858978271,0.35332679748535156,0.2393963634967804,-0.5188494920730591,0.2563748359680176,0.5724545121192932,0.3529798984527588
21.03,-1.1082459688186646,-1.3769378662109375,1.898125410079956,0.35588347911834717,0.24512267112731934,-0.515306293964386,0.25488924980163574,0.5727087259292603,0.35567760467529297
21.04,-1.1046749353408813,-1.3744581937789917,1.8929903507232666,0.3584252893924713,0.250850647687912,-0.5117356181144714,0.25339239835739136,0.5729353427886963,0.3583662211894989
21.05,-1.1010808944702148,-1.3719213008880615,1.887892484664917,0.3609510064125061,0.2565807104110718,-0.508139431476593,0.25188544392585754,0.5731343626976013,0.3610456585884094
21.06,-1.0974595546722412,-1.3693270683288574,1.8828296661376953,0.3634626865386963,0.2623126804828644,-0.5045157670974731,0.2503660321235657,0.5733058452606201,0.3637171685695648
21.07,-1.0938124656677246,-1.3666751384735107,1.877802848815918,0.3659585416316986,0.2680469751358032,-0.5008647441864014,0.24883517622947693,0.5734497904777527,0.3663799464702606
21.080000000000002,-1.0901345014572144,-1.3639646768569946,1.8728115558624268,0.3684387505054474,0.27378180623054504,-0.49718767404556274,0.24728867411613464,0.5735658407211304,0.36903467774391174
21.09,-1.0864379405975342,-1.3611994981765747,1.867858648300171,0.37090373039245605,0.2795183062553406,-0.49348413944244385,0.2457350641489029,0.5736547112464905,0.37167954444885254
21.1,-1.0827171802520752,-1.358375906944275,1.8629424571990967,0.37335363030433655,0.28525489568710327,-0.489754319190979,0.24417005479335785,0.5737156867980957,0.3743152916431427
21.11,-1.0789716243743896,-1.3554946184158325,1.858062744140625,0.3757874369621277,0.29099273681640625,-0.48599809408187866,0.24259352684020996,0.5737491250038147,0.37694254517555237
21.12,-1.0752012729644775,-1.3525546789169312,1.8532218933105469,0.37820547819137573,0.29673001170158386,-0.48221564292907715,0.24100463092327118,0.573754608631134,0.37955954670906067
21.13,-1.0714116096496582,-1.3495590686798096,1.8484179973602295,0.3806079030036926,0.3024662137031555,-0.47840702533721924,0.23940743505954742,0.5737326741218567,0.3821678161621094
21.14,-1.0675938129425049,-1.3465070724487305,1.8436532020568848,0.38299378752708435,0.308203786611557,-0.47457242012023926,0.2377963811159134,0.5736833810806274,0.3847655951976776
21.150000000000002,-1.0637513399124146,-1.343396544456482,1.838925838470459,0.3853636384010315,0.3139409124851227,-0.470711886882782,0.2361728399991989,0.5736059546470642,0.3873543441295624
21.16,-1.05988609790802,-1.3402281999588013,1.8342385292053223,0.38771721720695496,0.3196769654750824,-0.46682488918304443,0.23453864455223083,0.5735011696815491,0.3899323642253876
21.17,-1.0559978485107422,-1.3370015621185303,1.829590082168579,0.39005473256111145,0.32541102170944214,-0.4629128575325012,0.2328929305076599,0.5733683705329895,0.3925003111362457
21.18,-1.0520848035812378,-1.33371901512146,1.8249807357788086,0.39237499237060547,0.33114364743232727,-0.4589751958847046,0.23123453557491302,0.5732080936431885,0.3950580060482025
21.19,-1.0481500625610352,-1.3303802013397217,1.8204102516174316,0.3946794271469116,0.336875319480896,-0.4550110697746277,0.22956553101539612,0.5730203986167908,0.39760610461235046
21.2,-1.0441919565200806,-1.3269801139831543,1.8158800601959229,0.39696669578552246,0.3426041305065155,-0.45102250576019287,0.22788481414318085,0.5728045105934143,0.40014299750328064
21.21,-1.0402089357376099,-1.323527455329895,1.8113913536071777,0.3992360830307007,0.3483298122882843,-0.4470096230506897,0.22619053721427917,0.5725616216659546,0.4026685953140259
21.22,-1.036205768585205,-1.3200151920318604,1.8069415092468262,0.40148988366127014,0.3540545701980591,-0.44296979904174805,0.22448651492595673,0.5722908973693848,0.4051840901374817
21.23,-1.032179832458496,-1.3164464235305786,1.8025314807891846,0.403726190328598,0.3597756624221802,-0.43890535831451416,0.22277073562145233,0.5719923973083496,0.40768948197364807
21.240000000000002,-1.0281319618225098,-1.3128198385238647,1.7981629371643066,0.40594565868377686,0.3654944598674774,-0.4348161220550537,0.22104333341121674,0.5716664791107178,0.4101831614971161
21.25,-1.024060606956482,-1.3091349601745605,1.7938356399536133,0.4081468880176544,0.3712090849876404,-0.43070197105407715,0.219303160905838,0.5713126063346863,0.41266563534736633
21.26,-1.0199687480926514,-1.305395483970642,1.7895495891571045,0.4103316068649292,0.37692174315452576,-0.42656245827674866,0.21755225956439972,0.5709315538406372,0.41513684391975403
21.27,-1.0158547163009644,-1.3015979528427124,1.7853038311004639,0.4124983549118042,0.38262873888015747,-0.4223986566066742,0.2157895267009735,0.5705227851867676,0.4175974726676941
21.28,-1.011718511581421,-1.2977429628372192,1.7811009883880615,0.41464734077453613,0.3883323073387146,-0.4182106852531433,0.2140141725540161,0.5700865387916565,0.4200458228588104
21.29,-1.0075618028640747,-1.2938297986984253,1.7769403457641602,0.4167789816856384,0.39403054118156433,-0.4139980971813202,0.2122279852628708,0.5696224570274353,0.4224824905395508
21.3,-1.0033823251724243,-1.2898616790771484,1.7728228569030762,0.4188913106918335,0.3997231125831604,-0.4097616970539093,0.21042902767658234,0.5691311955451965,0.42490673065185547
21.31,-0.9991824626922607,-1.2858364582061768,1.7687454223632812,0.4209863543510437,0.40541157126426697,-0.4055004417896271,0.20861844718456268,0.5686123967170715,0.4273205101490021
21.32,-0.9949622750282288,-1.2817552089691162,1.7647120952606201,0.42306357622146606,0.4110954999923706,-0.40121546387672424,0.20679688453674316,0.5680662989616394,0.42972150444984436
21.330000000000002,-0.9907217025756836,-1.2776145935058594,1.7607219219207764,0.42512276768684387,0.4167730510234833,-0.39690572023391724,0.2049635797739029,0.5674923062324524,0.4321103096008301
21.34,-0.986459493637085,-1.2734181880950928,1.7567734718322754,0.42716264724731445,0.4224454164505005,-0.39257264137268066,0.20311759412288666,0.5668912529945374,0.43448758125305176
21.35,-0.9821782112121582,-1.2691657543182373,1.7528698444366455,0.42918503284454346,0.42811089754104614,-0.3882160782814026,0.2012607306241989,0.5662627220153809,0.43685173988342285
21.36,-0.9778765439987183,-1.264857292175293,1.749009609222412,0.43118828535079956,0.4337717294692993,-0.38383591175079346,0.19939205050468445,0.5656068325042725,0.4392034411430359
21.37,-0.9735551476478577,-1.2604900598526,1.7451937198638916,0.43317335844039917,0.4394240975379944,-0.3794316351413727,0.197511687874794,0.5649234056472778,0.4415423274040222
21.38,-0.9692118167877197,-1.256068229675293,1.7414205074310303,0.43513771891593933,0.4450685977935791,-0.37500518560409546,0.1956177055835724,0.5642130374908447,0.44386932253837585
21.39,-0.9648507833480835,-1.251589059829712,1.737691879272461,0.43708449602127075,0.4507075250148773,-0.37055471539497375,0.1937137246131897,0.5634753108024597,0.4461834132671356
21.400000000000002,-0.9604707956314087,-1.2470542192459106,1.734009027481079,0.4390125274658203,0.45633819699287415,-0.36608096957206726,0.19179806113243103,0.5627102255821228,0.4484837055206299
21.41,-0.9560704231262207,-1.2424639463424683,1.7303707599639893,0.4409202039241791,0.46196186542510986,-0.3615848124027252,0.1898697316646576,0.5619182586669922,0.4507708251476288
21.42,-0.9516521692276001,-1.237815022468567,1.7267768383026123,0.4428098201751709,0.46757668256759644,-0.3570655882358551,0.18793052434921265,0.5610986948013306,0.45304545760154724
21.43,-0.9472147226333618,-1.2331109046936035,1.723228931427002,0.4446793794631958,0.47318387031555176,-0.35252395272254944,0.18597954511642456,0.5602522492408752,0.45530593395233154
21.44,-0.9427582025527954,-1.2283514738082886,1.719726800918579,0.4465291500091553,0.4787818193435669,-0.34795907139778137,0.18401609361171722,0.5593787431716919,0.4575529098510742
21.45,-0.9382839202880859,-1.2235352993011475,1.7162706851959229,0.44835957884788513,0.4843715727329254,-0.3433725833892822,0.18204167485237122,0.5584781765937805,0.4597863554954529
21.46,-0.9337954521179199,-1.2186647653579712,1.712859869003296,0.4501711428165436,0.4899507164955139,-0.33876466751098633,0.1800578236579895,0.5575504302978516,0.46200621128082275
21.47,-0.9292842149734497,-1.2137370109558105,1.709496021270752,0.45196157693862915,0.4955219030380249,-0.3341330289840698,0.17805933952331543,0.556596040725708,0.46421197056770325
21.48,-0.9247559309005737,-1.2087527513504028,1.7061779499053955,0.4537322521209717,0.5010826587677002,-0.3294801712036133,0.17604991793632507,0.5556143522262573,0.4664038121700287
21.490000000000002,-0.9202102422714233,-1.2037155628204346,1.702906608581543,0.4554831385612488,0.5066342353820801,-0.324805349111557,0.1740289181470871,0.5546063184738159,0.46858149766921997
21.5,-0.9156420230865479,-1.198620080947876,1.699681043624878,0.45721131563186646,0.5121748447418213,-0.3201085031032562,0.17199330031871796,0.5535710453987122,0.4707458019256592
21.51,-0.9110608100891113,-1.1934703588485718,1.6965041160583496,0.4589208662509918,0.5177057981491089,-0.31538984179496765,0.16994832456111908,0.5525092482566833,0.47289496660232544
21.52,-0.9064633846282959,-1.1882661581039429,1.6933741569519043,0.46061018109321594,0.5232251882553101,-0.3106503486633301,0.16789251565933228,0.5514206886291504,0.47502976655960083
21.53,-0.9018492102622986,-1.1830075979232788,1.6902916431427002,0.462279349565506,0.5287343263626099,-0.30588966608047485,0.16582521796226501,0.5503057837486267,0.47714996337890625
21.54,-0.8972173929214478,-1.1776916980743408,1.687255620956421,0.4639265537261963,0.5342313051223755,-0.30110737681388855,0.16374556720256805,0.5491637587547302,0.47925621271133423
21.55,-0.8925741314888,-1.172322154045105,1.684269905090332,0.4655549228191376,0.539716899394989,-0.2963050901889801,0.1616573929786682,0.5479954481124878,0.4813464283943176
21.56,-0.8879109621047974,-1.1668972969055176,1.6813311576843262,0.46716150641441345,0.5451913475990295,-0.29148149490356445,0.15955562889575958,0.5468006730079651,0.48342227935791016
21.57,-0.8832306265830994,-1.1614185571670532,1.6784405708312988,0.4687458276748657,0.5506529808044434,-0.2866371273994446,0.15744167566299438,0.5455793738365173,0.48548316955566406
21.580000000000002,-0.8785357475280762,-1.155885934829712,1.67559814453125,0.4703102111816406,0.5561031699180603,-0.28177109360694885,0.15531712770462036,0.5443320274353027,0.48752954602241516
21.59,-0.8738250732421875,-1.1502963304519653,1.672804832458496,0.47185274958610535,0.5615397095680237,-0.2768858075141907,0.15318109095096588,0.543057918548584,0.489560067653656
21.6,-0.869098424911499,-1.1446527242660522,1.6700608730316162,0.47337356209754944,0.5669634342193604,-0.2719803750514984,0.15103311836719513,0.5417575836181641,0.49157530069351196
21.61,-0.8643573522567749,-1.1389572620391846,1.6673648357391357,0.47487324476242065,0.5723749995231628,-0.26705437898635864,0.14887450635433197,0.5404314994812012,0.4935757517814636
21.62,-0.859601616859436,-1.1332069635391235,1.664719581604004,0.47635167837142944,0.577772319316864,-0.26210817694664,0.14670471847057343,0.5390790700912476,0.4955598711967468
21.63,-0.8548301458358765,-1.1274031400680542,1.6621220111846924,0.4778071343898773,0.5831550359725952,-0.25714311003685,0.14452292025089264,0.537700891494751,0.49752920866012573
21.64,-0.8500442504882812,-1.1215438842773438,1.6595757007598877,0.47924065589904785,0.5885264277458191,-0.2521582841873169,0.1423300802707672,0.5362961888313293,0.4994819462299347
21.650000000000002,-0.8452450037002563,-1.1156306266784668,1.6570796966552734,0.4806535840034485,0.5938818454742432,-0.24715334177017212,0.14012670516967773,0.5348656177520752,0.5014187693595886
21.66,-0.8404316902160645,-1.109666347503662,1.654632329940796,0.4820438325405121,0.5992238521575928,-0.24212923645973206,0.13791236281394958,0.533409595489502,0.5033403635025024
21.67,-0.8356038928031921,-1.103646159172058,1.6522364616394043,0.4834115505218506,0.6045501232147217,-0.23708641529083252,0.1356862336397171,0.5319275259971619,0.5052450895309448
21.68,-0.8307632803916931,-1.0975736379623413,1.6498911380767822,0.48475730419158936,0.6098623871803284,-0.23202481865882874,0.13344983756542206,0.5304198265075684,0.5071337223052979
21.69,-0.8259092569351196,-1.0914489030838013,1.6475956439971924,0.4860811233520508,0.6151586771011353,-0.22694304585456848,0.13120245933532715,0.5288866758346558,0.5090066194534302
21.7,-0.8210413455963135,-1.0852720737457275,1.6453518867492676,0.4873812198638916,0.6204403042793274,-0.22184398770332336,0.1289435774087906,0.5273280143737793,0.5108625888824463
21.71,-0.8161605596542358,-1.0790424346923828,1.6431596279144287,0.48865842819213867,0.6257046461105347,-0.21672773361206055,0.1266738921403885,0.5257441401481628,0.5127013921737671
21.72,-0.8112679719924927,-1.0727579593658447,1.6410188674926758,0.4899144172668457,0.6309536695480347,-0.21159106492996216,0.12439404428005219,0.5241342782974243,0.5145241618156433
21.73,-0.8063620924949646,-1.0664210319519043,1.638927936553955,0.4911460280418396,0.636186420917511,-0.20643645524978638,0.12210293114185333,0.5224992036819458,0.5163308382034302
21.740000000000002,-0.8014447689056396,-1.0600342750549316,1.6368894577026367,0.49235624074935913,0.6414036750793457,-0.20126447081565857,0.11980170011520386,0.5208391547203064,0.5181201100349426
21.75,-0.7965152859687805,-1.0535941123962402,1.6349027156829834,0.4935428202152252,0.6466041803359985,-0.19607454538345337,0.11748984456062317,0.5191535949707031,0.5198925137519836
21.76,-0.7915743589401245,-1.0471017360687256,1.6329684257507324,0.4947067201137543,0.6517876386642456,-0.19086644053459167,0.11516755819320679,0.5174431800842285,0.5216477513313293
21.77,-0.7866209745407104,-1.040556788444519,1.6310853958129883,0.49584582448005676,0.6569530367851257,-0.18564093112945557,0.11283405125141144,0.5157076120376587,0.5233866572380066
21.78,-0.7816572785377502,-1.0339624881744385,1.6292550563812256,0.49696314334869385,0.6621019840240479,-0.1803986132144928,0.11049079895019531,0.513947606086731,0.5251076221466064
21.79,-0.7766821980476379,-1.0273163318634033,1.6274774074554443,0.49805644154548645,0.6672322750091553,-0.17513927817344666,0.10813722014427185,0.5121625661849976,0.5268113613128662
21.8,-0.7716951966285706,-1.0206196308135986,1.625753402709961,0.4991242289543152,0.6723437309265137,-0.16986358165740967,0.1057722270488739,0.5103532671928406,0.5284971594810486
21.81,-0.7666988968849182,-1.0138700008392334,1.6240804195404053,0.5001706480979919,0.6774386167526245,-0.1645699441432953,0.10339806973934174,0.5085189342498779,0.5301666259765625
21.82,-0.7616921663284302,-1.0070693492889404,1.6224617958068848,0.5011928677558899,0.6825141310691833,-0.15926024317741394,0.10101386904716492,0.506659984588623,0.5318177938461304
21.830000000000002,-0.7566748857498169,-1.0002199411392212,1.620896339416504,0.5021906495094299,0.6875719428062439,-0.15393343567848206,0.09861896932125092,0.5047767758369446,0.5334513187408447
21.84,-0.7516481876373291,-0.9933194518089294,1.6193835735321045,0.503165066242218,0.6926099061965942,-0.1485910713672638,0.0962146669626236,0.5028691291809082,0.5350669622421265
21.85,-0.7466119527816772,-0.9863669872283936,1.617922067642212,0.504115641117096,0.6976302266120911,-0.1432306468486786,0.09380042552947998,0.5009368658065796,0.5366666316986084
21.86,-0.7415656447410583,-0.9793646335601807,1.6165168285369873,0.50504070520401,0.7026293873786926,-0.13785630464553833,0.09137582778930664,0.49898067116737366,0.5382466316223145
21.87,-0.7365109324455261,-0.9723138809204102,1.6151657104492188,0.5059430003166199,0.7076090574264526,-0.13246560096740723,0.08894200623035431,0.49700063467025757,0.5398082733154297
21.88,-0.731450617313385,-0.9652141332626343,1.6138687133789062,0.5068222880363464,0.7125679850578308,-0.1270613670349121,0.08650031685829163,0.4949970841407776,0.5413516759872437
21.89,-0.7263781428337097,-0.9580647945404053,1.612624168395996,0.5076751708984375,0.7175084948539734,-0.12163987755775452,0.08404716849327087,0.4929693639278412,0.5428776741027832
21.900000000000002,-0.721297025680542,-0.9508640170097351,1.6114356517791748,0.5085029602050781,0.722427487373352,-0.11620309948921204,0.08158402144908905,0.4909176230430603,0.5443848371505737
21.91,-0.7162079811096191,-0.9436148405075073,1.6103010177612305,0.5093065500259399,0.7273268103599548,-0.11075201630592346,0.07911185920238495,0.48884230852127075,0.5458735227584839
21.92,-0.7111073732376099,-0.9363176226615906,1.609220027923584,0.5100829005241394,0.7322044372558594,-0.10528555512428284,0.07662799954414368,0.4867435693740845,0.5473443865776062
21.93,-0.7060021758079529,-0.9289706945419312,1.6081945896148682,0.5108358860015869,0.7370617389678955,-0.09980508685112,0.07413685321807861,0.4846213161945343,0.5487959980964661
21.94,-0.7008904218673706,-0.9215748906135559,1.607224941253662,0.5115653276443481,0.7418968677520752,-0.09430950880050659,0.07163695991039276,0.4824755787849426,0.5502289533615112
21.95,-0.6957713961601257,-0.9141327142715454,1.606309175491333,0.5122693181037903,0.7467114329338074,-0.08880040049552917,0.06912799179553986,0.48030704259872437,0.5516432523727417
21.96,-0.690648078918457,-0.9066421985626221,1.6054491996765137,0.5129492878913879,0.7515032887458801,-0.08327865600585938,0.06661143898963928,0.47811511158943176,0.5530382394790649
21.97,-0.6855154037475586,-0.8991037011146545,1.6046440601348877,0.5136033296585083,0.7562730312347412,-0.07774022221565247,0.06408447027206421,0.475900262594223,0.554415225982666
21.98,-0.6803762912750244,-0.8915166854858398,1.6038944721221924,0.5142317414283752,0.7610214352607727,-0.0721895694732666,0.06154881417751312,0.47366246581077576,0.5557725429534912
21.990000000000002,-0.6752311587333679,-0.8838818073272705,1.6032004356384277,0.5148351192474365,0.7657463550567627,-0.06662541627883911,0.05900441110134125,0.47140172123908997,0.5571109056472778
22.0,-0.6700793504714966,-0.8762014508247375,1.6025619506835938,0.5154115557670593,0.770448625087738,-0.06104657053947449,0.05645105242729187,0.469118595123291,0.5584306716918945
22.01,-0.6649227142333984,-0.8684743046760559,1.6019794940948486,0.5159638524055481,0.775128960609436,-0.05545598268508911,0.05388960242271423,0.4668129086494446,0.559730589389801
22.02,-0.6597604751586914,-0.8606988191604614,1.6014530658721924,0.51649010181427,0.7797849774360657,-0.04985255002975464,0.05131968855857849,0.4644846022129059,0.5610111951828003
22.03,-0.6545926928520203,-0.852877140045166,1.600982666015625,0.5169900059700012,0.7844185829162598,-0.04423639178276062,0.04874114692211151,0.4621339738368988,0.5622725486755371
22.04,-0.6494205594062805,-0.8450103998184204,1.6005682945251465,0.5174645781517029,0.7890278100967407,-0.03860625624656677,0.046154797077178955,0.4597613215446472,0.5635147094726562
22.05,-0.6442433595657349,-0.837097704410553,1.600210428237915,0.5179123878479004,0.7936131954193115,-0.03296670317649841,0.04356004297733307,0.45736658573150635,0.564736545085907
22.06,-0.639061689376831,-0.8291397094726562,1.5999078750610352,0.5183345079421997,0.7981753349304199,-0.027312040328979492,0.04095719754695892,0.45494991540908813,0.5659400224685669
22.07,-0.6338765025138855,-0.8211342692375183,1.5996637344360352,0.5187311768531799,0.8027122020721436,-0.02164638042449951,0.038347020745277405,0.45251113176345825,0.567122757434845
22.080000000000002,-0.6286873817443848,-0.813083827495575,1.5994751453399658,0.5191022753715515,0.8072255253791809,-0.01596882939338684,0.03572903573513031,0.4500507712364197,0.5682862997055054
22.09,-0.6234942674636841,-0.8049898147583008,1.5993437767028809,0.5194454193115234,0.811713457107544,-0.010280460119247437,0.03310307860374451,0.4475688934326172,0.5694295167922974
22.1,-0.6182982921600342,-0.7968496680259705,1.5992693901062012,0.5197640061378479,0.8161771297454834,-0.004580855369567871,0.03046998381614685,0.4450654983520508,0.5705527067184448
22.11,-0.6130992770195007,-0.788664698600769,1.5992529392242432,0.5200556516647339,0.8206146955490112,0.001130610704421997,0.027829378843307495,0.4425406754016876,0.5716559886932373
22.12,-0.6078970432281494,-0.7804372906684875,1.599292278289795,0.5203202962875366,0.8250280022621155,0.0068531036376953125,0.02518126368522644,0.43999484181404114,0.5727397203445435
22.13,-0.6026924252510071,-0.7721666097640991,1.5993893146514893,0.5205579400062561,0.8294142484664917,0.012584030628204346,0.022526025772094727,0.43742835521698,0.5738024711608887
22.14,-0.5974858403205872,-0.7638502717018127,1.5995445251464844,0.5207700729370117,0.8337759375572205,0.018327683210372925,0.019863992929458618,0.4348399043083191,0.5748451948165894
22.150000000000002,-0.5922773480415344,-0.7554898858070374,1.5997567176818848,0.5209559798240662,0.8381108641624451,0.02408096194267273,0.017195045948028564,0.43223097920417786,0.575867772102356
22.16,-0.5870667099952698,-0.7470864653587341,1.6000256538391113,0.5211136341094971,0.8424204587936401,0.029845207929611206,0.014519035816192627,0.42960137128829956,0.5768704414367676
22.17,-0.5818548798561096,-0.7386415004730225,1.6003532409667969,0.521246075630188,0.8467029929161072,0.03561857342720032,0.011836707592010498,0.4269513785839081,0.5778523683547974
22.18,-0.5766420364379883,-0.7301539182662964,1.6007390022277832,0.521351158618927,0.850959837436676,0.04140228033065796,0.00914783775806427,0.4242810010910034,0.5788134932518005
22.19,-0.5714277029037476,-0.7216222286224365,1.6011812686920166,0.5214287042617798,0.8551887273788452,0.04719570279121399,0.006452292203903198,0.42159008979797363,0.5797548294067383
22.2,-0.5662132501602173,-0.7130486369132996,1.6016819477081299,0.5214799046516418,0.8593915700912476,0.05299755930900574,0.003750711679458618,0.41887903213500977,0.5806750059127808
22.21,-0.5609980821609497,-0.704435408115387,1.6022419929504395,0.5215029716491699,0.8635658025741577,0.05880767107009888,0.001042887568473816,0.41614866256713867,0.5815742015838623
22.22,-0.5557828545570374,-0.69577956199646,1.6028592586517334,0.5214993953704834,0.8677133321762085,0.06462752819061279,-0.0016710758209228516,0.413397878408432,0.5824530124664307
22.23,-0.5505681037902832,-0.6870825886726379,1.603534460067749,0.521469235420227,0.8718341588973999,0.07045605778694153,-0.004390552639961243,0.4106273055076599,0.5833110809326172
22.240000000000002,-0.5453534722328186,-0.6783418655395508,1.6042675971984863,0.5214123725891113,0.8759264945983887,0.0762939453125,-0.007115915417671204,0.407836377620697,0.5841487646102905
22.25,-0.5401400327682495,-0.6695616245269775,1.6050608158111572,0.5213277339935303,0.8799914121627808,0.08213987946510315,-0.009846732020378113,0.4050266444683075,0.5849648714065552
22.26,-0.5349268913269043,-0.6607421040534973,1.6059112548828125,0.5212151408195496,0.8840272426605225,0.08799323439598083,-0.012583255767822266,0.40219759941101074,0.585760235786438
22.27,-0.5297155380249023,-0.651882529258728,1.6068201065063477,0.5210757851600647,0.8880356550216675,0.09385530650615692,-0.015324801206588745,0.39934951066970825,0.586534857749939
22.28,-0.5245054364204407,-0.6429812908172607,1.607787847518921,0.5209094882011414,0.8920143246650696,0.09972415864467621,-0.018071651458740234,0.3964821398258209,0.5872880816459656
22.29,-0.5192973613739014,-0.6340405344963074,1.6088151931762695,0.5207140445709229,0.8959642052650452,0.10560104250907898,-0.020823568105697632,0.3935958445072174,0.5880200862884521
22.3,-0.5140936374664307,-0.6250628232955933,1.6098992824554443,0.5204949378967285,0.8998848795890808,0.11148475110530853,-0.023578792810440063,0.39069151878356934,0.5887314677238464
22.31,-0.5088897943496704,-0.6160452365875244,1.6110432147979736,0.5202459692955017,0.9037778973579407,0.11737611889839172,-0.026340201497077942,0.38776808977127075,0.5894215106964111
22.32,-0.5036886930465698,-0.6069887280464172,1.6122469902038574,0.519967794418335,0.9076406359672546,0.12327401340007782,-0.029106155037879944,0.384826123714447,0.5900897979736328
22.330000000000002,-0.49848800897598267,-0.5978924036026001,1.613509178161621,0.519659698009491,0.9114745259284973,0.12917783856391907,-0.031877994537353516,0.3818657398223877,0.5907367467880249
22.34,-0.4932931661605835,-0.5887577533721924,1.614830493927002,0.5193272233009338,0.9152778387069702,0.13508807122707367,-0.03465262055397034,0.3788871765136719,0.591362476348877
22.35,-0.48810136318206787,-0.5795857310295105,1.6162109375,0.5189663767814636,0.9190528988838196,0.14100532233715057,-0.037431418895721436,0.3758901357650757,0.5919669270515442
22.36,-0.4829137921333313,-0.5703756213188171,1.6176509857177734,0.518578290939331,0.9227962493896484,0.14692828059196472,-0.04021406173706055,0.3728756606578827,0.5925495028495789
22.37,-0.477729856967926,-0.5611283779144287,1.619149923324585,0.5181629061698914,0.9265103340148926,0.1528562754392624,-0.043000563979148865,0.3698434829711914,0.5931106805801392
22.38,-0.47255271673202515,-0.5518465042114258,1.6207075119018555,0.517721951007843,0.930192768573761,0.15878824889659882,-0.04578925669193268,0.36679452657699585,0.5936501026153564
22.39,-0.46737778186798096,-0.5425268411636353,1.6223258972167969,0.5172491073608398,0.9338451623916626,0.16472859680652618,-0.048582956194877625,0.36372750997543335,0.5941681861877441
22.400000000000002,-0.462207555770874,-0.5331709384918213,1.6240026950836182,0.516749918460846,0.9374676942825317,0.1706724762916565,-0.05137975513935089,0.36064326763153076,0.594664454460144
22.41,-0.4570428729057312,-0.5237774848937988,1.625739336013794,0.5162222981452942,0.9410581588745117,0.1766212433576584,-0.054179832339286804,0.3575417697429657,0.5951390266418457
22.42,-0.4518831968307495,-0.5143482685089111,1.627535104751587,0.5156660079956055,0.9446174502372742,0.18257459998130798,-0.05698287487030029,0.35442328453063965,0.5955919027328491
22.43,-0.4467294216156006,-0.5048851370811462,1.6293907165527344,0.5150823593139648,0.9481467008590698,0.18853388726711273,-0.05978862941265106,0.35128822922706604,0.5960230827331543
22.44,-0.44158148765563965,-0.49538666009902954,1.6313059329986572,0.5144710540771484,0.9516435861587524,0.19449588656425476,-0.06259721517562866,0.3481364846229553,0.5964321494102478
22.45,-0.43643999099731445,-0.4858511686325073,1.6332807540893555,0.5138301253318787,0.9551100134849548,0.20046184957027435,-0.0654081404209137,0.34496748447418213,0.5968194007873535
22.46,-0.4313052296638489,-0.47628456354141235,1.6353156566619873,0.5131610631942749,0.958543062210083,0.20643068850040436,-0.068221315741539,0.3417836129665375,0.5971844792366028
22.47,-0.42617684602737427,-0.4666813611984253,1.6374092102050781,0.5124653577804565,0.9619444608688354,0.21240484714508057,-0.07103678584098816,0.3385827839374542,0.5975281000137329
22.48,-0.4210558533668518,-0.45704567432403564,1.6395633220672607,0.51173996925354,0.9653148651123047,0.21838147938251495,-0.07385404407978058,0.3353661298751831,0.5978494882583618
22.490000000000002,-0.4159419536590576,-0.4473764896392822,1.6417768001556396,0.5109879970550537,0.9686521291732788,0.2243611365556717,-0.07667326927185059,0.33213359117507935,0.5981488227844238
22.5,-0.410835862159729,-0.43767249584198,1.6440510749816895,0.5102072954177856,0.9719576835632324,0.23034437000751495,-0.07949405908584595,0.3288852572441101,0.5984259247779846
22.51,-0.4057376980781555,-0.42793571949005127,1.6463842391967773,0.5093989372253418,0.9752297401428223,0.2363305687904358,-0.08231623470783234,0.32562142610549927,0.5986812114715576
22.52,-0.4006478786468506,-0.4181678891181946,1.6487770080566406,0.5085606575012207,0.9784702062606812,0.24231824278831482,-0.08513964712619781,0.3223423659801483,0.5989142656326294
22.53,-0.395566463470459,-0.408366322517395,1.6512303352355957,0.5076957941055298,0.9816766977310181,0.24830813705921173,-0.0879642516374588,0.3190479874610901,0.5991251468658447
22.54,-0.3904939293861389,-0.39853280782699585,1.6537442207336426,0.5068022012710571,0.984851062297821,0.25430163741111755,-0.09078975021839142,0.3157385587692261,0.5993139743804932
22.55,-0.3854309916496277,-0.38867080211639404,1.656315803527832,0.5058781504631042,0.9879909157752991,0.2602956295013428,-0.09361566603183746,0.31241464614868164,0.5994806289672852
22.56,-0.38037657737731934,-0.3787744641304016,1.6589484214782715,0.504928469657898,0.9910987615585327,0.2662908732891083,-0.09644235670566559,0.3090757131576538,0.599624752998352
22.57,-0.3753320574760437,-0.3688488006591797,1.66164231300354,0.5039500594139099,0.9941725134849548,0.2722880244255066,-0.09926943480968475,0.3057224154472351,0.5997464656829834
22.580000000000002,-0.3702976703643799,-0.3588908910751343,1.6643946170806885,0.5029428005218506,0.9972133636474609,0.2782866358757019,-0.10209649801254272,0.3023545444011688,0.5998461246490479
22.59,-0.36527329683303833,-0.34890300035476685,1.6672072410583496,0.5019078254699707,1.000219464302063,0.28428518772125244,-0.10492371022701263,0.29897254705429077,0.5999233722686768
22.6,-0.36025935411453247,-0.3388863801956177,1.6700804233551025,0.5008450746536255,1.0031929016113281,0.2902843952178955,-0.1077507883310318,0.29557666182518005,0.5999780893325806
22.61,-0.3552563786506653,-0.3288404941558838,1.6730139255523682,0.4997525215148926,1.0061314105987549,0.29628461599349976,-0.11057727038860321,0.2921670079231262,0.6000105142593384
22.62,-0.3502640724182129,-0.318763792514801,1.6760063171386719,0.4986332654953003,1.0090364217758179,0.30228549242019653,-0.11340327560901642,0.28874337673187256,0.6000206470489502
22.63,-0.34528374671936035,-0.3086596131324768,1.67905855178833,0.49748414754867554,1.011906385421753,0.30828380584716797,-0.11622825264930725,0.28530651330947876,0.6000081300735474
22.64,-0.34031468629837036,-0.29852569103240967,1.6821720600128174,0.49630796909332275,1.0147416591644287,0.31428396701812744,-0.11905254423618317,0.28185611963272095,0.599973201751709
22.650000000000002,-0.335357666015625,-0.28836482763290405,1.685344934463501,0.4951028525829315,1.0175436735153198,0.32028311491012573,-0.12187545001506805,0.2783926725387573,0.5999158620834351
22.66,-0.33041274547576904,-0.2781762480735779,1.6885771751403809,0.4938701093196869,1.0203099250793457,0.3262825608253479,-0.12469719350337982,0.2749163806438446,0.5998361110687256
22.67,-0.3254801034927368,-0.26795852184295654,1.6918702125549316,0.4926096796989441,1.02304208278656,0.33228012919425964,-0.12751737236976624,0.2714269757270813,0.5997336506843567
22.68,-0.3205607533454895,-0.2577139139175415,1.6952238082885742,0.491319477558136,1.0257383584976196,0.33827710151672363,-0.13033552467823029,0.2679250240325928,0.5996086001396179
22.69,-0.31565380096435547,-0.24744361639022827,1.6986362934112549,0.4900026321411133,1.0284007787704468,0.3442721366882324,-0.1331520527601242,0.2644106447696686,0.5994610786437988
22.7,-0.31076037883758545,-0.2371472716331482,1.7021088600158691,0.4886572062969208,1.0310269594192505,0.35026663541793823,-0.13596631586551666,0.2608841061592102,0.5992910861968994
22.71,-0.30588215589523315,-0.22682583332061768,1.705641508102417,0.4872857332229614,1.0336177349090576,0.3562573194503784,-0.13877727091312408,0.25734609365463257,0.5990985035896301
22.72,-0.30101585388183594,-0.21647626161575317,1.7092337608337402,0.48588454723358154,1.036172866821289,0.36224693059921265,-0.14158661663532257,0.2537952959537506,0.5988832712173462
22.73,-0.29616427421569824,-0.2061009407043457,1.712886095046997,0.48445478081703186,1.0386934280395508,0.3682342767715454,-0.14439332485198975,0.25023263692855835,0.5986453890800476
22.740000000000002,-0.29132694005966187,-0.195701003074646,1.7165980339050293,0.4829963445663452,1.0411778688430786,0.3742201030254364,-0.1471967101097107,0.24665799736976624,0.5983850359916687
22.75,-0.28650355339050293,-0.18527752161026,1.7203707695007324,0.4815062880516052,1.0436272621154785,0.3802028298377991,-0.14999769628047943,0.2430725395679474,0.5981019139289856
22.76,-0.2816956639289856,-0.1748284101486206,1.7242026329040527,0.47999292612075806,1.0460394620895386,0.38618203997612,-0.15279486775398254,0.23947574198246002,0.5977961421012878
22.77,-0.27690351009368896,-0.16435521841049194,1.7280945777893066,0.4784511625766754,1.0484166145324707,0.39215901494026184,-0.15558849275112152,0.23586784303188324,0.5974680185317993
22.78,-0.27212679386138916,-0.15386009216308594,1.7320454120635986,0.47688084840774536,1.0507569313049316,0.3981316089630127,-0.15837791562080383,0.23224928975105286,0.5971168279647827
22.79,-0.2673659324645996,-0.14334005117416382,1.7360577583312988,0.47528332471847534,1.0530617237091064,0.4041012227535248,-0.16116374731063843,0.22861984372138977,0.596743106842041
22.8,-0.26262205839157104,-0.13280129432678223,1.7401273250579834,0.4736611247062683,1.0553295612335205,0.41006678342819214,-0.16394464671611786,0.224980890750885,0.5963469743728638
22.81,-0.25789374113082886,-0.12223482131958008,1.7442574501037598,0.4720073640346527,1.0575602054595947,0.41602784395217896,-0.16672158241271973,0.22133055329322815,0.5959279537200928
22.82,-0.25318199396133423,-0.11164867877960205,1.7484486103057861,0.47032642364501953,1.0597560405731201,0.4219861924648285,-0.16949404776096344,0.2176702320575714,0.5954861640930176
22.830000000000002,-0.24848687648773193,-0.10104095935821533,1.7526979446411133,0.468618243932724,1.061914086341858,0.42793843150138855,-0.17226195335388184,0.21399998664855957,0.5950218439102173
22.84,-0.24380981922149658,-0.09040939807891846,1.7570068836212158,0.4668809175491333,1.0640352964401245,0.43388593196868896,-0.17502418160438538,0.2103191614151001,0.5945347547531128
22.85,-0.23914945125579834,-0.07975763082504272,1.7613751888275146,0.4651174545288086,1.0661205053329468,0.43982940912246704,-0.17778165638446808,0.20662929117679596,0.5940251350402832
22.86,-0.23450696468353271,-0.06908690929412842,1.7658042907714844,0.46332597732543945,1.068168044090271,0.44576725363731384,-0.18053372204303741,0.2029302716255188,0.5934926867485046
22.87,-0.2298828363418579,-0.058395564556121826,1.7702913284301758,0.46150651574134827,1.0701795816421509,0.4516991078853607,-0.18327964842319489,0.1992219090461731,0.5929375886917114
22.88,-0.22527796030044556,-0.04768568277359009,1.774836540222168,0.459658682346344,1.072152853012085,0.45762380957603455,-0.18601945042610168,0.195505291223526,0.5923601388931274
22.89,-0.22069025039672852,-0.03695398569107056,1.7794435024261475,0.45778536796569824,1.0740886926651,0.46354562044143677,-0.18875379860401154,0.1917789876461029,0.5917595624923706
22.900000000000002,-0.21612143516540527,-0.02620255947113037,1.7841081619262695,0.45588475465774536,1.0759882926940918,0.4694598317146301,-0.1914818286895752,0.18804383277893066,0.5911364555358887
22.91,-0.21157264709472656,-0.015434205532073975,1.788832187652588,0.4539554715156555,1.0778497457504272,0.4753676652908325,-0.1942027062177658,0.1843004822731018,0.5904906988143921
22.92,-0.20704227685928345,-0.004646718502044678,1.7936153411865234,0.4520004391670227,1.0796747207641602,0.481268972158432,-0.1969173699617386,0.18054863810539246,0.5898224711418152
22.93,-0.20253223180770874,0.006159484386444092,1.7984585762023926,0.4500178098678589,1.0814608335494995,0.4871649444103241,-0.19962497055530548,0.17678865790367126,0.5891313552856445
22.94,-0.1980421543121338,0.01698392629623413,1.803359031677246,0.4480077028274536,1.0832102298736572,0.4930524528026581,-0.2023249864578247,0.173020601272583,0.5884177684783936
22.95,-0.19357222318649292,0.027824997901916504,1.808319091796875,0.4459710717201233,1.0849213600158691,0.4989326596260071,-0.20501799881458282,0.16924437880516052,0.5876816511154175
22.96,-0.18912333250045776,0.03868067264556885,1.8133375644683838,0.44390660524368286,1.0865947008132935,0.5048043727874756,-0.20770272612571716,0.1654619574546814,0.5869227647781372
22.97,-0.18469488620758057,0.04955404996871948,1.8184146881103516,0.4418157637119293,1.0882301330566406,0.5106703639030457,-0.21037976443767548,0.1616714894771576,0.5861412882804871
22.98,-0.18028700351715088,0.060445427894592285,1.8235504627227783,0.439698725938797,1.0898282527923584,0.5165274739265442,-0.21304908394813538,0.1578734815120697,0.5853374004364014
22.990000000000002,-0.17590028047561646,0.07135194540023804,1.828744888305664,0.4375554919242859,1.091387391090393,0.5223764181137085,-0.21571020781993866,0.15406861901283264,0.5845107436180115
23.0,-0.17153620719909668,0.08227324485778809,1.8339989185333252,0.4353843033313751,1.092909812927246,0.5282175540924072,-0.21836219727993011,0.1502569615840912,0.5836614966392517
23.01,-0.16719281673431396,0.09321033954620361,1.8393104076385498,0.4331880211830139,1.0943927764892578,0.534050464630127,-0.22100597620010376,0.1464385986328125,0.5827897191047668
23.02,-0.16287189722061157,0.10416251420974731,1.844679832458496,0.430964857339859,1.0958383083343506,0.5398756265640259,-0.22364075481891632,0.1426137089729309,0.5818954706192017
23.03,-0.1585729718208313,0.11512714624404907,1.8501086235046387,0.4287158250808716,1.0972450971603394,0.5456901788711548,-0.22626638412475586,0.1387828141450882,0.5809785723686218
23.04,-0.15429788827896118,0.12610632181167603,1.8555943965911865,0.4264392554759979,1.0986144542694092,0.5514959096908569,-0.22888194024562836,0.13494569063186646,0.580039381980896
23.05,-0.1500454545021057,0.13709837198257446,1.8611366748809814,0.42413657903671265,1.0999444723129272,0.557289719581604,-0.23148779571056366,0.13110284507274628,0.579077959060669
23.06,-0.14581513404846191,0.14810466766357422,1.8667397499084473,0.42180925607681274,1.1012356281280518,0.5630759000778198,-0.23408444225788116,0.1272541582584381,0.5780937671661377
23.07,-0.14160943031311035,0.1591244339942932,1.872399091720581,0.4194546639919281,1.1024893522262573,0.5688514709472656,-0.23667027056217194,0.1233997642993927,0.5770872831344604
23.080000000000002,-0.1374262571334839,0.1701546311378479,1.8781161308288574,0.41707557439804077,1.1037038564682007,0.5746169686317444,-0.2392464429140091,0.11954039335250854,0.5760583877563477
23.09,-0.13326740264892578,0.18119734525680542,1.8838908672332764,0.4146704077720642,1.1048805713653564,0.5803729295730591,-0.24181199073791504,0.11567570269107819,0.5750070810317993
23.1,-0.12913310527801514,0.19225233793258667,1.8897242546081543,0.41223907470703125,1.1060174703598022,0.5861179232597351,-0.24436624348163605,0.11180610954761505,0.5739333629608154
23.11,-0.1250227689743042,0.20331841707229614,1.8956141471862793,0.4097828269004822,1.1071157455444336,0.5918514728546143,-0.246909961104393,0.10793177038431168,0.5728374719619751
23.12,-0.1209368109703064,0.21439480781555176,1.9015612602233887,0.40730154514312744,1.1081762313842773,0.5975749492645264,-0.24944250285625458,0.1040528267621994,0.5717190504074097
23.13,-0.11687743663787842,0.22548097372055054,1.9075651168823242,0.40479668974876404,1.1091971397399902,0.6032851934432983,-0.25196272134780884,0.10016968846321106,0.5705786943435669
23.14,-0.11284136772155762,0.23657697439193726,1.9136261940002441,0.4022650122642517,1.1101791858673096,0.6089848875999451,-0.25447210669517517,0.09628237783908844,0.5694160461425781
23.150000000000002,-0.10883092880249023,0.24768471717834473,1.9197442531585693,0.39970827102661133,1.111122965812683,0.614672839641571,-0.2569696307182312,0.0923907458782196,0.5682311654090881
23.16,-0.10484659671783447,0.25880080461502075,1.9259192943572998,0.3971261978149414,1.1120268106460571,0.6203498244285583,-0.2594548761844635,0.08849547803401947,0.5670238733291626
23.17,-0.10088968276977539,0.2699252963066101,1.9321520328521729,0.3945147395133972,1.112892985343933,0.6260141134262085,-0.26192644238471985,0.08459657430648804,0.5657945871353149
23.18,-0.09695756435394287,0.28105759620666504,1.9384403228759766,0.3918831944465637,1.1137192249298096,0.6316655278205872,-0.2643866539001465,0.08069442212581635,0.5645433068275452
23.19,-0.09305137395858765,0.2921997904777527,1.9447848796844482,0.38922759890556335,1.1145069599151611,0.6373043060302734,-0.2668340802192688,0.07678873836994171,0.563269853591919
23.2,-0.08917325735092163,0.3033490777015686,1.951185941696167,0.38654637336730957,1.1152547597885132,0.6429312229156494,-0.2692676782608032,0.07288016378879547,0.561974287033081
23.21,-0.08532071113586426,0.31450319290161133,1.9576430320739746,0.38384494185447693,1.1159639358520508,0.6485431790351868,-0.2716887593269348,0.06896960735321045,0.5606570839881897
23.22,-0.08149576187133789,0.32566606998443604,1.964155912399292,0.3811161518096924,1.1166348457336426,0.6541427373886108,-0.2740962505340576,0.0650554746389389,0.5593177080154419
23.23,-0.07769852876663208,0.33683598041534424,1.9707257747650146,0.37836283445358276,1.1172654628753662,0.6597307324409485,-0.2764893174171448,0.06113839149475098,0.5579560995101929
23.240000000000002,-0.0739281177520752,0.34801387786865234,1.9773521423339844,0.37558650970458984,1.1178572177886963,0.6653045415878296,-0.2788691222667694,0.0572192519903183,0.5565724968910217
23.25,-0.07018619775772095,0.35919445753097534,1.9840326309204102,0.3727860152721405,1.1184096336364746,0.6708629131317139,-0.2812346816062927,0.05329848825931549,0.555167555809021
23.26,-0.06647264957427979,0.37038034200668335,1.9907689094543457,0.36996161937713623,1.1189228296279907,0.6764072775840759,-0.2835851013660431,0.04937581717967987,0.5537406802177429
23.27,-0.06278717517852783,0.3815730810165405,1.9975602626800537,0.3671140968799591,1.1193972826004028,0.6819371581077576,-0.2859214246273041,0.0454510897397995,0.5522921681404114
23.28,-0.05912971496582031,0.39276957511901855,2.004408597946167,0.364243745803833,1.1198315620422363,0.6874538660049438,-0.28824305534362793,0.04152509570121765,0.5508214235305786
23.29,-0.055501699447631836,0.40396982431411743,2.011310577392578,0.36134979128837585,1.1202279329299927,0.6929543018341064,-0.2905493676662445,0.037597671151161194,0.5493294596672058
23.3,-0.051904380321502686,0.4151719808578491,2.0182652473449707,0.3584313988685608,1.12058424949646,0.6984383463859558,-0.29283884167671204,0.03367002308368683,0.547816276550293
23.31,-0.048334717750549316,0.42637860774993896,2.025278091430664,0.35549163818359375,1.120901107788086,0.7039090991020203,-0.2951141595840454,0.02974073588848114,0.5462809801101685
23.32,-0.04479396343231201,0.43759024143218994,2.0323445796966553,0.3525296151638031,1.1211791038513184,0.7093647718429565,-0.29737377166748047,0.02581031620502472,0.5447239279747009
23.330000000000002,-0.04128372669219971,0.44880354404449463,2.0394649505615234,0.34954437613487244,1.1214170455932617,0.7148037552833557,-0.29961663484573364,0.02187955379486084,0.5431457757949829
23.34,-0.03780317306518555,0.46001970767974854,2.046640157699585,0.34653711318969727,1.1216167211532593,0.7202271223068237,-0.30184388160705566,0.017947673797607422,0.5415461659431458
23.35,-0.03435218334197998,0.471235990524292,2.053870439529419,0.3435080051422119,1.1217763423919678,0.7256345748901367,-0.30405473709106445,0.014016494154930115,0.5399250984191895
23.36,-0.030933260917663574,0.4824554920196533,2.0611538887023926,0.3404558300971985,1.1218971014022827,0.731026291847229,-0.30624788999557495,0.010084971785545349,0.5382824540138245
23.37,-0.02754342555999756,0.4936751127243042,2.068490743637085,0.33738285303115845,1.1219778060913086,0.7364004850387573,-0.30842503905296326,0.006153866648674011,0.5366188883781433
23.38,-0.024186432361602783,0.5048931837081909,2.075880527496338,0.33428671956062317,1.1220197677612305,0.7417570948600769,-0.3105839788913727,0.002223968505859375,0.5349341630935669
23.39,-0.020858466625213623,0.5161125659942627,2.083324670791626,0.33117061853408813,1.1220221519470215,0.7470977306365967,-0.31272655725479126,-0.0017060339450836182,0.5332282781600952
23.400000000000002,-0.017562568187713623,0.527332603931427,2.090822219848633,0.3280324637889862,1.1219861507415771,0.7524219155311584,-0.3148505985736847,-0.0056355297565460205,0.5315008163452148
23.41,-0.014298081398010254,0.538552463054657,2.0983729362487793,0.3248733878135681,1.1219096183776855,0.7577280402183533,-0.31695756316185,-0.00956396758556366,0.5297526717185974
23.42,-0.011064529418945312,0.5497722625732422,2.1059775352478027,0.3216937780380249,1.1217944622039795,0.7630168199539185,-0.3190464973449707,-0.013491496443748474,0.5279833078384399
23.43,-0.007864415645599365,0.5609884858131409,2.1136343479156494,0.3184922933578491,1.1216398477554321,0.7682883739471436,-0.3211161494255066,-0.017417341470718384,0.5261929035186768
23.44,-0.004694938659667969,0.5722063779830933,2.1213431358337402,0.3152712881565094,1.1214460134506226,0.7735409736633301,-0.3231682777404785,-0.021342724561691284,0.5243818759918213
23.45,-0.0015583038330078125,0.5834198594093323,2.1291043758392334,0.3120293915271759,1.1212124824523926,0.7787754535675049,-0.3252016305923462,-0.02526545524597168,0.522550106048584
23.46,0.0015438199043273926,0.5946276187896729,2.136918544769287,0.30876609683036804,1.1209406852722168,0.7839922904968262,-0.3272140324115753,-0.02918536216020584,0.5206971168518066
23.47,0.0046152472496032715,0.6058366298675537,2.1447837352752686,0.30548393726348877,1.1206295490264893,0.7891896963119507,-0.3292091190814972,-0.033104367554187775,0.5188238620758057
23.48,0.007654249668121338,0.6170403361320496,2.1527020931243896,0.30218231678009033,1.1202787160873413,0.7943689823150635,-0.3311848044395447,-0.0370207279920578,0.5169295072555542
23.490000000000002,0.010659217834472656,0.6282423138618469,2.160672664642334,0.29886049032211304,1.119889259338379,0.7995288968086243,-0.33313995599746704,-0.040935009717941284,0.5150147676467896
23.5,0.013631284236907959,0.6394393444061279,2.1686930656433105,0.29551929235458374,1.1194597482681274,0.8046691417694092,-0.33507615327835083,-0.04484640061855316,0.513079822063446
23.51,0.01657050848007202,0.6506316661834717,2.1767659187316895,0.2921593189239502,1.1189924478530884,0.809790849685669,-0.3369922637939453,-0.048755109310150146,0.5111239552497864
23.52,0.01947420835494995,0.661818265914917,2.1848888397216797,0.2887794077396393,1.1184852123260498,0.8148919343948364,-0.3388870060443878,-0.05266052484512329,0.509148120880127
23.53,0.022345781326293945,0.673001766204834,2.1930642127990723,0.28538140654563904,1.1179381608963013,0.8199735283851624,-0.34076234698295593,-0.05656297504901886,0.5071517825126648
23.54,0.02518254518508911,0.684178352355957,2.201288938522339,0.28196457028388977,1.1173536777496338,0.8250347375869751,-0.3426167070865631,-0.06046207249164581,0.5051352977752686
23.55,0.027986764907836914,0.6953479051589966,2.2095625400543213,0.27853238582611084,1.1167293787002563,0.8300752639770508,-0.34445083141326904,-0.06435731053352356,0.5030988454818726
23.56,0.03075385093688965,0.7065110206604004,2.2178895473480225,0.2750782370567322,1.1160662174224854,0.8350961208343506,-0.34626221656799316,-0.06824877858161926,0.5010420083999634
23.57,0.03348797559738159,0.7176684141159058,2.2262651920318604,0.271606981754303,1.115364909172058,0.8400958776473999,-0.3480531871318817,-0.07213662564754486,0.4989653527736664
23.580000000000002,0.03618746995925903,0.7288195490837097,2.2346909046173096,0.2681179344654083,1.1146233081817627,0.8450748920440674,-0.3498225808143616,-0.0760202705860138,0.49686866998672485
23.59,0.03884732723236084,0.739962100982666,2.243166446685791,0.26460665464401245,1.1138442754745483,0.8500336408615112,-0.35156744718551636,-0.07989963889122009,0.4947516620159149
23.6,0.04147660732269287,0.7510956525802612,2.251692771911621,0.2610827684402466,1.1130257844924927,0.8549705743789673,-0.35329288244247437,-0.08377423882484436,0.49261510372161865
23.61,0.044069766998291016,0.7622218132019043,2.2602665424346924,0.25754114985466003,1.1121693849563599,0.8598856925964355,-0.3549960255622864,-0.08764442801475525,0.49045896530151367
23.62,0.046627044677734375,0.7733403444290161,2.268890380859375,0.25398266315460205,1.1112726926803589,0.8647799491882324,-0.35667580366134644,-0.09150972962379456,0.48828282952308655
23.63,0.04915022850036621,0.784447431564331,2.2775614261627197,0.25041037797927856,1.1103380918502808,0.8696508407592773,-0.3583345115184784,-0.09536971151828766,0.486087828874588
23.64,0.05163729190826416,0.7955461740493774,2.2862818241119385,0.24681910872459412,1.1093658208847046,0.8745003938674927,-0.35996973514556885,-0.09922477602958679,0.48387303948402405
23.650000000000002,0.05408746004104614,0.8066338300704956,2.295050621032715,0.2432112693786621,1.108354091644287,0.8793277740478516,-0.3615816831588745,-0.10307414829730988,0.48163875937461853
23.66,0.05650120973587036,0.8177112340927124,2.3038671016693115,0.23958733677864075,1.1073040962219238,0.8841326236724854,-0.3631696403026581,-0.10691788792610168,0.4793851971626282
23.67,0.058879733085632324,0.8287813067436218,2.312734603881836,0.2359481155872345,1.106215476989746,0.888916015625,-0.3647350072860718,-0.11075644195079803,0.4771115779876709
23.68,0.06122094392776489,0.8398369550704956,2.3216471672058105,0.2322930097579956,1.1050885915756226,0.8936754465103149,-0.36627644300460815,-0.11458845436573029,0.47481948137283325
23.69,0.06352537870407104,0.8508820533752441,2.3306071758270264,0.22862255573272705,1.10392427444458,0.8984118700027466,-0.36779314279556274,-0.11841465532779694,0.47250834107398987
23.7,0.06579303741455078,0.8619145154953003,2.3396148681640625,0.2249370813369751,1.102720856666565,0.9031258225440979,-0.36928659677505493,-0.12223422527313232,0.47017768025398254
23.71,0.06802302598953247,0.872933566570282,2.34867000579834,0.22123631834983826,1.1014797687530518,0.9078164100646973,-0.3707547187805176,-0.12604668736457825,0.46782800555229187
23.72,0.07021576166152954,0.8839452862739563,2.357771396636963,0.21752110123634338,1.100199580192566,0.9124826788902283,-0.37219834327697754,-0.12985427677631378,0.4654601216316223
23.73,0.07237321138381958,0.8949397802352905,2.3669188022613525,0.21379226446151733,1.0988819599151611,0.9171251058578491,-0.37361830472946167,-0.13365381956100464,0.46307334303855896
23.740000000000002,0.0744924545288086,0.9059222936630249,2.376115322113037,0.21004900336265564,1.097527027130127,0.9217448234558105,-0.37501323223114014,-0.13744667172431946,0.46066713333129883
23.75,0.07657384872436523,0.9168895483016968,2.385354995727539,0.20629191398620605,1.0961334705352783,0.9263391494750977,-0.37638217210769653,-0.141231968998909,0.4582432210445404
23.76,0.07861882448196411,0.9278460741043091,2.3946409225463867,0.20252159237861633,1.094702124595642,0.9309090971946716,-0.37772679328918457,-0.14501051604747772,0.4558006823062897
23.77,0.08062505722045898,0.9387848377227783,2.403972625732422,0.19873762130737305,1.0932331085205078,0.9354546070098877,-0.3790457248687744,-0.14878085255622864,0.45333972573280334
23.78,0.08259314298629761,0.949709951877594,2.413351535797119,0.19494056701660156,1.0917270183563232,0.9399764537811279,-0.38033801317214966,-0.1525438129901886,0.4508597254753113
23.79,0.08452367782592773,0.9606205224990845,2.4227731227874756,0.19113075733184814,1.090181827545166,0.9444723725318909,-0.38160544633865356,-0.15629875659942627,0.4483622610569
23.8,0.08641481399536133,0.9715105295181274,2.4322376251220703,0.18730807304382324,1.0886013507843018,0.9489421248435974,-0.3828456699848175,-0.1600445657968521,0.4458472728729248
23.81,0.08826881647109985,0.9823895692825317,2.4417505264282227,0.1834733486175537,1.0869812965393066,0.9533880949020386,-0.3840605914592743,-0.16378316283226013,0.4433134198188782
23.82,0.0900840163230896,0.9932514429092407,2.4513068199157715,0.17962682247161865,1.0853254795074463,0.9578090906143188,-0.38524824380874634,-0.16751347482204437,0.4407612979412079
23.830000000000002,0.09186184406280518,1.0040963888168335,2.460906505584717,0.17576864361763,1.0836310386657715,0.9622035026550293,-0.3864101767539978,-0.17123542726039886,0.4381917715072632
23.84,0.09360015392303467,1.0149261951446533,2.4705498218536377,0.17189884185791016,1.081899881362915,0.9665724039077759,-0.38754504919052124,-0.1749485284090042,0.4356045722961426
23.85,0.0952996015548706,1.02573561668396,2.480238437652588,0.16801777482032776,1.0801317691802979,0.9709155559539795,-0.3886522054672241,-0.17865213751792908,0.4329994022846222
23.86,0.09696036577224731,1.03652822971344,2.4899697303771973,0.1641257107257843,1.0783274173736572,0.9752329587936401,-0.3897329568862915,-0.18234696984291077,0.4303763806819916
23.87,0.098582923412323,1.0473012924194336,2.4997429847717285,0.16022327542304993,1.0764853954315186,0.9795233011245728,-0.39078640937805176,-0.18603214621543884,0.42773643136024475
23.88,0.10016250610351562,1.0580549240112305,2.5095582008361816,0.15630942583084106,1.0746071338653564,0.9837864637374878,-0.39180994033813477,-0.18970730900764465,0.4250795841217041
23.89,0.10170692205429077,1.068793535232544,2.5194168090820312,0.15238654613494873,1.0726914405822754,0.9880236387252808,-0.39280810952186584,-0.19337397813796997,0.422404944896698
23.900000000000002,0.10321110486984253,1.0795098543167114,2.5293188095092773,0.14845341444015503,1.0707392692565918,0.9922347068786621,-0.3937781751155853,-0.19703029096126556,0.41971269249916077
23.91,0.10467678308486938,1.0902076959609985,2.5392613410949707,0.14451104402542114,1.068751335144043,0.9964181184768677,-0.39472025632858276,-0.20067697763442993,0.41700372099876404
23.92,0.10610193014144897,1.1008843183517456,2.5492477416992188,0.1405593454837799,1.0667264461517334,1.0005747079849243,-0.3956330418586731,-0.20431320369243622,0.4142777621746063
23.93,0.10748779773712158,1.1115443706512451,2.5592734813690186,0.1365984082221985,1.0646641254425049,1.0047036409378052,-0.3965182900428772,-0.2079402059316635,0.4115350544452667
23.94,0.10883474349975586,1.122179627418518,2.5693416595458984,0.13262906670570374,1.0625666379928589,1.008805513381958,-0.39737504720687866,-0.21155564486980438,0.4087750315666199
23.95,0.11013996601104736,1.1327937841415405,2.5794496536254883,0.12865084409713745,1.060433030128479,1.0128793716430664,-0.39820176362991333,-0.21516045928001404,0.40599894523620605
23.96,0.11140948534011841,1.143385410308838,2.589599132537842,0.12466749548912048,1.0582640171051025,1.0169256925582886,-0.3990020751953125,-0.21875391900539398,0.40320566296577454
23.97,0.11263620853424072,1.153957486152649,2.599787712097168,0.12067344784736633,1.0560591220855713,1.0209436416625977,-0.3997718095779419,-0.2223372906446457,0.40039652585983276
23.98,0.11382269859313965,1.1645077466964722,2.610017776489258,0.11667200922966003,1.053816795349121,1.0249338150024414,-0.40051135420799255,-0.22590944170951843,0.39757049083709717
23.990000000000002,0.11496943235397339,1.175034999847412,2.620288372039795,0.11266317963600159,1.051540493965149,1.028895378112793,-0.40122246742248535,-0.2294704169034958,0.39472848176956177
24.0,0.11607682704925537,1.1855378150939941,2.630596160888672,0.10864770412445068,1.0492279529571533,1.0328283309936523,-0.4019039571285248,-0.2330196052789688,0.3918706774711609
24.01,0.11713874340057373,1.1960206031799316,2.640944480895996,0.10462263226509094,1.046879768371582,1.0367331504821777,-0.4025522470474243,-0.2365577518939972,0.3889962136745453
24.02,0.11816489696502686,1.2064764499664307,2.6513326168060303,0.10059380531311035,1.0444964170455933,1.0406087636947632,-0.40317389369010925,-0.24008354544639587,0.3861061632633209
24.03,0.11915159225463867,1.2169098854064941,2.661757469177246,0.09655919671058655,1.0420787334442139,1.0444550514221191,-0.4037656784057617,-0.24359780550003052,0.38320058584213257
24.04,0.12009572982788086,1.2273184061050415,2.672220468521118,0.09251844882965088,1.0396244525909424,1.0482723712921143,-0.40432605147361755,-0.2471000999212265,0.3802793622016907
24.05,0.12100386619567871,1.2377004623413086,2.68272066116333,0.0884750485420227,1.0371365547180176,1.0520598888397217,-0.40485864877700806,-0.25058913230895996,0.3773431181907654
24.060000000000002,0.12186837196350098,1.2480612993240356,2.693260669708252,0.08442366123199463,1.0346128940582275,1.055818796157837,-0.405359148979187,-0.2540668249130249,0.3743901550769806
24.07,0.12269318103790283,1.2583937644958496,2.7038371562957764,0.0803678035736084,1.0320549011230469,1.0595476627349854,-0.40582919120788574,-0.25753140449523926,0.3714224696159363
24.080000000000002,0.12347549200057983,1.2687004804611206,2.7144505977630615,0.07630714774131775,1.0294623374938965,1.0632468461990356,-0.4062671661376953,-0.26098328828811646,0.368439644575119
24.09,0.12421905994415283,1.278982400894165,2.7251036167144775,0.07224258780479431,1.0268357992172241,1.0669169425964355,-0.40667539834976196,-0.2644226551055908,0.3654407262802124
24.1,0.12492209672927856,1.2892382144927979,2.735790252685547,0.06817397475242615,1.0241734981536865,1.0705561637878418,-0.40705257654190063,-0.2678488492965698,0.3624277114868164
24.11,0.1255822777748108,1.2994670867919922,2.746513605117798,0.06410151720046997,1.0214784145355225,1.0741651058197021,-0.40739721059799194,-0.2712620496749878,0.35939979553222656
24.12,0.12620383501052856,1.3096671104431152,2.757272720336914,0.06002604961395264,1.0187487602233887,1.0777437686920166,-0.4077117443084717,-0.27466148138046265,0.356357216835022
24.13,0.12678158283233643,1.3198399543762207,2.7680673599243164,0.05594703555107117,1.0159852504730225,1.0812917947769165,-0.4079933762550354,-0.27804747223854065,0.3532997667789459
24.14,0.12732040882110596,1.329986333847046,2.778897523880005,0.05186590552330017,1.013188362121582,1.0848093032836914,-0.40824365615844727,-0.2814202308654785,0.35022789239883423
24.150000000000002,0.12781864404678345,1.3401048183441162,2.789762496948242,0.04778221249580383,1.0103564262390137,1.0882959365844727,-0.40846312046051025,-0.28477901220321655,0.3471415638923645
24.16,0.12827694416046143,1.3501945734024048,2.800663948059082,0.043696701526641846,1.0074924230575562,1.091752052307129,-0.40865081548690796,-0.2881240248680115,0.34404081106185913
24.17,0.12869346141815186,1.360254168510437,2.811599016189575,0.03960913419723511,1.0045945644378662,1.095177173614502,-0.40880632400512695,-0.2914546728134155,0.34092533588409424
24.18,0.12906885147094727,1.370285987854004,2.8225672245025635,0.0355205237865448,1.0016639232635498,1.0985708236694336,-0.4089288115501404,-0.2947714328765869,0.33779650926589966
24.19,0.12940442562103271,1.3802884817123413,2.833571434020996,0.031430840492248535,0.9986986517906189,1.1019337177276611,-0.4090200662612915,-0.29807358980178833,0.33465248346328735
24.2,0.12969833612442017,1.390261173248291,2.844608783721924,0.0273401141166687,0.9957020878791809,1.105264663696289,-0.40907877683639526,-0.3013615012168884,0.3314957618713379
24.21,0.1299489140510559,1.4001997709274292,2.85567569732666,0.023249179124832153,0.9926722049713135,1.1085633039474487,-0.4091029167175293,-0.3046334385871887,0.3283255696296692
24.22,0.1301608681678772,1.4101123809814453,2.866776943206787,0.01915791630744934,0.9896093606948853,1.111830711364746,-0.4090964198112488,-0.3078923225402832,0.3251417875289917
24.23,0.13033300638198853,1.419992208480835,2.877912759780884,0.015067219734191895,0.9865142107009888,1.1150661706924438,-0.40905746817588806,-0.3111354112625122,0.32194429636001587
24.240000000000002,0.13046199083328247,1.4298436641693115,2.8890790939331055,0.010976850986480713,0.9833862781524658,1.1182693243026733,-0.4089844226837158,-0.314363956451416,0.31873375177383423
24.25,0.1305522322654724,1.4396610260009766,2.900278091430664,0.006887525320053101,0.9802265167236328,1.1214408874511719,-0.4088796377182007,-0.31757670640945435,0.31550920009613037
24.26,0.13060152530670166,1.449447751045227,2.9115076065063477,0.002799510955810547,0.9770352840423584,1.124579668045044,-0.4087417721748352,-0.32077449560165405,0.31227242946624756
24.27,0.1306079626083374,1.4592026472091675,2.9227705001831055,-0.0012872517108917236,0.9738106727600098,1.1276863813400269,-0.4085696041584015,-0.32395660877227783,0.3090224266052246
24.28,0.13057547807693481,1.4689249992370605,2.934062957763672,-0.005371898412704468,0.9705557823181152,1.1307605504989624,-0.40836527943611145,-0.32712322473526,0.30575913190841675
24.29,0.13050132989883423,1.4786131381988525,2.945385456085205,-0.009454667568206787,0.9672688245773315,1.1338016986846924,-0.40812748670578003,-0.33027371764183044,0.30248385667800903
24.3,0.13038522005081177,1.4882676601409912,2.9567370414733887,-0.013534605503082275,0.9639511108398438,1.1368094682693481,-0.40785518288612366,-0.3334078788757324,0.29919666051864624
24.310000000000002,0.13022828102111816,1.4978910684585571,2.9681191444396973,-0.017611682415008545,0.9606019258499146,1.1397846937179565,-0.4075494110584259,-0.3365267813205719,0.2958964705467224
24.32,0.1300327181816101,1.5074814558029175,2.9795315265655518,-0.021685510873794556,0.9572193622589111,1.1427271366119385,-0.4072111248970032,-0.3396297097206116,0.2925839424133301
24.330000000000002,0.12979543209075928,1.5170371532440186,2.990973711013794,-0.02575606107711792,0.9538082480430603,1.1456365585327148,-0.40683886408805847,-0.3427160978317261,0.28925853967666626
24.34,0.1295173168182373,1.5265570878982544,3.002445697784424,-0.02982226014137268,0.9503656625747681,1.148512601852417,-0.40643203258514404,-0.3457856774330139,0.285921573638916
24.35,0.12919962406158447,1.53604257106781,3.013944625854492,-0.03388434648513794,0.9468925595283508,1.1513549089431763,-0.40599238872528076,-0.3488386273384094,0.28257298469543457
24.36,0.12884050607681274,1.5454959869384766,3.02547287940979,-0.03794229030609131,0.9433884620666504,1.1541640758514404,-0.4055185317993164,-0.3518754839897156,0.2792118191719055
24.37,0.12844055891036987,1.5549113750457764,3.0370278358459473,-0.041994690895080566,0.9398546814918518,1.1569392681121826,-0.40500977635383606,-0.3548949360847473,0.2758398652076721
24.38,0.12800318002700806,1.5642905235290527,3.0486092567443848,-0.04604053497314453,0.9362914562225342,1.1596802473068237,-0.4044695496559143,-0.357897013425827,0.2724570333957672
24.39,0.1275234818458557,1.5736360549926758,3.0602192878723145,-0.05008244514465332,0.9326980710029602,1.1623878479003906,-0.40389347076416016,-0.36088278889656067,0.2690621316432953
24.400000000000002,0.1270013451576233,1.5829439163208008,3.071859359741211,-0.05411824584007263,0.9290743470191956,1.1650623083114624,-0.4032819867134094,-0.3638509511947632,0.26565390825271606
24.41,0.12644082307815552,1.5922183990478516,3.083524465560913,-0.05814799666404724,0.9254206418991089,1.1677018404006958,-0.40263718366622925,-0.3668023347854614,0.26223647594451904
24.42,0.1258341670036316,1.601453423500061,3.0952138900756836,-0.062172919511795044,0.9217379093170166,1.1703070402145386,-0.4019548296928406,-0.3697357177734375,0.25880831480026245
24.43,0.12519317865371704,1.6106534004211426,3.106929302215576,-0.0661889910697937,0.9180256724357605,1.1728779077529907,-0.4012412130832672,-0.37265223264694214,0.2553693354129791
24.44,0.1245110034942627,1.6198155879974365,3.118671417236328,-0.07019737362861633,0.9142836332321167,1.1754145622253418,-0.4004920423030853,-0.37555044889450073,0.2519189119338989
24.45,0.12378895282745361,1.6289401054382324,3.130439281463623,-0.07419872283935547,0.910514235496521,1.177916407585144,-0.39970916509628296,-0.3784310817718506,0.24845844507217407
24.46,0.12303096055984497,1.6380246877670288,3.1422274112701416,-0.07819002866744995,0.9067164659500122,1.1803830862045288,-0.3988937735557556,-0.38129299879074097,0.24498873949050903
24.47,0.12222790718078613,1.6470719575881958,3.1540427207946777,-0.08217468857765198,0.9028893709182739,1.182815432548523,-0.3980405330657959,-0.3841371536254883,0.24150784313678741
24.48,0.12138724327087402,1.6560821533203125,3.1658854484558105,-0.0861508846282959,0.8990342617034912,1.185213327407837,-0.39715373516082764,-0.3869635760784149,0.2380158007144928
24.490000000000002,0.12050580978393555,1.665053367614746,3.177748680114746,-0.09011808037757874,0.8951496481895447,1.1875760555267334,-0.39623188972473145,-0.38977140188217163,0.23451480269432068
24.5,0.11958461999893188,1.6739845275878906,3.189635753631592,-0.0940752923488617,0.8912380337715149,1.1899036169052124,-0.39527449011802673,-0.3925606906414032,0.23100394010543823
24.51,0.11862403154373169,1.6828778982162476,3.2015457153320312,-0.0980234146118164,0.8872989416122437,1.1921958923339844,-0.3942829370498657,-0.39533185958862305,0.22748339176177979
24.52,0.11762499809265137,1.6917301416397095,3.2134814262390137,-0.10196122527122498,0.8833319544792175,1.194453477859497,-0.39325666427612305,-0.39808395504951477,0.22395220398902893
24.53,0.1165856122970581,1.7005459070205688,3.2254366874694824,-0.10588815808296204,0.8793360590934753,1.1966753005981445,-0.3921944797039032,-0.40081819891929626,0.22041258215904236
24.54,0.11550694704055786,1.7093182802200317,3.2374136447906494,-0.10980504751205444,0.8753143548965454,1.1988615989685059,-0.3910980224609375,-0.40353265404701233,0.216863751411438
24.55,0.11438822746276855,1.7180497646331787,3.2494113445281982,-0.1137101948261261,0.8712663650512695,1.2010120153427124,-0.389965683221817,-0.40622782707214355,0.21330642700195312
24.560000000000002,0.11323142051696777,1.7267427444458008,3.261432647705078,-0.11760446429252625,0.8671912550926208,1.203127384185791,-0.3887992203235626,-0.40890467166900635,0.20973864197731018
24.57,0.11203593015670776,1.7353932857513428,3.2734737396240234,-0.12148597836494446,0.8630889058113098,1.2052067518234253,-0.38759690523147583,-0.41156190633773804,0.20616276562213898
24.580000000000002,0.11080151796340942,1.7440054416656494,3.2855353355407715,-0.12535613775253296,0.8589594960212708,1.2072503566741943,-0.3863602578639984,-0.41420042514801025,0.20257818698883057
24.59,0.10952955484390259,1.7525734901428223,3.2976205348968506,-0.1292136311531067,0.8548043966293335,1.2092585563659668,-0.3850886821746826,-0.41681891679763794,0.19898396730422974
24.6,0.10821706056594849,1.761101245880127,3.309722423553467,-0.13305774331092834,0.8506236672401428,1.2112305164337158,-0.38378089666366577,-0.4194183349609375,0.19538238644599915
24.61,0.1068682074546814,1.7695854902267456,3.3218438625335693,-0.13688910007476807,0.8464166522026062,1.2131661176681519,-0.3824390470981598,-0.42199772596359253,0.19177252054214478
24.62,0.10548102855682373,1.7780303955078125,3.333984613418579,-0.14070671796798706,0.8421832919120789,1.2150657176971436,-0.38106203079223633,-0.42455798387527466,0.18815454840660095
24.63,0.10405182838439941,1.7864283323287964,3.3461451530456543,-0.1445097029209137,0.8379247188568115,1.216929316520691,-0.3796476721763611,-0.427097350358963,0.18452776968479156
24.64,0.10258865356445312,1.794787049293518,3.3583242893218994,-0.14829912781715393,0.833641529083252,1.2187564373016357,-0.37820035219192505,-0.4296177625656128,0.18089313805103302
24.650000000000002,0.10108661651611328,1.8031009435653687,3.3705201148986816,-0.1520741581916809,0.8293328881263733,1.2205471992492676,-0.3767176866531372,-0.43211764097213745,0.17725162208080292
24.66,0.09954690933227539,1.8113734722137451,3.3827357292175293,-0.15583327412605286,0.8249997496604919,1.2223014831542969,-0.3751991093158722,-0.4345979690551758,0.17360228300094604
24.67,0.09796971082687378,1.8196017742156982,3.394968032836914,-0.15957796573638916,0.820640504360199,1.2240192890167236,-0.3736460506916046,-0.4370576739311218,0.16994503140449524
24.68,0.0963560938835144,1.827786922454834,3.4072160720825195,-0.1633065640926361,0.8162581324577332,1.2257003784179688,-0.37205812335014343,-0.4394974410533905,0.1662813127040863
24.69,0.09470528364181519,1.8359266519546509,3.419480800628662,-0.1670193374156952,0.8118511438369751,1.2273448705673218,-0.3704349398612976,-0.44191640615463257,0.1626104712486267
24.7,0.09301552176475525,1.844024896621704,3.4317636489868164,-0.1707151234149933,0.8074194192886353,1.2289526462554932,-0.3687756061553955,-0.4443154036998749,0.15893243253231049
24.71,0.09128880500793457,1.8520760536193848,3.444058418273926,-0.17439422011375427,0.8029643297195435,1.2305231094360352,-0.3670811951160431,-0.4466932415962219,0.1552479863166809
24.72,0.08952638506889343,1.8600823879241943,3.4563708305358887,-0.17805683612823486,0.7984857559204102,1.2320573329925537,-0.3653525114059448,-0.4490504860877991,0.15155674517154694
24.73,0.08772745728492737,1.868045449256897,3.468700408935547,-0.1817009449005127,0.7939839363098145,1.2335546016693115,-0.3635881543159485,-0.45138734579086304,0.14785872399806976
24.740000000000002,0.08589214086532593,1.8759617805480957,3.4810426235198975,-0.1853283941745758,0.7894585132598877,1.2350144386291504,-0.361789345741272,-0.45370298624038696,0.1441546231508255
24.75,0.084021657705307,1.8838354349136353,3.4934005737304688,-0.18893718719482422,0.7849094271659851,1.2364375591278076,-0.35995569825172424,-0.4559982419013977,0.14044348895549774
24.76,0.08211314678192139,1.8916608095169067,3.5057713985443115,-0.19252732396125793,0.7803381681442261,1.237823247909546,-0.35808610916137695,-0.458271861076355,0.13672710955142975
24.77,0.0801708996295929,1.8994402885437012,3.518157720565796,-0.19609874486923218,0.7757442593574524,1.2391719818115234,-0.3561825156211853,-0.46052443981170654,0.1330045759677887
24.78,0.07819294929504395,1.9071754217147827,3.530555486679077,-0.19965118169784546,0.771128237247467,1.2404835224151611,-0.3542439937591553,-0.46275630593299866,0.12927654385566711
24.79,0.07617762684822083,1.9148635864257812,3.5429673194885254,-0.20318344235420227,0.7664886713027954,1.2417576313018799,-0.35226964950561523,-0.4649665355682373,0.12554210424423218
24.8,0.07413256168365479,1.92250394821167,3.555389165878296,-0.20669540762901306,0.7618290185928345,1.2429940700531006,-0.3502638339996338,-0.4671551585197449,0.12180372327566147
24.810000000000002,0.07204800844192505,1.9300997257232666,3.567824602127075,-0.21018823981285095,0.7571470737457275,1.2441935539245605,-0.3482206463813782,-0.46932297945022583,0.11805935204029083
24.82,0.0699295699596405,1.9376471042633057,3.5802717208862305,-0.21366024017333984,0.7524422407150269,1.2453553676605225,-0.3461429476737976,-0.47146904468536377,0.11430981755256653
24.830000000000002,0.06777456402778625,1.9451485872268677,3.5927317142486572,-0.21711087226867676,0.7477173209190369,1.2464797496795654,-0.3440295159816742,-0.4735938012599945,0.11055449396371841
24.84,0.06558164954185486,1.9526021480560303,3.605203151702881,-0.22054094076156616,0.7429699301719666,1.2475665807724,-0.34187912940979004,-0.4756965637207031,0.10679487884044647
24.85,0.06335896253585815,1.9600087404251099,3.6176836490631104,-0.22394916415214539,0.7382029294967651,1.2486156225204468,-0.33969733119010925,-0.47777795791625977,0.10303084552288055
24.86,0.061102479696273804,1.9673659801483154,3.6301755905151367,-0.22733458876609802,0.7334149479866028,1.2496271133422852,-0.33748042583465576,-0.4798370897769928,0.09926146268844604
24.87,0.05881309509277344,1.9746778011322021,3.6426761150360107,-0.23069852590560913,0.7286056876182556,1.250600814819336,-0.33522987365722656,-0.481874942779541,0.0954885259270668
24.88,0.056492745876312256,1.9819378852844238,3.6551873683929443,-0.2340390980243683,0.7237789034843445,1.2515367269515991,-0.33294713497161865,-0.48389002680778503,0.09171055257320404
24.89,0.05413573980331421,1.9891513586044312,3.6677067279815674,-0.23735642433166504,0.71892911195755,1.2524349689483643,-0.3306271433830261,-0.4858834743499756,0.08792932331562042
24.900000000000002,0.051745444536209106,1.9963154792785645,3.680234909057617,-0.2406514585018158,0.7140605449676514,1.2532954216003418,-0.3282734751701355,-0.4878547191619873,0.08414417505264282
24.91,0.049323320388793945,2.003432512283325,3.692774534225464,-0.2439224123954773,0.7091726064682007,1.2541178464889526,-0.3258858323097229,-0.48980429768562317,0.08035419881343842
24.92,0.04686683416366577,2.010499954223633,3.7053191661834717,-0.24716880917549133,0.7042630910873413,1.2549026012420654,-0.32346320152282715,-0.4917314350605011,0.07656168937683105
24.93,0.04437980055809021,2.0175187587738037,3.7178714275360107,-0.25039148330688477,0.6993365287780762,1.255649209022522,-0.32100751996040344,-0.4936365485191345,0.07276573777198792
24.94,0.041859596967697144,2.024486541748047,3.7304320335388184,-0.253589391708374,0.6943908929824829,1.2563579082489014,-0.31851768493652344,-0.49551886320114136,0.06896568834781647
24.95,0.039308637380599976,2.0314064025878906,3.7430002689361572,-0.2567623257637024,0.6894267797470093,1.257028579711914,-0.3159942924976349,-0.49737927317619324,0.0651630386710167
24.96,0.03672346472740173,2.0382747650146484,3.7555699348449707,-0.2599082589149475,0.6844448447227478,1.2576611042022705,-0.3134355843067169,-0.49921664595603943,0.06135866045951843
24.97,0.03410840034484863,2.0450940132141113,3.7681491374969482,-0.26303017139434814,0.6794426441192627,1.2582554817199707,-0.31084463000297546,-0.5010316967964172,0.05755048245191574
24.98,0.031463444232940674,2.0518643856048584,3.7807369232177734,-0.2661256790161133,0.6744236946105957,1.2588119506835938,-0.30822038650512695,-0.5028245449066162,0.05373857170343399
24.990000000000002,0.028785794973373413,2.058582305908203,3.7933270931243896,-0.26919418573379517,0.6693866848945618,1.2593302726745605,-0.30556178092956543,-0.5045943856239319,0.04992520436644554
25.0,0.026079386472702026,2.0652520656585693,3.805922269821167,-0.27223673462867737,0.664332389831543,1.2598106861114502,-0.3028707802295685,-0.5063419342041016,0.04610948637127876
25.01,0.023341655731201172,2.0718698501586914,3.81852388381958,-0.27525225281715393,0.6592593789100647,1.2602527141571045,-0.3001464009284973,-0.5080664157867432,0.0422913022339344
25.02,0.020574212074279785,2.0784378051757812,3.8311290740966797,-0.278239369392395,0.6541705131530762,1.2606563568115234,-0.2973884046077728,-0.5097684860229492,0.038470566272735596
25.03,0.01777675747871399,2.0849533081054688,3.8437371253967285,-0.28119969367980957,0.6490637063980103,1.2610220909118652,-0.29459792375564575,-0.5114473104476929,0.03464873507618904
25.04,0.014950811862945557,2.0914173126220703,3.8563482761383057,-0.2841319143772125,0.6439411044120789,1.2613495588302612,-0.291774719953537,-0.5131031274795532,0.030825171619653702
25.05,0.012093931436538696,2.097830057144165,3.8689613342285156,-0.2870349586009979,0.6388028860092163,1.2616386413574219,-0.28891801834106445,-0.514735996723175,0.027000777423381805
25.060000000000002,0.009208142757415771,2.104194164276123,3.881579637527466,-0.28990933299064636,0.6336467266082764,1.2618893384933472,-0.2860286831855774,-0.5163465738296509,0.02317345142364502
25.07,0.006295591592788696,2.110503673553467,3.8941991329193115,-0.29275527596473694,0.6284754276275635,1.2621021270751953,-0.2831076681613922,-0.5179334878921509,0.01934567093849182
25.080000000000002,0.0033536553382873535,2.1167633533477783,3.906822443008423,-0.29557204246520996,0.623288631439209,1.2622764110565186,-0.28015410900115967,-0.519497811794281,0.015516526997089386
25.09,0.0003840923309326172,2.122969627380371,3.919445276260376,-0.2983580529689789,0.6180860996246338,1.262412428855896,-0.2771679162979126,-0.5210385918617249,0.011686719954013824
25.1,-0.002613663673400879,2.1291258335113525,3.93207049369812,-0.3011151850223541,0.6128673553466797,1.2625099420547485,-0.2741500437259674,-0.522556722164154,0.007855333387851715
25.11,-0.005637705326080322,2.1352274417877197,3.944695472717285,-0.3038416802883148,0.607634425163269,1.2625694274902344,-0.27110040187835693,-0.5240511298179626,0.004024125635623932
25.12,-0.008689522743225098,2.1412785053253174,3.957322597503662,-0.30653679370880127,0.6023868918418884,1.262590765953064,-0.2680184245109558,-0.525522768497467,0.00019221007823944092
25.13,-0.011770308017730713,2.14727520942688,3.969947099685669,-0.3092010021209717,0.5971245765686035,1.2625733613967896,-0.2649043798446655,-0.5269706845283508,-0.003640294075012207
25.14,-0.01487472653388977,2.1532199382781982,3.9825732707977295,-0.3118347227573395,0.5918468236923218,1.2625174522399902,-0.26175978779792786,-0.5283952951431274,-0.007473185658454895
25.150000000000002,-0.018007129430770874,2.1591129302978516,3.99519944190979,-0.3144359588623047,0.5865561962127686,1.2624237537384033,-0.25858309864997864,-0.5297970175743103,-0.011305555701255798
25.16,-0.021163612604141235,2.1649510860443115,4.007822513580322,-0.31700602173805237,0.5812515020370483,1.2622915506362915,-0.2553759515285492,-0.531174898147583,-0.01513749361038208
25.17,-0.024346739053726196,2.1707379817962646,4.020443916320801,-0.3195440471172333,0.5759332180023193,1.2621209621429443,-0.2521376311779022,-0.5325298309326172,-0.018969088792800903
25.18,-0.02755454182624817,2.1764702796936035,4.033064842224121,-0.32204848527908325,0.5706003904342651,1.2619121074676514,-0.24886803328990936,-0.5338608622550964,-0.02280096709728241
25.19,-0.030787885189056396,2.1821486949920654,4.045683860778809,-0.32452112436294556,0.5652554035186768,1.2616649866104126,-0.24556803703308105,-0.5351684093475342,-0.026631712913513184
25.2,-0.0340445339679718,2.1877756118774414,4.058298587799072,-0.3269605338573456,0.5598976016044617,1.261379599571228,-0.24223771691322327,-0.5364529490470886,-0.030461370944976807
25.21,-0.037321776151657104,2.1933465003967285,4.070907115936279,-0.3293665945529938,0.5545269250869751,1.2610559463500977,-0.23887960612773895,-0.5377134084701538,-0.03428906202316284
25.22,-0.04062823951244354,2.198863983154297,4.0835185050964355,-0.33173778653144836,0.5491437315940857,1.2606936693191528,-0.23548810184001923,-0.5389503836631775,-0.03811764717102051
25.23,-0.04395662248134613,2.2043302059173584,4.096122741699219,-0.33407601714134216,0.5437473654747009,1.2602933645248413,-0.23206713795661926,-0.5401643514633179,-0.04194393754005432
25.240000000000002,-0.047309353947639465,2.2097396850585938,4.108723163604736,-0.3363798260688782,0.5383399724960327,1.259855031967163,-0.22861620783805847,-0.5413540601730347,-0.04576876759529114
25.25,-0.0506843626499176,2.215096950531006,4.121319770812988,-0.3386479914188385,0.5329208374023438,1.2593779563903809,-0.22513528168201447,-0.5425207614898682,-0.049592792987823486
25.26,-0.05408768355846405,2.220398187637329,4.133912563323975,-0.34088122844696045,0.5274900794029236,1.2588629722595215,-0.2216220200061798,-0.5436632037162781,-0.05341450870037079
25.27,-0.05750679969787598,2.225647449493408,4.14649772644043,-0.3430800437927246,0.5220470428466797,1.2583098411560059,-0.21808288991451263,-0.5447826385498047,-0.05723409354686737
25.28,-0.06094938516616821,2.230839729309082,4.1590776443481445,-0.34524258971214294,0.5165939331054688,1.257718563079834,-0.21451401710510254,-0.5458777546882629,-0.061051592230796814
25.29,-0.06441174447536469,2.2359793186187744,4.171651840209961,-0.3473699986934662,0.5111300349235535,1.2570886611938477,-0.2109169214963913,-0.5469496846199036,-0.06486758589744568
25.3,-0.06789161264896393,2.241062641143799,4.184217929840088,-0.34946176409721375,0.5056564211845398,1.2564213275909424,-0.20729365944862366,-0.5479975342750549,-0.06867973506450653
25.310000000000002,-0.07139690220355988,2.2460906505584717,4.196777820587158,-0.3515169024467468,0.5001705884933472,1.2557154893875122,-0.2036392092704773,-0.5490214824676514,-0.07249005138874054
25.32,-0.07492190599441528,2.2510645389556885,4.209331035614014,-0.3535342216491699,0.4946744740009308,1.2549715042114258,-0.1999562382698059,-0.550021767616272,-0.07629764080047607
25.330000000000002,-0.07846765220165253,2.2559847831726074,4.221879005432129,-0.3555156886577606,0.4891696274280548,1.2541892528533936,-0.19624531269073486,-0.5509987473487854,-0.08010339736938477
25.34,-0.08203190565109253,2.260848045349121,4.234416484832764,-0.3574599027633667,0.48365506529808044,1.2533693313598633,-0.1925067901611328,-0.55195152759552,-0.08390505611896515
25.35,-0.08561688661575317,2.265658378601074,4.246945381164551,-0.3593655824661255,0.4781300723552704,1.2525113821029663,-0.18874002993106842,-0.5528810024261475,-0.08770360052585602
25.36,-0.08921922743320465,2.270411252975464,4.259468078613281,-0.3612343966960907,0.4725968837738037,1.251615047454834,-0.1849464327096939,-0.5537861585617065,-0.09150022268295288
25.37,-0.09284122288227081,2.2751104831695557,4.271981716156006,-0.3630652129650116,0.4670548737049103,1.2506805658340454,-0.18112540245056152,-0.5546680688858032,-0.09529288113117218
25.38,-0.096482053399086,2.279752731323242,4.284480094909668,-0.3648555874824524,0.4615050256252289,1.249709129333496,-0.17727670073509216,-0.5555257797241211,-0.0990799218416214
25.39,-0.10013876855373383,2.284339189529419,4.296971797943115,-0.36660927534103394,0.45594581961631775,1.2486995458602905,-0.17340219020843506,-0.5563596487045288,-0.10286414623260498
25.400000000000002,-0.10381394624710083,2.288872003555298,4.309454917907715,-0.368324339389801,0.4503772556781769,1.2476519346237183,-0.16950088739395142,-0.5571701526641846,-0.10664467513561249
25.41,-0.10750536620616913,2.293346881866455,4.321926593780518,-0.36999911069869995,0.4448009729385376,1.2465662956237793,-0.1655731350183487,-0.5579562187194824,-0.11042147874832153
25.42,-0.11121401190757751,2.2977681159973145,4.334385871887207,-0.3716354966163635,0.43921780586242676,1.2454434633255005,-0.16161949932575226,-0.5587190985679626,-0.11419327557086945
25.43,-0.1149376779794693,2.302131414413452,4.346834182739258,-0.37323224544525146,0.4336271286010742,1.2442827224731445,-0.15764018893241882,-0.5594577193260193,-0.11796067655086517
25.44,-0.11867865920066833,2.306441068649292,4.359273433685303,-0.37478798627853394,0.4280281364917755,1.2430839538574219,-0.15363487601280212,-0.5601730942726135,-0.12172436714172363
25.45,-0.12243342399597168,2.310692548751831,4.371697425842285,-0.3763044476509094,0.4224231243133545,1.2418479919433594,-0.1496046483516693,-0.5608640313148499,-0.12548239529132843
25.46,-0.12620465457439423,2.3148882389068604,4.384106159210205,-0.3777797222137451,0.4168122410774231,1.2405749559402466,-0.14554885029792786,-0.5615314841270447,-0.12923450767993927
25.47,-0.12999026477336884,2.3190274238586426,4.3965067863464355,-0.3792152404785156,0.41119396686553955,1.239263892173767,-0.14146852493286133,-0.562174916267395,-0.13298280537128448
25.48,-0.1337890326976776,2.3231122493743896,4.4088921546936035,-0.38060879707336426,0.40556931495666504,1.2379153966903687,-0.1373635232448578,-0.562795102596283,-0.13672558963298798
25.490000000000002,-0.13760243356227875,2.327139377593994,4.4212646484375,-0.38196223974227905,0.39993754029273987,1.2365291118621826,-0.13323424756526947,-0.5633910894393921,-0.1404636651277542
25.5,-0.14142799377441406,2.331111431121826,4.433622360229492,-0.3832741975784302,0.3943009376525879,1.2351059913635254,-0.12908107042312622,-0.5639637112617493,-0.1441955417394638
25.51,-0.14526791870594025,2.3350255489349365,4.445967674255371,-0.3845434784889221,0.3886587917804718,1.2336455583572388,-0.12490364164113998,-0.5645121335983276,-0.14792200922966003
25.52,-0.1491188406944275,2.3388843536376953,4.458297252655029,-0.3857719302177429,0.3830103874206543,1.232147216796875,-0.12070317566394806,-0.5650371313095093,-0.15164296329021454
25.53,-0.15298306941986084,2.3426856994628906,4.470610618591309,-0.3869583010673523,0.377356618642807,1.2306125164031982,-0.11647913604974747,-0.5655381083488464,-0.1553572714328766
25.54,-0.15685802698135376,2.3464322090148926,4.482908248901367,-0.38810116052627563,0.3716990351676941,1.229040503501892,-0.11223208904266357,-0.5660158395767212,-0.15906544029712677
25.55,-0.1607452630996704,2.3501205444335938,4.4951887130737305,-0.38920146226882935,0.3660377264022827,1.2274317741394043,-0.10796214640140533,-0.5664697289466858,-0.16276657581329346
25.560000000000002,-0.16464313864707947,2.3537516593933105,4.507455348968506,-0.3902602195739746,0.36037111282348633,1.225785255432129,-0.10366988927125931,-0.5668996572494507,-0.16646260023117065
25.57,-0.16855022311210632,2.357328176498413,4.519706726074219,-0.39127564430236816,0.35469919443130493,1.2241014242172241,-0.09935568273067474,-0.5673064589500427,-0.1701526641845703
25.580000000000002,-0.1724686324596405,2.3608460426330566,4.531940460205078,-0.39224690198898315,0.3490244746208191,1.2223814725875854,-0.09501909464597702,-0.5676891207695007,-0.173834890127182
25.59,-0.17639508843421936,2.364307165145874,4.544155120849609,-0.39317572116851807,0.3433459997177124,1.2206249237060547,-0.09066138416528702,-0.5680481791496277,-0.1775098741054535
25.6,-0.18033196032047272,2.36771297454834,4.556352615356445,-0.3940609097480774,0.33766400814056396,1.2188310623168945,-0.08628200739622116,-0.5683841705322266,-0.18117845058441162
25.61,-0.18427637219429016,2.371060848236084,4.568531513214111,-0.3949010372161865,0.3319777846336365,1.21700119972229,-0.08188172429800034,-0.568696141242981,-0.184839129447937
25.62,-0.18822996318340302,2.3743526935577393,4.58069372177124,-0.3956981897354126,0.326288640499115,1.2151345014572144,-0.07746054232120514,-0.5689847469329834,-0.18849268555641174
25.63,-0.19218672811985016,2.377586841583252,4.592831611633301,-0.3964521884918213,0.3205986022949219,1.2132320404052734,-0.07302166521549225,-0.5692499279975891,-0.1921374797821045
25.64,-0.1961544007062912,2.380763530731201,4.604954719543457,-0.3971593976020813,0.31490516662597656,1.211292028427124,-0.06856001168489456,-0.5694913864135742,-0.19577616453170776
25.650000000000002,-0.20012985169887543,2.383885145187378,4.617059707641602,-0.3978230357170105,0.30920934677124023,1.2093161344528198,-0.06407833099365234,-0.5697098970413208,-0.19940665364265442
25.66,-0.20411066710948944,2.3869481086730957,4.629141807556152,-0.39844173192977905,0.3035103976726532,1.2073042392730713,-0.05957726761698723,-0.5699045062065125,-0.20302879810333252
25.67,-0.2080986648797989,2.389955997467041,4.641204357147217,-0.3990142345428467,0.2978106439113617,1.2052559852600098,-0.05505669116973877,-0.5700761675834656,-0.20664286613464355
25.68,-0.21209542453289032,2.392904758453369,4.653246879577637,-0.3995401859283447,0.2921094000339508,1.2031711339950562,-0.050514694303274155,-0.5702240467071533,-0.2102491855621338
25.69,-0.21609395742416382,2.3957982063293457,4.66526985168457,-0.4000229239463806,0.2864066958427429,1.2010505199432373,-0.04595652222633362,-0.5703490972518921,-0.21384671330451965
25.7,-0.22009582817554474,2.3986330032348633,4.677268981933594,-0.4004599452018738,0.2807018458843231,1.1988943815231323,-0.041380323469638824,-0.5704503655433655,-0.21743538975715637
25.71,-0.2240985780954361,2.4014110565185547,4.689243316650391,-0.4008515477180481,0.2749972343444824,1.1967029571533203,-0.03678850829601288,-0.5705284476280212,-0.2210143506526947
25.72,-0.22810949385166168,2.4041333198547363,4.701201438903809,-0.40119683742523193,0.26929181814193726,1.1944743394851685,-0.03217625990509987,-0.5705837607383728,-0.22458621859550476
25.73,-0.23212242126464844,2.406797170639038,4.713134765625,-0.40149587392807007,0.2635861337184906,1.1922107934951782,-0.027546919882297516,-0.5706154704093933,-0.22814813256263733
25.740000000000002,-0.23613931238651276,2.4094035625457764,4.7250447273254395,-0.4017474055290222,0.25788021087646484,1.1899118423461914,-0.022900305688381195,-0.5706239938735962,-0.23170089721679688
25.75,-0.24015730619430542,2.411954879760742,4.736931800842285,-0.4019535779953003,0.2521730363368988,1.187577247619629,-0.018237106502056122,-0.570609986782074,-0.23524433374404907
25.76,-0.24417829513549805,2.41444730758667,4.74879789352417,-0.4021129608154297,0.24646739661693573,1.185206413269043,-0.01355737540870905,-0.5705724358558655,-0.2387790083885193
25.77,-0.24819952249526978,2.416884660720825,4.760637283325195,-0.4022243618965149,0.2407621145248413,1.1828012466430664,-0.008861681446433067,-0.5705124139785767,-0.24230322241783142
25.78,-0.2522226572036743,2.4192628860473633,4.7724528312683105,-0.4022899270057678,0.2350565791130066,1.1803607940673828,-0.004150017164647579,-0.5704289078712463,-0.24581769108772278
25.79,-0.25624513626098633,2.421586036682129,4.784244537353516,-0.4023081660270691,0.2293529510498047,1.177884578704834,0.000576807651668787,-0.5703230500221252,-0.24932265281677246
25.8,-0.2602686882019043,2.4238502979278564,4.796010971069336,-0.40227681398391724,0.22365064918994904,1.1753733158111572,0.005318800453096628,-0.5701938271522522,-0.25281763076782227
25.810000000000002,-0.26429176330566406,2.4260575771331787,4.807751655578613,-0.40220028162002563,0.2179497331380844,1.172827959060669,0.010075715370476246,-0.5700417757034302,-0.25630176067352295
25.82,-0.26831263303756714,2.4282097816467285,4.819466590881348,-0.4020760655403137,0.21225032210350037,1.1702477931976318,0.014846825040876865,-0.5698674917221069,-0.2597755491733551
25.830000000000002,-0.27233314514160156,2.4303030967712402,4.83115816116333,-0.4019041061401367,0.20655182003974915,1.167631983757019,0.019632140174508095,-0.5696700215339661,-0.2632395625114441
25.84,-0.27635064721107483,2.4323410987854004,4.84282112121582,-0.40168309211730957,0.20085635781288147,1.164982557296753,0.024431029334664345,-0.5694503784179688,-0.2666921615600586
25.85,-0.28036677837371826,2.4343204498291016,4.854456901550293,-0.4014151096343994,0.19516333937644958,1.162298560142517,0.029243439435958862,-0.5692076683044434,-0.2701338231563568
25.86,-0.28437888622283936,2.4362447261810303,4.866065979003906,-0.4010990262031555,0.18947267532348633,1.1595803499221802,0.034068621695041656,-0.5689429640769958,-0.2735646665096283
25.87,-0.288388729095459,2.438110113143921,4.877650260925293,-0.4007333517074585,0.1837838888168335,1.1568268537521362,0.038906704634428024,-0.568655252456665,-0.2769851088523865
25.88,-0.2923944294452667,2.4399194717407227,4.8892011642456055,-0.4003193974494934,0.17809998989105225,1.154040813446045,0.043756961822509766,-0.5683454871177673,-0.2803926467895508
25.89,-0.29639485478401184,2.441671371459961,4.900726795196533,-0.3998579978942871,0.1724185049533844,1.1512200832366943,0.04861920326948166,-0.5680129528045654,-0.28378963470458984
25.900000000000002,-0.3003914952278137,2.443368434906006,4.91222620010376,-0.39934664964675903,0.16674020886421204,1.1483654975891113,0.05349302291870117,-0.5676586627960205,-0.2871754467487335
25.91,-0.3043816387653351,2.4450058937072754,4.9236955642700195,-0.3987877368927002,0.16106507182121277,1.1454761028289795,0.05837808921933174,-0.5672812461853027,-0.29054972529411316
25.92,-0.3083672523498535,2.4465889930725098,4.935135364532471,-0.39817994832992554,0.15539324283599854,1.1425540447235107,0.06327422708272934,-0.5668824911117554,-0.2939116954803467
25.93,-0.3123452067375183,2.4481139183044434,4.9465460777282715,-0.39752197265625,0.14972685277462006,1.1395983695983887,0.06818051636219025,-0.5664611458778381,-0.2972618043422699
25.94,-0.316317617893219,2.4495840072631836,4.957928657531738,-0.3968159556388855,0.14406448602676392,1.1366091966629028,0.07309724390506744,-0.5660182237625122,-0.30059996247291565
25.95,-0.3202815651893616,2.450995922088623,4.969279766082764,-0.3960607051849365,0.13840700685977936,1.133586049079895,0.07802362740039825,-0.5655528903007507,-0.30392614006996155
25.96,-0.32423868775367737,2.4523515701293945,4.980597019195557,-0.3952551484107971,0.13275492191314697,1.1305310726165771,0.08295941352844238,-0.5650660395622253,-0.30723851919174194
25.97,-0.32818734645843506,2.4536519050598145,4.991888046264648,-0.39440006017684937,0.12710578739643097,1.1274422407150269,0.0879041776061058,-0.5645573735237122,-0.3105396330356598
25.98,-0.33212655782699585,2.4548940658569336,5.003147125244141,-0.39349669218063354,0.12146319448947906,1.1243207454681396,0.09285762906074524,-0.564026415348053,-0.313827782869339
25.990000000000002,-0.33605748414993286,2.4560813903808594,5.014374732971191,-0.3925437331199646,0.11582572758197784,1.1211655139923096,0.09781964123249054,-0.5634742975234985,-0.31710362434387207
26.0,-0.3399772047996521,2.4572110176086426,5.025569915771484,-0.391539990901947,0.11019422113895416,1.1179783344268799,0.10278899222612381,-0.5629000067710876,-0.3203660547733307
26.01,-0.3438881039619446,2.458282947540283,5.036734580993652,-0.3904876708984375,0.10456675291061401,1.1147583723068237,0.1077665239572525,-0.5623036623001099,-0.3236157298088074
26.02,-0.347787082195282,2.459301471710205,5.047865867614746,-0.3893854022026062,0.09894685447216034,1.1115062236785889,0.1127508357167244,-0.5616868138313293,-0.32685184478759766
26.03,-0.3516756296157837,2.4602622985839844,5.058964729309082,-0.3882322311401367,0.09333351254463196,1.1082210540771484,0.11774186789989471,-0.5610480904579163,-0.33007511496543884
26.04,-0.35555145144462585,2.4611685276031494,5.070032119750977,-0.3870302438735962,0.08772527426481247,1.1049041748046875,0.12273940443992615,-0.560388445854187,-0.3332847058773041
26.05,-0.35941246151924133,2.4620180130004883,5.081062316894531,-0.3857804536819458,0.08212580531835556,1.1015551090240479,0.12774072587490082,-0.559707522392273,-0.33648061752319336
26.060000000000002,-0.3632642328739166,2.462810516357422,5.0920610427856445,-0.3844772279262543,0.07653260976076126,1.0981745719909668,0.1327497363090515,-0.5590049624443054,-0.3396625816822052
26.07,-0.36710190773010254,2.4635491371154785,5.10302734375,-0.3831251263618469,0.07094620913267136,1.0947611331939697,0.1377640664577484,-0.5582817792892456,-0.34283140301704407
26.080000000000002,-0.3709269165992737,2.4642300605773926,5.113957405090332,-0.38172268867492676,0.06536746025085449,1.0913174152374268,0.14278346300125122,-0.5575371384620667,-0.3459855318069458
26.09,-0.37473994493484497,2.4648566246032715,5.124853134155273,-0.3802667260169983,0.05979485064744949,1.0878421068191528,0.14780916273593903,-0.5567718744277954,-0.3491255044937134
26.1,-0.3785354495048523,2.465425968170166,5.135714054107666,-0.3787628710269928,0.0542314276099205,1.0843346118927002,0.15283668041229248,-0.5559853315353394,-0.3522515594959259
26.11,-0.3823149502277374,2.4659416675567627,5.146541118621826,-0.37720972299575806,0.04867563396692276,1.0807963609695435,0.15786796808242798,-0.5551785826683044,-0.3553631603717804
26.12,-0.38607990741729736,2.4663991928100586,5.1573309898376465,-0.3756061792373657,0.04312770068645477,1.0772275924682617,0.16290278732776642,-0.5543500185012817,-0.358460009098053
26.13,-0.3898242712020874,2.4668030738830566,5.168082237243652,-0.3739537298679352,0.03758943825960159,1.0736287832260132,0.16793760657310486,-0.5535019636154175,-0.36154136061668396
26.14,-0.39355501532554626,2.4671502113342285,5.178801536560059,-0.372249573469162,0.03205806761980057,1.0699979066848755,0.1729775071144104,-0.5526328086853027,-0.36460891366004944
26.150000000000002,-0.3972695469856262,2.46744441986084,5.189483642578125,-0.37049487233161926,0.026536189019680023,1.0663360357284546,0.17801959812641144,-0.551743745803833,-0.3676617443561554
26.16,-0.4009646773338318,2.467681407928467,5.200128078460693,-0.3686888515949249,0.021023668348789215,1.062644362449646,0.18306279182434082,-0.5508337616920471,-0.37069907784461975
26.17,-0.40464311838150024,2.467865467071533,5.210735321044922,-0.36683332920074463,0.015519976615905762,1.0589226484298706,0.18810775876045227,-0.5499040484428406,-0.3737213909626007
26.18,-0.40830153226852417,2.467991828918457,5.221307754516602,-0.36492741107940674,0.01002500206232071,1.0551694631576538,0.19315344095230103,-0.548953652381897,-0.376728892326355
26.19,-0.41194140911102295,2.4680657386779785,5.231840133666992,-0.36296990513801575,0.00454026460647583,1.0513874292373657,0.19819924235343933,-0.5479836463928223,-0.3797203302383423
26.2,-0.4155607223510742,2.468083381652832,5.242334842681885,-0.3609631359577179,-0.0009341984987258911,1.04757559299469,0.2032453566789627,-0.5469931960105896,-0.38269639015197754
26.21,-0.419160395860672,2.468046188354492,5.252790451049805,-0.35890471935272217,-0.006398715078830719,1.0437347888946533,0.20829081535339355,-0.5459828972816467,-0.38565611839294434
26.22,-0.42273977398872375,2.4679558277130127,5.263208389282227,-0.35679683089256287,-0.011853411793708801,1.039862871170044,0.21333593130111694,-0.5449532270431519,-0.38860100507736206
26.23,-0.4262961745262146,2.4678092002868652,5.273587226867676,-0.35463759303092957,-0.017298392951488495,1.035962462425232,0.2183791846036911,-0.5439033508300781,-0.39152956008911133
26.240000000000002,-0.4298323094844818,2.4676098823547363,5.283926963806152,-0.35242900252342224,-0.022732079029083252,1.0320327281951904,0.22342148423194885,-0.5428343415260315,-0.3944421708583832
26.25,-0.4333449602127075,2.4673550128936768,5.294228553771973,-0.35016992688179016,-0.028154626488685608,1.028073787689209,0.22846144437789917,-0.5417453646659851,-0.39733877778053284
26.26,-0.4368354380130768,2.4670467376708984,5.304489612579346,-0.34785938262939453,-0.033567629754543304,1.024085521697998,0.23349876701831818,-0.5406373739242554,-0.4002191424369812
26.27,-0.4403018355369568,2.4666836261749268,5.3147101402282715,-0.3454996347427368,-0.03896798938512802,1.0200692415237427,0.23853349685668945,-0.5395097136497498,-0.40308287739753723
26.28,-0.4437456727027893,2.466266393661499,5.32489013671875,-0.34308937191963196,-0.04435691982507706,1.0160243511199951,0.24356506764888763,-0.5383628010749817,-0.40593016147613525
26.29,-0.44716349244117737,2.465796947479248,5.335031509399414,-0.340628057718277,-0.04973478615283966,1.0119500160217285,0.248592346906662,-0.5371972322463989,-0.4087611734867096
26.3,-0.4505574405193329,2.4652724266052246,5.345129013061523,-0.3381163775920868,-0.055100418627262115,1.0078479051589966,0.2536156177520752,-0.5360121726989746,-0.4115750193595886
26.310000000000002,-0.45392659306526184,2.464693307876587,5.355186939239502,-0.33555540442466736,-0.06045519560575485,1.003718376159668,0.25863486528396606,-0.5348081588745117,-0.41437196731567383
26.32,-0.45726820826530457,2.4640631675720215,5.365204811096191,-0.3329433500766754,-0.06579722464084625,0.9995608329772949,0.26364845037460327,-0.5335858464241028,-0.41715213656425476
26.330000000000002,-0.4605851471424103,2.4633779525756836,5.375179290771484,-0.3302820920944214,-0.07112646847963333,0.9953755736351013,0.26865729689598083,-0.532344400882721,-0.41991502046585083
26.34,-0.4638742506504059,2.4626412391662598,5.3851118087768555,-0.3275708258152008,-0.07644366472959518,0.9911620616912842,0.273660272359848,-0.5310847759246826,-0.4226608872413635
26.35,-0.46713703870773315,2.4618492126464844,5.3950018882751465,-0.3248095214366913,-0.08174875378608704,0.986922025680542,0.2786571681499481,-0.5298061966896057,-0.42538920044898987
26.36,-0.47037017345428467,2.4610061645507812,5.404850959777832,-0.32199743390083313,-0.08704039454460144,0.9826545715332031,0.28364670276641846,-0.5285096764564514,-0.4281003177165985
26.37,-0.4735766351222992,2.460108995437622,5.414656162261963,-0.31913629174232483,-0.09231853485107422,0.9783594012260437,0.28862977027893066,-0.5271944999694824,-0.4307939112186432
26.38,-0.47675371170043945,2.459160089492798,5.424415588378906,-0.3162243962287903,-0.0975828766822815,0.9740394353866577,0.29360491037368774,-0.5258617401123047,-0.43346884846687317
26.39,-0.47990021109580994,2.4581589698791504,5.434135437011719,-0.3132629990577698,-0.1028347909450531,0.9696913957595825,0.2985718250274658,-0.5245107412338257,-0.4361269474029541
26.400000000000002,-0.48301857709884644,2.4571022987365723,5.443809986114502,-0.31025272607803345,-0.10807418823242188,0.9653172492980957,0.3035311996936798,-0.5231407284736633,-0.4387668967247009
26.41,-0.48610568046569824,2.45599627494812,5.453441619873047,-0.3071930408477783,-0.11329875886440277,0.960915744304657,0.3084815740585327,-0.5217539668083191,-0.4413890540599823
26.42,-0.48916223645210266,2.454836845397949,5.4630279541015625,-0.30408284068107605,-0.11850880086421967,0.9564892053604126,0.3134223520755768,-0.5203490257263184,-0.4439929723739624
26.43,-0.4921869933605194,2.453625202178955,5.472572326660156,-0.30092427134513855,-0.12370482087135315,0.9520362615585327,0.3183538615703583,-0.5189265012741089,-0.4465789198875427
26.44,-0.49518099427223206,2.4523627758026123,5.482069969177246,-0.2977163791656494,-0.12888798117637634,0.947557806968689,0.3232755661010742,-0.5174868702888489,-0.4491462707519531
26.45,-0.49814102053642273,2.451047420501709,5.491522789001465,-0.2944585084915161,-0.13405515253543854,0.9430529475212097,0.32818591594696045,-0.5160294771194458,-0.45169535279273987
26.46,-0.5010672807693481,2.4496817588806152,5.500929832458496,-0.29115551710128784,-0.13920721411705017,0.9385244250297546,0.3330842852592468,-0.5145554542541504,-0.4542253613471985
26.47,-0.5039628744125366,2.4482650756835938,5.510292053222656,-0.2878004312515259,-0.14434537291526794,0.9339699149131775,0.3379732370376587,-0.5130640864372253,-0.45673713088035583
26.48,-0.5068236589431763,2.4467945098876953,5.519608497619629,-0.2843966484069824,-0.14946909248828888,0.9293903708457947,0.3428502082824707,-0.5115551352500916,-0.4592301547527313
26.490000000000002,-0.509650468826294,2.4452755451202393,5.528879165649414,-0.2809431552886963,-0.1545771211385727,0.9247848987579346,0.34771445393562317,-0.5100298523902893,-0.4617045223712921
26.5,-0.5124422311782837,2.4437038898468018,5.538105487823486,-0.27744215726852417,-0.15966925024986267,0.9201555252075195,0.35256659984588623,-0.508487343788147,-0.4641600251197815
26.51,-0.5152015686035156,2.4420816898345947,5.547283172607422,-0.27388834953308105,-0.16474683582782745,0.9155020117759705,0.3574068546295166,-0.5069279074668884,-0.46659621596336365
26.52,-0.5179215669631958,2.4404077529907227,5.55641508102417,-0.2702895998954773,-0.16980886459350586,0.9108242392539978,0.36223167181015015,-0.5053520202636719,-0.46901336312294006
26.53,-0.5206071138381958,2.438685417175293,5.565500259399414,-0.26664337515830994,-0.17485453188419342,0.9061195254325867,0.36704346537590027,-0.5037602782249451,-0.4714117646217346
26.54,-0.5232547521591187,2.4369113445281982,5.5745391845703125,-0.2629493474960327,-0.17988362908363342,0.901393473148346,0.3718406558036804,-0.5021517872810364,-0.4737904965877533
26.55,-0.5258632898330688,2.4350881576538086,5.583526611328125,-0.2592097222805023,-0.18489621579647064,0.8966452479362488,0.3766208291053772,-0.5005277395248413,-0.47614896297454834
26.560000000000002,-0.5284373760223389,2.433213710784912,5.592469215393066,-0.2554198205471039,-0.18989281356334686,0.8918724060058594,0.38138827681541443,-0.49888700246810913,-0.4784885048866272
26.57,-0.5309722423553467,2.4312899112701416,5.60136604309082,-0.25158244371414185,-0.19487455487251282,0.8870747685432434,0.38613978028297424,-0.4972306489944458,-0.48080873489379883
26.580000000000002,-0.5334685444831848,2.4293160438537598,5.610212326049805,-0.24769681692123413,-0.1998380869626999,0.882255494594574,0.3908746540546417,-0.4955581724643707,-0.48310887813568115
26.59,-0.5359258055686951,2.4272940158843994,5.619009971618652,-0.2437647581100464,-0.2047853022813797,0.877413272857666,0.39559364318847656,-0.49387040734291077,-0.48538926243782043
26.6,-0.5383443832397461,2.4252209663391113,5.62775993347168,-0.23978549242019653,-0.2097150683403015,0.8725483417510986,0.40029579401016235,-0.492166668176651,-0.48764970898628235
26.61,-0.5407218933105469,2.42309832572937,5.636462211608887,-0.23575934767723083,-0.214629665017128,0.8676596283912659,0.4049803912639618,-0.49044716358184814,-0.489890456199646
26.62,-0.5430593490600586,2.420927047729492,5.645113945007324,-0.23168566823005676,-0.21952499449253082,0.8627498149871826,0.40964657068252563,-0.4887126684188843,-0.49211084842681885
26.63,-0.5453555583953857,2.418708324432373,5.653714656829834,-0.22756531834602356,-0.22440257668495178,0.8578192591667175,0.414294570684433,-0.48696368932724,-0.4943104684352875
26.64,-0.5476102232933044,2.416440963745117,5.662269592285156,-0.22339949011802673,-0.22926349937915802,0.8528650999069214,0.41892439126968384,-0.4851993918418884,-0.4964906573295593
26.650000000000002,-0.5498232245445251,2.414123773574829,5.670773029327393,-0.21918657422065735,-0.2341061383485794,0.8478887677192688,0.4235345721244812,-0.4834197461605072,-0.49865013360977173
26.66,-0.5519936084747314,2.4117584228515625,5.679226875305176,-0.21492859721183777,-0.2389325350522995,0.8428918123245239,0.4281257390975952,-0.48162561655044556,-0.5007892847061157
26.67,-0.5541222095489502,2.4093446731567383,5.6876301765441895,-0.2106245756149292,-0.2437393069267273,0.837873637676239,0.4326972961425781,-0.4798165559768677,-0.5029078722000122
26.68,-0.5562056303024292,2.4068846702575684,5.695985317230225,-0.2062743902206421,-0.24852848052978516,0.832832932472229,0.43724730610847473,-0.477993369102478,-0.5050060749053955
26.69,-0.558247447013855,2.40437388420105,5.704288005828857,-0.2018793821334839,-0.2532998323440552,0.8277727961540222,0.4417775571346283,-0.47615522146224976,-0.5070832967758179
26.7,-0.5602438449859619,2.4018168449401855,5.712540149688721,-0.19743934273719788,-0.25805163383483887,0.8226919174194336,0.4462864100933075,-0.4743029773235321,-0.509139895439148
26.71,-0.5621968507766724,2.399212121963501,5.720740795135498,-0.19295328855514526,-0.262784868478775,0.8175916075706482,0.45077306032180786,-0.4724365472793579,-0.5111751556396484
26.72,-0.5641026496887207,2.396561861038208,5.728891372680664,-0.1884227991104126,-0.26749998331069946,0.8124699592590332,0.4552372694015503,-0.4705566167831421,-0.5131897926330566
26.73,-0.5659639239311218,2.3938632011413574,5.736989974975586,-0.1838485300540924,-0.27219560742378235,0.807327389717102,0.45967984199523926,-0.4686623811721802,-0.5151833891868591
26.740000000000002,-0.5677801370620728,2.391117572784424,5.74503755569458,-0.17922967672348022,-0.2768738865852356,0.8021640181541443,0.46409955620765686,-0.46675461530685425,-0.517156183719635
26.75,-0.5695481896400452,2.3883252143859863,5.753034591674805,-0.1745663583278656,-0.28153133392333984,0.7969826459884644,0.46849489212036133,-0.4648330807685852,-0.5191076993942261
26.76,-0.5712712407112122,2.3854877948760986,5.7609782218933105,-0.16985958814620972,-0.2861701250076294,0.7917811870574951,0.4728674292564392,-0.4628984332084656,-0.5210376977920532
26.77,-0.5729459524154663,2.3826026916503906,5.768869400024414,-0.16510939598083496,-0.290788859128952,0.7865614891052246,0.47721555829048157,-0.4609500765800476,-0.5229464769363403
26.78,-0.5745730400085449,2.379671812057495,5.776708602905273,-0.16031509637832642,-0.2953897714614868,0.7813228964805603,0.4815385043621063,-0.45898884534835815,-0.5248336791992188
26.79,-0.576151967048645,2.376694679260254,5.784497261047363,-0.15547844767570496,-0.29996931552886963,0.7760650515556335,0.4858369529247284,-0.457014262676239,-0.5266997814178467
26.8,-0.5776822566986084,2.373671770095825,5.792229175567627,-0.1505981981754303,-0.304529070854187,0.7707895040512085,0.4901091754436493,-0.4550268054008484,-0.5285434126853943
26.810000000000002,-0.5791634321212769,2.370604991912842,5.799910545349121,-0.14567533135414124,-0.30906951427459717,0.7654951810836792,0.4943554401397705,-0.45302700996398926,-0.530366063117981
26.82,-0.5805952548980713,2.3674912452697754,5.807539939880371,-0.14071092009544373,-0.3135892152786255,0.7601824402809143,0.49857616424560547,-0.4510141611099243,-0.5321671366691589
26.830000000000002,-0.5819783210754395,2.3643312454223633,5.815114974975586,-0.1357041597366333,-0.3180897831916809,0.7548521757125854,0.5027703642845154,-0.448988676071167,-0.5339462161064148
26.84,-0.583310067653656,2.36112904548645,5.822636604309082,-0.13065588474273682,-0.3225696086883545,0.7495031952857971,0.5069372057914734,-0.44695132970809937,-0.5357034206390381
26.85,-0.5845910906791687,2.3578808307647705,5.830104827880859,-0.12556526064872742,-0.32702842354774475,0.744137704372406,0.5110756158828735,-0.4449014663696289,-0.537438690662384
26.86,-0.5858210325241089,2.3545894622802734,5.837520599365234,-0.12043416500091553,-0.33146730065345764,0.7387546300888062,0.5151869654655457,-0.4428398609161377,-0.5391522645950317
26.87,-0.5870003700256348,2.3512511253356934,5.844881057739258,-0.11526191234588623,-0.33588582277297974,0.7333549857139587,0.5192698836326599,-0.4407658576965332,-0.5408434867858887
26.88,-0.588125467300415,2.3478713035583496,5.852185249328613,-0.11005222797393799,-0.3402823805809021,0.7279388308525085,0.5233221650123596,-0.43868088722229004,-0.5425121784210205
26.89,-0.5891996622085571,2.344447612762451,5.859438896179199,-0.1047990620136261,-0.34465888142585754,0.7225053310394287,0.5273468494415283,-0.4365839958190918,-0.5441592931747437
26.900000000000002,-0.590222179889679,2.340977668762207,5.866636753082275,-0.09950563311576843,-0.3490138649940491,0.7170559167861938,0.5313422679901123,-0.43447452783584595,-0.5457841157913208
26.91,-0.591189444065094,2.337465763092041,5.873779296875,-0.09417206048965454,-0.3533491790294647,0.7115902900695801,0.5353063941001892,-0.432354599237442,-0.5473864674568176
26.92,-0.5921051502227783,2.3339102268218994,5.880867958068848,-0.08879932761192322,-0.3576616048812866,0.7061078548431396,0.5392411947250366,-0.4302232265472412,-0.5489663481712341
26.93,-0.5929660201072693,2.330313205718994,5.887902736663818,-0.08338332176208496,-0.3619533181190491,0.7006102204322815,0.5431450009346008,-0.428081214427948,-0.5505241751670837
26.94,-0.5937724113464355,2.326672077178955,5.894881248474121,-0.07793200016021729,-0.3662228584289551,0.6950975656509399,0.5470166802406311,-0.42592787742614746,-0.5520592927932739
26.95,-0.5945242047309875,2.322988510131836,5.901803970336914,-0.07244277000427246,-0.3704725205898285,0.6895686984062195,0.5508574843406677,-0.4237639904022217,-0.5535717010498047
26.96,-0.5952220559120178,2.319263458251953,5.9086713790893555,-0.06691879034042358,-0.3746986389160156,0.6840248703956604,0.554665744304657,-0.4215899705886841,-0.5550613403320312
26.97,-0.5958632826805115,2.315495252609253,5.915484428405762,-0.06135338544845581,-0.3789030909538269,0.6784671545028687,0.5584419965744019,-0.4194048047065735,-0.5565286874771118
26.98,-0.596447765827179,2.311685085296631,5.922240734100342,-0.05575007200241089,-0.3830856680870056,0.6728949546813965,0.5621844530105591,-0.417209267616272,-0.5579731464385986
26.990000000000002,-0.5969778895378113,2.3078343868255615,5.928941249847412,-0.0501096248626709,-0.3872469663619995,0.6673073768615723,0.5658947229385376,-0.4150038957595825,-0.5593947768211365
27.0,-0.5974505543708801,2.303938388824463,5.9355878829956055,-0.04443243145942688,-0.3913865089416504,0.6617063283920288,0.5695711374282837,-0.4127872586250305,-0.5607938766479492
27.01,-0.5978661775588989,2.3000049591064453,5.942176818847656,-0.03871804475784302,-0.395503431558609,0.6560916900634766,0.573212742805481,-0.4105619192123413,-0.5621699094772339
27.02,-0.5982245802879333,2.2960293292999268,5.948709487915039,-0.032968103885650635,-0.3995974063873291,0.6504634618759155,0.5768206715583801,-0.40832656621932983,-0.5635230541229248
27.03,-0.5985262989997864,2.2920138835906982,5.95518684387207,-0.027181893587112427,-0.40366965532302856,0.6448204517364502,0.5803939700126648,-0.4060818552970886,-0.5648531913757324
27.04,-0.5987676978111267,2.2879552841186523,5.961606502532959,-0.021360069513320923,-0.4077197015285492,0.6391656994819641,0.5839307904243469,-0.4038272500038147,-0.5661603212356567
27.05,-0.5989529490470886,2.2838590145111084,5.967967987060547,-0.015502572059631348,-0.4117460548877716,0.6334993839263916,0.587432324886322,-0.40156424045562744,-0.5674439668655396
27.060000000000002,-0.5990782976150513,2.2797224521636963,5.974276065826416,-0.009611040353775024,-0.41575053334236145,0.6278184652328491,0.5908985733985901,-0.39929163455963135,-0.5687050819396973
27.07,-0.5991436243057251,2.275545120239258,5.980525493621826,-0.0036847591400146484,-0.4197314977645874,0.6221245527267456,0.594327449798584,-0.3970097303390503,-0.5699425935745239
27.080000000000002,-0.5991517305374146,2.271328926086426,5.986717700958252,0.0022755861282348633,-0.4236903786659241,0.6164193153381348,0.5977206230163574,-0.39471930265426636,-0.5711570978164673
27.09,-0.5990988612174988,2.267070770263672,5.992853164672852,0.008269399404525757,-0.4276265799999237,0.6107020378112793,0.6010764837265015,-0.392419695854187,-0.5723482966423035
27.1,-0.5989871025085449,2.2627758979797363,5.998932838439941,0.014296859502792358,-0.4315394163131714,0.6049724817276001,0.6043949723243713,-0.3901119828224182,-0.5735164880752563
27.11,-0.5988125205039978,2.258439540863037,6.004953384399414,0.020357400178909302,-0.4354284703731537,0.599230945110321,0.6076744794845581,-0.3877947926521301,-0.5746607780456543
27.12,-0.5985792875289917,2.2540643215179443,6.0109171867370605,0.026450514793395996,-0.4392952620983124,0.5934789776802063,0.6109166741371155,-0.3854699432849884,-0.5757819414138794
27.13,-0.5982840061187744,2.249654769897461,6.016822814941406,0.0325760543346405,-0.4431367814540863,0.5877169370651245,0.6141193509101868,-0.3831380605697632,-0.576879620552063
27.14,-0.5979272723197937,2.2452034950256348,6.022670745849609,0.03873351216316223,-0.44695764780044556,0.5819429755210876,0.617283046245575,-0.38079744577407837,-0.5779539942741394
27.150000000000002,-0.5975090265274048,2.2407150268554688,6.028461456298828,0.044921815395355225,-0.450753390789032,0.5761575698852539,0.6204080581665039,-0.37844887375831604,-0.5790045857429504
27.16,-0.5970284938812256,2.236189603805542,6.034193992614746,0.051141202449798584,-0.4545263350009918,0.5703626275062561,0.6234933733940125,-0.3760930001735687,-0.5800318717956543
27.17,-0.5964856743812561,2.231623888015747,6.03986930847168,0.05739179253578186,-0.4582758843898773,0.5645570755004883,0.6265376806259155,-0.3737291097640991,-0.5810357332229614
27.18,-0.595880389213562,2.2270233631134033,6.045485973358154,0.0636720359325409,-0.4620015323162079,0.558742105960846,0.6295424699783325,-0.37135836482048035,-0.582015872001648
27.19,-0.5952129364013672,2.2223849296569824,6.051043510437012,0.06998246908187866,-0.46570271253585815,0.5529164671897888,0.6325064301490784,-0.3689801096916199,-0.5829720497131348
27.2,-0.5944802761077881,2.217710256576538,6.056543350219727,0.07632225751876831,-0.46938082575798035,0.5470823645591736,0.6354280710220337,-0.3665950894355774,-0.5839048624038696
27.21,-0.5936858057975769,2.212998151779175,6.061984539031982,0.08269155025482178,-0.4730342924594879,0.5412381291389465,0.6383085250854492,-0.36420291662216187,-0.5848135948181152
27.22,-0.5928269028663635,2.2082481384277344,6.0673675537109375,0.08908873796463013,-0.47666478157043457,0.5353858470916748,0.6411476731300354,-0.3618037700653076,-0.5856990814208984
27.23,-0.591903805732727,2.2034640312194824,6.072691917419434,0.09551408886909485,-0.48027101159095764,0.5295238494873047,0.6439446806907654,-0.3593985438346863,-0.5865603089332581
27.240000000000002,-0.5909161567687988,2.198643445968628,6.077958583831787,0.10196766257286072,-0.48385241627693176,0.5236538648605347,0.6466981172561646,-0.3569865822792053,-0.5873982906341553
27.25,-0.5898640751838684,2.193787097930908,6.083165645599365,0.1084480881690979,-0.48740965127944946,0.5177760124206543,0.6494094729423523,-0.3545683026313782,-0.5882123708724976
27.26,-0.5887479782104492,2.188894748687744,6.088314056396484,0.11495572328567505,-0.49094441533088684,0.5118893980979919,0.6520777940750122,-0.3521440029144287,-0.589002251625061
27.27,-0.5875645279884338,2.1839675903320312,6.093402862548828,0.12148970365524292,-0.49445319175720215,0.5059956908226013,0.6547012329101562,-0.34971368312835693,-0.5897685885429382
27.28,-0.586317777633667,2.179006576538086,6.0984344482421875,0.1280497908592224,-0.4979384243488312,0.5000940561294556,0.6572819948196411,-0.3472777307033539,-0.5905112028121948
27.29,-0.5850042700767517,2.1740097999572754,6.103405952453613,0.13463523983955383,-0.5013984441757202,0.4941856265068054,0.6598181128501892,-0.34483587741851807,-0.5912297964096069
27.3,-0.5836257338523865,2.168978691101074,6.1083173751831055,0.14124247431755066,-0.5048340559005737,0.4882715940475464,0.6623089909553528,-0.34238845109939575,-0.5919243097305298
27.310000000000002,-0.5821803212165833,2.163912534713745,6.113171100616455,0.1478777527809143,-0.5082468390464783,0.48234790563583374,0.6647557020187378,-0.3399357497692108,-0.5925948619842529
27.32,-0.5806682109832764,2.158812999725342,6.117964744567871,0.15453720092773438,-0.5116333961486816,0.4764189124107361,0.6671570539474487,-0.33747780323028564,-0.5932415723800659
27.330000000000002,-0.5790891051292419,2.1536808013916016,6.12269926071167,0.16122084856033325,-0.5149960517883301,0.470483660697937,0.6695119738578796,-0.3350149989128113,-0.5938643217086792
27.34,-0.5774432420730591,2.148512363433838,6.127373695373535,0.16792747378349304,-0.5183342695236206,0.4645414352416992,0.6718218326568604,-0.33254683017730713,-0.5944626927375793
27.35,-0.5757293701171875,2.143313407897949,6.131990432739258,0.17466133832931519,-0.5216476917266846,0.45859360694885254,0.6740844249725342,-0.33007436990737915,-0.5950376987457275
27.36,-0.5739490985870361,2.138080358505249,6.136547088623047,0.1814132034778595,-0.5249354839324951,0.4526407718658447,0.6763015985488892,-0.3275970220565796,-0.5955884456634521
27.37,-0.5721006989479065,2.1328158378601074,6.141043663024902,0.18818733096122742,-0.528199315071106,0.4466824531555176,0.6784707903862,-0.32511550188064575,-0.596115231513977
27.38,-0.5701864361763,2.1275179386138916,6.145480155944824,0.19497892260551453,-0.5314368009567261,0.44071921706199646,0.6805940866470337,-0.3226298689842224,-0.596617579460144
27.39,-0.5682033896446228,2.122185230255127,6.149857521057129,0.2017955183982849,-0.5346517562866211,0.43475091457366943,0.6826698184013367,-0.32013893127441406,-0.5970962047576904
27.400000000000002,-0.5661500096321106,2.1168229579925537,6.1541748046875,0.20863232016563416,-0.5378401279449463,0.42877787351608276,0.6846965551376343,-0.31764471530914307,-0.5975508689880371
27.41,-0.5640293955802917,2.1114296913146973,6.158432960510254,0.21548911929130554,-0.5410043001174927,0.4228004515171051,0.6866761445999146,-0.31514689326286316,-0.597981333732605
27.42,-0.5618410110473633,2.106003761291504,6.162631034851074,0.2223658561706543,-0.5441427230834961,0.4168175458908081,0.6886075735092163,-0.3126451075077057,-0.5983875393867493
27.43,-0.5595817565917969,2.100545883178711,6.166769981384277,0.22926124930381775,-0.5472579002380371,0.41083192825317383,0.6904891133308411,-0.31013983488082886,-0.5987699627876282
27.44,-0.5572553873062134,2.095057964324951,6.1708478927612305,0.23617562651634216,-0.5503461360931396,0.40484264492988586,0.6923229098320007,-0.30763113498687744,-0.599128246307373
27.45,-0.554858922958374,2.0895400047302246,6.174866676330566,0.24310776591300964,-0.5534102320671082,0.3988499641418457,0.6941072940826416,-0.30511945486068726,-0.5994623899459839
27.46,-0.5523924231529236,2.0839920043945312,6.178823471069336,0.25005796551704407,-0.5564484596252441,0.39285245537757874,0.6958404183387756,-0.30260512232780457,-0.5997716784477234
27.47,-0.549856960773468,2.0784122943878174,6.182722091674805,0.25702476501464844,-0.5594614148139954,0.38685351610183716,0.6975253820419312,-0.3000871539115906,-0.6000576019287109
27.48,-0.5472526550292969,2.0728020668029785,6.18656063079834,0.2640085816383362,-0.5624508261680603,0.3808518648147583,0.6991604566574097,-0.2975664734840393,-0.6003196239471436
27.490000000000002,-0.5445776581764221,2.0671615600585938,6.190340042114258,0.27100807428359985,-0.5654131174087524,0.3748471438884735,0.7007449865341187,-0.2950424551963806,-0.6005575656890869
27.5,-0.5418312549591064,2.061493396759033,6.194058418273926,0.2780230641365051,-0.5683512091636658,0.36883994936943054,0.7022778987884521,-0.2925168573856354,-0.600770890712738
27.51,-0.5390167236328125,2.055795431137085,6.19771671295166,0.2850535809993744,-0.5712631940841675,0.3628315031528473,0.7037610411643982,-0.2899886965751648,-0.6009606122970581
27.52,-0.536130964756012,2.0500664710998535,6.201314449310303,0.29209837317466736,-0.574150800704956,0.35682132840156555,0.7051929235458374,-0.2874581813812256,-0.6011261940002441
27.53,-0.5331742763519287,2.044311761856079,6.204853057861328,0.29915738105773926,-0.5770130157470703,0.3508082628250122,0.7065723538398743,-0.28492605686187744,-0.6012674570083618
27.54,-0.5301473736763,2.038527488708496,6.20833158493042,0.30622977018356323,-0.5798490643501282,0.34479522705078125,0.7079010605812073,-0.28239184617996216,-0.6013849377632141
27.55,-0.5270500779151917,2.0327160358428955,6.211748123168945,0.31331565976142883,-0.5826599597930908,0.3387826979160309,0.7091771364212036,-0.2798566222190857,-0.6014783382415771
27.560000000000002,-0.5238801836967468,2.026876449584961,6.215106964111328,0.3204134404659271,-0.5854461789131165,0.33276721835136414,0.7104006409645081,-0.27731937170028687,-0.6015479564666748
27.57,-0.5206413865089417,2.0210063457489014,6.218404769897461,0.3275236487388611,-0.5882070064544678,0.3267516791820526,0.7115728855133057,-0.2747802436351776,-0.6015932559967041
27.580000000000002,-0.5173305869102478,2.0151114463806152,6.221641540527344,0.33464503288269043,-0.5909423828125,0.3207351863384247,0.7126923203468323,-0.2722402811050415,-0.6016141176223755
27.59,-0.5139472484588623,2.009188652038574,6.224819183349609,0.3417770266532898,-0.593651533126831,0.3147192895412445,0.7137577533721924,-0.26969900727272034,-0.6016113758087158
27.6,-0.5104944109916687,2.0032362937927246,6.227936744689941,0.348920077085495,-0.5963367223739624,0.3087029457092285,0.7147712111473083,-0.26715606451034546,-0.6015850305557251
27.61,-0.506969690322876,1.9972598552703857,6.230993270874023,0.35607266426086426,-0.5989949703216553,0.30268678069114685,0.7157312035560608,-0.26461300253868103,-0.6015337705612183
27.62,-0.5033737421035767,1.991257667541504,6.233990669250488,0.36323481798171997,-0.6016287207603455,0.2966720461845398,0.7166376113891602,-0.2620694637298584,-0.601459264755249
27.63,-0.4997040033340454,1.9852296113967896,6.236927032470703,0.3704054355621338,-0.6042364835739136,0.2906591594219208,0.7174882888793945,-0.2595258951187134,-0.6013609170913696
27.64,-0.4959648847579956,1.9791743755340576,6.239803791046143,0.37758469581604004,-0.606818437576294,0.2846463918685913,0.7182867527008057,-0.2569812536239624,-0.601238489151001
27.650000000000002,-0.4921530485153198,1.9730921983718872,6.242619514465332,0.38477131724357605,-0.6093766689300537,0.2786342203617096,0.7190307974815369,-0.2544363737106323,-0.6010915040969849
27.66,-0.4882681965827942,1.9669859409332275,6.245375633239746,0.3919648826122284,-0.6119078397750854,0.27262434363365173,0.7197193503379822,-0.25189149379730225,-0.6009213924407959
27.67,-0.48431336879730225,1.9608545303344727,6.248073101043701,0.39916563034057617,-0.6144133806228638,0.26661577820777893,0.7203543782234192,-0.24934664368629456,-0.600727379322052
27.68,-0.4802855849266052,1.954698920249939,6.250709533691406,0.4063721299171448,-0.6168944835662842,0.2606097459793091,0.7209343910217285,-0.24680224061012268,-0.6005094647407532
27.69,-0.47618556022644043,1.9485156536102295,6.253284454345703,0.4135841727256775,-0.6193500757217407,0.25460541248321533,0.7214583158493042,-0.24425774812698364,-0.6002670526504517
27.7,-0.4720134735107422,1.942309856414795,6.255799293518066,0.42080119252204895,-0.6217799186706543,0.24860262870788574,0.7219278216362,-0.24171358346939087,-0.6000007390975952
27.71,-0.46777307987213135,1.9360812902450562,6.258255958557129,0.4280194938182831,-0.6241841316223145,0.2426052987575531,0.7223430275917053,-0.23917117714881897,-0.5997116565704346
27.72,-0.4634554386138916,1.9298275709152222,6.260651588439941,0.4352444112300873,-0.6265625357627869,0.23660987615585327,0.7227003574371338,-0.236628919839859,-0.5993986129760742
27.73,-0.45906758308410645,1.923551082611084,6.26298713684082,0.4424733817577362,-0.6289165019989014,0.23061713576316833,0.7230028510093689,-0.23408783972263336,-0.5990612506866455
27.740000000000002,-0.45460671186447144,1.9172483682632446,6.265264511108398,0.44970473647117615,-0.6312448978424072,0.22462797164916992,0.7232491970062256,-0.23154741525650024,-0.598701000213623
27.75,-0.4500735402107239,1.910925269126892,6.267480850219727,0.456938236951828,-0.6335480213165283,0.21864303946495056,0.7234392762184143,-0.22900864481925964,-0.5983169078826904
27.76,-0.4454675316810608,1.9045785665512085,6.269637584686279,0.46417340636253357,-0.6358248591423035,0.21266210079193115,0.7235720157623291,-0.22647112607955933,-0.5979093313217163
27.77,-0.4407861828804016,1.898207664489746,6.271733283996582,0.4714129865169525,-0.6380780935287476,0.20668470859527588,0.7236469388008118,-0.2239350527524948,-0.5974775552749634
27.78,-0.4360366463661194,1.8918161392211914,6.273771286010742,0.4786500334739685,-0.6403042078018188,0.20071184635162354,0.7236673831939697,-0.22140075266361237,-0.5970228314399719
27.79,-0.4312129020690918,1.885402798652649,6.275749206542969,0.48588621616363525,-0.6425058841705322,0.19474416971206665,0.7236297130584717,-0.2188684046268463,-0.5965445637702942
27.8,-0.4263215661048889,1.8789664506912231,6.277666091918945,0.49311915040016174,-0.644680380821228,0.18878298997879028,0.7235372066497803,-0.21633774042129517,-0.596043050289154
27.810000000000002,-0.4213542938232422,1.8725097179412842,6.279524326324463,0.5003538131713867,-0.6468315124511719,0.18282413482666016,0.723386287689209,-0.21380950510501862,-0.5955173969268799
27.82,-0.41631412506103516,1.866028904914856,6.281322479248047,0.507586658000946,-0.6489572525024414,0.17687192559242249,0.723176896572113,-0.2112831324338913,-0.5949687957763672
27.830000000000002,-0.411202073097229,1.8595294952392578,6.283061981201172,0.5148172378540039,-0.6510577201843262,0.17092525959014893,0.72291100025177,-0.20875951647758484,-0.5943969488143921
27.84,-0.4060177803039551,1.8530088663101196,6.284740447998047,0.522044837474823,-0.6531322002410889,0.1649838089942932,0.7225873470306396,-0.20623834431171417,-0.5938010215759277
27.85,-0.4007607698440552,1.8464679718017578,6.2863616943359375,0.5292688608169556,-0.6551823616027832,0.15904858708381653,0.7222050428390503,-0.20371994376182556,-0.5931826829910278
27.86,-0.3954319357872009,1.8399043083190918,6.2879228591918945,0.5364888310432434,-0.6572072505950928,0.15312010049819946,0.7217656373977661,-0.20120398700237274,-0.5925410985946655
27.87,-0.3900318145751953,1.8333228826522827,6.289424419403076,0.5437044501304626,-0.6592070460319519,0.14719823002815247,0.7212682366371155,-0.19869141280651093,-0.5918761491775513
27.88,-0.38455820083618164,1.8267213106155396,6.290867805480957,0.5509143471717834,-0.661180853843689,0.14128389954566956,0.7207115888595581,-0.1961817741394043,-0.5911885499954224
27.89,-0.3790125846862793,1.820099949836731,6.29224967956543,0.5581184029579163,-0.6631295680999756,0.13537529110908508,0.7200967073440552,-0.19367539882659912,-0.5904767513275146
27.900000000000002,-0.3733954429626465,1.813459873199463,6.293574333190918,0.5653160810470581,-0.6650540828704834,0.12947431206703186,0.7194241881370544,-0.1911725252866745,-0.5897427797317505
27.91,-0.36770695447921753,1.8067978620529175,6.294837951660156,0.5725072622299194,-0.6669535636901855,0.12357941269874573,0.7186932563781738,-0.18867278099060059,-0.5889845490455627
27.92,-0.36194491386413574,1.8001197576522827,6.29604434967041,0.5796897411346436,-0.6688281893730164,0.11769253015518188,0.7179025411605835,-0.1861770749092102,-0.588204026222229
27.93,-0.35611212253570557,1.7934224605560303,6.297191619873047,0.5868647694587708,-0.6706769466400146,0.1118147075176239,0.7170539498329163,-0.1836850494146347,-0.5874011516571045
27.94,-0.3502082824707031,1.7867069244384766,6.298280715942383,0.5940312743186951,-0.6725007891654968,0.1059449315071106,0.71614670753479,-0.1811969131231308,-0.5865753889083862
27.95,-0.3442310690879822,1.7799713611602783,6.299310684204102,0.6011874675750732,-0.6743015050888062,0.10008355975151062,0.7151793241500854,-0.17871274054050446,-0.5857268571853638
27.96,-0.3381837010383606,1.7732206583023071,6.3002824783325195,0.6083345413208008,-0.6760761737823486,0.09423127770423889,0.7141531705856323,-0.17623351514339447,-0.5848554372787476
27.97,-0.33206456899642944,1.7664514780044556,6.3011956214904785,0.6154707670211792,-0.6778255105018616,0.08838728070259094,0.7130686044692993,-0.17375801503658295,-0.583961546421051
27.98,-0.3258749842643738,1.7596653699874878,6.302050590515137,0.622596263885498,-0.6795511245727539,0.08255240321159363,0.7119249701499939,-0.17128708958625793,-0.5830450654029846
27.990000000000002,-0.31961244344711304,1.75286066532135,6.302847862243652,0.629709005355835,-0.6812505722045898,0.07672622799873352,0.710720956325531,-0.16882012784481049,-0.5821062326431274
28.0,-0.31328028440475464,1.7460383176803589,6.303585052490234,0.6368104219436646,-0.6829275488853455,0.07090970873832703,0.7094585299491882,-0.16635830700397491,-0.5811439752578735
28.01,-0.3068767786026001,1.7392010688781738,6.304265022277832,0.643898606300354,-0.6845782995223999,0.06510323286056519,0.7081365585327148,-0.16390152275562286,-0.5801601409912109
28.02,-0.30040132999420166,1.7323477268218994,6.3048882484436035,0.6509726643562317,-0.6862053871154785,0.05930626392364502,0.706754207611084,-0.1614498347043991,-0.5791539549827576
28.03,-0.29385697841644287,1.7254759073257446,6.305452346801758,0.6580334901809692,-0.6878079175949097,0.053520023822784424,0.7053133249282837,-0.15900291502475739,-0.5781253576278687
28.04,-0.28724128007888794,1.718590497970581,6.305957794189453,0.6650793552398682,-0.6893860101699829,0.04774373769760132,0.7038126587867737,-0.15656165778636932,-0.5770738124847412
28.05,-0.2805545926094055,1.7116901874542236,6.306407451629639,0.6721093058586121,-0.6909395456314087,0.04197928309440613,0.7022508382797241,-0.15412621200084686,-0.5760012865066528
28.060000000000002,-0.273798406124115,1.7047736644744873,6.306798458099365,0.6791238784790039,-0.6924680471420288,0.03622490167617798,0.700630784034729,-0.15169577300548553,-0.5749062299728394
28.07,-0.26697278022766113,1.6978418827056885,6.307132244110107,0.6861222982406616,-0.6939723491668701,0.030481666326522827,0.6989511847496033,-0.14927099645137787,-0.5737890005111694
28.080000000000002,-0.2600756883621216,1.6908929347991943,6.307407379150391,0.6931027173995972,-0.6954540610313416,0.02474913001060486,0.6972107291221619,-0.1468518227338791,-0.5726493000984192
28.09,-0.2531096935272217,1.6839306354522705,6.307627201080322,0.7000660300254822,-0.6969093084335327,0.0190279483795166,0.6954113245010376,-0.144438236951828,-0.5714883804321289
28.1,-0.24607491493225098,1.676954984664917,6.307788848876953,0.707011342048645,-0.6983420848846436,0.01331910490989685,0.6935522556304932,-0.1420312523841858,-0.570305585861206
28.11,-0.238969087600708,1.6699650287628174,6.307892799377441,0.7139367461204529,-0.6997498273849487,0.007621854543685913,0.6916322112083435,-0.13963039219379425,-0.5691002011299133
28.12,-0.2317957878112793,1.6629588603973389,6.30794095993042,0.7208437919616699,-0.7011352181434631,0.0019371509552001953,0.6896533370018005,-0.13723567128181458,-0.567874014377594
28.13,-0.2245570421218872,1.6559420824050903,6.307930946350098,0.7277275323867798,-0.7024956941604614,-0.003735572099685669,0.6876164674758911,-0.13484801352024078,-0.5666253566741943
28.14,-0.21724581718444824,1.6489107608795166,6.307865142822266,0.7345937490463257,-0.703831672668457,-0.009395390748977661,0.6855177283287048,-0.1324664205312729,-0.5653560161590576
28.150000000000002,-0.20986473560333252,1.6418665647506714,6.307743072509766,0.741437554359436,-0.7051448822021484,-0.015042334794998169,0.6833582520484924,-0.130091592669487,-0.564065158367157
28.16,-0.20241665840148926,1.634809136390686,6.307564735412598,0.7482606172561646,-0.7064333558082581,-0.020677268505096436,0.6811396479606628,-0.12772345542907715,-0.5627521872520447
28.17,-0.19490015506744385,1.6277366876602173,6.3073296546936035,0.7550607919692993,-0.7076998949050903,-0.02629798650741577,0.678861141204834,-0.12536202371120453,-0.5614187121391296
28.18,-0.1873100996017456,1.6206539869308472,6.307038307189941,0.7618396282196045,-0.7089412212371826,-0.03190526366233826,0.6765190958976746,-0.12300790846347809,-0.5600639581680298
28.19,-0.1796584129333496,1.6135590076446533,6.306690692901611,0.7685934901237488,-0.7101598978042603,-0.03749924898147583,0.6741209030151367,-0.1206609308719635,-0.5586872100830078
28.2,-0.17193865776062012,1.6064486503601074,6.306288719177246,0.7753225564956665,-0.7113543748855591,-0.043079644441604614,0.6716625690460205,-0.11832043528556824,-0.5572904348373413
28.21,-0.1641559600830078,1.5993330478668213,6.305830478668213,0.7820237874984741,-0.7125252485275269,-0.04864397644996643,0.6691461205482483,-0.11598886549472809,-0.5558727979660034
28.22,-0.1563020944595337,1.5922000408172607,6.305315971374512,0.7887026071548462,-0.7136736512184143,-0.05419546365737915,0.6665682196617126,-0.11366380751132965,-0.5544340014457703
28.23,-0.148382306098938,1.5850582122802734,6.304746627807617,0.7953556776046753,-0.7147990465164185,-0.05973321199417114,0.6639307737350464,-0.11134667694568634,-0.5529736280441284
28.240000000000002,-0.1403956413269043,1.577905297279358,6.304121971130371,0.8019817471504211,-0.7159004211425781,-0.06525546312332153,0.6612334251403809,-0.10903725028038025,-0.5514932870864868
28.25,-0.13234257698059082,1.5707390308380127,6.303442001342773,0.8085801005363464,-0.7169803977012634,-0.07076281309127808,0.6584758162498474,-0.10673551261425018,-0.5499922037124634
28.26,-0.12422370910644531,1.563564419746399,6.302706718444824,0.8151509165763855,-0.7180356979370117,-0.07625502347946167,0.6556591391563416,-0.10444197058677673,-0.5484706163406372
28.27,-0.11603939533233643,1.5563795566558838,6.301916599273682,0.8216934204101562,-0.7190690636634827,-0.08173272013664246,0.6527829170227051,-0.10215654969215393,-0.5469279289245605
28.28,-0.10778951644897461,1.5491843223571777,6.301072120666504,0.8282064199447632,-0.720078706741333,-0.08719414472579956,0.6498464941978455,-0.09987933933734894,-0.5453655123710632
28.29,-0.09947502613067627,1.5419766902923584,6.300172805786133,0.8346900343894958,-0.7210672497749329,-0.09263977408409119,0.6468512415885925,-0.09761019051074982,-0.5437827706336975
28.3,-0.0910959243774414,1.534761667251587,6.299220561981201,0.8411434888839722,-0.7220314741134644,-0.0980687141418457,0.6437962055206299,-0.0953497588634491,-0.5421804189682007
28.310000000000002,-0.08265161514282227,1.5275371074676514,6.298212051391602,0.8475652933120728,-0.722973108291626,-0.10348257422447205,0.6406815648078918,-0.09309789538383484,-0.5405565500259399
28.32,-0.07414436340332031,1.5203033685684204,6.297150135040283,0.8539568185806274,-0.7238932847976685,-0.10887977480888367,0.6375083923339844,-0.09085468202829361,-0.5389136075973511
28.330000000000002,-0.06557285785675049,1.5130605697631836,6.296034812927246,0.8603159189224243,-0.7247900366783142,-0.11426049470901489,0.6342761516571045,-0.08862026035785675,-0.5372506380081177
28.34,-0.0569378137588501,1.5058062076568604,6.29486608505249,0.8666421175003052,-0.7256662249565125,-0.11962515115737915,0.6309840679168701,-0.08639443665742874,-0.5355679392814636
28.35,-0.048239707946777344,1.4985458850860596,6.293642044067383,0.87293541431427,-0.7265185117721558,-0.12497252225875854,0.6276336908340454,-0.0841778889298439,-0.5338646769523621
28.36,-0.03947901725769043,1.4912772178649902,6.292365550994873,0.8791949152946472,-0.7273487448692322,-0.13030236959457397,0.6242243647575378,-0.08197048306465149,-0.5321425199508667
28.37,-0.030655622482299805,1.4840002059936523,6.291036128997803,0.8854195475578308,-0.7281578183174133,-0.13561499118804932,0.6207557320594788,-0.07977224886417389,-0.5304009318351746
28.38,-0.021770119667053223,1.476715326309204,6.2896528244018555,0.8916093707084656,-0.7289440631866455,-0.14091026782989502,0.6172284483909607,-0.07758331298828125,-0.5286390781402588
28.39,-0.01282358169555664,1.4694199562072754,6.2882161140441895,0.8977644443511963,-0.7297090888023376,-0.14618778228759766,0.6136431694030762,-0.07540356367826462,-0.526857852935791
28.400000000000002,-0.003815174102783203,1.4621198177337646,6.2867279052734375,0.9038827419281006,-0.7304526567459106,-0.1514473557472229,0.609999418258667,-0.07323361188173294,-0.5250581502914429
28.41,0.005254268646240234,1.4548120498657227,6.2851881980896,0.9099640250205994,-0.7311736345291138,-0.15668940544128418,0.6062967777252197,-0.07107331603765488,-0.5232394933700562
28.42,0.01438438892364502,1.4474976062774658,6.283595085144043,0.9160084128379822,-0.7318739891052246,-0.1619124412536621,0.6025364995002747,-0.0689227357506752,-0.5214017629623413
28.43,0.0235745906829834,1.4401733875274658,6.281949043273926,0.9220149517059326,-0.7325525879859924,-0.16711729764938354,0.5987181067466736,-0.0667816773056984,-0.5195443034172058
28.44,0.03282487392425537,1.432845115661621,6.280252456665039,0.9279823899269104,-0.7332102060317993,-0.17230325937271118,0.5948413014411926,-0.06465087831020355,-0.5176687836647034
28.45,0.04213452339172363,1.4255104064941406,6.278503894805908,0.9339114427566528,-0.7338455319404602,-0.1774711012840271,0.5909072160720825,-0.06253014504909515,-0.515774667263031
28.46,0.05150294303894043,1.4181700944900513,6.27670431137085,0.9398007392883301,-0.7344604730606079,-0.1826179027557373,0.5869150161743164,-0.06041991710662842,-0.5138623118400574
28.47,0.06093096733093262,1.410823106765747,6.274851322174072,0.9456489086151123,-0.735054612159729,-0.18774688243865967,0.582865297794342,-0.058319516479969025,-0.5119301676750183
28.48,0.07041621208190918,1.4034669399261475,6.27294921875,0.9514577984809875,-0.7356266379356384,-0.19285708665847778,0.578758716583252,-0.05622877925634384,-0.5099804997444153
28.490000000000002,0.07995963096618652,1.3961083889007568,6.270995140075684,0.9572247266769409,-0.7361779808998108,-0.1979469656944275,0.5745949745178223,-0.05414919555187225,-0.508012592792511
28.5,0.08956038951873779,1.388744592666626,6.268989562988281,0.9629503488540649,-0.736709475517273,-0.20301711559295654,0.5703743100166321,-0.05208007991313934,-0.5060256719589233
28.51,0.09921908378601074,1.3813730478286743,6.266934394836426,0.9686318635940552,-0.7372201085090637,-0.20806729793548584,0.5660961270332336,-0.05002132058143616,-0.5040215253829956
28.52,0.10893368721008301,1.3739988803863525,6.264829158782959,0.9742714166641235,-0.7377104759216309,-0.21309798955917358,0.5617617964744568,-0.047973595559597015,-0.5019993782043457
28.53,0.11870408058166504,1.3666200637817383,6.262673377990723,0.9798678755760193,-0.7381794452667236,-0.2181077003479004,0.5573710799217224,-0.04593662917613983,-0.49995940923690796
28.54,0.12853121757507324,1.359236478805542,6.260466575622559,0.9854185581207275,-0.7386291027069092,-0.223097026348114,0.5529235005378723,-0.04391060769557953,-0.49790099263191223
28.55,0.13840758800506592,1.3518493175506592,6.258211612701416,0.9909241199493408,-0.7390583753585815,-0.22806501388549805,0.548423171043396,-0.04189591854810715,-0.4958263635635376
28.560000000000002,0.1483442783355713,1.3444546461105347,6.255906581878662,0.9963858127593994,-0.7394673824310303,-0.23301279544830322,0.5438640117645264,-0.03989165276288986,-0.49373358488082886
28.57,0.15833544731140137,1.3370585441589355,6.253551483154297,1.0018011331558228,-0.7398567199707031,-0.23793953657150269,0.5392487049102783,-0.037898868322372437,-0.4916234016418457
28.580000000000002,0.16838061809539795,1.3296587467193604,6.251147270202637,1.0071704387664795,-0.7402253150939941,-0.2428450584411621,0.5345783233642578,-0.03591737896203995,-0.48949527740478516
28.59,0.17847871780395508,1.3222546577453613,6.24869441986084,1.012493371963501,-0.7405741214752197,-0.2477298378944397,0.5298526287078857,-0.03394682705402374,-0.48735085129737854
28.6,0.18863582611083984,1.314845323562622,6.2461934089660645,1.0177682638168335,-0.7409038543701172,-0.2525925636291504,0.5250681638717651,-0.03198780119419098,-0.4851893484592438
28.61,0.19883990287780762,1.3074352741241455,6.243643760681152,1.0229949951171875,-0.741214394569397,-0.2574334144592285,0.5202324390411377,-0.03004058450460434,-0.4830109477043152
28.62,0.2090955376625061,1.3000222444534302,6.241044044494629,1.0281736850738525,-0.7415046095848083,-0.2622525691986084,0.515342116355896,-0.02810494601726532,-0.48081496357917786
28.63,0.2193979024887085,1.292607069015503,6.238396644592285,1.0333009958267212,-0.7417763471603394,-0.26704955101013184,0.5104001760482788,-0.02618134766817093,-0.4786022901535034
28.64,0.22975659370422363,1.2851887941360474,6.235702037811279,1.0383796691894531,-0.742027997970581,-0.2718244194984436,0.5054007768630981,-0.024269267916679382,-0.47637394070625305
28.650000000000002,0.24016571044921875,1.2777650356292725,6.232960224151611,1.0434086322784424,-0.7422622442245483,-0.27657681703567505,0.5003478527069092,-0.022368617355823517,-0.47412919998168945
28.66,0.25062453746795654,1.2703419923782349,6.230170249938965,1.0483874082565308,-0.7424759268760681,-0.2813073992729187,0.49524110555648804,-0.020480282604694366,-0.4718674123287201
28.67,0.26113367080688477,1.2629166841506958,6.227334022521973,1.0533130168914795,-0.7426717281341553,-0.2860146760940552,0.4900805950164795,-0.018603868782520294,-0.46959027647972107
28.68,0.2716910243034363,1.2554872035980225,6.22445011138916,1.0581886768341064,-0.7428485155105591,-0.2906990647315979,0.4848672151565552,-0.01673933118581772,-0.4672970771789551
28.69,0.2822972536087036,1.2480578422546387,6.221519470214844,1.0630112886428833,-0.74300616979599,-0.2953604459762573,0.4796008765697479,-0.014886900782585144,-0.464987188577652
28.7,0.29295170307159424,1.2406277656555176,6.21854305267334,1.067779779434204,-0.7431453466415405,-0.29999929666519165,0.4742814302444458,-0.01304711401462555,-0.46266233921051025
28.71,0.3036530017852783,1.2331968545913696,6.215520858764648,1.072495937347412,-0.7432669401168823,-0.30461299419403076,0.4689095914363861,-0.011219881474971771,-0.46032246947288513
28.72,0.3144015073776245,1.225764274597168,6.212451934814453,1.0771580934524536,-0.7433704733848572,-0.3092043399810791,0.46348580718040466,-0.009404733777046204,-0.4579664170742035
28.73,0.3251962661743164,1.2183279991149902,6.2093377113342285,1.0817652940750122,-0.7434555292129517,-0.313772976398468,0.4580099582672119,-0.007601775228977203,-0.4555950462818146
28.740000000000002,0.33603692054748535,1.2108935117721558,6.206176280975342,1.086318016052246,-0.7435230016708374,-0.3183166980743408,0.4524827003479004,-0.005811601877212524,-0.4532075822353363
28.75,0.34692251682281494,1.2034587860107422,6.202970504760742,1.0908156633377075,-0.7435717582702637,-0.3228367567062378,0.44690409302711487,-0.004034154117107391,-0.45080578327178955
28.76,0.3578530550003052,1.19602370262146,6.1997199058532715,1.0952568054199219,-0.7436027526855469,-0.32733267545700073,0.441274493932724,-0.0022693946957588196,-0.4483889937400818
28.77,0.36882781982421875,1.1885852813720703,6.196423530578613,1.0996407270431519,-0.743617594242096,-0.3318050503730774,0.43559378385543823,-0.000516943633556366,-0.44595658779144287
28.78,0.37984609603881836,1.1811498403549194,6.193083763122559,1.1039683818817139,-0.7436134815216064,-0.3362523317337036,0.429862916469574,0.0012222304940223694,-0.4435102045536041
28.79,0.390907347202301,1.173714280128479,6.189699172973633,1.1082383394241333,-0.7435930967330933,-0.3406750559806824,0.42408186197280884,0.0029486417770385742,-0.4410492479801178
28.8,0.40201085805892944,1.1662793159484863,6.186271667480469,1.1124489307403564,-0.7435544729232788,-0.34507280588150024,0.41825056076049805,0.004661977291107178,-0.43857455253601074
28.810000000000002,0.4131564497947693,1.1588447093963623,6.182798385620117,1.1166024208068848,-0.7434988021850586,-0.3494459390640259,0.41237008571624756,0.006362296640872955,-0.4360840320587158
28.82,0.4243428707122803,1.1514077186584473,6.179282188415527,1.1206971406936646,-0.7434277534484863,-0.3537942171096802,0.40644049644470215,0.008049964904785156,-0.43358010053634644
28.830000000000002,0.4355705976486206,1.143974781036377,6.175722599029541,1.1247307062149048,-0.7433383464813232,-0.3581172823905945,0.40046173334121704,0.009724035859107971,-0.43106216192245483
28.84,0.4468376636505127,1.1365423202514648,6.172120571136475,1.1287059783935547,-0.7432332038879395,-0.36241602897644043,0.39443451166152954,0.011385038495063782,-0.42853033542633057
28.85,0.45814454555511475,1.1291112899780273,6.168474197387695,1.1326202154159546,-0.7431105375289917,-0.3666883707046509,0.3883591294288635,0.013032622635364532,-0.42598387598991394
28.86,0.4694904088973999,1.1216784715652466,6.164786338806152,1.136472225189209,-0.7429730296134949,-0.37093549966812134,0.382235586643219,0.014667309820652008,-0.423424631357193
28.87,0.48087412118911743,1.1142501831054688,6.161053657531738,1.1402645111083984,-0.7428176999092102,-0.375156968832016,0.3760647177696228,0.016288191080093384,-0.42085033655166626
28.88,0.492295503616333,1.1068236827850342,6.15728235244751,1.143993616104126,-0.7426462769508362,-0.3793522119522095,0.3698464632034302,0.01789563149213791,-0.4182649850845337
28.89,0.5037539005279541,1.0993986129760742,6.153467178344727,1.147661566734314,-0.742459774017334,-0.38352158665657043,0.3635813891887665,0.019489645957946777,-0.4156648814678192
28.900000000000002,0.5152489542961121,1.0919759273529053,6.149611473083496,1.151265025138855,-0.7422564029693604,-0.38766515254974365,0.3572697043418884,0.021069981157779694,-0.413052499294281
28.91,0.5267791748046875,1.08455228805542,6.14571475982666,1.1548067331314087,-0.7420378923416138,-0.391783207654953,0.3509119153022766,0.02263704687356949,-0.4104272723197937
28.92,0.5383449792861938,1.0771335363388062,6.141776084899902,1.1582838296890259,-0.7418041229248047,-0.3958742916584015,0.3445083200931549,0.024190209805965424,-0.4077892005443573
28.93,0.549945056438446,1.0697176456451416,6.137796401977539,1.1616963148117065,-0.7415540218353271,-0.399938702583313,0.3380591869354248,0.025729559361934662,-0.40513771772384644
28.94,0.5615790486335754,1.0623009204864502,6.133776664733887,1.1650447845458984,-0.7412900328636169,-0.40397676825523376,0.3315649628639221,0.0272555872797966,-0.4024745225906372
28.95,0.5732461214065552,1.0548901557922363,6.129717826843262,1.168328046798706,-0.7410093545913696,-0.40798887610435486,0.32502615451812744,0.028767302632331848,-0.39979904890060425
28.96,0.5849401354789734,1.0474827289581299,6.125618934631348,1.1715444326400757,-0.7407146692276001,-0.41197240352630615,0.3184461295604706,0.030265040695667267,-0.39711201190948486
28.97,0.5966715216636658,1.0400774478912354,6.12147855758667,1.1746959686279297,-0.7404049634933472,-0.41592976450920105,0.311818927526474,0.03174910694360733,-0.39441144466400146
28.98,0.6084340214729309,1.0326755046844482,6.117300033569336,1.1777814626693726,-0.7400786876678467,-0.4198610186576843,0.30514824390411377,0.03321918845176697,-0.39169979095458984
28.990000000000002,0.6202272176742554,1.0252739191055298,6.113081932067871,1.1807986497879028,-0.7397401332855225,-0.4237644076347351,0.29843419790267944,0.03467559814453125,-0.3889763355255127
29.0,0.632050096988678,1.0178792476654053,6.108825206756592,1.183749794960022,-0.7393856048583984,-0.427640438079834,0.29167747497558594,0.03611747920513153,-0.38624128699302673
29.01,0.6439022421836853,1.0104875564575195,6.104528903961182,1.186632752418518,-0.7390176653862,-0.4314895570278168,0.28487837314605713,0.03754541277885437,-0.3834940493106842
29.02,0.6557881832122803,1.0031001567840576,6.100194931030273,1.1894478797912598,-0.7386347055435181,-0.43531063199043274,0.27803391218185425,0.03895901143550873,-0.38073623180389404
29.03,0.6676967144012451,0.9957131147384644,6.095823287963867,1.1921929121017456,-0.7382389307022095,-0.43910419940948486,0.27115121483802795,0.04035896062850952,-0.3779672384262085
29.04,0.679632306098938,0.9883337616920471,6.091412544250488,1.194869875907898,-0.7378278970718384,-0.442869633436203,0.26422739028930664,0.041744135320186615,-0.3751864731311798
29.05,0.6915884017944336,0.9809586405754089,6.086966514587402,1.19747793674469,-0.7374041080474854,-0.446607381105423,0.257266104221344,0.04311499744653702,-0.3723963797092438
29.060000000000002,0.7035762667655945,0.973587691783905,6.082481861114502,1.200014591217041,-0.7369656562805176,-0.4503173232078552,0.250261127948761,0.04447164386510849,-0.3695948123931885
29.07,0.7155888080596924,0.9662205576896667,6.077960968017578,1.20248281955719,-0.7365146279335022,-0.45399928092956543,0.24321629106998444,0.04581408202648163,-0.3667827248573303
29.080000000000002,0.7276259064674377,0.9588556289672852,6.073399066925049,1.2048797607421875,-0.7360488176345825,-0.4576531946659088,0.23613189160823822,0.04714237153530121,-0.3639580011367798
29.09,0.7396865487098694,0.9514977931976318,6.068804740905762,1.2072049379348755,-0.7355712652206421,-0.4612785577774048,0.2290084809064865,0.048456013202667236,-0.36112523078918457
29.1,0.7517701387405396,0.9441455006599426,6.064173698425293,1.2094594240188599,-0.7350797057151794,-0.46487557888031006,0.22184637188911438,0.04975505918264389,-0.3582823872566223
29.11,0.7638758420944214,0.9367945790290833,6.059507369995117,1.2116426229476929,-0.7345765829086304,-0.46844425797462463,0.21464616060256958,0.05104012042284012,-0.35542958974838257
29.12,0.7760029435157776,0.9294523000717163,6.054804801940918,1.213752031326294,-0.7340593338012695,-0.47198450565338135,0.20740827918052673,0.05231012403964996,-0.35256630182266235
29.13,0.7881507277488708,0.9221153259277344,6.0500688552856445,1.2157893180847168,-0.7335304021835327,-0.47549504041671753,0.2001330703496933,0.05356559157371521,-0.3496948480606079
29.14,0.8003185987472534,0.9147830605506897,6.045296669006348,1.21775484085083,-0.7329889535903931,-0.47897762060165405,0.1928209364414215,0.0548066571354866,-0.3468131422996521
29.150000000000002,0.8125060200691223,0.9074568152427673,6.040489673614502,1.2196464538574219,-0.7324342727661133,-0.4824320375919342,0.18547232449054718,0.05603299289941788,-0.3439221978187561
29.16,0.8247115612030029,0.9001326560974121,6.035647392272949,1.221463918685913,-0.7318686842918396,-0.485856294631958,0.17808803915977478,0.05724519491195679,-0.3410212993621826
29.17,0.83693528175354,0.8928177356719971,6.0307722091674805,1.223207950592041,-0.7312897443771362,-0.48925209045410156,0.17066802084445953,0.05844222009181976,-0.33811211585998535
29.18,0.8491759300231934,0.8855087757110596,6.025862693786621,1.224877953529358,-0.7306989431381226,-0.492618590593338,0.1632131040096283,0.059624552726745605,-0.33519411087036133
29.19,0.8614328503608704,0.8782050609588623,6.020920276641846,1.2264717817306519,-0.7300963401794434,-0.4959567189216614,0.1557237207889557,0.06079240143299103,-0.3322674632072449
29.2,0.8737053871154785,0.8709052205085754,6.01594352722168,1.227992057800293,-0.7294825911521912,-0.4992641806602478,0.1482001543045044,0.06194561719894409,-0.32933151721954346
29.21,0.8859925270080566,0.8636144995689392,6.0109357833862305,1.229435920715332,-0.7288578748703003,-0.5025420188903809,0.1406431794166565,0.06308376044034958,-0.32638871669769287
29.22,0.8982938528060913,0.8563293218612671,6.005894184112549,1.2308034896850586,-0.7282218337059021,-0.5057919025421143,0.13305306434631348,0.06420736759901047,-0.3234369456768036
29.23,0.9106085300445557,0.8490513563156128,6.000820159912109,1.232096552848816,-0.7275737524032593,-0.5090116262435913,0.125430166721344,0.06531595438718796,-0.32047706842422485
29.240000000000002,0.922935962677002,0.8417791128158569,5.995713233947754,1.233312726020813,-0.7269155383110046,-0.5122010707855225,0.11777511239051819,0.06640994548797607,-0.31750863790512085
29.25,0.9352749586105347,0.8345112204551697,5.990575790405273,1.2344517707824707,-0.7262458801269531,-0.5153613686561584,0.11008861660957336,0.06748927384614944,-0.31453317403793335
29.26,0.9476250410079956,0.8272525072097778,5.985406875610352,1.2355141639709473,-0.7255661487579346,-0.5184924602508545,0.10237076878547668,0.06855355948209763,-0.3115501403808594
29.27,0.9599853754043579,0.8200012445449829,5.980206489562988,1.2364999055862427,-0.7248748540878296,-0.5215930342674255,0.09462222456932068,0.06960286945104599,-0.30855968594551086
29.28,0.9723552465438843,0.8127561807632446,5.974974632263184,1.2374073266983032,-0.7241740822792053,-0.5246632695198059,0.08684353530406952,0.07063744962215424,-0.305561363697052
29.29,0.984733521938324,0.8055161237716675,5.969712734222412,1.2382357120513916,-0.7234616279602051,-0.5277038216590881,0.07903538644313812,0.07165726274251938,-0.302556574344635
29.3,0.997119665145874,0.7982860803604126,5.964419841766357,1.2389869689941406,-0.7227404713630676,-0.5307139158248901,0.07119819521903992,0.07266194373369217,-0.29954418540000916
29.310000000000002,1.0095131397247314,0.7910633087158203,5.959097862243652,1.2396599054336548,-0.722008466720581,-0.533694326877594,0.06333208084106445,0.07365167140960693,-0.2965257167816162
29.32,1.0219128131866455,0.7838471531867981,5.953745365142822,1.2402533292770386,-0.7212674021720886,-0.536643922328949,0.055438071489334106,0.07462667673826218,-0.29350003600120544
29.330000000000002,1.034318208694458,0.7766392827033997,5.9483642578125,1.2407681941986084,-0.7205159068107605,-0.5395645499229431,0.047516196966171265,0.07558655738830566,-0.29046857357025146
29.34,1.0467283725738525,0.7694350481033325,5.9429545402526855,1.2412043809890747,-0.719756007194519,-0.5424541234970093,0.039567187428474426,0.07653209567070007,-0.2874308228492737
29.35,1.0591422319412231,0.7622423768043518,5.937514781951904,1.241559386253357,-0.7189855575561523,-0.5453126430511475,0.031591981649398804,0.07746212184429169,-0.2843863070011139
29.36,1.0715594291687012,0.755056619644165,5.9320478439331055,1.2418358325958252,-0.7182068228721619,-0.5481413006782532,0.023590415716171265,0.07837743312120438,-0.28133654594421387
29.37,1.0839792490005493,0.7478765845298767,5.926552772521973,1.2420318126678467,-0.7174184322357178,-0.5509401559829712,0.01556330919265747,0.07927791774272919,-0.27828097343444824
29.38,1.0963950157165527,0.7407073378562927,5.9210309982299805,1.2421483993530273,-0.7166207432746887,-0.5537071228027344,0.007514685392379761,0.08016311377286911,-0.2752206027507782
29.39,1.1088166236877441,0.7335453629493713,5.915480613708496,1.2421826124191284,-0.7158151865005493,-0.5564440488815308,-0.0005615055561065674,0.0810336023569107,-0.2721540033817291
29.400000000000002,1.1212384700775146,0.7263923287391663,5.9099016189575195,1.2421365976333618,-0.7150001525878906,-0.5591503977775574,-0.008661866188049316,0.08188888430595398,-0.2690814435482025
29.41,1.1336596012115479,0.719246506690979,5.904296875,1.2420099973678589,-0.7141774296760559,-0.5618258714675903,-0.016785666346549988,0.0827295258641243,-0.26600444316864014
29.42,1.1460785865783691,0.7121070027351379,5.898665428161621,1.2418005466461182,-0.7133458852767944,-0.5644705295562744,-0.024931907653808594,0.08355525135993958,-0.2629224956035614
29.43,1.1584954261779785,0.7049778699874878,5.893006801605225,1.2415109872817993,-0.7125066518783569,-0.5670838356018066,-0.03310073912143707,0.08436599373817444,-0.2598351538181305
29.44,1.1709141731262207,0.6978580951690674,5.887323379516602,1.2411375045776367,-0.7116585969924927,-0.5696674585342407,-0.041294440627098083,0.08516153693199158,-0.25674381852149963
29.45,1.1833231449127197,0.690746009349823,5.8816142082214355,1.2406831979751587,-0.7108034491539001,-0.5722194910049438,-0.049505814909935,0.08594238758087158,-0.2536480724811554
29.46,1.195722222328186,0.6836440563201904,5.875881195068359,1.2401483058929443,-0.7099398970603943,-0.5747400522232056,-0.057734712958335876,0.0867079645395279,-0.25054875016212463
29.47,1.2081210613250732,0.6765463352203369,5.870120048522949,1.2395298480987549,-0.7090688943862915,-0.5772300958633423,-0.06598711013793945,0.08745917677879333,-0.24744394421577454
29.48,1.220512866973877,0.6694611310958862,5.864335536956787,1.238828182220459,-0.7081901431083679,-0.5796890258789062,-0.07425868511199951,0.08819504082202911,-0.2443358600139618
29.490000000000002,1.2328975200653076,0.6623837947845459,5.858526706695557,1.2380443811416626,-0.7073049545288086,-0.5821169018745422,-0.08254949748516083,0.08891624212265015,-0.24122396111488342
29.5,1.2452740669250488,0.6553163528442383,5.852693557739258,1.2371777296066284,-0.7064118385314941,-0.5845136642456055,-0.09085865318775177,0.08962228894233704,-0.23810842633247375
29.51,1.2576408386230469,0.6482537388801575,5.846836090087891,1.2362267971038818,-0.7055128812789917,-0.586879312992096,-0.09918525815010071,0.0903141051530838,-0.23498889803886414
29.52,1.2699984312057495,0.6412042379379272,5.84095573425293,1.2351937294006348,-0.7046058773994446,-0.5892136096954346,-0.10752944648265839,0.09099045395851135,-0.23186665773391724
29.53,1.2823452949523926,0.6341628432273865,5.835052490234375,1.234076738357544,-0.7036930322647095,-0.5915167927742004,-0.11589033901691437,0.09165219962596893,-0.22874131798744202
29.54,1.2946803569793701,0.6271286010742188,5.829124927520752,1.2328766584396362,-0.7027732133865356,-0.5937879085540771,-0.12426728010177612,0.0922991931438446,-0.22561249136924744
29.55,1.307002067565918,0.6201094388961792,5.823174953460693,1.2315906286239624,-0.7018471956253052,-0.5960277318954468,-0.13265879452228546,0.09293083846569061,-0.2224808931350708
29.560000000000002,1.3193116188049316,0.6130926012992859,5.817203998565674,1.2302219867706299,-0.7009154558181763,-0.5982370376586914,-0.14106611907482147,0.09354855120182037,-0.21934723854064941
29.57,1.3316068649291992,0.6060895919799805,5.811210632324219,1.2287698984146118,-0.6999756693840027,-0.6004148721694946,-0.14948785305023193,0.094150610268116,-0.21621116995811462
29.580000000000002,1.3438868522644043,0.5990946292877197,5.8051958084106445,1.2272320985794067,-0.6990315914154053,-0.6025620698928833,-0.15792278945446014,0.09473835676908493,-0.21307283639907837
29.59,1.3561515808105469,0.5921071767807007,5.799159049987793,1.2256110906600952,-0.6980812549591064,-0.6046764850616455,-0.1663713902235031,0.09531144797801971,-0.2099318504333496
29.6,1.3683995008468628,0.5851323008537292,5.793102264404297,1.2239052057266235,-0.6971249580383301,-0.6067602634429932,-0.1748325228691101,0.09586946666240692,-0.2067895233631134
29.61,1.380629539489746,0.5781658887863159,5.78702449798584,1.222114086151123,-0.6961638927459717,-0.6088124513626099,-0.18330512940883636,0.09641310572624207,-0.20364540815353394
29.62,1.3928415775299072,0.5712102055549622,5.780925273895264,1.2202388048171997,-0.6951966881752014,-0.6108331680297852,-0.1917896568775177,0.09694178402423859,-0.20049917697906494
29.63,1.405034065246582,0.5642639398574829,5.774808883666992,1.218277931213379,-0.6942251920700073,-0.6128221154212952,-0.20028437674045563,0.09745600819587708,-0.19735288619995117
29.64,1.4172072410583496,0.5573234558105469,5.768671035766602,1.2162331342697144,-0.6932487487792969,-0.6147799491882324,-0.2087899148464203,0.09795607626438141,-0.19420453906059265
29.650000000000002,1.4293584823608398,0.5503970384597778,5.762513160705566,1.214101791381836,-0.6922664046287537,-0.6167070865631104,-0.21730433404445648,0.09844088554382324,-0.1910550892353058
29.66,1.4414889812469482,0.5434794425964355,5.756336212158203,1.2118867635726929,-0.6912800073623657,-0.6186012029647827,-0.2258283793926239,0.09891141951084137,-0.1879042387008667
29.67,1.453596830368042,0.5365727543830872,5.750141143798828,1.2095859050750732,-0.6902881860733032,-0.620464563369751,-0.23436082899570465,0.099367156624794,-0.1847531497478485
29.68,1.4656805992126465,0.5296722650527954,5.743927001953125,1.2071993350982666,-0.6892920732498169,-0.6222964525222778,-0.24290046095848083,0.09980875253677368,-0.18160152435302734
29.69,1.4777405261993408,0.5227855443954468,5.737695217132568,1.2047275304794312,-0.6882914304733276,-0.6240975856781006,-0.25144779682159424,0.10023544728755951,-0.17844948172569275
29.7,1.4897756576538086,0.5159077048301697,5.731444835662842,1.2021708488464355,-0.6872873902320862,-0.6258655190467834,-0.2600017488002777,0.10064804553985596,-0.17529669404029846
29.71,1.5017833709716797,0.5090405941009521,5.725179195404053,1.1995267868041992,-0.6862793564796448,-0.6276024580001831,-0.26856040954589844,0.10104618966579437,-0.17214512825012207
29.72,1.5137653350830078,0.5021840333938599,5.7188944816589355,1.196798324584961,-0.6852666139602661,-0.6293090581893921,-0.27712565660476685,0.10142967849969864,-0.16899287700653076
29.73,1.5257196426391602,0.4953344762325287,5.712593078613281,1.1939849853515625,-0.6842503547668457,-0.6309832334518433,-0.28569549322128296,0.10179924964904785,-0.16584095358848572
29.740000000000002,1.537644863128662,0.48849713802337646,5.706274509429932,1.1910841464996338,-0.6832309365272522,-0.6326252222061157,-0.2942688763141632,0.1021544337272644,-0.1626889705657959
29.75,1.5495412349700928,0.48167112469673157,5.6999406814575195,1.1880991458892822,-0.6822073459625244,-0.6342365145683289,-0.30284637212753296,0.10249500721693039,-0.1595381498336792
29.76,1.5614073276519775,0.4748542308807373,5.69359016418457,1.185027837753296,-0.6811810731887817,-0.6358169317245483,-0.3114267587661743,0.1028217226266861,-0.15638798475265503
29.77,1.5732415914535522,0.4680456519126892,5.687224388122559,1.1818702220916748,-0.6801512241363525,-0.6373651027679443,-0.3200087249279022,0.10313427448272705,-0.15323883295059204
29.78,1.585044503211975,0.4612498879432678,5.680842399597168,1.1786272525787354,-0.6791178584098816,-0.6388809680938721,-0.32859301567077637,0.10343233495950699,-0.15009036660194397
29.79,1.596814751625061,0.4544650912284851,5.674446105957031,1.175299048423767,-0.6780816912651062,-0.6403663158416748,-0.33717817068099976,0.10371628403663635,-0.14694362878799438
29.8,1.608546257019043,0.4476901590824127,5.668034553527832,1.1718865633010864,-0.6770436763763428,-0.6418193578720093,-0.3457605242729187,0.10398652404546738,-0.14379796385765076
29.810000000000002,1.6202472448349,0.4409217834472656,5.661609649658203,1.1683852672576904,-0.676003098487854,-0.6432416439056396,-0.3543452322483063,0.10424306988716125,-0.1406543254852295
29.82,1.631913661956787,0.43416815996170044,5.655169486999512,1.1647993326187134,-0.674959123134613,-0.6446317434310913,-0.36292967200279236,0.10448499023914337,-0.13751208782196045
29.830000000000002,1.6435437202453613,0.4274238348007202,5.648716449737549,1.1611273288726807,-0.6739134192466736,-0.6459920406341553,-0.3715127110481262,0.1047133058309555,-0.13437220454216003
29.84,1.655135989189148,0.4206911623477936,5.642250061035156,1.1573688983917236,-0.6728649139404297,-0.6473201513290405,-0.38009288907051086,0.1049274280667305,-0.1312345564365387
29.85,1.6666951179504395,0.4139645993709564,5.635770320892334,1.1535221338272095,-0.6718151569366455,-0.6486169099807739,-0.3886735439300537,0.10512842237949371,-0.12809914350509644
29.86,1.6782113313674927,0.4072529673576355,5.629277229309082,1.1495929956436157,-0.6707625985145569,-0.6498816013336182,-0.39724820852279663,0.1053149476647377,-0.12496575713157654
29.87,1.6896865367889404,0.4005519449710846,5.622772216796875,1.14557683467865,-0.6697081923484802,-0.6511163711547852,-0.4058181047439575,0.10548769682645798,-0.12183541059494019
29.88,1.7011176347732544,0.393861323595047,5.6162567138671875,1.1414785385131836,-0.6686522364616394,-0.6523188948631287,-0.41438090801239014,0.10564684122800827,-0.11870872974395752
29.89,1.7125121355056763,0.38718003034591675,5.60972785949707,1.1372923851013184,-0.6675953269004822,-0.6534904837608337,-0.4229416251182556,0.10579263418912888,-0.11558419466018677
29.900000000000002,1.7238640785217285,0.3805074989795685,5.603186130523682,1.1330201625823975,-0.6665365695953369,-0.6546306610107422,-0.43149635195732117,0.10592491179704666,-0.11246243119239807
29.91,1.7351722717285156,0.3738473653793335,5.596634387969971,1.128662109375,-0.6654770374298096,-0.6557397842407227,-0.4400438666343689,0.10604366660118103,-0.10934442281723022
29.92,1.7464369535446167,0.36719924211502075,5.590071678161621,1.1242189407348633,-0.664415717124939,-0.6568177342414856,-0.4485849142074585,0.10614855587482452,-0.10622990131378174
29.93,1.7576572895050049,0.3605603575706482,5.583498001098633,1.1196908950805664,-0.6633541584014893,-0.6578637957572937,-0.45711806416511536,0.10624044388532639,-0.10311859846115112
29.94,1.76883065700531,0.35393017530441284,5.576913833618164,1.1150764226913452,-0.6622911691665649,-0.6588801741600037,-0.46564194560050964,0.10631898790597916,-0.10001149773597717
29.95,1.7799584865570068,0.3473125398159027,5.570320129394531,1.1103777885437012,-0.6612279415130615,-0.6598649621009827,-0.47415757179260254,0.10638418793678284,-0.09690836071968079
29.96,1.7910380363464355,0.3407069444656372,5.563718795776367,1.1055934429168701,-0.6601635217666626,-0.6608184576034546,-0.4826626181602478,0.10643582791090012,-0.09381011128425598
29.97,1.8020693063735962,0.3341118097305298,5.557105541229248,1.1007235050201416,-0.6590986251831055,-0.6617418527603149,-0.49115726351737976,0.10647429525852203,-0.0907154381275177
29.98,1.8130522966384888,0.32752618193626404,5.550483226776123,1.095770001411438,-0.6580342054367065,-0.6626328229904175,-0.49964165687561035,0.10649999231100082,-0.08762490749359131
29.990000000000002,1.8239853382110596,0.3209492564201355,5.543852806091309,1.0907312631607056,-0.656968891620636,-0.6634936928749084,-0.5081143379211426,0.10651268064975739,-0.08453938364982605
