t,p_x,p_y,p_z,q_w,q_x,q_y,q_z,v_x,v_y,v_z,w_x,w_y,w_z,a_lin_x,a_lin_y,a_lin_z,a_rot_x,a_rot_y,a_rot_z,u_1,u_2,u_3,u_4,jerk_x,jerk_y,jerk_z,snap_x,snap_y,snap_z
0,-5,4.5,1.2,-0,0,-0.57364,0.81911,0,0,0,0,0,0,0,0,0,0,0,0,2.5675,3.3655,3.365,2.568,0,0,0,80.892,-222.78,40.943
0.01,-5,4.5,1.2,0.00034037,0.00048644,-0.57364,0.81911,1.3336e-05,-3.664e-05,6.7474e-06,-0.00021682,0.23536,-7.1897e-08,0.0039861,-0.010943,0.0020166,0,0,0,2.5902,3.344,3.3459,2.5883,0.79139,-2.1692,0.40028,77.397,-211.1,39.119
0.02,-5,4.5,1.2,0.0013351,0.0019123,-0.57364,0.8191,0.00010552,-0.00028924,5.3372e-05,-0.0011428,0.45789,-1.1312e-06,0.015712,-0.042999,0.0079454,0,0,0,2.6146,3.3233,3.3274,2.6104,1.5482,-4.2229,0.78249,73.971,-199.68,37.329
0.03,-5,4.5,1.2,0.0029478,0.0042239,-0.57294,0.81958,0.00035224,-0.00096318,0.0001781,-0.0016221,0.66734,-5.6269e-06,0.034837,-0.095024,0.017607,0,0,0,2.64,3.3041,3.3092,2.6346,2.271,-6.1636,1.147,70.613,-188.5,35.574
0.04,-5,4.5,1.2,0.0051362,0.0073703,-0.5726,0.81978,0.00082579,-0.0022526,0.00041738,-0.0028754,0.86352,-1.7457e-05,0.061022,-0.1659,0.030827,0,0,0,2.6673,3.2855,3.2923,2.6601,2.9607,-7.9938,1.4941,67.323,-177.58,33.852
0.05,-5,4.4999,1.2,0.0078611,0.011297,-0.57225,0.81997,0.0015951,-0.0043404,0.00080592,-0.0044777,1.0462,-4.1801e-05,0.093941,-0.25454,0.047432,0,0,0,2.6963,3.2681,3.2763,2.6872,3.6177,-9.716,1.8241,64.101,-166.9,32.164
0.06,-5,4.4999,1.2,0.011082,0.01595,-0.57186,0.82012,0.002726,-0.007399,0.0013767,-0.0064231,1.2153,-8.4929e-05,0.13327,-0.35987,0.067254,0,0,0,2.727,3.2519,3.2614,2.7161,4.2429,-11.333,2.1375,60.944,-156.47,30.509
0.07,-4.9999,4.4998,1.2,0.014757,0.021273,-0.57145,0.82023,0.0042809,-0.01159,0.0021612,-0.0087044,1.3705,-0.00015401,0.1787,-0.48085,0.090127,0,0,0,2.7596,3.2371,3.2478,2.7467,4.8368,-12.846,2.4344,57.854,-146.28,28.887
0.08,-4.9999,4.4997,1.2001,0.018846,0.02721,-0.57099,0.82029,0.0063192,-0.017065,0.0031889,-0.011313,1.5118,-0.00025691,0.22991,-0.61646,0.11589,0,0,0,2.794,3.2238,3.2355,2.7792,5.4002,-14.259,2.7153,54.829,-136.33,27.298
0.09,-4.9998,4.4994,1.2001,0.023305,0.033704,-0.57048,0.82029,0.0088973,-0.023965,0.004488,-0.014239,1.6391,-0.00040196,0.2866,-0.7657,0.14438,0,0,0,2.8305,3.2123,3.2248,2.8136,5.9336,-15.574,2.9805,51.87,-126.62,25.742
0.1,-4.9997,4.4992,1.2002,0.028093,0.040698,-0.56992,0.82021,0.012068,-0.032421,0.0060851,-0.017471,1.7522,-0.00059775,0.34848,-0.92761,0.17545,0,0,0,2.8689,3.2028,3.2159,2.85,6.4378,-16.792,3.2303,48.974,-117.14,24.217
0.11,-4.9996,4.4988,1.2002,0.033168,0.048133,-0.5693,0.82005,0.015883,-0.042556,0.0080051,-0.020996,1.8512,-0.00085287,0.41526,-1.1012,0.20894,0,0,0,2.9094,3.1955,3.209,2.8883,6.9133,-17.917,3.465,46.142,-107.9,22.725
0.12,-4.9994,4.4983,1.2003,0.038486,0.055951,-0.56861,0.8198,0.020389,-0.054482,0.010271,-0.024799,1.9362,-0.0011758,0.48665,-1.2857,0.2447,0,0,0,2.9517,3.1906,3.2044,2.9285,7.3609,-18.951,3.6849,43.374,-98.891,21.264
0.13,-4.9991,4.4977,1.2004,0.044006,0.064095,-0.56785,0.81945,0.025631,-0.068302,0.012906,-0.028866,2.0073,-0.0015744,0.56239,-1.48,0.28259,0,0,0,2.9959,3.1885,3.2023,2.9706,7.781,-19.896,3.8903,40.667,-90.109,19.835
0.14,-4.9989,4.4969,1.2006,0.049688,0.072508,-0.56702,0.819,0.03165,-0.084111,0.01593,-0.03318,2.0649,-0.0020563,0.64219,-1.6833,0.32246,0,0,0,3.0418,3.1892,3.203,3.0144,8.1744,-20.754,4.0817,38.023,-81.554,18.437
0.15,-4.9985,4.496,1.2008,0.055491,0.081135,-0.56611,0.81845,0.038487,-0.10199,0.019361,-0.037724,2.1093,-0.0026282,0.72579,-1.8948,0.36417,0,0,0,3.0894,3.1932,3.2066,3.0599,8.5417,-21.528,4.2592,35.441,-73.224,17.07
0.16,-4.9981,4.4949,1.201,0.061375,0.089922,-0.56514,0.81778,0.046178,-0.12203,0.023219,-0.04248,2.1411,-0.0032957,0.81293,-2.1136,0.4076,0,0,0,3.1384,3.2005,3.2135,3.1068,8.8834,-22.219,4.4232,32.919,-65.116,15.733
0.17,-4.9976,4.4936,1.2012,0.067305,0.098817,-0.56409,0.81701,0.054757,-0.14429,0.027519,-0.047429,2.1608,-0.004064,0.90337,-2.3389,0.45259,0,0,0,3.1888,3.2114,3.2237,3.1551,9.2003,-22.831,4.574,30.457,-57.228,14.427
0.18,-4.997,4.492,1.2015,0.073246,0.10777,-0.56297,0.81614,0.064255,-0.16883,0.032276,-0.052553,2.169,-0.0049367,0.99686,-2.5699,0.49903,0,0,0,3.2403,3.2258,3.2374,3.2046,9.4928,-23.365,4.7118,28.055,-49.559,13.151
0.19,-4.9963,4.4902,1.2019,0.079164,0.11674,-0.56178,0.81517,0.074703,-0.1957,0.037504,-0.057836,2.1667,-0.0059168,1.0931,-2.8059,0.54679,0,0,0,3.2928,3.244,3.2547,3.2552,9.7616,-23.823,4.8371,25.712,-42.105,11.905
0.2,-4.9955,4.4881,1.2023,0.08503,0.12568,-0.56054,0.81411,0.086127,-0.22496,0.043215,-0.06326,2.1545,-0.0070062,1.192,-3.0461,0.59573,0,0,0,3.3461,3.266,3.2757,3.3067,10.007,-24.207,4.95,23.428,-34.865,10.688
0.21,-4.9946,4.4857,1.2027,0.090815,0.13456,-0.55924,0.81296,0.098551,-0.25664,0.049422,-0.068808,2.1334,-0.0082057,1.2932,-3.2898,0.64575,0,0,0,3.4002,3.2916,3.3002,3.359,10.23,-24.521,5.0509,21.202,-27.837,9.5003
0.22,-4.9935,4.4829,1.2033,0.096495,0.14333,-0.55789,0.81173,0.112,-0.29077,0.056133,-0.074465,2.1042,-0.0095155,1.3965,-3.5363,0.69671,0,0,0,3.4549,3.3209,3.3284,3.4119,10.431,-24.765,5.1401,19.033,-21.017,8.3418
0.23,-4.9923,4.4798,1.2039,0.10205,0.15197,-0.5565,0.81043,0.12649,-0.32737,0.063359,-0.080218,2.0679,-0.010935,1.5018,-3.7849,0.74851,0,0,0,3.51,3.3537,3.3599,3.4655,10.611,-24.942,5.2179,16.92,-14.405,7.2121
0.24,-4.991,4.4764,1.2045,0.10746,0.16045,-0.55508,0.80907,0.14204,-0.36647,0.071106,-0.086054,2.0253,-0.012462,1.6087,-4.0349,0.80103,0,0,0,3.5655,3.3899,3.3949,3.5194,10.77,-25.054,5.2845,14.864,-7.9971,6.1108
0.25,-4.9895,4.4725,1.2053,0.1127,0.16876,-0.55363,0.80766,0.15867,-0.40807,0.079381,-0.091961,1.9774,-0.014096,1.7171,-4.2858,0.85416,0,0,0,3.6214,3.4292,3.4329,3.5738,10.909,-25.102,5.3402,12.864,-1.792,5.0377
0.26,-4.9878,4.4682,1.2061,0.11777,0.17685,-0.55217,0.8062,0.17639,-0.45218,0.088191,-0.097932,1.9248,-0.015834,1.8268,-4.5368,0.9078,0,0,0,3.6774,3.4715,3.4739,3.6285,11.027,-25.09,5.3853,10.918,4.2129,3.9926
0.27,-4.9859,4.4635,1.207,0.12265,0.18473,-0.55069,0.80472,0.19521,-0.49881,0.097539,-0.10396,1.8685,-0.017673,1.9376,-4.7874,0.96184,0,0,0,3.7336,3.5164,3.5175,3.6834,11.127,-25.019,5.4201,9.0275,10.02,2.9752
0.28,-4.9839,4.4582,1.2081,0.12733,0.19239,-0.54921,0.80321,0.21514,-0.54793,0.10743,-0.11003,1.8092,-0.019612,2.0493,-5.037,1.0162,0,0,0,3.7899,3.5638,3.5636,3.7384,11.208,-24.89,5.4449,7.1905,15.63,1.9852
0.29,-4.9816,4.4525,1.2092,0.13181,0.1998,-0.54773,0.80169,0.2362,-0.59954,0.11786,-0.11614,1.7475,-0.021646,2.1617,-5.285,1.0707,0,0,0,3.8461,3.6133,3.6118,3.7935,11.271,-24.707,5.4599,5.4068,21.047,1.0223
0.3,-4.9792,4.4462,1.2104,0.13607,0.20696,-0.54625,0.80016,0.25838,-0.65362,0.12884,-0.1223,1.684,-0.023774,2.2747,-5.5309,1.1253,0,0,0,3.9024,3.6647,3.6619,3.8486,11.317,-24.47,5.4654,3.6758,26.273,0.0863
0.31,-4.9765,4.4394,1.2118,0.14012,0.21387,-0.5448,0.79864,0.28169,-0.71015,0.14037,-0.12849,1.6193,-0.025993,2.388,-5.7742,1.18,0,0,0,3.9585,3.7177,3.7136,3.9036,11.345,-24.182,5.4617,1.9969,31.31,-0.8231
0.32,-4.9735,4.432,1.2132,0.14396,0.22053,-0.54336,0.79712,0.30614,-0.7691,0.15244,-0.13472,1.5538,-0.028301,2.5015,-6.0144,1.2345,0,0,0,4.0144,3.7719,3.7667,3.9585,11.357,-23.844,5.4491,0.36963,36.159,-1.7062
0.33,-4.9703,4.424,1.2148,0.14758,0.22693,-0.54195,0.79562,0.33172,-0.83043,0.16506,-0.14098,1.488,-0.030695,2.6151,-6.251,1.2889,0,0,0,4.0701,3.8272,3.8207,4.0132,11.352,-23.459,5.4277,-1.2066,40.823,-2.5631
0.34,-4.9669,4.4154,1.2165,0.15098,0.23308,-0.54057,0.79414,0.35844,-0.8941,0.17822,-0.14728,1.4223,-0.033173,2.7285,-6.4834,1.3431,0,0,0,4.1254,3.8832,3.8755,4.0675,11.333,-23.029,5.3979,-2.7325,45.305,-3.3943
0.35,-4.9632,4.4061,1.2184,0.15417,0.23898,-0.53922,0.79269,0.38629,-0.96008,0.19192,-0.15362,1.3568,-0.035734,2.8417,-6.7114,1.3969,0,0,0,4.1803,3.9396,3.9309,4.1214,11.298,-22.554,5.3599,-4.2085,49.607,-4.2
0.36,-4.9592,4.3962,1.2204,0.15714,0.24463,-0.53791,0.79127,0.41527,-1.0283,0.20616,-0.16,1.2919,-0.038378,2.9544,-6.9344,1.4502,0,0,0,4.2347,3.9963,3.9865,4.1748,11.249,-22.037,5.314,-5.6353,53.73,-4.9804
0.37,-4.9549,4.3856,1.2225,0.1599,0.25003,-0.53664,0.78989,0.44537,-1.0987,0.22092,-0.16642,1.2279,-0.041102,3.0666,-7.152,1.5031,0,0,0,4.2885,4.053,4.0421,4.2276,11.185,-21.48,5.2604,-7.0134,57.678,-5.7357
0.38,-4.9503,4.3742,1.2248,0.16245,0.2552,-0.53542,0.78855,0.4766,-1.1713,0.23622,-0.17289,1.1647,-0.043907,3.1781,-7.3638,1.5554,0,0,0,4.3416,4.1095,4.0974,4.2797,11.109,-20.884,5.1993,-8.3434,61.451,-6.4664
0.39,-4.9453,4.3621,1.2272,0.1648,0.26013,-0.53424,0.78725,0.50893,-1.246,0.25203,-0.17941,1.1027,-0.046792,3.2887,-7.5695,1.6071,0,0,0,4.3939,4.1655,4.1524,4.331,11.019,-20.251,5.1311,-9.6258,65.053,-7.1726
0.4,-4.9401,4.3493,1.2298,0.16694,0.26484,-0.53311,0.78599,0.54237,-1.3227,0.26836,-0.18599,1.0418,-0.049758,3.3984,-7.7688,1.658,0,0,0,4.4453,4.2209,4.2067,4.3813,10.916,-19.584,5.056,-10.861,68.486,-7.8545
0.41,-4.9345,4.3357,1.2326,0.16889,0.26932,-0.53203,0.78479,0.5769,-1.4014,0.28519,-0.19263,0.98212,-0.052806,3.507,-7.9611,1.7082,0,0,0,4.4957,4.2755,4.2603,4.4307,10.802,-18.882,4.9741,-12.05,71.752,-8.5126
0.42,-4.9285,4.3212,1.2355,0.17063,0.27358,-0.531,0.78363,0.61251,-1.4819,0.30252,-0.19934,0.92374,-0.055935,3.6144,-8.1463,1.7575,0,0,0,4.5451,4.329,4.3128,4.4789,10.675,-18.149,4.8858,-13.194,74.853,-9.147
0.43,-4.9222,4.306,1.2387,0.17219,0.27764,-0.53002,0.78252,0.64918,-1.5643,0.32033,-0.20613,0.86666,-0.059149,3.7205,-8.324,1.8059,0,0,0,4.5933,4.3814,4.3641,4.5259,10.538,-17.386,4.7912,-14.292,77.791,-9.7579
0.44,-4.9155,4.29,1.242,0.17356,0.2815,-0.5291,0.78147,0.68691,-1.6484,0.33863,-0.21299,0.81087,-0.062447,3.8251,-8.4939,1.8533,0,0,0,4.6401,4.4324,4.4141,4.5715,10.39,-16.594,4.6907,-15.345,80.569,-10.346
0.45,-4.9085,4.273,1.2454,0.17474,0.28516,-0.52823,0.78046,0.72568,-1.7341,0.3574,-0.21994,0.75637,-0.065833,3.9282,-8.6558,1.8997,0,0,0,4.6857,4.482,4.4627,4.6158,10.231,-15.775,4.5844,-16.355,83.188,-10.911
0.46,-4.901,4.2553,1.2491,0.17574,0.28862,-0.52742,0.77951,0.76547,-1.8214,0.37662,-0.22698,0.70313,-0.069309,4.0297,-8.8093,1.945,0,0,0,4.7297,4.53,4.5096,4.6585,10.063,-14.931,4.4726,-17.321,85.652,-11.453
0.47,-4.8932,4.2366,1.253,0.17656,0.29191,-0.52666,0.77862,0.80627,-1.9103,0.39629,-0.23412,0.65111,-0.072876,4.1294,-8.9543,1.9891,0,0,0,4.7722,4.5762,4.5549,4.6996,9.8848,-14.062,4.3554,-18.244,87.961,-11.973
0.48,-4.8849,4.2171,1.257,0.17721,0.29501,-0.52595,0.77778,0.84805,-2.0005,0.4164,-0.24137,0.60027,-0.07654,4.2274,-9.0905,2.032,0,0,0,4.8131,4.6207,4.5983,4.739,9.698,-13.172,4.2332,-19.125,90.119,-12.471
0.49,-4.8762,4.1966,1.2613,0.17768,0.29794,-0.52531,0.77699,0.89081,-2.092,0.43693,-0.24873,0.55054,-0.080301,4.3234,-9.2177,2.0737,0,0,0,4.8523,4.6632,4.6397,4.7766,9.5025,-12.261,4.1061,-19.964,92.128,-12.947
0.5,-4.8671,4.1752,1.2658,0.17799,0.30071,-0.52471,0.77626,0.93451,-2.1848,0.45787,-0.25621,0.50187,-0.084165,4.4174,-9.3356,2.1142,0,0,0,4.8896,4.7036,4.6791,4.8124,9.2988,-11.33,3.9743,-20.762,93.989,-13.402
0.51,-4.8575,4.1529,1.2705,0.17812,0.30331,-0.52417,0.77558,0.97915,-2.2787,0.47921,-0.26383,0.4542,-0.088134,4.5093,-9.4442,2.1532,0,0,0,4.9251,4.742,4.7163,4.8462,9.0874,-10.381,3.8381,-21.519,95.706,-13.836
0.52,-4.8475,4.1296,1.2754,0.17809,0.30575,-0.52369,0.77495,1.0247,-2.3737,0.50093,-0.27157,0.40746,-0.092213,4.5991,-9.5432,2.1909,0,0,0,4.9587,4.7782,4.7514,4.878,8.8686,-9.4162,3.6977,-22.236,97.28,-14.248
0.53,-4.837,4.1054,1.2805,0.1779,0.30803,-0.52326,0.77438,1.0711,-2.4696,0.52302,-0.27946,0.36157,-0.096407,4.6867,-9.6325,2.2272,0,0,0,4.9903,4.8121,4.7841,4.9077,8.6428,-8.4361,3.5532,-22.914,98.713,-14.64
0.54,-4.8261,4.0802,1.2858,0.17754,0.31017,-0.52288,0.77387,1.1184,-2.5663,0.54547,-0.2875,0.31647,-0.10072,4.7719,-9.7119,2.262,0,0,0,5.0199,4.8436,4.8145,4.9353,8.4104,-7.4424,3.4049,-23.553,100.01,-15.011
0.55,-4.8146,4.0541,1.2914,0.17703,0.31216,-0.52255,0.7734,1.1666,-2.6638,0.56825,-0.2957,0.27208,-0.10516,4.8549,-9.7813,2.2952,0,0,0,5.0473,4.8729,4.8425,4.9606,8.1719,-6.4364,3.253,-24.154,101.17,-15.362
0.56,-4.8027,4.027,1.2972,0.17635,0.31401,-0.52228,0.773,1.2155,-2.7619,0.59137,-0.30407,0.22831,-0.10972,4.9354,-9.8406,2.327,0,0,0,5.0726,4.8996,4.868,4.9838,7.9275,-5.4195,3.0978,-24.717,102.19,-15.693
0.57,-4.7903,3.9989,1.3032,0.17552,0.31571,-0.52206,0.77264,1.2653,-2.8605,0.61479,-0.31261,0.1851,-0.11442,5.0134,-9.8896,2.3572,0,0,0,5.0957,4.924,4.891,5.0047,7.6777,-4.393,2.9392,-25.243,103.09,-16.005
0.58,-4.7774,3.9698,1.3095,0.17453,0.31728,-0.52189,0.77234,1.3158,-2.9596,0.6385,-0.32134,0.14236,-0.11927,5.0889,-9.9284,2.3858,0,0,0,5.1166,4.9458,4.9114,5.0232,7.4227,-3.3582,2.7777,-25.732,103.85,-16.297
0.59,-4.764,3.9397,1.316,0.17338,0.31871,-0.52177,0.77209,1.367,-3.0591,0.6625,-0.33026,0.10002,-0.12426,5.1618,-9.9568,2.4127,0,0,0,5.1353,4.965,4.9293,5.0394,7.1631,-2.3164,2.6134,-26.186,104.49,-16.57
0.6,-4.7501,3.9086,1.3227,0.17207,0.32001,-0.5217,0.77189,1.419,-3.1587,0.68675,-0.33937,0.058004,-0.1294,5.2322,-9.9747,2.438,0,0,0,5.1517,4.9818,4.9445,5.0532,6.8991,-1.2689,2.4464,-26.604,105,-16.824
0.61,-4.7356,3.8765,1.3297,0.17061,0.32117,-0.52168,0.77175,1.4717,-3.2585,0.71125,-0.3487,0.016221,-0.1347,5.2998,-9.9822,2.4617,0,0,0,5.1658,4.9959,4.9571,5.0646,6.6312,-0.21685,2.2769,-26.987,105.39,-17.06
0.62,-4.7206,3.8434,1.337,0.16899,0.32221,-0.52171,0.77165,1.525,-3.3584,0.73598,-0.35825,-0.025403,-0.14017,5.3648,-9.979,2.4836,0,0,0,5.1777,5.0075,4.967,5.0737,6.3595,0.83846,2.1052,-27.336,105.66,-17.277
0.63,-4.7051,3.8093,1.3444,0.1672,0.32311,-0.52178,0.77161,1.5789,-3.4581,0.76092,-0.36802,-0.066946,-0.14581,5.427,-9.9654,2.5037,0,0,0,5.1872,5.0164,4.9743,5.0803,6.0846,1.8959,1.9315,-27.652,105.81,-17.476
0.64,-4.6891,3.7742,1.3522,0.16527,0.32389,-0.52189,0.77163,1.6335,-3.5576,0.78605,-0.37803,-0.10849,-0.15163,5.4864,-9.9411,2.5222,0,0,0,5.1944,5.0228,4.9789,5.0844,5.8066,2.9542,1.7558,-27.934,105.84,-17.658
0.65,-4.6725,3.7382,1.3602,0.16317,0.32453,-0.52206,0.7717,1.6887,-3.6569,0.81136,-0.38828,-0.15011,-0.15765,5.5431,-9.9063,2.5389,0,0,0,5.1993,5.0266,4.9809,5.0862,5.526,4.0123,1.5784,-28.184,105.76,-17.822
0.66,-4.6553,3.7011,1.3684,0.1609,0.32505,-0.52226,0.77182,1.7444,-3.7557,0.83682,-0.39879,-0.19189,-0.16386,5.597,-9.8609,2.5537,0,0,0,5.202,5.0279,4.9802,5.0856,5.243,5.069,1.3994,-28.402,105.57,-17.968
0.67,-4.6376,3.6631,1.3769,0.15848,0.32543,-0.5225,0.77199,1.8006,-3.8541,0.86243,-0.40956,-0.23391,-0.17027,5.648,-9.8049,2.5668,0,0,0,5.2024,5.0265,4.9768,5.0826,4.958,6.1232,1.2191,-28.589,105.27,-18.098
0.68,-4.6193,3.624,1.3857,0.15589,0.32569,-0.52279,0.77222,1.8573,-3.9518,0.88815,-0.42061,-0.27624,-0.1769,5.6961,-9.7384,2.5781,0,0,0,5.2005,5.0227,4.9708,5.0772,4.6714,7.1739,1.0375,-28.744,104.86,-18.211
0.69,-4.6004,3.584,1.3947,0.15314,0.32581,-0.52311,0.7725,1.9145,-4.0488,0.91398,-0.43193,-0.31897,-0.18376,5.7414,-9.6615,2.5876,0,0,0,5.1964,5.0163,4.9622,5.0694,4.3833,8.22,0.8549,-28.87,104.34,-18.308
0.7,-4.581,3.543,1.4039,0.15021,0.3258,-0.52347,0.77284,1.9721,-4.145,0.9399,-0.44355,-0.36218,-0.19084,5.7838,-9.5741,2.5952,0,0,0,5.1902,5.0075,4.951,5.0594,4.094,9.2605,0.67141,-28.966,103.73,-18.388
0.71,-4.561,3.5011,1.4135,0.14711,0.32565,-0.52386,0.77323,2.0302,-4.2402,0.96588,-0.45546,-0.40595,-0.19817,5.8233,-9.4763,2.601,0,0,0,5.1818,4.9963,4.9373,5.0471,3.804,10.294,0.48719,-29.033,103.01,-18.452
0.72,-4.5404,3.4582,1.4233,0.14384,0.32537,-0.52428,0.77367,2.0886,-4.3345,0.99191,-0.46769,-0.45035,-0.20574,5.8598,-9.3682,2.605,0,0,0,5.1712,4.9826,4.921,5.0325,3.5135,11.32,0.30241,-29.072,102.19,-18.501
0.73,-4.5192,3.4144,1.4333,0.1404,0.32494,-0.52474,0.77418,2.1474,-4.4276,1.018,-0.48023,-0.49547,-0.21358,5.8935,-9.2499,2.6071,0,0,0,5.1586,4.9667,4.9023,5.0158,3.2227,12.338,0.11722,-29.083,101.28,-18.535
0.74,-4.4974,3.3697,1.4436,0.13677,0.32438,-0.52522,0.77474,2.2064,-4.5194,1.044,-0.4931,-0.54138,-0.22168,5.9243,-9.1215,2.6073,0,0,0,5.144,4.9484,4.8812,4.997,2.9319,13.346,-0.068235,-29.067,100.28,-18.553
0.75,-4.4751,3.3241,1.4542,0.13296,0.32367,-0.52573,0.77535,2.2658,-4.61,1.0701,-0.5063,-0.58817,-0.23007,5.9522,-8.983,2.6057,0,0,0,5.1275,4.928,4.8577,4.9761,2.6414,14.343,-0.2538,-29.023,99.179,-18.557
0.76,-4.4521,3.2775,1.465,0.12896,0.3228,-0.52626,0.77603,2.3255,-4.6991,1.0962,-0.51984,-0.6359,-0.23874,5.9771,-8.8346,2.6022,0,0,0,5.1091,4.9053,4.8319,4.9532,2.3515,15.329,-0.43932,-28.954,97.992,-18.546
0.77,-4.4286,3.2301,1.4761,0.12477,0.32179,-0.5268,0.77676,2.3854,-4.7866,1.1222,-0.53374,-0.68467,-0.2477,5.9992,-8.6765,2.5969,0,0,0,5.0888,4.8807,4.8039,4.9284,2.0624,16.303,-0.62466,-28.859,96.718,-18.52
0.78,-4.4044,3.1818,1.4875,0.12039,0.32061,-0.52737,0.77756,2.4455,-4.8726,1.1481,-0.54799,-0.73453,-0.25698,6.0184,-8.5086,2.5897,0,0,0,5.0667,4.854,4.7737,4.9018,1.7744,17.263,-0.80968,-28.74,95.358,-18.481
0.79,-4.3796,3.1326,1.4991,0.1158,0.31928,-0.52794,0.77841,2.5057,-4.9568,1.1739,-0.5626,-0.78557,-0.26657,6.0347,-8.3313,2.5807,0,0,0,5.043,4.8254,4.7415,4.8734,1.4877,18.209,-0.99423,-28.596,93.916,-18.428
0.8,-4.3543,3.0826,1.5109,0.11102,0.31777,-0.52853,0.77933,2.5661,-5.0391,1.1997,-0.57758,-0.83786,-0.27648,6.0481,-8.1445,2.5699,0,0,0,5.0176,4.7951,4.7073,4.8434,1.2026,19.141,-1.1782,-28.428,92.393,-18.361
0.81,-4.3283,3.0319,1.5231,0.10603,0.31609,-0.52911,0.78031,2.6267,-5.1196,1.2253,-0.59293,-0.89146,-0.28672,6.0588,-7.9485,2.5572,0,0,0,4.9907,4.763,4.6712,4.8118,0.91924,20.057,-1.3614,-28.236,90.791,-18.281
0.82,-4.3018,2.9803,1.5354,0.10082,0.31424,-0.5297,0.78135,2.6873,-5.1981,1.2508,-0.60865,-0.94643,-0.2973,6.0665,-7.7434,2.5426,0,0,0,4.9624,4.7293,4.6333,4.7788,0.63793,20.957,-1.5438,-28.023,89.113,-18.188
0.83,-4.2746,2.9279,1.5481,0.095399,0.31219,-0.53028,0.78245,2.748,-5.2745,1.2762,-0.62475,-1.0028,-0.30823,6.0715,-7.5294,2.5263,0,0,0,4.9326,4.6941,4.5937,4.7445,0.35886,21.839,-1.7251,-27.787,87.361,-18.083
0.84,-4.2468,2.8748,1.561,0.089756,0.30996,-0.53086,0.78362,2.8087,-5.3486,1.3014,-0.64123,-1.0607,-0.3195,6.0737,-7.3067,2.5081,0,0,0,4.9016,4.6575,4.5525,4.7089,0.082264,22.704,-1.9054,-27.529,85.537,-17.965
0.85,-4.2184,2.8209,1.5741,0.083886,0.30753,-0.53141,0.78485,2.8695,-5.4206,1.3263,-0.65807,-1.1201,-0.33113,6.0732,-7.0754,2.4882,0,0,0,4.8693,4.6197,4.51,4.6722,-0.19166,23.55,-2.0844,-27.251,83.644,-17.835
0.86,-4.1894,2.7664,1.5875,0.077785,0.3049,-0.53194,0.78614,2.9302,-5.4901,1.3511,-0.67529,-1.1811,-0.34311,6.0699,-6.8358,2.4664,0,0,0,4.8359,4.5808,4.4661,4.6345,-0.46269,24.376,-2.262,-26.953,81.683,-17.693
0.87,-4.1598,2.7111,1.6011,0.071448,0.30205,-0.53245,0.7875,2.9909,-5.5572,1.3757,-0.69286,-1.2436,-0.35544,6.0639,-6.5879,2.4429,0,0,0,4.8015,4.5409,4.4211,4.596,-0.73064,25.183,-2.4382,-26.634,79.657,-17.539
0.88,-4.1296,2.6552,1.615,0.064871,0.29899,-0.53291,0.78892,3.0515,-5.6219,1.4,-0.71078,-1.3077,-0.36813,6.0553,-6.3322,2.4177,0,0,0,4.766,4.5002,4.3751,4.5568,-0.99531,25.969,-2.6128,-26.297,77.568,-17.374
0.89,-4.0988,2.5987,1.6291,0.058049,0.2957,-0.53333,0.79041,3.112,-5.6839,1.424,-0.72904,-1.3734,-0.38115,6.044,-6.0686,2.3907,0,0,0,4.7297,4.4589,4.3283,4.5171,-1.2565,26.734,-2.7856,-25.94,75.418,-17.198
0.9,-4.0674,2.5416,1.6435,0.050977,0.29218,-0.5337,0.79196,3.1723,-5.7432,1.4478,-0.74762,-1.4406,-0.39452,6.0302,-5.7976,2.362,0,0,0,4.6926,4.417,4.2809,4.4769,-1.5141,27.477,-2.9567,-25.566,73.209,-17.011
0.91,-4.0353,2.4839,1.6581,0.043653,0.28841,-0.53401,0.79356,3.2325,-5.7998,1.4712,-0.76649,-1.5094,-0.40821,6.0138,-5.5192,2.3316,0,0,0,4.6547,4.3749,4.233,4.4365,-1.7678,28.198,-3.1258,-25.175,70.945,-16.814
0.92,-4.0027,2.4256,1.6729,0.036071,0.28441,-0.53425,0.79523,3.2926,-5.8536,1.4944,-0.78564,-1.5795,-0.42222,5.9948,-5.2337,2.2995,0,0,0,4.6162,4.3326,4.1849,4.396,-2.0175,28.896,-3.2929,-24.766,68.626,-16.606
0.93,-3.9695,2.3668,1.688,0.028229,0.28014,-0.5344,0.79695,3.3524,-5.9044,1.5172,-0.80503,-1.651,-0.43651,5.9734,-4.9413,2.2657,0,0,0,4.5771,4.2904,4.1368,4.3556,-2.263,29.571,-3.4579,-24.341,66.255,-16.388
0.94,-3.9357,2.3075,1.7033,0.020124,0.27562,-0.53447,0.79873,3.4121,-5.9524,1.5397,-0.82463,-1.7237,-0.45107,5.9496,-4.6423,2.2303,0,0,0,4.5375,4.2485,4.0889,4.3155,-2.5043,30.221,-3.6207,-23.901,63.835,-16.16
0.95,-3.9012,2.2478,1.7188,0.011755,0.27083,-0.53443,0.80056,3.4714,-5.9973,1.5618,-0.84439,-1.7974,-0.46586,5.9234,-4.337,2.1933,0,0,0,4.4975,4.207,4.0415,4.2757,-2.741,30.847,-3.7811,-23.445,61.367,-15.923
0.96,-3.8662,2.1876,1.7345,0.0031202,0.26577,-0.53427,0.80244,3.5305,-6.0391,1.5836,-0.86427,-1.872,-0.48085,5.8948,-4.0255,2.1547,0,0,0,4.457,4.1662,3.9947,4.2365,-2.9731,31.448,-3.9391,-22.975,58.854,-15.677
0.97,-3.8306,2.127,1.7504,-0.0057801,0.26043,-0.53399,0.80436,3.5893,-6.0778,1.6049,-0.88421,-1.9472,-0.49599,5.8639,-3.7081,2.1145,0,0,0,4.4162,4.1264,3.949,4.1981,-3.2005,32.024,-4.0946,-22.491,56.298,-15.422
0.98,-3.7944,2.066,1.7666,-0.014945,0.25481,-0.53357,0.80632,3.6478,-6.1132,1.6259,-0.90416,-2.0227,-0.51125,5.8308,-3.3851,2.0728,0,0,0,4.3751,4.0876,3.9046,4.1606,-3.4229,32.574,-4.2475,-21.994,53.701,-15.158
0.99,-3.7577,2.0047,1.7829,-0.024372,0.24892,-0.53299,0.80831,3.7059,-6.1454,1.6464,-0.92405,-2.0982,-0.52656,5.7955,-3.0567,2.0296,0,0,0,4.3338,4.0502,3.8617,4.1241,-3.6403,33.098,-4.3977,-21.483,51.065,-14.886
1,-3.7203,1.9431,1.7995,-0.034057,0.24273,-0.53225,0.81033,3.7637,-6.1743,1.6664,-0.94379,-2.1734,-0.54185,5.758,-2.7232,1.9849,0,0,0,4.2923,4.0144,3.8207,4.0889,-3.8525,33.595,-4.5452,-20.961,48.393,-14.605
1.01,-3.6824,1.8813,1.8163,-0.043996,0.23627,-0.53133,0.81236,3.8211,-6.1999,1.6861,-0.96332,-2.2478,-0.55707,5.7184,-2.3849,1.9387,0,0,0,4.2507,3.9803,3.7818,4.0552,-4.0595,34.066,-4.6898,-20.427,45.687,-14.317
1.02,-3.6439,1.8191,1.8332,-0.054181,0.22953,-0.53021,0.81441,3.878,-6.222,1.7052,-0.98255,-2.321,-0.57214,5.6768,-2.042,1.8911,0,0,0,4.2091,3.9483,3.7454,4.023,-4.261,34.509,-4.8315,-19.881,42.949,-14.021
1.03,-3.6048,1.7568,1.8504,-0.064604,0.22251,-0.52889,0.81645,3.9346,-6.2407,1.7239,-1.0014,-2.3925,-0.58696,5.6332,-1.6948,1.8421,0,0,0,4.1675,3.9185,3.7117,3.9926,-4.4571,34.925,-4.9702,-19.325,40.181,-13.718
1.04,-3.5652,1.6943,1.8677,-0.075254,0.21522,-0.52734,0.81849,3.9907,-6.2559,1.742,-1.0197,-2.4618,-0.60146,5.5877,-1.3436,1.7917,0,0,0,4.1261,3.8911,3.6811,3.9641,-4.6475,35.312,-5.1058,-18.76,37.385,-13.407
1.05,-3.525,1.6317,1.8852,-0.086118,0.20767,-0.52556,0.82051,4.0463,-6.2676,1.7597,-1.0374,-2.5283,-0.61554,5.5403,-0.98865,1.74,0,0,0,4.0849,3.8663,3.6537,3.9376,-4.8322,35.672,-5.2383,-18.185,34.565,-13.09
1.06,-3.4843,1.569,1.9029,-0.097181,0.19988,-0.52353,0.82251,4.1015,-6.2757,1.7768,-1.0545,-2.5915,-0.62911,5.4911,-0.63025,1.6869,0,0,0,4.0441,3.8442,3.63,3.9134,-5.0112,36.004,-5.3676,-17.601,31.721,-12.766
1.07,-3.443,1.5062,1.9207,-0.10843,0.19185,-0.52124,0.82447,4.1562,-6.2802,1.7934,-1.0707,-2.6507,-0.64205,5.4401,-0.26867,1.6326,0,0,0,4.0039,3.8252,3.61,3.8914,-5.1842,36.306,-5.4936,-17.009,28.856,-12.436
1.08,-3.4012,1.4434,1.9388,-0.11984,0.1836,-0.51868,0.82638,4.2103,-6.281,1.8095,-1.086,-2.7055,-0.65428,5.3874,0.095786,1.5771,0,0,0,3.9644,3.8091,3.5939,3.8719,-5.3513,36.581,-5.6163,-16.409,25.973,-12.1
1.09,-3.3588,1.3806,1.9569,-0.13139,0.17515,-0.51585,0.82823,4.2639,-6.2782,1.825,-1.1002,-2.7551,-0.66569,5.3331,0.46284,1.5203,0,0,0,3.9259,3.7962,3.582,3.855,-5.5124,36.826,-5.7356,-15.803,23.073,-11.758
1.1,-3.3159,1.3179,1.9753,-0.14307,0.16653,-0.51273,0.83001,4.317,-6.2718,1.8399,-1.1134,-2.799,-0.67617,5.2772,0.83221,1.4624,0,0,0,3.8886,3.7865,3.5744,3.8407,-5.6674,37.042,-5.8515,-15.19,20.159,-11.411
1.11,-3.2725,1.2552,1.9937,-0.15484,0.15775,-0.50932,0.83171,4.3694,-6.2616,1.8542,-1.1253,-2.8368,-0.68565,5.2198,1.2036,1.4033,0,0,0,3.8527,3.78,3.571,3.8293,-5.8162,37.229,-5.9638,-14.571,17.232,-11.059
1.12,-3.2285,1.1926,2.0123,-0.16669,0.14885,-0.50561,0.83332,4.4213,-6.2477,1.868,-1.1358,-2.8679,-0.69403,5.1609,1.5767,1.3431,0,0,0,3.8187,3.7769,3.572,3.8207,-5.9588,37.387,-6.0726,-13.946,14.296,-10.701
1.13,-3.184,1.1302,2.0311,-0.17858,0.13985,-0.5016,0.83483,4.4727,-6.2301,1.8811,-1.145,-2.892,-0.70123,5.1006,1.9512,1.2819,0,0,0,3.7868,3.7769,3.5772,3.8151,-6.0951,37.515,-6.1778,-13.317,11.353,-10.339
1.14,-3.1391,1.068,2.05,-0.19049,0.13079,-0.4973,0.83624,4.5234,-6.2087,1.8936,-1.1527,-2.9088,-0.70719,5.039,2.3269,1.2196,0,0,0,3.7573,3.7802,3.5867,3.8125,-6.2251,37.614,-6.2794,-12.684,8.404,-9.9729
1.15,-3.0936,1.0061,2.069,-0.20238,0.12169,-0.4927,0.83754,4.5734,-6.1835,1.9055,-1.1589,-2.9181,-0.71186,4.9761,2.7034,1.1563,0,0,0,3.7306,3.7866,3.6002,3.813,-6.3488,37.683,-6.3773,-12.048,5.452,-9.6023
1.16,-3.0476,0.94439,2.0881,-0.21425,0.1126,-0.48782,0.83872,4.6229,-6.1546,1.9167,-1.1635,-2.9197,-0.71518,4.9121,3.0805,1.092,0,0,0,3.707,3.7961,3.6177,3.8166,-6.466,37.723,-6.4714,-11.408,2.4989,-9.2278
1.17,-3.0011,0.88301,2.1073,-0.22604,0.10353,-0.48265,0.83978,4.6717,-6.1219,1.9273,-1.1665,-2.9136,-0.71714,4.8468,3.4578,1.0269,0,0,0,3.6869,3.8085,3.6389,3.8234,-6.5769,37.733,-6.5618,-10.766,-0.45284,-8.8497
1.18,-2.9542,0.82197,2.1266,-0.23775,0.094529,-0.47721,0.84072,4.7198,-6.0854,1.9372,-1.1679,-2.8998,-0.71772,4.7805,3.835,0.96082,0,0,0,3.6705,3.8238,3.6637,3.8333,-6.6813,37.714,-6.6484,-10.122,-3.4011,-8.4683
1.19,-2.9067,0.76131,2.146,-0.24934,0.085625,-0.47151,0.84153,4.7673,-6.0452,1.9465,-1.1677,-2.8787,-0.71694,4.7132,4.2119,0.89391,0,0,0,3.6581,3.8418,3.6917,3.8464,-6.7793,37.665,-6.7312,-9.4771,-6.3437,-8.0838
1.2,-2.8588,0.70107,2.1655,-0.26079,0.076851,-0.46556,0.84222,4.8141,-6.0012,1.9551,-1.1659,-2.8504,-0.7148,4.645,4.5882,0.8262,0,0,0,3.65,3.8623,3.7227,3.8625,-6.8709,37.587,-6.8101,-8.8313,-9.2784,-7.6966
1.21,-2.8104,0.6413,2.1851,-0.27207,0.068237,-0.45937,0.84279,4.8602,-5.9534,1.963,-1.1625,-2.8154,-0.71135,4.5758,4.9636,0.75773,0,0,0,3.6464,3.8854,3.7564,3.8818,-6.956,37.479,-6.8851,-8.1854,-12.203,-7.3068
1.22,-2.7616,0.58202,2.2048,-0.28317,0.059811,-0.45296,0.84324,4.9056,-5.9019,1.9703,-1.1576,-2.774,-0.70663,4.5059,5.3377,0.68852,0,0,0,3.6473,3.9108,3.7927,3.904,-7.0346,37.343,-6.9562,-7.5401,-15.115,-6.9147
1.23,-2.7123,0.52327,2.2245,-0.29407,0.051601,-0.44635,0.84358,4.9503,-5.8467,1.9768,-1.1512,-2.7267,-0.70071,4.4352,5.7103,0.61861,0,0,0,3.6528,3.9384,3.8312,3.9291,-7.1068,37.177,-7.0234,-6.8958,-18.013,-6.5206
1.24,-2.6626,0.4651,2.2443,-0.30476,0.043629,-0.43955,0.84381,4.9943,-5.7877,1.9826,-1.1434,-2.6742,-0.69365,4.3638,6.0812,0.54806,0,0,0,3.663,3.968,3.8717,3.957,-7.1725,36.983,-7.0866,-6.2532,-20.894,-6.1248
1.25,-2.6124,0.40753,2.2642,-0.31521,0.035918,-0.43259,0.84393,5.0376,-5.7251,1.9878,-1.1343,-2.617,-0.68553,4.2917,6.4499,0.47689,0,0,0,3.6777,3.9997,3.914,3.9875,-7.2318,36.759,-7.1459,-5.6127,-23.756,-5.7276
1.26,-2.5619,0.35061,2.2841,-0.32542,0.028487,-0.42547,0.84396,5.0801,-5.6587,1.9922,-1.124,-2.5556,-0.67644,4.2191,6.8162,0.40516,0,0,0,3.697,4.0332,3.9579,4.0206,-7.2848,36.508,-7.2012,-4.9751,-26.596,-5.3291
1.27,-2.5108,0.29437,2.304,-0.33537,0.021351,-0.41821,0.8439,5.1219,-5.5888,1.9959,-1.1125,-2.4908,-0.66646,4.1461,7.1799,0.33288,0,0,0,3.7206,4.0684,4.0031,4.0561,-7.3314,36.228,-7.2525,-4.3409,-29.413,-4.9297
1.28,-2.4594,0.23884,2.324,-0.34507,0.014524,-0.41084,0.84376,5.163,-5.5152,1.9988,-1.0999,-2.423,-0.65569,4.0725,7.5407,0.26012,0,0,0,3.7484,4.1053,4.0496,4.0937,-7.3716,35.919,-7.2998,-3.7107,-32.205,-4.5297
1.29,-2.4076,0.18408,2.344,-0.3545,0.0080177,-0.40336,0.84354,5.2034,-5.438,2.0011,-1.0863,-2.3529,-0.64421,3.9986,7.8982,0.1869,0,0,0,3.7801,4.1438,4.097,4.1335,-7.4056,35.584,-7.3431,-3.0849,-34.969,-4.1292
1.3,-2.3554,0.1301,2.364,-0.36366,0.0018393,-0.3958,0.84326,5.243,-5.3572,2.0026,-1.0718,-2.281,-0.63213,3.9244,8.2523,0.11327,0,0,0,3.8155,4.1836,4.1454,4.1751,-7.4333,35.22,-7.3823,-2.4643,-37.703,-3.7287
1.31,-2.3027,0.076943,2.3841,-0.37255,-0.0040052,-0.38817,0.84292,5.2819,-5.2729,2.0033,-1.0565,-2.2078,-0.61952,3.85,8.6025,0.039269,0,0,0,3.8543,4.2248,4.1945,4.2184,-7.4549,34.83,-7.4176,-1.8495,-40.404,-3.3283
1.32,-2.2497,0.02465,2.4041,-0.38117,-0.0095122,-0.38048,0.84253,5.32,-5.1852,2.0034,-1.0405,-2.1339,-0.60648,3.7754,8.9488,-0.035067,0,0,0,3.8962,4.2671,4.2442,4.2632,-7.4703,34.412,-7.4489,-1.2408,-43.071,-2.9283
1.33,-2.1963,-0.026749,2.4241,-0.38952,-0.01468,-0.37275,0.84209,5.3574,-5.094,2.0026,-1.0239,-2.0596,-0.59309,3.7006,9.2907,-0.1097,0,0,0,3.9409,4.3106,4.2944,4.3093,-7.4797,33.968,-7.4762,-0.63907,-45.701,-2.5289
1.34,-2.1426,-0.077218,2.4441,-0.3976,-0.01951,-0.36498,0.84162,5.394,-4.9994,2.0012,-1.0067,-1.9854,-0.57941,3.6258,9.6281,-0.18458,0,0,0,3.9881,4.355,4.345,4.3566,-7.4831,33.498,-7.4995,-0.044744,-48.292,-2.1306
1.35,-2.0885,-0.12672,2.4641,-0.40542,-0.024004,-0.3572,0.84111,5.4299,-4.9014,1.9989,-0.98903,-1.9115,-0.56553,3.551,9.9606,-0.25967,0,0,0,4.0374,4.4003,4.3959,4.4048,-7.4807,33.003,-7.5188,0.54157,-50.843,-1.7334
1.36,-2.034,-0.17524,2.4841,-0.41298,-0.028165,-0.3494,0.84058,5.465,-4.8002,1.996,-0.97093,-1.8384,-0.55151,3.4762,10.288,-0.33494,0,0,0,4.0887,4.4463,4.447,4.4538,-7.4723,32.482,-7.5342,1.1193,-53.349,-1.3377
1.37,-1.9792,-0.22272,2.5041,-0.42028,-0.031998,-0.3416,0.84003,5.4994,-4.6957,1.9922,-0.95247,-1.7663,-0.53741,3.4015,10.61,-0.41034,0,0,0,4.1415,4.4929,4.4981,4.5035,-7.4583,31.936,-7.5456,1.6879,-55.811,-0.94375
1.38,-1.924,-0.26914,2.524,-0.42734,-0.03551,-0.33381,0.83946,5.5331,-4.588,1.9878,-0.93371,-1.6954,-0.52328,3.3271,10.927,-0.48584,0,0,0,4.1955,4.54,4.5492,4.5535,-7.4386,31.365,-7.553,2.2467,-58.224,-0.55183
1.39,-1.8685,-0.31447,2.5438,-0.43415,-0.038706,-0.32603,0.83888,5.566,-4.4772,1.9825,-0.91471,-1.6259,-0.50918,3.2528,11.237,-0.56139,0,0,0,4.2506,4.5874,4.6002,4.6039,-7.4134,30.771,-7.5566,2.7951,-60.587,-0.16218
1.4,-1.8127,-0.35867,2.5636,-0.44072,-0.041596,-0.31827,0.8383,5.5981,-4.3633,1.9765,-0.89551,-1.5579,-0.49514,3.1788,11.542,-0.63696,0,0,0,4.3064,4.6351,4.6509,4.6544,-7.3828,30.154,-7.5563,3.3327,-62.899,0.22491
1.41,-1.7565,-0.40172,2.5833,-0.44706,-0.044187,-0.31054,0.83771,5.6295,-4.2463,1.9698,-0.87616,-1.4916,-0.48121,3.1052,11.84,-0.7125,0,0,0,4.3626,4.6828,4.7013,4.7048,-7.3468,29.514,-7.5521,3.8588,-65.155,0.60918
1.42,-1.7001,-0.44359,2.603,-0.45318,-0.046487,-0.30283,0.83711,5.6602,-4.1265,1.9623,-0.8567,-1.4272,-0.46741,3.0319,12.132,-0.78799,0,0,0,4.4191,4.7305,4.7512,4.7551,-7.3056,28.851,-7.5441,4.3728,-67.356,0.99037
1.43,-1.6433,-0.48424,2.6226,-0.45908,-0.048506,-0.29516,0.83653,5.6902,-4.0037,1.954,-0.83715,-1.3645,-0.45378,2.9591,12.417,-0.86337,0,0,0,4.4756,4.778,4.8006,4.805,-7.2594,28.167,-7.5323,4.8742,-69.497,1.3682
1.44,-1.5863,-0.52365,2.6421,-0.46476,-0.050253,-0.28754,0.83594,5.7194,-3.8782,1.945,-0.81756,-1.3038,-0.44034,2.8867,12.695,-0.93862,0,0,0,4.5318,4.8252,4.8494,4.8544,-7.2082,27.461,-7.5168,5.3624,-71.577,1.7424
1.45,-1.5289,-0.5618,2.6615,-0.47024,-0.051738,-0.27995,0.83536,5.7479,-3.7498,1.9353,-0.79794,-1.2451,-0.42711,2.8149,12.966,-1.0137,0,0,0,4.5877,4.8719,4.8974,4.9032,-7.1522,26.735,-7.4975,5.8368,-73.594,2.1128
1.46,-1.4713,-0.59864,2.6808,-0.47551,-0.05297,-0.27241,0.83479,5.7757,-3.6189,1.9247,-0.77831,-1.1883,-0.41411,2.7437,13.23,-1.0886,0,0,0,4.6429,4.9181,4.9446,4.9513,-7.0915,25.99,-7.4745,6.2967,-75.545,2.4789
1.47,-1.4134,-0.63416,2.7,-0.48059,-0.053958,-0.26491,0.83423,5.8028,-3.4853,1.9135,-0.75871,-1.1334,-0.40135,2.6731,13.486,-1.1632,0,0,0,4.6973,4.9635,4.9909,4.9985,-7.0263,25.225,-7.4479,6.7418,-77.429,2.8407
1.48,-1.3553,-0.66834,2.719,-0.48549,-0.054711,-0.25746,0.83368,5.8292,-3.3492,1.9015,-0.73913,-1.0806,-0.38884,2.6032,13.735,-1.2375,0,0,0,4.7508,5.0082,5.036,5.0447,-6.9567,24.441,-7.4177,7.1713,-79.243,3.1977
1.49,-1.2969,-0.70114,2.738,-0.4902,-0.05524,-0.25006,0.83314,5.8549,-3.2106,1.8887,-0.7196,-1.0296,-0.3766,2.534,13.975,-1.3115,0,0,0,4.8031,5.0519,5.0801,5.0898,-6.8829,23.64,-7.384,7.5847,-80.984,3.5498
1.5,-1.2382,-0.73254,2.7568,-0.49473,-0.055552,-0.24271,0.83262,5.8799,-3.0697,1.8752,-0.70013,-0.98061,-0.36462,2.4655,14.207,-1.3852,0,0,0,4.8542,5.0946,5.1229,5.1338,-6.8051,22.822,-7.3468,7.9814,-82.651,3.8967
1.51,-1.1793,-0.76253,2.7755,-0.49909,-0.055658,-0.23542,0.8321,5.9042,-2.9265,1.861,-0.68073,-0.93346,-0.35292,2.3979,14.431,-1.4584,0,0,0,4.9039,5.1361,5.1644,5.1764,-6.7233,21.987,-7.3061,8.3608,-84.242,4.2381
1.52,-1.1201,-0.79106,2.794,-0.50328,-0.055565,-0.22817,0.8316,5.9278,-2.7811,1.8461,-0.66139,-0.88815,-0.34149,2.3311,14.647,-1.5313,0,0,0,4.9521,5.1763,5.2044,5.2175,-6.6379,21.137,-7.262,8.7224,-85.754,4.5737
1.53,-1.0607,-0.81814,2.8124,-0.50731,-0.055281,-0.22098,0.83112,5.9508,-2.6336,1.8304,-0.64213,-0.84463,-0.33034,2.2651,14.854,-1.6037,0,0,0,4.9986,5.2152,5.2429,5.2572,-6.549,20.272,-7.2146,9.0656,-87.185,4.9033
1.54,-1.0011,-0.84373,2.8306,-0.51117,-0.054816,-0.21384,0.83064,5.9731,-2.484,1.814,-0.62295,-0.80286,-0.31947,2.2001,15.052,-1.6756,0,0,0,5.0435,5.2526,5.2799,5.2953,-6.4567,19.394,-7.164,9.3903,-88.534,5.2269
1.55,-0.94125,-0.86781,2.8487,-0.51489,-0.054177,-0.20674,0.83019,5.9948,-2.3326,1.7969,-0.60385,-0.7628,-0.30887,2.136,15.242,-1.7469,0,0,0,5.0865,5.2885,5.3152,5.3317,-6.3612,18.502,-7.1101,9.6968,-89.804,5.5443
1.56,-0.88119,-0.89037,2.8666,-0.51845,-0.053371,-0.1997,0.82974,6.0159,-2.1792,1.7791,-0.58482,-0.72439,-0.29855,2.0729,15.422,-1.8178,0,0,0,5.1275,5.3227,5.3487,5.3664,-6.2628,17.598,-7.0531,9.9853,-90.994,5.8557
1.57,-0.82093,-0.91139,2.8843,-0.52187,-0.052406,-0.19271,0.82932,6.0363,-2.0241,1.7605,-0.56587,-0.68758,-0.2885,2.0108,15.594,-1.888,0,0,0,5.1666,5.3552,5.3804,5.3992,-6.1616,16.682,-6.993,10.256,-92.106,6.1611
1.58,-0.76047,-0.93085,2.9018,-0.52514,-0.051288,-0.18577,0.8289,6.0561,-1.8674,1.7413,-0.54699,-0.65231,-0.27871,1.9497,15.756,-1.9576,0,0,0,5.2035,5.3858,5.4102,5.4301,-6.0577,15.756,-6.9299,10.509,-93.141,6.4605
1.59,-0.69981,-0.94873,2.9191,-0.52828,-0.050025,-0.17888,0.82851,6.0753,-1.709,1.7214,-0.52817,-0.61855,-0.26919,1.8896,15.909,-2.0266,0,0,0,5.2382,5.4146,5.4381,5.459,-5.9514,14.82,-6.8638,10.745,-94.099,6.7539
1.6,-0.63897,-0.96503,2.9362,-0.53128,-0.048623,-0.17203,0.82812,6.0939,-1.5492,1.7008,-0.50941,-0.58623,-0.25993,1.8307,16.052,-2.0949,0,0,0,5.2708,5.4415,5.4639,5.4859,-5.8429,13.874,-6.7948,10.964,-94.981,7.0414
1.61,-0.57794,-0.97971,2.9531,-0.53414,-0.047087,-0.16522,0.82775,6.1119,-1.388,1.6795,-0.49069,-0.5553,-0.25091,1.7728,16.186,-2.1625,0,0,0,5.301,5.4663,5.4877,5.5108,-5.7322,12.921,-6.723,11.166,-95.789,7.323
1.62,-0.51673,-0.99278,2.9698,-0.53687,-0.045424,-0.15847,0.8274,6.1293,-1.2255,1.6575,-0.47201,-0.52571,-0.24214,1.716,16.311,-2.2293,0,0,0,5.3288,5.489,5.5093,5.5335,-5.6196,11.959,-6.6484,11.351,-96.523,7.5987
1.63,-0.45535,-1.0042,2.9863,-0.53948,-0.043639,-0.15175,0.82706,6.1462,-1.0618,1.6349,-0.45335,-0.49743,-0.23361,1.6604,16.426,-2.2954,0,0,0,5.3542,5.5096,5.5287,5.554,-5.5052,10.99,-6.5711,11.52,-97.184,7.8686
1.64,-0.39381,-1.014,3.0025,-0.54195,-0.041738,-0.14507,0.82674,6.1625,-0.89706,1.6116,-0.4347,-0.47039,-0.2253,1.6059,16.531,-2.3607,0,0,0,5.3772,5.528,5.5459,5.5722,-5.3893,10.015,-6.491,11.673,-97.774,8.1326
1.65,-0.3321,-1.0222,3.0185,-0.54431,-0.039725,-0.13844,0.82643,6.1783,-0.73127,1.5877,-0.41605,-0.44456,-0.21722,1.5526,16.626,-2.4252,0,0,0,5.3977,5.5441,5.5608,5.5882,-5.2718,9.0351,-6.4084,11.809,-98.292,8.3909
1.66,-0.27024,-1.0286,3.0342,-0.54654,-0.037605,-0.13184,0.82614,6.1936,-0.56457,1.5631,-0.39739,-0.4199,-0.20936,1.5005,16.711,-2.4889,0,0,0,5.4156,5.558,5.5733,5.6019,-5.1531,8.0498,-6.3232,11.931,-98.741,8.6434
1.67,-0.20823,-1.0334,3.0498,-0.54864,-0.035382,-0.12527,0.82586,6.2083,-0.39708,1.5379,-0.37869,-0.39635,-0.20171,1.4495,16.787,-2.5517,0,0,0,5.4309,5.5696,5.5835,5.6132,-5.0333,7.0605,-6.2356,12.036,-99.121,8.8901
1.68,-0.14608,-1.0366,3.065,-0.55063,-0.033061,-0.11874,0.8256,6.2226,-0.22887,1.5121,-0.35993,-0.3739,-0.19426,1.3998,16.852,-2.6136,0,0,0,5.4436,5.5787,5.5913,5.6222,-4.9125,6.0676,-6.1455,12.127,-99.432,9.1312
1.69,-0.083783,-1.038,3.08,-0.5525,-0.030645,-0.11224,0.82535,6.2363,-0.060062,1.4857,-0.34111,-0.35249,-0.18701,1.3513,16.908,-2.6746,0,0,0,5.4537,5.5855,5.5966,5.6287,-4.7908,5.072,-6.053,12.202,-99.676,9.3666
1.7,-0.021352,-1.0378,3.0947,-0.55426,-0.028139,-0.10577,0.82512,6.2496,0.10926,1.4586,-0.3222,-0.3321,-0.17994,1.304,16.954,-2.7347,0,0,0,5.4611,5.5899,5.5995,5.6328,-4.6685,4.0743,-5.9582,12.263,-99.855,9.5963
1.71,0.041208,-1.0358,3.1092,-0.5559,-0.025546,-0.099323,0.8249,6.2624,0.27898,1.431,-0.30318,-0.31269,-0.17306,1.2579,16.99,-2.7938,0,0,0,5.4658,5.5918,5.5998,5.6345,-4.5456,3.0752,-5.8611,12.309,-99.967,9.8204
1.72,0.10389,-1.0322,3.1233,-0.55742,-0.022869,-0.092903,0.8247,6.2748,0.44902,1.4027,-0.28403,-0.29425,-0.16635,1.2131,17.015,-2.8519,0,0,0,5.4679,5.5912,5.5976,5.6337,-4.4223,2.0752,-5.7618,12.341,-100.02,10.039
1.73,0.1667,-1.0269,3.1372,-0.55882,-0.020111,-0.086505,0.82452,6.2867,0.61926,1.3739,-0.26472,-0.27673,-0.15981,1.1695,17.031,-2.909,0,0,0,5.4672,5.5881,5.5929,5.6304,-4.2988,1.0751,-5.6603,12.358,-100,10.252
1.74,0.22963,-1.0198,3.1508,-0.56011,-0.017276,-0.080126,0.82435,6.2982,0.7896,1.3446,-0.24524,-0.26012,-0.15343,1.1271,17.037,-2.9651,0,0,0,5.4638,5.5825,5.5856,5.6246,-4.1752,0.075402,-5.5567,12.362,-99.923,10.459
1.75,0.29266,-1.0111,3.1641,-0.56129,-0.014365,-0.073765,0.8242,6.3092,0.95996,1.3146,-0.22554,-0.24441,-0.1472,1.086,17.033,-3.0201,0,0,0,5.4576,5.5744,5.5757,5.6163,-4.0516,-0.92318,-5.4511,12.352,-99.784,10.661
1.76,0.35581,-1.0006,3.1771,-0.56235,-0.011382,-0.067417,0.82407,6.3199,1.1302,1.2842,-0.20562,-0.22956,-0.14113,1.0461,17.018,-3.0741,0,0,0,5.4488,5.5638,5.5632,5.6054,-3.9282,-1.9201,-5.3435,12.329,-99.584,10.857
1.77,0.41906,-0.98846,3.1898,-0.5633,-0.0083292,-0.061081,0.82395,6.3302,1.3003,1.2532,-0.18544,-0.21557,-0.13519,1.0074,16.994,-3.127,0,0,0,5.4371,5.5506,5.5481,5.5921,-3.8051,-2.9147,-5.234,12.293,-99.324,11.048
1.78,0.48241,-0.97461,3.2022,-0.56413,-0.0052083,-0.054753,0.82385,6.3401,1.4701,1.2216,-0.16496,-0.20242,-0.1294,0.96998,16.96,-3.1788,0,0,0,5.4228,5.5349,5.5304,5.5763,-3.6824,-3.9064,-5.1226,12.244,-99.006,11.234
1.79,0.54586,-0.95906,3.2142,-0.56484,-0.0020218,-0.048431,0.82378,6.3496,1.6395,1.1896,-0.14417,-0.19011,-0.12373,0.93377,16.916,-3.2294,0,0,0,5.4057,5.5166,5.51,5.558,-3.5603,-4.8946,-5.0093,12.182,-98.63,11.414
1.8,0.6094,-0.94182,3.2259,-0.56543,0.0012284,-0.042111,0.82372,6.3587,1.8084,1.157,-0.12301,-0.17862,-0.11819,0.89877,16.862,-3.2789,0,0,0,5.3858,5.4958,5.487,5.5372,-3.4388,-5.8788,-4.8943,12.107,-98.197,11.589
1.81,0.67303,-0.92289,3.2374,-0.56591,0.0045403,-0.03579,0.82368,6.3675,1.9767,1.124,-0.10146,-0.16797,-0.11276,0.86499,16.799,-3.3273,0,0,0,5.3633,5.4724,5.4614,5.5139,-3.3182,-6.8583,-4.7776,12.02,-97.708,11.758
1.82,0.73675,-0.90229,3.2484,-0.56626,0.0079123,-0.029464,0.82366,6.376,2.1443,1.0905,-0.079485,-0.15814,-0.10745,0.83241,16.725,-3.3745,0,0,0,5.338,5.4465,5.4331,5.4881,-3.1985,-7.8327,-4.6592,11.922,-97.164,11.922
1.83,0.80055,-0.88001,3.2592,-0.5665,0.011343,-0.023131,0.82366,6.3842,2.3111,1.0565,-0.057034,-0.14915,-0.10225,0.80102,16.642,-3.4205,0,0,0,5.31,5.4181,5.4022,5.4599,-3.0798,-8.8014,-4.5392,11.811,-96.565,12.081
1.84,0.86444,-0.85607,3.2696,-0.56661,0.01483,-0.016786,0.82368,6.3921,2.4771,1.0221,-0.034067,-0.14101,-0.097143,0.77081,16.549,-3.4653,0,0,0,5.2793,5.3872,5.3686,5.4292,-2.9623,-9.7639,-4.4176,11.689,-95.914,12.235
1.85,0.92839,-0.83047,3.2796,-0.56659,0.018372,-0.010427,0.82373,6.3996,2.6421,0.98723,-0.01054,-0.13371,-0.092139,0.74177,16.447,-3.5088,0,0,0,5.246,5.3538,5.3325,5.3962,-2.846,-10.72,-4.2945,11.556,-95.21,12.383
1.86,0.99243,-0.80323,3.2893,-0.56644,0.021968,-0.0040475,0.8238,6.4069,2.806,0.95193,0.013596,-0.1273,-0.087226,0.71388,16.335,-3.5511,0,0,0,5.21,5.3179,5.2937,5.3608,-2.7312,-11.668,-4.1699,11.412,-94.455,12.526
1.87,1.0565,-0.77436,3.2986,-0.56616,0.025616,0.0023547,0.8239,6.4139,2.9688,0.91621,0.038394,-0.12178,-0.0824,0.68714,16.213,-3.5922,0,0,0,5.1713,5.2796,5.2523,5.323,-2.6178,-12.608,-4.044,11.257,-93.649,12.664
1.88,1.1207,-0.74386,3.3076,-0.56574,0.029314,0.0087845,0.82402,6.4206,3.1302,0.88009,0.063908,-0.11718,-0.077656,0.66152,16.083,-3.632,0,0,0,5.1301,5.2389,5.2083,5.283,-2.5061,-13.541,-3.9167,11.091,-92.794,12.797
1.89,1.1849,-0.71176,3.3162,-0.56518,0.033063,0.015246,0.82416,6.4271,3.2904,0.84357,0.090197,-0.11354,-0.07299,0.63701,15.943,-3.6705,0,0,0,5.0863,5.1957,5.1617,5.2407,-2.396,-14.464,-3.7881,10.915,-91.891,12.924
1.9,1.2492,-0.67806,3.3245,-0.56448,0.036859,0.021744,0.82433,6.4334,3.4491,0.80668,0.11733,-0.1109,-0.068395,0.61359,15.793,-3.7078,0,0,0,5.0399,5.1502,5.1125,5.1961,-2.2878,-15.378,-3.6582,10.728,-90.94,13.047
1.91,1.3136,-0.64278,3.3324,-0.56363,0.040701,0.028284,0.82454,6.4394,3.6062,0.76942,0.14536,-0.1093,-0.063869,0.59125,15.635,-3.7437,0,0,0,4.991,5.1024,5.0608,5.1494,-2.1815,-16.283,-3.5272,10.532,-89.942,13.164
1.92,1.378,-0.60594,3.3399,-0.56263,0.044588,0.03487,0.82477,6.4452,3.7617,0.73181,0.17437,-0.1088,-0.059406,0.56996,15.468,-3.7783,0,0,0,4.9396,5.0522,5.0065,5.1006,-2.0772,-17.177,-3.3949,10.326,-88.898,13.277
1.93,1.4425,-0.56755,3.347,-0.56147,0.048519,0.041507,0.82503,6.4508,3.9155,0.69386,0.20444,-0.10945,-0.055002,0.5497,15.291,-3.8116,0,0,0,4.8858,4.9998,4.9497,5.0497,-1.975,-18.061,-3.2616,10.11,-87.81,13.384
1.94,1.507,-0.52763,3.3538,-0.56014,0.052491,0.048202,0.82532,6.4562,4.0675,0.65558,0.23564,-0.11134,-0.050651,0.53045,15.107,-3.8435,0,0,0,4.8295,4.9452,4.8904,4.9968,-1.875,-18.933,-3.1273,9.8857,-86.678,13.487
1.95,1.5716,-0.48621,3.3601,-0.55865,0.056502,0.054959,0.82565,6.4614,4.2176,0.61699,0.26808,-0.11454,-0.046351,0.51219,14.913,-3.8741,0,0,0,4.7709,4.8884,4.8285,4.942,-1.7773,-19.794,-2.9919,9.652,-85.503,13.584
1.96,1.6363,-0.44329,3.3661,-0.55697,0.06055,0.061784,0.82602,6.4665,4.3658,0.5781,0.30183,-0.11914,-0.042095,0.49489,14.711,-3.9034,0,0,0,4.71,4.8294,4.7642,4.8853,-1.682,-20.643,-2.8556,9.4095,-84.285,13.677
1.97,1.701,-0.3989,3.3717,-0.55511,0.064633,0.068685,0.82642,6.4713,4.5118,0.53893,0.33701,-0.12524,-0.03788,0.47854,14.5,-3.9313,0,0,0,4.6468,4.7684,4.6974,4.8269,-1.5892,-21.48,-2.7184,9.1585,-83.027,13.764
1.98,1.7657,-0.35306,3.3769,-0.55305,0.068748,0.075667,0.82685,6.476,4.6557,0.49948,0.37372,-0.13298,-0.033702,0.4631,14.281,-3.9577,0,0,0,4.5814,4.7053,4.6282,4.7668,-1.4989,-22.303,-2.5803,8.8992,-81.729,13.847
1.99,1.8305,-0.30579,3.3817,-0.55078,0.072892,0.082736,0.82733,6.4806,4.7974,0.45978,0.41208,-0.14247,-0.029555,0.44855,14.054,-3.9829,0,0,0,4.5138,4.6403,4.5565,4.705,-1.4112,-23.114,-2.4415,8.6318,-80.391,13.925
2,1.8953,-0.25712,3.3861,-0.5483,0.077061,0.0899,0.82785,6.485,4.9368,0.41983,0.45222,-0.15387,-0.025435,0.43487,13.819,-4.0066,0,0,0,4.4441,4.5733,4.4824,4.6418,-1.3263,-23.911,-2.3019,8.3566,-79.015,13.998
2.01,1.9602,-0.20706,3.3901,-0.5456,0.081251,0.097166,0.82842,6.4893,5.0738,0.37965,0.49428,-0.16735,-0.021338,0.42202,13.576,-4.0289,0,0,0,4.3724,4.5044,4.4058,4.5772,-1.2441,-24.694,-2.1615,8.0737,-77.602,14.067
2.02,2.0251,-0.15565,3.3937,-0.54266,0.085458,0.10454,0.82903,6.4935,5.2083,0.33926,0.53839,-0.1831,-0.017259,0.40998,13.325,-4.0498,0,0,0,4.2986,4.4338,4.3269,4.5114,-1.1648,-25.463,-2.0205,7.7835,-76.152,14.13
2.03,2.0901,-0.10291,3.3968,-0.53946,0.089675,0.11203,0.82969,6.4975,5.3402,0.29866,0.58472,-0.20134,-0.013193,0.39871,13.067,-4.0693,0,0,0,4.223,4.3613,4.2456,4.4444,-1.0885,-26.217,-1.8789,7.4861,-74.667,14.189
2.04,2.155,-0.048854,3.3996,-0.536,0.093898,0.11965,0.8304,6.5014,5.4696,0.25788,0.63344,-0.2223,-0.0091359,0.3882,12.801,-4.0874,0,0,0,4.1456,4.2872,4.1619,4.3764,-1.0151,-26.956,-1.7368,7.1818,-73.147,14.243
2.05,2.2201,0.0064774,3.402,-0.53226,0.098118,0.1274,0.83117,6.5053,5.5962,0.21692,0.68473,-0.24626,-0.0050822,0.3784,12.528,-4.104,0,0,0,4.0664,4.2115,4.0758,4.3075,-0.94486,-27.68,-1.5941,6.8708,-71.594,14.293
2.06,2.2852,0.063062,3.404,-0.52822,0.10233,0.1353,0.83199,6.509,5.7201,0.1758,0.73877,-0.27353,-0.0010273,0.36929,12.247,-4.1193,0,0,0,3.9856,4.1342,3.9873,4.238,-0.87773,-28.388,-1.4509,6.5533,-70.008,14.338
2.07,2.3503,0.12087,3.4055,-0.52386,0.10652,0.14334,0.83287,6.5126,5.8412,0.13454,0.79579,-0.30445,0.0030341,0.36083,11.96,-4.1331,0,0,0,3.9033,4.0554,3.8964,4.168,-0.81381,-29.08,-1.3073,6.2296,-68.39,14.378
2.08,2.4154,0.17988,3.4067,-0.51917,0.11067,0.15154,0.83382,6.5162,5.9593,0.093144,0.85599,-0.33941,0.007107,0.353,11.666,-4.1454,0,0,0,3.8195,3.9752,3.8031,4.0978,-0.75316,-29.756,-1.1634,5.8999,-66.741,14.414
2.09,2.4806,0.24005,3.4074,-0.51411,0.11479,0.15991,0.83483,6.5197,6.0745,0.051634,0.91962,-0.37883,0.011197,0.34576,11.365,-4.1563,0,0,0,3.7345,3.8937,3.7074,4.0274,-0.69583,-30.415,-1.0191,5.5644,-65.063,14.445
2.1,2.5458,0.30135,3.4077,-0.50867,0.11884,0.16846,0.83591,6.5231,6.1866,0.010022,0.98692,-0.42321,0.015309,0.33907,11.057,-4.1658,0,0,0,3.6483,3.8109,3.6092,3.9571,-0.64189,-31.057,-0.8745,5.2234,-63.355,14.471
2.11,2.611,0.36377,3.4076,-0.50282,0.12282,0.17719,0.83707,6.5265,6.2956,-0.031677,1.0582,-0.47309,0.019449,0.33291,10.744,-4.1738,0,0,0,3.561,3.7268,3.5086,3.8873,-0.59138,-31.682,-0.72967,4.8771,-61.619,14.493
2.12,2.6763,0.42725,3.4071,-0.49654,0.1267,0.18611,0.83831,6.5298,6.4014,-0.073449,1.1336,-0.52907,0.023622,0.32723,10.424,-4.1804,0,0,0,3.473,3.6416,3.4055,3.8181,-0.54437,-32.289,-0.58464,4.5257,-59.857,14.511
2.13,2.7416,0.49178,3.4061,-0.48978,0.13047,0.19523,0.83963,6.533,6.504,-0.11528,1.2136,-0.59183,0.027834,0.32201,10.098,-4.1855,0,0,0,3.3843,3.5554,3.2999,3.7499,-0.50089,-32.879,-0.43946,4.1694,-58.068,14.524
2.14,2.807,0.55732,3.4048,-0.48252,0.13409,0.20456,0.84104,6.5362,6.6034,-0.15715,1.2984,-0.66211,0.03209,0.31721,9.7663,-4.1892,0,0,0,3.2952,3.4681,3.1918,3.6829,-0.46099,-33.45,-0.29417,3.8086,-56.254,14.533
2.15,2.8724,0.62384,3.403,-0.47472,0.13754,0.2141,0.84255,6.5394,6.6993,-0.19906,1.3883,-0.74075,0.036397,0.31278,9.429,-4.1914,0,0,0,3.206,3.3799,3.0811,3.6174,-0.42473,-34.004,-0.14882,3.4433,-54.415,14.537
2.16,2.9378,0.6913,3.4008,-0.46633,0.14078,0.22386,0.84416,6.5425,6.7919,-0.24098,1.4836,-0.82866,0.040758,0.3087,9.0863,-4.1921,0,0,0,3.1168,3.2908,2.9679,3.5539,-0.39214,-34.539,-0.0034444,3.0739,-52.553,14.537
2.17,3.0032,0.75967,3.3982,-0.45733,0.14377,0.23383,0.84587,6.5456,6.8811,-0.2829,1.5847,-0.92683,0.04518,0.30492,8.7383,-4.1915,0,0,0,3.0281,3.2008,2.8521,3.4925,-0.36326,-35.055,0.14191,2.7006,-50.669,14.533
2.18,3.0687,0.82891,3.3951,-0.44765,0.14647,0.24403,0.84771,6.5486,6.9667,-0.3248,1.6918,-1.0363,0.049665,0.30142,8.3853,-4.1893,0,0,0,2.9401,3.1101,2.7339,3.4338,-0.33814,-35.552,0.2872,2.3236,-48.763,14.524
2.19,3.1342,0.89899,3.3917,-0.43725,0.14884,0.25444,0.84966,6.5516,7.0487,-0.36668,1.8052,-1.1583,0.054217,0.29815,8.0274,-4.1857,0,0,0,2.8533,3.0186,2.6133,3.3779,-0.3168,-36.03,0.43238,1.9432,-46.837,14.511
2.2,3.1997,0.96987,3.3878,-0.42608,0.1508,0.26506,0.85174,6.5546,7.1272,-0.40851,1.9251,-1.2939,0.058838,0.29507,7.6647,-4.1807,0,0,0,2.768,2.9265,2.4905,3.3251,-0.29929,-36.489,0.57741,1.5595,-44.891,14.494
2.21,3.2653,1.0415,3.3835,-0.41407,0.15231,0.27587,0.85396,6.5575,7.202,-0.45029,2.0518,-1.4445,0.063527,0.29215,7.2976,-4.1742,0,0,0,2.6849,2.8337,2.3658,3.2756,-0.28562,-36.928,0.72224,1.1728,-42.926,14.473
2.22,3.3309,1.1139,3.3788,-0.40117,0.15329,0.28686,0.85632,6.5604,7.2731,-0.49199,2.1852,-1.6112,0.068282,0.28935,6.9263,-4.1662,0,0,0,2.6042,2.7405,2.2397,3.2295,-0.27584,-37.347,0.86684,0.78331,-40.944,14.447
2.23,3.3965,1.187,3.3736,-0.38731,0.15367,0.29799,0.85882,6.5633,7.3405,-0.53361,2.3255,-1.7951,0.073096,0.28662,6.5508,-4.1568,0,0,0,2.5267,2.6468,2.1128,3.1867,-0.26997,-37.747,1.0112,0.39132,-38.944,14.417
2.24,3.4621,1.2607,3.3681,-0.37242,0.15336,0.30924,0.86148,6.5661,7.4041,-0.57512,2.4723,-1.9972,0.07796,0.28393,6.1714,-4.146,0,0,0,2.4528,2.553,1.986,3.1468,-0.26802,-38.126,1.1552,-0.0029874,-36.929,14.383
2.25,3.5278,1.335,3.3621,-0.35644,0.15227,0.32056,0.86429,6.569,7.4639,-0.61652,2.6254,-2.2182,0.082856,0.28125,5.7883,-4.1337,0,0,0,2.3832,2.4594,1.8608,3.1093,-0.27003,-38.485,1.2988,-0.39936,-34.899,14.345
2.26,3.5935,1.41,3.3558,-0.3393,0.1503,0.33188,0.86726,6.5718,7.5199,-0.65779,2.7841,-2.4583,0.087761,0.27852,5.4018,-4.12,0,0,0,2.3182,2.3663,1.7388,3.0731,-0.27602,-38.824,1.4421,-0.79758,-32.854,14.303
2.27,3.6592,1.4854,3.349,-0.32092,0.14737,0.34314,0.87037,6.5745,7.572,-0.69892,2.9474,-2.717,0.092644,0.27571,5.0119,-4.1049,0,0,0,2.2583,2.2744,1.6224,3.0366,-0.28599,-39.142,1.5849,-1.1974,-30.797,14.257
2.28,3.725,1.5614,3.3418,-0.30125,0.14337,0.35423,0.87362,6.5773,7.6201,-0.73988,3.114,-2.9931,0.097463,0.27279,4.619,-4.0883,0,0,0,2.2037,2.1845,1.5146,2.9977,-0.29997,-39.44,1.7272,-1.5986,-28.727,14.206
2.29,3.7908,1.6378,3.3342,-0.28024,0.13822,0.36504,0.87698,6.58,7.6643,-0.78068,3.282,-3.284,0.10216,0.2697,4.2232,-4.0703,0,0,0,2.1546,2.098,1.4189,2.9538,-0.31797,-39.717,1.869,-2.001,-26.646,14.152
2.3,3.8566,1.7147,3.3262,-0.25786,0.13184,0.37545,0.88043,6.5827,7.7046,-0.82129,3.4492,-3.5856,0.10668,0.26641,3.8247,-4.0509,0,0,0,2.1106,2.0161,1.3397,2.9015,-0.33999,-39.973,2.0102,-2.4043,-24.555,14.094
2.31,3.9224,1.7919,3.3178,-0.23408,0.12416,0.3853,0.88393,6.5853,7.7408,-0.86169,3.6127,-3.8924,0.11094,0.26289,3.4238,-4.0301,0,0,0,2.0715,1.9408,1.2817,2.8372,-0.36605,-40.208,2.1508,-2.8083,-22.454,14.032
2.32,3.9883,1.8695,3.309,-0.20891,0.11516,0.39441,0.88743,6.5879,7.7731,-0.90188,3.769,-4.1965,0.11486,0.25908,3.0206,-4.0079,0,0,0,2.0363,1.8742,1.2499,2.7571,-0.39616,-40.422,2.2908,-3.2127,-20.345,13.966
2.33,4.0542,1.9473,3.2997,-0.18242,0.10484,0.4026,0.89087,6.5905,7.8012,-0.94185,3.9144,-4.4887,0.11833,0.25495,2.6154,-3.9843,0,0,0,2.0045,1.8183,1.2486,2.6579,-0.43031,-40.615,2.4301,-3.6174,-18.228,13.896
2.34,4.1201,2.0255,3.2901,-0.15468,0.09326,0.40968,0.89417,6.593,7.8254,-0.98157,4.0446,-4.7578,0.12126,0.25046,2.2084,-3.9593,0,0,0,1.9751,1.7752,1.2812,2.5376,-0.46851,-40.786,2.5687,-4.022,-16.105,13.822
2.35,4.1861,2.1038,3.2801,-0.12584,0.080526,0.41545,0.89726,6.5955,7.8454,-1.021,4.1553,-4.9922,0.12357,0.24557,1.7998,-3.933,0,0,0,1.9478,1.7462,1.3492,2.396,-0.51075,-40.937,2.7066,-4.4264,-13.976,13.744
2.36,4.252,2.1824,3.2697,-0.096084,0.066803,0.41974,0.90007,6.5979,7.8613,-1.0602,4.2425,-5.1798,0.12518,0.24023,1.3897,-3.9052,0,0,0,1.9227,1.732,1.4514,2.2356,-0.55703,-41.066,2.8436,-4.8304,-11.842,13.663
2.37,4.318,2.261,3.2589,-0.065641,0.05231,0.42239,0.90252,6.6003,7.8732,-1.0991,4.3025,-5.3103,0.12605,0.23441,0.97853,-3.8761,0,0,0,1.9008,1.7322,1.5836,2.0619,-0.60735,-41.174,2.9798,-5.2336,-9.7048,13.578
2.38,4.384,2.3398,3.2477,-0.034782,0.037315,0.42329,0.90456,6.6026,7.8809,-1.1377,4.3329,-5.376,0.12615,0.22807,0.56635,-3.8456,0,0,0,1.8835,1.7453,1.7388,1.883,-0.6617,-41.26,3.1151,-5.636,-7.5644,13.489
2.39,4.4501,2.4187,3.2361,-0.0038018,0.022116,0.42239,0.90614,6.6049,7.8845,-1.176,4.3322,-5.3726,0.12552,0.22117,0.15341,-3.8138,0,0,0,1.8732,1.7689,1.9076,1.7089,-0.72007,-41.325,3.2496,-6.0372,-5.422,13.396
2.4,4.5161,2.4975,3.2242,0.026997,0.0070217,0.41967,0.90725,6.607,7.884,-1.214,4.3004,-5.3005,0.12421,0.21366,-0.26008,-3.7806,0,0,0,1.8721,1.8002,2.0802,1.5503,-0.78244,-41.368,3.3831,-6.4369,-3.2787,13.299
2.41,4.5822,2.5763,3.2119,0.057322,-0.0076655,0.4152,0.90789,6.6091,7.8793,-1.2516,4.239,-5.1642,0.12234,0.2055,-0.67389,-3.7461,0,0,0,1.8821,1.8367,2.2472,1.4165,-0.8488,-41.39,3.5156,-6.8351,-1.1352,13.199
2.42,4.6483,2.6551,3.1992,0.086909,-0.021674,0.40908,0.90809,6.6111,7.8705,-1.2889,4.1504,-4.9718,0.12002,0.19667,-1.0878,-3.7103,0,0,0,1.9046,1.8763,2.401,1.3148,-0.91914,-41.391,3.647,-7.2314,1.0074,13.096
2.43,4.7144,2.7337,3.1861,0.11553,-0.034775,0.40146,0.90789,6.6131,7.8576,-1.3258,4.0383,-4.7341,0.11738,0.18711,-1.5016,-3.6732,0,0,0,1.9399,1.9178,2.5369,1.2493,-0.99342,-41.37,3.7775,-7.6257,3.1482,12.988
2.44,4.7806,2.8122,3.1726,0.14301,-0.046795,0.39252,0.90735,6.6149,7.8405,-1.3624,3.9067,-4.463,0.11456,0.17679,-1.9151,-3.6348,0,0,0,1.9873,1.9609,2.6529,1.221,-1.0716,-41.328,3.9068,-8.0176,5.2863,12.877
2.45,4.8467,2.8905,3.1588,0.16921,-0.057615,0.38244,0.90653,6.6166,7.8193,-1.3985,3.7598,-4.1703,0.1117,0.16566,-2.3281,-3.5951,0,0,0,2.0458,2.0058,2.7493,1.2281,-1.1538,-41.265,4.035,-8.4069,7.4208,12.763
2.46,4.9129,2.9686,3.1447,0.19405,-0.067171,0.37142,0.90547,6.6182,7.7939,-1.4343,3.6019,-3.8669,0.10889,0.1537,-2.7404,-3.5541,0,0,0,2.1135,2.0533,2.8286,1.267,-1.2398,-41.18,4.162,-8.7935,9.5507,12.645
2.47,4.9791,3.0464,3.1302,0.2175,-0.075446,0.35965,0.90424,6.6197,7.7644,-1.4696,3.4369,-3.5622,0.10624,0.14085,-3.1516,-3.5118,0,0,0,2.1888,2.1042,2.8938,1.3329,-1.3296,-41.074,4.2879,-9.1771,11.675,12.524
2.48,5.0453,3.1239,3.1153,0.23953,-0.082463,0.34732,0.90288,6.621,7.7309,-1.5045,3.2681,-3.2637,0.10381,0.12709,-3.5618,-3.4683,0,0,0,2.27,2.1593,2.9487,1.4207,-1.4233,-40.946,4.4125,-9.5575,13.793,12.399
2.49,5.1115,3.201,3.1001,0.26018,-0.088272,0.33456,0.90144,6.6222,7.6932,-1.539,3.0985,-2.9767,0.10165,0.11237,-3.9705,-3.4236,0,0,0,2.3555,2.2191,2.9968,1.5255,-1.5208,-40.798,4.5358,-9.9344,15.904,12.27
2.5,5.1777,3.2777,3.0845,0.27948,-0.092946,0.32153,0.89993,6.6233,7.6515,-1.573,2.9304,-2.7053,0.099787,0.096664,-4.3776,-3.3776,0,0,0,2.4442,2.2839,3.0411,1.6428,-1.622,-40.628,4.6579,-10.308,18.006,12.138
2.51,5.244,3.354,3.0686,0.29748,-0.096571,0.30833,0.89839,6.6241,7.6057,-1.6065,2.7655,-2.4517,0.098248,0.079923,-4.783,-3.3304,0,0,0,2.5352,2.3538,3.0842,1.769,-1.7269,-40.438,4.7786,-10.677,20.099,12.003
2.52,5.3102,3.4298,3.0524,0.31425,-0.099239,0.29507,0.89684,6.6248,7.5558,-1.6396,2.6054,-2.2173,0.097035,0.062114,-5.1863,-3.282,0,0,0,2.6278,2.4285,3.128,1.901,-1.8355,-40.226,4.8979,-11.042,22.182,11.865
2.53,5.3765,3.5051,3.0358,0.32986,-0.10104,0.28184,0.89529,6.6254,7.502,-1.6722,2.451,-2.0023,0.096145,0.0432,-5.5875,-3.2325,0,0,0,2.7215,2.5079,3.1739,2.0365,-1.9477,-39.994,5.0159,-11.403,24.254,11.723
2.54,5.4427,3.5798,3.0189,0.34438,-0.10208,0.26868,0.89375,6.6257,7.4441,-1.7042,2.303,-1.8064,0.095571,0.023147,-5.9861,-3.1817,0,0,0,2.816,2.5914,3.2229,2.1736,-2.0635,-39.741,5.1324,-11.759,26.313,11.578
2.55,5.509,3.654,3.0017,0.35787,-0.10243,0.25567,0.89223,6.6258,7.3822,-1.7358,2.1617,-1.6289,0.0953,0.0019178,-6.3822,-3.1298,0,0,0,2.911,2.6787,3.2753,2.3111,-2.1829,-39.468,5.2474,-12.11,28.36,11.429
2.56,5.5753,3.7275,2.9842,0.37041,-0.10219,0.24283,0.89072,6.6257,7.3164,-1.7668,2.0274,-1.4687,0.095316,-0.020522,-6.7754,-3.0768,0,0,0,3.0064,2.7691,3.3316,2.448,-2.3057,-39.174,5.361,-12.456,30.393,11.277
2.57,5.6415,3.8003,2.9664,0.38205,-0.10142,0.23019,0.88925,6.6254,7.2467,-1.7973,1.9001,-1.3247,0.095603,-0.044208,-7.1656,-3.0226,0,0,0,3.1022,2.8624,3.3917,2.5836,-2.432,-38.86,5.473,-12.797,32.411,11.123
2.58,5.7078,3.8724,2.9483,0.39287,-0.1002,0.21779,0.88779,6.6249,7.1731,-1.8273,1.7798,-1.1957,0.096145,-0.069174,-7.5526,-2.9673,0,0,0,3.1981,2.9578,3.4556,2.7176,-2.5616,-38.526,5.5834,-13.132,34.413,10.964
2.59,5.774,3.9437,2.9299,0.40292,-0.098593,0.20562,0.88637,6.624,7.0957,-1.8567,1.6662,-1.0803,0.096925,-0.095452,-7.9361,-2.9109,0,0,0,3.2941,3.0551,3.5229,2.8495,-2.6946,-38.172,5.6922,-13.462,36.399,10.803
2.6,5.8402,4.0143,2.9111,0.41226,-0.096653,0.19371,0.88497,6.6229,7.0144,-1.8855,1.5592,-0.97729,0.097927,-0.12308,-8.3159,-2.8535,0,0,0,3.3902,3.1539,3.5935,2.9794,-2.8309,-37.798,5.7994,-13.785,38.367,10.639
2.61,5.9065,4.084,2.8922,0.42093,-0.094433,0.18206,0.8836,6.6216,6.9294,-1.9137,1.4585,-0.88557,0.099137,-0.15208,-8.692,-2.795,0,0,0,3.4863,3.2537,3.6669,3.107,-2.9703,-37.405,5.905,-14.103,40.316,10.471
2.62,5.9727,4.1529,2.8729,0.42898,-0.091975,0.17066,0.88226,6.6199,6.8406,-1.9414,1.3637,-0.80402,0.10054,-0.18249,-9.064,-2.7354,0,0,0,3.5822,3.3542,3.743,3.2324,-3.1129,-36.992,6.0089,-14.413,42.246,10.301
2.63,6.0389,4.2208,2.8533,0.43647,-0.089319,0.15952,0.88095,6.6179,6.7481,-1.9684,1.2746,-0.73163,0.10212,-0.21435,-9.4317,-2.6748,0,0,0,3.6781,3.4552,3.8212,3.3555,-3.2586,-36.56,6.111,-14.717,44.156,10.127
2.64,6.105,4.2878,2.8335,0.44342,-0.0865,0.14862,0.87966,6.6156,6.652,-1.9949,1.1909,-0.66748,0.10388,-0.24767,-9.7951,-2.6132,0,0,0,3.7737,3.5564,3.9014,3.4764,-3.4072,-36.109,6.2114,-15.015,46.044,9.9503
2.65,6.1712,4.3538,2.8134,0.44988,-0.083548,0.13798,0.8784,6.613,6.5522,-2.0207,1.1122,-0.61074,0.10579,-0.2825,-10.154,-2.5506,0,0,0,3.8689,3.6576,3.9831,3.5951,-3.5588,-35.639,6.31,-15.305,47.91,9.7707
2.66,6.2373,4.4188,2.7931,0.45587,-0.080489,0.12757,0.87717,6.6099,6.4489,-2.0459,1.0383,-0.56064,0.10785,-0.31886,-10.508,-2.487,0,0,0,3.9638,3.7584,4.0661,3.7116,-3.7133,-35.151,6.4068,-15.587,49.752,9.588
2.67,6.3034,4.4828,2.7725,0.46144,-0.077346,0.1174,0.87596,6.6066,6.3421,-2.0704,0.96884,-0.51652,0.11006,-0.35678,-10.857,-2.4224,0,0,0,4.0582,3.8589,4.1501,3.826,-3.8705,-34.644,6.5017,-15.862,51.571,9.4025
2.68,6.3694,4.5457,2.7517,0.46661,-0.074139,0.10744,0.87478,6.6028,6.2318,-2.0943,0.90353,-0.47775,0.11239,-0.39628,-11.201,-2.357,0,0,0,4.1519,3.9587,4.2349,3.9383,-4.0305,-34.119,6.5948,-16.129,53.365,9.214
2.69,6.4354,4.6074,2.7306,0.4714,-0.070886,0.097696,0.87362,6.5986,6.1181,-2.1176,0.84211,-0.44379,0.11486,-0.4374,-11.539,-2.2906,0,0,0,4.2451,4.0578,4.3201,4.0485,-4.1931,-33.577,6.686,-16.388,55.132,9.0227
2.7,6.5014,4.668,2.7093,0.47585,-0.067601,0.088155,0.87248,6.5941,6.001,-2.1401,0.78433,-0.41416,0.11745,-0.48015,-11.872,-2.2232,0,0,0,4.3375,4.156,4.4056,4.1566,-4.3582,-33.017,6.7753,-16.639,56.872,8.8284
2.71,6.5673,4.7274,2.6878,0.47997,-0.064297,0.078807,0.87137,6.589,5.8807,-2.162,0.72995,-0.38842,0.12015,-0.52457,-12.199,-2.1551,0,0,0,4.429,4.2531,4.4911,4.2628,-4.5259,-32.439,6.8626,-16.881,58.585,8.6314
2.72,6.6332,4.7856,2.6661,0.48378,-0.060986,0.069642,0.87028,6.5836,5.7571,-2.1832,0.67875,-0.36619,0.12297,-0.57068,-12.521,-2.086,0,0,0,4.5196,4.3492,4.5766,4.3669,-4.6958,-31.845,6.9479,-17.115,60.269,8.4316
2.73,6.699,4.8426,2.6442,0.48731,-0.057677,0.06065,0.86921,6.5776,5.6303,-2.2037,0.63051,-0.34713,0.12589,-0.61849,-12.836,-2.0161,0,0,0,4.6092,4.444,4.6617,4.469,-4.8681,-31.234,7.0312,-17.339,61.923,8.229
2.74,6.7647,4.8982,2.622,0.49058,-0.054379,0.051822,0.86815,6.5712,5.5004,-2.2236,0.58504,-0.33092,0.12892,-0.66805,-13.145,-1.9454,0,0,0,4.6978,4.5375,4.7463,4.5692,-5.0426,-30.607,7.1125,-17.554,63.546,8.0236
2.75,6.8304,4.9526,2.5997,0.49358,-0.051099,0.043149,0.86712,6.5642,5.3674,-2.2427,0.54215,-0.31731,0.13206,-0.71935,-13.448,-1.8739,0,0,0,4.7852,4.6297,4.8303,4.6674,-5.2192,-29.963,7.1917,-17.76,65.138,7.8156
2.76,6.896,5.0056,2.5772,0.49636,-0.047843,0.034621,0.86611,6.5568,5.2314,-2.261,0.50167,-0.30604,0.13529,-0.77244,-13.745,-1.8016,0,0,0,4.8714,4.7203,4.9136,4.7635,-5.3978,-29.304,7.2688,-17.956,66.698,7.6048
2.77,6.9615,5.0572,2.5545,0.4989,-0.044617,0.02623,0.86511,6.5488,5.0925,-2.2787,0.46345,-0.2969,0.13862,-0.82731,-14.034,-1.7285,0,0,0,4.9562,4.8094,4.9959,4.8577,-5.5783,-28.629,7.3438,-18.142,68.223,7.3914
2.78,7.027,5.1074,2.5316,0.50124,-0.041425,0.017968,0.86413,6.5402,4.9508,-2.2956,0.42733,-0.28971,0.14206,-0.88401,-14.317,-1.6547,0,0,0,5.0397,4.8969,5.0773,4.9499,-5.7606,-27.94,7.4166,-18.318,69.715,7.1754
2.79,7.0923,5.1562,2.5086,0.50338,-0.038271,0.0098265,0.86316,6.5311,4.8062,-2.3118,0.39319,-0.28429,0.14558,-0.94253,-14.593,-1.5802,0,0,0,5.1218,4.9828,5.1575,5.04,-5.9446,-27.235,7.4873,-18.483,71.171,6.9568
2.8,7.1576,5.2035,2.4854,0.50533,-0.035159,0.0017974,0.86221,6.5214,4.6589,-2.3272,0.36089,-0.28049,0.14921,-1.0029,-14.862,-1.5049,0,0,0,5.2024,5.0668,5.2366,5.1281,-6.1302,-26.516,7.5557,-18.638,72.591,6.7355
2.81,7.2228,5.2494,2.462,0.50709,-0.032092,-0.0061266,0.86127,6.511,4.509,-2.3419,0.33032,-0.27819,0.15293,-1.0651,-15.123,-1.4291,0,0,0,5.2814,5.1491,5.3143,5.2142,-6.3173,-25.783,7.622,-18.782,73.974,6.5118
2.82,7.2878,5.2937,2.4385,0.50869,-0.029072,-0.013953,0.86034,6.5001,4.3565,-2.3558,0.30138,-0.27725,0.15675,-1.1293,-15.377,-1.3525,0,0,0,5.3588,5.2296,5.3906,5.2982,-6.5058,-25.037,7.6859,-18.915,75.318,6.2855
2.83,7.3528,5.3365,2.4149,0.51013,-0.026103,-0.021687,0.85943,6.4884,4.2015,-2.3689,0.27396,-0.27758,0.16066,-1.1953,-15.624,-1.2753,0,0,0,5.4345,5.3082,5.4654,5.3802,-6.6956,-24.277,7.7477,-19.037,76.624,6.0567
2.84,7.4176,5.3777,2.3912,0.51142,-0.023185,-0.029337,0.85852,6.4762,4.044,-2.3813,0.24797,-0.27908,0.16466,-1.2632,-15.863,-1.1976,0,0,0,5.5085,5.3848,5.5387,5.4601,-6.8865,-23.505,7.8071,-19.147,77.889,5.8255
2.85,7.4823,5.4174,2.3673,0.51256,-0.020322,-0.036908,0.85762,6.4632,3.8842,-2.3929,0.22333,-0.28167,0.16877,-1.333,-16.094,-1.1192,0,0,0,5.5808,5.4595,5.6104,5.5378,-7.0785,-22.72,7.8642,-19.245,79.114,5.5919
2.86,7.5468,5.4554,2.3433,0.51355,-0.017514,-0.044407,0.85673,6.4495,3.7222,-2.4037,0.19995,-0.28528,0.17297,-1.4047,-16.317,-1.0403,0,0,0,5.6512,5.5322,5.6804,5.6134,-7.2714,-21.923,7.9189,-19.332,80.296,5.3558
2.87,7.6113,5.4918,2.3192,0.51442,-0.014764,-0.051839,0.85584,6.4351,3.5579,-2.4137,0.17777,-0.28983,0.17727,-1.4784,-16.533,-0.96084,0,0,0,5.7198,5.6028,5.7487,5.6869,-7.4651,-21.114,7.9713,-19.406,81.436,5.1173
2.88,7.6755,5.5265,2.295,0.51516,-0.012072,-0.059208,0.85496,6.4199,3.3915,-2.4229,0.15672,-0.29527,0.18166,-1.554,-16.74,-0.88088,0,0,0,5.7864,5.6714,5.8151,5.7583,-7.6595,-20.294,8.0212,-19.467,82.533,4.8765
2.89,7.7397,5.5596,2.2708,0.51577,-0.0094404,-0.066521,0.85409,6.404,3.2232,-2.4313,0.13674,-0.30156,0.18616,-1.6316,-16.938,-0.80043,0,0,0,5.8512,5.7378,5.8798,5.8274,-7.8544,-19.463,8.0688,-19.516,83.584,4.6334
2.9,7.8036,5.591,2.2464,0.51627,-0.0068704,-0.073782,0.85321,6.3873,3.0528,-2.4389,0.11778,-0.30863,0.19075,-1.7111,-17.129,-0.71951,0,0,0,5.914,5.8021,5.9425,5.8944,-8.0497,-18.622,8.1139,-19.552,84.59,4.388
2.91,7.8674,5.6207,2.222,0.51666,-0.004363,-0.080995,0.85234,6.3698,2.8806,-2.4457,0.099771,-0.31646,0.19545,-1.7926,-17.311,-0.63816,0,0,0,5.9747,5.8643,6.0033,5.9592,-8.2454,-17.772,8.1565,-19.575,85.55,4.1403
2.92,7.931,5.6486,2.1975,0.51693,-0.0019196,-0.088165,0.85147,6.3514,2.7066,-2.4516,0.082678,-0.325,0.20025,-1.876,-17.484,-0.55639,0,0,0,6.0335,5.9243,6.0622,6.0217,-8.4412,-16.912,8.1967,-19.584,86.462,3.8904
2.93,7.9944,5.6748,2.173,0.5171,0.0004586,-0.095296,0.8506,6.3322,2.5309,-2.4568,0.066454,-0.33423,0.20516,-1.9614,-17.649,-0.47423,0,0,0,6.0902,5.982,6.119,6.0821,-8.637,-16.043,8.2343,-19.58,87.326,3.6383
2.94,8.0576,5.6992,2.1484,0.51717,0.0027703,-0.10239,0.84973,6.3122,2.3537,-2.4611,0.051058,-0.34412,0.21017,-2.0488,-17.805,-0.39171,0,0,0,6.1448,6.0376,6.1738,6.1402,-8.8327,-15.165,8.2695,-19.562,88.14,3.3839
2.95,8.1207,5.7219,2.1237,0.51714,0.0050142,-0.10945,0.84886,6.2912,2.1749,-2.4646,0.036455,-0.35464,0.21528,-2.1381,-17.952,-0.30885,0,0,0,6.1973,6.0908,6.2266,6.196,-9.0282,-14.28,8.302,-19.529,88.904,3.1275
2.96,8.1835,5.7427,2.0991,0.51702,0.007189,-0.11649,0.84798,6.2694,1.9947,-2.4673,0.02261,-0.36577,0.22051,-2.2293,-18.091,-0.22568,0,0,0,6.2477,6.1419,6.2772,6.2496,-9.2233,-13.387,8.332,-19.483,89.617,2.8689
2.97,8.2461,5.7617,2.0744,0.51681,0.0092934,-0.1235,0.8471,6.2467,1.8131,-2.4691,0.0094916,-0.37749,0.22585,-2.3226,-18.22,-0.14222,0,0,0,6.2959,6.1906,6.3258,6.301,-9.4178,-12.488,8.3594,-19.422,90.278,2.6082
2.98,8.3084,5.779,2.0497,0.51651,0.011326,-0.13048,0.84621,6.223,1.6303,-2.4702,-0.0029272,-0.38979,0.2313,-2.4177,-18.34,-0.058499,0,0,0,6.342,6.2371,6.3722,6.35,-9.6116,-11.582,8.3842,-19.346,90.886,2.3454
2.99,8.3705,5.7944,2.025,0.51612,0.013285,-0.13745,0.84531,6.1983,1.4463,-2.4703,-0.014673,-0.40264,0.23686,-2.5148,-18.452,0.025455,0,0,0,6.3859,6.2813,6.4165,6.3968,-9.8047,-10.67,8.4063,-19.255,91.44,2.0806
3,8.4324,5.8079,2.0003,0.51564,0.01517,-0.1444,0.84441,6.1727,1.2613,-2.4696,-0.025768,-0.41605,0.24254,-2.6138,-18.554,0.10962,0,0,0,6.4277,6.3233,6.4587,6.4414,-9.9967,-9.7533,8.4258,-19.149,91.939,1.8138
3.01,8.494,5.8196,1.9756,0.51509,0.016978,-0.15133,0.8435,6.146,1.0753,-2.4681,-0.036234,-0.42999,0.24833,-2.7147,-18.647,0.19396,0,0,0,6.4672,6.3629,6.4986,6.4837,-10.188,-8.8317,8.4426,-19.027,92.382,1.545
3.02,8.5553,5.8294,1.9509,0.51445,0.018708,-0.15825,0.84258,6.1184,0.88838,-2.4658,-0.046091,-0.44446,0.25424,-2.8175,-18.73,0.27846,0,0,0,6.5046,6.4002,6.5364,6.5237,-10.377,-7.9059,8.4567,-18.89,92.768,1.2742
3.03,8.6163,5.8373,1.9263,0.51374,0.020358,-0.16516,0.84165,6.0897,0.7007,-2.4626,-0.055356,-0.45945,0.26027,-2.9223,-18.805,0.36309,0,0,0,6.5398,6.4353,6.5721,6.5614,-10.565,-6.9765,8.468,-18.737,93.097,1.0015
3.04,8.6771,5.8434,1.9017,0.51295,0.021927,-0.17206,0.84071,6.0599,0.51232,-2.4585,-0.064043,-0.47495,0.26642,-3.0288,-18.87,0.44781,0,0,0,6.5728,6.4681,6.6055,6.5969,-10.752,-6.0441,8.4767,-18.567,93.367,0.72689
3.05,8.7375,5.8476,1.8771,0.51209,0.023412,-0.17895,0.83976,6.0291,0.32333,-2.4536,-0.072168,-0.49096,0.2727,-3.1373,-18.926,0.53261,0,0,0,6.6037,6.4986,6.6368,6.6301,-10.937,-5.1093,8.4826,-18.381,93.578,0.45041
3.06,8.7976,5.8499,1.8526,0.51115,0.024811,-0.18584,0.83879,5.9972,0.13384,-2.4478,-0.079743,-0.50746,0.27909,-3.2476,-18.972,0.61745,0,0,0,6.6323,6.5268,6.6659,6.6611,-11.119,-4.1728,8.4857,-18.179,93.728,0.17208
3.07,8.8575,5.8503,1.8282,0.51015,0.026124,-0.19272,0.83781,5.9641,-0.056076,-2.4412,-0.086778,-0.52446,0.28561,-3.3597,-19.009,0.70231,0,0,0,6.6589,6.5528,6.6928,6.6899,-11.3,-3.235,8.486,-17.96,93.817,-0.10806
3.08,8.9169,5.8487,1.8038,0.50907,0.027346,-0.1996,0.83682,5.93,-0.24631,-2.4338,-0.093284,-0.54194,0.29225,-3.4736,-19.037,0.78716,0,0,0,6.6832,6.5766,6.7176,6.7165,-11.479,-2.2966,8.4835,-17.723,93.843,-0.39
3.09,8.9761,5.8453,1.7795,0.50792,0.028477,-0.20647,0.83581,5.8946,-0.43678,-2.4255,-0.099268,-0.55991,0.29902,-3.5892,-19.055,0.87197,0,0,0,6.7055,6.5981,6.7402,6.7409,-11.655,-1.3583,8.4782,-17.47,93.806,-0.67369
3.1,9.0348,5.84,1.7553,0.50671,0.029514,-0.21335,0.83478,5.8582,-0.62738,-2.4164,-0.10474,-0.57836,0.30591,-3.7066,-19.064,0.95672,0,0,0,6.7256,6.6175,6.7607,6.7631,-11.828,-0.42071,8.47,-17.199,93.707,-0.95905
3.11,9.0932,5.8328,1.7312,0.50543,0.030455,-0.22022,0.83373,5.8205,-0.81803,-2.4064,-0.1097,-0.59729,0.31292,-3.8258,-19.063,1.0414,0,0,0,6.7436,6.6347,6.7792,6.7832,-11.998,0.5156,8.459,-16.911,93.546,-1.246
3.12,9.1512,5.8237,1.7072,0.50409,0.031297,-0.22709,0.83267,5.7816,-1.0086,-2.3955,-0.11417,-0.61668,0.32006,-3.9466,-19.054,1.1259,0,0,0,6.7596,6.6498,6.7955,6.8011,-12.166,1.45,8.4451,-16.607,93.324,-1.5344
3.13,9.2088,5.8126,1.6833,0.50268,0.032038,-0.23396,0.83159,5.7416,-1.1991,-2.3839,-0.11814,-0.63655,0.32733,-4.0691,-19.034,1.2103,0,0,0,6.7735,6.6627,6.8098,6.817,-12.331,2.3819,8.4283,-16.287,93.043,-1.8241
3.14,9.266,5.7997,1.6595,0.50121,0.032675,-0.24083,0.83049,5.7003,-1.3893,-2.3713,-0.12162,-0.65688,0.33472,-4.1932,-19.006,1.2944,0,0,0,6.7854,6.6735,6.822,6.8307,-12.492,3.3107,8.4086,-15.951,92.703,-2.1151
3.15,9.3228,5.7848,1.6358,0.49968,0.033206,-0.24771,0.82937,5.6577,-1.5792,-2.358,-0.12461,-0.67767,0.34224,-4.3189,-18.968,1.3784,0,0,0,6.7953,6.6823,6.8322,6.8425,-12.65,4.2357,8.386,-15.599,92.305,-2.4073
3.16,9.3792,5.7681,1.6123,0.49808,0.033628,-0.25458,0.82824,5.6139,-1.7686,-2.3438,-0.12712,-0.69893,0.34988,-4.4462,-18.921,1.4622,0,0,0,6.8033,6.6891,6.8405,6.8522,-12.804,5.1566,8.3605,-15.232,91.851,-2.7005
3.17,9.4351,5.7495,1.589,0.49643,0.033939,-0.26145,0.82707,5.5688,-1.9576,-2.3287,-0.12916,-0.72064,0.35765,-4.575,-18.865,1.5456,0,0,0,6.8093,6.6939,6.8468,6.86,-12.954,6.0726,8.332,-14.851,91.341,-2.9947
3.18,9.4906,5.7289,1.5658,0.49471,0.034135,-0.26833,0.82589,5.5224,-2.1459,-2.3129,-0.13072,-0.7428,0.36554,-4.7053,-18.8,1.6288,0,0,0,6.8135,6.6968,6.8512,6.8659,-13.101,6.9832,8.3006,-14.454,90.776,-3.2897
3.19,9.5456,5.7065,1.5427,0.49294,0.034214,-0.2752,0.82469,5.4747,-2.3335,-2.2961,-0.13181,-0.76542,0.37355,-4.837,-18.725,1.7116,0,0,0,6.8159,6.6978,6.8538,6.8699,-13.243,7.8879,8.2662,-14.043,90.158,-3.5854
3.2,9.6001,5.6823,1.5198,0.4911,0.034174,-0.28207,0.82346,5.4256,-2.5204,-2.2786,-0.13243,-0.78848,0.38169,-4.9701,-18.642,1.7941,0,0,0,6.8165,6.6969,6.8546,6.872,-13.381,8.7862,8.2289,-13.619,89.487,-3.8818
3.21,9.6541,5.6561,1.4971,0.48921,0.034011,-0.28895,0.82221,5.3752,-2.7063,-2.2603,-0.13258,-0.81198,0.38995,-5.1046,-18.55,1.8762,0,0,0,6.8153,6.6943,6.8536,6.8723,-13.515,9.6775,8.1886,-13.18,88.764,-4.1787
3.22,9.7076,5.6281,1.4746,0.48726,0.033722,-0.29582,0.82093,5.3235,-2.8913,-2.2411,-0.13227,-0.83592,0.39833,-5.2404,-18.449,1.9579,0,0,0,6.8124,6.6899,6.8508,6.8709,-13.645,10.561,8.1453,-12.728,87.99,-4.476
3.23,9.7605,5.5983,1.4523,0.48525,0.033305,-0.30269,0.81963,5.2704,-3.0753,-2.2211,-0.1315,-0.86029,0.40683,-5.3775,-18.339,2.0391,0,0,0,6.808,6.6838,6.8464,6.8678,-13.77,11.437,8.099,-12.263,87.167,-4.7737
3.24,9.813,5.5666,1.4302,0.48319,0.032757,-0.30956,0.81831,5.216,-3.2581,-2.2003,-0.13027,-0.88508,0.41544,-5.5158,-18.22,2.1198,0,0,0,6.8019,6.6761,6.8404,6.863,-13.89,12.304,8.0498,-11.786,86.295,-5.0716
3.25,9.8648,5.5332,1.4083,0.48107,0.032076,-0.31643,0.81696,5.1601,-3.4396,-2.1787,-0.12858,-0.91029,0.42417,-5.6553,-18.093,2.2001,0,0,0,6.7943,6.6668,6.8328,6.8566,-14.006,13.163,7.9976,-11.296,85.375,-5.3696
3.26,9.9162,5.4979,1.3867,0.47889,0.031257,-0.32329,0.81558,5.1029,-3.6199,-2.1563,-0.12644,-0.9359,0.43301,-5.7959,-17.957,2.2798,0,0,0,6.7852,6.656,6.8237,6.8486,-14.116,14.012,7.9424,-10.793,84.408,-5.6676
3.27,9.9669,5.4608,1.3652,0.47665,0.0303,-0.33015,0.81418,5.0442,-3.7987,-2.1331,-0.12384,-0.96191,0.44195,-5.9376,-17.812,2.3589,0,0,0,6.7748,6.6438,6.8131,6.8392,-14.222,14.851,7.8843,-10.279,83.396,-5.9655
3.28,10.017,5.4219,1.344,0.47436,0.0292,-0.337,0.81275,4.9841,-3.9761,-2.1091,-0.1208,-0.98831,0.45099,-6.0803,-17.66,2.4374,0,0,0,6.7629,6.6301,6.8012,6.8283,-14.322,15.68,7.8231,-9.7536,82.338,-6.2632
3.29,10.067,5.3812,1.323,0.47202,0.027956,-0.34385,0.81129,4.9226,-4.1519,-2.0844,-0.11731,-1.0151,0.46013,-6.224,-17.499,2.5154,0,0,0,6.7498,6.6152,6.7879,6.816,-14.417,16.498,7.759,-9.2168,81.237,-6.5607
3.3,10.115,5.3389,1.3023,0.46961,0.026564,-0.35069,0.8098,4.8596,-4.3261,-2.0588,-0.11337,-1.0422,0.46936,-6.3686,-17.33,2.5926,0,0,0,6.7355,6.5991,6.7734,6.8024,-14.506,17.304,7.6919,-8.669,80.093,-6.8577
3.31,10.164,5.2947,1.2818,0.46715,0.025023,-0.35753,0.80828,4.7952,-4.4985,-2.0325,-0.109,-1.0697,0.47868,-6.5141,-17.153,2.6692,0,0,0,6.7201,6.5818,6.7576,6.7876,-14.59,18.099,7.6218,-8.1106,78.907,-7.1542
3.32,10.211,5.2489,1.2617,0.46464,0.023329,-0.36435,0.80673,4.7293,-4.6691,-2.0055,-0.10419,-1.0975,0.48808,-6.6604,-16.968,2.745,0,0,0,6.7036,6.5634,6.7408,6.7715,-14.668,18.882,7.5488,-7.5419,77.68,-7.4501
3.33,10.258,5.2014,1.2417,0.46207,0.021482,-0.37117,0.80515,4.662,-4.8378,-1.9776,-0.098945,-1.1256,0.49755,-6.8074,-16.775,2.8202,0,0,0,6.6861,6.5441,6.7228,6.7543,-14.741,19.653,7.4728,-6.9632,76.413,-7.7453
3.34,10.305,5.1521,1.2221,0.45944,0.019478,-0.37797,0.80354,4.5932,-5.0046,-1.9491,-0.093275,-1.1539,0.50708,-6.9552,-16.575,2.8945,0,0,0,6.6676,6.5238,6.7039,6.7361,-14.807,20.41,7.3939,-6.3749,75.107,-8.0397
3.35,10.35,5.1013,1.2028,0.45675,0.017315,-0.38477,0.80189,4.5229,-5.1693,-1.9197,-0.087183,-1.1826,0.51666,-7.1036,-16.367,2.968,0,0,0,6.6484,6.5027,6.6841,6.7168,-14.868,21.155,7.312,-5.7772,73.764,-8.3331
3.36,10.395,5.0488,1.1837,0.45401,0.014993,-0.39155,0.80021,4.4511,-5.3319,-1.8897,-0.080674,-1.2114,0.52629,-7.2525,-16.152,3.0407,0,0,0,6.6283,6.4809,6.6635,6.6966,-14.923,21.885,7.2273,-5.1704,72.383,-8.6256
3.37,10.439,4.9946,1.165,0.45121,0.012509,-0.39831,0.7985,4.3778,-5.4923,-1.8589,-0.073756,-1.2405,0.53595,-7.402,-15.929,3.1126,0,0,0,6.6076,6.4584,6.642,6.6755,-14.972,22.602,7.1395,-4.5549,70.967,-8.9169
3.38,10.483,4.9389,1.1465,0.44836,0.0098614,-0.40506,0.79675,4.3031,-5.6504,-1.8274,-0.066435,-1.2697,0.54564,-7.5519,-15.7,3.1835,0,0,0,6.5862,6.4353,6.62,6.6536,-15.014,23.305,7.0489,-3.931,69.515,-9.207
3.39,10.525,4.8816,1.1284,0.44544,0.0070498,-0.4118,0.79496,4.2268,-5.8063,-1.7953,-0.058718,-1.299,0.55533,-7.7023,-15.463,3.2535,0,0,0,6.5644,6.4118,6.5973,6.6309,-15.05,23.992,6.9554,-3.2989,68.03,-9.4957
3.4,10.567,4.8228,1.1106,0.44247,0.0040729,-0.41851,0.79313,4.149,-5.9597,-1.7624,-0.050615,-1.3284,0.56502,-7.8529,-15.22,3.3226,0,0,0,6.542,6.3879,6.5741,6.6076,-15.08,24.665,6.859,-2.659,66.511,-9.783
3.41,10.608,4.7625,1.0932,0.43945,0.00093005,-0.42521,0.79126,4.0697,-6.1106,-1.7288,-0.042135,-1.3579,0.57469,-8.0038,-14.97,3.3907,0,0,0,6.5194,6.3638,6.5504,6.5837,-15.103,25.323,6.7598,-2.0116,64.961,-10.069
3.42,10.649,4.7006,1.0761,0.43636,-0.0023792,-0.43188,0.78934,3.989,-6.2591,-1.6946,-0.033287,-1.3873,0.58432,-8.155,-14.714,3.4578,0,0,0,6.4964,6.3394,6.5265,6.5593,-15.12,25.964,6.6576,-1.357,63.38,-10.353
3.43,10.688,4.6373,1.0593,0.43321,-0.005855,-0.43854,0.78739,3.9066,-6.4049,-1.6597,-0.024083,-1.4167,0.59391,-8.3062,-14.451,3.5238,0,0,0,6.4733,6.315,6.5022,6.5344,-15.13,26.59,6.5527,-0.69555,61.768,-10.635
3.44,10.727,4.5725,1.0429,0.43001,-0.0094971,-0.44517,0.78538,3.8228,-6.5481,-1.6241,-0.014536,-1.446,0.60342,-8.4575,-14.182,3.5888,0,0,0,6.45,6.2905,6.4778,6.5092,-15.134,27.2,6.4449,-0.027487,60.128,-10.916
3.45,10.764,4.5063,1.0268,0.42675,-0.013305,-0.45177,0.78333,3.7375,-6.6885,-1.5879,-0.0046567,-1.4751,0.61285,-8.6089,-13.907,3.6527,0,0,0,6.4268,6.2662,6.4532,6.4836,-15.131,27.793,6.3344,0.64685,58.459,-11.194
3.46,10.801,4.4388,1.0111,0.42342,-0.017278,-0.45835,0.78123,3.6506,-6.8262,-1.551,0.0055393,-1.504,0.62218,-8.7601,-13.626,3.7155,0,0,0,6.4036,6.2421,6.4287,6.4579,-15.121,28.369,6.2211,1.3271,56.764,-11.471
3.47,10.837,4.3698,0.99579,0.42005,-0.021415,-0.4649,0.77908,3.5623,-6.961,-1.5136,0.016037,-1.5327,0.63137,-8.9113,-13.34,3.7771,0,0,0,6.3805,6.2184,6.4043,6.4319,-15.104,28.928,6.105,2.0131,55.042,-11.745
3.48,10.873,4.2995,0.98085,0.41661,-0.025715,-0.47142,0.77688,3.4724,-7.0929,-1.4755,0.026822,-1.5609,0.64042,-9.0622,-13.048,3.8376,0,0,0,6.3577,6.195,6.38,6.4059,-15.081,29.469,5.9862,2.7044,53.295,-12.017
3.49,10.907,4.228,0.96628,0.41311,-0.030175,-0.47791,0.77462,3.381,-7.2219,-1.4368,0.037875,-1.5887,0.6493,-9.2129,-12.75,3.8969,0,0,0,6.3352,6.1721,6.3559,6.3799,-15.05,29.994,5.8646,3.4007,51.524,-12.287
3.5,10.94,4.1551,0.95211,0.40956,-0.034793,-0.48436,0.7723,3.2882,-7.3479,-1.3976,0.049178,-1.6161,0.65799,-9.3632,-12.448,3.9549,0,0,0,6.3132,6.1498,6.3322,6.354,-15.013,30.5,5.7404,4.1018,49.73,-12.554
3.51,10.973,4.081,0.93833,0.40595,-0.039566,-0.49078,0.76992,3.1938,-7.4709,-1.3577,0.060714,-1.6428,0.66647,-9.5131,-12.14,4.0117,0,0,0,6.2915,6.1282,6.3089,6.3282,-14.968,30.988,5.6136,4.8072,47.914,-12.819
3.52,11.004,4.0057,0.92496,0.40228,-0.044491,-0.49717,0.76748,3.0979,-7.5907,-1.3173,0.07246,-1.6689,0.6747,-9.6625,-11.828,4.0672,0,0,0,6.2705,6.1074,6.2861,6.3026,-14.917,31.458,5.4841,5.5168,46.077,-13.081
3.53,11.035,3.9292,0.91199,0.39856,-0.049565,-0.50351,0.76497,3.0005,-7.7074,-1.2764,0.084395,-1.6942,0.68268,-9.8114,-11.511,4.1213,0,0,0,6.2501,6.0875,6.2639,6.2774,-14.858,31.91,5.352,6.2302,44.219,-13.34
3.54,11.064,3.8516,0.89943,0.39478,-0.054784,-0.50981,0.76239,2.9017,-7.8209,-1.2349,0.096497,-1.7188,0.69037,-9.9597,-11.19,4.1742,0,0,0,6.2304,6.0685,6.2424,6.2525,-14.792,32.342,5.2173,6.947,42.343,-13.596
3.55,11.093,3.7728,0.88729,0.39095,-0.060143,-0.51606,0.75975,2.8013,-7.9312,-1.1929,0.10874,-1.7424,0.69775,-10.107,-10.864,4.2257,0,0,0,6.2115,6.0506,6.2216,6.2281,-14.719,32.756,5.0801,7.6671,40.448,-13.849
3.56,11.12,3.693,0.87557,0.38707,-0.065637,-0.52228,0.75703,2.6995,-8.0382,-1.1504,0.12111,-1.765,0.70479,-10.254,-10.535,4.2758,0,0,0,6.1934,6.0337,6.2016,6.2042,-14.639,33.151,4.9403,8.39,38.536,-14.1
3.57,11.147,3.6121,0.86428,0.38313,-0.071262,-0.52844,0.75424,2.5963,-8.1419,-1.1074,0.13357,-1.7866,0.71148,-10.4,-10.201,4.3245,0,0,0,6.1763,6.0181,6.1824,6.181,-14.551,33.527,4.7981,9.1154,36.608,-14.347
3.58,11.172,3.5301,0.85343,0.37916,-0.077011,-0.53455,0.75138,2.4915,-8.2422,-1.0639,0.14609,-1.807,0.71779,-10.545,-9.8643,4.3717,0,0,0,6.1602,6.0037,6.1643,6.1584,-14.456,33.883,4.6534,9.8431,34.665,-14.59
3.59,11.196,3.4472,0.84301,0.37513,-0.082878,-0.54061,0.74843,2.3854,-8.3392,-1.02,0.15866,-1.8262,0.72369,-10.689,-9.5238,4.4175,0,0,0,6.1451,5.9906,6.1471,6.1366,-14.354,34.22,4.5063,10.573,32.707,-14.831
3.6,11.22,3.3634,0.83303,0.37106,-0.088856,-0.54661,0.74541,2.2778,-8.4327,-0.97558,0.17124,-1.8441,0.72916,-10.832,-9.18,4.4618,0,0,0,6.1311,5.9789,6.1311,6.1156,-14.245,34.537,4.3568,11.304,30.736,-15.067
3.61,11.242,3.2786,0.8235,0.36695,-0.09494,-0.55255,0.7423,2.1687,-8.5228,-0.93075,0.1838,-1.8605,0.73419,-10.974,-8.8331,4.5047,0,0,0,6.1182,5.9686,6.1161,6.0955,-14.128,34.835,4.2049,12.037,28.753,-15.3
3.62,11.263,3.1929,0.81442,0.36281,-0.10112,-0.55844,0.73912,2.0583,-8.6093,-0.8855,0.19632,-1.8755,0.73875,-11.115,-8.4834,4.5459,0,0,0,6.1066,5.9598,6.1024,6.0764,-14.004,35.112,4.0508,12.77,26.759,-15.53
3.63,11.283,3.1064,0.80579,0.35863,-0.10739,-0.56426,0.73584,1.9464,-8.6924,-0.83984,0.20877,-1.889,0.74283,-11.254,-8.1309,4.5857,0,0,0,6.0962,5.9525,6.0899,6.0584,-13.873,35.37,3.8944,13.505,24.754,-15.756
3.64,11.302,3.0191,0.79762,0.35442,-0.11375,-0.57001,0.73248,1.8332,-8.7719,-0.79379,0.22112,-1.9009,0.74641,-11.392,-7.776,4.6238,0,0,0,6.0871,5.9467,6.0787,6.0414,-13.734,35.608,3.7357,14.239,22.74,-15.977
3.65,11.32,2.931,0.78991,0.35019,-0.12018,-0.5757,0.72904,1.7186,-8.8479,-0.74737,0.23334,-1.9111,0.74946,-11.529,-7.4189,4.6604,0,0,0,6.0794,5.9425,6.0689,6.0257,-13.588,35.825,3.5748,14.974,20.718,-16.195
3.66,11.336,2.8421,0.78267,0.34593,-0.12667,-0.58132,0.72551,1.6026,-8.9203,-0.70059,0.2454,-1.9197,0.75199,-11.664,-7.0596,4.6953,0,0,0,6.073,5.9398,6.0604,6.0112,-13.435,36.022,3.4118,15.709,18.688,-16.408
3.67,11.352,2.7526,0.7759,0.34165,-0.13322,-0.58686,0.72189,1.4853,-8.9891,-0.65347,0.25728,-1.9265,0.75398,-11.797,-6.6985,4.7286,0,0,0,6.068,5.9387,6.0533,5.998,-13.274,36.199,3.2467,16.443,16.652,-16.618
3.68,11.366,2.6624,0.76961,0.33736,-0.13982,-0.59233,0.71818,1.3667,-9.0543,-0.60602,0.26894,-1.9315,0.75542,-11.929,-6.3357,4.7602,0,0,0,6.0643,5.9392,6.0476,5.9862,-13.106,36.355,3.0795,17.176,14.611,-16.823
3.69,11.379,2.5715,0.76378,0.33306,-0.14647,-0.59772,0.71438,1.2468,-9.1158,-0.55827,0.28036,-1.9347,0.7563,-12.059,-5.9715,4.7902,0,0,0,6.0621,5.9413,6.0433,5.9758,-12.93,36.491,2.9102,17.908,12.565,-17.023
3.7,11.391,2.4801,0.75844,0.32876,-0.15314,-0.60304,0.7105,1.1255,-9.1737,-0.51022,0.29151,-1.936,0.75662,-12.188,-5.6059,4.8184,0,0,0,6.0613,5.9449,6.0405,5.9668,-12.748,36.606,2.739,18.638,10.516,-17.219
3.71,11.402,2.388,0.75358,0.32446,-0.15983,-0.60827,0.70653,1.003,-9.2279,-0.4619,0.30237,-1.9356,0.75638,-12.314,-5.2394,4.845,0,0,0,6.0619,5.9501,6.0392,5.9593,-12.558,36.701,2.5659,19.367,8.4651,-17.41
3.72,11.411,2.2955,0.7492,0.32016,-0.16654,-0.61342,0.70248,0.87924,-9.2785,-0.41333,0.31292,-1.9333,0.75558,-12.439,-4.872,4.8697,0,0,0,6.064,5.9568,6.0393,5.9534,-12.36,36.775,2.3908,20.094,6.4123,-17.597
3.73,11.419,2.2025,0.74532,0.31588,-0.17326,-0.61849,0.69834,0.75424,-9.3254,-0.36451,0.32313,-1.9292,0.75422,-12.562,-4.504,4.8928,0,0,0,6.0675,5.965,6.0409,5.949,-12.156,36.829,2.214,20.818,4.3592,-17.778
3.74,11.426,2.109,0.74192,0.31161,-0.17997,-0.62347,0.69412,0.62802,-9.3686,-0.31548,0.33298,-1.9233,0.75231,-12.682,-4.1355,4.914,0,0,0,6.0723,5.9746,6.044,5.9462,-11.944,36.863,2.0353,21.54,2.3065,-17.955
3.75,11.432,2.0151,0.73901,0.30736,-0.18667,-0.62836,0.68982,0.50061,-9.4081,-0.26624,0.34245,-1.9156,0.74986,-12.8,-3.7668,4.9335,0,0,0,6.0786,5.9856,6.0484,5.945,-11.725,36.875,1.8549,22.259,0.25551,-18.127
3.76,11.436,1.9209,0.73659,0.30314,-0.19335,-0.63317,0.68544,0.37202,-9.4439,-0.21682,0.35152,-1.9062,0.74687,-12.916,-3.398,4.9511,0,0,0,6.0862,5.998,6.0543,5.9454,-11.499,36.868,1.6728,22.974,-1.793,-18.293
3.77,11.439,1.8263,0.73467,0.29895,-0.2,-0.63788,0.68098,0.24229,-9.476,-0.16722,0.36018,-1.8951,0.74336,-13.03,-3.0295,4.9669,0,0,0,6.0952,6.0117,6.0616,5.9474,-11.265,36.84,1.489,23.686,-3.8379,-18.455
3.78,11.441,1.7314,0.73325,0.2948,-0.20662,-0.64251,0.67645,0.11142,-9.5045,-0.11748,0.36841,-1.8823,0.73935,-13.142,-2.6613,4.9809,0,0,0,6.1054,6.0266,6.0703,5.951,-11.025,36.791,1.3037,24.393,-5.8784,-18.61
3.79,11.442,1.6362,0.73232,0.29069,-0.21319,-0.64705,0.67185,-0.020542,-9.5293,-0.067613,0.3762,-1.8679,0.73484,-13.251,-2.2937,4.993,0,0,0,6.117,6.0428,6.0802,5.9562,-10.778,36.722,1.1168,25.097,-7.9133,-18.761
3.8,11.441,1.5408,0.7319,0.28662,-0.21972,-0.65149,0.66718,-0.15358,-9.5504,-0.01763,0.38354,-1.852,0.72987,-13.357,-1.9269,5.0032,0,0,0,6.1297,6.0601,6.0915,5.9629,-10.523,36.633,0.9285,25.796,-9.9417,-18.905
3.81,11.438,1.4452,0.73197,0.28261,-0.22618,-0.65585,0.66245,-0.28768,-9.5678,0.032445,0.39042,-1.8347,0.72444,-13.461,-1.5611,5.0116,0,0,0,6.1436,6.0784,6.104,5.9712,-10.262,36.523,0.73874,26.49,-11.963,-19.045
3.82,11.435,1.3494,0.73254,0.27865,-0.23259,-0.66011,0.65765,-0.4228,-9.5816,0.082594,0.39682,-1.816,0.71858,-13.563,-1.1965,5.018,0,0,0,6.1587,6.0977,6.1176,5.981,-9.9933,36.394,0.54763,27.179,-13.975,-19.178
3.83,11.43,1.2536,0.73362,0.27475,-0.23892,-0.66428,0.6528,-0.55892,-9.5917,0.1328,0.40276,-1.796,0.71231,-13.661,-0.83333,5.0225,0,0,0,6.1748,6.118,6.1325,5.9922,-9.7181,36.244,0.35521,27.862,-15.978,-19.305
3.84,11.424,1.1576,0.7352,0.27092,-0.24518,-0.66837,0.6479,-0.69601,-9.5983,0.18304,0.40821,-1.7748,0.70566,-13.757,-0.47173,5.0251,0,0,0,6.1919,6.1391,6.1484,6.0049,-9.4361,36.074,0.16154,28.54,-17.971,-19.427
3.85,11.416,1.0616,0.73728,0.26715,-0.25136,-0.67236,0.64294,-0.83405,-9.6012,0.23329,0.41318,-1.7525,0.69865,-13.85,-0.11192,5.0257,0,0,0,6.21,6.161,6.1653,6.0189,-9.1473,35.884,-0.033305,29.211,-19.952,-19.542
3.86,11.407,0.9656,0.73987,0.26346,-0.25746,-0.67626,0.63794,-0.973,-9.6005,0.28355,0.41767,-1.7291,0.6913,-13.94,0.24589,5.0244,0,0,0,6.2289,6.1836,6.1831,6.0342,-8.8519,35.675,-0.22927,29.876,-21.92,-19.651
3.87,11.397,0.86962,0.74295,0.25984,-0.26347,-0.68008,0.6329,-1.1128,-9.5963,0.33378,0.42169,-1.7048,0.68364,-14.027,0.60152,5.0211,0,0,0,6.2487,6.2069,6.2019,6.0507,-8.5498,35.446,-0.4263,30.535,-23.876,-19.754
3.88,11.385,0.77369,0.74654,0.25629,-0.26938,-0.68381,0.62782,-1.2535,-9.5885,0.38396,0.42522,-1.6797,0.67569,-14.111,0.95475,5.0159,0,0,0,6.2692,6.2307,6.2215,6.0683,-8.2412,35.198,-0.62433,31.186,-25.817,-19.85
3.89,11.372,0.67786,0.75063,0.25283,-0.2752,-0.68745,0.6227,-1.395,-9.5772,0.43409,0.42828,-1.6537,0.66748,-14.192,1.3054,5.0086,0,0,0,6.2904,6.255,6.2418,6.087,-7.9261,34.93,-0.82328,31.83,-27.742,-19.94
3.9,11.357,0.58216,0.75522,0.24945,-0.28092,-0.69101,0.61755,-1.5373,-9.5624,0.48413,0.43087,-1.6271,0.65904,-14.269,1.6533,4.9994,0,0,0,6.3122,6.2797,6.2628,6.1067,-7.6046,34.643,-1.0231,32.466,-29.651,-20.023
3.91,11.341,0.48662,0.76031,0.24615,-0.28654,-0.69448,0.61238,-1.6804,-9.5441,0.53407,0.43299,-1.5999,0.65038,-14.344,1.9982,4.9882,0,0,0,6.3345,6.3047,6.2843,6.1273,-7.2768,34.337,-1.2237,33.095,-31.543,-20.1
3.92,11.323,0.39129,0.7659,0.24294,-0.29205,-0.69787,0.60718,-1.8242,-9.5224,0.58389,0.43466,-1.5722,0.64154,-14.415,2.34,4.9749,0,0,0,6.3572,6.33,6.3064,6.1486,-6.9428,34.012,-1.4251,33.715,-33.416,-20.169
3.93,11.304,0.29619,0.77199,0.23981,-0.29745,-0.70118,0.60196,-1.9687,-9.4973,0.63356,0.43589,-1.5441,0.63253,-14.482,2.6784,4.9597,0,0,0,6.3803,6.3554,6.3289,6.1707,-6.6026,33.669,-1.6271,34.326,-35.27,-20.232
3.94,11.284,0.20135,0.77857,0.23678,-0.30275,-0.70441,0.59673,-2.1138,-9.4689,0.68307,0.43667,-1.5156,0.62339,-14.547,3.0133,4.9424,0,0,0,6.4037,6.381,6.3518,6.1934,-6.2563,33.307,-1.8297,34.929,-37.104,-20.288
3.95,11.262,0.10682,0.78565,0.23383,-0.30794,-0.70756,0.59148,-2.2596,-9.4371,0.7324,0.43702,-1.4868,0.61412,-14.608,3.3444,4.9231,0,0,0,6.4272,6.4065,6.3749,6.2166,-5.904,32.927,-2.0328,35.522,-38.917,-20.336
3.96,11.239,0.01262,0.79322,0.23097,-0.31302,-0.71064,0.58622,-2.406,-9.402,0.78153,0.43695,-1.4579,0.60477,-14.665,3.6717,4.9017,0,0,0,6.4509,6.432,6.3982,6.2403,-5.5459,32.528,-2.2364,36.106,-40.707,-20.377
3.97,11.214,-0.081211,0.80128,0.22821,-0.31798,-0.71364,0.58096,-2.5529,-9.3637,0.83043,0.43647,-1.4288,0.59533,-14.719,3.995,4.8784,0,0,0,6.4746,6.4573,6.4216,6.2642,-5.1819,32.112,-2.4403,36.68,-42.474,-20.411
3.98,11.188,-0.17464,0.80983,0.22554,-0.32284,-0.71658,0.5757,-2.7003,-9.3221,0.87909,0.43559,-1.3997,0.58585,-14.768,4.3139,4.8529,0,0,0,6.4982,6.4824,6.445,6.2884,-4.8123,31.679,-2.6446,37.244,-44.216,-20.438
3.99,11.16,-0.26764,0.81886,0.22295,-0.32758,-0.71944,0.57043,-2.8483,-9.2774,0.92748,0.43432,-1.3706,0.57632,-14.815,4.6285,4.8255,0,0,0,6.5217,6.5073,6.4684,6.3127,-4.4371,31.228,-2.8491,37.798,-45.934,-20.457
4,11.131,-0.36018,0.82838,0.22046,-0.33221,-0.72223,0.56517,-2.9966,-9.2296,0.97559,0.43268,-1.3415,0.56678,-14.857,4.9384,4.7959,0,0,0,6.545,6.5317,6.4916,6.337,-4.0564,30.76,-3.0537,38.341,-47.625,-20.468
4.01,11.1,-0.45222,0.83837,0.21806,-0.33673,-0.72495,0.55992,-3.1454,-9.1787,1.0234,0.43067,-1.3126,0.55724,-14.896,5.2436,4.7644,0,0,0,6.568,6.5557,6.5145,6.3612,-3.6703,30.276,-3.2584,38.872,-49.289,-20.472
4.02,11.068,-0.54374,0.84885,0.21575,-0.34114,-0.72761,0.55467,-3.2945,-9.1247,1.0709,0.42831,-1.2838,0.54771,-14.931,5.5439,4.7308,0,0,0,6.5906,6.5792,6.5371,6.3852,-3.279,29.775,-3.4631,39.393,-50.924,-20.467
4.03,11.034,-0.63471,0.85979,0.21352,-0.34543,-0.73021,0.54943,-3.444,-9.0678,1.118,0.42561,-1.2552,0.53821,-14.961,5.8391,4.6951,0,0,0,6.6127,6.602,6.5593,6.409,-2.8825,29.257,-3.6677,39.902,-52.531,-20.455
4.04,10.999,-0.72509,0.8712,0.21139,-0.34961,-0.73275,0.54421,-3.5937,-9.008,1.1648,0.42257,-1.2269,0.52876,-14.988,6.129,4.6574,0,0,0,6.6342,6.6242,6.581,6.4323,-2.481,28.724,-3.8722,40.398,-54.107,-20.435
4.05,10.962,-0.81486,0.88308,0.20934,-0.35369,-0.73523,0.539,-3.7437,-8.9452,1.2111,0.41921,-1.1989,0.51936,-15.011,6.4135,4.6177,0,0,0,6.6551,6.6457,6.6021,6.4552,-2.0745,28.175,-4.0764,40.883,-55.652,-20.406
4.06,10.924,-0.90398,0.89543,0.20737,-0.35766,-0.73765,0.53381,-3.894,-8.8797,1.2571,0.41555,-1.1712,0.51003,-15.03,6.6925,4.5759,0,0,0,6.6753,6.6663,6.6225,6.4775,-1.6633,27.611,-4.2803,41.355,-57.165,-20.369
4.07,10.884,-0.99244,0.90822,0.20549,-0.36151,-0.74002,0.52864,-4.0443,-8.8114,1.3027,0.41158,-1.1438,0.50078,-15.044,6.9657,4.5321,0,0,0,6.6948,6.686,6.6422,6.4992,-1.2475,27.032,-4.4837,41.814,-58.645,-20.324
4.08,10.843,-1.0802,0.92148,0.20369,-0.36526,-0.74233,0.52349,-4.1948,-8.7404,1.3477,0.40733,-1.1169,0.49162,-15.055,7.233,4.4862,0,0,0,6.7133,6.7047,6.6611,6.52,-0.82712,26.439,-4.6867,42.259,-60.091,-20.27
4.09,10.8,-1.1672,0.93518,0.20197,-0.36891,-0.74459,0.51836,-4.3454,-8.6668,1.3924,0.40279,-1.0903,0.48256,-15.061,7.4944,4.4383,0,0,0,6.7309,6.7224,6.6791,6.5401,-0.40235,25.831,-4.8891,42.692,-61.501,-20.208
4.1,10.756,-1.2535,0.94932,0.20034,-0.37245,-0.7468,0.51325,-4.496,-8.5905,1.4365,0.39799,-1.0642,0.47362,-15.063,7.7496,4.3884,0,0,0,6.7475,6.739,6.6961,6.5592,0.026666,25.209,-5.0908,43.11,-62.876,-20.137
4.11,10.71,-1.339,0.96391,0.19877,-0.37589,-0.74897,0.50817,-4.6466,-8.5118,1.4801,0.39292,-1.0386,0.46478,-15.06,7.9985,4.3365,0,0,0,6.7629,6.7545,6.7121,6.5773,0.4598,24.573,-5.2918,43.514,-64.213,-20.057
4.12,10.663,-1.4238,0.97892,0.19729,-0.37923,-0.75109,0.50312,-4.7972,-8.4306,1.5232,0.3876,-1.0134,0.45608,-15.053,8.241,4.2826,0,0,0,6.7772,6.7687,6.727,6.5942,0.8969,23.924,-5.492,43.904,-65.512,-19.968
4.13,10.615,-1.5076,0.99437,0.19588,-0.38246,-0.75317,0.49809,-4.9477,-8.347,1.5658,0.38204,-0.98877,0.4475,-15.042,8.477,4.2267,0,0,0,6.7903,6.7815,6.7406,6.61,1.3378,23.263,-5.6912,44.279,-66.772,-19.871
4.14,10.564,-1.5907,1.0102,0.19453,-0.3856,-0.7552,0.49309,-5.098,-8.2611,1.6078,0.37623,-0.96461,0.43906,-15.027,8.7063,4.1688,0,0,0,6.8021,6.793,6.753,6.6246,1.7824,22.589,-5.8893,44.639,-67.992,-19.764
4.15,10.513,-1.6729,1.0265,0.19326,-0.38864,-0.75719,0.48812,-5.2482,-8.1729,1.6491,0.37019,-0.94096,0.43077,-15.007,8.9287,4.1089,0,0,0,6.8125,6.8031,6.7641,6.6378,2.2305,21.903,-6.0864,44.983,-69.171,-19.648
4.16,10.459,-1.7541,1.0432,0.19206,-0.39158,-0.75915,0.48318,-5.3982,-8.0825,1.6899,0.36393,-0.91785,0.42262,-14.982,9.1443,4.0471,0,0,0,6.8215,6.8117,6.7738,6.6496,2.682,21.206,-6.2823,45.312,-70.308,-19.523
4.17,10.405,-1.8345,1.0603,0.19092,-0.39443,-0.76107,0.47827,-5.5478,-7.99,1.7301,0.35745,-0.89528,0.41463,-14.953,9.3528,3.9833,0,0,0,6.829,6.8187,6.782,6.6599,3.1367,20.497,-6.4768,45.625,-71.402,-19.388
4.18,10.348,-1.9139,1.0778,0.18985,-0.39719,-0.76296,0.47339,-5.6972,-7.8955,1.7696,0.35075,-0.87325,0.4068,-14.919,9.5542,3.9175,0,0,0,6.8349,6.8241,6.7887,6.6687,3.5945,19.778,-6.67,45.921,-72.452,-19.243
4.19,10.291,-1.9924,1.0957,0.18883,-0.39985,-0.76481,0.46854,-5.8462,-7.799,1.8084,0.34383,-0.85177,0.39912,-14.881,9.7483,3.8499,0,0,0,6.8393,6.8278,6.7938,6.6759,4.0551,19.048,-6.8617,46.201,-73.457,-19.09
4.2,10.231,-2.0699,1.114,0.18788,-0.40242,-0.76663,0.46372,-5.9948,-7.7005,1.8466,0.33671,-0.83085,0.39162,-14.838,9.9351,3.7803,0,0,0,6.8419,6.8298,6.7973,6.6815,4.5185,18.309,-7.0517,46.464,-74.416,-18.926
4.21,10.171,-2.1464,1.1326,0.18698,-0.4049,-0.76843,0.45893,-6.143,-7.6003,1.884,0.32938,-0.81049,0.38428,-14.791,10.114,3.7088,0,0,0,6.8429,6.8301,6.7991,6.6853,4.9843,17.56,-7.2401,46.71,-75.328,-18.752
4.22,10.109,-2.2219,1.1517,0.18614,-0.4073,-0.77019,0.45417,-6.2906,-7.4983,1.9208,0.32185,-0.7907,0.37711,-14.739,10.286,3.6355,0,0,0,6.842,6.8285,6.7991,6.6873,5.4526,16.803,-7.4268,46.938,-76.192,-18.569
4.23,10.045,-2.2964,1.1711,0.18535,-0.4096,-0.77193,0.44944,-6.4377,-7.3946,1.9567,0.31411,-0.77147,0.37012,-14.682,10.451,3.5603,0,0,0,6.8394,6.825,6.7974,6.6875,5.923,16.037,-7.6115,47.148,-77.007,-18.375
4.24,9.9799,-2.3698,1.1908,0.18461,-0.41182,-0.77365,0.44474,-6.5842,-7.2893,1.992,0.30618,-0.75282,0.36331,-14.62,10.607,3.4833,0,0,0,6.8348,6.8196,6.7938,6.6859,6.3955,15.263,-7.7942,47.341,-77.772,-18.172
4.25,9.9133,-2.4422,1.2109,0.18393,-0.41396,-0.77534,0.44007,-6.7301,-7.1825,2.0264,0.29803,-0.73473,0.35668,-14.554,10.756,3.4044,0,0,0,6.8284,6.8122,6.7884,6.6823,6.8698,14.481,-7.9749,47.514,-78.486,-17.958
4.26,9.8453,-2.5134,1.2313,0.18328,-0.41601,-0.77701,0.43542,-6.8753,-7.0742,2.06,0.28969,-0.71723,0.35024,-14.483,10.897,3.3238,0,0,0,6.82,6.8028,6.781,6.6767,7.3457,13.693,-8.1534,47.669,-79.149,-17.734
4.27,9.7758,-2.5836,1.2521,0.18269,-0.41798,-0.77867,0.43081,-7.0197,-6.9646,2.0929,0.28113,-0.7003,0.34398,-14.407,11.03,3.2414,0,0,0,6.8096,6.7913,6.7717,6.6691,7.8231,12.898,-8.3295,47.805,-79.758,-17.499
4.28,9.7049,-2.6527,1.2732,0.18213,-0.41986,-0.7803,0.42622,-7.1634,-6.8536,2.1249,0.27237,-0.68395,0.33792,-14.326,11.155,3.1572,0,0,0,6.7972,6.7778,6.7603,6.6595,8.3018,12.098,-8.5033,47.921,-80.314,-17.254
4.29,9.6325,-2.7207,1.2946,0.18162,-0.42167,-0.78193,0.42166,-7.3062,-6.7415,2.156,0.2634,-0.66818,0.33205,-14.241,11.272,3.0713,0,0,0,6.7827,6.7621,6.7469,6.6478,8.7815,11.292,-8.6746,48.018,-80.814,-16.998
4.3,9.5588,-2.7876,1.3163,0.18114,-0.4234,-0.78353,0.41713,-7.4482,-6.6282,2.1863,0.25421,-0.653,0.32637,-14.151,11.38,2.9837,0,0,0,6.7661,6.7442,6.7315,6.6339,9.262,10.482,-8.8432,48.095,-81.259,-16.731
4.31,9.4836,-2.8533,1.3383,0.1807,-0.42504,-0.78513,0.41262,-7.5892,-6.5139,2.2157,0.2448,-0.63841,0.3209,-14.056,11.481,2.8945,0,0,0,6.7474,6.7241,6.7139,6.6179,9.7433,9.6674,-9.0092,48.151,-81.647,-16.454
4.32,9.407,-2.9178,1.3606,0.1803,-0.42661,-0.78672,0.40814,-7.7293,-6.3986,2.2442,0.23516,-0.62441,0.31563,-13.956,11.574,2.8036,0,0,0,6.7265,6.7018,6.6942,6.5998,10.225,8.8492,-9.1723,48.186,-81.977,-16.165
4.33,9.329,-2.9812,1.3832,0.17993,-0.4281,-0.78829,0.40368,-7.8683,-6.2825,2.2717,0.22529,-0.61101,0.31056,-13.851,11.658,2.711,0,0,0,6.7035,6.6772,6.6724,6.5794,10.707,8.028,-9.3324,48.201,-82.249,-15.866
4.34,9.2496,-3.0435,1.406,0.17959,-0.42951,-0.78986,0.39924,-8.0063,-6.1655,2.2984,0.21518,-0.59821,0.30571,-13.742,11.734,2.6169,0,0,0,6.6782,6.6503,6.6484,6.5568,11.189,7.2045,-9.4895,48.195,-82.46,-15.555
4.35,9.1689,-3.1045,1.4291,0.17927,-0.43084,-0.79143,0.39482,-8.1432,-6.0478,2.3241,0.20482,-0.58602,0.30108,-13.627,11.802,2.5213,0,0,0,6.6507,6.6211,6.6222,6.532,11.671,6.379,-9.6435,48.166,-82.611,-15.233
4.36,9.0868,-3.1644,1.4525,0.17898,-0.4321,-0.79299,0.39041,-8.2788,-5.9295,2.3488,0.19419,-0.57444,0.29667,-13.508,11.862,2.4241,0,0,0,6.6209,6.5895,6.5939,6.5049,12.152,5.5524,-9.7942,48.116,-82.7,-14.899
4.37,9.0033,-3.2231,1.4761,0.17872,-0.43328,-0.79455,0.38603,-8.4133,-5.8106,2.3725,0.1833,-0.5635,0.29249,-13.384,11.913,2.3254,0,0,0,6.5889,6.5556,6.5632,6.4755,12.633,4.7253,-9.9414,48.044,-82.726,-14.554
4.38,8.9185,-3.2806,1.5,0.17848,-0.43439,-0.79611,0.38166,-8.5465,-5.6913,2.3953,0.17212,-0.55319,0.28854,-13.255,11.956,2.2252,0,0,0,6.5546,6.5193,6.5304,6.4439,13.113,3.8981,-10.085,47.949,-82.688,-14.198
4.39,8.8324,-3.337,1.524,0.17825,-0.43542,-0.79767,0.37731,-8.6784,-5.5715,2.417,0.16065,-0.54353,0.28484,-13.122,11.991,2.1237,0,0,0,6.518,6.4805,6.4953,6.4099,13.592,3.0717,-10.225,47.832,-82.586,-13.83
4.4,8.7449,-3.3921,1.5483,0.17804,-0.43637,-0.79924,0.37297,-8.8089,-5.4515,2.4378,0.14886,-0.53454,0.28138,-12.984,12.018,2.0208,0,0,0,6.4791,6.4393,6.458,6.3737,14.07,2.2466,-10.362,47.691,-82.418,-13.449
4.41,8.6562,-3.446,1.5728,0.17785,-0.43725,-0.80081,0.36863,-8.938,-5.3312,2.4575,0.13676,-0.52622,0.27817,-12.841,12.036,1.9165,0,0,0,6.4379,6.3957,6.4185,6.3353,14.546,1.4236,-10.494,47.527,-82.183,-13.058
4.42,8.5662,-3.4987,1.5974,0.17767,-0.43805,-0.80239,0.36431,-9.0657,-5.2108,2.4761,0.12431,-0.51861,0.27524,-12.693,12.046,1.8109,0,0,0,6.3944,6.3496,6.3767,6.2945,15.02,0.6032,-10.623,47.339,-81.881,-12.654
4.43,8.4749,-3.5502,1.6223,0.1775,-0.43877,-0.80398,0.35999,-9.1919,-5.0903,2.4937,0.1115,-0.51171,0.27257,-12.54,12.048,1.704,0,0,0,6.3487,6.3011,6.3327,6.2514,15.492,-0.21381,-10.747,47.128,-81.51,-12.238
4.44,8.3823,-3.6005,1.6473,0.17733,-0.43942,-0.80558,0.35568,-9.3165,-4.9698,2.5102,0.098309,-0.50555,0.27019,-12.383,12.042,1.5959,0,0,0,6.3006,6.2501,6.2865,6.2061,15.963,-1.0268,-10.868,46.892,-81.073,-11.81
4.45,8.2886,-3.6496,1.6725,0.17717,-0.43999,-0.80719,0.35137,-9.4395,-4.8495,2.5256,0.08472,-0.50017,0.26811,-12.221,12.028,1.4867,0,0,0,6.2502,6.1966,6.2381,6.1586,16.43,-1.835,-10.984,46.634,-80.57,-11.371
4.46,8.1936,-3.6975,1.6978,0.17701,-0.44048,-0.80882,0.34706,-9.5609,-4.7293,2.5399,0.070707,-0.49557,0.26634,-12.054,12.005,1.3763,0,0,0,6.1976,6.1406,6.1875,6.1088,16.895,-2.638,-11.095,46.352,-80.003,-10.921
4.47,8.0973,-3.7442,1.7233,0.17685,-0.4409,-0.81047,0.34274,-9.6806,-4.6094,2.5531,0.056244,-0.4918,0.26489,-11.883,11.975,1.2648,0,0,0,6.1427,6.0822,6.1347,6.0568,17.357,-3.4349,-11.202,46.048,-79.373,-10.46
4.48,8,-3.7897,1.7489,0.17668,-0.44123,-0.81214,0.33842,-9.7986,-4.4898,2.5652,0.041304,-0.48889,0.26377,-11.707,11.937,1.1523,0,0,0,6.0856,6.0212,6.0797,6.0025,17.816,-4.2252,-11.304,45.721,-78.681,-9.9893
4.49,7.9014,-3.834,1.7746,0.1765,-0.44149,-0.81383,0.33409,-9.9147,-4.3707,2.5761,0.025857,-0.48688,0.263,-11.527,11.89,1.0387,0,0,0,6.0262,5.9578,6.0226,5.9462,18.271,-5.0083,-11.402,45.373,-77.928,-9.5083
4.5,7.8017,-3.8771,1.8004,0.17632,-0.44167,-0.81554,0.32975,-10.029,-4.252,2.586,0.0098691,-0.48581,0.2626,-11.342,11.837,0.92425,0,0,0,5.9647,5.8919,5.9635,5.8876,18.723,-5.7836,-11.494,45.002,-77.117,-9.0176
4.51,7.7008,-3.919,1.8263,0.17611,-0.44176,-0.81728,0.32539,-10.142,-4.134,2.5946,-0.0066946,-0.48572,0.26259,-11.152,11.775,0.80887,0,0,0,5.901,5.8235,5.9023,5.827,19.171,-6.5505,-11.582,44.61,-76.248,-8.5176
4.52,7.5988,-3.9598,1.8523,0.17589,-0.44177,-0.81905,0.32102,-10.252,-4.0166,2.6021,-0.023873,-0.48668,0.26298,-10.958,11.706,0.69263,0,0,0,5.8351,5.7526,5.839,5.7643,19.616,-7.3083,-11.665,44.197,-75.322,-8.0086
4.53,7.4958,-3.9994,1.8783,0.17564,-0.4417,-0.82086,0.31662,-10.361,-3.8999,2.6085,-0.041707,-0.48872,0.2638,-10.76,11.629,0.57559,0,0,0,5.7671,5.6792,5.7738,5.6995,20.055,-8.0567,-11.742,43.763,-74.341,-7.4909
4.54,7.3916,-4.0378,1.9045,0.17537,-0.44154,-0.82269,0.3122,-10.467,-3.784,2.6136,-0.060243,-0.49193,0.26507,-10.557,11.544,0.4578,0,0,0,5.6971,5.6033,5.7066,5.6328,20.491,-8.795,-11.814,43.309,-73.306,-6.9649
4.55,7.2864,-4.075,1.9306,0.17506,-0.44129,-0.82457,0.30775,-10.572,-3.669,2.6176,-0.079529,-0.49637,0.26681,-10.35,11.453,0.33932,0,0,0,5.625,5.525,5.6376,5.5641,20.921,-9.5226,-11.881,42.834,-72.218,-6.4309
4.56,7.1802,-4.1112,1.9568,0.17471,-0.44095,-0.82648,0.30327,-10.674,-3.555,2.6204,-0.09962,-0.50211,0.26905,-10.139,11.354,0.22019,0,0,0,5.5509,5.4442,5.5667,5.4936,21.347,-10.239,-11.943,42.339,-71.079,-5.8892
4.57,7.073,-4.1461,1.983,0.17431,-0.44051,-0.82844,0.29875,-10.775,-3.442,2.622,-0.12057,-0.50925,0.27183,-9.9232,11.248,0.10048,0,0,0,5.4749,5.3609,5.494,5.4212,21.768,-10.944,-11.999,41.825,-69.89,-5.3402
4.58,6.9647,-4.18,2.0092,0.17387,-0.43999,-0.83044,0.29419,-10.873,-3.3301,2.6224,-0.14245,-0.51788,0.27517,-9.7035,11.135,-0.01977,0,0,0,5.397,5.2752,5.4197,5.3471,22.184,-11.637,-12.05,41.291,-68.652,-4.7842
4.59,6.8555,-4.2127,2.0355,0.17337,-0.43936,-0.83249,0.28958,-10.969,-3.2193,2.6216,-0.16532,-0.52811,0.27912,-9.4796,11.015,-0.1405,0,0,0,5.3172,5.1869,5.3437,5.2713,22.594,-12.317,-12.095,40.738,-67.366,-4.2215
4.6,6.7454,-4.2444,2.0617,0.17281,-0.43863,-0.8346,0.28493,-11.062,-3.1098,2.6196,-0.18925,-0.54006,0.28372,-9.2516,10.889,-0.26165,0,0,0,5.2357,5.0962,5.2661,5.1939,22.998,-12.984,-12.134,40.166,-66.034,-3.6525
4.61,6.6343,-4.2749,2.0878,0.17217,-0.4378,-0.83676,0.28021,-11.154,-3.0015,2.6164,-0.21434,-0.55386,0.28899,-9.0196,10.756,-0.38316,0,0,0,5.1524,5.0029,5.187,5.1149,23.397,-13.637,-12.168,39.576,-64.657,-3.0775
4.62,6.5223,-4.3044,2.114,0.17146,-0.43686,-0.83898,0.27544,-11.243,-2.8947,2.612,-0.24065,-0.56967,0.29501,-8.7837,10.616,-0.50498,0,0,0,5.0675,4.9072,5.1066,5.0345,23.79,-14.277,-12.196,38.968,-63.237,-2.4969
4.63,6.4094,-4.3328,2.1401,0.17065,-0.43581,-0.84126,0.2706,-11.329,-2.7892,2.6063,-0.2683,-0.58763,0.30182,-8.5439,10.47,-0.62706,0,0,0,4.981,4.8089,5.0248,4.9528,24.176,-14.902,-12.218,38.342,-61.774,-1.9109
4.64,6.2957,-4.3602,2.1661,0.16974,-0.43464,-0.84361,0.26569,-11.414,-2.6853,2.5994,-0.29738,-0.60795,0.30947,-8.3002,10.318,-0.74932,0,0,0,4.8929,4.708,4.9418,4.8698,24.557,-15.512,-12.234,37.699,-60.27,-1.3199
4.65,6.1812,-4.3866,2.1921,0.16873,-0.43335,-0.84603,0.2607,-11.495,-2.5829,2.5913,-0.328,-0.63082,0.31804,-8.0527,10.16,-0.87172,0,0,0,4.8035,4.6046,4.8577,4.7857,24.93,-16.107,-12.244,37.038,-58.727,-0.72429
4.66,6.0658,-4.4119,2.2179,0.16759,-0.43194,-0.84853,0.25562,-11.575,-2.4821,2.582,-0.36029,-0.65648,0.32759,-7.8016,9.9961,-0.99418,0,0,0,4.7127,4.4986,4.7726,4.7006,25.297,-16.687,-12.248,36.36,-57.144,-0.12435
4.67,5.9497,-4.4362,2.2437,0.16631,-0.43039,-0.8511,0.25045,-11.651,-2.383,2.5714,-0.39439,-0.68517,0.33821,-7.5468,9.8264,-1.1167,0,0,0,4.6207,4.3899,4.6866,4.6145,25.658,-17.25,-12.247,35.666,-55.525,0.47958
4.68,5.8328,-4.4595,2.2694,0.16488,-0.4287,-0.85376,0.24518,-11.726,-2.2856,2.5597,-0.43043,-0.71718,0.34998,-7.2885,9.6511,-1.2391,0,0,0,4.5276,4.2785,4.5999,4.5277,26.011,-17.797,-12.239,34.955,-53.87,1.0872
4.69,5.7152,-4.4819,2.2949,0.16328,-0.42687,-0.85651,0.23981,-11.797,-2.19,2.5467,-0.46858,-0.75284,0.36299,-7.0266,9.4705,-1.3614,0,0,0,4.4334,4.1643,4.5126,4.4403,26.357,-18.327,-12.225,34.229,-52.18,1.6981
4.7,5.5969,-4.5034,2.3203,0.1615,-0.42489,-0.85935,0.23431,-11.866,-2.0962,2.5324,-0.50901,-0.79249,0.37735,-6.7614,9.2847,-1.4836,0,0,0,4.3383,4.0472,4.4249,4.3525,26.695,-18.841,-12.205,33.486,-50.456,2.312
4.71,5.4779,-4.5239,2.3455,0.15951,-0.42274,-0.86229,0.22869,-11.932,-2.0043,2.517,-0.5519,-0.83654,0.39317,-6.4928,9.0938,-1.6055,0,0,0,4.2425,3.9272,4.3369,4.2644,27.026,-19.336,-12.179,32.729,-48.701,2.9285
4.72,5.3582,-4.5434,2.3706,0.15729,-0.42043,-0.86533,0.22294,-11.996,-1.9143,2.5003,-0.59747,-0.88542,0.41059,-6.2209,8.898,-1.7271,0,0,0,4.1461,3.8042,4.2488,4.1762,27.35,-19.815,-12.146,31.956,-46.915,3.5473
4.73,5.238,-4.5621,2.3955,0.15481,-0.41793,-0.86848,0.21704,-12.057,-1.8264,2.4824,-0.64594,-0.93964,0.42974,-5.9458,8.6975,-1.8484,0,0,0,4.0492,3.6781,4.1609,4.0881,27.665,-20.275,-12.108,31.168,-45.099,4.1682
4.74,5.1171,-4.58,2.4203,0.15205,-0.41524,-0.87174,0.21099,-12.115,-1.7404,2.4634,-0.69755,-0.99975,0.45077,-5.6676,8.4926,-1.9693,0,0,0,3.952,3.5487,4.0732,4.0003,27.973,-20.716,-12.063,30.366,-43.255,4.7906
4.75,4.9957,-4.597,2.4448,0.14898,-0.41236,-0.87512,0.20478,-12.17,-1.6565,2.4431,-0.75256,-1.0664,0.47386,-5.3863,8.2833,-2.0896,0,0,0,3.8547,3.4159,3.9861,3.9131,28.273,-21.14,-12.012,29.55,-41.384,5.4144
4.76,4.8737,-4.6131,2.4691,0.14556,-0.40925,-0.87862,0.19838,-12.223,-1.5748,2.4216,-0.81127,-1.1401,0.49918,-5.1022,8.0698,-2.2095,0,0,0,3.7576,3.2795,3.8998,3.8266,28.564,-21.544,-11.955,28.719,-39.488,6.0392
4.77,4.7512,-4.6285,2.4932,0.14176,-0.40591,-0.88224,0.19181,-12.272,-1.4951,2.3989,-0.87397,-1.2219,0.52695,-4.8151,7.8524,-2.3287,0,0,0,3.6608,3.1395,3.8145,3.7412,28.847,-21.929,-11.891,27.875,-37.567,6.6646
4.78,4.6283,-4.643,2.5171,0.13752,-0.40233,-0.88599,0.18503,-12.319,-1.4177,2.375,-0.941,-1.3124,0.55737,-4.5252,7.6313,-2.4473,0,0,0,3.5646,2.9955,3.7306,3.657,29.121,-22.295,-11.821,27.018,-35.623,7.2903
4.79,4.5049,-4.6568,2.5407,0.13281,-0.39848,-0.88987,0.17804,-12.363,-1.3425,2.3499,-1.0127,-1.4126,0.59068,-4.2327,7.4066,-2.5651,0,0,0,3.4693,2.8476,3.6483,3.5744,29.387,-22.642,-11.745,26.148,-33.658,7.916
4.8,4.381,-4.6699,2.5641,0.12757,-0.39435,-0.89389,0.17083,-12.403,-1.2696,2.3237,-1.0895,-1.5235,0.62713,-3.9375,7.1785,-2.6822,0,0,0,3.3752,2.6956,3.5681,3.4936,29.644,-22.968,-11.663,25.265,-31.672,8.5414
4.81,4.2568,-4.6822,2.5872,0.12174,-0.38991,-0.89803,0.16339,-12.441,-1.199,2.2963,-1.1717,-1.6462,0.66699,-3.6398,6.9473,-2.7983,0,0,0,3.2826,2.5393,3.4901,3.4148,29.893,-23.275,-11.574,24.37,-29.666,9.166
4.82,4.1322,-4.6939,2.61,0.11525,-0.38513,-0.9023,0.1557,-12.476,-1.1307,2.2677,-1.2598,-1.7818,0.71054,-3.3397,6.7131,-2.9136,0,0,0,3.1919,2.3788,3.4149,3.3382,30.132,-23.562,-11.48,23.463,-27.643,9.7896
4.83,4.0073,-4.7048,2.6325,0.10803,-0.38,-0.9067,0.14775,-12.508,-1.0647,2.238,-1.3541,-1.9316,0.75804,-3.0372,6.4761,-3.0279,0,0,0,3.1034,2.2142,3.3427,3.264,30.362,-23.828,-11.379,22.544,-25.604,10.412
4.84,3.8821,-4.7152,2.6548,0.10001,-0.37447,-0.9112,0.13955,-12.537,-1.0011,2.2072,-1.4551,-2.0967,0.80979,-2.7325,6.2366,-3.1412,0,0,0,3.0175,2.0457,3.2739,3.1922,30.583,-24.074,-11.271,21.614,-23.549,11.032
4.85,3.7566,-4.7249,2.6767,0.091094,-0.36852,-0.91581,0.13107,-12.563,-0.93999,2.1752,-1.5631,-2.2783,0.86603,-2.4256,5.9947,-3.2533,0,0,0,2.9347,1.8739,3.209,3.1227,30.794,-24.299,-11.158,20.672,-21.48,11.651
4.86,3.6308,-4.734,2.6983,0.081188,-0.36211,-0.9205,0.12233,-12.585,-0.88126,2.1421,-1.6785,-2.4776,0.92702,-2.1167,5.7507,-3.3643,0,0,0,2.8551,1.6997,3.1483,3.0553,30.996,-24.503,-11.038,19.72,-19.398,12.267
4.87,3.5049,-4.7425,2.7195,0.070193,-0.35519,-0.92524,0.11332,-12.605,-0.82498,2.1079,-1.8015,-2.6953,0.99291,-1.8057,5.5047,-3.4741,0,0,0,2.7792,1.5244,3.092,2.9895,31.188,-24.687,-10.913,18.757,-17.305,12.881
4.88,3.3787,-4.7505,2.7404,0.058003,-0.34772,-0.93,0.10405,-12.622,-0.77117,2.0726,-1.9323,-2.9322,1.0638,-1.4929,5.257,-3.5825,0,0,0,2.7072,1.3501,3.0405,2.9244,31.371,-24.849,-10.781,17.783,-15.201,13.491
4.89,3.2524,-4.7579,2.761,0.044509,-0.33965,-0.93473,0.094537,-12.635,-0.71985,2.0363,-2.0708,-3.188,1.1396,-1.1783,5.0078,-3.6897,0,0,0,2.639,1.1795,2.994,2.8587,31.544,-24.991,-10.643,16.8,-13.089,14.098
4.9,3.126,-4.7649,2.7811,0.029604,-0.33092,-0.93937,0.084813,-12.645,-0.67102,1.9988,-2.2168,-3.4621,1.2202,-0.86208,4.7573,-3.7954,0,0,0,2.5746,1.0166,2.9523,2.7908,31.707,-25.111,-10.499,15.807,-10.969,14.701
4.91,2.9995,-4.7714,2.8009,0.013187,-0.32146,-0.94386,0.074918,-12.652,-0.6247,1.9604,-2.3697,-3.7525,1.3049,-0.54423,4.5057,-3.8996,0,0,0,2.5134,0.86637,2.9153,2.7184,31.86,-25.21,-10.349,14.805,-8.843,15.301
4.92,2.873,-4.7774,2.8204,-0.0048329,-0.31123,-0.9481,0.064912,-12.656,-0.58091,1.9209,-2.5284,-4.0561,1.3932,-0.22491,4.2532,-4.0023,0,0,0,2.4547,0.7353,2.8825,2.6386,32.003,-25.288,-10.193,13.794,-6.7118,15.896
4.93,2.7464,-4.783,2.8394,-0.024522,-0.30014,-0.952,0.054873,-12.657,-0.53964,1.8803,-2.6915,-4.3676,1.4838,0.095793,4,-4.1035,0,0,0,2.3973,0.63106,2.8531,2.5483,32.136,-25.344,-10.031,12.774,-4.577,16.486
4.94,2.6199,-4.7882,2.858,-0.045914,-0.28814,-0.95543,0.044902,-12.654,-0.50091,1.8388,-2.8569,-4.68,1.5751,0.41777,3.7464,-4.2029,0,0,0,2.3397,0.56235,2.8257,2.4441,32.259,-25.379,-9.8631,11.745,-2.4397,17.071
4.95,2.4934,-4.793,2.8761,-0.069,-0.27517,-0.95827,0.035126,-12.648,-0.46472,1.7963,-3.022,-4.9841,1.6652,0.74093,3.4925,-4.3007,0,0,0,2.2801,0.53829,2.7987,2.3231,32.371,-25.393,-9.6895,10.709,-0.30132,17.651
4.96,2.3669,-4.7975,2.8939,-0.09371,-0.26117,-0.96039,0.025697,-12.639,-0.43106,1.7528,-3.1834,-5.2683,1.7514,1.0652,3.2386,-4.3967,0,0,0,2.2168,0.56738,2.7698,2.1833,32.473,-25.385,-9.5101,9.6645,1.8369,18.225
4.97,2.2406,-4.8017,2.9112,-0.11991,-0.2461,-0.96165,0.016791,-12.627,-0.39995,1.7083,-3.3373,-5.5197,1.831,1.3903,2.9848,-4.4909,0,0,0,2.1488,0.65604,2.7364,2.0248,32.564,-25.356,-9.325,8.6127,3.9738,18.793
4.98,2.1144,-4.8055,2.928,-0.14737,-0.22994,-0.96194,0.0086033,-12.611,-0.37136,1.663,-3.4794,-5.7245,1.9009,1.7164,2.7315,-4.5832,0,0,0,2.0756,0.80709,2.6958,1.8501,32.645,-25.306,-9.1343,7.5536,6.1078,19.355
4.99,1.9884,-4.8091,2.9444,-0.17582,-0.2127,-0.96117,0.0013407,-12.593,-0.34531,1.6167,-3.6054,-5.8693,1.958,2.0432,2.4788,-4.6736,0,0,0,1.9984,1.0182,2.6454,1.6649,32.715,-25.234,-8.938,6.4876,8.2379,19.91
5,1.8626,-4.8124,2.9604,0.20489,0.1944,0.95927,0.0047895,-12.571,-0.32179,1.5695,-3.7109,-5.9432,1.9996,2.3707,2.2269,-4.7619,0,0,0,1.9201,1.2813,2.5832,1.4782,32.775,-25.141,-8.7361,5.4149,10.363,20.458
5.01,1.737,-4.8155,2.9758,0.23417,0.1751,0.95625,0.0095932,-12.545,-0.30077,1.5215,-3.7924,-5.9388,2.0236,2.6987,1.976,-4.8483,0,0,0,1.8447,1.5826,2.5086,1.3011,32.823,-25.027,-8.5288,4.336,12.481,20.998
5.02,1.6117,-4.8184,2.9908,0.26321,0.15488,0.95214,0.012903,-12.517,-0.28226,1.4725,-3.8473,-5.8536,2.0288,3.0271,1.7264,-4.9325,0,0,0,1.7775,1.9046,2.4226,1.1453,32.861,-24.892,-8.3162,3.2511,14.591,21.531
5.03,1.4866,-4.8212,3.0053,0.29157,0.13384,0.94703,0.014589,-12.485,-0.26624,1.4228,-3.8737,-5.6905,2.0149,3.3559,1.4783,-5.0146,0,0,0,1.7239,2.228,2.3279,1.0215,32.888,-24.735,-8.0983,2.1605,16.692,22.056
5.04,1.362,-4.8238,3.0193,0.31884,0.1121,0.94104,0.014571,-12.45,-0.25269,1.3723,-3.8716,-5.4573,1.9828,3.6848,1.2318,-5.0944,0,0,0,1.6884,2.5352,2.2288,0.93756,32.905,-24.558,-7.8751,1.0644,18.783,22.572
5.05,1.2377,-4.8262,3.0327,0.34466,0.089798,0.93434,0.012818,-12.411,-0.2416,1.3209,-3.8416,-5.1656,1.9343,4.0139,0.9872,-5.1721,0,0,0,1.674,2.812,2.1307,0.89747,32.91,-24.36,-7.6468,-0.036675,20.862,23.08
5.06,1.1138,-4.8286,3.0457,0.36875,0.067063,0.92706,0.0093502,-12.369,-0.23294,1.2688,-3.7857,-4.8295,1.8716,4.343,0.74468,-5.2474,0,0,0,1.6822,3.0495,2.0392,0.90119,32.904,-24.141,-7.4135,-1.1426,22.928,23.579
5.07,0.99029,-4.8309,3.0581,0.39089,0.044028,0.91938,0.0042328,-12.324,-0.22669,1.216,-3.7063,-4.4636,1.7974,4.672,0.50445,-5.3203,0,0,0,1.7125,3.244,1.9594,0.94524,32.887,-23.901,-7.1753,-2.253,24.979,24.068
5.08,0.86729,-4.8332,3.07,-0.41095,-0.020821,-0.91142,0.0024299,-12.276,-0.22284,1.1624,-3.6065,-4.0819,1.7147,5.0007,0.26673,-5.3908,0,0,0,1.763,3.3962,1.8956,1.0238,32.859,-23.641,-6.9322,-3.3676,27.015,24.547
5.09,0.74479,-4.8354,3.0813,-0.42886,0.0024357,-0.90331,0.010504,-12.224,-0.22135,1.1082,-3.4894,-3.6969,1.626,5.3291,0.031701,-5.4589,0,0,0,1.8313,3.5103,1.8505,1.13,32.819,-23.361,-6.6844,-4.486,29.034,25.017
5.1,0.62282,-4.8376,3.0921,-0.44463,0.025625,-0.89513,0.019836,-12.169,-0.2222,1.0533,-3.3584,-3.3187,1.5338,5.657,-0.20042,-5.5245,0,0,0,1.9141,3.5922,1.8254,1.2566,32.769,-23.06,-6.4319,-5.6081,31.035,25.476
5.11,0.50142,-4.8398,3.1024,-0.45829,0.048639,-0.88696,0.030257,-12.111,-0.22535,0.9977,-3.2165,-2.9553,1.4401,5.9844,-0.42944,-5.5876,0,0,0,2.0084,3.6486,1.8207,1.3973,32.707,-22.74,-6.1749,-6.7334,33.016,25.924
5.12,0.38061,-4.8421,3.1121,-0.46992,0.071375,-0.87884,0.041597,-12.05,-0.23077,0.94152,-3.0666,-2.6122,1.3467,6.3112,-0.65516,-5.648,0,0,0,2.1114,3.6863,1.8355,1.5464,32.634,-22.4,-5.9135,-7.8616,34.977,26.361
5.13,0.26044,-4.8445,3.1212,-0.47963,0.093738,-0.87079,0.053685,-11.985,-0.23844,0.88475,-2.9112,-2.2933,1.2547,6.6371,-0.87738,-5.7058,0,0,0,2.2206,3.7112,1.8682,1.6997,32.55,-22.041,-5.6477,-8.9926,36.916,26.787
5.14,0.14093,-4.8469,3.1298,-0.48755,0.11564,-0.86285,0.066355,-11.917,-0.24831,0.82741,-2.7527,-2.0007,1.1651,6.9621,-1.0959,-5.7609,0,0,0,2.3338,3.7282,1.9171,1.8538,32.454,-21.662,-5.3778,-10.126,38.831,27.201
5.15,0.022112,-4.8494,3.1378,-0.49382,0.137,-0.85502,0.079452,-11.846,-0.26035,0.76954,-2.5931,-1.7352,1.0786,7.2861,-1.3106,-5.8134,0,0,0,2.4496,3.7416,1.9801,2.0064,32.348,-21.264,-5.1037,-11.261,40.721,27.604
5.16,-0.095974,-4.8521,3.1452,-0.49858,0.15775,-0.8473,0.092836,-11.771,-0.27451,0.71116,-2.4342,-1.4967,0.99561,7.609,-1.5211,-5.863,0,0,0,2.5666,3.7543,2.0551,2.1561,32.229,-20.848,-4.8257,-12.398,42.586,27.993
5.17,-0.2133,-4.8549,3.152,-0.50197,0.17784,-0.83969,0.10638,-11.693,-0.29075,0.65229,-2.2775,-1.2844,0.91637,7.9307,-1.7274,-5.9099,0,0,0,2.6837,3.7686,2.14,2.302,32.1,-20.413,-4.5439,-13.537,44.423,28.37
5.18,-0.32983,-4.8579,3.1582,-0.50414,0.19721,-0.8322,0.11997,-11.612,-0.30904,0.59297,-2.1241,-1.097,0.84097,8.251,-1.9293,-5.9539,0,0,0,2.8004,3.7862,2.2331,2.4434,31.958,-19.959,-4.2584,-14.677,46.232,28.734
5.19,-0.44554,-4.8611,3.1639,-0.50523,0.21582,-0.82482,0.13352,-11.528,-0.32932,0.53322,-1.9752,-0.93286,0.76942,8.5698,-2.1266,-5.995,0,0,0,2.9161,3.8078,2.3325,2.5805,31.806,-19.488,-3.9693,-15.817,48.011,29.085
5.2,-0.56039,-4.8645,3.1689,-0.50537,0.23366,-0.81757,0.14695,-11.441,-0.35156,0.47308,-1.8314,-0.79024,0.70164,8.8871,-2.319,-6.0332,0,0,0,3.0304,3.8343,2.437,2.7131,31.642,-18.999,-3.6767,-16.958,49.759,29.421
5.21,-0.67435,-4.8682,3.1733,-0.50467,0.25071,-0.81042,0.16019,-11.351,-0.37569,0.41257,-1.6933,-0.66726,0.63749,9.2026,-2.5065,-6.0685,0,0,0,3.1431,3.8657,2.5452,2.8415,31.467,-18.493,-3.3809,-18.1,51.475,29.744
5.22,-0.78739,-4.872,3.1771,-0.50327,0.26696,-0.8034,0.17321,-11.257,-0.40167,0.35172,-1.5615,-0.56205,0.5768,9.5164,-2.6888,-6.1009,0,0,0,3.2542,3.9021,2.656,2.966,31.28,-17.97,-3.0819,-19.241,53.157,30.052
5.23,-0.89948,-4.8762,3.1804,-0.50125,0.28242,-0.7965,0.18596,-11.16,-0.42945,0.29056,-1.436,-0.47282,0.5194,9.8282,-2.8658,-6.1302,0,0,0,3.3634,3.9432,2.7685,3.0868,31.082,-17.43,-2.7799,-20.382,54.804,30.346
5.24,-1.0106,-4.8806,3.1829,-0.49871,0.29709,-0.78972,0.19843,-11.06,-0.45897,0.22912,-1.3171,-0.39785,0.46509,10.138,-3.0374,-6.1564,0,0,0,3.4708,3.9889,2.882,3.2042,30.872,-16.874,-2.475,-21.522,56.415,30.625
5.25,-1.1207,-4.8854,3.1849,-0.49573,0.311,-0.78306,0.2106,-10.958,-0.49018,0.16744,-1.2047,-0.33556,0.41368,10.446,-3.2033,-6.1797,0,0,0,3.5764,4.0387,2.9958,3.3185,30.652,-16.302,-2.1674,-22.662,57.988,30.888
5.26,-1.2297,-4.8904,3.1863,-0.49239,0.32416,-0.77652,0.22247,-10.852,-0.52301,0.10554,-1.0988,-0.28446,0.36497,10.751,-3.3633,-6.1998,0,0,0,3.6802,4.0923,3.1095,3.43,30.419,-15.714,-1.8573,-23.8,59.523,31.135
5.27,-1.3377,-4.8958,3.187,-0.48875,0.33661,-0.77009,0.23404,-10.743,-0.55742,0.043455,-0.99927,-0.24324,0.31877,11.054,-3.5175,-6.2168,0,0,0,3.7822,4.1492,3.2226,3.5388,30.176,-15.111,-1.5448,-24.936,61.017,31.366
5.28,-1.4446,-4.9016,3.1872,-0.48486,0.34838,-0.76378,0.24532,-10.63,-0.59334,-0.018785,-0.90583,-0.21069,0.27491,11.354,-3.6655,-6.2307,0,0,0,3.8825,4.2091,3.3348,3.6452,29.921,-14.494,-1.23,-26.071,62.47,31.581
5.29,-1.5503,-4.9077,3.1867,-0.48077,0.35949,-0.75758,0.25631,-10.515,-0.63071,-0.081148,-0.81829,-0.18574,0.23321,11.652,-3.8073,-6.2414,0,0,0,3.981,4.2715,3.4457,3.7492,29.654,-13.862,-0.91323,-27.203,63.88,31.779
5.3,-1.6549,-4.9142,3.1855,-0.47652,0.36997,-0.75149,0.26705,-10.397,-0.66947,-0.1436,-0.73639,-0.16745,0.19351,11.947,-3.9427,-6.2489,0,0,0,4.0778,4.336,3.5553,3.8511,29.377,-13.216,-0.59452,-28.333,65.247,31.96
5.31,-1.7582,-4.9211,3.1838,-0.47214,0.37987,-0.7455,0.27753,-10.277,-0.70955,-0.20612,-0.65985,-0.15496,0.15566,12.24,-4.0716,-6.2533,0,0,0,4.173,4.4023,3.6633,3.9509,29.088,-12.557,-0.27408,-29.46,66.568,32.124
5.32,-1.8604,-4.9284,3.1814,-0.46766,0.3892,-0.73959,0.28778,-10.153,-0.75088,-0.26866,-0.58841,-0.14755,0.11953,12.529,-4.1938,-6.2544,0,0,0,4.2665,4.47,3.7695,4.0487,28.787,-11.885,0.047899,-30.584,67.842,32.27
5.33,-1.9613,-4.9361,3.1784,-0.46311,0.39801,-0.73377,0.29783,-10.026,-0.7934,-0.33119,-0.52177,-0.14457,0.084984,12.816,-4.3093,-6.2523,0,0,0,4.3583,4.5389,3.8739,4.1446,28.476,-11.201,0.37125,-31.704,69.069,32.398
5.34,-2.0609,-4.9443,3.1748,-0.4585,0.40632,-0.72802,0.30768,-9.8964,-0.83704,-0.39369,-0.45968,-0.14546,0.051904,13.099,-4.4178,-6.247,0,0,0,4.4486,4.6085,3.9764,4.2387,28.153,-10.504,0.69579,-32.821,70.247,32.507
5.35,-2.1592,-4.9529,3.1705,-0.45384,0.41417,-0.72234,0.31735,-9.764,-0.88173,-0.45612,-0.40185,-0.14973,0.020181,13.379,-4.5193,-6.2384,0,0,0,4.5371,4.6788,4.077,4.3309,27.819,-9.7959,1.0213,-33.934,71.374,32.598
5.36,-2.2562,-4.9619,3.1657,-0.44916,0.42157,-0.71672,0.32688,-9.6288,-0.9274,-0.51845,-0.34806,-0.15695,-0.010288,13.655,-4.6137,-6.2265,0,0,0,4.624,4.7494,4.1754,4.4213,27.475,-9.0767,1.3477,-35.043,72.45,32.669
5.37,-2.3518,-4.9714,3.1602,-0.44446,0.42857,-0.71113,0.33626,-9.4909,-0.97398,-0.58064,-0.29804,-0.16677,-0.039593,13.928,-4.7008,-6.2114,0,0,0,4.7093,4.82,4.2719,4.5099,27.119,-8.3471,1.6746,-36.147,73.472,32.721
5.38,-2.446,-4.9814,3.1541,-0.43974,0.43518,-0.70559,0.34553,-9.3503,-1.0214,-0.64267,-0.25159,-0.17885,-0.067822,14.197,-4.7806,-6.1931,0,0,0,4.793,4.8906,4.3662,4.5967,26.752,-7.6075,2.002,-37.246,74.44,32.754
5.39,-2.5388,-4.9919,3.1473,-0.43502,0.44143,-0.70006,0.3547,-9.207,-1.0696,-0.70449,-0.2085,-0.19294,-0.095051,14.463,-4.8529,-6.1714,0,0,0,4.8749,4.9609,4.4584,4.6818,26.374,-6.8584,2.3297,-38.339,75.353,32.766
5.4,-2.6301,-5.0028,3.14,-0.43029,0.44734,-0.69455,0.36379,-9.061,-1.1184,-0.76608,-0.16858,-0.20878,-0.12135,14.725,-4.9177,-6.1465,0,0,0,4.9552,5.0307,4.5485,4.765,25.985,-6.1006,2.6573,-39.428,76.209,32.758
5.41,-2.72,-5.0142,3.132,-0.42556,0.45293,-0.68903,0.37281,-8.9125,-1.1679,-0.82741,-0.13165,-0.22617,-0.14679,14.983,-4.9749,-6.1182,0,0,0,5.0338,5.0999,4.6364,4.8465,25.585,-5.3345,2.9847,-40.51,77.007,32.729
5.42,-2.8083,-5.0262,3.1234,-0.42083,0.45822,-0.68351,0.38177,-8.7614,-1.2179,-0.88844,-0.097554,-0.24495,-0.17143,15.236,-5.0244,-6.0868,0,0,0,5.1107,5.1684,4.7222,4.9263,25.175,-4.5607,3.3118,-41.587,77.745,32.679
5.43,-2.8952,-5.0386,3.1142,-0.4161,0.46323,-0.67797,0.39069,-8.6078,-1.2684,-0.94913,-0.066147,-0.26494,-0.19532,15.486,-5.0661,-6.052,0,0,0,5.1859,5.2361,4.8059,5.0042,24.753,-3.7798,3.6382,-42.656,78.422,32.608
5.44,-2.9805,-5.0515,3.1044,-0.41137,0.46798,-0.67239,0.39958,-8.4517,-1.3192,-1.0095,-0.037298,-0.28603,-0.21851,15.731,-5.1,-6.014,0,0,0,5.2593,5.3028,4.8874,5.0804,24.322,-2.9924,3.9639,-43.72,79.038,32.514
5.45,-3.0642,-5.065,3.094,-0.40664,0.47249,-0.66676,0.40845,-8.2931,-1.3703,-1.0694,-0.010891,-0.30809,-0.24105,15.973,-5.1259,-5.9727,0,0,0,5.331,5.3684,4.9668,5.1548,23.879,-2.1992,4.2885,-44.776,79.59,32.399
5.46,-3.1463,-5.0789,3.0831,-0.40191,0.47675,-0.66108,0.41731,-8.1322,-1.4217,-1.1289,0.013179,-0.33102,-0.26298,16.209,-5.1439,-5.9282,0,0,0,5.401,5.4329,5.044,5.2273,23.426,-1.4008,4.6118,-45.824,80.078,32.262
5.47,-3.2269,-5.0934,3.0715,-0.39717,0.4808,-0.65533,0.42617,-7.969,-1.4732,-1.188,0.035004,-0.35473,-0.28433,16.441,-5.1539,-5.8805,0,0,0,5.4692,5.4961,5.1191,5.2981,22.963,-0.59789,4.9336,-46.866,80.5,32.101
5.48,-3.3057,-5.1084,3.0593,-0.39243,0.48465,-0.64951,0.43504,-7.8034,-1.5247,-1.2465,0.054666,-0.37913,-0.30514,16.668,-5.1559,-5.8296,0,0,0,5.5356,5.5581,5.1922,5.3671,22.489,0.20894,5.2537,-47.899,80.854,31.918
5.49,-3.3829,-5.1239,3.0465,-0.38768,0.48829,-0.64359,0.44393,-7.6356,-1.5763,-1.3045,0.072238,-0.40417,-0.32544,16.891,-5.1497,-5.7754,0,0,0,5.6002,5.6187,5.2631,5.4343,22.005,1.019,5.5719,-48.924,81.14,31.711
5.5,-3.4584,-5.1399,3.0332,-0.38292,0.49175,-0.63757,0.45283,-7.4656,-1.6277,-1.362,0.08778,-0.42977,-0.34526,17.108,-5.1355,-5.7181,0,0,0,5.663,5.6779,5.3319,5.4997,21.51,1.8315,5.8879,-49.94,81.357,31.48
5.51,-3.5322,-5.1565,3.0193,-0.37815,0.49503,-0.63144,0.46177,-7.2935,-1.679,-1.4189,0.10135,-0.45587,-0.36463,17.321,-5.1131,-5.6577,0,0,0,5.724,5.7356,5.3987,5.5633,21.006,2.6459,6.2014,-50.948,81.502,31.225
5.52,-3.6043,-5.1735,3.0048,-0.37337,0.49814,-0.62519,0.47073,-7.1192,-1.7299,-1.4752,0.11299,-0.48241,-0.38355,17.528,-5.0826,-5.5941,0,0,0,5.7833,5.7918,5.4634,5.6251,20.491,3.4613,6.5123,-51.946,81.575,30.946
5.53,-3.6746,-5.191,2.9898,-0.36858,0.50109,-0.61881,0.47972,-6.9429,-1.7806,-1.5308,0.12275,-0.50934,-0.40206,17.731,-5.0439,-5.5275,0,0,0,5.8407,5.8465,5.5261,5.6851,19.967,4.2771,6.8202,-52.935,81.575,30.642
5.54,-3.7431,-5.2091,2.9742,-0.36378,0.50388,-0.61229,0.48875,-6.7646,-1.8308,-1.5857,0.13065,-0.53661,-0.42017,17.928,-4.997,-5.4577,0,0,0,5.8963,5.8996,5.5868,5.7434,19.433,5.0926,7.125,-53.914,81.499,30.313
5.55,-3.8099,-5.2277,2.9581,-0.35896,0.50652,-0.60562,0.4978,-6.5844,-1.8805,-1.6399,0.13674,-0.56416,-0.43789,18.119,-4.942,-5.385,0,0,0,5.9501,5.9512,5.6455,5.7999,18.889,5.9069,7.4264,-54.883,81.348,29.958
5.56,-3.8748,-5.2467,2.9414,-0.35413,0.50902,-0.59879,0.50689,-6.4023,-1.9296,-1.6934,0.14103,-0.59194,-0.45524,18.305,-4.8789,-5.3092,0,0,0,6.002,6.0011,5.7022,5.8546,18.335,6.7193,7.7241,-55.842,81.119,29.578
5.57,-3.9379,-5.2663,2.9242,-0.3493,0.51137,-0.59179,0.51601,-6.2183,-1.978,-1.7461,0.14356,-0.6199,-0.47222,18.486,-4.8077,-5.2305,0,0,0,6.0522,6.0494,5.757,5.9075,17.772,7.529,8.0179,-56.789,80.811,29.171
5.58,-3.9992,-5.2863,2.9065,-0.34445,0.51359,-0.58463,0.52516,-6.0326,-2.0257,-1.798,0.14434,-0.64798,-0.48886,18.661,-4.7283,-5.1489,0,0,0,6.1006,6.096,5.8099,5.9588,17.199,8.3352,8.3075,-57.726,80.423,28.738
5.59,-4.0586,-5.3068,2.8883,-0.3396,0.51566,-0.57729,0.53433,-5.8451,-2.0726,-1.849,0.1434,-0.67613,-0.50514,18.83,-4.641,-5.0644,0,0,0,6.1472,6.141,5.861,6.0083,16.618,9.1372,8.5926,-58.652,79.954,28.279
5.6,-4.1161,-5.3277,2.8695,-0.33474,0.51761,-0.56976,0.54351,-5.656,-2.1185,-1.8993,0.14076,-0.7043,-0.52109,18.993,-4.5456,-4.977,0,0,0,6.192,6.1844,5.9101,6.0561,16.026,9.934,8.8729,-59.566,79.402,27.792
5.61,-4.1717,-5.3491,2.8503,-0.32989,0.51941,-0.56205,0.5527,-5.4653,-2.1635,-1.9486,0.13645,-0.73242,-0.53669,19.15,-4.4423,-4.8869,0,0,0,6.235,6.2261,5.9575,6.1023,15.426,10.725,9.1483,-60.468,78.766,27.278
5.62,-4.2254,-5.371,2.8306,-0.32504,0.52109,-0.55415,0.5619,-5.273,-2.2073,-1.997,0.1305,-0.76044,-0.55196,19.302,-4.3311,-4.7941,0,0,0,6.2763,6.2662,6.0031,6.1468,14.817,11.509,9.4184,-61.358,78.045,26.736
5.63,-4.2771,-5.3933,2.8104,-0.32021,0.52263,-0.54607,0.57109,-5.0792,-2.2501,-2.0445,0.12293,-0.78829,-0.5669,19.447,-4.2121,-4.6986,0,0,0,6.3158,6.3046,6.0469,6.1896,14.199,12.286,9.6829,-62.236,77.238,26.166
5.64,-4.327,-5.416,2.7897,-0.3154,0.52403,-0.53779,0.58026,-4.8841,-2.2916,-2.091,0.11378,-0.81592,-0.58149,19.586,-4.0854,-4.6004,0,0,0,6.3536,6.3414,6.089,6.2309,13.572,13.054,9.9416,-63.101,76.343,25.567
5.65,-4.3748,-5.4391,2.7685,-0.31061,0.5253,-0.52933,0.5894,-4.6876,-2.3318,-2.1365,0.10309,-0.84325,-0.59575,19.718,-3.9511,-4.4998,0,0,0,6.3897,6.3765,6.1294,6.2706,12.937,13.812,10.194,-63.952,75.358,24.94
5.66,-4.4207,-5.4626,2.747,-0.30586,0.52644,-0.52068,0.5985,-4.4897,-2.3706,-2.1809,0.090904,-0.87022,-0.60966,19.844,-3.8092,-4.3966,0,0,0,6.4241,6.4101,6.1682,6.3087,12.293,14.56,10.44,-64.79,74.284,24.283
5.67,-4.4646,-5.4865,2.7249,-0.30115,0.52744,-0.51186,0.60755,-4.2907,-2.4079,-2.2244,0.077275,-0.89678,-0.62323,19.964,-3.6599,-4.291,0,0,0,6.4569,6.4421,6.2054,6.3454,11.641,15.297,10.68,-65.615,73.117,23.598
5.68,-4.5065,-5.5108,2.7025,-0.2965,0.52829,-0.50286,0.61654,-4.0905,-2.4437,-2.2667,0.062261,-0.92285,-0.63645,20.077,-3.5033,-4.183,0,0,0,6.4879,6.4725,6.241,6.3805,10.981,16.022,10.912,-66.425,71.858,22.882
5.69,-4.5464,-5.5354,2.6796,-0.29191,0.52901,-0.4937,0.62546,-3.8892,-2.478,-2.308,0.045928,-0.94837,-0.6493,20.184,-3.3395,-4.0728,0,0,0,6.5174,6.5014,6.2751,6.4142,10.313,16.734,11.137,-67.221,70.506,22.137
5.7,-4.5843,-5.5603,2.6563,-0.2874,0.52958,-0.48438,0.63428,-3.6868,-2.5105,-2.3482,0.028348,-0.97329,-0.66179,20.283,-3.1687,-3.9603,0,0,0,6.5453,6.5288,6.3077,6.4465,9.6368,17.432,11.355,-68.002,69.064,21.363
5.71,-4.6201,-5.5856,2.6326,-0.28298,0.53001,-0.47492,0.64301,-3.4835,-2.5413,-2.3872,0.0096001,-0.99756,-0.6739,20.376,-2.9909,-3.8457,0,0,0,6.5716,6.5547,6.3388,6.4774,8.9529,18.115,11.564,-68.766,67.536,20.562
5.72,-4.654,-5.6111,2.6086,-0.27866,0.53029,-0.46533,0.65162,-3.2793,-2.5703,-2.4251,-0.01023,-1.0211,-0.68564,20.462,-2.8064,-3.729,0,0,0,6.5963,6.5792,6.3684,6.5069,8.2615,18.783,11.766,-69.513,65.924,19.736
5.73,-4.6857,-5.637,2.5841,-0.27445,0.53042,-0.45562,0.66011,-3.0743,-2.5974,-2.4618,-0.031051,-1.0439,-0.69699,20.542,-2.6153,-3.6104,0,0,0,6.6197,6.6022,6.3967,6.535,7.5627,19.434,11.959,-70.242,64.234,18.886
5.74,-4.7154,-5.6631,2.5593,-0.27037,0.5304,-0.44581,0.66846,-2.8685,-2.6226,-2.4973,-0.052767,-1.0659,-0.70796,20.614,-2.4178,-3.4899,0,0,0,6.6415,6.6239,6.4235,6.5619,6.8567,20.067,12.144,-70.951,62.469,18.014
5.75,-4.7431,-5.6894,2.5342,-0.26642,0.53022,-0.4359,0.67666,-2.662,-2.6457,-2.5316,-0.075277,-1.0872,-0.71854,20.679,-2.2141,-3.3676,0,0,0,6.662,6.6443,6.449,6.5874,6.1438,20.683,12.319,-71.641,60.631,17.12
5.76,-4.7687,-5.716,2.5087,-0.26262,0.5299,-0.42592,0.68471,-2.455,-2.6668,-2.5647,-0.098479,-1.1075,-0.72872,20.737,-2.0042,-3.2435,0,0,0,6.6811,6.6634,6.4732,6.6117,5.424,21.279,12.486,-72.309,58.725,16.207
5.77,-4.7922,-5.7428,2.4829,-0.25898,0.52942,-0.41589,0.69259,-2.2473,-2.6858,-2.5965,-0.12227,-1.1271,-0.73851,20.787,-1.7885,-3.1179,0,0,0,6.6989,6.6812,6.496,6.6348,4.6977,21.857,12.643,-72.955,56.755,15.275
5.78,-4.8136,-5.7697,2.4568,-0.25551,0.52879,-0.40582,0.70029,-2.0393,-2.7026,-2.627,-0.14653,-1.1458,-0.74791,20.83,-1.5672,-2.9907,0,0,0,6.7155,6.6978,6.5176,6.6566,3.965,22.414,12.791,-73.578,54.723,14.327
5.79,-4.833,-5.7968,2.4304,-0.25222,0.528,-0.39572,0.70782,-1.8308,-2.7171,-2.6563,-0.17117,-1.1636,-0.7569,20.866,-1.3403,-2.8621,0,0,0,6.7308,6.7133,6.5379,6.6773,3.2262,22.951,12.93,-74.178,52.633,13.364
5.8,-4.8502,-5.824,2.4037,-0.24912,0.52706,-0.38562,0.71515,-1.6219,-2.7294,-2.6842,-0.19608,-1.1806,-0.76551,20.895,-1.1082,-2.7321,0,0,0,6.7449,6.7276,6.5571,6.6969,2.4815,23.467,13.059,-74.752,50.49,12.386
5.81,-4.8654,-5.8514,2.3767,-0.24622,0.52597,-0.37552,0.7223,-1.4129,-2.7393,-2.7109,-0.22115,-1.1967,-0.77371,20.916,-0.87105,-2.6009,0,0,0,6.7578,6.7408,6.575,6.7153,1.7312,23.961,13.178,-75.3,48.296,11.397
5.82,-4.8785,-5.8788,2.3494,-0.24352,0.52472,-0.36545,0.72925,-1.2037,-2.7468,-2.7363,-0.24629,-1.2121,-0.78153,20.93,-0.62906,-2.4686,0,0,0,6.7696,6.7529,6.5918,6.7326,0.97559,24.433,13.287,-75.822,46.056,10.397
5.83,-4.8895,-5.9063,2.322,-0.24103,0.52333,-0.35543,0.73601,-0.99432,-2.7518,-2.7603,-0.27139,-1.2266,-0.78895,20.936,-0.38247,-2.3352,0,0,0,6.7803,6.764,6.6075,6.7489,0.21487,24.882,13.385,-76.316,43.772,9.3869
5.84,-4.8984,-5.9338,2.2942,-0.23877,0.52178,-0.34545,0.74256,-0.78497,-2.7544,-2.783,-0.29638,-1.2404,-0.79598,20.934,-0.1315,-2.2009,0,0,0,6.79,6.7741,6.6221,6.7642,-0.55063,25.308,13.474,-76.781,41.449,8.3693
5.85,-4.9052,-5.9614,2.2663,-0.23672,0.52008,-0.33555,0.74892,-0.57567,-2.7545,-2.8043,-0.32116,-1.2535,-0.80264,20.924,0.12361,-2.0658,0,0,0,6.7987,6.7833,6.6356,6.7784,-1.3206,25.711,13.553,-77.216,39.089,7.3451
5.86,-4.9099,-5.9889,2.2382,-0.2349,0.51824,-0.32573,0.75508,-0.3665,-2.7519,-2.8243,-0.34565,-1.2659,-0.80891,20.907,0.38263,-1.9299,0,0,0,6.8065,6.7915,6.6481,6.7917,-2.0948,26.09,13.621,-77.621,36.697,6.316
5.87,-4.9125,-6.0164,2.2098,-0.2333,0.51625,-0.31599,0.76105,-0.15755,-2.7468,-2.8429,-0.36978,-1.2776,-0.81481,20.883,0.64532,-1.7934,0,0,0,6.8133,6.7988,6.6595,6.804,-2.8729,26.445,13.679,-77.994,34.276,5.2832
5.88,-4.9131,-6.0438,2.1813,-0.23193,0.51412,-0.30637,0.76683,0.051122,-2.739,-2.8601,-0.39348,-1.2888,-0.82034,20.85,0.91144,-1.6564,0,0,0,6.8192,6.8053,6.67,6.8154,-3.6546,26.775,13.727,-78.334,31.83,4.2484
5.89,-4.9115,-6.0712,2.1526,-0.23079,0.51185,-0.29685,0.77242,0.25943,-2.7286,-2.876,-0.4167,-1.2994,-0.82551,20.809,1.1807,-1.5189,0,0,0,6.8242,6.811,6.6796,6.8258,-4.4395,27.081,13.764,-78.641,29.363,3.2129
5.9,-4.9079,-6.0984,2.1238,-0.22987,0.50944,-0.28745,0.77782,0.46728,-2.7154,-2.8905,-0.43937,-1.3095,-0.83033,20.761,1.453,-1.3811,0,0,0,6.8284,6.8159,6.6882,6.8354,-5.2273,27.362,13.791,-78.913,26.877,2.1783
5.91,-4.9022,-6.1255,2.0948,-0.22917,0.5069,-0.27818,0.78304,0.67462,-2.6995,-2.9036,-0.46146,-1.3191,-0.8348,20.705,1.7279,-1.2431,0,0,0,6.8318,6.82,6.6958,6.8441,-6.0177,27.619,13.808,-79.151,24.376,1.1459
5.92,-4.8944,-6.1524,2.0657,-0.2287,0.50422,-0.26903,0.78809,0.88136,-2.6808,-2.9154,-0.48291,-1.3283,-0.83894,20.641,2.0053,-1.105,0,0,0,6.8345,6.8234,6.7026,6.8519,-6.8102,27.85,13.814,-79.351,21.865,0.11725
5.93,-4.8845,-6.1791,2.0365,-0.22844,0.50141,-0.26003,0.79296,1.0874,-2.6594,-2.9257,-0.50371,-1.3371,-0.84275,20.569,2.2848,-0.96686,0,0,0,6.8364,6.8261,6.7086,6.8589,-7.6046,28.056,13.81,-79.514,19.346,-0.90619
5.94,-4.8726,-6.2056,2.0072,-0.22839,0.49847,-0.25116,0.79767,1.2927,-2.6351,-2.9347,-0.52381,-1.3456,-0.84625,20.489,2.5663,-0.82882,0,0,0,6.8376,6.828,6.7137,6.8651,-8.4004,28.237,13.796,-79.639,16.824,-1.923
5.95,-4.8587,-6.2318,1.9778,-0.22855,0.4954,-0.24243,0.80223,1.4972,-2.608,-2.9423,-0.5432,-1.3538,-0.84944,20.401,2.8495,-0.69097,0,0,0,6.8382,6.8294,6.7179,6.8705,-9.1972,28.392,13.772,-79.725,14.301,-2.9316
5.96,-4.8427,-6.2577,1.9484,-0.22891,0.49221,-0.23385,0.80662,1.7007,-2.5781,-2.9485,-0.56186,-1.3617,-0.85234,20.305,3.1341,-0.55342,0,0,0,6.8381,6.8301,6.7214,6.8751,-9.9947,28.523,13.737,-79.771,11.782,-3.9307
5.97,-4.8247,-6.2833,1.9189,-0.22947,0.4889,-0.2254,0.81088,1.9032,-2.5454,-2.9534,-0.57978,-1.3695,-0.85496,20.201,3.4198,-0.41626,0,0,0,6.8374,6.8302,6.7241,6.8789,-10.793,28.628,13.693,-79.775,9.2701,-4.9188
5.98,-4.8046,-6.3086,1.8893,-0.23021,0.48546,-0.2171,0.81498,2.1047,-2.5097,-2.9569,-0.59696,-1.3771,-0.85732,20.089,3.7065,-0.27959,0,0,0,6.8361,6.8297,6.726,6.882,-11.59,28.708,13.639,-79.737,6.7685,-5.8944
5.99,-4.7826,-6.3335,1.8597,-0.23113,0.48191,-0.20894,0.81896,2.305,-2.4712,-2.959,-0.61338,-1.3845,-0.85941,19.969,3.9939,-0.14351,0,0,0,6.8342,6.8287,6.7271,6.8844,-12.387,28.763,13.575,-79.657,4.2811,-6.856
6,-4.7585,-6.358,1.8301,-0.23222,0.47823,-0.20092,0.8228,2.504,-2.4299,-2.9597,-0.62905,-1.3918,-0.86127,19.841,4.2817,-0.008121,0,0,0,6.8318,6.8271,6.7275,6.886,-13.183,28.794,13.502,-79.532,1.8115,-7.8022
6.01,-4.7325,-6.3821,1.8005,-0.23348,0.47444,-0.19304,0.82651,2.7018,-2.3856,-2.9591,-0.64398,-1.3991,-0.8629,19.705,4.5697,0.12649,0,0,0,6.8288,6.8249,6.7272,6.887,-13.978,28.8,13.419,-79.362,-0.63671,-8.7315
6.02,-4.7045,-6.4057,1.771,-0.2349,0.47054,-0.18529,0.83011,2.8981,-2.3385,-2.9572,-0.65818,-1.4063,-0.86432,19.562,4.8576,0.26023,0,0,0,6.8254,6.8223,6.7262,6.8872,-14.77,28.781,13.327,-79.146,-3.06,-9.6425
6.03,-4.6745,-6.4289,1.7414,-0.23647,0.46653,-0.17768,0.83359,3.093,-2.2884,-2.9539,-0.67165,-1.4135,-0.86554,19.41,5.1453,0.39301,0,0,0,6.8215,6.8191,6.7245,6.8868,-15.56,28.739,13.226,-78.884,-5.4548,-10.534
6.04,-4.6426,-6.4515,1.7119,-0.23818,0.4624,-0.17019,0.83695,3.2863,-2.2356,-2.9493,-0.68441,-1.4207,-0.86658,19.25,5.4323,0.52473,0,0,0,6.8171,6.8155,6.7221,6.8857,-16.348,28.672,13.117,-78.573,-7.8174,-11.404
6.05,-4.6088,-6.4736,1.6824,-0.24003,0.45817,-0.16282,0.84021,3.478,-2.1798,-2.9434,-0.69648,-1.4279,-0.86745,19.083,5.7186,0.65531,0,0,0,6.8122,6.8114,6.7191,6.884,-17.132,28.582,12.998,-78.214,-10.144,-12.251
6.06,-4.5731,-6.4951,1.653,-0.242,0.45382,-0.15558,0.84337,3.6679,-2.1212,-2.9362,-0.70787,-1.4352,-0.86817,18.908,6.0039,0.78467,0,0,0,6.807,6.8069,6.7154,6.8816,-17.912,28.469,12.872,-77.805,-12.432,-13.074
6.07,-4.5355,-6.516,1.6237,-0.24409,0.44937,-0.14845,0.84643,3.8561,-2.0597,-2.9278,-0.71861,-1.4425,-0.86875,18.725,6.2879,0.91272,0,0,0,6.8013,6.8019,6.7111,6.8786,-18.688,28.334,12.737,-77.345,-14.677,-13.871
6.08,-4.496,-6.5363,1.5945,-0.24629,0.44481,-0.14143,0.8494,4.0424,-1.9954,-2.918,-0.72872,-1.45,-0.86921,18.534,6.5705,1.0394,0,0,0,6.7953,6.7965,6.7062,6.875,-19.459,28.176,12.594,-76.833,-16.875,-14.642
6.09,-4.4546,-6.5559,1.5653,-0.2486,0.44015,-0.13451,0.85228,4.2267,-1.9283,-2.907,-0.73822,-1.4576,-0.86956,18.336,6.8514,1.1646,0,0,0,6.7888,6.7907,6.7007,6.8708,-20.224,27.997,12.444,-76.27,-19.024,-15.384
6.1,-4.4115,-6.5748,1.5363,-0.251,0.43538,-0.1277,0.85506,4.4091,-1.8584,-2.8947,-0.74714,-1.4653,-0.86982,18.13,7.1304,1.2882,0,0,0,6.782,6.7845,6.6947,6.8661,-20.984,27.796,12.287,-75.655,-21.124,-16.098
6.11,-4.3665,-6.593,1.5075,-0.2535,0.43051,-0.12098,0.85777,4.5893,-1.7857,-2.8812,-0.75549,-1.4731,-0.87,17.916,7.4072,1.4103,0,0,0,6.7748,6.7779,6.6881,6.8608,-21.737,27.574,12.122,-74.989,-23.175,-16.784
6.12,-4.3197,-6.6105,1.4787,-0.25607,0.42554,-0.11436,0.86039,4.7674,-1.7103,-2.8665,-0.76331,-1.4811,-0.87012,17.695,7.6818,1.5307,0,0,0,6.7673,6.7709,6.6809,6.855,-22.483,27.332,11.951,-74.274,-25.177,-17.443
6.13,-4.2711,-6.6272,1.4501,-0.25873,0.42046,-0.10782,0.86293,4.9432,-1.6321,-2.8506,-0.77061,-1.4892,-0.87018,17.466,7.9538,1.6493,0,0,0,6.7594,6.7636,6.6733,6.8486,-23.222,27.071,11.774,-73.51,-27.13,-18.075
6.14,-4.2208,-6.6432,1.4217,-0.26145,0.41529,-0.10136,0.86539,5.1167,-1.5512,-2.8335,-0.77741,-1.4975,-0.8702,17.23,8.2231,1.7661,0,0,0,6.7511,6.7559,6.6652,6.8419,-23.953,26.79,11.59,-72.698,-29.036,-18.681
6.15,-4.1688,-6.6583,1.3935,-0.26424,0.41001,-0.094976,0.86778,5.2878,-1.4676,-2.8153,-0.78374,-1.5059,-0.87019,16.987,8.4895,1.8811,0,0,0,6.7426,6.7479,6.6566,6.8346,-24.676,26.49,11.4,-71.84,-30.894,-19.26
6.16,-4.1151,-6.6725,1.3654,-0.26708,0.40464,-0.088666,0.8701,5.4564,-1.3814,-2.7959,-0.78962,-1.5146,-0.87015,16.737,8.7529,1.9941,0,0,0,6.7337,6.7396,6.6476,6.8269,-25.39,26.172,11.205,-70.936,-32.705,-19.812
6.17,-4.0597,-6.6859,1.3375,-0.26998,0.39917,-0.082422,0.87234,5.6225,-1.2926,-2.7754,-0.79506,-1.5234,-0.8701,16.48,9.0129,2.1052,0,0,0,6.7245,6.731,6.6382,6.8189,-26.095,25.836,11.004,-69.987,-34.469,-20.339
6.18,-4.0026,-6.6984,1.3099,-0.27292,0.3936,-0.07624,0.87452,5.786,-1.2012,-2.7538,-0.80009,-1.5323,-0.87004,16.215,9.2695,2.2142,0,0,0,6.7151,6.7221,6.6284,6.8104,-26.79,25.483,10.798,-68.995,-36.186,-20.841
6.19,-3.944,-6.7099,1.2825,-0.2759,0.38793,-0.070115,0.87663,5.9468,-1.1072,-2.7311,-0.80473,-1.5414,-0.86998,15.944,9.5225,2.3211,0,0,0,6.7053,6.713,6.6182,6.8016,-27.474,25.113,10.587,-67.959,-37.857,-21.317
6.2,-3.8837,-6.7205,1.2553,-0.27892,0.38217,-0.064044,0.87866,6.1048,-1.0107,-2.7074,-0.80899,-1.5507,-0.86992,15.666,9.7717,2.4259,0,0,0,6.6953,6.7036,6.6078,6.7924,-28.149,24.726,10.372,-66.881,-39.482,-21.769
6.21,-3.8219,-6.7301,1.2283,-0.28197,0.37631,-0.058022,0.88064,6.2601,-0.91179,-2.6826,-0.81288,-1.5601,-0.86988,15.381,10.017,2.5285,0,0,0,6.685,6.694,6.597,6.783,-28.812,24.323,10.152,-65.763,-41.061,-22.196
6.22,-3.7585,-6.7387,1.2016,-0.28504,0.37035,-0.052044,0.88254,6.4124,-0.81041,-2.6568,-0.81643,-1.5697,-0.86985,15.089,10.258,2.6289,0,0,0,6.6745,6.6841,6.5859,6.7732,-29.464,23.905,9.9279,-64.604,-42.595,-22.6
6.23,-3.6936,-6.7463,1.1752,-0.28814,0.3643,-0.046107,0.88438,6.5618,-0.70665,-2.6301,-0.81964,-1.5794,-0.86984,14.792,10.495,2.7271,0,0,0,6.6638,6.6741,6.5746,6.7632,-30.104,23.472,9.7,-63.406,-44.084,-22.979
6.24,-3.6273,-6.7528,1.149,-0.29125,0.35816,-0.040206,0.88616,6.7082,-0.60053,-2.6023,-0.82254,-1.5892,-0.86986,14.487,10.728,2.8229,0,0,0,6.6529,6.664,6.5631,6.753,-30.732,23.023,9.4684,-62.17,-45.529,-23.335
6.25,-3.5595,-6.7583,1.1232,-0.29437,0.35193,-0.034338,0.88787,6.8515,-0.49211,-2.5736,-0.82512,-1.5992,-0.8699,14.177,10.955,2.9164,0,0,0,6.6417,6.6537,6.5514,6.7425,-31.347,22.561,9.2334,-60.897,-46.929,-23.668
6.26,-3.4903,-6.7627,1.0976,-0.2975,0.34561,-0.0285,0.88952,6.9917,-0.38143,-2.544,-0.82742,-1.6093,-0.86997,13.86,11.179,3.0076,0,0,0,6.6304,6.6432,6.5395,6.7319,-31.95,22.085,8.9951,-59.587,-48.285,-23.978
6.27,-3.4197,-6.7659,1.0723,-0.30063,0.33919,-0.022686,0.8911,7.1287,-0.26855,-2.5135,-0.82942,-1.6195,-0.87007,13.538,11.397,3.0963,0,0,0,6.619,6.6327,6.5275,6.7212,-32.539,21.596,8.7539,-58.242,-49.598,-24.265
6.28,-3.3477,-6.768,1.0473,-0.30376,0.33269,-0.016895,0.89262,7.2625,-0.15351,-2.4821,-0.83116,-1.6297,-0.87021,13.21,11.611,3.1826,0,0,0,6.6074,6.6221,6.5153,6.7103,-33.114,21.093,8.5099,-56.863,-50.867,-24.531
6.29,-3.2744,-6.769,1.0226,-0.30689,0.32609,-0.011123,0.89407,7.3929,-0.036357,-2.4498,-0.83262,-1.64,-0.87037,12.876,11.819,3.2665,0,0,0,6.5957,6.6115,6.5031,6.6993,-33.676,20.578,8.2633,-55.451,-52.093,-24.775
6.3,-3.1999,-6.7688,0.99831,-0.31001,0.31941,-0.0053673,0.89546,7.52,0.082853,-2.4167,-0.83383,-1.6504,-0.87057,12.536,12.022,3.3479,0,0,0,6.5839,6.6008,6.4909,6.6882,-34.223,20.051,8.0145,-54.006,-53.277,-24.997
6.31,-3.124,-6.7673,0.97431,-0.31312,0.31265,0.0003758,0.89678,7.6436,0.20407,-2.3829,-0.83479,-1.6608,-0.87081,12.191,12.22,3.4268,0,0,0,6.5721,6.5901,6.4786,6.6771,-34.756,19.513,7.7635,-52.529,-54.419,-25.198
6.32,-3.047,-6.7647,0.95065,-0.31621,0.3058,0.0061087,0.89803,7.7638,0.32723,-2.3482,-0.8355,-1.6713,-0.87107,11.841,12.412,3.5032,0,0,0,6.5602,6.5795,6.4664,6.666,-35.274,18.963,7.5106,-51.022,-55.518,-25.378
6.33,-2.9688,-6.7608,0.92735,-0.31928,0.29886,0.011834,0.89922,7.8804,0.4523,-2.3128,-0.83598,-1.6817,-0.87136,11.486,12.599,3.577,0,0,0,6.5483,6.5689,6.4542,6.6549,-35.776,18.403,7.256,-49.485,-56.576,-25.538
6.34,-2.8894,-6.7556,0.9044,-0.32234,0.29184,0.017554,0.90034,7.9935,0.5792,-2.2767,-0.83622,-1.6921,-0.87169,11.126,12.78,3.6483,0,0,0,6.5363,6.5584,6.442,6.6439,-36.263,17.832,6.9999,-47.92,-57.593,-25.677
6.35,-2.8089,-6.7492,0.88181,-0.32537,0.28475,0.023272,0.9014,8.1029,0.70788,-2.2399,-0.83623,-1.7025,-0.87204,10.761,12.956,3.717,0,0,0,6.5244,6.5479,6.43,6.6329,-36.735,17.251,6.7425,-46.327,-58.569,-25.797
6.36,-2.7274,-6.7415,0.8596,-0.32837,0.27757,0.028989,0.90238,8.2087,0.83829,-2.2024,-0.83602,-1.7129,-0.87241,10.391,13.125,3.7831,0,0,0,6.5125,6.5376,6.4181,6.622,-37.19,16.661,6.484,-44.707,-59.504,-25.897
6.37,-2.6448,-6.7324,0.83777,-0.33134,0.27032,0.034707,0.90329,8.3107,0.97037,-2.1642,-0.83559,-1.7232,-0.87281,10.017,13.289,3.8467,0,0,0,6.5007,6.5275,6.4064,6.6112,-37.629,16.061,6.2246,-43.061,-60.399,-25.978
6.38,-2.5611,-6.722,0.81632,-0.33428,0.26299,0.040429,0.90413,8.409,1.1041,-2.1254,-0.83494,-1.7333,-0.87323,9.6386,13.447,3.9076,0,0,0,6.489,6.5175,6.3949,6.6006,-38.051,15.453,5.9645,-41.391,-61.255,-26.04
6.39,-2.4766,-6.7103,0.79526,-0.33718,0.25559,0.046155,0.9049,8.5035,1.2393,-2.0861,-0.83407,-1.7434,-0.87366,9.256,13.598,3.966,0,0,0,6.4774,6.5078,6.3836,6.5902,-38.456,14.836,5.7039,-39.696,-62.07,-26.083
6.4,-2.3911,-6.6973,0.7746,-0.34005,0.24812,0.051889,0.9056,8.5941,1.376,-2.0461,-0.83299,-1.7533,-0.8741,8.8695,13.743,4.0217,0,0,0,6.4659,6.4983,6.3726,6.58,-38.845,14.211,5.4429,-37.979,-62.847,-26.109
6.41,-2.3047,-6.6828,0.75434,-0.34287,0.24057,0.05763,0.90622,8.6809,1.5141,-2.0056,-0.83169,-1.763,-0.87455,8.4792,13.882,4.0748,0,0,0,6.4546,6.489,6.3619,6.57,-39.216,13.579,5.1818,-36.239,-63.584,-26.116
6.42,-2.2175,-6.667,0.73449,-0.34565,0.23296,0.063381,0.90677,8.7637,1.6536,-1.9646,-0.83018,-1.7726,-0.875,8.0853,14.015,4.1253,0,0,0,6.4435,6.48,6.3515,6.5603,-39.569,12.94,4.9207,-34.479,-64.283,-26.106
6.43,-2.1295,-6.6497,0.71505,-0.34839,0.22529,0.069142,0.90724,8.8426,1.7944,-1.9231,-0.82846,-1.782,-0.87545,7.6879,14.141,4.1732,0,0,0,6.4326,6.4713,6.3414,6.5508,-39.905,12.294,4.6597,-32.698,-64.944,-26.079
6.44,-2.0406,-6.6311,0.69603,-0.35108,0.21755,0.074915,0.90764,8.9174,1.9364,-1.8812,-0.82653,-1.7911,-0.87589,7.2872,14.261,4.2185,0,0,0,6.422,6.4629,6.3317,6.5417,-40.223,11.641,4.3991,-30.899,-65.566,-26.035
6.45,-1.9511,-6.611,0.67743,-0.35372,0.20976,0.0807,0.90795,8.9883,2.0796,-1.8388,-0.82438,-1.7999,-0.87633,6.8835,14.374,4.2612,0,0,0,6.4116,6.4549,6.3225,6.5329,-40.523,10.983,4.1391,-29.081,-66.152,-25.974
6.46,-1.8609,-6.5895,0.65926,-0.3563,0.20191,0.086499,0.90819,9.0551,2.2239,-1.796,-0.82203,-1.8085,-0.87675,6.4768,14.48,4.3013,0,0,0,6.4014,6.4473,6.3136,6.5244,-40.805,10.318,3.8797,-27.246,-66.7,-25.897
6.47,-1.77,-6.5665,0.64151,-0.35884,0.194,0.09231,0.90834,9.1178,2.3692,-1.7528,-0.81946,-1.8168,-0.87715,6.0674,14.58,4.3388,0,0,0,6.3916,6.4401,6.3052,6.5164,-41.068,9.6487,3.6212,-25.394,-67.211,-25.804
6.48,-1.6786,-6.5421,0.6242,-0.36131,0.18604,0.098137,0.90841,9.1764,2.5154,-1.7092,-0.81667,-1.8248,-0.87752,5.6555,14.673,4.3737,0,0,0,6.3822,6.4332,6.2973,6.5087,-41.313,8.9741,3.3637,-23.527,-67.686,-25.696
6.49,-1.5865,-6.5162,0.60733,-0.36374,0.17804,0.10398,0.9084,9.2309,2.6626,-1.6653,-0.81368,-1.8324,-0.87787,5.2412,14.76,4.4061,0,0,0,6.3731,6.4269,6.2899,6.5015,-41.539,8.2951,3.1073,-21.646,-68.124,-25.572
6.5,-1.4939,-6.4888,0.5909,-0.3661,0.16999,0.10983,0.9083,9.2813,2.8106,-1.6211,-0.81047,-1.8396,-0.87818,4.8248,14.839,4.4359,0,0,0,6.3644,6.4209,6.283,6.4947,-41.746,7.6118,2.8523,-19.751,-68.527,-25.433
6.51,-1.4009,-6.46,0.57491,-0.3684,0.16189,0.1157,0.90812,9.3274,2.9594,-1.5766,-0.80704,-1.8465,-0.87845,4.4064,14.912,4.4631,0,0,0,6.3561,6.4155,6.2767,6.4883,-41.934,6.9246,2.5987,-17.844,-68.894,-25.28
6.52,-1.3074,-6.4296,0.55937,-0.37064,0.15376,0.12159,0.90785,9.3694,3.1088,-1.5318,-0.80339,-1.8529,-0.87868,3.9862,14.978,4.4879,0,0,0,6.3482,6.4105,6.2709,6.4824,-42.102,6.234,2.3467,-15.926,-69.226,-25.113
6.53,-1.2135,-6.3978,0.54427,-0.37282,0.1456,0.12748,0.9075,9.4071,3.2589,-1.4868,-0.79953,-1.8589,-0.87886,3.5644,15.036,4.5101,0,0,0,6.3407,6.4061,6.2657,6.4771,-42.252,5.5402,2.0965,-13.996,-69.523,-24.931
6.54,-1.1193,-6.3645,0.52963,-0.37493,0.1374,0.1334,0.90706,9.4407,3.4095,-1.4416,-0.79545,-1.8645,-0.87899,3.1412,15.088,4.5298,0,0,0,6.3338,6.4022,6.2611,6.4722,-42.382,4.8437,1.8482,-12.057,-69.785,-24.736
6.55,-1.0247,-6.3296,0.51544,-0.37698,0.12918,0.13932,0.90653,9.47,3.5606,-1.3962,-0.79115,-1.8696,-0.87907,2.7168,15.133,4.547,0,0,0,6.3273,6.3988,6.2571,6.4678,-42.493,4.1447,1.6018,-10.11,-70.014,-24.528
6.56,-0.9299,-6.2933,0.50171,-0.37896,0.12093,0.14526,0.90591,9.495,3.7122,-1.3507,-0.78664,-1.8743,-0.87908,2.2914,15.171,4.5618,0,0,0,6.3213,6.396,6.2537,6.464,-42.585,3.4435,1.3576,-8.1544,-70.208,-24.307
6.57,-0.83484,-6.2554,0.48843,-0.38087,0.11266,0.15122,0.9052,9.5158,3.864,-1.305,-0.7819,-1.8784,-0.87903,1.8652,15.202,4.5742,0,0,0,6.3159,6.3937,6.251,6.4607,-42.656,2.7406,1.1157,-6.1923,-70.369,-24.073
6.58,-0.7396,-6.216,0.47561,-0.38271,0.10438,0.15718,0.9044,9.5323,4.0162,-1.2592,-0.77694,-1.882,-0.87891,1.4384,15.226,4.5842,0,0,0,6.311,6.392,6.2489,6.458,-42.708,2.0362,0.87622,-4.2243,-70.497,-23.827
6.59,-0.64421,-6.175,0.46324,-0.38448,0.096083,0.16315,0.90351,9.5445,4.1685,-1.2133,-0.77176,-1.8851,-0.87873,1.0111,15.243,4.5917,0,0,0,6.3067,6.3908,6.2474,6.4559,-42.741,1.3308,0.63923,-2.2514,-70.592,-23.569
6.6,-0.54872,-6.1326,0.45134,-0.38618,0.087779,0.16914,0.90252,9.5525,4.321,-1.1674,-0.76636,-1.8877,-0.87847,0.58361,15.253,4.597,0,0,0,6.3029,6.3903,6.2466,6.4543,-42.753,0.62451,0.40488,-0.27463,-70.655,-23.299
6.61,-0.45318,-6.0886,0.43989,-0.38781,0.07947,0.17513,0.90145,9.5562,4.4736,-1.1214,-0.76075,-1.8898,-0.87814,0.15609,15.255,4.5998,0,0,0,6.2998,6.3903,6.2464,6.4533,-42.746,-0.08222,0.17329,1.7052,-70.685,-23.018
6.62,-0.35761,-6.0431,0.42891,-0.38937,0.07116,0.18113,0.90029,9.5556,4.6261,-1.0754,-0.75491,-1.8913,-0.87773,-0.27125,15.251,4.6004,0,0,0,6.2972,6.3909,6.2469,6.4528,-42.719,-0.78909,-0.055432,3.687,-70.684,-22.726
6.63,-0.26208,-5.9961,0.41839,-0.39086,0.062854,0.18714,0.89903,9.5508,4.7786,-1.0294,-0.74886,-1.8922,-0.87725,-0.69823,15.24,4.5987,0,0,0,6.2952,6.3921,6.248,6.4529,-42.673,-1.4958,-0.28118,5.6699,-70.651,-22.423
6.64,-0.16661,-5.9476,0.40832,-0.39227,0.054555,0.19316,0.89768,9.5417,4.9309,-0.98344,-0.74259,-1.8927,-0.87668,-1.1246,15.221,4.5948,0,0,0,6.2938,6.3939,6.2498,6.4536,-42.606,-2.202,-0.50385,7.653,-70.587,-22.11
6.65,-0.071258,-5.8975,0.39872,-0.39362,0.046268,0.19917,0.89625,9.5283,5.083,-0.93752,-0.73611,-1.8926,-0.87604,-1.5503,15.196,4.5887,0,0,0,6.2931,6.3963,6.2522,6.4549,-42.519,-2.9074,-0.72334,9.6352,-70.492,-21.787
6.66,0.023941,-5.8459,0.38957,-0.39488,0.037995,0.2052,0.89472,9.5107,5.2348,-0.89167,-0.72941,-1.8919,-0.87533,-1.975,15.163,4.5804,0,0,0,6.293,6.3993,6.2552,6.4568,-42.413,-3.6117,-0.93955,11.616,-70.367,-21.454
6.67,0.11894,-5.7928,0.38088,-0.39608,0.029742,0.21122,0.8931,9.4888,5.3862,-0.84592,-0.72251,-1.8907,-0.87453,-2.3985,15.123,4.5699,0,0,0,6.2935,6.4028,6.2589,6.4592,-42.287,-4.3147,-1.1524,13.593,-70.211,-21.112
6.68,0.2137,-5.7382,0.37265,-0.3972,0.021512,0.21724,0.89139,9.4627,5.5372,-0.80028,-0.71539,-1.889,-0.87366,-2.8206,15.077,4.5573,0,0,0,6.2946,6.407,6.2631,6.4621,-42.141,-5.0159,-1.3618,15.567,-70.026,-20.761
6.69,0.30818,-5.682,0.36488,-0.39824,0.013308,0.22327,0.88959,9.4324,5.6877,-0.75478,-0.70807,-1.8867,-0.87271,-3.2412,15.023,4.5427,0,0,0,6.2964,6.4116,6.268,6.4656,-41.976,-5.7151,-1.5676,17.537,-69.811,-20.401
6.7,0.40234,-5.6244,0.35756,-0.39922,0.0051347,0.22929,0.88771,9.3979,5.8377,-0.70944,-0.70055,-1.8839,-0.87169,-3.6601,14.962,4.526,0,0,0,6.2988,6.4169,6.2734,6.4697,-41.791,-6.412,-1.7697,19.501,-69.567,-20.033
6.71,0.49613,-5.5653,0.35069,-0.40012,-0.0030048,0.23531,0.88574,9.3592,5.9869,-0.66427,-0.69283,-1.8806,-0.87059,-4.077,14.895,4.5073,0,0,0,6.3018,6.4226,6.2794,6.4743,-41.586,-7.1063,-1.9682,21.458,-69.295,-19.656
6.72,0.58951,-5.5047,0.34427,-0.40094,-0.011107,0.24132,0.88368,9.3164,6.1355,-0.6193,-0.68492,-1.8769,-0.86943,-4.4917,14.82,4.4866,0,0,0,6.3054,6.4289,6.2859,6.4794,-41.361,-7.7978,-2.1629,23.408,-68.994,-19.273
6.73,0.68244,-5.4426,0.3383,-0.4017,-0.019168,0.24733,0.88153,9.2694,6.2833,-0.57454,-0.67681,-1.8726,-0.86821,-4.9041,14.739,4.4641,0,0,0,6.3096,6.4357,6.293,6.4849,-41.118,-8.4861,-2.3536,25.35,-68.664,-18.881
6.74,0.77488,-5.379,0.33278,-0.40238,-0.027185,0.25333,0.87931,9.2183,6.4303,-0.53002,-0.66851,-1.8679,-0.86692,-5.314,14.651,4.4396,0,0,0,6.3144,6.443,6.3005,6.491,-40.855,-9.171,-2.5405,27.282,-68.307,-18.483
6.75,0.86679,-5.314,0.3277,-0.40299,-0.035155,0.25932,0.87699,9.1631,6.5763,-0.48576,-0.66003,-1.8628,-0.86558,-5.7212,14.555,4.4133,0,0,0,6.3197,6.4507,6.3085,6.4975,-40.572,-9.8522,-2.7233,29.203,-67.923,-18.078
6.76,0.95813,-5.2475,0.32306,-0.40353,-0.043074,0.2653,0.8746,9.1039,6.7214,-0.44176,-0.65138,-1.8572,-0.86419,-6.1254,14.454,4.3851,0,0,0,6.3256,6.4589,6.317,6.5045,-40.27,-10.529,-2.902,31.114,-67.512,-17.666
6.77,1.0489,-5.1796,0.31886,-0.40399,-0.05094,0.27126,0.87213,9.0406,6.8654,-0.39806,-0.64254,-1.8512,-0.86275,-6.5265,14.345,4.3552,0,0,0,6.3321,6.4676,6.3259,6.5119,-39.95,-11.202,-3.0766,33.012,-67.073,-17.249
6.78,1.1389,-5.1102,0.3151,-0.40439,-0.05875,0.27722,0.86958,8.9734,7.0082,-0.35466,-0.63354,-1.8449,-0.86126,-6.9243,14.23,4.3236,0,0,0,6.3391,6.4766,6.3351,6.5196,-39.61,-11.871,-3.247,34.897,-66.609,-16.826
6.79,1.2283,-5.0394,0.31177,-0.40471,-0.066501,0.28316,0.86695,8.9021,7.1499,-0.31159,-0.62437,-1.8382,-0.85975,-7.3187,14.107,4.2903,0,0,0,6.3466,6.4861,6.3448,6.5278,-39.252,-12.534,-3.4131,36.768,-66.118,-16.397
6.8,1.317,-4.9672,0.30887,-0.40497,-0.074192,0.28909,0.86425,8.827,7.2904,-0.26886,-0.61505,-1.8312,-0.8582,-7.7093,13.979,4.2554,0,0,0,6.3545,6.4959,6.3547,6.5363,-38.875,-13.193,-3.5749,38.624,-65.601,-15.963
6.81,1.4048,-4.8936,0.30639,-0.40515,-0.081818,0.295,0.86147,8.748,7.4295,-0.22649,-0.60557,-1.8238,-0.85663,-8.0961,13.844,4.2188,0,0,0,6.363,6.506,6.365,6.5451,-38.48,-13.846,-3.7323,40.464,-65.059,-15.525
6.82,1.4919,-4.8186,0.30434,-0.40527,-0.089379,0.30089,0.85862,8.6651,7.5672,-0.18449,-0.59594,-1.8162,-0.85504,-8.4788,13.702,4.1807,0,0,0,6.3718,6.5165,6.3756,6.5542,-38.066,-14.494,-3.8854,42.287,-64.492,-15.082
6.83,1.5781,-4.7423,0.3027,-0.40532,-0.096872,0.30677,0.8557,8.5784,7.7035,-0.14288,-0.58617,-1.8083,-0.85344,-8.8574,13.554,4.1411,0,0,0,6.3811,6.5272,6.3863,6.5636,-37.634,-15.136,-4.0339,44.092,-63.901,-14.635
6.84,1.6635,-4.6645,0.30148,-0.4053,-0.1043,0.31263,0.85271,8.488,7.8383,-0.10167,-0.57625,-1.8002,-0.85184,-9.2315,13.399,4.1001,0,0,0,6.3907,6.5382,6.3973,6.5732,-37.184,-15.772,-4.178,45.878,-63.284,-14.184
6.85,1.7479,-4.5855,0.30067,-0.40522,-0.11165,0.31846,0.84966,8.3938,7.9715,-0.060885,-0.56621,-1.792,-0.85024,-9.601,13.238,4.0576,0,0,0,6.4007,6.5495,6.4085,6.5831,-36.716,-16.402,-4.3176,47.644,-62.644,-13.73
6.86,1.8313,-4.5051,0.30026,-0.40507,-0.11893,0.32428,0.84653,8.2959,8.103,-0.020527,-0.55604,-1.7835,-0.84865,-9.9657,13.071,4.0137,0,0,0,6.411,6.5609,6.4198,6.5931,-36.231,-17.025,-4.4526,49.389,-61.98,-13.273
6.87,1.9138,-4.4234,0.30025,-0.40485,-0.12613,0.33008,0.84335,8.1945,8.2329,0.019385,-0.54574,-1.7749,-0.84709,-10.326,12.898,3.9685,0,0,0,6.4215,6.5725,6.4311,6.6033,-35.729,-17.641,-4.5831,51.113,-61.293,-12.813
6.88,1.9952,-4.3405,0.30065,-0.40457,-0.13326,0.33585,0.8401,8.0895,8.361,0.058839,-0.53533,-1.7662,-0.84555,-10.68,12.718,3.9221,0,0,0,6.4324,6.5842,6.4426,6.6135,-35.209,-18.251,-4.7089,52.814,-60.582,-12.35
6.89,2.0756,-4.2562,0.30143,-0.40422,-0.14032,0.3416,0.83679,7.9809,8.4872,0.097823,-0.5248,-1.7574,-0.84405,-11.03,12.533,3.8744,0,0,0,6.4434,6.5961,6.4541,6.6239,-34.672,-18.853,-4.8301,54.491,-59.849,-11.885
6.9,2.1548,-4.1707,0.3026,-0.40381,-0.14729,0.34733,0.83343,7.8689,8.6116,0.13632,-0.51417,-1.7485,-0.84259,-11.374,12.341,3.8255,0,0,0,6.4546,6.608,6.4656,6.6343,-34.119,-19.448,-4.9466,56.144,-59.094,-11.419
6.91,2.2329,-4.084,0.30415,-0.40334,-0.15419,0.35303,0.83,7.7534,8.734,0.17433,-0.50344,-1.7396,-0.84118,-11.712,12.144,3.7755,0,0,0,6.466,6.6199,6.477,6.6447,-33.55,-20.035,-5.0584,57.771,-58.316,-10.951
6.92,2.3099,-3.9961,0.30608,-0.40281,-0.16101,0.35871,0.82653,7.6347,8.8545,0.21183,-0.49261,-1.7307,-0.83983,-12.045,11.941,3.7243,0,0,0,6.4774,6.6319,6.4883,6.6551,-32.964,-20.614,-5.1656,59.372,-57.517,-10.482
6.93,2.3856,-3.9069,0.30839,-0.40221,-0.16775,0.36437,0.82299,7.5126,8.9728,0.24881,-0.48169,-1.7219,-0.83855,-12.371,11.732,3.6722,0,0,0,6.489,6.6438,6.4996,6.6655,-32.362,-21.185,-5.2681,60.945,-56.696,-10.012
6.94,2.4601,-3.8166,0.31106,-0.40155,-0.1744,0.37001,0.81941,7.3873,9.0891,0.28527,-0.47068,-1.713,-0.83735,-12.692,11.517,3.619,0,0,0,6.5005,6.6557,6.5107,6.6758,-31.745,-21.748,-5.3658,62.49,-55.854,-9.5414
6.95,2.5333,-3.7251,0.31409,-0.40083,-0.18098,0.37561,0.81578,7.2588,9.2032,0.32119,-0.45959,-1.7043,-0.83623,-13.006,11.297,3.5649,0,0,0,6.5121,6.6675,6.5216,6.686,-31.113,-22.302,-5.4589,64.006,-54.992,-9.0708
6.96,2.6053,-3.6326,0.31748,-0.40005,-0.18748,0.3812,0.81209,7.1272,9.315,0.35656,-0.44842,-1.6957,-0.8352,-13.314,11.071,3.5098,0,0,0,6.5237,6.6792,6.5323,6.696,-30.465,-22.847,-5.5472,65.491,-54.109,-8.6004
6.97,2.6759,-3.5389,0.32122,-0.39921,-0.1939,0.38676,0.80836,6.9925,9.4246,0.39138,-0.43718,-1.6871,-0.83428,-13.615,10.84,3.4539,0,0,0,6.5352,6.6907,6.5427,6.7059,-29.803,-23.384,-5.6309,66.945,-53.206,-8.1305
6.98,2.7451,-3.4441,0.32531,-0.39831,-0.20024,0.3923,0.80459,6.8549,9.5318,0.42564,-0.42586,-1.6788,-0.83346,-13.91,10.603,3.3972,0,0,0,6.5465,6.7021,6.5529,6.7155,-29.126,-23.911,-5.7099,68.367,-52.284,-7.6614
6.99,2.813,-3.3482,0.32973,-0.39735,-0.2065,0.39781,0.80076,6.7143,9.6366,0.45932,-0.41449,-1.6706,-0.83275,-14.198,10.362,3.3398,0,0,0,6.5577,6.7132,6.5627,6.7249,-28.436,-24.43,-5.7841,69.756,-51.342,-7.1935
7,2.8794,-3.2513,0.33449,-0.39633,-0.21268,0.4033,0.7969,6.5709,9.739,0.49243,-0.40305,-1.6626,-0.83217,-14.479,10.115,3.2816,0,0,0,6.5688,6.7241,6.5722,6.734,-27.731,-24.938,-5.8537,71.11,-50.381,-6.7271
7.01,2.9444,-3.1535,0.33958,-0.39525,-0.21878,0.40876,0.79299,6.4248,9.8389,0.52495,-0.39156,-1.6548,-0.83173,-14.752,9.863,3.2227,0,0,0,6.5796,6.7347,6.5813,6.7429,-27.014,-25.437,-5.9187,72.43,-49.402,-6.2624
7.02,3.0079,-3.0546,0.34499,-0.39411,-0.2248,0.4142,0.78904,6.2759,9.9362,0.55688,-0.38001,-1.6473,-0.83142,-15.019,9.6061,3.1632,0,0,0,6.5902,6.745,6.59,6.7513,-26.283,-25.926,-5.979,73.713,-48.404,-5.7999
7.03,3.0699,-2.9547,0.35071,-0.39291,-0.23074,0.41962,0.78505,6.1244,10.031,0.58822,-0.36841,-1.64,-0.83126,-15.278,9.3445,3.1031,0,0,0,6.6005,6.755,6.5983,6.7595,-25.539,-26.405,-6.0347,74.96,-47.388,-5.3399
7.04,3.1304,-2.854,0.35675,-0.39166,-0.23661,0.42501,0.78102,5.9704,10.123,0.61894,-0.35677,-1.633,-0.83125,-15.53,9.0781,3.0425,0,0,0,6.6105,6.7647,6.6061,6.7672,-24.784,-26.874,-6.0858,76.169,-46.354,-4.8826
7.05,3.1893,-2.7523,0.36309,-0.39034,-0.24239,0.43039,0.77695,5.8139,10.213,0.64907,-0.34509,-1.6264,-0.83141,-15.774,8.807,2.9814,0,0,0,6.6201,6.7739,6.6133,6.7745,-24.016,-27.332,-6.1323,77.338,-45.304,-4.4285
7.06,3.2466,-2.6497,0.36973,-0.38896,-0.24811,0.43574,0.77284,5.6549,10.299,0.67857,-0.33337,-1.62,-0.83173,-16.01,8.5315,2.9199,0,0,0,6.6294,6.7828,6.6201,6.7814,-23.237,-27.78,-6.1744,78.468,-44.236,-3.9778
7.07,3.3024,-2.5463,0.37666,-0.38753,-0.25375,0.44107,0.7687,5.4937,10.383,0.70746,-0.32161,-1.614,-0.83223,-16.238,8.2515,2.858,0,0,0,6.6382,6.7912,6.6263,6.7878,-22.447,-28.217,-6.2119,79.558,-43.151,-3.531
7.08,3.3565,-2.4421,0.38388,-0.38603,-0.25931,0.44638,0.76452,5.3302,10.464,0.73573,-0.30982,-1.6083,-0.83291,-16.459,7.9672,2.7957,0,0,0,6.6467,6.7991,6.6319,6.7937,-21.646,-28.643,-6.245,80.605,-42.05,-3.0882
7.09,3.409,-2.337,0.39137,-0.38448,-0.2648,0.45166,0.7603,5.1645,10.542,0.76337,-0.29799,-1.603,-0.83378,-16.671,7.6786,2.7331,0,0,0,6.6546,6.8066,6.637,6.7991,-20.835,-29.058,-6.2737,81.61,-40.933,-2.6498
7.1,3.4598,-2.2312,0.39914,-0.38286,-0.27023,0.45693,0.75605,4.9968,10.618,0.79039,-0.28615,-1.5981,-0.83485,-16.875,7.386,2.6702,0,0,0,6.6621,6.8135,6.6414,6.8039,-20.014,-29.462,-6.298,82.571,-39.801,-2.2162
7.11,3.5089,-2.1247,0.40718,-0.38119,-0.27557,0.46218,0.75176,4.8271,10.69,0.81678,-0.27428,-1.5936,-0.83611,-17.071,7.0894,2.6071,0,0,0,6.669,6.82,6.6452,6.8082,-19.184,-29.854,-6.318,83.488,-38.653,-1.7877
7.12,3.5563,-2.0174,0.41548,-0.37945,-0.28085,0.46742,0.74743,4.6554,10.76,0.84253,-0.26239,-1.5895,-0.83758,-17.259,6.789,2.5439,0,0,0,6.6755,6.8259,6.6484,6.812,-18.344,-30.235,-6.3338,84.359,-37.49,-1.3646
7.13,3.602,-1.9095,0.42403,-0.37766,-0.28607,0.47263,0.74308,4.4819,10.826,0.86765,-0.25048,-1.5858,-0.83927,-17.438,6.4848,2.4805,0,0,0,6.6813,6.8312,6.6508,6.8151,-17.497,-30.604,-6.3453,85.184,-36.313,-0.94727
7.14,3.6459,-1.8009,0.43283,-0.3758,-0.29121,0.47783,0.73868,4.3067,10.889,0.89214,-0.23856,-1.5826,-0.84117,-17.609,6.177,2.417,0,0,0,6.6866,6.8359,6.6526,6.8176,-16.641,-30.961,-6.3528,85.962,-35.121,-0.536
7.15,3.6881,-1.6917,0.44187,-0.37388,-0.29629,0.48301,0.73426,4.1297,10.949,0.91599,-0.22663,-1.5798,-0.84329,-17.771,5.8656,2.3534,0,0,0,6.6913,6.8401,6.6537,6.8195,-15.778,-31.306,-6.3561,86.691,-33.916,-0.13114
7.16,3.7285,-1.582,0.45115,-0.37189,-0.3013,0.48817,0.72979,3.9513,11.007,0.93921,-0.2147,-1.5774,-0.84564,-17.925,5.5509,2.2899,0,0,0,6.6953,6.8437,6.6541,6.8208,-14.907,-31.639,-6.3554,87.37,-32.696,0.267
7.17,3.7671,-1.4716,0.46065,-0.36985,-0.30625,0.49332,0.7253,3.7713,11.06,0.96179,-0.20275,-1.5756,-0.84822,-18.069,5.2329,2.2263,0,0,0,6.6987,6.8466,6.6538,6.8214,-14.03,-31.96,-6.3508,88,-31.464,0.65808
7.18,3.804,-1.3608,0.47038,-0.36774,-0.31114,0.49846,0.72076,3.5899,11.111,0.98374,-0.19081,-1.5742,-0.85104,-18.205,4.9117,2.1629,0,0,0,6.7015,6.8489,6.6527,6.8213,-13.147,-32.268,-6.3423,88.578,-30.218,1.0418
7.19,3.8389,-1.2494,0.48032,-0.36556,-0.31597,0.50358,0.71619,3.4072,11.159,1.005,-0.17887,-1.5733,-0.8541,-18.332,4.5876,2.0995,0,0,0,6.7036,6.8506,6.651,6.8206,-12.259,-32.564,-6.33,89.104,-28.96,1.4178
7.2,3.8721,-1.1376,0.49048,-0.36332,-0.32073,0.50869,0.71159,3.2233,11.203,1.0257,-0.16694,-1.5729,-0.85739,-18.45,4.2605,2.0363,0,0,0,6.7051,6.8516,6.6485,6.8193,-11.366,-32.847,-6.3139,89.577,-27.69,1.7857
7.21,3.9034,-1.0254,0.50084,-0.36101,-0.32544,0.51379,0.70695,3.0382,11.244,1.0458,-0.15502,-1.573,-0.86094,-18.559,3.9307,1.9732,0,0,0,6.7058,6.852,6.6453,6.8173,-10.468,-33.118,-6.2943,89.996,-26.407,2.1453
7.22,3.9329,-0.91272,0.51139,-0.35864,-0.33009,0.51887,0.70227,2.8521,11.282,1.0652,-0.14312,-1.5735,-0.86473,-18.66,3.5982,1.9104,0,0,0,6.7059,6.8517,6.6413,6.8146,-9.5658,-33.376,-6.2711,90.36,-25.113,2.4961
7.23,3.9604,-0.79973,0.52214,-0.3562,-0.33469,0.52395,0.69756,2.6651,11.316,1.084,-0.13124,-1.5746,-0.86877,-18.751,3.2632,1.8478,0,0,0,6.7053,6.8508,6.6367,6.8112,-8.6606,-33.62,-6.2444,90.667,-23.808,2.838
7.24,3.9862,-0.68642,0.53307,-0.35369,-0.33923,0.52901,0.6928,2.4771,11.347,1.1022,-0.11938,-1.5762,-0.87305,-18.833,2.9258,1.7855,0,0,0,6.704,6.8493,6.6313,6.8072,-7.7526,-33.852,-6.2143,90.918,-22.492,3.1705
7.25,4.01,-0.57281,0.54418,-0.35111,-0.34372,0.53407,0.68801,2.2884,11.374,1.1197,-0.10755,-1.5783,-0.87759,-18.906,2.5862,1.7235,0,0,0,6.702,6.8471,6.6253,6.8025,-6.8424,-34.07,-6.181,91.112,-21.165,3.4933
7.26,4.0319,-0.45894,0.55546,-0.34846,-0.34815,0.53911,0.68318,2.0991,11.399,1.1366,-0.095757,-1.5809,-0.88238,-18.97,2.2445,1.6619,0,0,0,6.6993,6.8442,6.6185,6.7972,-5.9306,-34.275,-6.1445,91.247,-19.828,3.8063
7.27,4.052,-0.34485,0.56691,-0.34574,-0.35253,0.54414,0.6783,1.9091,11.419,1.1529,-0.084006,-1.584,-0.88742,-19.024,1.9007,1.6007,0,0,0,6.6959,6.8407,6.6111,6.7912,-5.0177,-34.466,-6.1049,91.325,-18.481,4.1096
7.28,4.0701,-0.23057,0.57852,-0.34294,-0.35686,0.54917,0.67339,1.7186,11.437,1.1686,-0.0723,-1.5876,-0.89271,-19.07,1.5552,1.5398,0,0,0,6.6918,6.8366,6.6031,6.7846,-4.1043,-34.644,-6.0623,91.347,-17.125,4.4033
7.29,4.0863,-0.11613,0.59028,-0.34008,-0.36115,0.55418,0.66843,1.5277,11.45,1.1837,-0.060647,-1.5918,-0.89824,-19.107,1.2079,1.4794,0,0,0,6.6871,6.8318,6.5943,6.7775,-3.1909,-34.809,-6.0169,91.313,-15.761,4.6875
7.3,4.1007,-0.0015702,0.60219,-0.33714,-0.36538,0.55919,0.66343,1.3365,11.461,1.1982,-0.049049,-1.5964,-0.90402,-19.134,0.85905,1.4195,0,0,0,6.6816,6.8265,6.585,6.7697,-2.2782,-34.96,-5.9686,91.225,-14.388,4.9623
7.31,4.1131,0.11307,0.61424,-0.33412,-0.36957,0.56419,0.65838,1.1451,11.468,1.2121,-0.037514,-1.6015,-0.91004,-19.152,0.50875,1.3601,0,0,0,6.6755,6.8205,6.5751,6.7613,-1.3666,-35.097,-5.9177,91.083,-13.007,5.2278
7.32,4.1236,0.22777,0.62643,-0.33103,-0.37372,0.56918,0.65329,0.95349,11.471,1.2254,-0.026044,-1.607,-0.9163,-19.161,0.15716,1.3012,0,0,0,6.6687,6.814,6.5646,6.7524,-0.45672,-35.22,-5.8641,90.889,-11.619,5.484
7.33,4.1321,0.34248,0.63875,-0.32786,-0.37781,0.57416,0.64815,0.76187,11.471,1.2382,-0.014647,-1.6131,-0.92278,-19.161,-0.1956,1.2428,0,0,0,6.6613,6.8069,6.5536,6.743,0.45098,-35.329,-5.808,90.642,-10.224,5.7312
7.34,4.1388,0.45717,0.65119,-0.32462,-0.38187,0.57914,0.64296,0.57029,11.467,1.2503,-0.0033251,-1.6196,-0.92949,-19.152,-0.54937,1.185,0,0,0,6.6532,6.7993,6.5421,6.7331,1.356,-35.424,-5.7495,90.345,-8.823,5.9693
7.35,4.1435,0.57181,0.66375,-0.32129,-0.38588,0.5841,0.63773,0.37886,11.46,1.2619,0.0079148,-1.6265,-0.93642,-19.134,-0.90403,1.1278,0,0,0,6.6446,6.7911,6.5301,6.7226,2.2577,-35.505,-5.6887,89.997,-7.4159,6.1986
7.36,4.1464,0.68635,0.67643,-0.31789,-0.38984,0.58906,0.63244,0.18764,11.449,1.2728,0.019068,-1.6339,-0.94357,-19.107,-1.2594,1.0712,0,0,0,6.6353,6.7825,6.5177,6.7118,3.1557,-35.573,-5.6256,89.6,-6.0034,6.419
7.37,4.1473,0.80077,0.68921,-0.3144,-0.39377,0.59401,0.6271,-0.0032559,11.434,1.2833,0.03013,-1.6417,-0.95091,-19.071,-1.6154,1.0153,0,0,0,6.6255,6.7734,6.5048,6.7005,4.0495,-35.626,-5.5603,89.154,-4.5859,6.6307
7.38,4.1463,0.91503,0.70209,-0.31084,-0.39765,0.59894,0.62171,-0.19375,11.417,1.2932,0.041095,-1.6499,-0.95845,-19.026,-1.9719,0.96004,0,0,0,6.6151,6.7638,6.4916,6.6889,4.9386,-35.664,-5.493,88.66,-3.164,6.8338
7.39,4.1434,1.0291,0.71507,-0.30719,-0.40149,0.60387,0.61626,-0.38375,11.395,1.3025,0.051957,-1.6584,-0.96617,-18.972,-2.3287,0.90545,0,0,0,6.6042,6.7539,6.4781,6.6768,5.8226,-35.689,-5.4237,88.12,-1.7382,7.0283
7.4,4.1386,1.1429,0.72814,-0.30346,-0.40529,0.60879,0.61076,-0.57316,11.37,1.3113,0.062712,-1.6674,-0.97407,-18.91,-2.6856,0.85157,0,0,0,6.5928,6.7435,6.4643,6.6645,6.7009,-35.699,-5.3524,87.534,-0.30884,7.2145
7.41,4.132,1.2565,0.74129,-0.29965,-0.40905,0.61369,0.6052,-0.76191,11.341,1.3195,0.073353,-1.6766,-0.98213,-18.838,-3.0426,0.79841,0,0,0,6.581,6.7328,6.4502,6.6519,7.5731,-35.695,-5.2794,86.903,1.1235,7.3923
7.42,4.1234,1.3697,0.75453,-0.29575,-0.41277,0.61859,0.59958,-0.9499,11.309,1.3272,0.083875,-1.6862,-0.99034,-18.758,-3.3995,0.74599,0,0,0,6.5686,6.7217,6.436,6.639,8.4388,-35.677,-5.2046,86.227,2.5584,7.5619
7.43,4.113,1.4826,0.76784,-0.29177,-0.41645,0.62347,0.5939,-1.137,11.273,1.3344,0.094272,-1.6961,-0.99869,-18.67,-3.7561,0.69433,0,0,0,6.5559,6.7103,6.4216,6.626,9.2975,-35.644,-5.1282,85.508,3.9953,7.7235
7.44,4.1007,1.5952,0.78121,-0.28771,-0.42009,0.62833,0.58817,-1.3233,11.234,1.3411,0.10454,-1.7063,-1.0072,-18.572,-4.1123,0.64343,0,0,0,6.5428,6.6987,6.407,6.6127,10.149,-35.597,-5.0502,84.747,5.4338,7.8769
7.45,4.0865,1.7073,0.79466,-0.28356,-0.42369,0.63319,0.58237,-1.5085,11.191,1.3473,0.11467,-1.7167,-1.0157,-18.467,-4.468,0.59333,0,0,0,6.5294,6.6868,6.3925,6.5994,10.992,-35.535,-4.9707,83.944,6.8734,8.0225
7.46,4.0705,1.819,0.80816,-0.27932,-0.42725,0.63802,0.57651,-1.6926,11.145,1.353,0.12465,-1.7273,-1.0244,-18.352,-4.823,0.54402,0,0,0,6.5156,6.6748,6.3779,6.5859,11.828,-35.459,-4.8898,83.1,8.3136,8.1603
7.47,4.0526,1.9302,0.82171,-0.275,-0.43078,0.64284,0.57058,-1.8755,11.095,1.3582,0.13448,-1.7381,-1.0332,-18.23,-5.1771,0.49554,0,0,0,6.5015,6.6625,6.3634,6.5724,12.654,-35.369,-4.8075,82.216,9.7539,8.2903
7.48,4.033,2.0409,0.83532,-0.2706,-0.43425,0.64764,0.56459,-2.0571,11.041,1.3629,0.14416,-1.749,-1.042,-18.099,-5.5303,0.44788,0,0,0,6.4872,6.6502,6.3489,6.559,13.472,-35.264,-4.724,81.294,11.194,8.4127
7.49,4.0115,2.151,0.84897,-0.26611,-0.43769,0.65242,0.55854,-2.2374,10.984,1.3672,0.15367,-1.7601,-1.0508,-17.961,-5.8823,0.40106,0,0,0,6.4728,6.6377,6.3346,6.5455,14.28,-35.145,-4.6393,80.332,12.633,8.5276
7.5,3.9882,2.2606,0.86266,-0.26153,-0.44109,0.65717,0.55242,-2.4163,10.923,1.3709,0.16302,-1.7712,-1.0597,-17.814,-6.2331,0.3551,0,0,0,6.4581,6.6252,6.3205,6.5321,15.078,-35.011,-4.5534,79.334,14.071,8.6351
7.51,3.9632,2.3695,0.87639,-0.25687,-0.44445,0.6619,0.54623,-2.5937,10.859,1.3743,0.17218,-1.7824,-1.0685,-17.659,-6.5825,0.31,0,0,0,6.4433,6.6126,6.3067,6.5189,15.866,-34.864,-4.4666,78.299,15.507,8.7353
7.52,3.9364,2.4777,0.89015,-0.25213,-0.44776,0.66661,0.53997,-2.7695,10.792,1.3771,0.18116,-1.7936,-1.0774,-17.497,-6.9304,0.26577,0,0,0,6.4284,6.6001,6.2932,6.5058,16.644,-34.701,-4.3788,77.228,16.941,8.8282
7.53,3.9078,2.5853,0.90393,-0.2473,-0.45103,0.67129,0.53365,-2.9436,10.721,1.3796,0.18995,-1.8048,-1.0862,-17.326,-7.2765,0.22242,0,0,0,6.4135,6.5876,6.28,6.493,17.411,-34.525,-4.29,76.123,18.372,8.914
7.54,3.8775,2.6921,0.91774,-0.24239,-0.45426,0.67594,0.52725,-3.116,10.646,1.3816,0.19854,-1.8159,-1.0949,-17.148,-7.6208,0.17997,0,0,0,6.3986,6.5753,6.2672,6.4804,18.167,-34.334,-4.2005,74.984,19.8,8.9928
7.55,3.8455,2.7982,0.93156,-0.2374,-0.45744,0.68056,0.52079,-3.2865,10.568,1.3832,0.20692,-1.8269,-1.1036,-16.963,-7.9631,0.13842,0,0,0,6.3837,6.563,6.2549,6.4681,18.911,-34.129,-4.1102,73.811,21.224,9.0647
7.56,3.8118,2.9035,0.9454,-0.23233,-0.46057,0.68515,0.51426,-3.4552,10.487,1.3844,0.21508,-1.8377,-1.1121,-16.77,-8.3033,0.097768,0,0,0,6.3689,6.5509,6.243,6.4561,19.643,-33.909,-4.0192,72.607,22.644,9.1297
7.57,3.7764,3.0079,0.95925,-0.22718,-0.46366,0.6897,0.50766,-3.6219,10.402,1.3851,0.22303,-1.8484,-1.1206,-16.57,-8.6413,0.058033,0,0,0,6.3542,6.539,6.2317,6.4445,20.363,-33.676,-3.9276,71.371,24.059,9.188
7.58,3.7394,3.1115,0.9731,-0.22195,-0.4667,0.69422,0.50099,-3.7866,10.314,1.3855,0.23075,-1.8588,-1.1288,-16.363,-8.9768,0.019217,0,0,0,6.3396,6.5274,6.2211,6.4334,21.07,-33.428,-3.8355,70.104,25.469,9.2397
7.59,3.7007,3.2142,0.98695,-0.21664,-0.4697,0.69869,0.49425,-3.9492,10.223,1.3855,0.23824,-1.869,-1.1369,-16.149,-9.3098,-0.018675,0,0,0,6.3253,6.516,6.211,6.4227,21.765,-33.167,-3.7429,68.808,26.874,9.2849
7.6,3.6604,3.316,1.0008,-0.21127,-0.47264,0.70312,0.48744,-4.1095,10.128,1.3852,0.24548,-1.8788,-1.1448,-15.928,-9.6401,-0.055639,0,0,0,6.3112,6.5049,6.2016,6.4125,22.446,-32.891,-3.6498,67.483,28.272,9.3237
7.61,3.6185,3.4168,1.0147,-0.20582,-0.47553,0.70751,0.48056,-4.2677,10.03,1.3844,0.25247,-1.8883,-1.1524,-15.7,-9.9676,-0.09167,0,0,0,6.2975,6.4942,6.193,6.4028,23.114,-32.601,-3.5564,66.13,29.664,9.3561
7.62,3.575,3.5166,1.0285,-0.2003,-0.47836,0.71185,0.47361,-4.4235,9.9287,1.3833,0.25922,-1.8974,-1.1598,-15.466,-10.292,-0.12677,0,0,0,6.284,6.4839,6.1851,6.3937,23.769,-32.298,-3.4627,64.751,31.049,9.3823
7.63,3.53,3.6153,1.0423,-0.19472,-0.48115,0.71615,0.4666,-4.577,9.8242,1.3819,0.2657,-1.9061,-1.167,-15.225,-10.613,-0.16092,0,0,0,6.271,6.4739,6.178,6.3852,24.409,-31.98,-3.3688,63.344,32.426,9.4024
7.64,3.4835,3.713,1.0561,-0.18907,-0.48387,0.72039,0.45952,-4.728,9.7164,1.3801,0.27191,-1.9143,-1.1738,-14.977,-10.932,-0.19414,0,0,0,6.2584,6.4644,6.1717,6.3774,25.035,-31.649,-3.2747,61.913,33.796,9.4164
7.65,3.4355,3.8096,1.0699,-0.18336,-0.48655,0.72458,0.45237,-4.8765,9.6055,1.378,0.27786,-1.9219,-1.1803,-14.724,-11.246,-0.22642,0,0,0,6.2462,6.4554,6.1663,6.3702,25.647,-31.304,-3.1805,60.457,35.157,9.4245
7.66,3.386,3.9051,1.0837,-0.1776,-0.48916,0.72871,0.44515,-5.0225,9.4915,1.3756,0.28353,-1.9291,-1.1865,-14.464,-11.558,-0.25775,0,0,0,6.2346,6.4469,6.1618,6.3637,26.244,-30.946,-3.0862,58.977,36.508,9.4268
7.67,3.335,3.9995,1.0974,-0.17178,-0.49171,0.73279,0.43787,-5.1658,9.3744,1.3729,0.28892,-1.9356,-1.1923,-14.199,-11.865,-0.28814,0,0,0,6.2235,6.4389,6.1582,6.3579,26.827,-30.574,-2.992,57.475,37.851,9.4234
7.68,3.2827,4.0926,1.1111,-0.16591,-0.4942,0.73681,0.43053,-5.3064,9.2542,1.3698,0.29403,-1.9415,-1.1978,-13.928,-12.169,-0.31759,0,0,0,6.213,6.4315,6.1555,6.3528,27.394,-30.189,-2.8978,55.951,39.183,9.4143
7.69,3.2289,4.1845,1.1248,-0.15999,-0.49663,0.74076,0.42313,-5.4443,9.131,1.3665,0.29885,-1.9467,-1.2028,-13.651,-12.469,-0.3461,0,0,0,6.2031,6.4247,6.1537,6.3485,27.946,-29.79,-2.8037,54.406,40.505,9.3997
7.7,3.1738,4.2752,1.1385,-0.15403,-0.499,0.74465,0.41566,-5.5794,9.0049,1.3629,0.30339,-1.9513,-1.2074,-13.369,-12.765,-0.37366,0,0,0,6.1939,6.4185,6.1528,6.3449,28.482,-29.379,-2.7098,52.84,41.817,9.3796
7.71,3.1173,4.3646,1.1521,-0.14803,-0.5013,0.74847,0.40814,-5.7117,8.8758,1.359,0.30763,-1.9552,-1.2116,-13.082,-13.057,-0.40029,0,0,0,6.1854,6.4129,6.153,6.3422,29.002,-28.954,-2.6161,51.255,43.116,9.3543
7.72,3.0596,4.4527,1.1657,-0.142,-0.50354,0.75223,0.40055,-5.841,8.7438,1.3549,0.31158,-1.9583,-1.2153,-12.789,-13.344,-0.42599,0,0,0,6.1777,6.408,6.154,6.3402,29.507,-28.517,-2.5227,49.652,44.404,9.3237
7.73,3.0005,4.5395,1.1792,-0.13594,-0.5057,0.75591,0.39292,-5.9675,8.6089,1.3505,0.31525,-1.9606,-1.2186,-12.492,-13.627,-0.45075,0,0,0,6.1707,6.4037,6.1561,6.3391,29.995,-28.066,-2.4297,48.031,45.68,9.288
7.74,2.9402,4.6249,1.1927,-0.12985,-0.50781,0.75952,0.38522,-6.0909,8.4712,1.3459,0.31862,-1.9622,-1.2214,-12.189,-13.905,-0.47458,0,0,0,6.1645,6.4002,6.1591,6.3387,30.467,-27.603,-2.337,46.393,46.943,9.2472
7.75,2.8787,4.7089,1.2061,-0.12375,-0.50984,0.76306,0.37748,-6.2112,8.3308,1.341,0.3217,-1.9631,-1.2238,-11.882,-14.179,-0.49749,0,0,0,6.1591,6.3974,6.163,6.3392,30.923,-27.127,-2.2447,44.739,48.193,9.2015
7.76,2.816,4.7915,1.2195,-0.11762,-0.5118,0.76652,0.36969,-6.3285,8.1877,1.3359,0.32449,-1.9631,-1.2256,-11.571,-14.448,-0.51948,0,0,0,6.1546,6.3952,6.1679,6.3405,31.362,-26.639,-2.153,43.071,49.429,9.151
7.77,2.7522,4.8726,1.2328,-0.11149,-0.51369,0.76991,0.36184,-6.4426,8.0419,1.3306,0.327,-1.9623,-1.227,-11.255,-14.712,-0.54055,0,0,0,6.1509,6.3938,6.1736,6.3426,31.785,-26.139,-2.0617,41.388,50.65,9.0957
7.78,2.6872,4.9523,1.2461,-0.10535,-0.51551,0.77322,0.35396,-6.5536,7.8935,1.3251,0.32923,-1.9607,-1.2278,-10.935,-14.97,-0.56072,0,0,0,6.1481,6.3932,6.1803,6.3455,32.19,-25.626,-1.9711,39.692,51.857,9.0358
7.79,2.6211,5.0305,1.2593,-0.099204,-0.51726,0.77645,0.34602,-6.6613,7.7425,1.3194,0.33118,-1.9582,-1.2281,-10.611,-15.224,-0.57998,0,0,0,6.1463,6.3933,6.1879,6.3492,32.578,-25.102,-1.881,37.983,53.049,8.9714
7.8,2.554,5.1072,1.2725,-0.093066,-0.51893,0.7796,0.33805,-6.7658,7.589,1.3135,0.33286,-1.955,-1.228,-10.284,-15.472,-0.59834,0,0,0,6.1453,6.3941,6.1963,6.3537,32.95,-24.565,-1.7917,36.263,54.225,8.9025
7.81,2.4858,5.1823,1.2856,-0.086936,-0.52054,0.78266,0.33003,-6.867,7.433,1.3075,0.33427,-1.951,-1.2273,-9.9525,-15.715,-0.61581,0,0,0,6.1453,6.3957,6.2055,6.359,33.304,-24.017,-1.703,34.532,55.385,8.8293
7.82,2.4166,5.2558,1.2986,-0.08082,-0.52207,0.78565,0.32198,-6.9648,7.2747,1.3012,0.33543,-1.9462,-1.2262,-9.6177,-15.953,-0.6324,0,0,0,6.1462,6.3981,6.2155,6.365,33.64,-23.458,-1.6151,32.791,56.528,8.7519
7.83,2.3465,5.3278,1.3116,-0.074723,-0.52353,0.78855,0.31389,-7.0593,7.114,1.2948,0.33633,-1.9406,-1.2245,-9.2797,-16.184,-0.64812,0,0,0,6.148,6.4012,6.2263,6.3718,33.959,-22.887,-1.528,31.041,57.654,8.6703
7.84,2.2755,5.3981,1.3245,-0.068648,-0.52491,0.79137,0.30577,-7.1504,6.951,1.2883,0.33699,-1.9342,-1.2224,-8.9386,-16.41,-0.66296,0,0,0,6.1507,6.405,6.2378,6.3793,34.261,-22.305,-1.4417,29.282,58.763,8.5847
7.85,2.2035,5.4668,1.3374,-0.062602,-0.52622,0.7941,0.29762,-7.2381,6.7858,1.2816,0.33741,-1.9271,-1.2198,-8.5945,-16.631,-0.67695,0,0,0,6.1544,6.4096,6.25,6.3875,34.545,-21.712,-1.3563,27.517,59.853,8.4951
7.86,2.1307,5.5338,1.3502,-0.056589,-0.52746,0.79675,0.28943,-7.3223,6.6184,1.2747,0.33761,-1.9193,-1.2168,-8.2478,-16.845,-0.69009,0,0,0,6.1589,6.4149,6.2628,6.3964,34.811,-21.108,-1.2718,25.745,60.925,8.4018
7.87,2.0571,5.5991,1.3629,-0.050613,-0.52863,0.79931,0.28122,-7.403,6.4489,1.2678,0.3376,-1.9108,-1.2133,-7.8984,-17.053,-0.70239,0,0,0,6.1644,6.4209,6.2762,6.4059,35.06,-20.493,-1.1883,23.967,61.978,8.3046
7.88,1.9827,5.6628,1.3755,-0.044678,-0.52972,0.80179,0.27299,-7.4803,6.2774,1.2607,0.33737,-1.9016,-1.2093,-7.5466,-17.254,-0.71386,0,0,0,6.1708,6.4276,6.2902,6.416,35.291,-19.868,-1.1057,22.185,63.012,8.2039
7.89,1.9075,5.7247,1.3881,-0.03879,-0.53075,0.80419,0.26473,-7.554,6.1039,1.2535,0.33696,-1.8918,-1.205,-7.1926,-17.45,-0.72451,0,0,0,6.1779,6.4349,6.3046,6.4267,35.503,-19.233,-1.0242,20.399,64.025,8.0995
7.9,1.8316,5.7848,1.4006,-0.032952,-0.5317,0.8065,0.25644,-7.6241,5.9284,1.2462,0.33636,-1.8814,-1.2002,-6.8366,-17.639,-0.73435,0,0,0,6.186,6.4429,6.3196,6.438,35.699,-18.588,-0.94374,18.609,65.018,7.9918
7.91,1.755,5.8432,1.413,-0.027168,-0.53259,0.80873,0.24814,-7.6907,5.7511,1.2388,0.33559,-1.8704,-1.1951,-6.4787,-17.822,-0.74339,0,0,0,6.1948,6.4515,6.3349,6.4497,35.876,-17.933,-0.86438,16.818,65.99,7.8807
7.92,1.6778,5.8999,1.4254,-0.021442,-0.5334,0.81087,0.23982,-7.7537,5.572,1.2313,0.33467,-1.8589,-1.1896,-6.1192,-17.998,-0.75164,0,0,0,6.2044,6.4607,6.3507,6.462,36.035,-17.268,-0.78614,15.025,66.941,7.7664
7.93,1.5999,5.9547,1.4376,-0.015778,-0.53415,0.81293,0.23148,-7.8131,5.3912,1.2238,0.3336,-1.8469,-1.1837,-5.7581,-18.167,-0.75911,0,0,0,6.2147,6.4704,6.3667,6.4746,36.176,-16.594,-0.70906,13.232,67.869,7.6489
7.94,1.5215,6.0077,1.4498,-0.010179,-0.53483,0.8149,0.22312,-7.8688,5.2087,1.2162,0.33239,-1.8345,-1.1776,-5.3957,-18.33,-0.76582,0,0,0,6.2257,6.4807,6.383,6.4877,36.3,-15.911,-0.63317,11.439,68.776,7.5284
7.95,1.4426,6.0589,1.462,-0.0046475,-0.53545,0.81679,0.21476,-7.921,5.0246,1.2085,0.33107,-1.8216,-1.1711,-5.0322,-18.485,-0.77178,0,0,0,6.2374,6.4915,6.3995,6.5011,36.405,-15.218,-0.5585,9.6474,69.659,7.4049
7.96,1.3631,6.1082,1.474,0.0008126,-0.536,0.8186,0.20637,-7.9695,4.839,1.2007,0.32964,-1.8084,-1.1644,-4.6676,-18.634,-0.777,0,0,0,6.2497,6.5027,6.4162,6.5148,36.492,-14.518,-0.48508,7.8579,70.52,7.2786
7.97,1.2832,6.1556,1.486,0.0061989,-0.53649,0.82033,0.19798,-8.0143,4.652,1.1929,0.32812,-1.7948,-1.1574,-4.3024,-18.776,-0.78149,0,0,0,6.2626,6.5143,6.433,6.5288,36.562,-13.808,-0.41294,6.0715,71.356,7.1496
7.98,1.2029,6.2012,1.4979,0.011509,-0.53692,0.82198,0.18957,-8.0555,4.4635,1.1851,0.32651,-1.7809,-1.1501,-3.9365,-18.91,-0.78526,0,0,0,6.2759,6.5263,6.4499,6.543,36.614,-13.091,-0.3421,4.2888,72.168,7.0179
7.99,1.1221,6.2449,1.5097,0.01674,-0.53728,0.82354,0.18116,-8.093,4.2738,1.1772,0.32484,-1.7668,-1.1427,-3.5701,-19.037,-0.78833,0,0,0,6.2898,6.5387,6.4668,6.5573,36.648,-12.365,-0.27259,2.5108,72.955,6.8836
8,1.041,6.2867,1.5214,0.021891,-0.53759,0.82503,0.17274,-8.1269,4.0828,1.1693,0.32312,-1.7525,-1.1351,-3.2036,-19.157,-0.79072,0,0,0,6.304,6.5513,6.4836,6.5718,36.664,-11.632,-0.20444,0.73839,73.717,6.7469
8.01,0.95958,6.3265,1.5331,0.026959,-0.53784,0.82644,0.16431,-8.1571,3.8907,1.1614,0.32135,-1.738,-1.1273,-2.8369,-19.27,-0.79243,0,0,0,6.3186,6.5642,6.5003,6.5864,36.663,-10.891,-0.13766,-1.0276,74.454,6.6079
8.02,0.87788,6.3645,1.5446,0.031944,-0.53803,0.82777,0.15587,-8.1837,3.6974,1.1535,0.31956,-1.7234,-1.1194,-2.4704,-19.375,-0.79348,0,0,0,6.3335,6.5772,6.5169,6.6009,36.644,-10.143,-0.072286,-2.7864,75.164,6.4666
8.03,0.79592,6.4005,1.5561,0.036843,-0.53817,0.82902,0.14742,-8.2065,3.5032,1.1455,0.31775,-1.7087,-1.1114,-2.1041,-19.473,-0.79388,0,0,0,6.3486,6.5904,6.5333,6.6155,36.607,-9.3875,-0.0083347,-4.537,75.847,6.3232
8.04,0.71376,6.4345,1.5675,0.041655,-0.53826,0.8302,0.13897,-8.2257,3.308,1.1376,0.31594,-1.694,-1.1033,-1.7383,-19.563,-0.79365,0,0,0,6.364,6.6037,6.5495,6.63,36.553,-8.6257,0.054172,-6.2787,76.503,6.1777
8.05,0.63142,6.4666,1.5789,0.046381,-0.53829,0.8313,0.13052,-8.2413,3.112,1.1297,0.31413,-1.6793,-1.0951,-1.3731,-19.645,-0.7928,0,0,0,6.3794,6.6171,6.5654,6.6443,36.481,-7.8575,0.11521,-8.0105,77.132,6.0303
8.06,0.54894,6.4968,1.5901,0.051019,-0.53827,0.83233,0.12206,-8.2532,2.9151,1.1217,0.31235,-1.6645,-1.0869,-1.0087,-19.72,-0.79135,0,0,0,6.395,6.6304,6.5809,6.6585,36.393,-7.0831,0.17477,-9.7316,77.733,5.881
8.07,0.46637,6.5249,1.6013,0.055568,-0.5382,0.83328,0.11359,-8.2615,2.7176,1.1138,0.3106,-1.6499,-1.0787,-0.64531,-19.787,-0.78931,0,0,0,6.4105,6.6437,6.596,6.6725,36.287,-6.3029,0.23283,-11.441,78.304,5.73
8.08,0.38373,6.5511,1.6124,0.060029,-0.53808,0.83415,0.10512,-8.2661,2.5194,1.106,0.30889,-1.6354,-1.0704,-0.28304,-19.846,-0.7867,0,0,0,6.426,6.6569,6.6107,6.6862,36.164,-5.5171,0.28937,-13.138,78.847,5.5773
8.09,0.30106,6.5753,1.6234,0.064401,-0.53792,0.83496,0.09665,-8.2671,2.3207,1.0981,0.30724,-1.621,-1.0622,0.077917,-19.897,-0.78353,0,0,0,6.4413,6.6699,6.6249,6.6995,36.024,-4.7261,0.34437,-14.822,79.36,5.4231
8.1,0.2184,6.5975,1.6344,0.068685,-0.5377,0.83569,0.088173,-8.2646,2.1215,1.0903,0.30565,-1.6068,-1.054,0.43739,-19.94,-0.77981,0,0,0,6.4565,6.6827,6.6385,6.7125,35.868,-3.93,0.39782,-16.492,79.844,5.2674
8.11,0.13578,6.6178,1.6452,0.072882,-0.53744,0.83636,0.079692,-8.2584,1.9219,1.0825,0.30413,-1.5928,-1.0459,0.79521,-19.976,-0.77558,0,0,0,6.4715,6.6953,6.6516,6.7251,35.694,-3.1293,0.44971,-18.147,80.296,5.1104
8.12,0.053239,6.636,1.656,0.076991,-0.53714,0.83695,0.071208,-8.2487,1.722,1.0748,0.3027,-1.579,-1.0379,1.1512,-20.003,-0.77083,0,0,0,6.4862,6.7075,6.6641,6.7372,35.505,-2.3242,0.50003,-19.786,80.718,4.9521
8.13,-0.029184,6.6522,1.6667,0.081014,-0.5368,0.83747,0.062721,-8.2354,1.5219,1.0671,0.30137,-1.5655,-1.03,1.5053,-20.022,-0.76558,0,0,0,6.5005,6.7194,6.6758,6.7489,35.299,-1.5151,0.54875,-21.408,81.108,4.7927
8.14,-0.11146,6.6664,1.6774,0.084952,-0.53641,0.83792,0.05423,-8.2186,1.3216,1.0595,0.30013,-1.5524,-1.0222,1.8571,-20.033,-0.75986,0,0,0,6.5145,6.7309,6.6869,6.7599,35.077,-0.70215,0.59588,-23.012,81.467,4.6322
8.15,-0.19354,6.6786,1.6879,0.088805,-0.53597,0.8383,0.045735,-8.1982,1.1212,1.0519,0.29901,-1.5395,-1.0145,2.2067,-20.036,-0.75367,0,0,0,6.528,6.7419,6.6972,6.7703,34.839,0.11417,0.64139,-24.599,81.792,4.4708
8.16,-0.27541,6.6888,1.6984,0.092576,-0.5355,0.83862,0.037237,-8.1744,0.92089,1.0444,0.298,-1.527,-1.007,2.5539,-20.031,-0.74703,0,0,0,6.5409,6.7524,6.7067,6.7801,34.585,0.93359,0.68529,-26.166,82.085,4.3085
8.17,-0.35702,6.6971,1.7088,0.096265,-0.53499,0.83887,0.028736,-8.1472,0.72064,1.037,0.29712,-1.5149,-0.9996,2.8984,-20.018,-0.73997,0,0,0,6.5534,6.7623,6.7153,6.7892,34.315,1.7558,0.72756,-27.712,82.345,4.1454
8.18,-0.43834,6.7033,1.7192,0.099875,-0.53443,0.83905,0.02023,-8.1165,0.52057,1.0296,0.29636,-1.5032,-0.99243,3.2401,-19.996,-0.73249,0,0,0,6.5651,6.7717,6.7231,6.7976,34.031,2.5804,0.7682,-29.238,82.571,3.9817
8.19,-0.51934,6.7075,1.7294,0.10341,-0.53384,0.83916,0.01172,-8.0824,0.32075,1.0223,0.29575,-1.492,-0.98546,3.5789,-19.966,-0.72461,0,0,0,6.5763,6.7803,6.7299,6.8052,33.731,3.4071,0.80719,-30.742,82.762,3.8175
8.2,-0.59998,6.7097,1.7396,0.10686,-0.53321,0.8392,0.0032064,-8.0449,0.12128,1.0151,0.29528,-1.4812,-0.9787,3.9147,-19.928,-0.71635,0,0,0,6.5867,6.7883,6.7358,6.812,33.416,4.2355,0.84454,-32.223,82.918,3.6528
8.21,-0.68023,6.7099,1.7497,-0.11024,0.53253,-0.83918,0.0053121,-8.0041,-0.077776,1.008,0.29496,-1.4709,-0.97217,4.2472,-19.881,-0.70772,0,0,0,6.5964,6.7956,6.7407,6.8179,33.086,5.0653,0.88025,-33.681,83.04,3.4877
8.22,-0.76005,6.7081,1.7598,-0.11355,0.53182,-0.8391,0.013835,-7.96,-0.27632,1.001,0.2948,-1.4611,-0.96588,4.5764,-19.826,-0.69875,0,0,0,6.6052,6.802,6.7446,6.8229,32.742,5.8962,0.9143,-35.114,83.125,3.3224
8.23,-0.83941,6.7044,1.7697,-0.11679,0.53107,-0.83894,0.022364,-7.9126,-0.47428,0.99402,0.29479,-1.4519,-0.95985,4.902,-19.763,-0.68944,0,0,0,6.6132,6.8077,6.7473,6.827,32.384,6.7277,0.94669,-36.522,83.174,3.1569
8.24,-0.91829,6.6986,1.7796,-0.11997,0.53027,-0.83873,0.030897,-7.862,-0.67156,0.98718,0.29494,-1.4432,-0.95408,5.224,-19.692,-0.67982,0,0,0,6.6203,6.8125,6.749,6.8302,32.012,7.5595,0.97743,-37.904,83.186,2.9913
8.25,-0.99664,6.6909,1.7895,-0.12308,0.52944,-0.83844,0.039436,-7.8081,-0.86809,0.98043,0.29526,-1.4351,-0.94859,5.5422,-19.612,-0.6699,0,0,0,6.6265,6.8164,6.7496,6.8323,31.626,8.3913,1.0065,-39.259,83.162,2.8258
8.26,-1.0744,6.6813,1.7992,-0.12612,0.52857,-0.83809,0.047981,-7.7511,-1.0638,0.97378,0.29574,-1.4276,-0.94339,5.8565,-19.524,-0.6597,0,0,0,6.6318,6.8193,6.749,6.8334,31.227,9.2226,1.034,-40.586,83.099,2.6605
8.27,-1.1517,6.6697,1.809,-0.12911,0.52766,-0.83768,0.056533,-7.691,-1.2585,0.96723,0.2964,-1.4207,-0.93849,6.1667,-19.428,-0.64923,0,0,0,6.636,6.8213,6.7472,6.8335,30.814,10.053,1.0597,-41.884,82.998,2.4953
8.28,-1.2283,6.6561,1.8186,-0.13204,0.52671,-0.8372,0.065091,-7.6278,-1.4523,0.96079,0.29722,-1.4144,-0.9339,6.4727,-19.323,-0.63851,0,0,0,6.6392,6.8224,6.7442,6.8325,30.389,10.882,1.0839,-43.152,82.859,2.3306
8.29,-1.3042,6.6406,1.8282,-0.13492,0.52572,-0.83666,0.073656,-7.5616,-1.645,0.95446,0.29822,-1.4088,-0.92963,6.7744,-19.21,-0.62756,0,0,0,6.6413,6.8224,6.74,6.8304,29.951,11.71,1.1063,-44.391,82.68,2.1662
8.3,-1.3795,6.6232,1.8377,-0.13775,0.52468,-0.83605,0.082228,-7.4923,-1.8365,0.94824,0.2994,-1.4039,-0.9257,7.0717,-19.089,-0.61639,0,0,0,6.6424,6.8213,6.7345,6.8271,29.501,12.536,1.1272,-45.597,82.462,2.0024
8.31,-1.454,6.6039,1.8471,-0.14053,0.5236,-0.83537,0.090808,-7.4201,-2.0267,0.94214,0.30074,-1.3997,-0.9221,7.3644,-18.959,-0.60502,0,0,0,6.6423,6.8192,6.7278,6.8227,29.04,13.359,1.1464,-46.772,82.204,1.8392
8.32,-1.5279,6.5827,1.8565,-0.14327,0.52248,-0.83463,0.099397,-7.3451,-2.2156,0.93614,0.30226,-1.3962,-0.91886,7.6524,-18.822,-0.59346,0,0,0,6.6412,6.816,6.7197,6.8171,28.566,14.18,1.164,-47.914,81.905,1.6768
8.33,-1.6009,6.5596,1.8659,-0.14597,0.52131,-0.83382,0.10799,-7.2671,-2.4031,0.93027,0.30395,-1.3934,-0.91598,7.9357,-18.676,-0.58174,0,0,0,6.6388,6.8117,6.7104,6.8104,28.081,14.997,1.1799,-49.022,81.565,1.5152
8.34,-1.6732,6.5346,1.8751,-0.14862,0.5201,-0.83295,0.1166,-7.1864,-2.5891,0.92451,0.30581,-1.3913,-0.91346,8.214,-18.522,-0.56987,0,0,0,6.6353,6.8063,6.6997,6.8024,27.586,15.811,1.1943,-50.095,81.184,1.3546
8.35,-1.7446,6.5078,1.8843,-0.15125,0.51885,-0.83201,0.12521,-7.1028,-2.7735,0.91887,0.30784,-1.3901,-0.91132,8.4874,-18.36,-0.55786,0,0,0,6.6306,6.7997,6.6877,6.7933,27.08,16.621,1.207,-51.132,80.761,1.1949
8.36,-1.8152,6.4792,1.8935,-0.15384,0.51754,-0.83101,0.13384,-7.0166,-2.9563,0.91335,0.31004,-1.3896,-0.90956,8.7556,-18.189,-0.54574,0,0,0,6.6247,6.7919,6.6743,6.7829,26.563,17.426,1.2182,-52.133,80.295,1.0364
8.37,-1.885,6.4487,1.9026,-0.15641,0.51618,-0.82993,0.14247,-6.9278,-3.1373,0.90796,0.31239,-1.3899,-0.9082,9.0186,-18.011,-0.5335,0,0,0,6.6176,6.783,6.6596,6.7713,26.037,18.227,1.2278,-53.097,79.786,0.8792
8.38,-1.9538,6.4164,1.9117,-0.15895,0.51478,-0.82879,0.15112,-6.8363,-3.3165,0.90268,0.31491,-1.3911,-0.90723,9.2763,-17.825,-0.52119,0,0,0,6.6093,6.773,6.6436,6.7584,25.501,19.022,1.2358,-54.023,79.234,0.72328
8.39,-2.0217,6.3824,1.9207,-0.16148,0.51332,-0.82759,0.15978,-6.7422,-3.4938,0.89753,0.31758,-1.3931,-0.90668,9.5286,-17.631,-0.50879,0,0,0,6.5997,6.7618,6.6262,6.7444,24.957,19.811,1.2422,-54.909,78.637,0.5688
8.4,-2.0886,6.3466,1.9296,-0.16398,0.51181,-0.82631,0.16844,-6.6457,-3.6691,0.89251,0.3204,-1.3959,-0.90653,9.7754,-17.429,-0.49635,0,0,0,6.5889,6.7493,6.6075,6.7291,24.403,20.594,1.2472,-55.756,77.997,0.41585
8.41,-2.1546,6.309,1.9385,-0.16648,0.51024,-0.82496,0.17712,-6.5468,-3.8423,0.88761,0.32336,-1.3996,-0.90681,10.017,-17.219,-0.48386,0,0,0,6.5769,6.7358,6.5874,6.7126,23.842,21.371,1.2506,-56.562,77.311,0.26454
8.42,-2.2196,6.2697,1.9474,-0.16897,0.50862,-0.82355,0.18581,-6.4454,-4.0134,0.88283,0.32645,-1.4042,-0.90752,10.252,-17.001,-0.47134,0,0,0,6.5637,6.721,6.5659,6.6949,23.272,22.14,1.2524,-57.327,76.58,0.11496
8.43,-2.2835,6.2287,1.9562,-0.17145,0.50693,-0.82206,0.19451,-6.3417,-4.1823,0.87818,0.32968,-1.4097,-0.90866,10.482,-16.776,-0.45881,0,0,0,6.5493,6.7051,6.5432,6.6759,22.695,22.902,1.2529,-58.048,75.804,-0.032795
8.44,-2.3464,6.1861,1.9649,-0.17393,0.50519,-0.82051,0.20323,-6.2358,-4.3489,0.87365,0.33302,-1.4161,-0.91023,10.706,-16.543,-0.44629,0,0,0,6.5337,6.6881,6.5191,6.6558,22.112,23.656,1.2518,-58.727,74.981,-0.17861
8.45,-2.4082,6.1418,1.9737,-0.17641,0.50338,-0.81888,0.21196,-6.1276,-4.5132,0.86925,0.33648,-1.4235,-0.91226,10.924,-16.303,-0.43378,0,0,0,6.5169,6.6699,6.4938,6.6345,21.521,24.402,1.2493,-59.362,74.111,-0.3224
8.46,-2.4689,6.0958,1.9823,-0.1789,0.50151,-0.81718,0.2207,-6.0173,-4.6749,0.86498,0.34004,-1.4318,-0.91473,11.137,-16.055,-0.42131,0,0,0,6.4989,6.6505,6.4672,6.6121,20.924,25.138,1.2454,-59.951,73.194,-0.46406
8.47,-2.5285,6.0483,1.991,-0.18141,0.49957,-0.8154,0.22945,-5.9049,-4.8342,0.86083,0.34369,-1.4411,-0.91765,11.343,-15.8,-0.40888,0,0,0,6.4797,6.6301,6.4394,6.5885,20.322,25.866,1.24,-60.494,72.229,-0.60349
8.48,-2.587,5.9991,1.9995,-0.18393,0.49755,-0.81355,0.23822,-5.7905,-4.9909,0.8568,0.34741,-1.4513,-0.92103,11.543,-15.538,-0.39651,0,0,0,6.4594,6.6086,6.4103,6.5638,19.715,26.583,1.2333,-60.992,71.216,-0.74061
8.49,-2.6443,5.9485,2.0081,-0.18646,0.49547,-0.81162,0.247,-5.6741,-5.145,0.8529,0.35121,-1.4625,-0.92487,11.737,-15.269,-0.38422,0,0,0,6.438,6.586,6.3801,6.5381,19.102,27.29,1.2252,-61.443,70.156,-0.8754
8.5,-2.7005,5.8963,2.0166,-0.18902,0.49331,-0.80962,0.2558,-5.5558,-5.2963,0.84912,0.35506,-1.4747,-0.92916,11.925,-14.992,-0.37201,0,0,0,6.4154,6.5625,6.3488,6.5113,18.486,27.986,1.2158,-61.848,69.05,-1.0079
8.51,-2.7555,5.8425,2.0251,-0.19161,0.49108,-0.80753,0.2646,-5.4356,-5.4448,0.84546,0.35895,-1.488,-0.93392,12.107,-14.709,-0.35991,0,0,0,6.3918,6.5379,6.3163,6.4836,17.866,28.671,1.2051,-62.209,67.898,-1.138
8.52,-2.8092,5.7874,2.0335,-0.19423,0.48876,-0.80537,0.27342,-5.3136,-5.5904,0.84192,0.36287,-1.5022,-0.93915,12.282,-14.419,-0.34791,0,0,0,6.3672,6.5123,6.2829,6.4549,17.242,29.344,1.193,-62.526,66.703,-1.2658
8.53,-2.8617,5.7307,2.0419,-0.19689,0.48636,-0.80313,0.28226,-5.19,-5.7331,0.8385,0.3668,-1.5174,-0.94483,12.452,-14.122,-0.33605,0,0,0,6.3416,6.4858,6.2484,6.4252,16.615,30.004,1.1798,-62.8,65.464,-1.3913
8.54,-2.913,5.6727,2.0503,-0.19959,0.48388,-0.8008,0.2911,-5.0646,-5.8728,0.8352,0.37073,-1.5337,-0.95098,12.615,-13.819,-0.32432,0,0,0,6.3149,6.4585,6.213,6.3947,15.986,30.653,1.1652,-63.031,64.184,-1.5144
8.55,-2.963,5.6133,2.0586,-0.20233,0.48131,-0.79839,0.29996,-4.9377,-6.0095,0.83201,0.37464,-1.551,-0.95758,12.771,-13.509,-0.31275,0,0,0,6.2874,6.4303,6.1767,6.3634,15.355,31.288,1.1495,-63.22,62.862,-1.6352
8.56,-3.0117,5.5525,2.0669,-0.20512,0.47864,-0.7959,0.30883,-4.8092,-6.143,0.82894,0.37852,-1.5692,-0.96463,12.922,-13.193,-0.30134,0,0,0,6.2589,6.4012,6.1396,6.3314,14.722,31.91,1.1325,-63.368,61.501,-1.7537
8.57,-3.0592,5.4905,2.0752,-0.20796,0.47589,-0.79331,0.31771,-4.6793,-6.2733,0.82598,0.38234,-1.5885,-0.97213,13.066,-12.871,-0.2901,0,0,0,6.2296,6.3715,6.1018,6.2987,14.088,32.518,1.1144,-63.475,60.101,-1.8698
8.58,-3.1053,5.4271,2.0834,-0.21086,0.47303,-0.79064,0.3266,-4.5479,-6.4004,0.82314,0.3861,-1.6088,-0.98006,13.203,-12.543,-0.27905,0,0,0,6.1995,6.341,6.0632,6.2653,13.452,33.112,1.0951,-63.542,58.662,-1.9836
8.59,-3.1501,5.3625,2.0917,-0.21381,0.47008,-0.78788,0.33551,-4.4152,-6.5242,0.8204,0.38977,-1.6301,-0.98843,13.335,-12.209,-0.2682,0,0,0,6.1686,6.31,6.0241,6.2313,12.817,33.691,1.0747,-63.569,57.187,-2.095
8.6,-3.1936,5.2966,2.0998,-0.21683,0.46702,-0.78502,0.34441,-4.2813,-6.6446,0.81777,0.39333,-1.6523,-0.99722,13.46,-11.869,-0.25756,0,0,0,6.137,6.2783,5.9845,6.1969,12.181,34.255,1.0532,-63.559,55.676,-2.2041
8.61,-3.2358,5.2296,2.108,-0.21992,0.46385,-0.78207,0.35333,-4.1461,-6.7615,0.81525,0.39677,-1.6755,-1.0064,13.578,-11.524,-0.24714,0,0,0,6.1048,6.2461,5.9444,6.162,11.546,34.804,1.0307,-63.51,54.13,-2.3109
8.62,-3.2765,5.1614,2.1162,-0.22308,0.46058,-0.77902,0.36225,-4.0097,-6.875,0.81283,0.40007,-1.6995,-1.016,13.691,-11.173,-0.23695,0,0,0,6.0719,6.2134,5.904,6.1268,10.911,35.338,1.007,-63.424,52.55,-2.4154
8.63,-3.316,5.0921,2.1243,-0.22632,0.45719,-0.77587,0.37118,-3.8723,-6.985,0.81051,0.40321,-1.7245,-1.026,13.797,-10.817,-0.227,0,0,0,6.0384,6.1803,5.8633,6.0913,10.277,35.855,0.98237,-63.301,50.937,-2.5174
8.64,-3.354,5.0217,2.1324,-0.22963,0.45369,-0.77263,0.38011,-3.7338,-7.0913,0.80829,0.40616,-1.7504,-1.0363,13.896,-10.456,-0.21731,0,0,0,6.0045,6.1469,5.8225,6.0556,9.6452,36.356,0.9567,-63.143,49.293,-2.6172
8.65,-3.3906,4.9503,2.1404,-0.23302,0.45007,-0.76928,0.38904,-3.5944,-7.1941,0.80616,0.4089,-1.7771,-1.047,13.99,-10.09,-0.20787,0,0,0,5.9701,6.1133,5.7817,6.0197,9.0148,36.841,0.93004,-62.949,47.617,-2.7146
8.66,-3.4259,4.8778,2.1485,-0.2365,0.44633,-0.76582,0.39797,-3.454,-7.2931,0.80413,0.41142,-1.8045,-1.058,14.077,-9.7191,-0.19871,0,0,0,5.9353,6.0794,5.7409,5.9839,8.3864,37.309,0.90241,-62.72,45.912,-2.8096
8.67,-3.4597,4.8044,2.1565,-0.24006,0.44247,-0.76226,0.40689,-3.3129,-7.3884,0.80219,0.41369,-1.8326,-1.0693,14.157,-9.3437,-0.18983,0,0,0,5.9002,6.0454,5.7003,5.9481,7.7605,37.759,0.87385,-62.458,44.179,-2.9023
8.68,-3.4921,4.7301,2.1645,-0.24371,0.43847,-0.75858,0.41581,-3.1709,-7.48,0.80033,0.4157,-1.8615,-1.0809,14.232,-8.964,-0.18124,0,0,0,5.8648,6.0113,5.66,5.9124,7.1373,38.192,0.84437,-62.162,42.417,-2.9927
8.69,-3.5231,4.6548,2.1725,-0.24745,0.43435,-0.7548,0.42472,-3.0282,-7.5677,0.79856,0.41741,-1.8909,-1.0927,14.3,-8.58,-0.17294,0,0,0,5.8292,5.9773,5.6201,5.877,6.5173,38.607,0.814,-61.834,40.629,-3.0807
8.7,-3.5527,4.5787,2.1805,-0.25129,0.4301,-0.7509,0.43361,-2.8849,-7.6516,0.79687,0.41881,-1.9208,-1.1046,14.362,-8.1919,-0.16496,0,0,0,5.7934,5.9434,5.5807,5.8419,5.9008,39.005,0.78277,-61.474,38.816,-3.1664
8.71,-3.5808,4.5018,2.1885,-0.25521,0.42571,-0.74689,0.44249,-2.741,-7.7315,0.79526,0.41988,-1.9512,-1.1168,14.418,-7.7999,-0.15729,0,0,0,5.7576,5.9096,5.542,5.8072,5.2879,39.384,0.75069,-61.083,36.978,-3.2497
8.72,-3.6075,4.4241,2.1964,-0.25923,0.42119,-0.74275,0.45136,-2.5966,-7.8076,0.79373,0.42058,-1.9819,-1.1291,14.468,-7.4043,-0.14995,0,0,0,5.7217,5.8761,5.5041,5.773,4.6792,39.744,0.71778,-60.661,35.116,-3.3306
8.73,-3.6327,4.3457,2.2043,-0.26335,0.41652,-0.7385,0.4602,-2.4517,-7.8796,0.79226,0.42091,-2.0129,-1.1415,14.512,-7.0051,-0.14294,0,0,0,5.686,5.8429,5.467,5.7394,4.0748,40.086,0.68408,-60.21,33.231,-3.4092
8.74,-3.6565,4.2665,2.2123,-0.26756,0.41172,-0.73412,0.46901,-2.3064,-7.9476,0.79087,0.42085,-2.044,-1.1539,14.549,-6.6026,-0.13627,0,0,0,5.6503,5.8101,5.4311,5.7065,3.4751,40.409,0.64961,-59.729,31.325,-3.4854
8.75,-3.6789,4.1867,2.2202,-0.27186,0.40678,-0.72961,0.47779,-2.1607,-8.0116,0.78954,0.42036,-2.0751,-1.1663,14.581,-6.197,-0.12995,0,0,0,5.6148,5.7778,5.3963,5.6744,2.8803,40.712,0.61438,-59.22,29.399,-3.5593
8.76,-3.6998,4.1063,2.228,-0.27626,0.4017,-0.72498,0.48654,-2.0148,-8.0716,0.78827,0.41943,-2.1062,-1.1786,14.607,-5.7884,-0.12398,0,0,0,5.5796,5.7461,5.3628,5.6432,2.2908,40.997,0.57843,-58.682,27.453,-3.6309
8.77,-3.7192,4.0253,2.2359,-0.28075,0.39648,-0.72022,0.49525,-1.8686,-8.1274,0.78705,0.41804,-2.137,-1.1909,14.627,-5.3771,-0.11838,0,0,0,5.5448,5.715,5.3308,5.613,1.7068,41.261,0.54177,-58.118,25.489,-3.7
8.78,-3.7371,3.9438,2.2438,-0.28532,0.39112,-0.71533,0.50391,-1.7223,-8.1791,0.7859,0.41618,-2.1675,-1.2029,14.641,-4.9633,-0.11315,0,0,0,5.5103,5.6847,5.3003,5.5838,1.1285,41.506,0.50443,-57.527,23.507,-3.7668
8.79,-3.7536,3.8618,2.2516,-0.28999,0.38562,-0.7103,0.51252,-1.5758,-8.2267,0.78479,0.41382,-2.1975,-1.2148,14.65,-4.5471,-0.1083,0,0,0,5.4764,5.6551,5.2715,5.5558,0.55632,41.731,0.46644,-56.911,21.509,-3.8313
8.8,-3.7686,3.7793,2.2595,-0.29474,0.37998,-0.70514,0.52108,-1.4293,-8.27,0.78373,0.41096,-2.2269,-1.2263,14.652,-4.1287,-0.10382,0,0,0,5.443,5.6264,5.2445,5.5291,-0.0095986,41.936,0.42782,-56.269,19.496,-3.8934
8.81,-3.7822,3.6964,2.2673,-0.29957,0.3742,-0.69984,0.52957,-1.2828,-8.3092,0.78271,0.40757,-2.2554,-1.2375,14.649,-3.7084,-0.099742,0,0,0,5.4104,5.5987,5.2195,5.5037,-0.56898,42.121,0.38858,-55.603,17.468,-3.9531
8.82,-3.7943,3.6131,2.2751,-0.30448,0.36829,-0.69441,0.538,-1.1363,-8.3442,0.78173,0.40365,-2.2831,-1.2483,14.641,-3.2864,-0.096055,0,0,0,5.3784,5.572,5.1965,5.4797,-1.1216,42.286,0.34876,-54.912,15.427,-4.0105
8.83,-3.8049,3.5295,2.2829,-0.30946,0.36225,-0.68884,0.54636,-0.98997,-8.3749,0.78079,0.39919,-2.3096,-1.2586,14.627,-2.8628,-0.092769,0,0,0,5.3473,5.5465,5.1756,5.4571,-1.6671,42.43,0.30838,-54.199,13.373,-4.0655
8.84,-3.8141,3.4456,2.2908,-0.31451,0.35609,-0.68313,0.55464,-0.84379,-8.4015,0.77988,0.39417,-2.3348,-1.2683,14.608,-2.4378,-0.089889,0,0,0,5.3172,5.5221,5.1569,5.4362,-2.2055,42.553,0.26746,-53.464,11.309,-4.1181
8.85,-3.8218,3.3615,2.2985,-0.31962,0.3498,-0.67728,0.56283,-0.69783,-8.4237,0.77899,0.3886,-2.3586,-1.2775,14.583,-2.0118,-0.087421,0,0,0,5.2881,5.4989,5.1406,5.4169,-2.7363,42.656,0.22603,-52.706,9.2337,-4.1683
8.86,-3.8281,3.2772,2.3063,-0.32478,0.3434,-0.67129,0.57093,-0.55215,-8.4417,0.77813,0.38247,-2.3808,-1.286,14.553,-1.5848,-0.08537,0,0,0,5.2601,5.4771,5.1266,5.3992,-3.2595,42.738,0.1841,-51.928,7.1495,-4.2162
8.87,-3.8328,3.1927,2.3141,-0.32999,0.33688,-0.66517,0.57894,-0.40679,-8.4554,0.77728,0.37578,-2.4013,-1.2937,14.518,-1.1571,-0.083741,0,0,0,5.2333,5.4567,5.1151,5.3834,-3.7748,42.799,0.14171,-51.129,5.0572,-4.2618
8.88,-3.8362,3.1081,2.3219,-0.33524,0.33026,-0.65891,0.58684,-0.26181,-8.4648,0.77645,0.36853,-2.4199,-1.3007,14.477,-0.72887,-0.082537,0,0,0,5.2079,5.4377,5.106,5.3693,-4.282,42.839,0.098875,-50.31,2.9577,-4.3049
8.89,-3.8381,3.0234,2.3296,-0.34052,0.32355,-0.65251,0.59464,-0.11726,-8.47,0.77563,0.36074,-2.4365,-1.3068,14.432,-0.30037,-0.081765,0,0,0,5.1839,5.4202,5.0994,5.357,-4.781,42.858,0.05562,-49.472,0.85209,-4.3457
8.9,-3.8385,2.9387,2.3374,-0.34583,0.31674,-0.64597,0.60232,0.026815,-8.4708,0.77481,0.35241,-2.4509,-1.312,14.382,0.12822,-0.081426,0,0,0,5.1615,5.4043,5.0954,5.3467,-5.2714,42.856,0.011969,-48.616,-1.2587,-4.3841
8.91,-3.8375,2.854,2.3451,-0.35116,0.30986,-0.63931,0.60988,0.17036,-8.4674,0.774,0.34354,-2.463,-1.3163,14.327,0.55668,-0.081527,0,0,0,5.1406,5.39,5.0939,5.3383,-5.7532,42.833,-0.032055,-47.742,-3.3735,-4.4201
8.92,-3.8351,2.7693,2.3529,-0.35649,0.30291,-0.63251,0.61732,0.31333,-8.4597,0.77318,0.33417,-2.4727,-1.3196,14.267,0.9848,-0.082069,0,0,0,5.1215,5.3774,5.0949,5.3318,-6.2262,42.789,-0.076426,-46.851,-5.4914,-4.4538
8.93,-3.8313,2.6848,2.3606,-0.36183,0.29591,-0.62559,0.62462,0.45568,-8.4477,0.77236,0.32429,-2.48,-1.3219,14.202,1.4124,-0.083056,0,0,0,5.1043,5.3665,5.0984,5.3273,-6.6902,42.723,-0.12112,-45.943,-7.6113,-4.4851
8.94,-3.826,2.6004,2.3683,-0.36716,0.28885,-0.61854,0.63179,0.59736,-8.4315,0.77152,0.31395,-2.4847,-1.3231,14.133,1.8392,-0.084492,0,0,0,5.089,5.3574,5.1043,5.3247,-7.145,42.636,-0.16612,-45.02,-9.7322,-4.514
8.95,-3.8193,2.5162,2.376,-0.37247,0.28176,-0.61138,0.63883,0.73833,-8.4109,0.77067,0.30315,-2.4868,-1.3232,14.059,2.265,-0.086379,0,0,0,5.0757,5.3501,5.1126,5.3242,-7.5905,42.528,-0.21139,-44.082,-11.853,-4.5405
8.96,-3.8113,2.4322,2.3837,-0.37776,0.27464,-0.60409,0.64572,0.87854,-8.3862,0.76979,0.29193,-2.4863,-1.3222,13.981,2.6897,-0.088721,0,0,0,5.0644,5.3446,5.1233,5.3256,-8.0266,42.399,-0.25692,-43.129,-13.973,-4.5647
8.97,-3.8018,2.3485,2.3914,-0.38301,0.26751,-0.59669,0.65246,1.0179,-8.3571,0.76889,0.28032,-2.4831,-1.3201,13.899,3.1129,-0.091519,0,0,0,5.0554,5.341,5.1363,5.329,-8.4531,42.249,-0.30268,-42.163,-16.091,-4.5865
8.98,-3.7909,2.2651,2.3991,-0.38822,0.26038,-0.58918,0.65905,1.1565,-8.3239,0.76796,0.26834,-2.4772,-1.3169,13.812,3.5346,-0.094775,0,0,0,5.0486,5.3392,5.1514,5.3343,-8.8698,42.077,-0.34864,-41.183,-18.205,-4.6058
8.99,-3.7786,2.182,2.4068,-0.39338,0.25326,-0.58157,0.66549,1.2942,-8.2865,0.76699,0.25604,-2.4686,-1.3126,13.722,3.9544,-0.098492,0,0,0,5.0441,5.3394,5.1686,5.3415,-9.2767,41.885,-0.39479,-40.192,-20.316,-4.6228
9,-3.765,2.0993,2.4144,-0.39849,0.24616,-0.57386,0.67178,1.4309,-8.2448,0.76599,0.24344,-2.4574,-1.3072,13.627,4.3722,-0.10267,0,0,0,5.0419,5.3414,5.1878,5.3507,-9.6736,41.671,-0.44109,-39.188,-22.421,-4.6375
9.01,-3.75,2.0171,2.4221,-0.40353,0.23911,-0.56606,0.67791,1.5667,-8.199,0.76494,0.23058,-2.4436,-1.3007,13.528,4.7878,-0.10731,0,0,0,5.0422,5.3453,5.2089,5.3617,-10.06,41.436,-0.48753,-38.174,-24.521,-4.6497
9.02,-3.7337,1.9354,2.4297,-0.4085,0.2321,-0.55817,0.68389,1.7015,-8.1491,0.76384,0.2175,-2.4273,-1.2931,13.426,5.2009,-0.11242,0,0,0,5.0448,5.3511,5.2318,5.3745,-10.437,41.181,-0.53408,-37.149,-26.613,-4.6596
9.03,-3.716,1.8542,2.4374,-0.4134,0.22516,-0.55019,0.68971,1.8352,-8.095,0.76269,0.20425,-2.4086,-1.2845,13.319,5.6113,-0.118,0,0,0,5.0498,5.3588,5.2564,5.3891,-10.803,40.904,-0.58071,-36.115,-28.697,-4.667
9.04,-3.697,1.7735,2.445,-0.41821,0.21829,-0.54214,0.69537,1.9678,-8.0369,0.76148,0.19085,-2.3875,-1.2749,13.21,6.0189,-0.12404,0,0,0,5.0572,5.3684,5.2825,5.4054,-11.159,40.607,-0.62741,-35.072,-30.771,-4.6721
9.05,-3.6767,1.6934,2.4526,-0.42294,0.2115,-0.53401,0.70087,2.0994,-7.9746,0.76021,0.17735,-2.3643,-1.2643,13.096,6.4234,-0.13054,0,0,0,5.067,5.3798,5.31,5.4234,-11.505,40.289,-0.67415,-34.02,-32.835,-4.6748
9.06,-3.655,1.614,2.4602,-0.42757,0.20481,-0.52582,0.70622,2.2298,-7.9084,0.75887,0.16379,-2.3389,-1.2529,12.979,6.8246,-0.13752,0,0,0,5.0791,5.3929,5.3389,5.4429,-11.84,39.95,-0.7209,-32.961,-34.888,-4.6751
9.07,-3.6321,1.5353,2.4678,-0.43211,0.19823,-0.51756,0.71142,2.359,-7.8382,0.75745,0.15021,-2.3115,-1.2405,12.859,7.2223,-0.14496,0,0,0,5.0935,5.4078,5.3689,5.464,-12.164,39.591,-0.76764,-31.894,-36.929,-4.673
9.08,-3.6078,1.4573,2.4754,-0.43655,0.19177,-0.50925,0.71646,2.4869,-7.764,0.75596,0.13664,-2.2823,-1.2274,12.736,7.6164,-0.15287,0,0,0,5.1102,5.4244,5.4001,5.4865,-12.478,39.212,-0.81435,-30.822,-38.956,-4.6685
9.09,-3.5823,1.38,2.4829,-0.44088,0.18544,-0.50089,0.72135,2.6137,-7.6858,0.75439,0.12314,-2.2514,-1.2135,12.61,8.0065,-0.16125,0,0,0,5.1291,5.4427,5.4323,5.5104,-12.78,38.812,-0.861,-29.744,-40.969,-4.6616
9.1,-3.5556,1.3036,2.4904,-0.44512,0.17924,-0.49248,0.72609,2.7391,-7.6039,0.75274,0.10972,-2.219,-1.1989,12.481,8.3925,-0.17009,0,0,0,5.15,5.4625,5.4653,5.5356,-13.072,38.392,-0.90757,-28.661,-42.967,-4.6523
9.11,-3.5275,1.228,2.498,-0.44924,0.17319,-0.48403,0.73069,2.8633,-7.518,0.75099,0.096436,-2.1851,-1.1836,12.349,8.7743,-0.1794,0,0,0,5.173,5.4838,5.4992,5.562,-13.354,37.953,-0.95404,-27.573,-44.948,-4.6407
9.12,-3.4983,1.1532,2.5055,-0.45326,0.1673,-0.47554,0.73514,2.9861,-7.4284,0.74915,0.083313,-2.15,-1.1678,12.214,9.1515,-0.18917,0,0,0,5.1978,5.5066,5.5337,5.5896,-13.624,37.493,-1.0004,-26.482,-46.912,-4.6266
9.13,-3.4678,1.0794,2.5129,-0.45717,0.16156,-0.46702,0.73945,3.1075,-7.335,0.74721,0.070388,-2.1138,-1.1514,12.076,9.5241,-0.19941,0,0,0,5.2244,5.5307,5.5688,5.6181,-13.883,37.015,-1.0466,-25.388,-48.857,-4.6101
9.14,-3.4362,1.0065,2.5204,-0.46097,0.15599,-0.45847,0.74363,3.2276,-7.2379,0.74516,0.057693,-2.0767,-1.1346,11.936,9.8917,-0.2101,0,0,0,5.2527,5.556,5.6044,5.6476,-14.132,36.516,-1.0926,-24.292,-50.782,-4.5913
9.15,-3.4033,0.93465,2.5278,-0.46466,0.15059,-0.4499,0.74767,3.3462,-7.1372,0.743,0.045256,-2.0387,-1.1173,11.794,10.254,-0.22126,0,0,0,5.2826,5.5826,5.6404,5.678,-14.369,35.999,-1.1384,-23.194,-52.688,-4.57
9.16,-3.3692,0.8638,2.5353,-0.46824,0.14536,-0.44131,0.75158,3.4635,-7.0328,0.74073,0.033106,-2,-1.0997,11.649,10.612,-0.23287,0,0,0,5.3138,5.6102,5.6767,5.7091,-14.596,35.463,-1.184,-22.096,-54.571,-4.5463
9.17,-3.334,0.794,2.5427,-0.47171,0.14032,-0.4327,0.75536,3.5792,-6.925,0.73834,0.021271,-1.9608,-1.0818,11.502,10.964,-0.24494,0,0,0,5.3464,5.6388,5.7132,5.7409,-14.811,34.908,-1.2293,-20.997,-56.432,-4.5203
9.18,-3.2977,0.72531,2.55,-0.47508,0.13546,-0.42408,0.75902,3.6935,-6.8136,0.73583,0.0097742,-1.9211,-1.0637,11.352,11.31,-0.25746,0,0,0,5.3801,5.6683,5.7499,5.7733,-15.015,34.334,-1.2744,-19.898,-58.269,-4.4918
9.19,-3.2602,0.65774,2.5574,-0.47833,0.13079,-0.41546,0.76255,3.8063,-6.6988,0.73319,-0.0013604,-1.8812,-1.0453,11.201,11.65,-0.27042,0,0,0,5.4148,5.6985,5.7866,5.8061,-15.209,33.742,-1.3191,-18.801,-60.082,-4.4609
9.2,-3.2215,0.59134,2.5647,-0.48149,0.1263,-0.40682,0.76597,3.9175,-6.5806,0.73042,-0.012112,-1.841,-1.0268,11.048,11.985,-0.28384,0,0,0,5.4504,5.7294,5.8232,5.8393,-15.391,33.132,-1.3636,-17.705,-61.869,-4.4276
9.21,-3.1818,0.52614,2.572,-0.48453,0.12201,-0.39819,0.76928,4.0272,-6.4591,0.72751,-0.02246,-1.8008,-1.0082,10.894,12.313,-0.29769,0,0,0,5.4867,5.7609,5.8598,5.8727,-15.563,32.505,-1.4077,-16.612,-63.63,-4.3919
9.22,-3.141,0.46217,2.5792,-0.48748,0.1179,-0.38956,0.77247,4.1354,-6.3344,0.72447,-0.032388,-1.7605,-0.98952,10.737,12.635,-0.31199,0,0,0,5.5236,5.7929,5.8962,5.9064,-15.724,31.86,-1.4514,-15.522,-65.362,-4.3538
9.23,-3.0991,0.39947,2.5865,-0.49032,0.11399,-0.38093,0.77555,4.242,-6.2065,0.72127,-0.041879,-1.7204,-0.97081,10.579,12.95,-0.32672,0,0,0,5.561,5.8252,5.9323,5.9401,-15.874,31.198,-1.4947,-14.436,-67.066,-4.3133
9.24,-3.0562,0.33805,2.5937,-0.49307,0.11027,-0.3723,0.77853,4.3469,-6.0754,0.71793,-0.050919,-1.6804,-0.95212,10.42,13.258,-0.34188,0,0,0,5.5987,5.8577,5.9681,5.9738,-16.012,30.519,-1.5377,-13.355,-68.74,-4.2704
9.25,-3.0122,0.27797,2.6008,-0.49572,0.10673,-0.36369,0.78141,4.4503,-5.9413,0.71443,-0.059494,-1.6407,-0.93348,10.259,13.56,-0.35747,0,0,0,5.6366,5.8904,6.0035,6.0074,-16.141,29.823,-1.5801,-12.278,-70.384,-4.2251
9.26,-2.9672,0.21924,2.608,-0.49827,0.10338,-0.35509,0.78419,4.5521,-5.8042,0.71078,-0.067593,-1.6013,-0.91491,10.097,13.855,-0.37348,0,0,0,5.6746,5.923,6.0384,6.0408,-16.258,29.111,-1.6222,-11.208,-71.995,-4.1773
9.27,-2.9211,0.16189,2.615,-0.50073,0.10022,-0.3465,0.78687,4.6523,-5.6642,0.70696,-0.075205,-1.5623,-0.89645,9.9338,14.142,-0.38991,0,0,0,5.7124,5.9556,6.0727,6.0739,-16.365,28.383,-1.6637,-10.143,-73.574,-4.1272
9.28,-2.8741,0.10596,2.6221,-0.50309,0.097244,-0.33793,0.78946,4.7508,-5.5214,0.70298,-0.082322,-1.5237,-0.87811,9.7696,14.422,-0.40676,0,0,0,5.7501,5.988,6.1064,6.1065,-16.461,27.64,-1.7047,-9.0865,-75.119,-4.0746
9.29,-2.8261,0.051474,2.6291,-0.50537,0.094447,-0.32938,0.79195,4.8477,-5.3758,0.69883,-0.088935,-1.4856,-0.85993,9.6046,14.695,-0.42401,0,0,0,5.7874,6.0201,6.1393,6.1387,-16.547,26.881,-1.7452,-8.0374,-76.629,-4.0196
9.3,-2.7772,-0.0015449,2.6361,-0.50756,0.091828,-0.32085,0.79436,4.9429,-5.2275,0.6945,-0.09504,-1.448,-0.84193,9.4388,14.96,-0.44166,0,0,0,5.8243,6.0518,6.1715,6.1703,-16.622,26.107,-1.7851,-6.9968,-78.102,-3.9622
9.31,-2.7273,-0.053068,2.643,-0.50966,0.089384,-0.31234,0.79668,5.0364,-5.0766,0.68999,-0.10063,-1.411,-0.82412,9.2722,15.217,-0.45971,0,0,0,5.8607,6.083,6.2029,6.2013,-16.687,25.319,-1.8244,-5.9654,-79.54,-3.9024
9.32,-2.6764,-0.10307,2.6499,-0.51168,0.08711,-0.30386,0.79891,5.1283,-4.9232,0.6853,-0.1057,-1.3746,-0.80652,9.1051,15.466,-0.47814,0,0,0,5.8963,6.1136,6.2333,6.2315,-16.741,24.517,-1.8631,-4.9439,-80.939,-3.8401
9.33,-2.6247,-0.15152,2.6567,-0.51362,0.085004,-0.2954,0.80107,5.2185,-4.7673,0.68043,-0.11024,-1.3389,-0.78914,8.9374,15.708,-0.49697,0,0,0,5.9312,6.1435,6.2627,6.2608,-16.785,23.701,-1.9012,-3.9329,-82.299,-3.7755
9.34,-2.5721,-0.19841,2.6635,-0.51547,0.083062,-0.28698,0.80314,5.3071,-4.6091,0.67536,-0.11427,-1.3038,-0.772,8.7694,15.94,-0.51617,0,0,0,5.9652,6.1726,6.291,6.2893,-16.82,22.871,-1.9386,-2.9332,-83.619,-3.7084
9.35,-2.5186,-0.2437,2.6702,-0.51724,0.081279,-0.27859,0.80514,5.3939,-4.4485,0.6701,-0.11776,-1.2693,-0.7551,8.6011,16.165,-0.53574,0,0,0,5.9982,6.2008,6.3182,6.3167,-16.844,22.028,-1.9754,-1.9453,-84.898,-3.6389
9.36,-2.4642,-0.28737,2.6769,-0.51893,0.079651,-0.27023,0.80706,5.4791,-4.2858,0.66465,-0.12072,-1.2356,-0.73847,8.4325,16.381,-0.55567,0,0,0,6.0301,6.2281,6.3442,6.343,-16.859,21.173,-2.0114,-0.97001,-86.135,-3.567
9.37,-2.409,-0.32941,2.6835,-0.52055,0.078173,-0.26191,0.8089,5.5626,-4.121,0.65899,-0.12316,-1.2026,-0.7221,8.2639,16.588,-0.57596,0,0,0,6.0608,6.2542,6.369,6.3682,-16.864,20.306,-2.0467,-0.0079554,-87.328,-3.4926
9.38,-2.353,-0.36978,2.6901,-0.52209,0.076841,-0.25362,0.81067,5.6444,-3.9541,0.65313,-0.12507,-1.1704,-0.706,8.0953,16.787,-0.5966,0,0,0,6.0902,6.2793,6.3924,6.3922,-16.859,19.427,-2.0812,0.94018,-88.478,-3.4159
9.39,-2.2961,-0.40848,2.6966,-0.52355,0.075651,-0.24537,0.81238,5.7245,-3.7853,0.64706,-0.12645,-1.1388,-0.69017,7.9268,16.977,-0.61758,0,0,0,6.1183,6.303,6.4144,6.4148,-16.845,18.536,-2.115,1.8737,-89.583,-3.3366
9.4,-2.2385,-0.44548,2.703,-0.52494,0.074598,-0.23717,0.81401,5.8029,-3.6146,0.64077,-0.1273,-1.108,-0.67463,7.7584,17.158,-0.6389,0,0,0,6.145,6.3255,6.4349,6.4361,-16.821,17.635,-2.148,2.792,-90.641,-3.255
9.41,-2.1801,-0.48077,2.7094,-0.52626,0.073676,-0.229,0.81558,5.8797,-3.4421,0.63428,-0.12762,-1.078,-0.65937,7.5904,17.329,-0.66054,0,0,0,6.1701,6.3466,6.4539,6.4559,-16.789,16.724,-2.1801,3.6944,-91.652,-3.171
9.42,-2.1209,-0.51432,2.7157,-0.5275,0.072882,-0.22089,0.81709,5.9547,-3.268,0.62756,-0.12742,-1.0488,-0.64439,7.4227,17.492,-0.6825,0,0,0,6.1937,6.3662,6.4713,6.4742,-16.748,15.802,-2.2114,4.5801,-92.615,-3.0845
9.43,-2.061,-0.54612,2.7219,-0.52868,0.072211,-0.21281,0.81853,6.0281,-3.0923,0.62063,-0.1267,-1.0203,-0.6297,7.2554,17.645,-0.70476,0,0,0,6.2155,6.3843,6.4871,6.4909,-16.697,14.872,-2.2418,5.4486,-93.529,-2.9955
9.44,-2.0003,-0.57616,2.7281,-0.52978,0.071657,-0.20478,0.81992,6.0998,-2.9151,0.61347,-0.12545,-0.99251,-0.6153,7.0888,17.789,-0.72733,0,0,0,6.2357,6.4008,6.5012,6.506,-16.639,13.932,-2.2713,6.2991,-94.392,-2.9042
9.45,-1.939,-0.60442,2.7342,-0.53081,0.071217,-0.1968,0.82125,6.1699,-2.7366,0.60608,-0.12369,-0.96554,-0.60118,6.9227,17.924,-0.75019,0,0,0,6.254,6.4156,6.5135,6.5194,-16.572,12.984,-2.2998,7.131,-95.204,-2.8104
9.46,-1.8769,-0.63089,2.7402,-0.53176,0.070886,-0.18887,0.82252,6.2383,-2.5567,0.59846,-0.12141,-0.93934,-0.58735,6.7574,18.049,-0.77332,0,0,0,6.2705,6.4287,6.524,6.5311,-16.496,12.028,-2.3275,7.9436,-95.964,-2.7142
9.47,-1.8142,-0.65555,2.7462,-0.53265,0.070659,-0.18099,0.82373,6.305,-2.3756,0.59061,-0.11862,-0.9139,-0.57381,6.5928,18.165,-0.79673,0,0,0,6.2851,6.4401,6.5327,6.5409,-16.413,11.065,-2.3541,8.7362,-96.67,-2.6155
9.48,-1.7508,-0.6784,2.752,-0.53347,0.070532,-0.17315,0.82489,6.3701,-2.1934,0.58253,-0.11531,-0.88923,-0.56055,6.4291,18.27,-0.8204,0,0,0,6.2977,6.4496,6.5394,6.5489,-16.322,10.095,-2.3798,9.5081,-97.322,-2.5144
9.49,-1.6868,-0.69942,2.7578,-0.53422,0.0705,-0.16537,0.82601,6.4336,-2.0102,0.5742,-0.11149,-0.86533,-0.54757,6.2664,18.366,-0.84432,0,0,0,6.3082,6.4571,6.5442,6.555,-16.223,9.1185,-2.4044,10.259,-97.919,-2.4109
9.5,-1.6222,-0.7186,2.7635,-0.5349,0.070559,-0.15764,0.82707,6.4955,-1.8261,0.56564,-0.10716,-0.84219,-0.53487,6.1047,18.453,-0.86849,0,0,0,6.3167,6.4628,6.5469,6.5591,-16.116,8.1366,-2.428,10.987,-98.459,-2.3049
9.51,-1.5569,-0.73594,2.7691,-0.53551,0.070706,-0.14996,0.82809,6.5557,-1.6412,0.55683,-0.10232,-0.81981,-0.52245,5.9441,18.529,-0.89288,0,0,0,6.3231,6.4665,6.5476,6.5612,-16.003,7.1495,-2.4505,11.693,-98.941,-2.1965
9.52,-1.4911,-0.75142,2.7746,-0.53605,0.070935,-0.14233,0.82907,6.6144,-1.4556,0.54778,-0.096972,-0.7982,-0.51031,5.7847,18.596,-0.91749,0,0,0,6.3273,6.4681,6.5463,6.5614,-15.883,6.1579,-2.4719,12.376,-99.366,-2.0857
9.53,-1.4246,-0.76504,2.7801,-0.53652,0.071243,-0.13476,0.83001,6.6714,-1.2693,0.53848,-0.091116,-0.77735,-0.49844,5.6265,18.652,-0.94231,0,0,0,6.3294,6.4677,6.5427,6.5594,-15.756,5.1624,-2.4922,13.035,-99.73,-1.9724
9.54,-1.3576,-0.7768,2.7854,-0.53692,0.071627,-0.12723,0.8309,6.7269,-1.0826,0.52893,-0.084752,-0.75726,-0.48684,5.4696,18.699,-0.96733,0,0,0,6.3292,6.4651,6.5371,6.5553,-15.622,4.1635,-2.5113,13.669,-100.03,-1.8566
9.55,-1.2901,-0.78669,2.7907,-0.53725,0.072081,-0.11976,0.83176,6.7808,-0.89538,0.51913,-0.077877,-0.73793,-0.4755,5.314,18.736,-0.99254,0,0,0,6.3267,6.4604,6.5292,6.5491,-15.482,3.1619,-2.5293,14.277,-100.28,-1.7385
9.56,-1.222,-0.79471,2.7958,-0.53751,0.072603,-0.11234,0.83258,6.8332,-0.70788,0.50908,-0.070492,-0.71937,-0.46444,5.1599,18.762,-1.0179,0,0,0,6.3219,6.4536,6.519,6.5408,-15.337,2.1582,-2.5461,14.86,-100.46,-1.6178
9.57,-1.1535,-0.80085,2.8008,-0.5377,0.07319,-0.10497,0.83337,6.884,-0.52017,0.49877,-0.062593,-0.70157,-0.45364,5.0073,18.779,-1.0435,0,0,0,6.3149,6.4445,6.5066,6.5302,-15.185,1.153,-2.5617,15.415,-100.57,-1.4948
9.58,-1.0844,-0.80511,2.8058,-0.53781,0.073837,-0.09765,0.83413,6.9333,-0.33234,0.48821,-0.054178,-0.68455,-0.4431,4.8563,18.785,-1.0691,0,0,0,6.3055,6.4332,6.4919,6.5174,-15.028,0.14696,-2.576,15.944,-100.62,-1.3692
9.59,-1.0148,-0.8075,2.8106,-0.53786,0.074542,-0.090377,0.83486,6.9811,-0.1445,0.47739,-0.045244,-0.66829,-0.43282,4.7068,18.782,-1.095,0,0,0,6.2937,6.4197,6.4749,6.5024,-14.866,-0.85928,-2.589,16.445,-100.61,-1.2413
9.6,-0.94475,-0.808,2.8153,-0.53783,0.0753,-0.083152,0.83556,7.0275,0.04326,0.46631,-0.035785,-0.65282,-0.4228,4.5589,18.768,-1.1209,0,0,0,6.2796,6.4039,6.4555,6.4852,-14.7,-1.8651,-2.6008,16.918,-100.53,-1.111
9.61,-0.87424,-0.80663,2.8199,-0.53772,0.07611,-0.075973,0.83624,7.0723,0.23083,0.45497,-0.025795,-0.63812,-0.41304,4.4128,18.744,-1.147,0,0,0,6.2631,6.3858,6.4338,6.4657,-14.528,-2.8697,-2.6113,17.364,-100.39,-0.97842
9.62,-0.8033,-0.80339,2.8244,-0.53754,0.076967,-0.068838,0.83689,7.1157,0.41811,0.44337,-0.015268,-0.62422,-0.40352,4.2684,18.711,-1.1731,0,0,0,6.2441,6.3655,6.4097,6.4439,-14.352,-3.8727,-2.6204,17.783,-100.19,-0.84364
9.63,-0.73193,-0.79827,2.8288,-0.53728,0.07787,-0.061747,0.83753,7.1577,0.60501,0.43151,-0.004194,-0.61111,-0.39427,4.1258,18.667,-1.1994,0,0,0,6.2228,6.3428,6.3832,6.4199,-14.173,-4.8733,-2.6281,18.176,-99.925,-0.70672
9.64,-0.66015,-0.79129,2.833,-0.53694,0.078814,-0.054696,0.83815,7.1983,0.79142,0.41938,0.0074362,-0.59881,-0.38526,3.985,18.613,-1.2257,0,0,0,6.199,6.3178,6.3542,6.3935,-13.989,-5.871,-2.6345,18.544,-99.6,-0.56776
9.65,-0.58797,-0.78245,2.8372,-0.53652,0.079798,-0.047684,0.83875,7.2374,0.97724,0.407,0.019635,-0.58732,-0.37649,3.846,18.55,-1.2521,0,0,0,6.1728,6.2904,6.3229,6.3649,-13.802,-6.8651,-2.6395,18.885,-99.215,-0.42681
9.66,-0.51541,-0.77175,2.8412,-0.53602,0.080818,-0.04071,0.83934,7.2752,1.1624,0.39434,0.032415,-0.57665,-0.36798,3.7089,18.476,-1.2785,0,0,0,6.1441,6.2608,6.2892,6.334,-13.611,-7.8551,-2.643,19.201,-98.772,-0.28396
9.67,-0.44248,-0.7592,2.8451,-0.53544,0.081872,-0.03377,0.83992,7.3116,1.3467,0.38143,0.045792,-0.56683,-0.3597,3.5738,18.392,-1.3049,0,0,0,6.1131,6.2288,6.253,6.3009,-13.418,-8.8404,-2.6451,19.493,-98.272,-0.13929
9.68,-0.36918,-0.74482,2.8488,-0.53477,0.082957,-0.026862,0.84049,7.3467,1.5302,0.36824,0.059783,-0.55787,-0.35167,3.4406,18.299,-1.3314,0,0,0,6.0796,6.1946,6.2145,6.2655,-13.222,-9.8203,-2.6458,19.76,-97.715,0.007133
9.69,-0.29555,-0.7286,2.8524,-0.53402,0.084071,-0.019984,0.84105,7.3804,1.7127,0.3548,0.074408,-0.54977,-0.34387,3.3094,18.196,-1.3578,0,0,0,6.0437,6.158,6.1735,6.2278,-13.023,-10.794,-2.645,20.002,-97.102,0.15523
9.7,-0.22158,-0.71057,2.8559,-0.53317,0.08521,-0.013132,0.8416,7.4129,1.8941,0.34109,0.089687,-0.54257,-0.33631,3.1801,18.083,-1.3843,0,0,0,6.0054,6.1191,6.13,6.1879,-12.822,-11.762,-2.6427,20.221,-96.435,0.30493
9.71,-0.14729,-0.69072,2.8592,-0.53223,0.086373,-0.0063039,0.84216,7.444,2.0743,0.32711,0.10564,-0.53629,-0.32899,3.0529,17.961,-1.4107,0,0,0,5.9647,6.078,6.0842,6.1458,-12.618,-12.723,-2.6389,20.417,-95.714,0.45615
9.72,-0.072703,-0.66908,2.8624,-0.5312,0.087557,0.00050362,0.84271,7.4739,2.2533,0.31287,0.12231,-0.53095,-0.3219,2.9278,17.829,-1.4371,0,0,0,5.9216,6.0345,6.0359,6.1015,-12.413,-13.676,-2.6336,20.589,-94.94,0.60882
9.73,0.0021807,-0.64566,2.8655,-0.53007,0.088759,0.0072938,0.84327,7.5026,2.4309,0.29837,0.1397,-0.52659,-0.31504,2.8047,17.687,-1.4634,0,0,0,5.8762,5.9889,5.9852,6.0551,-12.207,-14.622,-2.6267,20.739,-94.115,0.76287
9.74,0.077345,-0.62047,2.8684,-0.52883,0.089976,0.01407,0.84383,7.53,2.607,0.28361,0.15786,-0.52323,-0.30841,2.6837,17.536,-1.4896,0,0,0,5.8284,5.941,5.9321,6.0065,-11.999,-15.558,-2.6183,20.866,-93.239,0.91821
9.75,0.15278,-0.59353,2.8712,-0.52749,0.091206,0.020836,0.84439,7.5563,2.7816,0.26858,0.17682,-0.52092,-0.30202,2.5647,17.376,-1.5157,0,0,0,5.7784,5.8909,5.8767,5.9558,-11.789,-16.486,-2.6083,20.972,-92.313,1.0748
9.76,0.22847,-0.56485,2.8738,-0.52605,0.092446,0.027596,0.84496,7.5813,2.9545,0.25329,0.19662,-0.51969,-0.29586,2.4479,17.207,-1.5417,0,0,0,5.726,5.8386,5.8188,5.903,-11.579,-17.405,-2.5968,21.056,-91.338,1.2325
9.77,0.3044,-0.53444,2.8762,-0.52449,0.093693,0.034352,0.84555,7.6052,3.1257,0.23775,0.21729,-0.51959,-0.28993,2.3331,17.028,-1.5676,0,0,0,5.6715,5.7843,5.7586,5.8483,-11.368,-18.313,-2.5837,21.119,-90.315,1.3913
9.78,0.38057,-0.50234,2.8785,-0.52281,0.094945,0.041111,0.84615,7.628,3.295,0.22194,0.23888,-0.52069,-0.28424,2.2205,16.841,-1.5934,0,0,0,5.6147,5.7278,5.696,5.7915,-11.157,-19.211,-2.569,21.161,-89.246,1.551
9.79,0.45696,-0.46855,2.8807,-0.52102,0.096197,0.047874,0.84676,7.6496,3.4624,0.20588,0.26145,-0.52303,-0.27877,2.11,16.644,-1.619,0,0,0,5.5557,5.6692,5.6311,5.7328,-10.945,-20.098,-2.5527,21.182,-88.13,1.7117
9.8,0.53356,-0.4331,2.8827,-0.51909,0.097447,0.054648,0.84739,7.6702,3.6279,0.18956,0.28503,-0.52668,-0.27355,2.0016,16.439,-1.6445,0,0,0,5.4946,5.6086,5.5639,5.6722,-10.733,-20.973,-2.5347,21.184,-86.97,1.8733
9.81,0.61036,-0.396,2.8845,-0.51703,0.098691,0.061436,0.84803,7.6897,3.7912,0.17299,0.3097,-0.53171,-0.26856,1.8953,16.225,-1.6697,0,0,0,5.4315,5.5461,5.4943,5.6098,-10.522,-21.837,-2.5152,21.165,-85.765,2.0356
9.82,0.68735,-0.35728,2.8861,-0.51484,0.099925,0.068244,0.8487,7.7081,3.9523,0.15617,0.3355,-0.5382,-0.26382,1.7912,16.002,-1.6948,0,0,0,5.3663,5.4816,5.4225,5.5456,-10.31,-22.688,-2.494,21.128,-84.518,2.1986
9.83,0.76452,-0.31696,2.8876,-0.5125,0.10115,0.075075,0.8494,7.7255,4.1112,0.1391,0.3625,-0.54625,-0.25931,1.6891,15.771,-1.7196,0,0,0,5.2991,5.4152,5.3484,5.4798,-10.099,-23.527,-2.4712,21.071,-83.228,2.3622
9.84,0.84185,-0.27506,2.8889,-0.51001,0.10235,0.081935,0.85012,7.7419,4.2677,0.12178,0.39078,-0.55595,-0.25506,1.5892,15.531,-1.7442,0,0,0,5.23,5.347,5.2721,5.4123,-9.8888,-24.353,-2.4468,20.996,-81.897,2.5263
9.85,0.91935,-0.23161,2.89,-0.50735,0.10353,0.088829,0.85087,7.7573,4.4218,0.10421,0.42041,-0.56741,-0.25106,1.4913,15.284,-1.7685,0,0,0,5.159,5.2771,5.1935,5.3432,-9.6793,-25.165,-2.4207,20.902,-80.526,2.6909
9.86,0.997,-0.18664,2.891,-0.50454,0.10468,0.095763,0.85165,7.7717,4.5734,0.086407,0.45147,-0.58075,-0.24733,1.3956,15.028,-1.7926,0,0,0,5.0863,5.2054,5.1128,5.2727,-9.4708,-25.963,-2.393,20.791,-79.116,2.8559
9.87,1.0748,-0.14016,2.8918,-0.50154,0.1058,0.10274,0.85247,7.7852,4.7223,0.068362,0.48406,-0.5961,-0.24385,1.3019,14.765,-1.8164,0,0,0,5.0118,5.1321,5.0298,5.2008,-9.2635,-26.747,-2.3636,20.662,-77.667,3.0213
9.88,1.1527,-0.092198,2.8923,-0.49836,0.10687,0.10977,0.85332,7.7978,4.8686,0.05008,0.51825,-0.61361,-0.24066,1.2103,14.493,-1.8399,0,0,0,4.9356,5.0572,4.9448,5.1276,-9.0576,-27.516,-2.3325,20.515,-76.181,3.1868
9.89,1.2307,-0.042792,2.8928,-0.49499,0.10791,0.11685,0.85422,7.8094,5.0122,0.031566,0.55417,-0.63345,-0.23774,1.1208,14.214,-1.863,0,0,0,4.8579,4.9808,4.8576,5.0532,-8.8532,-28.271,-2.2998,20.352,-74.659,3.3525
9.9,1.3089,0.0080356,2.893,-0.49141,0.10888,0.124,0.85515,7.8202,5.1529,0.012821,0.5919,-0.65579,-0.23511,1.0332,13.928,-1.8858,0,0,0,4.7787,4.903,4.7682,4.9778,-8.6506,-29.009,-2.2655,20.173,-73.102,3.5183
9.91,1.3871,0.060256,2.893,-0.48761,0.1098,0.13121,0.85613,7.8301,5.2907,-0.0061499,0.63158,-0.68083,-0.23279,0.94775,13.634,-1.9083,0,0,0,4.6981,4.8238,4.6769,4.9014,-8.4498,-29.732,-2.2295,19.978,-71.51,3.6842
9.92,1.4655,0.11384,2.8929,-0.48358,0.11064,0.1385,0.85716,7.8392,5.4256,-0.025344,0.67332,-0.70879,-0.23078,0.86424,13.333,-1.9304,0,0,0,4.6161,4.7433,4.5834,4.8242,-8.2511,-30.439,-2.1918,19.767,-69.885,3.8499
9.93,1.5439,0.16876,2.8925,-0.47931,0.1114,0.14586,0.85824,7.8474,5.5574,-0.044757,0.71726,-0.73989,-0.22909,0.78272,13.025,-1.9521,0,0,0,4.533,4.6617,4.488,4.7462,-8.0546,-31.13,-2.1525,19.54,-68.227,4.0155
9.94,1.6224,0.22498,2.892,-0.47478,0.11207,0.15331,0.85937,7.8548,5.686,-0.064386,0.76354,-0.77442,-0.22775,0.70314,12.711,-1.9735,0,0,0,4.4488,4.579,4.3905,4.6677,-7.8603,-31.804,-2.1115,19.299,-66.538,4.1809
9.95,1.701,0.28247,2.8912,-0.46997,0.11263,0.16085,0.86056,7.8615,5.8115,-0.084225,0.8123,-0.81264,-0.22676,0.6255,12.389,-1.9944,0,0,0,4.3636,4.4953,4.2911,4.5888,-7.6686,-32.461,-2.0689,19.043,-64.818,4.346
9.96,1.7797,0.3412,2.8903,-0.46487,0.11308,0.16849,0.86181,7.8673,5.9338,-0.10427,0.8637,-0.85487,-0.22614,0.54976,12.062,-2.0148,0,0,0,4.2776,4.4107,4.1897,4.5097,-7.4795,-33.1,-2.0246,18.773,-63.069,4.5108
9.97,1.8584,0.40113,2.8891,-0.45945,0.11339,0.17622,0.86313,7.8725,6.0528,-0.12452,0.91791,-0.90146,-0.22591,0.4759,11.728,-2.0349,0,0,0,4.1909,4.3253,4.0865,4.4305,-7.2932,-33.722,-1.9786,18.489,-61.291,4.6751
9.98,1.9371,0.46224,2.8878,-0.45371,0.11355,0.18407,0.86451,7.8769,6.1683,-0.14497,0.9751,-0.95277,-0.2261,0.40389,11.387,-2.0544,0,0,0,4.1036,4.2392,3.9814,4.3513,-7.1098,-34.326,-1.9311,18.191,-59.485,4.8389
9.99,2.0159,0.52449,2.8862,-0.44761,0.11354,0.19202,0.86596,7.8806,6.2805,-0.16561,1.0354,-1.0092,-0.22671,0.3337,11.041,-2.0735,0,0,0,4.016,4.1526,3.8745,4.2725,-6.9294,-34.912,-1.8819,17.881,-57.653,5.0021
10,2.0947,0.58784,2.8845,-0.44113,0.11335,0.20009,0.86748,7.8835,6.3891,-0.18644,1.0991,-1.0712,-0.22777,0.26529,10.689,-2.092,0,0,0,3.9281,4.0656,3.7659,4.1942,-6.7522,-35.479,-1.831,17.557,-55.795,5.1646
10.01,2.1736,0.65226,2.8825,-0.43425,0.11294,0.20828,0.86907,7.8859,6.4942,-0.20745,1.1664,-1.1391,-0.2293,0.19864,10.332,-2.1101,0,0,0,3.8401,3.9783,3.6556,4.1165,-6.5783,-36.027,-1.7786,17.222,-53.912,5.3263
10.02,2.2524,0.71771,2.8803,-0.42694,0.1123,0.21658,0.87075,7.8875,6.5958,-0.22864,1.2373,-1.2136,-0.23134,0.13371,9.9686,-2.1276,0,0,0,3.7523,3.8908,3.5438,4.0397,-6.4078,-36.557,-1.7245,16.874,-52.005,5.4873
10.03,2.3313,0.78416,2.8779,-0.41917,0.11139,0.22501,0.8725,7.8885,6.6936,-0.25,1.3122,-1.2951,-0.23389,0.070471,9.6005,-2.1446,0,0,0,3.6649,3.8033,3.4306,3.9641,-6.2409,-37.067,-1.6688,16.515,-50.076,5.6474
10.04,2.4102,0.85157,2.8753,-0.41091,0.11018,0.23355,0.87434,7.8889,6.7877,-0.27152,1.3911,-1.384,-0.237,0.0088823,9.2273,-2.161,0,0,0,3.578,3.7159,3.3161,3.8897,-6.0776,-37.558,-1.6116,16.144,-48.124,5.8064
10.05,2.4891,0.9199,2.8725,-0.40212,0.10866,0.24221,0.87626,7.8887,6.8781,-0.29321,1.4744,-1.481,-0.24067,-0.051093,8.8494,-2.1768,0,0,0,3.4919,3.6288,3.2007,3.8169,-5.918,-38.03,-1.5527,15.763,-46.152,5.9645
10.06,2.568,0.98912,2.8695,-0.39277,0.10677,0.25098,0.87826,7.8879,6.9647,-0.31506,1.562,-1.5866,-0.24493,-0.10949,8.4668,-2.192,0,0,0,3.4067,3.5422,3.0845,3.7457,-5.7624,-38.481,-1.4923,15.371,-44.16,6.1214
10.07,2.6468,1.0592,2.8662,-0.38282,0.10448,0.25985,0.88035,7.8865,7.0475,-0.33705,1.6542,-1.7013,-0.24981,-0.16635,8.0798,-2.2066,0,0,0,3.3228,3.4563,2.9679,3.6764,-5.6107,-38.913,-1.4303,14.968,-42.149,6.2771
10.08,2.7257,1.1301,2.8627,-0.37222,0.10175,0.2688,0.88252,7.8846,7.1263,-0.35919,1.7509,-1.8254,-0.25532,-0.22172,7.6886,-2.2206,0,0,0,3.2404,3.3712,2.8514,3.6089,-5.463,-39.324,-1.3667,14.556,-40.12,6.4316
10.09,2.8045,1.2017,2.859,-0.36095,0.098535,0.27783,0.88477,7.8821,7.2012,-0.38146,1.8523,-1.9594,-0.26146,-0.27563,7.2934,-2.234,0,0,0,3.1597,3.2873,2.7356,3.5434,-5.3196,-39.715,-1.3017,14.135,-38.074,6.5846
10.1,2.8833,1.2741,2.8551,-0.34894,0.094793,0.28691,0.88709,7.8791,7.2722,-0.40387,1.9583,-2.1035,-0.26824,-0.32812,6.8944,-2.2467,0,0,0,3.0808,3.2047,2.6212,3.4798,-5.1804,-40.086,-1.2351,13.704,-36.011,6.7363
10.11,2.9621,1.3471,2.8509,-0.33617,0.090476,0.29601,0.88948,7.8756,7.3391,-0.42639,2.0688,-2.2576,-0.27565,-0.37925,6.4917,-2.2587,0,0,0,3.0041,3.1238,2.5092,3.4179,-5.0455,-40.436,-1.1669,13.265,-33.934,6.8865
10.12,3.0408,1.4208,2.8466,-0.32258,0.085537,0.3051,0.89193,7.8715,7.402,-0.44904,2.1834,-2.4217,-0.28367,-0.42905,6.0857,-2.27,0,0,0,2.9295,3.0449,2.4007,3.3575,-4.9151,-40.764,-1.0973,12.818,-31.842,7.0351
10.13,3.1195,1.4952,2.8419,-0.30812,0.079929,0.31412,0.89443,7.867,7.4608,-0.47179,2.3019,-2.595,-0.29227,-0.47757,5.6765,-2.2806,0,0,0,2.8574,2.9683,2.2971,3.2981,-4.7892,-41.072,-1.0262,12.362,-29.738,7.182
10.14,3.1982,1.57,2.8371,-0.29277,0.07361,0.32304,0.89695,7.862,7.5155,-0.49465,2.4235,-2.7767,-0.30138,-0.52485,5.2643,-2.2905,0,0,0,2.7876,2.8946,2.2001,3.2392,-4.6679,-41.359,-0.9537,11.899,-27.621,7.3272
10.15,3.2768,1.6455,2.8321,-0.27647,0.06654,0.33178,0.89948,7.8565,7.5661,-0.5176,2.5476,-2.9653,-0.31091,-0.57094,4.8494,-2.2997,0,0,0,2.7202,2.8241,2.1116,3.18,-4.5512,-41.625,-0.87971,11.429,-25.492,7.4706
10.16,3.3553,1.7213,2.8268,-0.25921,0.058688,0.34027,0.90199,7.8506,7.6125,-0.54064,2.6732,-3.1586,-0.32077,-0.61589,4.4319,-2.3081,0,0,0,2.6552,2.7573,2.0337,3.1196,-4.4393,-41.869,-0.80429,10.952,-23.354,7.6121
10.17,3.4338,1.7977,2.8212,-0.24095,0.050035,0.34844,0.90445,7.8442,7.6547,-0.56376,2.7991,-3.3539,-0.3308,-0.65974,4.0121,-2.3158,0,0,0,2.5924,2.6949,1.9689,3.0568,-4.3322,-42.092,-0.72747,10.468,-21.206,7.7517
10.18,3.5122,1.8744,2.8155,-0.22169,0.040573,0.35617,0.90683,7.8374,7.6927,-0.58695,2.9236,-3.5476,-0.34083,-0.70255,3.5901,-2.3226,0,0,0,2.5319,2.6374,1.9195,2.9907,-4.23,-42.293,-0.64927,9.9784,-19.049,7.8893
10.19,3.5905,1.9515,2.8095,-0.20144,0.030314,0.36338,0.9091,7.8301,7.7265,-0.61021,3.0452,-3.7355,-0.35065,-0.74436,3.1663,-2.3287,0,0,0,2.4736,2.5854,1.888,2.9202,-4.1326,-42.473,-0.56969,9.4829,-16.886,8.0247
10.2,3.6688,2.0289,2.8033,-0.18021,0.019292,0.36995,0.9112,7.8225,7.756,-0.63352,3.1617,-3.9128,-0.36003,-0.78522,2.7408,-2.334,0,0,0,2.4174,2.5393,1.8763,2.8445,-4.0403,-42.631,-0.48878,8.982,-14.715,8.1579
10.21,3.747,2.1066,2.7968,-0.15804,0.0075628,0.37576,0.91311,7.8144,7.7813,-0.65689,3.2711,-4.0739,-0.36871,-0.82518,2.3138,-2.3385,0,0,0,2.3639,2.4996,1.8861,2.7631,-3.953,-42.767,-0.40654,8.476,-12.54,8.2889
10.22,3.8251,2.1846,2.7901,-0.13502,-0.0047881,0.3807,0.91478,7.806,7.8023,-0.68029,3.3711,-4.2132,-0.37642,-0.86429,1.8855,-2.3422,0,0,0,2.3133,2.4665,1.9181,2.6763,-3.8708,-42.881,-0.32301,7.9655,-10.359,8.4176
10.23,3.9031,2.2627,2.7832,-0.11122,-0.01765,0.38465,0.91617,7.7971,7.819,-0.70373,3.4593,-4.3252,-0.38288,-0.90261,1.4562,-2.345,0,0,0,2.2666,2.44,1.9719,2.5851,-3.7937,-42.974,-0.2382,7.4506,-8.1757,8.5439
10.24,3.981,2.3409,2.7761,-0.086756,-0.030885,0.38751,0.91725,7.7879,7.8314,-0.72719,3.5338,-4.4049,-0.38785,-0.94019,1.0261,-2.3469,0,0,0,2.225,2.4199,2.046,2.4911,-3.7218,-43.045,-0.15214,6.9319,-5.9893,8.6676
10.25,4.0589,2.4193,2.7687,-0.061771,-0.044336,0.3892,0.91801,7.7783,7.8395,-0.75066,3.5924,-4.4483,-0.39111,-0.97707,0.59538,-2.348,0,0,0,2.1898,2.4059,2.1379,2.397,-3.6551,-43.094,-0.064854,6.4096,-3.8012,8.7888
10.26,4.1366,2.4977,2.7611,-0.036413,-0.057825,0.38966,0.91842,7.7684,7.8433,-0.77414,3.6338,-4.4525,-0.39248,-1.0133,0.16428,-2.3482,0,0,0,2.1626,2.3974,2.2437,2.306,-3.5936,-43.121,0.023629,5.8841,-1.6125,8.9074
10.27,4.2142,2.5761,2.7532,-0.010847,-0.071169,0.38883,0.91849,7.7581,7.8428,-0.79762,3.6569,-4.4166,-0.39187,-1.049,-0.26697,-2.3475,0,0,0,2.1451,2.3938,2.3592,2.2219,-3.5374,-43.126,0.11328,5.3558,0.57591,9.0233
10.28,4.2918,2.6545,2.7451,0.014758,-0.084182,0.38672,0.91823,7.7474,7.838,-0.82109,3.6611,-4.3413,-0.38924,-1.0841,-0.69817,-2.3459,0,0,0,2.1386,2.3948,2.4796,2.1482,-3.4865,-43.11,0.20409,4.8251,2.7631,9.1364
10.29,4.3692,2.7329,2.7368,0.040234,-0.096689,0.38333,0.91765,7.7364,7.8289,-0.84454,3.6467,-4.2291,-0.38463,-1.1187,-1.1291,-2.3434,0,0,0,2.1441,2.3999,2.6006,2.0883,-3.4409,-43.071,0.296,4.2923,4.948,9.2466
10.3,4.4465,2.8111,2.7282,0.065421,-0.10853,0.37871,0.9168,7.725,7.8154,-0.86796,3.6141,-4.0838,-0.37814,-1.1529,-1.5595,-2.34,0,0,0,2.1621,2.4091,2.7183,2.0449,-3.4007,-43.011,0.38901,3.7577,7.1298,9.3538
10.31,4.5237,2.8892,2.7194,0.090172,-0.11957,0.37292,0.9157,7.7133,7.7977,-0.89134,3.5647,-3.9106,-0.36993,-1.1867,-1.9892,-2.3357,0,0,0,2.1927,2.4225,2.8296,2.0196,-3.3658,-42.928,0.48307,3.2219,9.3075,9.4581
10.32,4.6007,2.967,2.7104,0.11436,-0.12969,0.36606,0.91439,7.7013,7.7756,-0.91467,3.4998,-3.7152,-0.3602,-1.2202,-2.418,-2.3304,0,0,0,2.2352,2.4403,2.9329,2.0133,-3.3363,-42.824,0.57816,2.6851,11.48,9.5593
10.33,4.6777,3.0447,2.7011,0.13787,-0.13883,0.35821,0.91291,7.6889,7.7493,-0.93794,3.4212,-3.5035,-0.34918,-1.2535,-2.8456,-2.3241,0,0,0,2.2888,2.4629,3.0271,2.0257,-3.3121,-42.699,0.67424,2.1476,13.646,9.6573
10.34,4.7545,3.122,2.6916,0.16063,-0.14692,0.3495,0.9113,7.6762,7.7187,-0.96115,3.331,-3.2815,-0.33711,-1.2865,-3.2719,-2.3169,0,0,0,2.3521,2.4907,3.1124,2.0561,-3.2933,-42.552,0.77129,1.61,15.806,9.7521
10.35,4.8312,3.199,2.6819,0.18255,-0.15394,0.34003,0.90959,7.6632,7.6839,-0.98428,3.2312,-3.0544,-0.3242,-1.3194,-3.6966,-2.3087,0,0,0,2.4238,2.5243,3.1895,2.1028,-3.2799,-42.383,0.86927,1.0725,17.957,9.8435
10.36,4.9078,3.2757,2.6719,0.20361,-0.1599,0.32993,0.90781,7.6498,7.6448,-1.0073,3.1237,-2.827,-0.3107,-1.3521,-4.1195,-2.2995,0,0,0,2.5025,2.5637,3.2596,2.164,-3.2718,-42.192,0.96815,0.53543,20.1,9.9316
10.37,4.9842,3.3519,2.6618,0.22376,-0.16482,0.31929,0.90599,7.6362,7.6015,-1.0303,3.0104,-2.6033,-0.29678,-1.3848,-4.5404,-2.2893,0,0,0,2.5867,2.6092,3.324,2.2377,-3.2692,-41.981,1.0679,-0.0007322,22.232,10.016
10.38,5.0605,3.4277,2.6513,0.24299,-0.16874,0.30823,0.90414,7.6222,7.554,-1.0531,2.8931,-2.3864,-0.28262,-1.4175,-4.959,-2.2781,0,0,0,2.6753,2.6608,3.3843,2.3217,-3.2719,-41.748,1.1685,-0.53566,24.354,10.097
10.39,5.1367,3.503,2.6407,0.26129,-0.1717,0.29685,0.90229,7.6078,7.5023,-1.0758,2.7732,-2.1788,-0.26837,-1.4503,-5.3753,-2.2659,0,0,0,2.7672,2.7184,3.4419,2.4142,-3.2799,-41.494,1.2698,-1.069,26.464,10.175
10.4,5.2127,3.5777,2.6298,0.27869,-0.17379,0.28523,0.90043,7.5931,7.4465,-1.0984,2.6523,-1.9821,-0.25415,-1.4831,-5.7888,-2.2527,0,0,0,2.8615,2.7815,3.4981,2.5134,-3.2932,-41.219,1.3719,-1.6003,28.561,10.248
10.41,5.2885,3.6519,2.6187,0.29518,-0.17504,0.27346,0.89858,7.5782,7.3866,-1.1209,2.5313,-1.7974,-0.24005,-1.5162,-6.1996,-2.2385,0,0,0,2.9575,2.8499,3.5539,2.6177,-3.3119,-40.923,1.4748,-2.1293,30.644,10.318
10.42,5.3642,3.7254,2.6074,0.31079,-0.17555,0.26159,0.89675,7.5628,7.3225,-1.1432,2.4114,-1.6253,-0.22615,-1.5494,-6.6072,-2.2232,0,0,0,3.0546,2.9232,3.6101,2.7259,-3.3358,-40.606,1.5783,-2.6556,32.713,10.384
10.43,5.4398,3.7983,2.5959,0.32556,-0.17538,0.24971,0.89493,7.5472,7.2544,-1.1653,2.2933,-1.4661,-0.2125,-1.5829,-7.0116,-2.2069,0,0,0,3.1523,3.0007,3.6675,2.8367,-3.365,-40.268,1.6825,-3.1789,34.765,10.447
10.44,5.5152,3.8705,2.5841,0.3395,-0.1746,0.23785,0.89313,7.5312,7.1823,-1.1873,2.1777,-1.3196,-0.19915,-1.6167,-7.4125,-2.1896,0,0,0,3.2505,3.0821,3.7264,2.9493,-3.3994,-39.91,1.7872,-3.6986,36.802,10.505
10.45,5.5904,3.942,2.5721,0.35265,-0.17328,0.22607,0.89135,7.5148,7.1062,-1.2091,2.0651,-1.1855,-0.18611,-1.6509,-7.8098,-2.1712,0,0,0,3.3487,3.1669,3.7873,3.063,-3.4389,-39.532,1.8925,-4.2146,38.82,10.559
10.46,5.6655,4.0126,2.5599,0.36504,-0.17147,0.21439,0.88959,7.4981,7.0261,-1.2307,1.9559,-1.0633,-0.17341,-1.6855,-8.2031,-2.1517,0,0,0,3.4469,3.2545,3.8501,3.1771,-3.4837,-39.134,1.9984,-4.7264,40.82,10.609
10.47,5.7404,4.0825,2.5475,0.37671,-0.16925,0.20286,0.88786,7.4811,6.9421,-1.2522,1.8503,-0.95246,-0.16105,-1.7206,-8.5924,-2.1312,0,0,0,3.5448,3.3444,3.9151,3.2911,-3.5335,-38.716,2.1047,-5.2337,42.8,10.655
10.48,5.8151,4.1515,2.5349,0.38769,-0.16666,0.19149,0.88614,7.4637,6.8543,-1.2734,1.7486,-0.8522,-0.14902,-1.7562,-8.9774,-2.1096,0,0,0,3.6423,3.4363,3.9821,3.4048,-3.5883,-38.278,2.2115,-5.736,44.76,10.696
10.49,5.8896,4.2195,2.522,0.39802,-0.16377,0.1803,0.88445,7.446,6.7626,-1.2943,1.6509,-0.76185,-0.13732,-1.7924,-9.3579,-2.087,0,0,0,3.7394,3.5297,4.0511,3.5177,-3.6482,-37.821,2.3186,-6.233,46.699,10.733
10.5,5.964,4.2867,2.509,0.40773,-0.1606,0.1693,0.88278,7.4279,6.6671,-1.3151,1.5572,-0.68069,-0.12595,-1.8292,-9.7337,-2.0632,0,0,0,3.836,3.6242,4.122,3.6298,-3.713,-37.344,2.4261,-6.7244,48.614,10.766
10.51,6.0382,4.3529,2.4957,0.41685,-0.15722,0.15851,0.88113,7.4094,6.5679,-1.3356,1.4675,-0.60801,-0.11489,-1.8666,-10.105,-2.0384,0,0,0,3.9319,3.7195,4.1945,3.7407,-3.7826,-36.849,2.5339,-7.2098,50.507,10.794
10.52,6.1122,4.418,2.4823,0.42541,-0.15364,0.14793,0.87951,7.3905,6.4651,-1.3559,1.3819,-0.54313,-0.10413,-1.9048,-10.471,-2.0126,0,0,0,4.0272,3.8154,4.2685,3.8503,-3.8571,-36.334,2.642,-7.6888,52.375,10.818
10.53,6.186,4.4822,2.4686,0.43344,-0.14992,0.13756,0.87791,7.3713,6.3585,-1.3758,1.3001,-0.4854,-0.09364,-1.9438,-10.831,-1.9856,0,0,0,4.1218,3.9115,4.3437,3.9587,-3.9364,-35.801,2.7503,-8.1611,54.218,10.836
10.54,6.2596,4.5452,2.4548,0.44097,-0.14607,0.12741,0.87634,7.3517,6.2485,-1.3956,1.2222,-0.43419,-0.083417,-1.9836,-11.187,-1.9576,0,0,0,4.2155,4.0075,4.42,4.0655,-4.0203,-35.25,2.8587,-8.6262,56.034,10.85
10.55,6.333,4.6071,2.4407,0.44804,-0.14213,0.11747,0.87479,7.3316,6.1348,-1.415,1.148,-0.38894,-0.073442,-2.0242,-11.536,-1.9284,0,0,0,4.3085,4.1033,4.4972,4.1709,-4.1089,-34.681,2.9673,-9.0838,57.824,10.86
10.56,6.4062,4.6679,2.4265,0.45466,-0.13812,0.10774,0.87327,7.3112,6.0178,-1.4341,1.0775,-0.34912,-0.063696,-2.0658,-11.88,-1.8982,0,0,0,4.4005,4.1986,4.575,4.2746,-4.202,-34.094,3.0759,-9.5336,59.585,10.864
10.57,6.4793,4.7275,2.412,0.46086,-0.13405,0.098213,0.87177,7.2903,5.8973,-1.453,1.0103,-0.31423,-0.054164,-2.1083,-12.218,-1.8669,0,0,0,4.4915,4.2933,4.6532,4.3768,-4.2995,-33.489,3.1845,-9.9751,61.316,10.863
10.58,6.552,4.7858,2.3974,0.46667,-0.12995,0.088885,0.87031,7.269,5.7734,-1.4715,0.94647,-0.28382,-0.044828,-2.1518,-12.55,-1.8345,0,0,0,4.5814,4.3872,4.7317,4.4772,-4.4014,-32.867,3.2931,-10.408,63.018,10.858
10.59,6.6246,4.8429,2.3826,0.4721,-0.12583,0.079748,0.86886,7.2473,5.6463,-1.4896,0.88579,-0.25749,-0.035673,-2.1963,-12.875,-1.8011,0,0,0,4.6703,4.4801,4.8102,4.576,-4.5077,-32.229,3.4017,-10.832,64.689,10.847
10.6,6.697,4.8987,2.3676,0.47718,-0.12171,0.070794,0.86745,7.2251,5.5159,-1.5075,0.82813,-0.23487,-0.026684,-2.2419,-13.194,-1.7665,0,0,0,4.758,4.5719,4.8886,4.673,-4.6181,-31.574,3.51,-11.247,66.327,10.831
10.61,6.7691,4.9532,2.3525,0.48193,-0.1176,0.062016,0.86607,7.2024,5.3824,-1.525,0.77332,-0.21561,-0.017845,-2.2887,-13.507,-1.7309,0,0,0,4.8444,4.6626,4.9668,4.7682,-4.7326,-30.902,3.6183,-11.652,67.933,10.81
10.62,6.841,5.0064,2.3371,0.48636,-0.1135,0.053406,0.86471,7.1793,5.2458,-1.5421,0.72124,-0.19942,-0.0091422,-2.3366,-13.812,-1.6941,0,0,0,4.9296,4.7519,5.0445,4.8616,-4.8511,-30.215,3.7262,-12.047,69.504,10.783
10.63,6.9127,5.0581,2.3216,0.4905,-0.10943,0.044954,0.86338,7.1557,5.1062,-1.5588,0.67174,-0.18601,-0.00056231,-2.3857,-14.111,-1.6563,0,0,0,5.0134,4.8398,5.1216,4.9532,-4.9735,-29.512,3.8339,-12.431,71.04,10.751
10.64,6.9842,5.1085,2.3059,0.49435,-0.10539,0.036652,0.86207,7.1316,4.9636,-1.5752,0.62468,-0.17514,0.0079079,-2.4361,-14.403,-1.6175,0,0,0,5.0958,4.9262,5.198,5.0428,-5.0996,-28.794,3.9412,-12.805,72.541,10.713
10.65,7.0553,5.1574,2.2901,0.49794,-0.10139,0.028492,0.86079,7.107,4.8182,-1.5912,0.57994,-0.16658,0.016281,-2.4877,-14.687,-1.5775,0,0,0,5.1766,5.0109,5.2735,5.1306,-5.2295,-28.062,4.0481,-13.167,74.005,10.67
10.66,7.1263,5.2048,2.2741,0.50127,-0.097439,0.020464,0.85954,7.0818,4.6699,-1.6068,0.53739,-0.16015,0.024568,-2.5407,-14.964,-1.5365,0,0,0,5.256,5.0941,5.3481,5.2164,-5.363,-27.315,4.1546,-13.518,75.43,10.621
10.67,7.197,5.2508,2.258,0.50437,-0.093535,0.01256,0.85832,7.0561,4.5189,-1.6219,0.49691,-0.15564,0.032782,-2.595,-15.233,-1.4944,0,0,0,5.3337,5.1754,5.4216,5.3003,-5.4998,-26.553,4.2605,-13.857,76.817,10.567
10.68,7.2674,5.2952,2.2417,0.50724,-0.089683,0.0047723,0.85711,7.0299,4.3653,-1.6367,0.45839,-0.15292,0.040932,-2.6507,-15.495,-1.4513,0,0,0,5.4099,5.255,5.4939,5.3822,-5.6401,-25.778,4.3659,-14.184,78.164,10.506
10.69,7.3376,5.3381,2.2252,0.50989,-0.085887,-0.0029084,0.85594,7.0031,4.209,-1.6509,0.42172,-0.15182,0.049029,-2.7078,-15.749,-1.4071,0,0,0,5.4843,5.3327,5.5649,5.462,-5.7835,-24.99,4.4707,-14.498,79.471,10.44
10.7,7.4075,5.3794,2.2087,0.51233,-0.082151,-0.01049,0.85478,6.9758,4.0503,-1.6648,0.38681,-0.15223,0.057083,-2.7664,-15.995,-1.3619,0,0,0,5.5569,5.4085,5.6345,5.5398,-5.93,-24.189,4.5747,-14.799,80.735,10.368
10.71,7.4771,5.4191,2.1919,0.51459,-0.078475,-0.01798,0.85365,6.9478,3.8892,-1.6782,0.35355,-0.15402,0.065103,-2.8264,-16.232,-1.3156,0,0,0,5.6278,5.4823,5.7027,5.6156,-6.0794,-23.376,4.678,-15.087,81.957,10.289
10.72,7.5464,5.4572,2.1751,0.51665,-0.074863,-0.025385,0.85254,6.9192,3.7257,-1.6911,0.32187,-0.15711,0.073098,-2.888,-16.462,-1.2683,0,0,0,5.6968,5.5541,5.7693,5.6892,-6.2317,-22.55,4.7805,-15.361,83.136,10.205
10.73,7.6155,5.4936,2.1581,0.51854,-0.071315,-0.032714,0.85145,6.89,3.56,-1.7035,0.29166,-0.16138,0.081077,-2.9511,-16.683,-1.22,0,0,0,5.7639,5.6238,5.8343,5.7607,-6.3866,-21.713,4.8821,-15.621,84.27,10.114
10.74,7.6842,5.5284,2.141,0.52025,-0.067833,-0.039973,0.85038,6.8602,3.3921,-1.7155,0.26287,-0.16677,0.089047,-3.0157,-16.896,-1.1707,0,0,0,5.8291,5.6915,5.8977,5.8301,-6.5441,-20.865,4.9827,-15.867,85.358,10.017
10.75,7.7527,5.5614,2.1238,0.52181,-0.064418,-0.047169,0.84932,6.8297,3.2221,-1.727,0.23541,-0.1732,0.097017,-3.082,-17.101,-1.1204,0,0,0,5.8923,5.757,5.9592,5.8973,-6.7039,-20.006,5.0824,-16.097,86.399,9.9143
10.76,7.8208,5.5928,2.1065,0.5232,-0.061071,-0.054308,0.84828,6.7986,3.0501,-1.7379,0.20922,-0.1806,0.10499,-3.1498,-17.296,-1.069,0,0,0,5.9535,5.8203,6.019,5.9623,-6.866,-19.137,5.181,-16.313,87.394,9.8047
10.77,7.8886,5.6224,2.0891,0.52445,-0.057794,-0.061397,0.84726,6.7667,2.8762,-1.7483,0.18424,-0.18893,0.11298,-3.2193,-17.483,-1.0167,0,0,0,6.0127,5.8814,6.077,6.0251,-7.0301,-18.258,5.2785,-16.512,88.339,9.6885
10.78,7.9561,5.6503,2.0715,0.52555,-0.054586,-0.068441,0.84625,6.7342,2.7004,-1.7582,0.1604,-0.19812,0.121,-3.2904,-17.661,-0.96347,0,0,0,6.0698,5.9403,6.133,6.0857,-7.1961,-17.37,5.3747,-16.696,89.236,9.5659
10.79,8.0233,5.6764,2.0539,0.52652,-0.051449,-0.075446,0.84525,6.7009,2.523,-1.7676,0.13765,-0.20814,0.12903,-3.3632,-17.831,-0.90924,0,0,0,6.1249,5.9969,6.1871,6.1441,-7.364,-16.474,5.4698,-16.864,90.082,9.4365
10.8,8.0902,5.7008,2.0362,0.52735,-0.048383,-0.082417,0.84426,6.6669,2.3439,-1.7764,0.11594,-0.21895,0.13711,-3.4377,-17.991,-0.85408,0,0,0,6.1778,6.0513,6.2393,6.2002,-7.5334,-15.569,5.5634,-17.015,90.876,9.3005
10.81,8.1567,5.7233,2.0184,0.52805,-0.04539,-0.089359,0.84328,6.6321,2.1632,-1.7847,0.09523,-0.23051,0.14522,-3.5139,-18.142,-0.79798,0,0,0,6.2285,6.1034,6.2894,6.254,-7.7042,-14.656,5.6557,-17.149,91.618,9.1577
10.82,8.2228,5.744,2.0005,0.52863,-0.042469,-0.096277,0.8423,6.5966,1.981,-1.7924,0.07547,-0.24278,0.15338,-3.5918,-18.284,-0.74097,0,0,0,6.2772,6.1531,6.3374,6.3056,-7.8763,-13.737,5.7466,-17.265,92.307,9.008
10.83,8.2886,5.7629,1.9825,0.52909,-0.039622,-0.10318,0.84134,6.5603,1.7975,-1.7995,0.056623,-0.25576,0.16158,-3.6714,-18.417,-0.68305,0,0,0,6.3236,6.2006,6.3834,6.3549,-8.0494,-12.81,5.8359,-17.364,92.942,8.8513
10.84,8.354,5.78,1.9645,0.52943,-0.03685,-0.11006,0.84038,6.5232,1.6127,-1.806,0.038653,-0.2694,0.16985,-3.7528,-18.54,-0.62426,0,0,0,6.3678,6.2457,6.4273,6.4019,-8.2235,-11.878,5.9236,-17.444,93.522,8.6876
10.85,8.419,5.7952,1.9464,0.52966,-0.034154,-0.11693,0.83942,6.4852,1.4268,-1.812,0.021527,-0.28369,0.17817,-3.8359,-18.654,-0.56459,0,0,0,6.4099,6.2885,6.469,6.4466,-8.3983,-10.94,6.0096,-17.506,94.045,8.5169
10.86,8.4837,5.8085,1.9283,0.52978,-0.031534,-0.1238,0.83846,6.4465,1.2397,-1.8173,0.0052153,-0.29862,0.18656,-3.9207,-18.759,-0.50407,0,0,0,6.4497,6.3289,6.5087,6.489,-8.5735,-9.9973,6.0939,-17.549,94.511,8.3389
10.87,8.548,5.82,1.9101,0.52979,-0.028992,-0.13066,0.8375,6.4068,1.0516,-1.8221,-0.01031,-0.31416,0.19502,-4.0074,-18.854,-0.44272,0,0,0,6.4873,6.367,6.5461,6.5292,-8.7492,-9.0501,6.1764,-17.573,94.919,8.1537
10.88,8.6118,5.8295,1.8918,0.5297,-0.026529,-0.13752,0.83654,6.3663,0.86264,-1.8262,-0.025074,-0.3303,0.20355,-4.0957,-18.94,-0.38055,0,0,0,6.5227,6.4028,6.5814,6.567,-8.9249,-8.0991,6.2569,-17.577,95.269,7.9612
10.89,8.6753,5.8372,1.8735,0.52951,-0.024146,-0.14438,0.83558,6.3249,0.67285,-1.8297,-0.039098,-0.34704,0.21217,-4.1859,-19.016,-0.31758,0,0,0,6.5559,6.4362,6.6146,6.6025,-9.1006,-7.1449,6.3356,-17.561,95.558,7.7613
10.9,8.7383,5.843,1.8552,0.52922,-0.021845,-0.15124,0.83461,6.2826,0.48234,-1.8325,-0.052404,-0.36436,0.22086,-4.2777,-19.083,-0.25384,0,0,0,6.5869,6.4673,6.6455,6.6358,-9.2761,-6.1882,6.4121,-17.525,95.786,7.5539
10.91,8.8009,5.8468,1.8369,0.52883,-0.019627,-0.15811,0.83364,6.2393,0.29122,-1.8347,-0.065008,-0.38225,0.22964,-4.3714,-19.14,-0.18935,0,0,0,6.6157,6.4961,6.6743,6.6668,-9.4511,-5.2294,6.4866,-17.468,95.952,7.3389
10.92,8.8631,5.8488,1.8185,0.52835,-0.017494,-0.165,0.83266,6.1951,0.099577,-1.8363,-0.076926,-0.4007,0.2385,-4.4668,-19.187,-0.12412,0,0,0,6.6422,6.5225,6.7009,6.6955,-9.6254,-4.2693,6.5589,-17.39,96.055,7.1164
10.93,8.9248,5.8488,1.8002,0.52777,-0.015448,-0.17189,0.83167,6.15,-0.092494,-1.8372,-0.088174,-0.41971,0.24746,-4.5639,-19.225,-0.058178,0,0,0,6.6666,6.5467,6.7253,6.7219,-9.7988,-3.3085,6.6289,-17.29,96.095,6.8861
10.94,8.9861,5.8469,1.7818,0.52711,-0.013491,-0.1788,0.83067,6.1039,-0.2849,-1.8375,-0.098763,-0.43926,0.2565,-4.6627,-19.254,0.008452,0,0,0,6.6888,6.5685,6.7476,6.7461,-9.9711,-2.3477,6.6966,-17.169,96.069,6.6481
10.95,9.0469,5.8431,1.7634,0.52635,-0.011624,-0.18572,0.82965,6.0567,-0.47753,-1.837,-0.1087,-0.45936,0.26565,-4.7633,-19.272,0.075746,0,0,0,6.7088,6.5882,6.7677,6.7681,-10.142,-1.3874,6.7619,-17.026,95.98,6.4025
10.96,9.1072,5.8374,1.7451,0.52551,-0.0098503,-0.19266,0.82863,6.0086,-0.67031,-1.8359,-0.11801,-0.48,0.27488,-4.8656,-19.281,0.14368,0,0,0,6.7267,6.6056,6.7857,6.7879,-10.312,-0.42827,6.8246,-16.862,95.828,6.1495
10.97,9.1671,5.8297,1.7267,0.52459,-0.0081718,-0.19961,0.82759,5.9594,-0.86313,-1.8342,-0.12668,-0.50117,0.28422,-4.9695,-19.281,0.21223,0,0,0,6.7424,6.6207,6.8016,6.8056,-10.479,0.529,6.8848,-16.678,95.615,5.8893
10.98,9.2264,5.8201,1.7084,0.52358,-0.0065908,-0.20658,0.82653,5.9092,-1.0559,-1.8317,-0.13473,-0.52287,0.29366,-5.0751,-19.271,0.28137,0,0,0,6.7561,6.6337,6.8154,6.8211,-10.645,1.4838,6.9424,-16.473,95.34,5.622
10.99,9.2853,5.8086,1.6901,0.52248,-0.00511,-0.21358,0.82545,5.8579,-1.2485,-1.8285,-0.14217,-0.54509,0.30319,-5.1824,-19.251,0.35107,0,0,0,6.7677,6.6445,6.8272,6.8344,-10.809,2.4356,6.9972,-16.248,95.006,5.348
11,9.3436,5.7952,1.6718,0.52131,-0.003732,-0.22059,0.82436,5.8055,-1.4409,-1.8247,-0.149,-0.56783,0.31283,-5.2913,-19.222,0.4213,0,0,0,6.7773,6.6533,6.8369,6.8457,-10.97,3.3837,7.0493,-16.003,94.612,5.0673
11.01,9.4014,5.7798,1.6536,0.52005,-0.0024596,-0.22762,0.82324,5.7521,-1.6329,-1.8201,-0.15523,-0.59109,0.32258,-5.4018,-19.184,0.49205,0,0,0,6.7849,6.6599,6.8445,6.8549,-11.129,4.3277,7.0986,-15.739,94.161,4.7802
11.02,9.4586,5.7625,1.6354,0.51872,-0.0012957,-0.23467,0.82211,5.6975,-1.8245,-1.8148,-0.16086,-0.61487,0.33243,-5.5139,-19.136,0.56327,0,0,0,6.7905,6.6644,6.8503,6.8621,-11.285,5.2668,7.1449,-15.456,93.653,4.4868
11.03,9.5153,5.7433,1.6173,0.5173,-0.00024325,-0.24174,0.82095,5.6418,-2.0156,-1.8088,-0.16589,-0.63915,0.34238,-5.6275,-19.078,0.63493,0,0,0,6.7942,6.667,6.854,6.8674,-11.438,6.2005,7.1883,-15.154,93.089,4.1873
11.04,9.5715,5.7222,1.5992,0.51581,0.00069461,-0.24882,0.81977,5.5849,-2.2061,-1.8021,-0.17034,-0.66394,0.35245,-5.7426,-19.012,0.70702,0,0,0,6.796,6.6676,6.8559,6.8706,-11.588,7.1284,7.2286,-14.834,92.471,3.882
11.05,9.627,5.6992,1.5813,0.51425,0.0015147,-0.25593,0.81856,5.5269,-2.3958,-1.7947,-0.17419,-0.68923,0.36261,-5.8592,-18.936,0.7795,0,0,0,6.7959,6.6663,6.8559,6.872,-11.734,8.0498,7.2659,-14.497,91.798,3.5711
11.06,9.682,5.6743,1.5633,0.5126,0.0022139,-0.26306,0.81733,5.4678,-2.5847,-1.7865,-0.17746,-0.71502,0.37289,-5.9773,-18.851,0.85233,0,0,0,6.7941,6.6631,6.8541,6.8716,-11.878,8.9642,7.3,-14.142,91.073,3.2546
11.07,9.7364,5.6475,1.5455,0.51089,0.0027887,-0.2702,0.81608,5.4074,-2.7728,-1.7777,-0.18015,-0.7413,0.38327,-6.0968,-18.756,0.92549,0,0,0,6.7906,6.6581,6.8505,6.8693,-12.017,9.8711,7.331,-13.769,90.296,2.9329
11.08,9.7901,5.6188,1.5278,0.5091,0.0032359,-0.27736,0.81479,5.3458,-2.9598,-1.768,-0.18225,-0.76806,0.39375,-6.2176,-18.653,0.99894,0,0,0,6.7853,6.6513,6.8452,6.8653,-12.153,10.77,7.3587,-13.38,89.468,2.606
11.09,9.8433,5.5883,1.5102,0.50723,0.003552,-0.28453,0.81348,5.283,-3.1458,-1.7577,-0.18378,-0.79531,0.40433,-6.3398,-18.541,1.0726,0,0,0,6.7784,6.6429,6.8383,6.8596,-12.285,11.66,7.3831,-12.975,88.591,2.2743
11.1,9.8958,5.5559,1.4926,0.50529,0.0037335,-0.29172,0.81213,5.219,-3.3306,-1.7466,-0.18474,-0.82302,0.41502,-6.4633,-18.42,1.1466,0,0,0,6.77,6.6328,6.8297,6.8522,-12.412,12.542,7.4041,-12.553,87.664,1.9378
11.11,9.9477,5.5217,1.4752,0.50328,0.0037771,-0.29893,0.81076,5.1538,-3.5142,-1.7347,-0.18512,-0.85119,0.4258,-6.588,-18.29,1.2207,0,0,0,6.76,6.6211,6.8196,6.8432,-12.536,13.413,7.4218,-12.116,86.69,1.5968
11.12,9.9989,5.4856,1.458,0.5012,0.0036792,-0.30614,0.80936,5.0872,-3.6964,-1.7222,-0.18492,-0.87981,0.43668,-6.714,-18.152,1.295,0,0,0,6.7486,6.608,6.8079,6.8326,-12.655,14.275,7.4361,-11.664,85.67,1.2515
11.13,10.049,5.4478,1.4408,0.49905,0.0034365,-0.31336,0.80793,5.0195,-3.8772,-1.7088,-0.18416,-0.90886,0.44765,-6.8411,-18.005,1.3694,0,0,0,6.7358,6.5934,6.7949,6.8206,-12.769,15.127,7.4468,-11.196,84.603,0.9021
11.14,10.099,5.4081,1.4238,0.49682,0.0030455,-0.3206,0.80646,4.9504,-4.0565,-1.6948,-0.18284,-0.93834,0.4587,-6.9694,-17.849,1.4439,0,0,0,6.7217,6.5774,6.7804,6.8071,-12.878,15.967,7.4541,-10.714,83.492,0.54871
11.15,10.148,5.3666,1.4069,0.49453,0.0025029,-0.32784,0.80496,4.8801,-4.2342,-1.68,-0.18095,-0.96823,0.46984,-7.0987,-17.685,1.5185,0,0,0,6.7063,6.5602,6.7647,6.7923,-12.983,16.796,7.4578,-10.218,82.337,0.19157
11.16,10.197,5.3234,1.3902,0.49216,0.0018054,-0.33508,0.80343,4.8084,-4.4102,-1.6644,-0.1785,-0.99851,0.48105,-7.229,-17.513,1.5931,0,0,0,6.6897,6.5417,6.7477,6.7761,-13.083,17.614,7.4579,-9.7075,81.139,-0.16913
11.17,10.245,5.2785,1.3736,0.48973,0.00094981,-0.34233,0.80186,4.7355,-4.5844,-1.6481,-0.1755,-1.0292,0.49232,-7.3603,-17.333,1.6676,0,0,0,6.6721,6.5222,6.7295,6.7588,-13.177,18.419,7.4544,-9.1838,79.9,-0.5332
11.18,10.292,5.2317,1.3572,0.48722,-6.6953e-05,-0.34959,0.80025,4.6612,-4.7568,-1.6311,-0.17194,-1.0601,0.50366,-7.4925,-17.145,1.7422,0,0,0,6.6534,6.5015,6.7102,6.7402,-13.266,19.212,7.4472,-8.647,78.62,-0.90044
11.19,10.338,5.1833,1.341,0.48464,-0.0012478,-0.35684,0.79861,4.5856,-4.9273,-1.6133,-0.16784,-1.0915,0.51505,-7.6256,-16.949,1.8166,0,0,0,6.6337,6.48,6.6899,6.7205,-13.35,19.991,7.4364,-8.0974,77.3,-1.2707
11.2,10.383,5.1332,1.325,0.482,-0.0025956,-0.36409,0.79694,4.5087,-5.0957,-1.5947,-0.16321,-1.1231,0.52648,-7.7595,-16.745,1.8909,0,0,0,6.6132,6.4576,6.6686,6.6997,-13.428,20.757,7.4218,-7.5354,75.942,-1.6437
11.21,10.428,5.0814,1.3091,0.47928,-0.0041129,-0.37134,0.79522,4.4305,-5.2622,-1.5754,-0.15803,-1.155,0.53794,-7.8942,-16.534,1.965,0,0,0,6.5919,6.4344,6.6465,6.678,-13.501,21.51,7.4035,-6.9614,74.545,-2.0193
11.22,10.472,5.028,1.2935,0.4765,-0.0058023,-0.37858,0.79347,4.3508,-5.4264,-1.5554,-0.15234,-1.1871,0.54942,-8.0295,-16.315,2.0389,0,0,0,6.5699,6.4105,6.6236,6.6554,-13.568,22.248,7.3814,-6.3757,73.113,-2.3973
11.23,10.515,4.9729,1.278,0.47365,-0.0076658,-0.38581,0.79168,4.2699,-5.5884,-1.5347,-0.14612,-1.2194,0.5609,-8.1655,-16.089,2.1126,0,0,0,6.5473,6.386,6.5999,6.6319,-13.628,22.972,7.3555,-5.7786,71.644,-2.7776
11.24,10.557,4.9162,1.2628,0.47072,-0.0097054,-0.39303,0.78984,4.1875,-5.7482,-1.5132,-0.1394,-1.2519,0.57238,-8.3021,-15.856,2.186,0,0,0,6.5241,6.3611,6.5757,6.6077,-13.683,23.681,7.3259,-5.1706,70.141,-3.1599
11.25,10.599,4.8579,1.2477,0.46773,-0.011923,-0.40024,0.78797,4.1038,-5.9055,-1.4909,-0.13218,-1.2845,0.58383,-8.4391,-15.615,2.2591,0,0,0,6.5005,6.3357,6.5508,6.5827,-13.732,24.375,7.2923,-4.552,68.604,-3.544
11.26,10.639,4.7981,1.2329,0.46467,-0.01432,-0.40744,0.78605,4.0187,-6.0604,-1.468,-0.12447,-1.3171,0.59525,-8.5767,-15.368,2.3319,0,0,0,6.4765,6.3101,6.5256,6.5572,-13.774,25.053,7.255,-3.9232,67.035,-3.9297
11.27,10.679,4.7367,1.2184,0.46153,-0.016897,-0.41462,0.78408,3.9323,-6.2129,-1.4443,-0.11629,-1.3498,0.60661,-8.7146,-15.114,2.4042,0,0,0,6.4522,6.2843,6.4999,6.531,-13.81,25.715,7.2137,-3.2844,65.434,-4.3169
11.28,10.718,4.6739,1.2041,0.45833,-0.019656,-0.42179,0.78207,3.8444,-6.3627,-1.4199,-0.10765,-1.3825,0.61789,-8.8529,-14.854,2.4761,0,0,0,6.4278,6.2584,6.474,6.5045,-13.84,26.362,7.1686,-2.6362,63.803,-4.7053
11.29,10.756,4.6095,1.19,0.45506,-0.022597,-0.42893,0.78002,3.7552,-6.5099,-1.3948,-0.098554,-1.415,0.62908,-8.9914,-14.587,2.5476,0,0,0,6.4032,6.2325,6.4478,6.4775,-13.863,26.991,7.1196,-1.9789,62.141,-5.0948
11.3,10.793,4.5437,1.1762,0.45172,-0.025719,-0.43605,0.77791,3.6646,-6.6544,-1.369,-0.089029,-1.4474,0.64015,-9.1301,-14.314,2.6185,0,0,0,6.3787,6.2068,6.4216,6.4501,-13.879,27.604,7.0667,-1.3127,60.452,-5.4852
11.31,10.829,4.4764,1.1626,0.44831,-0.029023,-0.44315,0.77576,3.5726,-6.7962,-1.3424,-0.079087,-1.4796,0.65109,-9.2689,-14.035,2.6889,0,0,0,6.3542,6.1813,6.3953,6.4226,-13.889,28.2,7.0099,-0.63817,58.734,-5.8763
11.32,10.865,4.4078,1.1493,0.44483,-0.032508,-0.45021,0.77355,3.4792,-6.9351,-1.3152,-0.068748,-1.5115,0.66186,-9.4078,-13.75,2.7587,0,0,0,6.3299,6.1561,6.3691,6.3949,-13.892,28.779,6.9492,0.044448,56.99,-6.2678
11.33,10.899,4.3377,1.1363,0.44128,-0.036172,-0.45725,0.77129,3.3845,-7.0712,-1.2872,-0.058028,-1.5431,0.67246,-9.5468,-13.46,2.8279,0,0,0,6.3059,6.1314,6.3431,6.367,-13.888,29.34,6.8846,0.73475,55.221,-6.6596
11.34,10.932,4.2663,1.1236,0.43767,-0.040015,-0.46426,0.76897,3.2883,-7.2043,-1.2586,-0.04695,-1.5742,0.68284,-9.6856,-13.164,2.8964,0,0,0,6.2822,6.1073,6.3173,6.3392,-13.877,29.883,6.816,1.4324,53.427,-7.0516
11.35,10.965,4.1936,1.1111,0.43398,-0.044034,-0.47123,0.76659,3.1908,-7.3344,-1.2293,-0.035533,-1.6048,0.69298,-9.8243,-12.862,2.9642,0,0,0,6.259,6.0838,6.2918,6.3115,-13.859,30.408,6.7435,2.137,51.609,-7.4434
11.36,10.996,4.1197,1.099,0.43023,-0.048227,-0.47817,0.76416,3.0918,-7.4615,-1.1993,-0.023802,-1.6348,0.70287,-9.9628,-12.555,3.0312,0,0,0,6.2363,6.061,6.2668,6.2838,-13.835,30.915,6.6671,2.8482,49.769,-7.835
11.37,11.026,4.0444,1.0872,0.42641,-0.05259,-0.48506,0.76166,2.9915,-7.5855,-1.1687,-0.011779,-1.6641,0.71246,-10.101,-12.244,3.0975,0,0,0,6.2142,6.0391,6.2423,6.2565,-13.802,31.404,6.5868,3.5656,47.907,-8.2261
11.38,11.056,3.968,1.0756,0.42253,-0.057121,-0.49192,0.7591,2.8898,-7.7064,-1.1374,0.00051064,-1.6926,0.72174,-10.239,-11.927,3.163,0,0,0,6.1928,6.0181,6.2184,6.2294,-13.763,31.873,6.5026,4.2889,46.025,-8.6166
11.39,11.084,3.8903,1.0644,0.41858,-0.061815,-0.49873,0.75647,2.7867,-7.8241,-1.1054,0.01304,-1.7203,0.73068,-10.376,-11.606,3.2275,0,0,0,6.1721,5.9982,6.1952,6.2027,-13.717,32.324,6.4145,5.0178,44.123,-9.0061
11.4,11.112,3.8115,1.0535,0.41457,-0.066668,-0.50549,0.75377,2.6823,-7.9385,-1.0728,0.025782,-1.747,0.73924,-10.513,-11.281,3.2912,0,0,0,6.1523,5.9794,6.1727,6.1765,-13.663,32.756,6.3225,5.7517,42.203,-9.3947
11.41,11.138,3.7315,1.043,0.4105,-0.071675,-0.5122,0.751,2.5765,-8.0497,-1.0396,0.038709,-1.7727,0.7474,-10.649,-10.951,3.354,0,0,0,6.1334,5.9618,6.1511,6.1508,-13.602,33.168,6.2266,6.4905,40.265,-9.7819
11.42,11.163,3.6505,1.0327,0.40636,-0.076831,-0.51886,0.74817,2.4693,-8.1575,-1.0058,0.05179,-1.7972,0.75514,-10.785,-10.618,3.4157,0,0,0,6.1155,5.9455,6.1305,6.1258,-13.533,33.561,6.1269,7.2337,38.311,-10.168
11.43,11.187,3.5684,1.0228,0.40218,-0.08213,-0.52546,0.74525,2.3608,-8.262,-0.97131,0.064996,-1.8205,0.76242,-10.92,-10.28,3.4765,0,0,0,6.0986,5.9305,6.1108,6.1015,-13.457,33.934,6.0233,7.9809,36.341,-10.552
11.44,11.21,3.4853,1.0133,0.39793,-0.087564,-0.532,0.74226,2.2509,-8.3631,-0.93625,0.078296,-1.8424,0.76922,-11.054,-9.9391,3.5362,0,0,0,6.0829,5.917,6.0922,6.078,-13.373,34.288,5.9158,8.7318,34.357,-10.934
11.45,11.232,3.4012,1.0041,0.39364,-0.093129,-0.53849,0.7392,2.1397,-8.4608,-0.90059,0.091658,-1.863,0.77551,-11.187,-9.5946,3.5948,0,0,0,6.0683,5.9049,6.0748,6.0554,-13.282,34.621,5.8046,9.4861,32.359,-11.315
11.46,11.253,3.3161,0.99529,0.38929,-0.098816,-0.5449,0.73605,2.0271,-8.555,-0.86435,0.10505,-1.882,0.78128,-11.32,-9.2468,3.6523,0,0,0,6.055,5.8944,6.0585,6.0337,-13.184,34.935,5.6896,10.243,30.349,-11.693
11.47,11.273,3.2301,0.98683,0.3849,-0.10462,-0.55126,0.73282,1.9133,-8.6457,-0.82755,0.11844,-1.8995,0.7865,-11.451,-8.8959,3.7086,0,0,0,6.043,5.8854,6.0435,6.0131,-13.077,35.228,5.5707,11.003,28.327,-12.069
11.48,11.291,3.1432,0.97874,0.38047,-0.11053,-0.55754,0.72951,1.7981,-8.7329,-0.79019,0.13179,-1.9153,0.79114,-11.581,-8.5423,3.7637,0,0,0,6.0323,5.8781,6.0299,5.9936,-12.964,35.501,5.4482,11.765,26.295,-12.442
11.49,11.309,3.0554,0.97103,0.37599,-0.11653,-0.56374,0.72611,1.6817,-8.8165,-0.75228,0.14507,-1.9294,0.79519,-11.71,-8.186,3.8175,0,0,0,6.0229,5.8724,6.0176,5.9753,-12.842,35.754,5.3219,12.529,24.253,-12.813
11.5,11.325,2.9669,0.9637,0.37149,-0.12263,-0.56988,0.72263,1.5639,-8.8966,-0.71384,0.15826,-1.9417,0.79864,-11.838,-7.8272,3.8701,0,0,0,6.015,5.8684,6.0068,5.9582,-12.713,35.987,5.1919,13.295,22.203,-13.18
11.51,11.34,2.8775,0.95676,0.36695,-0.12881,-0.57593,0.71907,1.4449,-8.9731,-0.67488,0.1713,-1.9521,0.80147,-11.965,-7.4663,3.9214,0,0,0,6.0085,5.8661,5.9973,5.9425,-12.576,36.198,5.0583,14.061,20.146,-13.544
11.52,11.354,2.7874,0.9502,0.36239,-0.13505,-0.5819,0.71542,1.3246,-9.0459,-0.63542,0.18419,-1.9607,0.80366,-12.09,-7.1033,3.9713,0,0,0,6.0034,5.8654,5.9894,5.9282,-12.432,36.389,4.9211,14.829,18.082,-13.905
11.53,11.367,2.6966,0.94405,0.35781,-0.14137,-0.58779,0.71168,1.2031,-9.1151,-0.59546,0.19687,-1.9673,0.80521,-12.213,-6.7386,4.0198,0,0,0,5.9999,5.8665,5.983,5.9153,-12.28,36.56,4.7802,15.597,16.013,-14.263
11.54,11.378,2.6051,0.9383,0.35321,-0.14773,-0.59359,0.70786,1.0804,-9.1807,-0.55503,0.20933,-1.972,0.80612,-12.335,-6.3722,4.0669,0,0,0,5.9978,5.8692,5.9782,5.904,-12.12,36.71,4.6358,16.365,13.939,-14.616
11.55,11.388,2.513,0.93295,0.3486,-0.15414,-0.59931,0.70395,0.95642,-9.2426,-0.51413,0.22152,-1.9746,0.80637,-12.456,-6.0045,4.1125,0,0,0,5.9973,5.8736,5.9749,5.8942,-11.952,36.839,4.4879,17.132,11.862,-14.966
11.56,11.397,2.4203,0.92802,0.34398,-0.16058,-0.60493,0.69996,0.83127,-9.3008,-0.47278,0.23343,-1.9753,0.80598,-12.574,-5.6355,4.1566,0,0,0,5.9982,5.8797,5.9732,5.886,-11.777,36.947,4.3365,17.899,9.7826,-15.312
11.57,11.405,2.327,0.9235,0.33937,-0.16705,-0.61046,0.69589,0.70494,-9.3553,-0.431,0.24503,-1.974,0.80494,-12.691,-5.2656,4.1992,0,0,0,6.0007,5.8873,5.973,5.8795,-11.594,37.034,4.1817,18.665,7.7017,-15.653
11.58,11.411,2.2332,0.9194,0.33476,-0.17353,-0.6159,0.69173,0.57746,-9.4061,-0.3888,0.25629,-1.9707,0.80325,-12.806,-4.8949,4.2402,0,0,0,6.0046,5.8965,5.9744,5.8747,-11.404,37.101,4.0235,19.43,5.6206,-15.99
11.59,11.416,2.1389,0.91572,0.33017,-0.18002,-0.62124,0.68749,0.44883,-9.4532,-0.3462,0.26718,-1.9655,0.80094,-12.919,-4.5236,4.2797,0,0,0,6.01,5.9073,5.9774,5.8715,-11.206,37.147,3.8619,20.192,3.54,-16.322
11.6,11.42,2.0441,0.91247,0.32559,-0.1865,-0.62648,0.68317,0.31908,-9.4966,-0.30321,0.27769,-1.9583,0.798,-13.03,-4.152,4.3175,0,0,0,6.0169,5.9195,5.982,5.8702,-11,37.172,3.6971,20.953,1.4611,-16.649
11.61,11.423,1.949,0.90966,0.32104,-0.19297,-0.63163,0.67878,0.18823,-9.5362,-0.25986,0.28779,-1.9492,0.79446,-13.139,-3.7803,4.3536,0,0,0,6.0252,5.9332,5.988,5.8705,-10.787,37.176,3.5289,21.711,-0.61512,-16.971
11.62,11.424,1.8534,0.90728,0.31651,-0.19942,-0.63667,0.67431,0.056304,-9.5722,-0.21615,0.29747,-1.9383,0.79033,-13.246,-3.4086,4.388,0,0,0,6.035,5.9482,5.9956,5.8726,-10.566,37.159,3.3576,22.467,-2.6877,-17.288
11.63,11.424,1.7575,0.90534,0.31202,-0.20584,-0.64162,0.66977,-0.07668,-9.6044,-0.1721,0.3067,-1.9256,0.78562,-13.35,-3.0372,4.4207,0,0,0,6.0461,5.9646,6.0046,5.8765,-10.337,37.122,3.1832,23.219,-4.7556,-17.6
11.64,11.422,1.6613,0.90384,0.30757,-0.21223,-0.64646,0.66517,-0.2107,-9.6329,-0.12774,0.31549,-1.9112,0.78037,-13.453,-2.6662,4.4517,0,0,0,6.0585,5.9822,6.0151,5.8821,-10.101,37.064,3.0057,23.967,-6.8178,-17.905
11.65,11.42,1.5649,0.90278,0.30316,-0.21857,-0.6512,0.6605,-0.34572,-9.6577,-0.083076,0.3238,-1.8951,0.77459,-13.552,-2.2959,4.4808,0,0,0,6.0722,6.0009,6.027,5.8894,-9.858,36.986,2.8251,24.712,-8.8734,-18.205
11.66,11.415,1.4682,0.90218,0.2988,-0.22486,-0.65584,0.65576,-0.48174,-9.6788,-0.03813,0.33164,-1.8775,0.76831,-13.65,-1.9266,4.5082,0,0,0,6.0872,6.0208,6.0402,5.8983,-9.6072,36.887,2.6416,25.452,-10.921,-18.499
11.67,11.41,1.3713,0.90202,0.2945,-0.23109,-0.66038,0.65097,-0.61871,-9.6963,0.0070811,0.33899,-1.8585,0.76156,-13.745,-1.5583,4.5337,0,0,0,6.1033,6.0417,6.0546,5.9089,-9.349,36.767,2.4552,26.188,-12.96,-18.787
11.68,11.403,1.2743,0.90232,0.29026,-0.23725,-0.66482,0.64612,-0.75662,-9.71,0.052537,0.34584,-1.838,0.75436,-13.837,-1.1913,4.5573,0,0,0,6.1206,6.0636,6.0704,5.9211,-9.0835,36.628,2.2659,26.919,-14.99,-19.068
11.69,11.395,1.1771,0.90307,0.28608,-0.24335,-0.66916,0.64122,-0.89544,-9.7201,0.09822,0.35221,-1.8163,0.74674,-13.926,-0.82579,4.579,0,0,0,6.1389,6.0864,6.0873,5.9348,-8.8106,36.468,2.0738,27.644,-17.008,-19.342
11.7,11.385,1.0799,0.90428,0.28197,-0.24937,-0.67339,0.63628,-1.0351,-9.7265,0.14411,0.35807,-1.7933,0.73874,-14.013,-0.46199,4.5987,0,0,0,6.1582,6.1099,6.1053,5.9499,-8.5306,36.288,1.8791,28.364,-19.015,-19.61
11.71,11.374,0.98262,0.90596,0.27794,-0.2553,-0.67753,0.63129,-1.1757,-9.7293,0.19019,0.36343,-1.7693,0.73038,-14.097,-0.1001,4.6165,0,0,0,6.1785,6.1342,6.1243,5.9665,-8.2434,36.087,1.6816,29.077,-21.01,-19.871
11.72,11.362,0.88532,0.90809,0.27398,-0.26115,-0.68157,0.62626,-1.3171,-9.7285,0.23643,0.3683,-1.7443,0.72168,-14.178,0.25969,4.6324,0,0,0,6.1996,6.1591,6.1443,5.9844,-7.9491,35.867,1.4817,29.784,-22.99,-20.124
11.73,11.348,0.78806,0.91068,0.27009,-0.26691,-0.68552,0.62119,-1.4592,-9.7241,0.28283,0.37267,-1.7184,0.7127,-14.256,0.61718,4.6462,0,0,0,6.2215,6.1846,6.1652,6.0036,-7.6477,35.628,1.2792,30.484,-24.956,-20.371
11.74,11.332,0.69085,0.91375,0.26629,-0.27258,-0.68936,0.61609,-1.6022,-9.7162,0.32935,0.37655,-1.6916,0.70344,-14.331,0.97218,4.6579,0,0,0,6.2441,6.2106,6.1869,6.0239,-7.3394,35.368,1.0743,31.177,-26.906,-20.609
11.75,11.316,0.59375,0.91727,0.26258,-0.27815,-0.69312,0.61096,-1.7458,-9.7047,0.37598,0.37994,-1.6642,0.69395,-14.403,1.3245,4.6676,0,0,0,6.2673,6.237,6.2094,6.0452,-7.0242,35.09,0.86703,31.863,-28.839,-20.84
11.76,11.298,0.49677,0.92127,0.25895,-0.28362,-0.69678,0.60581,-1.8902,-9.6897,0.4227,0.38286,-1.6362,0.68425,-14.471,1.6739,4.6753,0,0,0,6.2911,6.2637,6.2325,6.0676,-6.7022,34.792,0.65751,32.54,-30.754,-21.063
11.77,11.278,0.39996,0.92573,0.25541,-0.28898,-0.70035,0.60064,-2.0352,-9.6712,0.46948,0.38531,-1.6077,0.67436,-14.537,2.0203,4.6808,0,0,0,6.3153,6.2907,6.2561,6.0908,-6.3734,34.475,0.4458,33.209,-32.651,-21.277
11.78,11.257,0.30336,0.93065,0.25195,-0.29425,-0.70383,0.59545,-2.1809,-9.6493,0.5163,0.38729,-1.5788,0.66433,-14.599,2.3633,4.6842,0,0,0,6.3399,6.3178,6.2803,6.1148,-6.038,34.139,0.23199,33.87,-34.528,-21.484
11.79,11.234,0.20699,0.93605,0.2486,-0.2994,-0.70723,0.59025,-2.3272,-9.624,0.56315,0.38882,-1.5495,0.65417,-14.657,2.703,4.6854,0,0,0,6.3648,6.345,6.3048,6.1395,-5.6961,33.784,0.016155,34.521,-36.384,-21.682
11.8,11.21,0.11089,0.94192,0.24533,-0.30445,-0.71053,0.58503,-2.4741,-9.5953,0.61001,0.38991,-1.52,0.64391,-14.712,3.039,4.6845,0,0,0,6.3899,6.3722,6.3296,6.1647,-5.3476,33.411,-0.20161,35.163,-38.218,-21.871
11.81,11.185,0.015093,0.94825,0.24216,-0.30939,-0.71376,0.57981,-2.6214,-9.5632,0.65684,0.39057,-1.4903,0.63358,-14.764,3.3711,4.6814,0,0,0,6.4152,6.3993,6.3546,6.1904,-4.9928,33.02,-0.42123,35.796,-40.03,-22.051
11.82,11.158,-0.080365,0.95505,0.23908,-0.31422,-0.71691,0.57459,-2.7693,-9.5279,0.70363,0.39082,-1.4605,0.6232,-14.812,3.6993,4.6761,0,0,0,6.4404,6.4262,6.3798,6.2164,-4.6318,32.611,-0.6426,36.418,-41.817,-22.222
11.83,11.129,-0.17545,0.96232,0.23609,-0.31894,-0.71997,0.56936,-2.9177,-9.4892,0.75035,0.39065,-1.4307,0.61278,-14.857,4.0233,4.6685,0,0,0,6.4656,6.453,6.405,6.2427,-4.2645,32.184,-0.86563,37.03,-43.58,-22.384
11.84,11.099,-0.27014,0.97006,0.2332,-0.32355,-0.72297,0.56414,-3.0665,-9.4474,0.79699,0.39009,-1.4009,0.60236,-14.898,4.3429,4.6587,0,0,0,6.4907,6.4794,6.4301,6.2691,-3.8912,31.739,-1.0902,37.631,-45.317,-22.536
11.85,11.068,-0.36439,0.97826,0.2304,-0.32805,-0.72588,0.55892,-3.2156,-9.4024,0.84352,0.38915,-1.3712,0.59195,-14.935,4.658,4.6467,0,0,0,6.5155,6.5054,6.4551,6.2955,-3.5119,31.277,-1.3163,38.22,-47.027,-22.678
11.86,11.035,-0.45818,0.98693,0.2277,-0.33244,-0.72873,0.55371,-3.3651,-9.3543,0.88991,0.38783,-1.3417,0.58157,-14.968,4.9684,4.6324,0,0,0,6.5401,6.5309,6.4798,6.3219,-3.1268,30.799,-1.5438,38.799,-48.709,-22.811
11.87,11.001,-0.55147,0.99606,0.22508,-0.33672,-0.7315,0.54851,-3.515,-9.3031,0.93616,0.38616,-1.3124,0.57124,-14.997,5.2739,4.6158,0,0,0,6.5642,6.5559,6.5042,6.3481,-2.736,30.303,-1.7725,39.365,-50.362,-22.934
11.88,10.965,-0.64423,1.0057,0.22256,-0.34089,-0.7342,0.54332,-3.6651,-9.2488,0.98222,0.38415,-1.2833,0.56098,-15.023,5.5744,4.597,0,0,0,6.5878,6.5802,6.5282,6.3739,-2.3396,29.791,-2.0024,39.919,-51.986,-23.046
11.89,10.927,-0.73643,1.0157,0.22013,-0.34496,-0.73685,0.53815,-3.8154,-9.1916,1.0281,0.3818,-1.2546,0.55079,-15.044,5.8697,4.5758,0,0,0,6.6109,6.6039,6.5517,6.3994,-1.9377,29.264,-2.2334,40.46,-53.578,-23.148
11.9,10.889,-0.82805,1.0262,0.21779,-0.34892,-0.73942,0.53299,-3.9659,-9.1314,1.0737,0.37913,-1.2262,0.5407,-15.061,6.1596,4.5523,0,0,0,6.6333,6.6267,6.5745,6.4244,-1.5304,28.72,-2.4653,40.989,-55.139,-23.239
11.91,10.848,-0.91905,1.0372,0.21554,-0.35277,-0.74194,0.52785,-4.1166,-9.0684,1.1191,0.37615,-1.1981,0.53071,-15.075,6.444,4.5265,0,0,0,6.655,6.6487,6.5967,6.4488,-1.1179,28.161,-2.6981,41.504,-56.667,-23.319
11.92,10.806,-1.0094,1.0486,0.21337,-0.35651,-0.74439,0.52273,-4.2674,-9.0026,1.1643,0.37287,-1.1705,0.52084,-15.084,6.7228,4.4983,0,0,0,6.6758,6.6698,6.6182,6.4725,-0.70039,27.587,-2.9317,42.005,-58.161,-23.389
11.93,10.763,-1.0991,1.0605,0.21128,-0.36016,-0.74679,0.51764,-4.4183,-8.934,1.2091,0.3693,-1.1433,0.5111,-15.088,6.9957,4.4678,0,0,0,6.6958,6.6898,6.6388,6.4954,-0.2779,26.998,-3.1659,42.492,-59.62,-23.447
11.94,10.718,-1.1881,1.0728,0.20928,-0.3637,-0.74914,0.51256,-4.5692,-8.8627,1.2536,0.36545,-1.1166,0.5015,-15.089,7.2627,4.435,0,0,0,6.7148,6.7088,6.6585,6.5174,0.1494,26.395,-3.4006,42.965,-61.043,-23.493
11.95,10.671,-1.2763,1.0855,0.20737,-0.36714,-0.75143,0.50751,-4.72,-8.7887,1.2978,0.36134,-1.0904,0.49204,-15.085,7.5236,4.3998,0,0,0,6.7327,6.7266,6.6771,6.5384,0.58135,25.777,-3.6357,43.423,-62.429,-23.528
11.96,10.623,-1.3638,1.0987,0.20553,-0.37048,-0.75367,0.50248,-4.8709,-8.7122,1.3416,0.35697,-1.0647,0.48275,-15.077,7.7782,4.3623,0,0,0,6.7495,6.7432,6.6947,6.5584,1.0178,25.146,-3.8711,43.865,-63.777,-23.552
11.97,10.574,-1.4506,1.1124,0.20376,-0.37372,-0.75586,0.49748,-5.0216,-8.6332,1.385,0.35235,-1.0396,0.47361,-15.065,8.0265,4.3224,0,0,0,6.7651,6.7586,6.7111,6.5773,1.4586,24.502,-4.1067,44.292,-65.086,-23.563
11.98,10.523,-1.5365,1.1264,0.20208,-0.37687,-0.75801,0.49251,-5.1721,-8.5517,1.428,0.34749,-1.015,0.46465,-15.048,8.2682,4.2801,0,0,0,6.7794,6.7725,6.7263,6.5949,1.9036,23.844,-4.3423,44.703,-66.355,-23.562
11.99,10.471,-1.6216,1.1409,0.20046,-0.37992,-0.76011,0.48756,-5.3225,-8.4679,1.4706,0.3424,-0.9909,0.45586,-15.027,8.5033,4.2355,0,0,0,6.7924,6.7851,6.7402,6.6112,2.3526,23.175,-4.5779,45.098,-67.584,-23.549
12,10.417,-1.7059,1.1558,0.19892,-0.38287,-0.76216,0.48264,-5.4727,-8.3817,1.5127,0.33708,-0.96742,0.44726,-15.001,8.7316,4.1886,0,0,0,6.804,6.7962,6.7527,6.6262,2.8055,22.493,-4.8133,45.477,-68.77,-23.523
12.01,10.361,-1.7892,1.1712,0.19744,-0.38574,-0.76418,0.47776,-5.6225,-8.2932,1.5544,0.33154,-0.94451,0.43884,-14.971,8.9531,4.1393,0,0,0,6.8141,6.8057,6.7638,6.6396,3.2621,21.799,-5.0483,45.838,-69.913,-23.484
12.02,10.304,-1.8717,1.1869,0.19604,-0.38851,-0.76616,0.4729,-5.7721,-8.2026,1.5955,0.32579,-0.9222,0.43062,-14.936,9.1676,4.0876,0,0,0,6.8226,6.8136,6.7734,6.6516,3.7222,21.095,-5.2829,46.182,-71.013,-23.433
12.03,10.246,-1.9533,1.2031,0.19469,-0.3912,-0.7681,0.46806,-5.9212,-8.1099,1.6361,0.31983,-0.90048,0.42259,-14.896,9.375,4.0336,0,0,0,6.8296,6.8199,6.7814,6.662,4.1857,20.379,-5.5169,46.508,-72.067,-23.368
12.04,10.186,-2.0339,1.2196,0.19341,-0.39379,-0.77001,0.46326,-6.07,-8.0152,1.6762,0.31366,-0.87937,0.41476,-14.852,9.5752,3.9773,0,0,0,6.8349,6.8244,6.7877,6.6707,4.6523,19.654,-5.7502,46.816,-73.075,-23.29
12.05,10.124,-2.1136,1.2366,0.19219,-0.3963,-0.77188,0.45849,-6.2183,-7.9184,1.7157,0.3073,-0.85887,0.40714,-14.803,9.768,3.9186,0,0,0,6.8385,6.8272,6.7924,6.6777,5.1219,18.918,-5.9827,47.106,-74.036,-23.198
12.06,10.061,-2.1923,1.254,0.19102,-0.39873,-0.77372,0.45375,-6.366,-7.8198,1.7545,0.30073,-0.83897,0.39972,-14.75,9.9535,3.8576,0,0,0,6.8403,6.8281,6.7954,6.6829,5.5944,18.173,-6.2141,47.376,-74.95,-23.093
12.07,9.9969,-2.27,1.2717,0.18991,-0.40107,-0.77553,0.44903,-6.5132,-7.7194,1.7928,0.29398,-0.8197,0.39251,-14.692,10.131,3.7943,0,0,0,6.8403,6.8271,6.7965,6.6863,6.0694,17.419,-6.4445,47.628,-75.814,-22.973
12.08,9.9311,-2.3466,1.2898,0.18886,-0.40333,-0.77731,0.44435,-6.6599,-7.6172,1.8304,0.28703,-0.80104,0.38552,-14.628,10.302,3.7288,0,0,0,6.8384,6.8242,6.7958,6.6878,6.5468,16.657,-6.6735,47.86,-76.628,-22.84
12.09,9.8638,-2.4223,1.3083,0.18785,-0.40551,-0.77907,0.43969,-6.8058,-7.5134,1.8674,0.27989,-0.78301,0.37874,-14.561,10.465,3.6609,0,0,0,6.8346,6.8194,6.7933,6.6873,7.0265,15.887,-6.9012,48.072,-77.391,-22.692
12.1,9.795,-2.4969,1.3272,0.1869,-0.40761,-0.7808,0.43506,-6.951,-7.408,1.9036,0.27256,-0.7656,0.37219,-14.488,10.62,3.5907,0,0,0,6.8288,6.8124,6.7887,6.6849,7.5082,15.109,-7.1273,48.264,-78.103,-22.53
12.11,9.7247,-2.5705,1.3464,0.18599,-0.40962,-0.78251,0.43045,-7.0955,-7.301,1.9392,0.26504,-0.74881,0.36585,-14.41,10.767,3.5183,0,0,0,6.821,6.8035,6.7822,6.6805,7.9917,14.325,-7.3518,48.435,-78.761,-22.353
12.12,9.6531,-2.6429,1.3659,0.18512,-0.41157,-0.7842,0.42588,-7.2392,-7.1926,1.974,0.25733,-0.73266,0.35974,-14.328,10.906,3.4437,0,0,0,6.8112,6.7923,6.7737,6.6739,8.4769,13.534,-7.5744,48.586,-79.365,-22.162
12.13,9.58,-2.7143,1.3858,0.18429,-0.41343,-0.78587,0.42133,-7.3821,-7.0829,2.008,0.24942,-0.71714,0.35387,-14.241,11.037,3.3669,0,0,0,6.7992,6.7791,6.7631,6.6653,8.9634,12.738,-7.7949,48.714,-79.913,-21.955
12.14,9.5054,-2.7846,1.4061,0.18351,-0.41522,-0.78752,0.4168,-7.524,-6.9719,2.0413,0.24132,-0.70225,0.34822,-14.149,11.161,3.2878,0,0,0,6.7852,6.7636,6.7505,6.6546,9.4511,11.936,-8.0134,48.822,-80.406,-21.733
12.15,9.4295,-2.8537,1.4267,0.18276,-0.41694,-0.78916,0.4123,-7.665,-6.8597,2.0738,0.23301,-0.688,0.34281,-14.052,11.276,3.2066,0,0,0,6.7689,6.7459,6.7357,6.6416,9.9397,11.13,-8.2295,48.907,-80.842,-21.495
12.16,9.3521,-2.9218,1.4476,0.18204,-0.41858,-0.79078,0.40782,-7.8051,-6.7464,2.1054,0.22451,-0.6744,0.33764,-13.95,11.383,3.1232,0,0,0,6.7505,6.7259,6.7187,6.6265,10.429,10.32,-8.4432,48.969,-81.22,-21.242
12.17,9.2734,-2.9887,1.4688,0.18136,-0.42015,-0.79239,0.40336,-7.944,-6.6321,2.1363,0.2158,-0.66145,0.33272,-13.843,11.482,3.0377,0,0,0,6.7299,6.7037,6.6996,6.6091,10.919,9.5057,-8.6543,49.009,-81.538,-20.973
12.18,9.1932,-3.0544,1.4903,0.18071,-0.42165,-0.79399,0.39892,-8.0819,-6.5168,2.1662,0.20687,-0.64915,0.32804,-13.732,11.573,2.9502,0,0,0,6.7071,6.6791,6.6783,6.5895,11.409,8.689,-8.8627,49.026,-81.796,-20.688
12.19,9.1117,-3.119,1.5121,0.18008,-0.42308,-0.79558,0.3945,-8.2186,-6.4007,2.1952,0.19772,-0.63751,0.32362,-13.615,11.656,2.8605,0,0,0,6.6819,6.6521,6.6548,6.5677,11.899,7.87,-9.068,49.019,-81.994,-20.387
12.2,9.0289,-3.1824,1.5342,0.17948,-0.42443,-0.79716,0.3901,-8.3542,-6.2837,2.2234,0.18834,-0.62655,0.31946,-13.494,11.731,2.7688,0,0,0,6.6545,6.6228,6.629,6.5435,12.39,7.0493,-9.2703,48.988,-82.129,-20.069
12.21,8.9447,-3.2447,1.5566,0.1789,-0.42572,-0.79873,0.38572,-8.4885,-6.1661,2.2506,0.17873,-0.61626,0.31556,-13.367,11.797,2.6751,0,0,0,6.6248,6.591,6.601,6.5171,12.879,6.2276,-9.4694,48.933,-82.201,-19.735
12.22,8.8591,-3.3057,1.5792,0.17834,-0.42694,-0.80031,0.38135,-8.6215,-6.0478,2.2769,0.16888,-0.60667,0.31193,-13.236,11.855,2.5794,0,0,0,6.5928,6.5569,6.5707,6.4883,13.368,5.4055,-9.665,48.853,-82.209,-19.384
12.23,8.7722,-3.3656,1.6021,0.1778,-0.42809,-0.80188,0.377,-8.7532,-5.929,2.3022,0.15876,-0.59778,0.30859,-13.1,11.905,2.4818,0,0,0,6.5584,6.5202,6.5381,6.4573,13.856,4.5837,-9.857,48.748,-82.151,-19.016
12.24,8.6841,-3.4243,1.6252,0.17727,-0.42917,-0.80344,0.37265,-8.8835,-5.8097,2.3265,0.14839,-0.58961,0.30553,-12.959,11.947,2.3823,0,0,0,6.5217,6.4811,6.5033,6.4239,14.343,3.7627,-10.045,48.618,-82.028,-18.63
12.25,8.5946,-3.4818,1.6486,0.17676,-0.43018,-0.80501,0.36832,-9.0124,-5.6901,2.3498,0.13773,-0.58218,0.30277,-12.813,11.981,2.2809,0,0,0,6.4827,6.4395,6.4662,6.3882,14.828,2.9433,-10.23,48.462,-81.837,-18.228
12.26,8.5038,-3.5381,1.6722,0.17625,-0.43112,-0.80659,0.36399,-9.1397,-5.5701,2.3721,0.12678,-0.5755,0.30032,-12.662,12.006,2.1777,0,0,0,6.4413,6.3955,6.4268,6.3502,15.312,2.1262,-10.41,48.281,-81.578,-17.808
12.27,8.4118,-3.5932,1.6961,0.17575,-0.432,-0.80816,0.35967,-9.2656,-5.45,2.3934,0.11553,-0.56959,0.29818,-12.507,12.023,2.0727,0,0,0,6.3976,6.3489,6.3851,6.3099,15.794,1.312,-10.586,48.073,-81.253,-17.37
12.28,8.3185,-3.6471,1.7201,0.17526,-0.4328,-0.80975,0.35535,-9.3899,-5.3297,2.4136,0.10395,-0.56449,0.29637,-12.346,12.032,1.966,0,0,0,6.3515,6.2998,6.3412,6.2674,16.274,0.50138,-10.757,47.84,-80.861,-16.916
12.29,8.224,-3.6998,1.7443,0.17476,-0.43354,-0.81134,0.35104,-9.5125,-5.2094,2.4327,0.092037,-0.56021,0.2949,-12.181,12.033,1.8576,0,0,0,6.3031,6.2481,6.2951,6.2225,16.751,-0.30501,-10.924,47.582,-80.405,-16.446
12.3,8.1283,-3.7513,1.7688,0.17426,-0.43422,-0.81294,0.34672,-9.6335,-5.0891,2.4507,0.079765,-0.55679,0.29379,-12.011,12.026,1.7476,0,0,0,6.2524,6.194,6.2467,6.1754,17.225,-1.1065,-11.086,47.299,-79.885,-15.96
12.31,8.0313,-3.8016,1.7933,0.17376,-0.43482,-0.81456,0.3424,-9.7527,-4.9689,2.4676,0.067113,-0.55425,0.29304,-11.837,12.011,1.6359,0,0,0,6.1993,6.1373,6.1961,6.126,17.697,-1.9025,-11.243,46.991,-79.304,-15.458
12.32,7.9332,-3.8507,1.8181,0.17324,-0.43535,-0.81619,0.33808,-9.8702,-4.8489,2.4834,0.05406,-0.55263,0.29268,-11.658,11.988,1.5227,0,0,0,6.144,6.078,6.1433,6.0744,18.165,-2.6924,-11.395,46.66,-78.662,-14.942
12.33,7.8339,-3.8986,1.843,0.17271,-0.43582,-0.81783,0.33374,-9.9859,-4.7291,2.4981,0.040582,-0.55197,0.29271,-11.474,11.957,1.408,0,0,0,6.0864,6.0163,6.0884,6.0206,18.63,-3.4755,-11.542,46.304,-77.96,-14.411
12.34,7.7335,-3.9453,1.8681,0.17216,-0.43622,-0.81949,0.3294,-10.1,-4.6097,2.5116,0.02665,-0.55231,0.29317,-11.285,11.919,1.2919,0,0,0,6.0265,5.952,6.0313,5.9647,19.091,-4.2514,-11.683,45.926,-77.199,-13.865
12.35,7.6319,-3.9908,1.8932,0.1716,-0.43655,-0.82118,0.32504,-10.212,-4.4908,2.5239,0.012237,-0.5537,0.29406,-11.092,11.872,1.1744,0,0,0,5.9644,5.8852,5.9721,5.9066,19.548,-5.0193,-11.819,45.524,-76.382,-13.306
12.36,7.5293,-4.0351,1.9185,0.171,-0.4368,-0.82288,0.32066,-10.321,-4.3723,2.5351,-0.0026884,-0.55619,0.29541,-10.894,11.818,1.0555,0,0,0,5.9001,5.8158,5.9109,5.8465,20.001,-5.7788,-11.949,45.099,-75.509,-12.734
12.37,7.4255,-4.0782,1.9439,0.17038,-0.43699,-0.82461,0.31627,-10.429,-4.2544,2.545,-0.018161,-0.55984,0.29725,-10.692,11.757,0.93542,0,0,0,5.8337,5.7439,5.8476,5.7843,20.45,-6.5293,-12.074,44.652,-74.581,-12.149
12.38,7.3207,-4.1202,1.9694,0.16972,-0.4371,-0.82637,0.31185,-10.535,-4.1372,2.5538,-0.034217,-0.56471,0.2996,-10.485,11.688,0.81409,0,0,0,5.765,5.6695,5.7824,5.7201,20.894,-7.2703,-12.192,44.183,-73.6,-11.552
12.39,7.2148,-4.161,1.995,0.16902,-0.43714,-0.82816,0.3074,-10.639,-4.0207,2.5613,-0.050896,-0.57087,0.30249,-10.274,11.611,0.6916,0,0,0,5.6943,5.5925,5.7152,5.654,21.334,-8.0012,-12.305,43.692,-72.568,-10.943
12.4,7.1079,-4.2006,2.0207,0.16827,-0.43711,-0.82998,0.30293,-10.741,-3.905,2.5676,-0.068242,-0.57841,0.30594,-10.058,11.528,0.56801,0,0,0,5.6215,5.513,5.6462,5.586,21.768,-8.7215,-12.411,43.179,-71.484,-10.322
12.41,7,-4.2391,2.0464,0.16747,-0.43699,-0.83183,0.29841,-10.84,-3.7902,2.5727,-0.086301,-0.5874,0.31,-9.8385,11.437,0.44339,0,0,0,5.5467,5.431,5.5753,5.5162,22.197,-9.4307,-12.511,42.646,-70.351,-9.6905
12.42,6.8911,-4.2764,2.0721,0.16661,-0.4368,-0.83372,0.29386,-10.938,-3.6763,2.5765,-0.10512,-0.59795,0.31471,-9.6145,11.339,0.31781,0,0,0,5.47,5.3465,5.5028,5.4446,22.621,-10.128,-12.605,42.092,-69.169,-9.0483
12.43,6.7813,-4.3126,2.0979,0.16569,-0.43653,-0.83565,0.28927,-11.033,-3.5634,2.579,-0.12476,-0.61016,0.32009,-9.3862,11.234,0.19132,0,0,0,5.3913,5.2594,5.4285,5.3713,23.039,-10.814,-12.692,41.517,-67.941,-8.3958
12.44,6.6705,-4.3477,2.1237,0.16469,-0.43618,-0.83762,0.28463,-11.125,-3.4516,2.5803,-0.14528,-0.62416,0.3262,-9.1537,11.123,0.06399,0,0,0,5.3107,5.1697,5.3526,5.2965,23.451,-11.487,-12.773,40.922,-66.666,-7.7336
12.45,6.5588,-4.3816,2.1495,0.16361,-0.43575,-0.83964,0.27993,-11.216,-3.341,2.5803,-0.16675,-0.64006,0.33308,-8.9172,11.005,-0.064113,0,0,0,5.2283,5.0775,5.2753,5.2202,23.857,-12.147,-12.847,40.308,-65.348,-7.0622
12.46,6.4462,-4.4145,2.1753,0.16244,-0.43522,-0.84171,0.27518,-11.304,-3.2316,2.579,-0.18922,-0.65801,0.3408,-8.6766,10.88,-0.19292,0,0,0,5.1442,4.9828,5.1965,5.1424,24.257,-12.794,-12.914,39.674,-63.986,-6.3819
12.47,6.3327,-4.4463,2.2011,0.16117,-0.43461,-0.84382,0.27037,-11.389,-3.1234,2.5764,-0.21279,-0.67819,0.3494,-8.432,10.749,-0.32237,0,0,0,5.0584,4.8854,5.1163,5.0633,24.651,-13.427,-12.974,39.021,-62.582,-5.6932
12.48,6.2184,-4.477,2.2268,0.15979,-0.4339,-0.846,0.26548,-11.472,-3.0166,2.5726,-0.23752,-0.70075,0.35896,-8.1836,10.612,-0.45239,0,0,0,4.9709,4.7855,5.0349,4.983,25.038,-14.045,-13.028,38.35,-61.137,-4.9965
12.49,6.1033,-4.5066,2.2525,0.15829,-0.4331,-0.84823,0.26053,-11.553,-2.9112,2.5674,-0.26352,-0.72591,0.36955,-7.9313,10.468,-0.5829,0,0,0,4.882,4.6829,4.9524,4.9016,25.418,-14.649,-13.074,37.659,-59.653,-4.2924
12.5,5.9874,-4.5352,2.2781,0.15665,-0.4322,-0.85052,0.25549,-11.631,-2.8073,2.5609,-0.29088,-0.75389,0.38123,-7.6753,10.319,-0.71385,0,0,0,4.7916,4.5777,4.8689,4.8193,25.791,-15.238,-13.114,36.951,-58.131,-3.5811
12.51,5.8707,-4.5628,2.3037,0.15487,-0.4312,-0.85288,0.25036,-11.706,-2.7048,2.5531,-0.3197,-0.78492,0.39411,-7.4155,10.163,-0.84515,0,0,0,4.6998,4.4697,4.7845,4.7361,26.157,-15.812,-13.146,36.226,-56.571,-2.8632
12.52,5.7532,-4.5893,2.3292,0.15292,-0.43009,-0.8553,0.24514,-11.779,-2.604,2.544,-0.3501,-0.81927,0.40828,-7.1521,10.002,-0.97674,0,0,0,4.6067,4.359,4.6994,4.6522,26.515,-16.37,-13.171,35.482,-54.976,-2.139
12.53,5.6351,-4.6148,2.3546,0.15079,-0.42886,-0.8578,0.23982,-11.849,-2.5048,2.5336,-0.38221,-0.85726,0.42383,-6.8852,9.836,-1.1085,0,0,0,4.5125,4.2455,4.6137,4.5678,26.866,-16.911,-13.189,34.722,-53.347,-1.4091
12.54,5.5163,-4.6394,2.3799,0.14847,-0.42752,-0.86038,0.23439,-11.917,-2.4073,2.5218,-0.41616,-0.89922,0.44089,-6.6148,9.6642,-1.2405,0,0,0,4.4172,4.1291,4.5275,4.483,27.21,-17.436,-13.199,33.945,-51.684,-0.67387
12.55,5.3968,-4.663,2.405,0.14593,-0.42605,-0.86303,0.22884,-11.982,-2.3115,2.5088,-0.45211,-0.94551,0.45958,-6.3411,9.4873,-1.3725,0,0,0,4.3209,4.0098,4.441,4.398,27.545,-17.945,-13.202,33.152,-49.99,0.066269
12.56,5.2766,-4.6856,2.43,0.14315,-0.42445,-0.86577,0.22316,-12.044,-2.2176,2.4944,-0.4902,-0.99655,0.48004,-6.064,9.3054,-1.5045,0,0,0,4.2239,3.8874,4.3545,4.313,27.872,-18.436,-13.198,32.343,-48.264,0.81086
12.57,5.1559,-4.7073,2.4549,0.1401,-0.42271,-0.86859,0.21735,-12.103,-2.1255,2.4787,-0.53063,-1.0528,0.50242,-5.7836,9.1186,-1.6364,0,0,0,4.1261,3.7619,4.2681,4.2282,28.192,-18.91,-13.186,31.518,-46.51,1.5595
12.58,5.0346,-4.7281,2.4796,0.13676,-0.42082,-0.8715,0.21139,-12.159,-2.0352,2.4617,-0.57358,-1.1148,0.52689,-5.5002,8.9272,-1.7682,0,0,0,4.0279,3.6331,4.1821,4.1438,28.503,-19.366,-13.166,30.677,-44.727,2.3117
12.59,4.9127,-4.7481,2.5041,0.13311,-0.41878,-0.87451,0.20527,-12.213,-1.9469,2.4433,-0.61925,-1.183,0.55363,-5.2136,8.7314,-1.8997,0,0,0,3.9293,3.5009,4.0966,4.06,28.805,-19.804,-13.14,29.822,-42.917,3.067
12.6,4.7903,-4.7671,2.5285,0.1291,-0.41657,-0.87761,0.19898,-12.264,-1.8606,2.4237,-0.66788,-1.2582,0.58284,-4.9241,8.5312,-2.031,0,0,0,3.8305,3.3652,4.012,3.9771,29.099,-20.224,-13.105,28.952,-41.082,3.825
12.61,4.6675,-4.7853,2.5526,0.12469,-0.41419,-0.88081,0.19252,-12.311,-1.7763,2.4027,-0.71969,-1.3409,0.61474,-4.6317,8.327,-2.1618,0,0,0,3.7318,3.2259,3.9285,3.8953,29.384,-20.626,-13.063,28.067,-39.222,4.5853
12.62,4.5441,-4.8026,2.5765,0.11986,-0.41162,-0.88412,0.18586,-12.356,-1.6941,2.3804,-0.77496,-1.4319,0.64955,-4.3364,8.1188,-2.2922,0,0,0,3.6333,3.0828,3.8464,3.8149,29.66,-21.009,-13.013,27.169,-37.34,5.3475
12.63,4.4204,-4.8192,2.6002,0.11456,-0.40884,-0.88752,0.179,-12.398,-1.614,2.3569,-0.83394,-1.5321,0.68753,-4.0385,7.9068,-2.4221,0,0,0,3.5353,2.9358,3.7661,3.7361,29.928,-21.373,-12.956,26.257,-35.435,6.111
12.64,4.2962,-4.8349,2.6237,0.10873,-0.40584,-0.89102,0.17193,-12.437,-1.536,2.332,-0.89695,-1.6423,0.72895,-3.7379,7.6914,-2.5513,0,0,0,3.4381,2.7848,3.6878,3.659,30.186,-21.717,-12.891,25.332,-33.509,6.8754
12.65,4.1716,-4.8499,2.6468,0.10232,-0.4026,-0.89462,0.16463,-12.473,-1.4601,2.3058,-0.96428,-1.7635,0.77409,-3.4348,7.4726,-2.6798,0,0,0,3.342,2.6297,3.612,3.5841,30.434,-22.043,-12.819,24.393,-31.565,7.6404
12.66,4.0467,-4.8641,2.6698,0.09527,-0.39911,-0.89831,0.15708,-12.506,-1.3865,2.2784,-1.0362,-1.8966,0.82323,-3.1293,7.2506,-2.8076,0,0,0,3.2472,2.4706,3.5391,3.5113,30.673,-22.349,-12.738,23.442,-29.602,8.4055
12.67,3.9215,-4.8776,2.6924,0.087519,-0.39534,-0.90209,0.14929,-12.535,-1.3151,2.2497,-1.1132,-2.0426,0.87669,-2.8214,7.0257,-2.9346,0,0,0,3.1541,2.3076,3.4694,3.4408,30.903,-22.635,-12.65,22.479,-27.622,9.1701
12.68,3.796,-4.8904,2.7148,0.078993,-0.39126,-0.90594,0.14123,-12.562,-1.246,2.2197,-1.1954,-2.2026,0.93475,-2.5112,6.798,-3.0606,0,0,0,3.0632,2.1409,3.4033,3.3726,31.123,-22.901,-12.555,21.503,-25.627,9.934
12.69,3.6703,-4.9026,2.7368,0.069614,-0.38685,-0.90986,0.13289,-12.586,-1.1792,2.1885,-1.2832,-2.3776,0.99768,-2.1989,6.5677,-3.1857,0,0,0,2.9747,1.9711,3.3414,3.3065,31.333,-23.147,-12.452,20.516,-23.617,10.697
12.7,3.5443,-4.914,2.7585,0.0593,-0.38207,-0.91382,0.12428,-12.606,-1.1147,2.156,-1.3769,-2.5684,1.0658,-1.8846,6.3351,-3.3096,0,0,0,2.8891,1.799,3.2839,3.2423,31.533,-23.373,-12.341,19.518,-21.595,11.458
12.71,3.4182,-4.9249,2.7799,0.047962,-0.37689,-0.91779,0.11538,-12.623,-1.0525,2.1223,-1.4768,-2.7757,1.1391,-1.5683,6.1003,-3.4325,0,0,0,2.8067,1.6257,3.2313,3.1793,31.723,-23.579,-12.223,18.508,-19.56,12.216
12.72,3.2919,-4.9351,2.801,0.035508,-0.37127,-0.92175,0.1062,-12.637,-0.99267,2.0874,-1.5828,-2.9998,1.2179,-1.2502,5.8636,-3.5541,0,0,0,2.728,1.4532,3.1839,3.1166,31.903,-23.765,-12.097,17.488,-17.515,12.973
12.73,3.1654,-4.9447,2.8217,0.021846,-0.36516,-0.92565,0.096749,-12.648,-0.93522,2.0512,-1.6953,-3.2408,1.3021,-0.93028,5.6251,-3.6744,0,0,0,2.6531,1.2839,3.1417,3.053,32.073,-23.929,-11.963,16.458,-15.461,13.726
12.74,3.0389,-4.9538,2.842,0.0068825,-0.35851,-0.92943,0.087034,-12.656,-0.88017,2.0139,-1.8139,-3.4977,1.3915,-0.60874,5.385,-3.7933,0,0,0,2.5823,1.1211,3.105,2.9866,32.232,-24.074,-11.822,15.418,-13.398,14.476
12.75,2.9123,-4.9623,2.8619,-0.0094696,-0.35127,-0.93305,0.077087,-12.66,-0.82753,1.9753,-1.9384,-3.7691,1.4856,-0.28566,5.1437,-3.9108,0,0,0,2.5156,0.96926,3.0735,2.9152,32.381,-24.197,-11.674,14.368,-11.329,15.222
12.76,2.7857,-4.9704,2.8815,-0.027286,-0.34338,-0.93641,0.066946,-12.662,-0.7773,1.9357,-2.0683,-4.052,1.5838,0.038851,4.9012,-4.0268,0,0,0,2.453,0.83392,3.0467,2.8361,32.52,-24.3,-11.518,13.309,-9.2542,15.963
12.77,2.6591,-4.9779,2.9006,-0.046626,-0.33477,-0.93944,0.056668,-12.66,-0.72951,1.8948,-2.2025,-4.3422,1.6849,0.3647,4.6577,-4.1411,0,0,0,2.3939,0.72169,3.0238,2.7461,32.648,-24.382,-11.354,12.24,-7.1751,16.7
12.78,2.5325,-4.985,2.9194,-0.067522,-0.32538,-0.94203,0.04633,-12.654,-0.68415,1.8528,-2.34,-4.634,1.7874,0.69177,4.4136,-4.2538,0,0,0,2.3379,0.64015,3.0036,2.6418,32.765,-24.444,-11.184,11.164,-5.093,17.432
12.79,2.406,-4.9916,2.9377,-0.089968,-0.31514,-0.94408,0.036028,-12.646,-0.64124,1.8097,-2.4788,-4.9196,1.8893,1.02,4.1689,-4.3648,0,0,0,2.2842,0.59739,2.9842,2.5203,32.871,-24.484,-11.006,10.079,-3.0091,18.158
12.8,2.2796,-4.9978,2.9556,-0.11391,-0.30399,-0.94549,0.025886,-12.634,-0.60077,1.7656,-2.617,-5.1896,1.9883,1.3491,3.924,-4.4739,0,0,0,2.2318,0.60128,2.9635,2.3792,32.966,-24.504,-10.821,8.9856,-0.92467,18.878
12.81,2.1534,-5.0036,2.973,-0.13926,-0.29188,-0.94613,0.016049,-12.619,-0.56276,1.7203,-2.7519,-5.4331,2.0814,1.6792,3.6789,-4.5812,0,0,0,2.1802,0.65836,2.9387,2.2179,33.05,-24.503,-10.628,7.885,1.159,19.591
12.82,2.0273,-5.009,2.99,-0.16583,-0.27875,-0.94591,0.0066854,-12.6,-0.52719,1.6739,-2.8805,-5.6386,2.1655,2.0101,3.434,-4.6865,0,0,0,2.1288,0.77263,2.907,2.0378,33.124,-24.481,-10.429,6.7771,3.2407,20.298
12.83,1.9014,-5.0142,3.0065,0.19339,0.26459,0.94477,0.0020165,-12.579,-0.49408,1.6266,-2.9999,-5.7943,2.2375,2.3417,3.1894,-4.7897,0,0,0,2.078,0.94427,2.8655,1.8434,33.186,-24.438,-10.222,5.6623,5.3191,20.997
12.84,1.7757,-5.0189,3.0225,0.22167,0.24937,0.94265,0.0098588,-12.554,-0.4634,1.5781,-3.1067,-5.8899,2.2943,2.6738,2.9453,-4.8909,0,0,0,2.0288,1.1687,2.812,1.6421,33.237,-24.374,-10.009,4.5409,7.3931,21.688
12.85,1.6503,-5.0234,3.038,0.25031,0.23311,0.93954,0.016641,-12.525,-0.43517,1.5287,-3.1982,-5.9177,2.3334,3.0064,2.702,-4.9899,0,0,0,1.983,1.4366,2.7452,1.4437,33.277,-24.29,-9.7887,3.4132,9.4612,22.371
12.86,1.5252,-5.0276,3.0531,0.27895,0.21584,0.93547,0.022173,-12.493,-0.40936,1.4784,-3.2718,-5.8734,2.353,3.3393,2.4596,-5.0866,0,0,0,1.9434,1.7343,2.6653,1.2597,33.305,-24.185,-9.5616,2.2796,11.522,23.046
12.87,1.4005,-5.0316,3.0676,0.3072,0.19761,0.93053,0.026284,-12.458,-0.38597,1.427,-3.3257,-5.757,2.3523,3.6724,2.2183,-5.1811,0,0,0,1.9127,2.0458,2.5742,1.1011,33.322,-24.06,-9.3278,1.1404,13.575,23.711
12.88,1.2761,-5.0354,3.0816,0.33469,0.17849,0.92482,0.028832,-12.42,-0.36499,1.3747,-3.3589,-5.5728,2.3315,4.0057,1.9784,-5.2732,0,0,0,1.8939,2.3547,2.4754,0.97759,33.328,-23.914,-9.0874,-0.0040497,15.619,24.367
12.89,1.1521,-5.0389,3.0951,0.36108,0.15855,0.91848,0.029714,-12.378,-0.3464,1.3216,-3.3711,-5.3287,2.2917,4.339,1.7401,-5.3628,0,0,0,1.889,2.6463,2.3735,0.89567,33.322,-23.747,-8.8405,-1.1534,17.651,25.012
12.9,1.0285,-5.0423,3.108,0.38609,0.13788,0.91164,0.028867,-12.333,-0.33018,1.2675,-3.3627,-5.0353,2.2349,4.6721,1.5036,-5.45,0,0,0,1.8995,2.9094,2.2738,0.85821,33.305,-23.561,-8.5872,-2.3073,19.672,25.647
12.91,0.90542,-5.0455,3.1204,0.40948,0.11657,0.90446,0.026268,-12.285,-0.31632,1.2126,-3.3347,-4.7045,2.1636,5.005,1.269,-5.5345,0,0,0,1.9256,3.1372,2.1816,0.86451,33.276,-23.354,-8.3276,-3.4655,21.679,26.272
12.92,0.78283,-5.0486,3.1323,0.43108,0.094703,0.89706,0.021932,-12.233,-0.3048,1.1568,-3.2885,-4.3486,2.0807,5.3376,1.0365,-5.6165,0,0,0,1.9669,3.3268,2.1014,0.91095,33.236,-23.127,-8.0618,-4.6276,23.672,26.885
12.93,0.66077,-5.0516,3.1436,0.45077,0.072366,0.88956,0.015911,-12.178,-0.29558,1.1002,-3.2258,-3.9792,1.9891,5.6697,0.80649,-5.6957,0,0,0,2.0221,3.4791,2.0368,0.99189,33.184,-22.881,-7.7899,-5.7933,25.648,27.486
12.94,0.53928,-5.0546,3.1543,0.46848,0.049644,0.88204,0.008284,-12.12,-0.28866,1.0429,-3.1485,-3.6064,1.8914,6.0012,0.579,-5.7723,0,0,0,2.0897,3.5973,1.99,1.1008,33.12,-22.614,-7.5121,-6.9621,27.608,28.075
12.95,0.41839,-5.0574,3.1644,-0.48419,-0.026621,-0.87456,0.00084368,-12.058,-0.28399,0.98481,-3.0582,-3.2386,1.7901,6.3321,0.35427,-5.846,0,0,0,2.1678,3.6864,1.9623,1.2308,33.044,-22.328,-7.2285,-8.1339,29.55,28.651
12.96,0.29813,-5.0603,3.174,-0.49791,-0.0033858,-0.86715,0.011347,-11.993,-0.28156,0.926,-2.9569,-2.8826,1.6873,6.6621,0.13249,-5.9168,0,0,0,2.2545,3.7519,1.9537,1.3759,32.957,-22.023,-6.9391,-9.3082,31.471,29.214
12.97,0.17854,-5.0631,3.1829,-0.50968,0.019972,-0.85982,0.023087,-11.925,-0.28133,0.86649,-2.8462,-2.5433,1.5847,6.9912,-0.086134,-5.9847,0,0,0,2.3482,3.7992,1.9635,1.5305,32.858,-21.699,-6.6442,-10.485,33.372,29.764
12.98,0.059645,-5.0659,3.1913,-0.51956,0.043356,-0.85257,0.03591,-11.853,-0.28327,0.80631,-2.7277,-2.2245,1.4836,7.3192,-0.30143,-6.0497,0,0,0,2.4474,3.8333,1.9905,1.6902,32.747,-21.356,-6.3439,-11.663,35.251,30.3
12.99,-0.058516,-5.0687,3.1991,-0.52763,0.066669,-0.8454,0.049658,-11.778,-0.28735,0.7455,-2.603,-1.9284,1.385,7.6461,-0.51319,-6.1116,0,0,0,2.5507,3.8588,2.033,1.8517,32.625,-20.994,-6.0383,-12.843,37.107,30.821
13,-0.17591,-5.0716,3.2062,-0.53398,0.089809,-0.83826,0.064167,-11.7,-0.29353,0.68409,-2.4735,-1.6563,1.2896,7.9717,-0.72125,-6.1704,0,0,0,2.6569,3.8791,2.0894,2.0122,32.491,-20.614,-5.7275,-14.024,38.938,31.327
13.01,-0.29251,-5.0746,3.2128,-0.5387,0.11267,-0.83115,0.079275,-11.619,-0.30176,0.62211,-2.3407,-1.4089,1.1978,8.2958,-0.92541,-6.2261,0,0,0,2.765,3.8972,2.1578,2.1701,32.344,-20.215,-5.4118,-15.206,40.743,31.819
13.02,-0.40828,-5.0777,3.2187,-0.54192,0.13516,-0.82405,0.094823,-11.534,-0.31202,0.55958,-2.2059,-1.1859,1.1101,8.6185,-1.1255,-6.2786,0,0,0,2.8743,3.9154,2.2365,2.3242,32.186,-19.799,-5.0912,-16.389,42.521,32.294
13.03,-0.52319,-5.0809,3.2239,-0.54376,0.15717,-0.81693,0.11066,-11.447,-0.32426,0.49654,-2.0704,-0.98696,1.0264,8.9395,-1.3213,-6.3279,0,0,0,2.984,3.9351,2.3237,2.4737,32.017,-19.365,-4.766,-17.572,44.271,32.753
13.04,-0.6372,-5.0842,3.2286,-0.54432,0.17863,-0.80979,0.12665,-11.356,-0.33843,0.43303,-1.9354,-0.81101,0.94685,9.2588,-1.5127,-6.374,0,0,0,3.0937,3.9577,2.418,2.6183,31.835,-18.914,-4.4362,-18.754,45.991,33.196
13.05,-0.75029,-5.0876,3.2326,-0.54375,0.19944,-0.80263,0.14266,-11.261,-0.3545,0.36908,-1.802,-0.6569,0.87136,9.5762,-1.6996,-6.4166,0,0,0,3.2029,3.9839,2.5179,2.758,31.642,-18.445,-4.1021,-19.937,47.68,33.622
13.06,-0.86242,-5.0913,3.236,-0.54215,0.21954,-0.79544,0.15858,-11.164,-0.37241,0.30471,-1.6712,-0.52324,0.79982,9.8916,-1.8816,-6.456,0,0,0,3.3112,4.014,2.6223,2.8928,31.436,-17.96,-3.7638,-21.118,49.337,34.03
13.07,-0.97356,-5.0951,3.2387,-0.53966,0.23889,-0.78823,0.17433,-11.064,-0.39211,0.23997,-1.5439,-0.40853,0.73206,10.205,-2.0587,-6.4919,0,0,0,3.4183,4.0484,2.7301,3.0229,31.219,-17.459,-3.4216,-22.298,50.96,34.42
13.08,-1.0837,-5.0991,3.2408,-0.5364,0.25743,-0.78101,0.18983,-10.96,-0.41357,0.17488,-1.4207,-0.31119,0.66793,10.516,-2.2307,-6.5244,0,0,0,3.5242,4.087,2.8402,3.1487,30.99,-16.941,-3.0755,-23.477,52.549,34.792
13.09,-1.1928,-5.1034,3.2422,-0.53246,0.27516,-0.77379,0.20502,-10.853,-0.43671,0.10949,-1.3022,-0.22966,0.60721,10.825,-2.3975,-6.5534,0,0,0,3.6286,4.1298,2.952,3.2704,30.75,-16.408,-2.7258,-24.654,54.102,35.146
13.1,-1.3007,-5.1079,3.243,-0.52795,0.29204,-0.76658,0.21985,-10.744,-0.4615,0.043827,-1.1888,-0.16239,0.54971,11.131,-2.5588,-6.5789,0,0,0,3.7315,4.1764,3.0646,3.3884,30.497,-15.859,-2.3726,-25.828,55.618,35.48
13.11,-1.4076,-5.1126,3.2431,-0.52298,0.30809,-0.75939,0.23431,-10.631,-0.48787,-0.022075,-1.0809,-0.10787,0.49523,11.435,-2.7146,-6.6008,0,0,0,3.8327,4.2267,3.1776,3.5029,30.233,-15.296,-2.0162,-27.001,57.095,35.794
13.12,-1.5133,-5.1176,3.2425,-0.5176,0.3233,-0.75225,0.24837,-10.515,-0.51577,-0.088178,-0.97849,-0.0647,0.44357,11.736,-2.8647,-6.6192,0,0,0,3.9323,4.2803,3.2903,3.6143,29.957,-14.718,-1.6568,-28.17,58.533,36.088
13.13,-1.6179,-5.1229,3.2413,-0.51192,0.3377,-0.74514,0.26202,-10.396,-0.54514,-0.15445,-0.8818,-0.031566,0.39455,12.034,-3.0089,-6.634,0,0,0,4.0303,4.3368,3.4025,3.7227,29.67,-14.125,-1.2945,-29.336,59.93,36.362
13.14,-1.7213,-5.1285,3.2394,-0.50597,0.35132,-0.73809,0.27529,-10.274,-0.57593,-0.22085,-0.79076,-0.0072614,0.34798,12.329,-3.1472,-6.6451,0,0,0,4.1266,4.3958,3.5137,3.8283,29.37,-13.519,-0.92965,-30.499,61.284,36.614
13.15,-1.8234,-5.1344,3.2369,-0.49983,0.36417,-0.7311,0.28816,-10.149,-0.60807,-0.28734,-0.7053,0.0093105,0.30369,12.621,-3.2793,-6.6526,0,0,0,4.2212,4.4571,3.6237,3.9315,29.06,-12.9,-0.56234,-31.658,62.596,36.846
13.16,-1.9242,-5.1407,3.2337,-0.49354,0.37629,-0.72417,0.30067,-10.022,-0.64149,-0.35388,-0.62529,0.019134,0.26153,12.91,-3.4051,-6.6563,0,0,0,4.3142,4.5203,3.7322,4.0323,28.737,-12.267,-0.19282,-32.813,63.862,37.055
13.17,-2.0238,-5.1473,3.2298,-0.48713,0.38772,-0.7173,0.31282,-9.8912,-0.67615,-0.42045,-0.55055,0.023088,0.22133,13.196,-3.5246,-6.6564,0,0,0,4.4055,4.5851,3.8391,4.1308,28.403,-11.623,0.17869,-33.963,65.082,37.242
13.18,-2.122,-5.1542,3.2253,-0.48065,0.39849,-0.71048,0.32465,-9.7579,-0.71196,-0.487,-0.48087,0.021948,0.18296,13.478,-3.6375,-6.6528,0,0,0,4.4952,4.6511,3.9442,4.2271,28.058,-10.966,0.55195,-35.108,66.256,37.406
13.19,-2.2189,-5.1615,3.2201,-0.47411,0.40864,-0.70372,0.33617,-9.6217,-0.74887,-0.55349,-0.41605,0.016397,0.1463,13.757,-3.7438,-6.6454,0,0,0,4.5832,4.718,4.0475,4.3215,27.701,-10.298,0.92674,-36.248,67.38,37.547
13.2,-2.3145,-5.1692,3.2142,-0.46754,0.4182,-0.69701,0.34742,-9.4827,-0.78682,-0.6199,-0.35584,0.0070319,0.11121,14.032,-3.8434,-6.6342,0,0,0,4.6696,4.7857,4.1488,4.4138,27.333,-9.6184,1.3028,-37.383,68.455,37.665
13.21,-2.4086,-5.1773,3.2077,-0.46095,0.4272,-0.69034,0.35841,-9.3411,-0.82572,-0.68617,-0.30003,-0.005627,0.07759,14.303,-3.9362,-6.6193,0,0,0,4.7544,4.8537,4.248,4.5041,26.954,-8.9287,1.68,-38.512,69.48,37.759
13.22,-2.5013,-5.1857,3.2005,-0.45435,0.43569,-0.6837,0.36918,-9.1967,-0.86552,-0.75227,-0.24839,-0.021129,0.045332,14.571,-4.022,-6.6006,0,0,0,4.8375,4.922,4.3451,4.5926,26.563,-8.229,2.0579,-39.634,70.451,37.828
13.23,-2.5925,-5.1946,3.1926,-0.44777,0.44369,-0.67709,0.37974,-9.0496,-0.90614,-0.81817,-0.20069,-0.039085,0.014344,14.835,-4.1007,-6.5781,0,0,0,4.919,4.9903,4.4401,4.6792,26.161,-7.5198,2.4364,-40.75,71.37,37.872
13.24,-2.6823,-5.2038,3.1841,-0.44119,0.45123,-0.67049,0.39012,-8.9,-0.94751,-0.88382,-0.15674,-0.059158,-0.015464,15.094,-4.1723,-6.5519,0,0,0,4.9988,5.0583,4.5329,4.7639,25.748,-6.8018,2.8153,-41.859,72.233,37.89
13.25,-2.7705,-5.2135,3.1749,-0.43464,0.45834,-0.66389,0.40033,-8.7478,-0.98956,-0.94919,-0.11633,-0.081058,-0.044171,15.35,-4.2367,-6.5218,0,0,0,5.077,5.126,4.6235,4.8468,25.324,-6.0754,3.1941,-42.961,73.041,37.883
13.26,-2.8572,-5.2236,3.1651,-0.4281,0.46505,-0.65728,0.41041,-8.593,-1.0322,-1.0142,-0.079274,-0.10454,-0.071852,15.601,-4.2938,-6.488,0,0,0,5.1535,5.1932,4.7119,4.9278,24.889,-5.3412,3.5728,-44.055,73.791,37.85
13.27,-2.9424,-5.2342,3.1547,-0.42158,0.47139,-0.65066,0.42036,-8.4358,-1.0754,-1.0789,-0.045414,-0.12937,-0.098573,15.847,-4.3435,-6.4504,0,0,0,5.2283,5.2597,4.7981,5.007,24.443,-4.5997,3.9511,-45.142,74.483,37.79
13.28,-3.0259,-5.2451,3.1436,-0.41509,0.47737,-0.644,0.43021,-8.2761,-1.1191,-1.1432,-0.014589,-0.15539,-0.1244,16.09,-4.3858,-6.409,0,0,0,5.3014,5.3254,4.8821,5.0843,23.986,-3.8517,4.3285,-46.22,75.115,37.703
13.29,-3.1079,-5.2566,3.1318,-0.40862,0.48302,-0.6373,0.43997,-8.114,-1.1631,-1.2071,0.013343,-0.18242,-0.14938,16.327,-4.4205,-6.3638,0,0,0,5.3728,5.3901,4.9639,5.1599,23.518,-3.0977,4.705,-47.29,75.685,37.588
13.3,-3.1882,-5.2684,3.1194,-0.40217,0.48835,-0.63054,0.44966,-7.9496,-1.2074,-1.2705,0.038511,-0.21032,-0.17358,16.56,-4.4477,-6.3149,0,0,0,5.4424,5.4539,5.0435,5.2336,23.04,-2.3382,5.0802,-48.35,76.194,37.445
13.31,-3.2669,-5.2807,3.1064,-0.39574,0.49339,-0.62372,0.45928,-7.7828,-1.252,-1.3334,0.061029,-0.23898,-0.19704,16.788,-4.4673,-6.2622,0,0,0,5.5104,5.5166,5.1208,5.3055,22.551,-1.574,5.4538,-49.402,76.639,37.274
13.32,-3.3438,-5.2935,3.0927,-0.38933,0.49815,-0.61681,0.46884,-7.6138,-1.2968,-1.3957,0.081004,-0.26828,-0.21979,17.011,-4.4792,-6.2058,0,0,0,5.5765,5.578,5.196,5.3755,22.052,-0.80564,5.8256,-50.444,77.019,37.074
13.33,-3.4191,-5.3066,3.0785,-0.38293,0.50264,-0.60982,0.47837,-7.4426,-1.3416,-1.4575,0.098528,-0.29812,-0.24189,17.229,-4.4834,-6.1457,0,0,0,5.641,5.6382,5.2691,5.4437,21.543,-0.033821,6.1952,-51.476,77.333,36.845
13.34,-3.4927,-5.3203,3.0636,-0.37656,0.50688,-0.60272,0.48785,-7.2693,-1.3864,-1.5186,0.11368,-0.32842,-0.26337,17.442,-4.4799,-6.0819,0,0,0,5.7036,5.697,5.3399,5.5101,21.023,0.7408,6.5624,-52.498,77.58,36.586
13.35,-3.5645,-5.3344,3.0481,-0.37019,0.51088,-0.59552,0.4973,-7.0938,-1.4312,-1.5791,0.12655,-0.35911,-0.28426,17.649,-4.4686,-6.0145,0,0,0,5.7645,5.7545,5.4087,5.5746,20.493,1.5176,6.9268,-53.509,77.759,36.297
13.36,-3.6346,-5.3489,3.032,-0.36384,0.51465,-0.5882,0.50673,-6.9163,-1.4758,-1.6389,0.13719,-0.39009,-0.30459,17.851,-4.4495,-5.9434,0,0,0,5.8236,5.8105,5.4753,5.6373,19.953,2.2957,7.2882,-54.509,77.867,35.977
13.37,-3.7028,-5.3639,3.0153,-0.35751,0.5182,-0.58074,0.51613,-6.7368,-1.5201,-1.698,0.14566,-0.42131,-0.32438,18.048,-4.4227,-5.8687,0,0,0,5.8808,5.865,5.5398,5.6982,19.403,3.0747,7.6463,-55.498,77.904,35.626
13.38,-3.7693,-5.3793,2.9981,-0.3512,0.52153,-0.57316,0.52551,-6.5553,-1.5642,-1.7563,0.15203,-0.4527,-0.34366,18.24,-4.388,-5.7905,0,0,0,5.9363,5.918,5.6022,5.7573,18.843,3.8536,8.0006,-56.476,77.869,35.243
13.39,-3.8339,-5.3952,2.9802,-0.3449,0.52465,-0.56543,0.53486,-6.372,-1.6079,-1.8138,0.15634,-0.48419,-0.36246,18.425,-4.3456,-5.7087,0,0,0,5.99,5.9695,5.6625,5.8146,18.273,4.6318,8.351,-57.441,77.761,34.829
13.4,-3.8967,-5.4115,2.9618,-0.33862,0.52757,-0.55755,0.54419,-6.1869,-1.6511,-1.8704,0.15864,-0.51571,-0.38078,18.605,-4.2954,-5.6235,0,0,0,6.0419,6.0193,5.7208,5.87,17.694,5.4086,8.6971,-58.395,77.577,34.382
13.41,-3.9577,-5.4282,2.9428,-0.33237,0.5303,-0.54951,0.55349,-5.9999,-1.6937,-1.9262,0.15899,-0.54721,-0.39864,18.779,-4.2374,-5.5348,0,0,0,6.092,6.0675,5.7772,5.9237,17.105,6.1831,9.0385,-59.335,77.318,33.902
13.42,-4.0167,-5.4453,2.9233,-0.32615,0.53283,-0.54133,0.56275,-5.8113,-1.7358,-1.9811,0.15742,-0.57862,-0.41607,18.947,-4.1717,-5.4427,0,0,0,6.1403,6.1142,5.8315,5.9756,16.507,6.9547,9.375,-60.263,76.981,33.389
13.43,-4.0739,-5.4629,2.9032,-0.31996,0.53516,-0.53298,0.57198,-5.621,-1.7771,-2.0351,0.15398,-0.60989,-0.43306,19.109,-4.0983,-5.3473,0,0,0,6.1868,6.1591,5.8838,6.0257,15.9,7.7225,9.7062,-61.177,76.565,32.843
13.44,-4.1291,-5.4809,2.8826,-0.31381,0.53731,-0.52448,0.58115,-5.4291,-1.8177,-2.0881,0.14872,-0.64093,-0.44964,19.265,-4.0173,-5.2486,0,0,0,6.2315,6.2025,5.9343,6.0741,15.284,8.4857,10.032,-62.078,76.07,32.262
13.45,-4.1825,-5.4993,2.8614,-0.30771,0.53927,-0.51582,0.59028,-5.2357,-1.8575,-2.14,0.1417,-0.6717,-0.4658,19.415,-3.9286,-5.1467,0,0,0,6.2745,6.2442,5.9828,6.1208,14.658,9.2436,10.351,-62.965,75.493,31.647
13.46,-4.2338,-5.518,2.8398,-0.30167,0.54105,-0.507,0.59934,-5.0409,-1.8963,-2.191,0.13296,-0.70213,-0.48157,19.558,-3.8324,-5.0416,0,0,0,6.3156,6.2842,6.0294,6.1658,14.024,9.9953,10.665,-63.838,74.834,30.996
13.47,-4.2833,-5.5372,2.8176,-0.29569,0.54264,-0.49804,0.60833,-4.8446,-1.9341,-2.2409,0.12257,-0.73216,-0.49693,19.695,-3.7288,-4.9334,0,0,0,6.355,6.3226,6.0743,6.2091,13.382,10.74,10.971,-64.695,74.092,30.311
13.48,-4.3307,-5.5567,2.795,-0.28978,0.54404,-0.48893,0.61725,-4.647,-1.9708,-2.2896,0.11059,-0.76173,-0.51189,19.826,-3.6177,-4.8222,0,0,0,6.3927,6.3593,6.1173,6.2507,12.731,11.477,11.271,-65.538,73.264,29.589
13.49,-4.3762,-5.5766,2.7718,-0.28397,0.54526,-0.47968,0.62607,-4.4481,-2.0064,-2.3373,0.097085,-0.79077,-0.52647,19.95,-3.4993,-4.708,0,0,0,6.4286,6.3945,6.1586,6.2907,12.071,12.205,11.563,-66.366,72.35,28.831
13.5,-4.4197,-5.5968,2.7482,-0.27825,0.54629,-0.47031,0.63479,-4.248,-2.0408,-2.3838,0.082134,-0.81922,-0.54065,20.067,-3.3736,-4.591,0,0,0,6.4628,6.428,6.1981,6.329,11.403,12.924,11.847,-67.178,71.349,28.036
13.51,-4.4612,-5.6174,2.7242,-0.27264,0.54714,-0.46081,0.64339,-4.0468,-2.0739,-2.4291,0.065816,-0.84704,-0.55444,20.178,-3.2408,-4.4711,0,0,0,6.4953,6.4599,6.2359,6.3658,10.728,13.632,12.123,-67.974,70.259,27.204
13.52,-4.5006,-5.6383,2.6996,-0.26715,0.54781,-0.45121,0.65188,-3.8445,-2.1056,-2.4732,0.048216,-0.87417,-0.56783,20.282,-3.101,-4.3485,0,0,0,6.5261,6.4902,6.2721,6.4011,10.044,14.328,12.391,-68.754,69.08,26.334
13.53,-4.538,-5.6595,2.6747,-0.26179,0.54829,-0.44152,0.66023,-3.6412,-2.1359,-2.5161,0.029425,-0.90056,-0.58083,20.379,-2.9543,-4.2233,0,0,0,6.5552,6.5189,6.3066,6.4348,9.3525,15.013,12.65,-69.517,67.81,25.427
13.54,-4.5734,-5.681,2.6493,-0.25658,0.54858,-0.43174,0.66845,-3.4369,-2.1646,-2.5577,0.0095407,-0.92617,-0.59342,20.469,-2.8008,-4.0956,0,0,0,6.5827,6.5461,6.3396,6.467,8.6536,15.684,12.9,-70.262,66.452,24.484
13.55,-4.6068,-5.7028,2.6235,-0.25153,0.5487,-0.4219,0.67651,-3.2318,-2.1919,-2.598,-0.011337,-0.95096,-0.60561,20.552,-2.6406,-3.9654,0,0,0,6.6086,6.5719,6.3709,6.4978,7.9473,16.342,13.14,-70.989,65.01,23.506
13.56,-4.6381,-5.7248,2.5974,-0.24665,0.54863,-0.412,0.68442,-3.0259,-2.2174,-2.637,-0.033104,-0.97491,-0.6174,20.628,-2.474,-3.8328,0,0,0,6.6329,6.5961,6.4007,6.5271,7.2339,16.984,13.37,-71.696,63.489,22.497
13.57,-4.6673,-5.7471,2.5708,-0.24196,0.54837,-0.40207,0.69216,-2.8193,-2.2413,-2.6746,-0.055653,-0.99798,-0.62878,20.696,-2.301,-3.698,0,0,0,6.6557,6.6189,6.429,6.555,6.5135,17.611,13.589,-72.383,61.89,21.457
13.58,-4.6945,-5.7697,2.5439,-0.23745,0.54794,-0.39212,0.69972,-2.612,-2.2634,-2.7109,-0.078877,-1.0202,-0.63975,20.758,-2.1218,-3.5611,0,0,0,6.6771,6.6403,6.4558,6.5815,5.7863,18.222,13.799,-73.049,60.219,20.389
13.59,-4.7195,-5.7924,2.5166,-0.23316,0.54733,-0.38217,0.70711,-2.4042,-2.2837,-2.7458,-0.10267,-1.0415,-0.65032,20.812,-1.9366,-3.4221,0,0,0,6.6969,6.6603,6.4811,6.6066,5.0526,18.815,13.997,-73.691,58.478,19.294
13.6,-4.7425,-5.8153,2.489,-0.22907,0.54655,-0.37223,0.71432,-2.1958,-2.3022,-2.7794,-0.12691,-1.0619,-0.66048,20.859,-1.7456,-3.2812,0,0,0,6.7154,6.6789,6.505,6.6303,4.3125,19.391,14.184,-74.311,56.671,18.175
13.61,-4.7635,-5.8384,2.461,-0.22522,0.54559,-0.36232,0.72135,-1.987,-2.3186,-2.8115,-0.15151,-1.0815,-0.67024,20.898,-1.5489,-3.1384,0,0,0,6.7325,6.6963,6.5275,6.6528,3.5664,19.949,14.36,-74.906,54.803,17.034
13.62,-4.7823,-5.8617,2.4327,-0.22159,0.54446,-0.35245,0.72818,-1.7779,-2.3331,-2.8421,-0.17636,-1.1002,-0.6796,20.93,-1.3467,-2.994,0,0,0,6.7483,6.7124,6.5486,6.6739,2.8145,20.487,14.525,-75.476,52.875,15.873
13.63,-4.799,-5.8851,2.4042,-0.2182,0.54316,-0.34263,0.73483,-1.5684,-2.3455,-2.8713,-0.20136,-1.118,-0.68856,20.955,-1.1392,-2.848,0,0,0,6.7627,6.7272,6.5683,6.6938,2.057,21.006,14.678,-76.02,50.893,14.693
13.64,-4.8136,-5.9086,2.3753,-0.21505,0.54169,-0.33289,0.74129,-1.3588,-2.3559,-2.8991,-0.2264,-1.1351,-0.69713,20.971,-0.92663,-2.7005,0,0,0,6.7759,6.7408,6.5867,6.7125,1.2942,21.505,14.819,-76.536,48.859,13.497
13.65,-4.8262,-5.9322,2.3462,-0.21216,0.54006,-0.32323,0.74756,-1.149,-2.3641,-2.9253,-0.25141,-1.1513,-0.7053,20.98,-0.70917,-2.5516,0,0,0,6.7879,6.7533,6.6038,6.73,0.52637,21.983,14.948,-77.025,46.778,12.286
13.66,-4.8366,-5.9559,2.3168,-0.20951,0.53827,-0.31367,0.75364,-0.93922,-2.37,-2.9501,-0.2763,-1.1668,-0.71308,20.982,-0.48704,-2.4016,0,0,0,6.7987,6.7646,6.6196,6.7462,-0.24619,22.44,15.065,-77.484,44.652,11.062
13.67,-4.845,-5.9796,2.2872,-0.20712,0.53633,-0.30421,0.75954,-0.72943,-2.3738,-2.9734,-0.30099,-1.1816,-0.72049,20.975,-0.26044,-2.2504,0,0,0,6.8083,6.7749,6.6343,6.7613,-1.0232,22.876,15.169,-77.913,42.486,9.8284
13.68,-4.8512,-6.0033,2.2574,-0.20499,0.53424,-0.29487,0.76526,-0.51974,-2.3752,-2.9951,-0.32539,-1.1958,-0.72752,20.961,-0.029594,-2.0982,0,0,0,6.8169,6.784,6.6477,6.7753,-1.8043,23.29,15.261,-78.311,40.283,8.5858
13.69,-4.8554,-6.0271,2.2273,-0.2031,0.53199,-0.28565,0.7708,-0.31023,-2.3744,-3.0153,-0.34946,-1.2093,-0.73418,20.939,0.20528,-1.9452,0,0,0,6.8243,6.7921,6.6599,6.7882,-2.5893,23.681,15.341,-78.677,38.047,7.3365
13.7,-4.8574,-6.0508,2.1971,-0.20148,0.5296,-0.27657,0.77617,-0.10098,-2.3711,-3.034,-0.37312,-1.2222,-0.74047,20.91,0.44396,-1.7914,0,0,0,6.8308,6.7993,6.671,6.8,-3.3778,24.051,15.408,-79.01,35.782,6.0826
13.71,-4.8574,-6.0745,2.1666,-0.2001,0.52707,-0.26762,0.78137,0.10794,-2.3655,-3.0511,-0.39633,-1.2346,-0.74642,20.872,0.68622,-1.6371,0,0,0,6.8362,6.8054,6.6809,6.8107,-4.1694,24.397,15.462,-79.309,33.49,4.8259
13.72,-4.8553,-6.0981,2.136,-0.19897,0.5244,-0.25881,0.78641,0.31643,-2.3574,-3.0667,-0.41903,-1.2465,-0.75201,20.826,0.93182,-1.4822,0,0,0,6.8406,6.8106,6.6898,6.8204,-4.9638,24.72,15.504,-79.573,31.176,3.5684
13.73,-4.8511,-6.1216,2.1053,-0.19809,0.52159,-0.25015,0.79129,0.52443,-2.3468,-3.0808,-0.44119,-1.258,-0.75727,20.773,1.1805,-1.327,0,0,0,6.8442,6.815,6.6976,6.8291,-5.7607,25.02,15.534,-79.802,28.843,2.3122
13.74,-4.8448,-6.1451,2.0744,-0.19745,0.51865,-0.24163,0.79601,0.73186,-2.3338,-3.0933,-0.46276,-1.269,-0.7622,20.711,1.4322,-1.1716,0,0,0,6.8468,6.8184,6.7043,6.8368,-6.5598,25.297,15.551,-79.993,26.494,1.0591
13.75,-4.8364,-6.1683,2.0434,-0.19704,0.51558,-0.23327,0.80059,0.93862,-2.3182,-3.1042,-0.48373,-1.2797,-0.76682,20.641,1.6864,-1.0161,0,0,0,6.8486,6.821,6.71,6.8436,-7.3605,25.55,15.555,-80.147,24.135,-0.18894
13.76,-4.826,-6.1914,2.0123,-0.19686,0.51238,-0.22505,0.80503,1.1447,-2.3,-3.1136,-0.50407,-1.2901,-0.77112,20.564,1.9431,-0.86055,0,0,0,6.8495,6.8227,6.7148,6.8494,-8.1626,25.78,15.547,-80.263,21.767,-1.4299
13.77,-4.8135,-6.2143,1.9812,-0.1969,0.50905,-0.21699,0.80933,1.3499,-2.2793,-3.1214,-0.52375,-1.3002,-0.77513,20.478,2.2019,-0.70518,0,0,0,6.8496,6.8237,6.7186,6.8542,-8.9656,25.986,15.526,-80.338,19.395,-2.6618
13.78,-4.799,-6.237,1.9499,-0.19715,0.50561,-0.20908,0.8135,1.5542,-2.256,-3.1277,-0.54277,-1.3101,-0.77886,20.384,2.4627,-0.55007,0,0,0,6.849,6.8239,6.7214,6.8582,-9.7692,26.168,15.494,-80.373,17.022,-3.8826
13.79,-4.7825,-6.2594,1.9186,-0.19762,0.50204,-0.20131,0.81754,1.7575,-2.23,-3.1324,-0.56111,-1.3198,-0.78231,20.283,2.7252,-0.39535,0,0,0,6.8476,6.8234,6.7233,6.8613,-10.573,26.326,15.449,-80.366,14.652,-5.0906
13.8,-4.7639,-6.2816,1.8873,-0.19828,0.49835,-0.1937,0.82147,1.9598,-2.2015,-3.1356,-0.57878,-1.3293,-0.7855,20.173,2.9892,-0.24113,0,0,0,6.8454,6.8221,6.7243,6.8635,-11.376,26.461,15.392,-80.317,12.289,-6.2836
13.81,-4.7433,-6.3034,1.8559,-0.19914,0.49455,-0.18622,0.82528,2.161,-2.1703,-3.1373,-0.59576,-1.3386,-0.78845,20.055,3.2543,-0.08755,0,0,0,6.8426,6.8202,6.7245,6.8649,-12.179,26.572,15.323,-80.224,9.9357,-7.4597
13.82,-4.7206,-6.325,1.8245,-0.20018,0.49063,-0.17889,0.82898,2.3609,-2.1364,-3.1374,-0.61207,-1.3479,-0.79116,19.929,3.5205,0.065289,0,0,0,6.8392,6.8175,6.7237,6.8654,-12.981,26.659,15.243,-80.087,7.5963,-8.6169
13.83,-4.696,-6.3462,1.7932,-0.20139,0.4866,-0.17169,0.83257,2.5595,-2.0998,-3.136,-0.6277,-1.3571,-0.79365,19.796,3.7874,0.21727,0,0,0,6.8351,6.8143,6.7222,6.8652,-13.781,26.724,15.151,-79.904,5.2742,-9.7534
13.84,-4.6695,-6.367,1.7618,-0.20278,0.48246,-0.16463,0.83607,2.7568,-2.0606,-3.133,-0.64267,-1.3663,-0.79593,19.654,4.0549,0.36827,0,0,0,6.8304,6.8104,6.7198,6.8641,-14.579,26.765,15.048,-79.675,2.9731,-10.867
13.85,-4.6409,-6.3874,1.7305,-0.20432,0.47821,-0.15769,0.83946,2.9526,-2.0187,-3.1286,-0.65699,-1.3754,-0.79802,19.504,4.3227,0.51818,0,0,0,6.8251,6.8059,6.7167,6.8623,-15.374,26.783,14.934,-79.399,0.69659,-11.956
13.86,-4.6104,-6.4073,1.6993,-0.20602,0.47385,-0.15088,0.84277,3.1468,-1.9742,-3.1227,-0.67067,-1.3846,-0.79994,19.346,4.5905,0.6669,0,0,0,6.8192,6.8008,6.7128,6.8598,-16.166,26.779,14.809,-79.074,-1.5517,-13.018
13.87,-4.578,-6.4268,1.6681,-0.20786,0.46938,-0.14418,0.84598,3.3395,-1.9269,-3.1153,-0.68372,-1.3938,-0.80168,19.181,4.8582,0.81432,0,0,0,6.8129,6.7952,6.7081,6.8565,-16.955,26.752,14.673,-78.7,-3.7682,-14.052
13.88,-4.5436,-6.4459,1.637,-0.20983,0.46481,-0.1376,0.84911,3.5304,-1.877,-3.1064,-0.69617,-1.403,-0.80328,19.007,5.1255,0.96033,0,0,0,6.806,6.789,6.7027,6.8525,-17.74,26.704,14.528,-78.276,-5.9492,-15.055
13.89,-4.5074,-6.4644,1.6059,-0.21194,0.46012,-0.13113,0.85216,3.7196,-1.8244,-3.0961,-0.70802,-1.4123,-0.80474,18.826,5.3922,1.1048,0,0,0,6.7986,6.7823,6.6966,6.8479,-18.521,26.634,14.372,-77.8,-8.0912,-16.025
13.9,-4.4692,-6.4823,1.575,-0.21416,0.45534,-0.12477,0.85512,3.9069,-1.7692,-3.0843,-0.71931,-1.4217,-0.80608,18.637,5.6581,1.2477,0,0,0,6.7907,6.7751,6.6898,6.8425,-19.296,26.542,14.207,-77.273,-10.191,-16.961
13.91,-4.4292,-6.4997,1.5443,-0.2165,0.45045,-0.1185,0.85801,4.0923,-1.7113,-3.0711,-0.73005,-1.4312,-0.80731,18.44,5.923,1.389,0,0,0,6.7824,6.7674,6.6824,6.8366,-20.066,26.43,14.033,-76.694,-12.247,-17.863
13.92,-4.3874,-6.5166,1.5136,-0.21894,0.44545,-0.11232,0.86083,4.2757,-1.6507,-3.0565,-0.74026,-1.4408,-0.80845,18.235,6.1866,1.5284,0,0,0,6.7736,6.7592,6.6744,6.83,-20.83,26.297,13.85,-76.064,-14.261,-18.73
13.93,-4.3437,-6.5327,1.4831,-0.22148,0.44035,-0.10623,0.86357,4.457,-1.5875,-3.0405,-0.74996,-1.4505,-0.8095,18.023,6.4488,1.6659,0,0,0,6.7644,6.7506,6.6657,6.8229,-21.587,26.145,13.659,-75.385,-16.232,-19.563
13.94,-4.2983,-6.5483,1.4528,-0.22411,0.43515,-0.10023,0.86624,4.6361,-1.5218,-3.0232,-0.75918,-1.4603,-0.81048,17.804,6.7094,1.8015,0,0,0,6.7548,6.7416,6.6565,6.8151,-22.337,25.973,13.459,-74.657,-18.16,-20.363
13.95,-4.251,-6.5632,1.4227,-0.22683,0.42985,-0.094302,0.86884,4.813,-1.4534,-3.0045,-0.76792,-1.4703,-0.8114,17.577,6.9682,1.9351,0,0,0,6.7448,6.7322,6.6468,6.8069,-23.08,25.782,13.252,-73.881,-20.046,-21.13
13.96,-4.202,-6.5774,1.3927,-0.22962,0.42445,-0.088446,0.87138,4.9876,-1.3824,-2.9845,-0.77622,-1.4804,-0.81227,17.342,7.225,2.0665,0,0,0,6.7344,6.7224,6.6366,6.7982,-23.815,25.572,13.037,-73.058,-21.891,-21.865
13.97,-4.1513,-6.5908,1.363,-0.23249,0.41894,-0.082658,0.87385,5.1599,-1.3089,-2.9632,-0.78408,-1.4907,-0.8131,17.1,7.4796,2.1958,0,0,0,6.7236,6.7122,6.6259,6.789,-24.541,25.344,12.814,-72.189,-23.693,-22.567
13.98,-4.0988,-6.6035,1.3335,-0.23542,0.41333,-0.076932,0.87625,5.3296,-1.2328,-2.9406,-0.79152,-1.5011,-0.81389,16.851,7.7318,2.3228,0,0,0,6.7125,6.7017,6.6147,6.7794,-25.258,25.098,12.585,-71.275,-25.455,-23.237
13.99,-4.0447,-6.6155,1.3042,-0.23841,0.40763,-0.071263,0.87859,5.4969,-1.1542,-2.9168,-0.79857,-1.5116,-0.81465,16.595,7.9815,2.4475,0,0,0,6.7011,6.6909,6.6032,6.7693,-25.966,24.835,12.35,-70.317,-27.175,-23.876
14,-3.9889,-6.6266,1.2751,-0.24146,0.40182,-0.065647,0.88087,5.6615,-1.0732,-2.8917,-0.80523,-1.5223,-0.81539,16.332,8.2285,2.5698,0,0,0,6.6894,6.6798,6.5913,6.7589,-26.665,24.555,12.108,-69.316,-28.854,-24.484
14.01,-3.9315,-6.6369,1.2464,-0.24456,0.39592,-0.060079,0.88308,5.8235,-0.98968,-2.8654,-0.81152,-1.5331,-0.81611,16.062,8.4726,2.6896,0,0,0,6.6773,6.6685,6.579,6.7482,-27.353,24.258,11.86,-68.272,-30.492,-25.062
14.02,-3.8724,-6.6464,1.2178,-0.24769,0.38992,-0.054555,0.88523,5.9827,-0.90375,-2.8379,-0.81746,-1.5441,-0.81683,15.785,8.7136,2.807,0,0,0,6.665,6.6569,6.5664,6.7371,-28.03,23.945,11.607,-67.187,-32.091,-25.609
14.03,-3.8118,-6.655,1.1896,-0.25087,0.38381,-0.049069,0.88732,6.1392,-0.81542,-2.8092,-0.82305,-1.5552,-0.81753,15.501,8.9514,2.9217,0,0,0,6.6525,6.6451,6.5535,6.7257,-28.696,23.617,11.348,-66.062,-33.649,-26.126
14.04,-3.7497,-6.6627,1.1617,-0.25408,0.37762,-0.043618,0.88935,6.2927,-0.72473,-2.7795,-0.82831,-1.5663,-0.81824,15.211,9.1859,3.0339,0,0,0,6.6397,6.6331,6.5404,6.7141,-29.351,23.272,11.084,-64.898,-35.167,-26.614
14.05,-3.686,-6.6695,1.134,-0.25732,0.37132,-0.038199,0.89132,6.4434,-0.63172,-2.7486,-0.83325,-1.5776,-0.81894,14.914,9.4168,3.1434,0,0,0,6.6267,6.621,6.5271,6.7023,-29.994,22.913,10.816,-63.694,-36.645,-27.073
14.06,-3.6208,-6.6753,1.1067,-0.26059,0.36493,-0.032806,0.89322,6.591,-0.53641,-2.7166,-0.83789,-1.589,-0.81964,14.611,9.6441,3.2502,0,0,0,6.6136,6.6088,6.5136,6.6903,-30.625,22.54,10.543,-62.453,-38.084,-27.503
14.07,-3.5542,-6.6802,1.0797,-0.26387,0.35844,-0.027436,0.89506,6.7356,-0.43885,-2.6836,-0.84222,-1.6004,-0.82035,14.302,9.8676,3.3543,0,0,0,6.6002,6.5964,6.5,6.6781,-31.243,22.152,10.266,-61.176,-39.485,-27.905
14.08,-3.4861,-6.6841,1.053,-0.26717,0.35186,-0.022085,0.89684,6.877,-0.33907,-2.6495,-0.84626,-1.6119,-0.82107,13.987,10.087,3.4555,0,0,0,6.5868,6.584,6.4862,6.6658,-31.848,21.75,9.985,-59.863,-40.846,-28.279
14.09,-3.4166,-6.687,1.0267,-0.27048,0.34519,-0.016751,0.89856,7.0153,-0.23712,-2.6145,-0.85002,-1.6234,-0.82179,13.665,10.303,3.5539,0,0,0,6.5732,6.5716,6.4724,6.6535,-32.44,21.335,9.7004,-58.515,-42.168,-28.626
14.1,-3.3458,-6.6888,1.0007,-0.2738,0.33842,-0.011429,0.90021,7.1503,-0.13303,-2.5785,-0.85349,-1.635,-0.82252,13.338,10.514,3.6495,0,0,0,6.5596,6.5591,6.4586,6.641,-33.018,20.907,9.4125,-57.133,-43.452,-28.946
14.11,-3.2737,-6.6896,0.97514,-0.27712,0.33156,-0.006116,0.9018,7.282,-0.026858,-2.5415,-0.8567,-1.6466,-0.82326,13.005,10.721,3.7422,0,0,0,6.5459,6.5467,6.4447,6.6285,-33.583,20.466,9.1216,-55.718,-44.699,-29.239
14.12,-3.2002,-6.6893,0.94991,-0.28044,0.32461,-0.00080985,0.90332,7.4104,0.081364,-2.5036,-0.85964,-1.6582,-0.82401,12.666,10.923,3.8319,0,0,0,6.5321,6.5343,6.4309,6.6161,-34.133,20.013,8.8278,-54.272,-45.907,-29.506
14.13,-3.1255,-6.688,0.92507,-0.28376,0.31757,0.0044927,0.90477,7.5353,0.19159,-2.4649,-0.86232,-1.6697,-0.82476,12.322,11.121,3.9187,0,0,0,6.5184,6.522,6.4172,6.6037,-34.668,19.548,8.5315,-52.794,-47.077,-29.747
14.14,-3.0495,-6.6855,0.90062,-0.28707,0.31045,0.0097945,0.90616,7.6568,0.30377,-2.4253,-0.86474,-1.6812,-0.82551,11.973,11.314,4.0026,0,0,0,6.5047,6.5098,6.4035,6.5913,-35.188,19.072,8.233,-51.286,-48.211,-29.963
14.15,-2.9723,-6.6819,0.87657,-0.29037,0.30323,0.015098,0.90747,7.7748,0.41785,-2.3848,-0.86691,-1.6926,-0.82626,11.618,11.502,4.0834,0,0,0,6.491,6.4977,6.3901,6.579,-35.694,18.584,7.9324,-49.749,-49.307,-30.154
14.16,-2.894,-6.6771,0.85292,-0.29366,0.29594,0.020405,0.90872,7.8891,0.53379,-2.3436,-0.86882,-1.704,-0.82702,11.259,11.686,4.1612,0,0,0,6.4774,6.4859,6.3767,6.5669,-36.183,18.086,7.63,-48.183,-50.366,-30.32
14.17,-2.8146,-6.6712,0.8297,-0.29693,0.28856,0.025719,0.90989,7.9999,0.65154,-2.3016,-0.87049,-1.7152,-0.82777,10.895,11.864,4.236,0,0,0,6.4639,6.4742,6.3637,6.555,-36.657,17.577,7.3261,-46.59,-51.389,-30.462
14.18,-2.734,-6.6641,0.80689,-0.30017,0.2811,0.031042,0.911,8.107,0.77105,-2.2589,-0.8719,-1.7263,-0.82852,10.526,12.037,4.3077,0,0,0,6.4506,6.4628,6.3508,6.5432,-37.115,17.058,7.0208,-44.971,-52.376,-30.58
14.19,-2.6524,-6.6558,0.78452,-0.3034,0.27356,0.036374,0.91203,8.2104,0.89227,-2.2155,-0.87307,-1.7372,-0.82926,10.153,12.205,4.3764,0,0,0,6.4374,6.4516,6.3383,6.5317,-37.557,16.529,6.7145,-43.327,-53.326,-30.675
14.2,-2.5698,-6.6463,0.76259,-0.3066,0.26594,0.041719,0.91298,8.3101,1.0151,-2.1714,-0.87398,-1.7479,-0.82998,9.7749,12.368,4.442,0,0,0,6.4244,6.4407,6.326,6.5204,-37.981,15.992,6.4074,-41.657,-54.241,-30.746
14.21,-2.4862,-6.6355,0.7411,-0.30977,0.25825,0.047077,0.91386,8.4059,1.1396,-2.1266,-0.87465,-1.7584,-0.83069,9.393,12.525,4.5045,0,0,0,6.4116,6.4302,6.3141,6.5094,-38.39,15.445,6.0997,-39.965,-55.12,-30.795
14.22,-2.4017,-6.6235,0.72006,-0.31291,0.25048,0.052451,0.91466,8.4979,1.2656,-2.0813,-0.87507,-1.7687,-0.83138,9.0071,12.677,4.564,0,0,0,6.3991,6.42,6.3026,6.4988,-38.781,14.889,5.7916,-38.249,-55.964,-30.822
14.23,-2.3163,-6.6102,0.69947,-0.31601,0.24265,0.05784,0.91537,8.586,1.3931,-2.0354,-0.87525,-1.7787,-0.83205,8.6175,12.823,4.6204,0,0,0,6.3868,6.4102,6.2916,6.4885,-39.155,14.326,5.4833,-36.512,-56.772,-30.827
14.24,-2.23,-6.5956,0.67935,-0.31908,0.23475,0.063248,0.91601,8.6703,1.522,-1.9889,-0.87517,-1.7884,-0.83268,8.2241,12.963,4.6737,0,0,0,6.3749,6.4008,6.2809,6.4785,-39.511,13.754,5.1751,-34.754,-57.546,-30.811
14.25,-2.1429,-6.5797,0.6597,-0.32211,0.22679,0.068674,0.91657,8.7505,1.6524,-1.9419,-0.87483,-1.7978,-0.83329,7.8273,13.098,4.7239,0,0,0,6.3633,6.3918,6.2708,6.469,-39.85,13.175,4.8672,-32.976,-58.285,-30.773
14.26,-2.055,-6.5625,0.64051,-0.3251,0.21876,0.074119,0.91704,8.8268,1.784,-1.8944,-0.87425,-1.8068,-0.83386,7.4272,13.226,4.771,0,0,0,6.352,6.3833,6.2611,6.4599,-40.17,12.588,4.5597,-31.18,-58.991,-30.715
14.27,-1.9664,-6.544,0.62181,-0.32804,0.21068,0.079584,0.91743,8.899,1.9169,-1.8465,-0.87341,-1.8155,-0.83439,7.0239,13.349,4.8151,0,0,0,6.3412,6.3752,6.252,6.4512,-40.473,11.995,4.2529,-29.365,-59.662,-30.637
14.28,-1.8771,-6.5242,0.60359,-0.33094,0.20254,0.08507,0.91772,8.9673,2.0509,-1.7981,-0.87231,-1.8238,-0.83487,6.6178,13.466,4.8561,0,0,0,6.3307,6.3677,6.2435,6.443,-40.758,11.395,3.947,-27.533,-60.299,-30.539
14.29,-1.7871,-6.503,0.58585,-0.33379,0.19435,0.090577,0.91794,9.0314,2.1862,-1.7494,-0.87095,-1.8316,-0.8353,6.2089,13.577,4.894,0,0,0,6.3207,6.3607,6.2355,6.4354,-41.024,10.789,3.6422,-25.685,-60.902,-30.421
14.3,-1.6964,-6.4805,0.5686,-0.33659,0.18611,0.096104,0.91806,9.0914,2.3225,-1.7003,-0.86933,-1.839,-0.83568,5.7974,13.682,4.9289,0,0,0,6.3112,6.3543,6.2282,6.4282,-41.271,10.177,3.3387,-23.822,-61.473,-30.285
14.31,-1.6052,-6.4566,0.55184,-0.33934,0.17783,0.10165,0.91809,9.1473,2.4598,-1.6508,-0.86745,-1.846,-0.83599,5.3835,13.781,4.9608,0,0,0,6.3021,6.3484,6.2215,6.4216,-41.5,9.5598,3.0366,-21.944,-62.01,-30.129
14.32,-1.5135,-6.4313,0.53558,-0.34204,0.16951,0.10722,0.91803,9.1991,2.5981,-1.6011,-0.86531,-1.8524,-0.83625,4.9674,13.873,4.9897,0,0,0,6.2936,6.3431,6.2154,6.4155,-41.71,8.9372,2.7362,-20.054,-62.515,-29.956
14.33,-1.4213,-6.4046,0.51982,-0.34468,0.16115,0.11281,0.91788,9.2467,2.7372,-1.551,-0.86289,-1.8584,-0.83644,4.5494,13.96,5.0155,0,0,0,6.2856,6.3385,6.21,6.41,-41.901,8.3096,2.4375,-18.15,-62.987,-29.765
14.34,-1.3286,-6.3765,0.50456,-0.34726,0.15276,0.11843,0.91763,9.2901,2.8772,-1.5008,-0.86021,-1.8638,-0.83656,4.1295,14.039,5.0384,0,0,0,6.2782,6.3344,6.2053,6.4051,-42.073,7.6775,2.1409,-16.236,-63.427,-29.556
14.35,-1.2355,-6.3471,0.48981,-0.34979,0.14434,0.12406,0.91729,9.3293,3.018,-1.4503,-0.85726,-1.8687,-0.83661,3.708,14.113,5.0583,0,0,0,6.2713,6.331,6.2013,6.4008,-42.226,7.0412,1.8465,-14.31,-63.835,-29.331
14.36,-1.142,-6.3162,0.47556,-0.35226,0.13589,0.12971,0.91686,9.3642,3.1595,-1.3996,-0.85403,-1.873,-0.83658,3.285,14.18,5.0753,0,0,0,6.2651,6.3282,6.198,6.3971,-42.359,6.4009,1.5544,-12.376,-64.211,-29.088
14.37,-1.0482,-6.2839,0.46182,-0.35466,0.12743,0.13538,0.91632,9.395,3.3016,-1.3488,-0.85054,-1.8767,-0.83647,2.8608,14.241,5.0894,0,0,0,6.2595,6.3261,6.1954,6.3941,-42.473,5.7571,1.2648,-10.432,-64.555,-28.83
14.38,-0.95413,-6.2501,0.44858,-0.35701,0.11895,0.14107,0.9157,9.4214,3.4443,-1.2978,-0.84677,-1.8798,-0.83627,2.4356,14.295,5.1007,0,0,0,6.2545,6.3247,6.1936,6.3917,-42.568,5.1099,0.97782,-8.4808,-64.869,-28.556
14.39,-0.8598,-6.215,0.43586,-0.35929,0.11045,0.14677,0.91497,9.4437,3.5875,-1.2468,-0.84272,-1.8823,-0.836,2.0095,14.343,5.109,0,0,0,6.2502,6.3239,6.1924,6.3899,-42.643,4.4598,0.6937,-6.5227,-65.151,-28.266
14.4,-0.76527,-6.1784,0.42365,-0.3615,0.10196,0.1525,0.91415,9.4616,3.7311,-1.1956,-0.83841,-1.8843,-0.83564,1.5828,14.385,5.1145,0,0,0,6.2465,6.3238,6.1921,6.3888,-42.698,3.807,0.41255,-4.5588,-65.403,-27.961
14.41,-0.67058,-6.1403,0.41195,-0.36365,0.093453,0.15823,0.91323,9.4753,3.8751,-1.1445,-0.83382,-1.8856,-0.83519,1.1556,14.419,5.1173,0,0,0,6.2436,6.3244,6.1924,6.3883,-42.734,3.1518,0.13452,-2.5899,-65.624,-27.642
14.42,-0.57578,-6.1009,0.40076,-0.36574,0.084953,0.16399,0.91221,9.4847,4.0195,-1.0933,-0.82896,-1.8862,-0.83466,0.72821,14.448,5.1172,0,0,0,6.2413,6.3256,6.1935,6.3885,-42.75,2.4946,-0.14024,-0.61697,-65.815,-27.308
14.43,-0.4809,-6.06,0.39008,-0.36776,0.076458,0.16975,0.91109,9.4899,4.1641,-1.0422,-0.82382,-1.8863,-0.83403,0.30071,14.469,5.1145,0,0,0,6.2397,6.3276,6.1953,6.3894,-42.746,1.8356,-0.4116,1.359,-65.976,-26.961
14.44,-0.38599,-6.0176,0.37992,-0.36971,0.067974,0.17553,0.90988,9.4908,4.3089,-0.99103,-0.81842,-1.8857,-0.83332,-0.12665,14.484,5.109,0,0,0,6.2389,6.3302,6.1978,6.3909,-42.723,1.1752,-0.67941,3.3372,-66.107,-26.6
14.45,-0.2911,-5.9738,0.37026,-0.37159,0.059505,0.18131,0.90857,9.4873,4.4537,-0.93998,-0.81275,-1.8845,-0.83252,-0.55368,14.493,5.1009,0,0,0,6.2387,6.3335,6.2011,6.393,-42.68,0.5136,-0.94355,5.3165,-66.209,-26.226
14.46,-0.19626,-5.9285,0.36112,-0.37341,0.051055,0.18711,0.90717,9.4797,4.5987,-0.88902,-0.80681,-1.8827,-0.83164,-0.98017,14.495,5.0902,0,0,0,6.2393,6.3374,6.205,6.3958,-42.617,-0.14888,-1.2039,7.2962,-66.282,-25.84
14.47,-0.10152,-5.8818,0.35248,-0.37516,0.042628,0.19291,0.90566,9.4677,4.7436,-0.83819,-0.8006,-1.8803,-0.83067,-1.4059,14.49,5.0768,0,0,0,6.2406,6.342,6.2096,6.3992,-42.534,-0.81194,-1.4603,9.2751,-66.325,-25.441
14.48,-0.0069205,-5.8336,0.34435,-0.37683,0.034229,0.19872,0.90407,9.4516,4.8885,-0.7875,-0.79414,-1.8773,-0.82962,-1.8308,14.478,5.061,0,0,0,6.2426,6.3472,6.215,6.4033,-42.431,-1.4753,-1.7127,11.253,-66.34,-25.03
14.49,0.087497,-5.784,0.33673,-0.37844,0.025861,0.20453,0.90237,9.4311,5.0332,-0.73698,-0.78742,-1.8737,-0.82848,-2.2545,14.46,5.0426,0,0,0,6.2453,6.3531,6.2209,6.408,-42.309,-2.1386,-1.9609,13.227,-66.327,-24.608
14.5,0.18169,-5.733,0.32961,-0.37998,0.01753,0.21035,0.90059,9.4065,5.1776,-0.68665,-0.78045,-1.8695,-0.82727,-2.6769,14.436,5.0218,0,0,0,6.2487,6.3596,6.2275,6.4132,-42.166,-2.8017,-2.2048,15.199,-66.285,-24.175
14.51,0.27561,-5.6805,0.323,-0.38145,0.0092376,0.21617,0.89871,9.3776,5.3218,-0.63655,-0.77322,-1.8648,-0.82599,-3.0978,14.404,4.9985,0,0,0,6.2528,6.3667,6.2348,6.4191,-42.005,-3.4642,-2.4443,17.166,-66.215,-23.732
14.52,0.36923,-5.6265,0.31688,-0.38285,0.00098916,0.22198,0.89674,9.3445,5.4657,-0.58669,-0.76575,-1.8595,-0.82463,-3.5169,14.366,4.9729,0,0,0,6.2576,6.3744,6.2426,6.4255,-41.823,-4.1259,-2.6794,19.128,-66.118,-23.278
14.53,0.46249,-5.5712,0.31126,-0.38419,-0.0072121,0.2278,0.89468,9.3073,5.6092,-0.5371,-0.75804,-1.8537,-0.82321,-3.9342,14.322,4.9449,0,0,0,6.2631,6.3826,6.251,6.4325,-41.622,-4.7865,-2.9099,21.083,-65.993,-22.814
14.54,0.55536,-5.5144,0.30614,-0.38545,-0.015363,0.23361,0.89253,9.2659,5.7521,-0.4878,-0.7501,-1.8474,-0.82173,-4.3493,14.271,4.9147,0,0,0,6.2692,6.3914,6.2599,6.44,-41.402,-5.4457,-3.1357,23.031,-65.841,-22.341
14.55,0.64779,-5.4561,0.3015,-0.38665,-0.023459,0.23942,0.8903,9.2203,5.8945,-0.43881,-0.74193,-1.8406,-0.82019,-4.7621,14.213,4.8822,0,0,0,6.276,6.4007,6.2693,6.448,-41.162,-6.1032,-3.3567,24.972,-65.662,-21.859
14.56,0.73975,-5.3965,0.29736,-0.38777,-0.031498,0.24522,0.88798,9.1706,6.0364,-0.39016,-0.73353,-1.8334,-0.8186,-5.1725,14.149,4.8476,0,0,0,6.2833,6.4105,6.2793,6.4565,-40.902,-6.7589,-3.5728,26.903,-65.457,-21.368
14.57,0.83119,-5.3354,0.2937,-0.38883,-0.039477,0.25101,0.88558,9.1169,6.1775,-0.34187,-0.72491,-1.8257,-0.81696,-5.5801,14.078,4.8108,0,0,0,6.2913,6.4207,6.2896,6.4655,-40.624,-7.4123,-3.784,28.824,-65.225,-20.869
14.58,0.92207,-5.2729,0.29052,-0.38982,-0.047392,0.2568,0.88309,9.059,6.3179,-0.29395,-0.71608,-1.8177,-0.81529,-5.9849,14,4.7719,0,0,0,6.2999,6.4314,6.3004,6.4749,-40.326,-8.0633,-3.9902,30.734,-64.967,-20.363
14.59,1.0124,-5.2091,0.28782,-0.39075,-0.055241,0.26257,0.88052,8.9972,6.4575,-0.24643,-0.70705,-1.8092,-0.81358,-6.3866,13.916,4.731,0,0,0,6.309,6.4426,6.3116,6.4846,-40.009,-8.7115,-4.1912,32.633,-64.683,-19.849
14.6,1.102,-5.1438,0.28559,-0.3916,-0.063022,0.26834,0.87788,8.9313,6.5962,-0.19934,-0.69782,-1.8005,-0.81185,-6.785,13.826,4.6881,0,0,0,6.3186,6.4541,6.3232,6.4948,-39.673,-9.3568,-4.3871,34.518,-64.373,-19.327
14.61,1.191,-5.0771,0.28383,-0.39239,-0.070731,0.27409,0.87516,8.8615,6.734,-0.15268,-0.68839,-1.7914,-0.8101,-7.18,13.729,4.6433,0,0,0,6.3287,6.4659,6.335,6.5053,-39.319,-9.9989,-4.5778,36.39,-64.038,-18.799
14.62,1.2792,-5.0091,0.28254,-0.39312,-0.078368,0.27982,0.87236,8.7877,6.8708,-0.10648,-0.67878,-1.782,-0.80834,-7.5713,13.626,4.5966,0,0,0,6.3393,6.4781,6.3472,6.5161,-38.945,-10.638,-4.7631,38.248,-63.678,-18.265
14.63,1.3667,-4.9397,0.2817,-0.39378,-0.085928,0.28555,0.86949,8.7101,7.0065,-0.060753,-0.66898,-1.7723,-0.80657,-7.9588,13.517,4.548,0,0,0,6.3503,6.4906,6.3596,6.5272,-38.554,-11.272,-4.943,40.089,-63.293,-17.725
14.64,1.4534,-4.869,0.28132,-0.39437,-0.093412,0.29125,0.86656,8.6286,7.1411,-0.015523,-0.65902,-1.7625,-0.80481,-8.3423,13.401,4.4977,0,0,0,6.3617,6.5034,6.3721,6.5385,-38.144,-11.903,-5.1176,41.915,-62.883,-17.18
14.65,1.5393,-4.7969,0.28139,-0.3949,-0.10082,0.29694,0.86355,8.5432,7.2745,0.029196,-0.64889,-1.7524,-0.80306,-8.7216,13.278,4.4457,0,0,0,6.3734,6.5163,6.3849,6.5501,-37.715,-12.53,-5.2866,43.722,-62.449,-16.63
14.66,1.6243,-4.7235,0.2819,-0.39536,-0.10814,0.30261,0.86048,8.4541,7.4066,0.073386,-0.63859,-1.7422,-0.80134,-9.0965,13.15,4.392,0,0,0,6.3855,6.5295,6.3978,6.5618,-37.269,-13.152,-5.4502,45.512,-61.991,-16.075
14.67,1.7083,-4.6488,0.28285,-0.39577,-0.11538,0.30827,0.85734,8.3613,7.5374,0.11703,-0.62815,-1.7319,-0.79964,-9.4669,13.015,4.3367,0,0,0,6.3978,6.5428,6.4107,6.5737,-36.805,-13.77,-5.6081,47.282,-61.508,-15.515
14.68,1.7915,-4.5728,0.28424,-0.3961,-0.12254,0.3139,0.85414,8.2648,7.6669,0.16012,-0.61756,-1.7215,-0.79797,-9.8326,12.875,4.2799,0,0,0,6.4104,6.5563,6.4237,6.5856,-36.324,-14.382,-5.7605,49.032,-61.003,-14.952
14.69,1.8736,-4.4954,0.28605,-0.39638,-0.12962,0.31952,0.85088,8.1647,7.7949,0.20262,-0.60683,-1.711,-0.79636,-10.193,12.728,4.2215,0,0,0,6.4232,6.5698,6.4368,6.5977,-35.825,-14.99,-5.9071,50.76,-60.474,-14.386
14.7,1.9548,-4.4169,0.28829,-0.3966,-0.13661,0.32511,0.84756,8.061,7.9214,0.24454,-0.59596,-1.7005,-0.79479,-10.549,12.575,4.1618,0,0,0,6.4362,6.5833,6.4497,6.6097,-35.309,-15.592,-6.0482,52.467,-59.921,-13.816
14.71,2.0348,-4.337,0.29094,-0.39675,-0.14352,0.33068,0.84418,7.9537,8.0464,0.28585,-0.58497,-1.6899,-0.79329,-10.899,12.416,4.1006,0,0,0,6.4493,6.5969,6.4626,6.6217,-34.775,-16.188,-6.1835,54.151,-59.346,-13.244
14.72,2.1138,-4.2559,0.29401,-0.39684,-0.15034,0.33623,0.84075,7.843,8.1697,0.32655,-0.57386,-1.6794,-0.79186,-11.244,12.251,4.0381,0,0,0,6.4624,6.6105,6.4754,6.6337,-34.226,-16.779,-6.313,55.81,-58.749,-12.67
14.73,2.1917,-4.1736,0.29747,-0.39687,-0.15708,0.34176,0.83727,7.7288,8.2914,0.36661,-0.56263,-1.669,-0.7905,-11.584,12.08,3.9744,0,0,0,6.4757,6.6239,6.4881,6.6456,-33.659,-17.363,-6.4369,57.445,-58.129,-12.094
14.74,2.2684,-4.0901,0.30134,-0.39684,-0.16373,0.34727,0.83373,7.6113,8.4113,0.40603,-0.5513,-1.6586,-0.78924,-11.918,11.904,3.9094,0,0,0,6.4889,6.6373,6.5005,6.6574,-33.077,-17.941,-6.5549,59.054,-57.486,-11.516
14.75,2.3439,-4.0054,0.30559,-0.39675,-0.17029,0.35276,0.83015,7.4905,8.5295,0.4448,-0.53986,-1.6483,-0.78807,-12.245,11.722,3.8433,0,0,0,6.502,6.6506,6.5127,6.669,-32.478,-18.513,-6.6672,60.636,-56.823,-10.937
14.76,2.4182,-3.9195,0.31023,-0.3966,-0.17677,0.35822,0.82652,7.3664,8.6457,0.48289,-0.52832,-1.6382,-0.787,-12.567,11.534,3.7761,0,0,0,6.5151,6.6636,6.5246,6.6804,-31.864,-19.077,-6.7737,62.19,-56.137,-10.358
14.77,2.4912,-3.8325,0.31525,-0.39639,-0.18316,0.36367,0.82284,7.2392,8.7601,0.52031,-0.51669,-1.6283,-0.78605,-12.883,11.34,3.7078,0,0,0,6.528,6.6765,6.5362,6.6916,-31.235,-19.635,-6.8743,63.716,-55.43,-9.7786
14.78,2.563,-3.7443,0.32063,-0.39612,-0.18946,0.36909,0.81912,7.1088,8.8725,0.55705,-0.50497,-1.6185,-0.78521,-13.192,11.141,3.6386,0,0,0,6.5408,6.6891,6.5475,6.7025,-30.59,-20.186,-6.9692,65.212,-54.702,-9.1993
14.79,2.6334,-3.6551,0.32638,-0.3958,-0.19569,0.37449,0.81536,6.9754,8.9829,0.59308,-0.49317,-1.609,-0.78451,-13.494,10.936,3.5685,0,0,0,6.5534,6.7015,6.5583,6.7131,-29.93,-20.729,-7.0583,66.678,-53.953,-8.6205
14.8,2.7025,-3.5647,0.33249,-0.39541,-0.20182,0.37986,0.81156,6.8389,9.0912,0.62841,-0.48129,-1.5997,-0.78394,-13.79,10.726,3.4975,0,0,0,6.5657,6.7135,6.5687,6.7233,-29.256,-21.265,-7.1416,68.112,-53.184,-8.0427
14.81,2.7702,-3.4732,0.33895,-0.39496,-0.20788,0.38522,0.80771,6.6996,9.1974,0.66303,-0.46933,-1.5907,-0.78352,-14.079,10.511,3.4256,0,0,0,6.5777,6.7251,6.5787,6.7332,-28.568,-21.793,-7.2192,69.514,-52.394,-7.4662
14.82,2.8364,-3.3807,0.34575,-0.39446,-0.21385,0.39056,0.80383,6.5574,9.3014,0.69692,-0.45731,-1.5819,-0.78325,-14.362,10.291,3.3531,0,0,0,6.5894,6.7364,6.5882,6.7426,-27.866,-22.313,-7.291,70.882,-51.585,-6.8915
14.83,2.9013,-3.2872,0.35289,-0.39389,-0.21973,0.39587,0.79991,6.4124,9.4032,0.73009,-0.44522,-1.5735,-0.78314,-14.637,10.065,3.2798,0,0,0,6.6008,6.7473,6.5971,6.7516,-27.151,-22.824,-7.357,72.217,-50.755,-6.319
14.84,2.9647,-3.1927,0.36035,-0.39327,-0.22554,0.40116,0.79595,6.2647,9.5027,0.76252,-0.43307,-1.5654,-0.78321,-14.905,9.8342,3.206,0,0,0,6.6117,6.7577,6.6054,6.7601,-26.422,-23.328,-7.4174,73.516,-49.906,-5.7491
14.85,3.0266,-3.0972,0.36813,-0.39259,-0.23127,0.40644,0.79196,6.1143,9.5999,0.79421,-0.42086,-1.5577,-0.78345,-15.165,9.5984,3.1315,0,0,0,6.6222,6.7676,6.6132,6.768,-25.681,-23.823,-7.472,74.779,-49.038,-5.1821
14.86,3.087,-3.0007,0.37623,-0.39185,-0.23692,0.41169,0.78793,5.9614,9.6947,0.82515,-0.40859,-1.5503,-0.78387,-15.418,9.3578,3.0565,0,0,0,6.6322,6.777,6.6203,6.7755,-24.927,-24.308,-7.521,76.005,-48.15,-4.6185
14.87,3.1458,-2.9033,0.38463,-0.39104,-0.24249,0.41693,0.78387,5.806,9.787,0.85534,-0.39628,-1.5433,-0.78448,-15.664,9.1123,2.9811,0,0,0,6.6417,6.7859,6.6267,6.7823,-24.161,-24.785,-7.5644,77.193,-47.244,-4.0587
14.88,3.2031,-2.805,0.39334,-0.39018,-0.24798,0.42215,0.77978,5.6481,9.8769,0.88477,-0.38391,-1.5368,-0.7853,-15.901,8.8621,2.9053,0,0,0,6.6506,6.7942,6.6325,6.7885,-23.383,-25.253,-7.6022,78.342,-46.319,-3.503
14.89,3.2587,-2.7058,0.40233,-0.38926,-0.2534,0.42735,0.77565,5.488,9.9643,0.91344,-0.3715,-1.5306,-0.78632,-16.131,8.6072,2.8291,0,0,0,6.659,6.8019,6.6375,6.7941,-22.594,-25.712,-7.6345,79.452,-45.376,-2.9519
14.9,3.3128,-2.6057,0.4116,-0.38828,-0.25875,0.43254,0.77149,5.3255,10.049,0.94135,-0.35905,-1.5249,-0.78755,-16.353,8.3479,2.7526,0,0,0,6.6668,6.809,6.6418,6.7991,-21.794,-26.161,-7.6613,80.52,-44.415,-2.4058
14.91,3.3653,-2.5048,0.42115,-0.38723,-0.26402,0.43771,0.7673,5.1609,10.131,0.96849,-0.34656,-1.5197,-0.78901,-16.567,8.0841,2.6759,0,0,0,6.6739,6.8155,6.6453,6.8033,-20.984,-26.6,-7.6826,81.547,-43.436,-1.865
14.92,3.416,-2.4031,0.43097,-0.38613,-0.26922,0.44287,0.76308,4.9942,10.211,0.99487,-0.33403,-1.5149,-0.79069,-16.773,7.8159,2.599,0,0,0,6.6804,6.8212,6.648,6.8069,-20.163,-27.029,-7.6986,82.532,-42.44,-1.33
14.93,3.4651,-2.3006,0.44105,-0.38496,-0.27435,0.44801,0.75883,4.8255,10.288,1.0205,-0.32147,-1.5106,-0.7926,-16.97,7.5435,2.5219,0,0,0,6.6862,6.8263,6.65,6.8097,-19.333,-27.449,-7.7092,83.472,-41.426,-0.80112
14.94,3.5125,-2.1973,0.45138,-0.38373,-0.27942,0.45314,0.75455,4.6549,10.362,1.0453,-0.30887,-1.5069,-0.79476,-17.159,7.267,2.4448,0,0,0,6.6912,6.8307,6.651,6.8117,-18.494,-27.858,-7.7146,84.369,-40.396,-0.27885
14.95,3.5582,-2.0934,0.46195,-0.38243,-0.28442,0.45826,0.75024,4.4823,10.433,1.0694,-0.29625,-1.5036,-0.79716,-17.34,6.9864,2.3676,0,0,0,6.6956,6.8344,6.6512,6.813,-17.646,-28.257,-7.7148,85.22,-39.348,0.23647
14.96,3.6022,-1.9887,0.47276,-0.38108,-0.28935,0.46336,0.74589,4.3081,10.501,1.0927,-0.2836,-1.5009,-0.79981,-17.512,6.7019,2.2905,0,0,0,6.6992,6.8373,6.6506,6.8135,-16.79,-28.645,-7.7099,86.024,-38.284,0.74441
14.97,3.6444,-1.8833,0.4838,-0.37965,-0.29422,0.46846,0.74152,4.1321,10.567,1.1152,-0.27092,-1.4987,-0.80273,-17.676,6.4135,2.2135,0,0,0,6.702,6.8395,6.649,6.8133,-15.926,-29.022,-7.7,86.781,-37.204,1.2446
14.98,3.6848,-1.7774,0.49506,-0.37816,-0.29902,0.47354,0.73711,3.9546,10.63,1.1369,-0.25822,-1.497,-0.8059,-17.831,6.1215,2.1365,0,0,0,6.704,6.8409,6.6466,6.8122,-15.054,-29.389,-7.6851,87.49,-36.108,1.7366
14.99,3.7235,-1.6708,0.50654,-0.3766,-0.30377,0.47862,0.73268,3.7755,10.689,1.1579,-0.24551,-1.4959,-0.80935,-17.977,5.8258,2.0598,0,0,0,6.7052,6.8415,6.6433,6.8102,-14.176,-29.744,-7.6653,88.15,-34.996,2.2201
15,3.7603,-1.5636,0.51822,-0.37498,-0.30846,0.48369,0.72821,3.5951,10.746,1.1781,-0.23277,-1.4954,-0.81307,-18.114,5.5266,1.9832,0,0,0,6.7056,6.8413,6.639,6.8075,-13.291,-30.089,-7.6407,88.76,-33.869,2.6946
15.01,3.7954,-1.4558,0.5301,-0.37329,-0.31309,0.48875,0.72371,3.4133,10.8,1.1976,-0.22002,-1.4955,-0.81707,-18.243,5.2241,1.907,0,0,0,6.7051,6.8403,6.6339,6.8039,-12.401,-30.422,-7.6114,89.319,-32.726,3.1597
15.02,3.8286,-1.3476,0.54217,-0.37152,-0.31766,0.49381,0.71918,3.2303,10.851,1.2163,-0.20726,-1.4961,-0.82136,-18.362,4.9182,1.831,0,0,0,6.7039,6.8386,6.6278,6.7995,-11.505,-30.743,-7.5775,89.825,-31.568,3.6151
15.03,3.86,-1.2388,0.55442,-0.36969,-0.32218,0.49886,0.71461,3.0461,10.898,1.2342,-0.19449,-1.4973,-0.82593,-18.473,4.6092,1.7554,0,0,0,6.7017,6.836,6.6208,6.7942,-10.605,-31.053,-7.5391,90.279,-30.396,4.0603
15.04,3.8895,-1.1296,0.56685,-0.36778,-0.32665,0.50391,0.71001,2.8608,10.943,1.2514,-0.18172,-1.4992,-0.83079,-18.574,4.2972,1.6803,0,0,0,6.6987,6.8326,6.6129,6.7881,-9.6998,-31.351,-7.4964,90.679,-29.209,4.4949
15.05,3.9172,-1.02,0.57944,-0.3658,-0.33106,0.50895,0.70538,2.6746,10.984,1.2678,-0.16894,-1.5016,-0.83596,-18.667,3.9822,1.6055,0,0,0,6.6949,6.8284,6.6041,6.7811,-8.7912,-31.637,-7.4493,91.025,-28.008,4.9186
15.06,3.943,-0.90997,0.5922,-0.36375,-0.33543,0.51399,0.70071,2.4875,11.022,1.2835,-0.15617,-1.5047,-0.84142,-18.75,3.6645,1.5313,0,0,0,6.6902,6.8234,6.5944,6.7734,-7.8795,-31.911,-7.398,91.314,-26.793,5.3309
15.07,3.9669,-0.79957,0.60511,-0.36162,-0.33974,0.51903,0.696,2.2996,11.057,1.2984,-0.1434,-1.5083,-0.84718,-18.824,3.3441,1.4576,0,0,0,6.6846,6.8176,6.5838,6.7647,-6.9651,-32.173,-7.3427,91.547,-25.565,5.7314
15.08,3.989,-0.68884,0.61817,-0.35941,-0.34402,0.52407,0.69125,2.1111,11.089,1.3126,-0.13065,-1.5126,-0.85324,-18.89,3.0211,1.3845,0,0,0,6.6782,6.811,6.5723,6.7553,-6.0487,-32.422,-7.2834,91.723,-24.323,6.1198
15.09,4.0091,-0.5778,0.63136,-0.35713,-0.34824,0.5291,0.68647,1.9219,11.118,1.3261,-0.1179,-1.5175,-0.85961,-18.945,2.6957,1.3119,0,0,0,6.6709,6.8036,6.5599,6.7451,-5.1308,-32.659,-7.2203,91.84,-23.067,6.4957
15.1,4.0274,-0.46649,0.64469,-0.35476,-0.35242,0.53414,0.68164,1.7322,11.143,1.3389,-0.10518,-1.523,-0.86628,-18.992,2.3679,1.2401,0,0,0,6.6628,6.7954,6.5467,6.7341,-4.2121,-32.884,-7.1536,91.898,-21.799,6.8588
15.11,4.0438,-0.35495,0.65814,-0.35232,-0.35656,0.53918,0.67677,1.5421,11.165,1.3509,-0.092488,-1.5292,-0.87326,-19.03,2.038,1.1689,0,0,0,6.6539,6.7865,6.5327,6.7223,-3.2931,-33.095,-7.0832,91.899,-20.519,7.2093
15.12,4.0583,-0.2432,0.6717,-0.34979,-0.36066,0.54422,0.67186,1.3516,11.184,1.3623,-0.079824,-1.5359,-0.88054,-19.058,1.7061,1.0984,0,0,0,6.6441,6.7768,6.5179,6.7097,-2.3743,-33.294,-7.0094,91.843,-19.226,7.5474
15.13,4.0708,-0.13128,0.68538,-0.34717,-0.36471,0.54926,0.66691,1.1609,11.199,1.3729,-0.067195,-1.5433,-0.88812,-19.077,1.3722,1.0287,0,0,0,6.6335,6.7664,6.5023,6.6965,-1.4564,-33.48,-6.9323,91.731,-17.923,7.8732
15.14,4.0815,-0.019225,0.69916,-0.34447,-0.36873,0.5543,0.66191,0.9701,11.211,1.3828,-0.054606,-1.5512,-0.896,-19.087,1.0365,0.95977,0,0,0,6.6221,6.7553,6.486,6.6825,-0.53987,-33.652,-6.852,91.564,-16.608,8.1867
15.15,4.0902,0.092934,0.71303,-0.34169,-0.37271,0.55934,0.65686,0.77922,11.22,1.3921,-0.042063,-1.5598,-0.90418,-19.088,0.69918,0.89167,0,0,0,6.6099,6.7435,6.469,6.6679,0.37471,-33.812,-6.7686,91.343,-15.284,8.4883
15.16,4.0971,0.20516,0.727,-0.33881,-0.37666,0.56439,0.65177,0.58837,11.225,1.4007,-0.02957,-1.569,-0.91265,-19.08,0.36032,0.82441,0,0,0,6.5969,6.731,6.4513,6.6526,1.2868,-33.958,-6.6823,91.068,-13.949,8.7779
15.17,4.102,0.31743,0.74105,-0.33585,-0.38057,0.56943,0.64662,0.39766,11.227,1.4086,-0.017132,-1.5787,-0.92141,-19.062,0.020066,0.75803,0,0,0,6.5832,6.7179,6.433,6.6367,2.1959,-34.091,-6.5931,90.742,-12.605,9.0557
15.18,4.105,0.4297,0.75517,-0.33279,-0.38444,0.57448,0.64142,0.20716,11.226,1.4158,-0.0047552,-1.5891,-0.93045,-19.036,-0.32145,0.69256,0,0,0,6.5688,6.7042,6.4141,6.6203,3.1015,-34.21,-6.5012,90.364,-11.253,9.3219
15.19,4.1061,0.54193,0.76936,-0.32965,-0.38828,0.57953,0.63617,0.01697,11.221,1.4224,0.0075561,-1.5999,-0.93977,-19,-0.66409,0.62802,0,0,0,6.5536,6.6899,6.3946,6.6033,4.003,-34.316,-6.4067,89.935,-9.8922,9.5766
15.2,4.1053,0.6541,0.78362,-0.3264,-0.39209,0.58459,0.63086,-0.17282,11.212,1.4284,0.019796,-1.6114,-0.94935,-18.956,-1.0077,0.56443,0,0,0,6.5378,6.6751,6.3746,6.5858,4.9,-34.408,-6.3097,89.456,-8.5238,9.8199
15.21,4.1027,0.76617,0.79793,-0.32306,-0.39586,0.58964,0.6255,-0.36211,11.201,1.4337,0.03196,-1.6233,-0.95919,-18.902,-1.3522,0.50183,0,0,0,6.5214,6.6597,6.3542,6.5678,5.792,-34.486,-6.2103,88.929,-7.1481,10.052
15.22,4.0981,0.8781,0.81229,-0.31963,-0.39961,0.59469,0.62007,-0.55083,11.185,1.4384,0.04404,-1.6358,-0.96928,-18.84,-1.6974,0.44023,0,0,0,6.5043,6.6439,6.3334,6.5494,6.6784,-34.551,-6.1087,88.354,-5.7657,10.273
15.23,4.0917,0.98986,0.82669,-0.31609,-0.40332,0.59975,0.61459,-0.73888,11.167,1.4425,0.056033,-1.6487,-0.9796,-18.769,-2.0432,0.37966,0,0,0,6.4867,6.6276,6.3122,6.5307,7.5589,-34.602,-6.0049,87.732,-4.3771,10.483
15.24,4.0833,1.1014,0.84114,-0.31246,-0.407,0.6048,0.60905,-0.92618,11.144,1.446,0.06793,-1.6622,-0.99015,-18.689,-2.3894,0.32014,0,0,0,6.4685,6.611,6.2908,6.5116,8.4329,-34.638,-5.8991,87.064,-2.9828,10.682
15.25,4.0731,1.2127,0.85561,-0.30872,-0.41066,0.60985,0.60344,-1.1126,11.119,1.4489,0.079726,-1.676,-1.0009,-18.6,-2.7359,0.26169,0,0,0,6.4498,6.5939,6.2691,6.4923,9.3,-34.661,-5.7913,86.35,-1.5833,10.871
15.26,4.0611,1.3238,0.87011,-0.30489,-0.41428,0.6149,0.59776,-1.2982,11.09,1.4513,0.091414,-1.6903,-1.0119,-18.503,-3.0826,0.20432,0,0,0,6.4306,6.5765,6.2472,6.4727,10.16,-34.67,-5.6817,85.592,-0.17919,11.049
15.27,4.0472,1.4345,0.88464,-0.30094,-0.41787,0.61994,0.59202,-1.4827,11.057,1.453,0.10299,-1.705,-1.023,-18.397,-3.4293,0.14806,0,0,0,6.4109,6.5589,6.2252,6.453,11.012,-34.665,-5.5704,84.791,1.2291,11.216
15.28,4.0314,1.5449,0.89917,-0.2969,-0.42143,0.62498,0.58621,-1.6661,11.021,1.4542,0.11444,-1.72,-1.0343,-18.283,-3.7758,0.092922,0,0,0,6.3909,6.541,6.2032,6.4332,11.855,-34.646,-5.4574,83.948,2.6411,11.373
15.29,4.0139,1.6549,0.91372,-0.29275,-0.42497,0.63001,0.58033,-1.8483,10.982,1.4549,0.12576,-1.7353,-1.0457,-18.16,-4.1221,0.038919,0,0,0,6.3705,6.5228,6.1812,6.4132,12.691,-34.612,-5.3429,83.062,4.0562,11.52
15.3,3.9945,1.7645,0.92827,-0.28849,-0.42847,0.63504,0.57438,-2.0292,10.939,1.455,0.13694,-1.751,-1.0573,-18.029,-4.468,-0.013932,0,0,0,6.3498,6.5046,6.1593,6.3933,13.517,-34.564,-5.227,82.136,5.474,11.657
15.31,3.9733,1.8737,0.94282,-0.28412,-0.43194,0.64005,0.56836,-2.2088,10.892,1.4546,0.14797,-1.7668,-1.0689,-17.89,-4.8134,-0.065617,0,0,0,6.3289,6.4862,6.1375,6.3734,14.333,-34.503,-5.1098,81.17,6.8939,11.785
15.32,3.9503,1.9824,0.95736,-0.27965,-0.43539,0.64506,0.56226,-2.387,10.842,1.4537,0.15885,-1.7829,-1.0807,-17.742,-5.158,-0.11612,0,0,0,6.3077,6.4678,6.116,6.3537,15.14,-34.427,-4.9914,80.165,8.3154,11.902
15.33,3.9255,2.0905,0.97189,-0.27507,-0.4388,0.65005,0.55608,-2.5636,10.789,1.4523,0.16956,-1.7991,-1.0924,-17.587,-5.5018,-0.16544,0,0,0,6.2863,6.4493,6.0948,6.334,15.936,-34.336,-4.8718,79.122,9.738,12.01
15.34,3.899,2.1981,0.9864,-0.27039,-0.44218,0.65502,0.54984,-2.7387,10.732,1.4504,0.1801,-1.8155,-1.1043,-17.423,-5.8447,-0.21356,0,0,0,6.2648,6.4309,6.0739,6.3146,16.722,-34.232,-4.7512,78.042,11.161,12.108
15.35,3.8708,2.3052,1.0009,-0.26559,-0.44552,0.65998,0.54351,-2.9121,10.672,1.448,0.19046,-1.8319,-1.1161,-17.252,-6.1864,-0.26046,0,0,0,6.2432,6.4125,6.0535,6.2955,17.497,-34.113,-4.6297,76.926,12.585,12.197
15.36,3.8408,2.4116,1.0154,-0.26069,-0.44883,0.66491,0.5371,-3.0837,10.609,1.4452,0.20062,-1.8483,-1.1278,-17.074,-6.5269,-0.30615,0,0,0,6.2216,6.3943,6.0336,6.2767,18.261,-33.98,-4.5073,75.774,14.007,12.277
15.37,3.8091,2.5173,1.0298,-0.25568,-0.45211,0.66983,0.53062,-3.2535,10.542,1.4419,0.21058,-1.8647,-1.1396,-16.887,-6.866,-0.35061,0,0,0,6.2,6.3762,6.0143,6.2583,19.012,-33.833,-4.3842,74.587,15.429,12.347
15.38,3.7757,2.6224,1.0442,-0.25056,-0.45535,0.67472,0.52406,-3.4214,10.471,1.4382,0.22033,-1.881,-1.1512,-16.693,-7.2035,-0.39383,0,0,0,6.1785,6.3583,5.9956,6.2403,19.752,-33.671,-4.2604,73.367,16.85,12.409
15.39,3.7407,2.7268,1.0586,-0.24534,-0.45855,0.67958,0.51741,-3.5874,10.398,1.434,0.22985,-1.8972,-1.1627,-16.492,-7.5394,-0.43581,0,0,0,6.1571,6.3407,5.9777,6.2229,20.48,-33.496,-4.136,72.115,18.268,12.462
15.4,3.704,2.8303,1.0729,-0.24001,-0.46171,0.68441,0.51069,-3.7513,10.321,1.4295,0.23914,-1.9131,-1.174,-16.284,-7.8734,-0.47655,0,0,0,6.1359,6.3235,5.9606,6.206,21.194,-33.306,-4.0112,70.83,19.684,12.506
15.41,3.6657,2.9332,1.0871,-0.23458,-0.46484,0.6892,0.50388,-3.913,10.24,1.4245,0.24819,-1.9288,-1.1852,-16.068,-8.2054,-0.51603,0,0,0,6.1149,6.3065,5.9443,6.1897,21.896,-33.102,-3.8859,69.515,21.098,12.542
15.42,3.6257,3.0351,1.1014,-0.22904,-0.46791,0.69396,0.497,-4.0726,10.157,1.4192,0.25698,-1.9441,-1.1961,-15.846,-8.5354,-0.55426,0,0,0,6.0942,6.29,5.929,6.1741,22.585,-32.884,-3.7604,68.169,22.507,12.569
15.43,3.5842,3.1363,1.1155,-0.22341,-0.47095,0.69868,0.49004,-4.2299,10.07,1.4134,0.2655,-1.959,-1.2068,-15.617,-8.8631,-0.59124,0,0,0,6.0738,6.2739,5.9146,6.1592,23.259,-32.652,-3.6346,66.795,23.913,12.588
15.44,3.5411,3.2365,1.1296,-0.21768,-0.47394,0.70336,0.48299,-4.3849,9.9793,1.4073,0.27376,-1.9735,-1.2172,-15.381,-9.1884,-0.62696,0,0,0,6.0539,6.2584,5.9013,6.145,23.92,-32.406,-3.5086,65.392,25.314,12.599
15.45,3.4965,3.3358,1.1437,-0.21185,-0.47688,0.70799,0.47587,-4.5375,9.8858,1.4009,0.28173,-1.9875,-1.2273,-15.138,-9.5112,-0.66141,0,0,0,6.0344,6.2433,5.8891,6.1317,24.567,-32.146,-3.3826,63.962,26.71,12.602
15.46,3.4504,3.4342,1.1577,-0.20594,-0.47977,0.71258,0.46866,-4.6877,9.789,1.3941,0.2894,-2.0009,-1.237,-14.889,-9.8313,-0.69461,0,0,0,6.0155,6.2289,5.8781,6.1192,25.2,-31.872,-3.2566,62.505,28.101,12.597
15.47,3.4028,3.5316,1.1716,-0.19993,-0.48261,0.71711,0.46138,-4.8353,9.6891,1.387,0.29677,-2.0136,-1.2462,-14.634,-10.149,-0.72654,0,0,0,5.9971,6.215,5.8682,6.1077,25.817,-31.584,-3.1307,61.023,29.485,12.585
15.48,3.3537,3.628,1.1854,-0.19384,-0.4854,0.72158,0.45402,-4.9803,9.5861,1.3796,0.30383,-2.0257,-1.2551,-14.373,-10.463,-0.75722,0,0,0,5.9794,6.2019,5.8597,6.0971,26.42,-31.282,-3.0049,59.516,30.863,12.564
15.49,3.3032,3.7233,1.1991,-0.18767,-0.48813,0.726,0.44659,-5.1227,9.4799,1.3719,0.31057,-2.037,-1.2635,-14.106,-10.774,-0.78664,0,0,0,5.9623,6.1894,5.8523,6.0874,27.007,-30.967,-2.8794,57.985,32.234,12.537
15.5,3.2513,3.8176,1.2128,-0.18142,-0.4908,0.73035,0.43908,-5.2624,9.3706,1.3639,0.31698,-2.0474,-1.2714,-13.833,-11.082,-0.81481,0,0,0,5.9461,6.1777,5.8464,6.0788,27.58,-30.637,-2.7542,56.432,33.598,12.502
15.51,3.198,3.9107,1.2264,-0.1751,-0.49341,0.73464,0.43151,-5.3994,9.2583,1.3556,0.32306,-2.057,-1.2788,-13.555,-11.387,-0.84173,0,0,0,5.9306,6.1668,5.8417,6.0712,28.136,-30.295,-2.6294,54.856,34.953,12.459
15.52,3.1433,4.0027,1.2399,-0.16871,-0.49595,0.73886,0.42386,-5.5335,9.1429,1.347,0.3288,-2.0657,-1.2856,-13.27,-11.688,-0.8674,0,0,0,5.916,6.1567,5.8384,6.0647,28.677,-29.938,-2.5051,53.26,36.3,12.41
15.53,3.0873,4.0936,1.2534,-0.16225,-0.49843,0.74301,0.41614,-5.6648,9.0245,1.3382,0.33419,-2.0734,-1.2918,-12.981,-11.986,-0.89183,0,0,0,5.9023,6.1475,5.8365,6.0592,29.201,-29.569,-2.3812,51.643,37.638,12.354
15.54,3.03,4.1832,1.2667,-0.15574,-0.50085,0.74709,0.40836,-5.7931,8.9032,1.3292,0.33923,-2.08,-1.2974,-12.686,-12.279,-0.91503,0,0,0,5.8897,6.1391,5.836,6.0549,29.709,-29.186,-2.258,50.007,38.966,12.291
15.55,2.9714,4.2716,1.2799,-0.14918,-0.5032,0.75109,0.40051,-5.9185,8.7789,1.3199,0.34392,-2.0857,-1.3024,-12.387,-12.569,-0.93699,0,0,0,5.878,6.1317,5.8369,6.0517,30.201,-28.789,-2.1354,48.352,40.284,12.221
15.56,2.9116,4.3588,1.2931,-0.14257,-0.50547,0.75501,0.3926,-6.0408,8.6518,1.3105,0.34825,-2.0902,-1.3067,-12.082,-12.855,-0.95774,0,0,0,5.8674,6.1252,5.8392,6.0497,30.676,-28.38,-2.0136,46.68,41.591,12.145
15.57,2.8506,4.4447,1.3062,-0.13592,-0.50768,0.75885,0.38463,-6.1601,8.5218,1.3008,0.35222,-2.0936,-1.3104,-11.773,-13.137,-0.97727,0,0,0,5.858,6.1197,5.8429,6.0488,31.135,-27.958,-1.8926,44.991,42.887,12.063
15.58,2.7884,4.5292,1.3191,-0.12924,-0.50981,0.7626,0.37661,-6.2763,8.3891,1.2909,0.35583,-2.0958,-1.3133,-11.46,-13.414,-0.99559,0,0,0,5.8497,6.1152,5.8479,6.0491,31.576,-27.522,-1.7724,43.286,44.172,11.974
15.59,2.7251,4.6124,1.332,-0.12253,-0.51186,0.76627,0.36853,-6.3893,8.2536,1.2809,0.35909,-2.0969,-1.3156,-11.142,-13.687,-1.0127,0,0,0,5.8427,6.1117,5.8544,6.0505,32,-27.074,-1.6531,41.567,45.444,11.879
15.6,2.6607,4.6943,1.3447,-0.1158,-0.51384,0.76985,0.36041,-6.4991,8.1154,1.2707,0.36199,-2.0968,-1.3172,-10.82,-13.956,-1.0287,0,0,0,5.8369,6.1093,5.8621,6.0531,32.407,-26.613,-1.5348,39.833,46.704,11.779
15.61,2.5951,4.7747,1.3574,-0.10905,-0.51574,0.77334,0.35223,-6.6057,7.9745,1.2603,0.36454,-2.0955,-1.318,-10.494,-14.219,-1.0434,0,0,0,5.8324,6.1079,5.8712,6.0568,32.797,-26.14,-1.4175,38.087,47.951,11.672
15.62,2.5286,4.8538,1.3699,-0.1023,-0.51755,0.77674,0.34402,-6.709,7.831,1.2498,0.36673,-2.0931,-1.3181,-10.164,-14.478,-1.057,0,0,0,5.8291,6.1076,5.8815,6.0617,33.169,-25.654,-1.3014,36.328,49.184,11.56
15.63,2.461,4.9313,1.3824,-0.095546,-0.51929,0.78005,0.33576,-6.8089,7.6849,1.2392,0.36859,-2.0894,-1.3175,-9.8305,-14.732,-1.0695,0,0,0,5.8273,6.1083,5.893,6.0676,33.524,-25.157,-1.1864,34.558,50.402,11.442
15.64,2.3924,5.0074,1.3947,-0.0888,-0.52095,0.78326,0.32746,-6.9056,7.5364,1.2284,0.37011,-2.0846,-1.3162,-9.4936,-14.981,-1.0807,0,0,0,5.8268,6.1102,5.9058,6.0747,33.86,-24.646,-1.0726,32.778,51.606,11.319
15.65,2.3229,5.0821,1.407,-0.082067,-0.52253,0.78638,0.31913,-6.9988,7.3853,1.2176,0.3713,-2.0786,-1.3141,-9.1534,-15.225,-1.0909,0,0,0,5.8276,6.1131,5.9197,6.0829,34.179,-24.124,-0.96,30.988,52.795,11.19
15.66,2.2524,5.1551,1.4191,-0.075353,-0.52402,0.7894,0.31076,-7.0886,7.2319,1.2066,0.37217,-2.0714,-1.3114,-8.8101,-15.464,-1.0999,0,0,0,5.8298,6.1171,5.9347,6.0922,34.48,-23.591,-0.84877,29.19,53.968,11.056
15.67,2.1811,5.2267,1.4311,-0.068667,-0.52544,0.79232,0.30237,-7.175,7.0761,1.1956,0.37272,-2.0632,-1.308,-8.4639,-15.697,-1.1079,0,0,0,5.8334,6.1222,5.9507,6.1024,34.763,-23.045,-0.73889,27.384,55.125,10.918
15.68,2.109,5.2967,1.443,-0.062014,-0.52677,0.79515,0.29395,-7.2579,6.9179,1.1845,0.37298,-2.0539,-1.3039,-8.1149,-15.925,-1.1147,0,0,0,5.8384,6.1284,5.9678,6.1137,35.028,-22.488,-0.63043,25.571,56.266,10.774
15.69,2.036,5.365,1.4548,-0.0554,-0.52802,0.79788,0.2855,-7.3373,6.7576,1.1733,0.37295,-2.0435,-1.2992,-7.7634,-16.147,-1.1205,0,0,0,5.8447,6.1357,5.9857,6.126,35.274,-21.92,-0.52343,23.752,57.388,10.626
15.7,1.9622,5.4318,1.4665,-0.048833,-0.52919,0.80052,0.27704,-7.4132,6.595,1.1621,0.37264,-2.0321,-1.2938,-7.4095,-16.363,-1.1252,0,0,0,5.8524,6.1439,6.0045,6.1392,35.503,-21.34,-0.41794,21.928,58.494,10.473
15.71,1.8877,5.4969,1.478,-0.042319,-0.53028,0.80305,0.26855,-7.4855,6.4303,1.1508,0.37207,-2.0198,-1.2879,-7.0534,-16.574,-1.1289,0,0,0,5.8614,6.1533,6.0242,6.1533,35.713,-20.75,-0.314,20.1,59.581,10.315
15.72,1.8125,5.5604,1.4895,-0.035862,-0.53129,0.80549,0.26005,-7.5542,6.2636,1.1395,0.37125,-2.0066,-1.2813,-6.6953,-16.778,-1.1315,0,0,0,5.8717,6.1636,6.0446,6.1682,35.905,-20.149,-0.21165,18.268,60.649,10.153
15.73,1.7366,5.6222,1.5008,-0.02947,-0.53222,0.80784,0.25154,-7.6194,6.0948,1.1282,0.3702,-1.9925,-1.2742,-6.3353,-16.977,-1.1331,0,0,0,5.8833,6.1749,6.0656,6.184,36.078,-19.537,-0.11095,16.435,61.697,9.9872
15.74,1.6601,5.6823,1.512,-0.023147,-0.53307,0.81009,0.24302,-7.6809,5.9241,1.1168,0.36892,-1.9776,-1.2666,-5.9738,-17.169,-1.1337,0,0,0,5.8961,6.1871,6.0873,6.2005,36.233,-18.915,-0.011922,14.599,62.727,9.8171
15.75,1.583,5.7407,1.5231,-0.016899,-0.53385,0.81224,0.23448,-7.7388,5.7514,1.1055,0.36744,-1.962,-1.2585,-5.6107,-17.355,-1.1333,0,0,0,5.91,6.2003,6.1096,6.2178,36.37,-18.283,0.085382,12.764,63.735,9.643
15.76,1.5054,5.7973,1.5341,-0.01073,-0.53455,0.81431,0.22594,-7.7931,5.577,1.0942,0.36578,-1.9457,-1.2499,-5.2464,-17.534,-1.132,0,0,0,5.9252,6.2143,6.1323,6.2357,36.489,-17.64,0.18093,10.928,64.723,9.4651
15.77,1.4272,5.8522,1.545,-0.0046454,-0.53518,0.81627,0.2174,-7.8438,5.4008,1.0828,0.36394,-1.9287,-1.2409,-4.881,-17.708,-1.1297,0,0,0,5.9414,6.2292,6.1555,6.2543,36.589,-16.988,0.27467,9.094,65.69,9.2836
15.78,1.3485,5.9053,1.5558,0.0013508,-0.53573,0.81815,0.20885,-7.8907,5.2229,1.0716,0.36194,-1.9112,-1.2315,-4.5147,-17.874,-1.1265,0,0,0,5.9586,6.2449,6.1791,6.2734,36.67,-16.327,0.36659,7.2619,66.635,9.0985
15.79,1.2694,5.9567,1.5665,0.0072547,-0.53622,0.81994,0.20029,-7.9341,5.0433,1.0603,0.35981,-1.8932,-1.2218,-4.1477,-18.034,-1.1224,0,0,0,5.9768,6.2613,6.2029,6.293,36.734,-15.656,0.45663,5.4328,67.557,8.9101
15.8,1.1898,6.0062,1.577,0.013063,-0.53664,0.82164,0.19174,-7.9737,4.8622,1.0491,0.35755,-1.8748,-1.2117,-3.7801,-18.187,-1.1174,0,0,0,5.9959,6.2784,6.227,6.3131,36.779,-14.976,0.54478,3.6076,68.456,8.7183
15.81,1.1099,6.0539,1.5874,0.018771,-0.53699,0.82325,0.18319,-8.0097,4.6796,1.038,0.35519,-1.8559,-1.2013,-3.4122,-18.334,-1.1115,0,0,0,6.0159,6.2961,6.2512,6.3336,36.806,-14.287,0.63099,1.7871,69.333,8.5235
15.82,1.0297,6.0998,1.5978,0.024377,-0.53727,0.82477,0.17464,-8.0419,4.4955,1.0269,0.35274,-1.8368,-1.1907,-3.044,-18.473,-1.1048,0,0,0,6.0366,6.3144,6.2756,6.3545,36.815,-13.589,0.71524,-0.027619,70.185,8.3256
15.83,0.9491,6.1438,1.608,0.029879,-0.5375,0.82621,0.16609,-8.0705,4.3101,1.0159,0.35021,-1.8174,-1.1799,-2.6759,-18.605,-1.0972,0,0,0,6.058,6.3333,6.3,6.3756,36.806,-12.883,0.79749,-1.8358,71.013,8.1249
15.84,0.86827,6.186,1.6181,0.035273,-0.53766,0.82756,0.15754,-8.0955,4.1235,1.0049,0.34763,-1.7978,-1.1689,-2.308,-18.731,-1.0888,0,0,0,6.0801,6.3526,6.3245,6.397,36.778,-12.169,0.87773,-3.6366,71.816,7.9215
15.85,0.7872,6.2263,1.6281,0.040558,-0.53776,0.82883,0.14899,-8.1167,3.9356,0.99411,0.34501,-1.778,-1.1577,-1.9404,-18.849,-1.0797,0,0,0,6.1026,6.3723,6.3488,6.4185,36.733,-11.447,0.95591,-5.4289,72.594,7.7155
15.86,0.70595,6.2647,1.638,0.045733,-0.53781,0.83002,0.14045,-8.1343,3.7465,0.98336,0.34235,-1.7582,-1.1464,-1.5734,-18.96,-1.0697,0,0,0,6.1257,6.3924,6.373,6.4402,36.67,-10.717,1.032,-7.2121,73.345,7.507
15.87,0.62453,6.3012,1.6477,0.050795,-0.5378,0.83113,0.13192,-8.1482,3.5564,0.97271,0.33969,-1.7383,-1.135,-1.2071,-19.063,-1.059,0,0,0,6.1491,6.4128,6.3971,6.4619,36.589,-9.98,1.106,-8.9851,74.071,7.2962
15.88,0.543,6.3358,1.6574,0.055744,-0.53774,0.83217,0.12338,-8.1584,3.3653,0.96218,0.33703,-1.7184,-1.1235,-0.84167,-19.159,-1.0476,0,0,0,6.1729,6.4333,6.4209,6.4836,36.49,-9.2358,1.1779,-10.747,74.769,7.0832
15.89,0.46138,6.3685,1.667,0.060579,-0.53763,0.83312,0.11486,-8.165,3.1732,0.95176,0.33439,-1.6986,-1.1121,-0.47734,-19.248,-1.0355,0,0,0,6.1969,6.4541,6.4443,6.5052,36.374,-8.4847,1.2477,-12.497,75.44,6.8682
15.9,0.37971,6.3993,1.6765,0.065299,-0.53747,0.834,0.10633,-8.168,2.9803,0.94147,0.33179,-1.6789,-1.1006,-0.11426,-19.329,-1.0227,0,0,0,6.221,6.4749,6.4675,6.5267,36.24,-7.7271,1.3153,-14.234,76.083,6.6513
15.91,0.29803,6.4281,1.6858,0.069905,-0.53726,0.8348,0.097813,-8.1673,2.7867,0.93131,0.32922,-1.6594,-1.0891,0.2474,-19.402,-1.0092,0,0,0,6.2452,6.4957,6.4902,6.548,36.089,-6.9631,1.3807,-15.958,76.697,6.4325
15.92,0.21637,6.455,1.6951,0.074397,-0.53701,0.83553,0.089298,-8.163,2.5923,0.92129,0.32671,-1.6401,-1.0777,0.60747,-19.468,-0.99506,0,0,0,6.2694,6.5165,6.5124,6.569,35.921,-6.1932,1.4439,-17.667,77.283,6.2122
15.93,0.13478,6.4799,1.7042,0.078775,-0.53671,0.83619,0.080786,-8.1552,2.3973,0.91141,0.32428,-1.621,-1.0664,0.96577,-19.526,-0.98032,0,0,0,6.2936,6.5371,6.5341,6.5897,35.736,-5.4176,1.505,-19.36,77.839,5.9903
15.94,0.053282,6.5029,1.7133,0.083039,-0.53636,0.83678,0.072279,-8.1437,2.2018,0.90169,0.32192,-1.6022,-1.0552,1.3221,-19.576,-0.96497,0,0,0,6.3175,6.5576,6.5553,6.6101,35.534,-4.6365,1.5637,-21.037,78.365,5.7671
15.95,-0.028083,6.524,1.7223,0.087191,-0.53598,0.83729,0.063775,-8.1287,2.0058,0.89212,0.31966,-1.5838,-1.0441,1.6764,-19.619,-0.94905,0,0,0,6.3412,6.5779,6.5758,6.63,35.315,-3.8504,1.6203,-22.697,78.861,5.5426
15.96,-0.10928,6.5431,1.7312,0.091231,-0.53556,0.83774,0.055274,-8.1102,1.8095,0.88271,0.3175,-1.5657,-1.0331,2.0284,-19.653,-0.93257,0,0,0,6.3647,6.5978,6.5956,6.6495,35.08,-3.0594,1.6746,-24.338,79.325,5.317
15.97,-0.19028,6.5602,1.7399,0.09516,-0.53509,0.83811,0.046775,-8.0882,1.6128,0.87347,0.31545,-1.548,-1.0224,2.3779,-19.68,-0.91557,0,0,0,6.3877,6.6174,6.6147,6.6684,34.828,-2.264,1.7266,-25.961,79.758,5.0905
15.98,-0.27103,6.5753,1.7486,0.098982,-0.53459,0.83842,0.038278,-8.0626,1.4159,0.8644,0.31352,-1.5307,-1.0118,2.7249,-19.699,-0.89805,0,0,0,6.4103,6.6365,6.633,6.6867,34.561,-1.4644,1.7764,-27.564,80.159,4.8631
15.99,-0.35152,6.5885,1.7572,0.1027,-0.53405,0.83866,0.029783,-8.0337,1.2189,0.85551,0.31172,-1.5138,-1.0014,3.0691,-19.709,-0.88004,0,0,0,6.4323,6.6551,6.6504,6.7043,34.277,-0.6609,1.8239,-29.145,80.528,4.635
16,-0.43169,6.5997,1.7657,0.1063,-0.53348,0.83884,0.021289,-8.0013,1.0217,0.8468,0.31007,-1.4975,-0.9912,3.4104,-19.712,-0.86158,0,0,0,6.4538,6.6732,6.667,6.7213,33.978,0.14608,1.8691,-30.705,80.863,4.4064
16.01,-0.51153,6.6089,1.7742,0.10981,-0.53287,0.83894,0.012795,-7.9655,0.82465,0.83828,0.30855,-1.4816,-0.98127,3.7486,-19.706,-0.84267,0,0,0,6.4746,6.6906,6.6827,6.7375,33.663,0.95625,1.912,-32.243,81.165,4.1773
16.02,-0.59099,6.6162,1.7825,0.11322,-0.53223,0.83899,0.0043017,-7.9263,0.62765,0.82995,0.30719,-1.4663,-0.97159,4.0836,-19.693,-0.82334,0,0,0,6.4947,6.7074,6.6974,6.7528,33.333,1.7693,1.9526,-33.756,81.433,3.948
16.03,-0.67005,6.6215,1.7908,-0.11652,0.53155,-0.83896,0.0041926,-7.8838,0.43083,0.82181,0.30599,-1.4516,-0.96218,4.4152,-19.671,-0.80362,0,0,0,6.514,6.7234,6.7111,6.7674,32.988,2.5848,1.991,-35.246,81.666,3.7185
16.04,-0.74866,6.6248,1.7989,-0.11973,0.53084,-0.83888,0.012688,-7.838,0.23426,0.81388,0.30495,-1.4374,-0.95306,4.7433,-19.641,-0.78353,0,0,0,6.5325,6.7386,6.7237,6.781,32.628,3.4025,2.027,-36.71,81.864,3.4889
16.05,-0.82679,6.6262,1.807,-0.12285,0.53009,-0.83873,0.021185,-7.789,0.038033,0.80614,0.30409,-1.4238,-0.94422,5.0677,-19.603,-0.76309,0,0,0,6.5501,6.753,6.7352,6.7936,32.254,4.2219,2.0608,-38.148,82.026,3.2595
16.06,-0.90443,6.6256,1.8151,-0.12587,0.52931,-0.83851,0.029685,-7.7367,-0.15777,0.79861,0.30339,-1.4109,-0.9357,5.3883,-19.557,-0.74233,0,0,0,6.5668,6.7665,6.7456,6.8053,31.866,5.0429,2.0922,-39.558,82.153,3.0304
16.07,-0.98152,6.623,1.823,-0.12881,0.5285,-0.83823,0.038187,-7.6812,-0.35307,0.7913,0.30288,-1.3985,-0.92748,5.705,-19.502,-0.72126,0,0,0,6.5824,6.7791,6.7548,6.8159,31.463,5.8649,2.1214,-40.941,82.243,2.8016
16.08,-1.058,6.6185,1.8309,-0.13166,0.52766,-0.83789,0.046693,-7.6226,-0.54778,0.78419,0.30255,-1.3869,-0.9196,6.0176,-19.439,-0.69991,0,0,0,6.597,6.7906,6.7628,6.8255,31.047,6.6876,2.1482,-42.295,82.295,2.5733
16.09,-1.134,6.6121,1.8387,-0.13444,0.52678,-0.83748,0.055203,-7.5609,-0.74183,0.7773,0.3024,-1.3759,-0.91206,6.3259,-19.368,-0.6783,0,0,0,6.6105,6.8012,6.7695,6.8339,30.617,7.5107,2.1728,-43.619,82.31,2.3457
16.1,-1.2092,6.6037,1.8464,-0.13713,0.52587,-0.83702,0.063718,-7.4961,-0.93512,0.77063,0.30243,-1.3656,-0.90486,6.6299,-19.289,-0.65646,0,0,0,6.6229,6.8106,6.7749,6.8411,30.175,8.3337,2.1952,-44.912,82.287,2.1189
16.11,-1.2839,6.5934,1.8541,-0.13975,0.52493,-0.83648,0.072237,-7.4283,-1.1276,0.76417,0.30266,-1.3561,-0.89801,6.9293,-19.202,-0.6344,0,0,0,6.6341,6.819,6.7791,6.8472,29.719,9.1563,2.2152,-46.174,82.225,1.893
16.12,-1.3578,6.5811,1.8617,-0.14229,0.52395,-0.83589,0.080763,-7.3575,-1.3191,0.75794,0.30307,-1.3472,-0.89153,7.2242,-19.106,-0.61216,0,0,0,6.644,6.8262,6.7818,6.852,29.251,9.9781,2.233,-47.404,82.124,1.6682
16.13,-1.431,6.567,1.8693,-0.14477,0.52293,-0.83523,0.089294,-7.2838,-1.5097,0.75193,0.30368,-1.3391,-0.88542,7.5143,-19.002,-0.58975,0,0,0,6.6528,6.8322,6.7832,6.8556,28.771,10.799,2.2486,-48.6,81.984,1.4445
16.14,-1.5035,6.5509,1.8768,-0.14718,0.52188,-0.83451,0.097832,-7.2072,-1.6991,0.74614,0.30448,-1.3318,-0.87969,7.7996,-18.89,-0.5672,0,0,0,6.6602,6.837,6.7832,6.8579,28.279,11.618,2.2619,-49.761,81.803,1.2222
16.15,-1.5751,6.533,1.8842,-0.14953,0.5208,-0.83372,0.10638,-7.1278,-1.8874,0.74058,0.30546,-1.3252,-0.87435,8.0799,-18.77,-0.54452,0,0,0,6.6663,6.8405,6.7818,6.8589,27.776,12.435,2.273,-50.888,81.581,1.0014
16.16,-1.646,6.5132,1.8916,-0.15182,0.51967,-0.83288,0.11493,-7.0457,-2.0745,0.73525,0.30663,-1.3195,-0.8694,8.3551,-18.641,-0.52174,0,0,0,6.6711,6.8428,6.7789,6.8586,27.262,13.249,2.2819,-51.979,81.318,0.78214
16.17,-1.7161,6.4915,1.8989,-0.15406,0.51851,-0.83196,0.12349,-6.9608,-2.2602,0.73015,0.308,-1.3145,-0.86485,8.6251,-18.505,-0.49889,0,0,0,6.6746,6.8437,6.7745,6.8568,26.737,14.061,2.2887,-53.032,81.014,0.56463
16.18,-1.7852,6.468,1.9062,-0.15624,0.51731,-0.83099,0.13206,-6.8732,-2.4446,0.72528,0.30954,-1.3103,-0.86071,8.8898,-18.36,-0.47598,0,0,0,6.6766,6.8434,6.7686,6.8538,26.201,14.869,2.2932,-54.048,80.667,0.349
16.19,-1.8535,6.4426,1.9134,-0.15838,0.51607,-0.82995,0.14064,-6.783,-2.6274,0.72063,0.31127,-1.307,-0.85697,9.1491,-18.207,-0.45303,0,0,0,6.6772,6.8417,6.7612,6.8493,25.656,15.674,2.2957,-55.025,80.278,0.13537
16.2,-1.9209,6.4154,1.9206,-0.16048,0.51478,-0.82884,0.14922,-6.6902,-2.8087,0.71622,0.31317,-1.3045,-0.85366,9.4028,-18.047,-0.43007,0,0,0,6.6765,6.8386,6.7523,6.8434,25.101,16.475,2.296,-55.963,79.845,-0.076113
16.21,-1.9873,6.3865,1.9277,-0.16254,0.51345,-0.82767,0.15782,-6.5949,-2.9883,0.71203,0.31526,-1.3029,-0.85077,9.651,-17.878,-0.40712,0,0,0,6.6743,6.8342,6.7419,6.8361,24.537,17.271,2.2942,-56.86,79.369,-0.28532
16.22,-2.0528,6.3557,1.9348,-0.16457,0.51208,-0.82643,0.16643,-6.4972,-3.1662,0.70807,0.31751,-1.3022,-0.84831,9.8935,-17.701,-0.38419,0,0,0,6.6706,6.8283,6.73,6.8274,23.964,18.062,2.2903,-57.716,78.848,-0.49212
16.23,-2.1172,6.3231,1.9419,-0.16656,0.51066,-0.82513,0.17504,-6.3971,-3.3423,0.70435,0.31992,-1.3024,-0.84628,10.13,-17.517,-0.36132,0,0,0,6.6655,6.8211,6.7165,6.8172,23.382,18.848,2.2843,-58.529,78.283,-0.69637
16.24,-2.1807,6.2888,1.9489,-0.16853,0.50919,-0.82376,0.18367,-6.2946,-3.5165,0.70085,0.3225,-1.3035,-0.84469,10.361,-17.324,-0.33851,0,0,0,6.659,6.8125,6.7014,6.8056,22.793,19.627,2.2763,-59.299,77.672,-0.89794
16.25,-2.2431,6.2528,1.9559,-0.17047,0.50767,-0.82233,0.19231,-6.1899,-3.6888,0.69757,0.32523,-1.3054,-0.84355,10.586,-17.124,-0.3158,0,0,0,6.651,6.8025,6.6849,6.7926,22.197,20.401,2.2664,-60.026,77.015,-1.0967
16.26,-2.3045,6.2151,1.9629,-0.1724,0.5061,-0.82083,0.20096,-6.0829,-3.859,0.69453,0.3281,-1.3084,-0.84285,10.805,-16.916,-0.29319,0,0,0,6.6416,6.7912,6.6667,6.7782,21.593,21.168,2.2544,-60.707,76.312,-1.2925
16.27,-2.3648,6.1756,1.9698,-0.17431,0.50447,-0.81926,0.20962,-5.9738,-4.0271,0.69171,0.33111,-1.3123,-0.84261,11.018,-16.701,-0.27072,0,0,0,6.6307,6.7784,6.6471,6.7623,20.983,21.927,2.2405,-61.342,75.563,-1.4852
16.28,-2.424,6.1345,1.9767,-0.17622,0.50279,-0.81762,0.21829,-5.8626,-4.193,0.68912,0.33425,-1.3171,-0.84282,11.225,-16.478,-0.24839,0,0,0,6.6184,6.7642,6.6259,6.7451,20.366,22.679,2.2247,-61.931,74.766,-1.6747
16.29,-2.482,6.0918,1.9836,-0.17812,0.50105,-0.81591,0.22697,-5.7493,-4.3566,0.68674,0.33751,-1.3229,-0.8435,11.425,-16.247,-0.22623,0,0,0,6.6046,6.7487,6.6033,6.7264,19.744,23.422,2.207,-62.472,73.921,-1.8608
16.3,-2.5389,6.0474,1.9904,-0.18001,0.49925,-0.81413,0.23567,-5.6341,-4.5179,0.68459,0.34088,-1.3297,-0.84464,11.62,-16.009,-0.20425,0,0,0,6.5894,6.7318,6.5791,6.7064,19.117,24.157,2.1875,-62.964,73.028,-2.0435
16.31,-2.5947,6.0014,1.9973,-0.18192,0.49739,-0.81228,0.24438,-5.517,-4.6768,0.68266,0.34434,-1.3376,-0.84625,11.808,-15.764,-0.18248,0,0,0,6.5729,6.7136,6.5535,6.685,18.485,24.882,2.1662,-63.408,72.086,-2.2225
16.32,-2.6493,5.9539,2.0041,-0.18383,0.49546,-0.81035,0.2531,-5.398,-4.8332,0.68094,0.34789,-1.3464,-0.84833,11.989,-15.512,-0.16094,0,0,0,6.555,6.694,6.5265,6.6623,17.849,25.598,2.1431,-63.803,71.097,-2.398
16.33,-2.7026,5.9048,2.0109,-0.18575,0.49346,-0.80836,0.26183,-5.2772,-4.987,0.67944,0.35152,-1.3563,-0.85088,12.165,-15.252,-0.13963,0,0,0,6.5357,6.6731,6.498,6.6383,17.209,26.304,2.1182,-64.15,70.061,-2.5699
16.34,-2.7548,5.8542,2.0177,-0.18769,0.49139,-0.80629,0.27057,-5.1547,-5.1382,0.67815,0.35521,-1.3672,-0.85391,12.333,-14.986,-0.11858,0,0,0,6.5151,6.651,6.4682,6.613,16.566,26.999,2.0917,-64.451,68.98,-2.7382
16.35,-2.8057,5.802,2.0245,-0.18965,0.48925,-0.80414,0.27932,-5.0305,-5.2867,0.67706,0.35894,-1.3791,-0.85741,12.496,-14.712,-0.097799,0,0,0,6.4932,6.6276,6.437,6.5865,15.92,27.684,2.0635,-64.705,67.854,-2.9029
16.36,-2.8554,5.7484,2.0312,-0.19164,0.48703,-0.80192,0.28809,-4.9048,-5.4324,0.67619,0.36271,-1.3922,-0.86139,12.652,-14.432,-0.077312,0,0,0,6.47,6.6031,6.4046,6.5588,15.272,28.356,2.0337,-64.914,66.684,-3.064
16.37,-2.9038,5.6934,2.038,-0.19366,0.48473,-0.79963,0.29687,-4.7775,-5.5753,0.67552,0.3665,-1.4063,-0.86585,12.801,-14.145,-0.057131,0,0,0,6.4456,6.5773,6.3709,6.5299,14.622,29.017,2.0022,-65.078,65.473,-3.2216
16.38,-2.951,5.6369,2.0447,-0.19571,0.48236,-0.79725,0.30565,-4.6488,-5.7153,0.67505,0.37029,-1.4214,-0.87078,12.944,-13.852,-0.037273,0,0,0,6.4199,6.5504,6.336,6.4999,13.971,29.666,1.9692,-65.198,64.219,-3.3757
16.39,-2.9968,5.5791,2.0515,-0.19781,0.47989,-0.79479,0.31445,-4.5187,-5.8523,0.67477,0.37408,-1.4376,-0.87619,13.081,-13.552,-0.017752,0,0,0,6.3931,6.5225,6.3,6.4689,13.318,30.301,1.9347,-65.275,62.925,-3.5262
16.4,-3.0413,5.5199,2.0582,-0.19995,0.47734,-0.79226,0.32326,-4.3872,-5.9863,0.67469,0.37783,-1.455,-0.88207,13.211,-13.246,0.0014165,0,0,0,6.3652,6.4935,6.2629,6.4369,12.665,30.924,1.8987,-65.31,61.592,-3.6732
16.41,-3.0845,5.4594,2.065,-0.20213,0.4747,-0.78964,0.33207,-4.2545,-6.1172,0.6748,0.38155,-1.4733,-0.88841,13.334,-12.933,0.020218,0,0,0,6.3362,6.4635,6.2247,6.4039,12.012,31.533,1.8613,-65.302,60.22,-3.8167
16.42,-3.1264,5.3976,2.0717,-0.20438,0.47196,-0.78694,0.3409,-4.1205,-6.2449,0.67509,0.3852,-1.4928,-0.89523,13.451,-12.615,0.038637,0,0,0,6.3062,6.4325,6.1857,6.37,11.359,32.128,1.8224,-65.254,58.811,-3.9567
16.43,-3.1669,5.3345,2.0785,-0.20668,0.46913,-0.78415,0.34973,-3.9855,-6.3695,0.67557,0.38878,-1.5133,-0.9025,13.561,-12.291,0.056661,0,0,0,6.2752,6.4007,6.1457,6.3353,10.707,32.709,1.7821,-65.165,57.366,-4.0931
16.44,-3.2061,5.2702,2.0852,-0.20904,0.46619,-0.78128,0.35856,-3.8493,-6.4907,0.67622,0.39227,-1.535,-0.91022,13.665,-11.961,0.074276,0,0,0,6.2433,6.368,6.1049,6.2998,10.056,33.276,1.7405,-65.037,55.885,-4.2261
16.45,-3.2439,5.2047,2.092,-0.21148,0.46315,-0.77832,0.36741,-3.7122,-6.6087,0.67705,0.39564,-1.5576,-0.91838,13.762,-11.625,0.091468,0,0,0,6.2104,6.3346,6.0634,6.2636,9.4067,33.827,1.6976,-64.87,54.37,-4.3556
16.46,-3.2804,5.138,2.0988,-0.21398,0.46001,-0.77527,0.37625,-3.5741,-6.7232,0.67805,0.39888,-1.5813,-0.92699,13.853,-11.285,0.10822,0,0,0,6.1768,6.3005,6.0212,6.2269,8.759,34.363,1.6534,-64.664,52.821,-4.4815
16.47,-3.3154,5.0702,2.1056,-0.21656,0.45675,-0.77213,0.3851,-3.4352,-6.8344,0.67922,0.40197,-1.606,-0.93601,13.938,-10.938,0.12453,0,0,0,6.1424,6.2657,5.9785,6.1895,8.1135,34.883,1.608,-64.422,51.24,-4.6041
16.48,-3.3491,5.0014,2.1124,-0.21922,0.45338,-0.76889,0.39395,-3.2954,-6.942,0.68054,0.40489,-1.6317,-0.94545,14.015,-10.587,0.14038,0,0,0,6.1072,6.2303,5.9353,6.1517,7.4707,35.388,1.5614,-64.143,49.628,-4.7231
16.49,-3.3813,4.9314,2.1192,-0.22196,0.44989,-0.76556,0.4028,-3.1549,-7.0461,0.68202,0.40762,-1.6584,-0.95529,14.087,-10.231,0.15576,0,0,0,6.0714,6.1945,5.8917,6.1135,6.8308,35.876,1.5136,-63.827,47.985,-4.8387
16.5,-3.4122,4.8604,2.126,-0.22479,0.44628,-0.76213,0.41164,-3.0137,-7.1466,0.68365,0.41013,-1.6861,-0.9655,14.152,-9.8694,0.17065,0,0,0,6.0351,6.1582,5.8479,6.075,6.1943,36.347,1.4646,-63.477,46.313,-4.9509
16.51,-3.4416,4.7885,2.1329,-0.22772,0.44255,-0.75861,0.42048,-2.8719,-7.2434,0.68543,0.41242,-1.7146,-0.97608,14.211,-9.5037,0.18504,0,0,0,5.9982,6.1216,5.8039,6.0363,5.5614,36.802,1.4146,-63.092,44.613,-5.0596
16.52,-3.4696,4.7156,2.1397,-0.23073,0.43869,-0.75498,0.42932,-2.7295,-7.3366,0.68735,0.41445,-1.744,-0.987,14.263,-9.1335,0.19894,0,0,0,5.9608,6.0846,5.7598,5.9974,4.9325,37.239,1.3634,-62.674,42.886,-5.1648
16.53,-3.4962,4.6418,2.1466,-0.23385,0.4347,-0.75126,0.43814,-2.5866,-7.4261,0.68941,0.41621,-1.7742,-0.99824,14.31,-8.7589,0.21231,0,0,0,5.923,6.0475,5.7159,5.9586,4.308,37.659,1.3113,-62.223,41.132,-5.2667
16.54,-3.5213,4.5671,2.1535,-0.23706,0.43057,-0.74743,0.44695,-2.4433,-7.5118,0.6916,0.41768,-1.8051,-1.0098,14.349,-8.3803,0.22516,0,0,0,5.8849,6.0102,5.6721,5.9197,3.6882,38.062,1.2581,-61.739,39.353,-5.3651
16.55,-3.545,4.4915,2.1604,-0.24038,0.42631,-0.74349,0.45574,-2.2996,-7.5937,0.69391,0.41882,-1.8368,-1.0216,14.383,-7.9978,0.23747,0,0,0,5.8465,5.9729,5.6286,5.881,3.0733,38.446,1.204,-61.224,37.55,-5.4602
16.56,-3.5673,4.4152,2.1674,-0.2438,0.42191,-0.73944,0.46452,-2.1557,-7.6717,0.69635,0.41963,-1.869,-1.0336,14.411,-7.6115,0.24923,0,0,0,5.8079,5.9357,5.5856,5.8426,2.4638,38.813,1.1489,-60.678,35.724,-5.5518
16.57,-3.5882,4.3381,2.1744,-0.24733,0.41737,-0.73528,0.47328,-2.0114,-7.7459,0.69889,0.42008,-1.9018,-1.0458,14.433,-7.2216,0.26044,0,0,0,5.7692,5.8985,5.5431,5.8045,1.8599,39.161,1.093,-60.102,33.875,-5.64
16.58,-3.6075,4.2603,2.1814,-0.25096,0.41269,-0.73101,0.48201,-1.867,-7.8162,0.70155,0.42014,-1.935,-1.0582,14.448,-6.8283,0.27109,0,0,0,5.7304,5.8616,5.5014,5.7668,1.2618,39.49,1.0361,-59.497,32.006,-5.7249
16.59,-3.6255,4.1818,2.1884,-0.25471,0.40785,-0.72663,0.49071,-1.7225,-7.8825,0.70431,0.41981,-1.9686,-1.0707,14.458,-6.4318,0.28116,0,0,0,5.6916,5.825,5.4605,5.7297,0.67002,39.801,0.97847,-58.864,30.116,-5.8064
16.6,-3.642,4.1027,2.1954,-0.25857,0.40287,-0.72212,0.49937,-1.5779,-7.9448,0.70717,0.41905,-2.0024,-1.0833,14.462,-6.0323,0.29066,0,0,0,5.6529,5.7887,5.4206,5.6933,0.084669,40.093,0.92001,-58.202,28.207,-5.8845
16.61,-3.657,4.0229,2.2025,-0.26253,0.39774,-0.7175,0.508,-1.4333,-8.0031,0.71013,0.41784,-2.0363,-1.0959,14.46,-5.63,0.29956,0,0,0,5.6143,5.7529,5.3818,5.6575,-0.49393,40.365,0.86079,-57.514,26.28,-5.9593
16.62,-3.6707,3.9426,2.2096,-0.26661,0.39247,-0.71276,0.51659,-1.2887,-8.0574,0.71316,0.41618,-2.0702,-1.1085,14.452,-5.2251,0.30787,0,0,0,5.576,5.7177,5.3443,5.6227,-1.0655,40.618,0.80084,-56.799,24.336,-6.0307
16.63,-3.6828,3.8618,2.2168,-0.27079,0.38704,-0.70789,0.52513,-1.1443,-8.1076,0.71628,0.41404,-2.104,-1.121,14.438,-4.8177,0.31558,0,0,0,5.538,5.6831,5.3082,5.5887,-1.6298,40.852,0.74019,-56.058,22.375,-6.0987
16.64,-3.6935,3.7805,2.224,-0.27508,0.38146,-0.7029,0.53362,-0.99998,-8.1537,0.71947,0.4114,-2.1375,-1.1334,14.419,-4.4081,0.32267,0,0,0,5.5003,5.6492,5.2736,5.5558,-2.1866,41.066,0.67888,-55.293,20.4,-6.1634
16.65,-3.7028,3.6987,2.2312,-0.27948,0.37573,-0.69779,0.54205,-0.8559,-8.1958,0.72273,0.40825,-2.1706,-1.1456,14.395,-3.9965,0.32915,0,0,0,5.4631,5.6161,5.2407,5.5241,-2.7356,41.26,0.61693,-54.504,18.41,-6.2249
16.66,-3.7107,3.6166,2.2384,-0.28397,0.36985,-0.69254,0.55042,-0.7121,-8.2337,0.72605,0.40457,-2.2032,-1.1576,14.365,-3.583,0.33501,0,0,0,5.4265,5.5839,5.2096,5.4935,-3.2766,41.434,0.55439,-53.691,16.408,-6.2829
16.67,-3.7171,3.5341,2.2457,-0.28857,0.36382,-0.68717,0.55872,-0.56863,-8.2674,0.72943,0.40035,-2.2349,-1.1692,14.329,-3.1679,0.34024,0,0,0,5.3905,5.5528,5.1805,5.4643,-3.8093,41.588,0.49129,-52.855,14.393,-6.3377
16.68,-3.722,3.4512,2.253,-0.29326,0.35765,-0.68166,0.56694,-0.42554,-8.297,0.73286,0.39559,-2.2658,-1.1805,14.288,-2.7513,0.34483,0,0,0,5.3553,5.5226,5.1534,5.4365,-4.3336,41.722,0.42765,-51.998,12.368,-6.3892
16.69,-3.7256,3.3681,2.2604,-0.29804,0.35134,-0.67602,0.57509,-0.28288,-8.3224,0.73633,0.39027,-2.2956,-1.1913,14.242,-2.3335,0.34879,0,0,0,5.3208,5.4936,5.1285,5.4102,-4.8492,41.835,0.36351,-51.119,10.332,-6.4374
16.7,-3.7277,3.2848,2.2677,-0.3029,0.34489,-0.67025,0.58315,-0.14071,-8.3437,0.73983,0.38438,-2.3241,-1.2017,14.191,-1.9147,0.3521,0,0,0,5.2872,5.4659,5.1058,5.3855,-5.356,41.928,0.29891,-50.22,8.2877,-6.4823
16.71,-3.7284,3.2013,2.2752,-0.30785,0.33831,-0.66435,0.59112,0.00093064,-8.3607,0.74337,0.37793,-2.3511,-1.2115,14.135,-1.495,0.35477,0,0,0,5.2547,5.4394,5.0855,5.3624,-5.8536,42.001,0.23388,-49.302,6.2352,-6.5239
16.72,-3.7277,3.1176,2.2826,-0.31286,0.3316,-0.65831,0.59898,0.14198,-8.3736,0.74692,0.37091,-2.3766,-1.2206,14.074,-1.0748,0.35678,0,0,0,5.2233,5.4143,5.0676,5.3411,-6.3419,42.053,0.16845,-48.364,4.1757,-6.5622
16.73,-3.7256,3.0338,2.2901,-0.31795,0.32477,-0.65214,0.60675,0.2824,-8.3822,0.7505,0.36333,-2.4003,-1.229,14.009,-0.65405,0.35813,0,0,0,5.193,5.3906,5.0523,5.3215,-6.8208,42.084,0.10265,-47.408,2.1103,-6.5973
16.74,-3.722,2.95,2.2976,-0.32309,0.31782,-0.64584,0.6144,0.42214,-8.3867,0.75408,0.35518,-2.422,-1.2367,13.938,-0.23314,0.35883,0,0,0,5.1641,5.3685,5.0395,5.3037,-7.29,42.095,0.03651,-46.434,0.039944,-6.6291
16.75,-3.7171,2.8661,2.3052,-0.32828,0.31077,-0.63941,0.62194,0.56115,-8.3869,0.75767,0.34649,-2.4417,-1.2436,13.863,0.18778,0.35886,0,0,0,5.1366,5.3479,5.0293,5.2879,-7.7494,42.085,-0.029927,-45.444,-2.0343,-6.6577
16.76,-3.7108,2.7823,2.3128,-0.33352,0.30362,-0.63285,0.62935,0.69938,-8.3829,0.76126,0.33725,-2.4591,-1.2496,13.783,0.6085,0.35823,0,0,0,5.1106,5.329,5.0218,5.274,-8.1988,42.054,-0.096633,-44.438,-4.1115,-6.6831
16.77,-3.7031,2.6985,2.3204,-0.33879,0.29638,-0.62616,0.63664,0.83679,-8.3747,0.76484,0.32749,-2.474,-1.2546,13.699,1.0288,0.35693,0,0,0,5.0862,5.3118,5.0169,5.262,-8.6381,42.003,-0.16358,-43.416,-6.1905,-6.7052
16.78,-3.6941,2.6148,2.3281,-0.34408,0.28907,-0.61934,0.64379,0.97334,-8.3623,0.7684,0.31721,-2.4865,-1.2587,13.61,1.4485,0.35496,0,0,0,5.0636,5.2963,5.0146,5.2521,-9.0671,41.93,-0.23073,-42.38,-8.2704,-6.7241
16.79,-3.6837,2.5312,2.3358,-0.34939,0.28169,-0.6124,0.65081,1.109,-8.3457,0.77193,0.30645,-2.4963,-1.2618,13.518,1.8673,0.35231,0,0,0,5.0428,5.2826,5.015,5.2442,-9.4857,41.837,-0.29805,-41.33,-10.35,-6.7398
16.8,-3.6719,2.4479,2.3435,-0.35471,0.27425,-0.60534,0.65768,1.2437,-8.325,0.77544,0.29522,-2.5034,-1.2638,13.421,2.2852,0.349,0,0,0,5.024,5.2708,5.018,5.2384,-9.8937,41.723,-0.36551,-40.267,-12.429,-6.7523
16.81,-3.6588,2.3648,2.3513,-0.36003,0.26677,-0.59816,0.6644,1.3774,-8.3,0.77891,0.28356,-2.5077,-1.2647,13.32,2.7017,0.345,0,0,0,5.0072,5.2609,5.0234,5.2346,-10.291,41.589,-0.43308,-39.192,-14.505,-6.7616
16.82,-3.6444,2.2819,2.3591,-0.36533,0.25926,-0.59086,0.67097,1.5101,-8.271,0.78234,0.27148,-2.5091,-1.2646,13.215,3.1169,0.34033,0,0,0,4.9925,5.2528,5.0314,5.2329,-10.677,41.433,-0.50073,-38.104,-16.578,-6.7677
16.83,-3.6286,2.1993,2.3669,-0.37062,0.25173,-0.58346,0.67738,1.6417,-8.2377,0.78571,0.25903,-2.5077,-1.2633,13.106,3.5303,0.33499,0,0,0,4.98,5.2467,5.0418,5.2333,-11.053,41.257,-0.56843,-37.007,-18.647,-6.7706
16.84,-3.6115,2.1172,2.3748,-0.37588,0.24419,-0.57595,0.68364,1.7722,-8.2003,0.78903,0.24624,-2.5033,-1.2609,12.994,3.9419,0.32897,0,0,0,4.9699,5.2426,5.0545,5.2357,-11.418,41.06,-0.63613,-35.898,-20.711,-6.7703
16.85,-3.5932,2.0354,2.3827,-0.3811,0.23667,-0.56834,0.68974,1.9015,-8.1589,0.79229,0.23313,-2.496,-1.2573,12.878,4.3515,0.32227,0,0,0,4.962,5.2404,5.0694,5.2401,-11.771,40.843,-0.70382,-34.781,-22.769,-6.7669
16.86,-3.5735,1.954,2.3906,-0.38627,0.22917,-0.56064,0.69567,2.0297,-8.1133,0.79548,0.21976,-2.4859,-1.2526,12.758,4.7587,0.31489,0,0,0,4.9566,5.2402,5.0864,5.2465,-12.113,40.605,-0.77146,-33.655,-24.819,-6.7603
16.87,-3.5526,1.8731,2.3986,-0.39139,0.22171,-0.55284,0.70145,2.1567,-8.0637,0.79859,0.20616,-2.4729,-1.2468,12.636,5.1635,0.30684,0,0,0,4.9537,5.2419,5.1054,5.2548,-12.444,40.347,-0.83902,-32.52,-26.861,-6.7506
16.88,-3.5304,1.7927,2.4066,-0.39645,0.21429,-0.54496,0.70705,2.2824,-8.0101,0.80161,0.19237,-2.4572,-1.24,12.51,5.5656,0.29811,0,0,0,4.9532,5.2457,5.1263,5.2651,-12.764,40.068,-0.90646,-31.379,-28.893,-6.7378
16.89,-3.5069,1.7129,2.4147,-0.40145,0.20694,-0.537,0.7125,2.4069,-7.9524,0.80455,0.17843,-2.4388,-1.232,12.38,5.9648,0.28871,0,0,0,4.9552,5.2514,5.149,5.2773,-13.072,39.769,-0.97376,-30.231,-30.916,-6.7218
16.9,-3.4822,1.6337,2.4227,-0.40636,0.19967,-0.52896,0.71777,2.53,-7.8908,0.80738,0.16438,-2.4178,-1.2231,12.248,6.3609,0.27864,0,0,0,4.9597,5.259,5.1734,5.2913,-13.368,39.45,-1.0409,-29.078,-32.927,-6.7027
16.91,-3.4563,1.5551,2.4308,-0.4112,0.19249,-0.52086,0.72289,2.6518,-7.8252,0.81012,0.15027,-2.3943,-1.2131,12.113,6.7537,0.26789,0,0,0,4.9666,5.2685,5.1992,5.307,-13.653,39.11,-1.1078,-27.919,-34.926,-6.6804
16.92,-3.4292,1.4772,2.4389,-0.41596,0.1854,-0.51269,0.72784,2.7723,-7.7557,0.81274,0.13613,-2.3686,-1.2022,11.975,7.1431,0.25648,0,0,0,4.9761,5.2798,5.2265,5.3244,-13.927,38.751,-1.1745,-26.756,-36.911,-6.6551
16.93,-3.4009,1.4,2.4471,-0.42062,0.17844,-0.50446,0.73264,2.8913,-7.6824,0.81524,0.12201,-2.3406,-1.1904,11.835,7.5287,0.2444,0,0,0,4.9879,5.293,5.2551,5.3435,-14.188,38.372,-1.2409,-25.59,-38.882,-6.6267
16.94,-3.3714,1.3236,2.4552,-0.4252,0.17159,-0.49618,0.73727,3.0089,-7.6052,0.81763,0.10794,-2.3107,-1.1778,11.691,7.9104,0.23166,0,0,0,5.0021,5.3079,5.2848,5.3641,-14.438,37.974,-1.307,-24.42,-40.838,-6.5951
16.95,-3.3407,1.2479,2.4634,-0.42967,0.16489,-0.48786,0.74175,3.1251,-7.5242,0.81988,0.09397,-2.2788,-1.1644,11.546,8.2881,0.21826,0,0,0,5.0186,5.3246,5.3156,5.3861,-14.677,37.556,-1.3728,-23.249,-42.777,-6.5605
16.96,-3.3089,1.1731,2.4716,-0.43405,0.15832,-0.47949,0.74608,3.2399,-7.4394,0.82199,0.080133,-2.2452,-1.1503,11.398,8.6615,0.20421,0,0,0,5.0373,5.3429,5.3473,5.4096,-14.903,37.118,-1.4382,-22.077,-44.699,-6.5229
16.97,-3.2759,1.0991,2.4798,-0.43832,0.15192,-0.47108,0.75025,3.3531,-7.3509,0.82396,0.066465,-2.2101,-1.1354,11.248,9.0304,0.1895,0,0,0,5.058,5.3627,5.3798,5.4343,-15.118,36.662,-1.5032,-20.903,-46.602,-6.4821
16.98,-3.2418,1.0261,2.4881,-0.44249,0.14567,-0.46264,0.75428,3.4648,-7.2588,0.82578,0.053001,-2.1735,-1.12,11.096,9.3947,0.17415,0,0,0,5.0808,5.384,5.4131,5.4602,-15.321,36.186,-1.5678,-19.73,-48.486,-6.4383
16.99,-3.2066,0.95398,2.4964,-0.44655,0.1396,-0.45418,0.75817,3.575,-7.1631,0.82744,0.039775,-2.1358,-1.104,10.941,9.7541,0.15815,0,0,0,5.1055,5.4067,5.447,5.4873,-15.513,35.692,-1.632,-18.558,-50.35,-6.3914
17,-3.1703,0.88284,2.5046,-0.45051,0.1337,-0.44569,0.76192,3.6836,-7.0638,0.82894,0.026817,-2.097,-1.0876,10.785,10.108,0.14151,0,0,0,5.132,5.4307,5.4814,5.5154,-15.693,35.179,-1.6957,-17.388,-52.192,-6.3415
17.01,-3.133,0.81271,2.5129,-0.45436,0.12799,-0.43718,0.76553,3.7907,-6.9609,0.83027,0.014157,-2.0572,-1.0707,10.628,10.458,0.12423,0,0,0,5.1601,5.4559,5.5162,5.5443,-15.861,34.648,-1.7588,-16.219,-54.011,-6.2886
17.02,-3.0945,0.74363,2.5212,-0.45811,0.12247,-0.42866,0.76902,3.8962,-6.8546,0.83142,0.0018226,-2.0167,-1.0534,10.468,10.801,0.10633,0,0,0,5.1897,5.4823,5.5513,5.5741,-16.017,34.099,-1.8214,-15.054,-55.807,-6.2327
17.03,-3.055,0.67563,2.5296,-0.46175,0.11713,-0.42013,0.77237,4.0001,-6.7449,0.83239,-0.010162,-1.9756,-1.0358,10.307,11.14,0.087807,0,0,0,5.2206,5.5097,5.5867,5.6047,-16.162,33.532,-1.8835,-13.893,-57.579,-6.1737
17.04,-3.0145,0.60875,2.5379,-0.46528,0.112,-0.41159,0.7756,4.1023,-6.6318,0.83317,-0.021772,-1.934,-1.018,10.145,11.472,0.068665,0,0,0,5.2528,5.5379,5.6223,5.6358,-16.295,32.948,-1.9449,-12.736,-59.325,-6.1117
17.05,-2.973,0.54301,2.5462,-0.46871,0.10706,-0.40305,0.77872,4.2029,-6.5155,0.83376,-0.032986,-1.8921,-0.99988,9.9815,11.798,0.048912,0,0,0,5.2861,5.567,5.6579,5.6674,-16.416,32.346,-2.0057,-11.585,-61.044,-6.0467
17.06,-2.9305,0.47845,2.5546,-0.47204,0.10232,-0.3945,0.78171,4.3019,-6.3959,0.83415,-0.043785,-1.8499,-0.98164,9.8167,12.119,0.028554,0,0,0,5.3203,5.5968,5.6935,5.6995,-16.526,31.727,-2.0658,-10.439,-62.736,-5.9787
17.07,-2.887,0.4151,2.5629,-0.47527,0.09779,-0.38596,0.7846,4.3993,-6.2731,0.83433,-0.05415,-1.8076,-0.96329,9.651,12.433,0.007598,0,0,0,5.3553,5.6272,5.729,5.7319,-16.625,31.091,-2.1252,-9.3005,-64.399,-5.9078
17.08,-2.8425,0.35299,2.5713,-0.47839,0.09346,-0.37742,0.78738,4.495,-6.1473,0.8343,-0.064066,-1.7653,-0.94486,9.4843,12.741,-0.013949,0,0,0,5.391,5.658,5.7643,5.7645,-16.713,30.439,-2.184,-8.1693,-66.033,-5.8338
17.09,-2.7971,0.29216,2.5796,-0.48142,0.089334,-0.36889,0.79005,4.589,-6.0183,0.83405,-0.073518,-1.7231,-0.92639,9.3168,13.042,-0.036079,0,0,0,5.4271,5.6892,5.7994,5.7972,-16.789,29.771,-2.2419,-7.0464,-67.636,-5.7569
17.1,-2.7507,0.23264,2.5879,-0.48435,0.085411,-0.36038,0.79262,4.6813,-5.8865,0.83358,-0.082493,-1.6811,-0.90793,9.1485,13.336,-0.058784,0,0,0,5.4637,5.7206,5.8341,5.8299,-16.853,29.086,-2.2991,-5.9324,-69.207,-5.6771
17.11,-2.7035,0.17444,2.5963,-0.48718,0.08169,-0.35187,0.79509,4.7719,-5.7517,0.83287,-0.09098,-1.6394,-0.88951,8.9797,13.623,-0.082058,0,0,0,5.5004,5.7522,5.8684,5.8625,-16.907,28.387,-2.3554,-4.8281,-70.746,-5.5942
17.12,-2.6553,0.11761,2.6046,-0.48992,0.07817,-0.34338,0.79747,4.8609,-5.614,0.83193,-0.098969,-1.598,-0.87116,8.8104,13.904,-0.10589,0,0,0,5.5372,5.7839,5.9022,5.8949,-16.95,27.672,-2.411,-3.7342,-72.251,-5.5085
17.13,-2.6062,0.062174,2.6129,-0.49257,0.074849,-0.33491,0.79975,4.9481,-5.4736,0.83075,-0.10645,-1.557,-0.8529,8.6408,14.177,-0.13027,0,0,0,5.574,5.8154,5.9355,5.927,-16.982,26.942,-2.4656,-2.6516,-73.722,-5.4198
17.14,-2.5563,0.008151,2.6212,-0.49513,0.071724,-0.32646,0.80195,5.0337,-5.3305,0.82933,-0.11342,-1.5164,-0.83477,8.4708,14.442,-0.1552,0,0,0,5.6106,5.8468,5.9681,5.9587,-17.003,26.197,-2.5193,-1.5808,-75.157,-5.3281
17.15,-2.5056,-0.044428,2.6295,-0.4976,0.068793,-0.31803,0.80406,5.1176,-5.1848,0.82765,-0.11987,-1.4764,-0.81679,8.3007,14.701,-0.18066,0,0,0,5.6468,5.8778,6,5.99,-17.014,25.439,-2.5722,-0.52267,-76.555,-5.2336
17.16,-2.454,-0.095536,2.6378,-0.49998,0.066054,-0.30962,0.80609,5.1997,-5.0365,0.82571,-0.1258,-1.437,-0.79898,8.1306,14.951,-0.20664,0,0,0,5.6827,5.9085,6.0312,6.0207,-17.014,24.666,-2.624,0.52208,-77.915,-5.1361
17.17,-2.4016,-0.14515,2.646,-0.50228,0.063502,-0.30124,0.80804,5.2802,-4.8858,0.82351,-0.13119,-1.3981,-0.78136,7.9605,15.194,-0.23313,0,0,0,5.718,5.9386,6.0615,6.0507,-17.003,23.88,-2.6749,1.5527,-79.237,-5.0358
17.18,-2.3484,-0.19324,2.6542,-0.5045,0.061133,-0.29289,0.80991,5.3589,-4.7327,0.82105,-0.13606,-1.3599,-0.76394,7.7906,15.429,-0.26013,0,0,0,5.7526,5.9682,6.0908,6.08,-16.983,23.082,-2.7247,2.5685,-80.518,-4.9325
17.19,-2.2944,-0.2398,2.6624,-0.50664,0.058945,-0.28457,0.8117,5.436,-4.5772,0.81831,-0.14039,-1.3224,-0.74674,7.6209,15.655,-0.28763,0,0,0,5.7864,5.9971,6.1192,6.1085,-16.952,22.27,-2.7735,3.5687,-81.76,-4.8264
17.2,-2.2397,-0.28478,2.6706,-0.50869,0.056933,-0.27628,0.81343,5.5113,-4.4196,0.81529,-0.14419,-1.2856,-0.72978,7.4515,15.874,-0.3156,0,0,0,5.8194,6.0251,6.1465,6.136,-16.911,21.447,-2.8212,4.5525,-82.959,-4.7173
17.21,-2.1842,-0.32818,2.6787,-0.51067,0.055092,-0.26803,0.81508,5.585,-4.2598,0.812,-0.14745,-1.2494,-0.71306,7.2827,16.084,-0.34405,0,0,0,5.8514,6.0523,6.1726,6.1625,-16.861,20.611,-2.8678,5.5194,-84.115,-4.6054
17.22,-2.128,-0.36997,2.6868,-0.51256,0.053419,-0.2598,0.81666,5.657,-4.0979,0.80841,-0.15018,-1.2141,-0.69659,7.1144,16.286,-0.37295,0,0,0,5.8822,6.0785,6.1976,6.1879,-16.801,19.764,-2.9133,6.4684,-85.228,-4.4907
17.23,-2.0711,-0.41013,2.6949,-0.51439,0.051908,-0.25162,0.81817,5.7273,-3.9341,0.80453,-0.15237,-1.1794,-0.68038,6.9467,16.48,-0.40231,0,0,0,5.9119,6.1036,6.2213,6.2122,-16.732,18.907,-2.9577,7.3989,-86.296,-4.373
17.24,-2.0134,-0.44865,2.7029,-0.51613,0.050555,-0.24347,0.81962,5.7959,-3.7684,0.80036,-0.15403,-1.1456,-0.66444,6.7798,16.664,-0.4321,0,0,0,5.9403,6.1276,6.2436,6.2352,-16.653,18.039,-3.0008,8.3101,-87.318,-4.2526
17.25,-1.9552,-0.48549,2.7109,-0.5178,0.049356,-0.23536,0.821,5.8629,-3.6008,0.79589,-0.15516,-1.1125,-0.64877,6.6137,16.84,-0.46232,0,0,0,5.9674,6.1503,6.2646,6.2569,-16.566,17.161,-3.0427,9.2013,-88.293,-4.1293
17.26,-1.8962,-0.52066,2.7188,-0.5194,0.048305,-0.2273,0.82233,5.9282,-3.4316,0.79112,-0.15575,-1.0802,-0.63338,6.4485,17.007,-0.49295,0,0,0,5.993,6.1717,6.2841,6.2773,-16.469,16.273,-3.0834,10.072,-89.22,-4.0031
17.27,-1.8366,-0.55412,2.7267,-0.52093,0.047399,-0.21927,0.82359,5.9919,-3.2607,0.78603,-0.15582,-1.0487,-0.61826,6.2843,17.166,-0.52398,0,0,0,6.0171,6.1918,6.3021,6.2962,-16.364,15.376,-3.1227,10.921,-90.099,-3.8742
17.28,-1.7764,-0.58587,2.7346,-0.52238,0.046631,-0.21129,0.8248,6.0539,-3.0883,0.78063,-0.15536,-1.0179,-0.60343,6.1212,17.315,-0.5554,0,0,0,6.0396,6.2103,6.3185,6.3136,-16.251,14.471,-3.1608,11.748,-90.927,-3.7424
17.29,-1.7155,-0.61588,2.7423,-0.52377,0.045997,-0.20335,0.82595,6.1143,-2.9144,0.77492,-0.15438,-0.98801,-0.58888,5.9593,17.455,-0.5872,0,0,0,6.0605,6.2274,6.3332,6.3294,-16.129,13.558,-3.1976,12.552,-91.705,-3.6078
17.3,-1.6541,-0.64415,2.7501,-0.52508,0.045493,-0.19546,0.82705,6.1731,-2.7392,0.76889,-0.15287,-0.95886,-0.5746,5.7987,17.586,-0.61935,0,0,0,6.0796,6.2428,6.3463,6.3435,-16,12.637,-3.233,13.332,-92.431,-3.4705
17.31,-1.5921,-0.67066,2.7577,-0.52632,0.045114,-0.18762,0.8281,6.2303,-2.5628,0.76253,-0.15085,-0.93051,-0.56062,5.6393,17.708,-0.65185,0,0,0,6.0969,6.2566,6.3576,6.356,-15.863,11.709,-3.267,14.088,-93.103,-3.3303
17.32,-1.5295,-0.6954,2.7653,-0.52749,0.044854,-0.17982,0.8291,6.2859,-2.3851,0.75585,-0.14831,-0.90295,-0.54691,5.4814,17.82,-0.68468,0,0,0,6.1124,6.2687,6.3671,6.3668,-15.718,10.775,-3.2996,14.818,-93.722,-3.1874
17.33,-1.4664,-0.71836,2.7728,-0.52859,0.04471,-0.17207,0.83005,6.3399,-2.2064,0.74884,-0.14525,-0.87618,-0.53348,5.325,17.923,-0.71784,0,0,0,6.1259,6.279,6.3748,6.3757,-15.566,9.8352,-3.3307,15.523,-94.286,-3.0416
17.34,-1.4027,-0.73953,2.7803,-0.52963,0.044677,-0.16437,0.83095,6.3924,-2.0267,0.74149,-0.14169,-0.8502,-0.52033,5.1701,18.017,-0.75129,0,0,0,6.1375,6.2875,6.3805,6.3828,-15.408,8.8898,-3.3604,16.201,-94.794,-2.8931
17.35,-1.3385,-0.75889,2.7877,-0.53059,0.04475,-0.15672,0.83181,6.4433,-1.8461,0.73381,-0.13761,-0.825,-0.50746,5.0169,18.101,-0.78504,0,0,0,6.1471,6.2941,6.3843,6.388,-15.243,7.9395,-3.3886,16.852,-95.244,-2.7419
17.36,-1.2738,-0.77644,2.795,-0.53148,0.044926,-0.14912,0.83263,6.4927,-1.6647,0.72579,-0.13302,-0.80058,-0.49486,4.8653,18.176,-0.81906,0,0,0,6.1547,6.2988,6.3862,6.3913,-15.071,6.9851,-3.4152,17.475,-95.637,-2.5879
17.37,-1.2087,-0.79218,2.8022,-0.53231,0.045198,-0.14157,0.83341,6.5406,-1.4826,0.71743,-0.12793,-0.77695,-0.48254,4.7155,18.241,-0.85334,0,0,0,6.1601,6.3015,6.386,6.3925,-14.893,6.027,-3.4403,18.068,-95.971,-2.4312
17.38,-1.143,-0.80609,2.8093,-0.53306,0.045565,-0.13407,0.83414,6.587,-1.2999,0.70872,-0.12233,-0.75409,-0.47048,4.5675,18.296,-0.88786,0,0,0,6.1634,6.3023,6.3837,6.3918,-14.71,5.0659,-3.4638,18.633,-96.245,-2.2717
17.39,-1.0769,-0.81818,2.8163,-0.53374,0.046021,-0.12662,0.83485,6.632,-1.1167,0.69967,-0.11623,-0.73201,-0.4587,4.4213,18.342,-0.92261,0,0,0,6.1645,6.3009,6.3793,6.3891,-14.521,4.1023,-3.4858,19.167,-96.457,-2.1095
17.4,-1.0104,-0.82843,2.8233,-0.53436,0.046562,-0.11922,0.83551,6.6755,-0.93309,0.69027,-0.10962,-0.7107,-0.44718,4.2771,18.378,-0.95757,0,0,0,6.1635,6.2975,6.3728,6.3842,-14.326,3.1369,-3.506,19.67,-96.608,-1.9446
17.41,-0.94342,-0.83684,2.8301,-0.5349,0.047185,-0.11187,0.83615,6.7175,-0.74916,0.68052,-0.10251,-0.69017,-0.43593,4.1348,18.405,-0.99273,0,0,0,6.1602,6.292,6.3641,6.3773,-14.127,2.1703,-3.5246,20.144,-96.699,-1.7772
17.42,-0.87604,-0.84341,2.8369,-0.53537,0.047886,-0.10457,0.83675,6.7582,-0.56502,0.67042,-0.094884,-0.6704,-0.42494,3.9945,18.422,-1.0281,0,0,0,6.1546,6.2844,6.3532,6.3682,-13.924,1.2032,-3.5416,20.587,-96.73,-1.6072
17.43,-0.80826,-0.84814,2.8436,-0.53577,0.048661,-0.097315,0.83733,6.7974,-0.38076,0.65996,-0.086751,-0.65141,-0.41421,3.8563,18.429,-1.0636,0,0,0,6.1468,6.2745,6.3401,6.3569,-13.716,0.23594,-3.5568,21.001,-96.702,-1.4347
17.44,-0.74009,-0.85102,2.8501,-0.53609,0.049507,-0.090109,0.83787,6.8353,-0.19648,0.64914,-0.078106,-0.63319,-0.40373,3.7202,18.426,-1.0992,0,0,0,6.1367,6.2625,6.3248,6.3435,-13.504,-0.73069,-3.5702,21.386,-96.616,-1.26
17.45,-0.67156,-0.85207,2.8565,-0.53635,0.05042,-0.082949,0.8384,6.8718,-0.012263,0.63797,-0.068943,-0.61574,-0.3935,3.5863,18.414,-1.135,0,0,0,6.1242,6.2483,6.3072,6.328,-13.288,-1.6962,-3.582,21.742,-96.473,-1.0829
17.46,-0.60266,-0.85127,2.8629,-0.53653,0.051397,-0.075835,0.8389,6.907,0.17178,0.62645,-0.059257,-0.59906,-0.38352,3.4545,18.393,-1.1708,0,0,0,6.1094,6.2319,6.2873,6.3102,-13.069,-2.66,-3.5919,22.071,-96.273,-0.90373
17.47,-0.53342,-0.84863,2.8691,-0.53663,0.052434,-0.068765,0.83938,6.9409,0.35555,0.61456,-0.04904,-0.58315,-0.37379,3.3249,18.361,-1.2068,0,0,0,6.0922,6.2132,6.2652,6.2902,-12.847,-3.6215,-3.6,22.371,-96.019,-0.72245
17.48,-0.46385,-0.84416,2.8752,-0.53665,0.05353,-0.061737,0.83984,6.9736,0.53897,0.60231,-0.038284,-0.56802,-0.3643,3.1976,18.32,-1.2428,0,0,0,6.0727,6.1923,6.2407,6.268,-12.622,-4.5802,-3.6063,22.644,-95.709,-0.53917
17.49,-0.39395,-0.83786,2.8811,-0.5366,0.05468,-0.054751,0.84028,7.0049,0.72193,0.5897,-0.02698,-0.55366,-0.35504,3.0725,18.27,-1.2789,0,0,0,6.0507,6.1692,6.2139,6.2436,-12.394,-5.5355,-3.6108,22.89,-95.346,-0.35399
17.5,-0.32375,-0.82972,2.8869,-0.53647,0.055882,-0.047804,0.84071,7.035,0.90433,0.57673,-0.015116,-0.54009,-0.34602,2.9497,18.209,-1.315,0,0,0,6.0265,6.1437,6.1848,6.217,-12.164,-6.4869,-3.6134,23.11,-94.93,-0.16697
17.51,-0.25326,-0.81977,2.8926,-0.53626,0.057134,-0.040894,0.84112,7.0639,1.0861,0.5634,-0.002679,-0.5273,-0.33723,2.8292,18.14,-1.3512,0,0,0,5.9998,6.116,6.1533,6.1882,-11.932,-7.4339,-3.6141,23.303,-94.462,0.021777
17.52,-0.18248,-0.808,2.8982,-0.53596,0.058431,-0.034019,0.84153,7.0916,1.2671,0.54971,0.010346,-0.51532,-0.32866,2.7111,18.061,-1.3873,0,0,0,5.9707,6.0861,6.1195,6.1571,-11.698,-8.376,-3.613,23.471,-93.942,0.21218
17.53,-0.11143,-0.79443,2.9036,-0.53559,0.059773,-0.027177,0.84192,7.1181,1.4473,0.53565,0.023975,-0.50414,-0.32032,2.5953,17.972,-1.4234,0,0,0,5.9393,6.0539,6.0834,6.1239,-11.462,-9.3126,-3.6099,23.613,-93.373,0.40414
17.54,-0.04012,-0.77906,2.9089,-0.53512,0.061156,-0.020366,0.84231,7.1435,1.6265,0.52124,0.038227,-0.49378,-0.31219,2.4818,17.875,-1.4595,0,0,0,5.9055,6.0195,6.0449,6.0885,-11.226,-10.243,-3.6049,23.73,-92.754,0.59759
17.55,0.031437,-0.76191,2.9141,-0.53457,0.062577,-0.013583,0.8427,7.1678,1.8047,0.50646,0.053124,-0.48425,-0.30428,2.3707,17.767,-1.4955,0,0,0,5.8694,5.9828,6.0041,6.0509,-10.988,-11.167,-3.5979,23.823,-92.086,0.79242
17.56,0.10323,-0.74297,2.919,-0.53392,0.064035,-0.0068256,0.84308,7.1909,1.9818,0.49133,0.068687,-0.47557,-0.29659,2.2621,17.651,-1.5314,0,0,0,5.8309,5.9439,5.9609,6.0111,-10.749,-12.085,-3.589,23.892,-91.371,0.98856
17.57,0.17525,-0.72227,2.9239,-0.53318,0.065526,-9.0255e-05,0.84346,7.213,2.1577,0.47584,0.084942,-0.46777,-0.28911,2.1558,17.526,-1.5673,0,0,0,5.7901,5.9028,5.9154,5.9692,-10.51,-12.995,-3.5782,23.937,-90.608,1.1859
17.58,0.24749,-0.69982,2.9286,-0.53235,0.06705,0.0066257,0.84384,7.2341,2.3323,0.45998,0.10192,-0.46086,-0.28183,2.0519,17.391,-1.603,0,0,0,5.7469,5.8595,5.8676,5.9252,-10.271,-13.897,-3.5653,23.959,-89.8,1.3844
17.59,0.31993,-0.67563,2.9331,-0.53142,0.068602,0.013325,0.84422,7.2541,2.5055,0.44378,0.11965,-0.45486,-0.27476,1.9503,17.248,-1.6386,0,0,0,5.7015,5.814,5.8175,5.8792,-10.031,-14.791,-3.5505,23.958,-88.947,1.5839
17.6,0.39257,-0.64972,2.9374,-0.53038,0.070181,0.020012,0.84461,7.2731,2.6772,0.42721,0.13816,-0.44982,-0.2679,1.8512,17.096,-1.674,0,0,0,5.6538,5.7664,5.765,5.831,-9.7916,-15.676,-3.5336,23.934,-88.049,1.7844
17.61,0.46539,-0.62209,2.9416,-0.52924,0.071784,0.02669,0.84501,7.2911,2.8474,0.4103,0.15749,-0.44576,-0.26123,1.7545,16.934,-1.7092,0,0,0,5.6039,5.7166,5.7103,5.7808,-9.5524,-16.551,-3.5148,23.888,-87.107,1.9858
17.62,0.53839,-0.59277,2.9456,-0.52799,0.073409,0.033362,0.84542,7.3082,3.0159,0.39303,0.17768,-0.44272,-0.25477,1.6602,16.765,-1.7443,0,0,0,5.5517,5.6648,5.6532,5.7287,-9.3139,-17.418,-3.4939,23.821,-86.123,2.1879
17.63,0.61155,-0.56178,2.9495,-0.52662,0.075053,0.040032,0.84583,7.3243,3.1827,0.37541,0.19878,-0.44074,-0.2485,1.5682,16.586,-1.7791,0,0,0,5.4974,5.6109,5.5939,5.6746,-9.0761,-18.274,-3.471,23.733,-85.098,2.3908
17.64,0.68487,-0.52913,2.9532,-0.52514,0.076714,0.046705,0.84627,7.3395,3.3476,0.35745,0.22083,-0.43988,-0.24244,1.4787,16.399,-1.8137,0,0,0,5.4409,5.5549,5.5323,5.6186,-8.8393,-19.119,-3.4461,23.623,-84.031,2.5942
17.65,0.75834,-0.49483,2.9566,-0.52353,0.078388,0.053384,0.84671,7.3539,3.5106,0.33914,0.24388,-0.44018,-0.23657,1.3914,16.204,-1.848,0,0,0,5.3823,5.497,5.4685,5.5607,-8.6037,-19.954,-3.4191,23.493,-82.925,2.7982
17.66,0.83194,-0.45892,2.9599,-0.52179,0.080074,0.060074,0.84718,7.3674,3.6716,0.32049,0.26799,-0.44172,-0.2309,1.3066,16,-1.8821,0,0,0,5.3216,5.4371,5.4025,5.5011,-8.3695,-20.778,-3.3901,23.343,-81.779,3.0026
17.67,0.90568,-0.42141,2.963,-0.51992,0.081768,0.066779,0.84767,7.38,3.8306,0.3015,0.29322,-0.44454,-0.22543,1.2241,15.788,-1.9158,0,0,0,5.2589,5.3753,5.3342,5.4397,-8.1369,-21.59,-3.3591,23.174,-80.595,3.2074
17.68,0.97954,-0.38232,2.966,-0.51791,0.083467,0.073504,0.84817,7.3919,3.9874,0.28217,0.31962,-0.44874,-0.22016,1.1438,15.568,-1.9493,0,0,0,5.1942,5.3117,5.2637,5.3766,-7.9061,-22.39,-3.326,22.985,-79.373,3.4125
17.69,1.0535,-0.34167,2.9687,-0.51575,0.085167,0.080254,0.84871,7.4029,4.1419,0.26251,0.34728,-0.4544,-0.2151,1.0659,15.34,-1.9823,0,0,0,5.1276,5.2462,5.1911,5.3119,-7.6773,-23.177,-3.2908,22.777,-78.115,3.6177
17.7,1.1276,-0.29949,2.9712,-0.51344,0.086864,0.087035,0.84927,7.4132,4.2942,0.24253,0.37627,-0.46161,-0.21023,0.99029,15.105,-2.0151,0,0,0,5.0591,5.179,5.1163,5.2456,-7.4506,-23.952,-3.2536,22.551,-76.821,3.823
17.71,1.2018,-0.25579,2.9735,-0.51097,0.088556,0.09385,0.84986,7.4227,4.444,0.22221,0.40667,-0.47047,-0.20557,0.9169,14.861,-2.0474,0,0,0,4.9888,5.11,5.0394,5.1779,-7.2263,-24.713,-3.2144,22.307,-75.492,4.0283
17.72,1.276,-0.21061,2.9757,-0.50833,0.090236,0.10071,0.85048,7.4315,4.5914,0.20158,0.43856,-0.4811,-0.20112,0.84575,14.611,-2.0793,0,0,0,4.9167,5.0394,4.9603,5.1087,-7.0045,-25.461,-3.1731,22.046,-74.129,4.2335
17.73,1.3504,-0.16397,2.9776,-0.50551,0.091901,0.10761,0.85113,7.4397,4.7362,0.18063,0.47204,-0.49363,-0.19688,0.7768,14.352,-2.1109,0,0,0,4.8429,4.9673,4.8792,5.0383,-6.7854,-26.196,-3.1297,21.767,-72.732,4.4386
17.74,1.4248,-0.1159,2.9793,-0.50251,0.093544,0.11456,0.85183,7.4471,4.8784,0.15936,0.50721,-0.5082,-0.19286,0.71003,14.087,-2.1419,0,0,0,4.7675,4.8936,4.796,4.9667,-6.5692,-26.916,-3.0843,21.471,-71.304,4.6434
17.75,1.4993,-0.066416,2.9808,-0.4993,0.095161,0.12157,0.85256,7.4539,5.0179,0.13779,0.54418,-0.52498,-0.18907,0.64541,13.814,-2.1725,0,0,0,4.6905,4.8184,4.7107,4.8939,-6.3561,-27.622,-3.0368,21.159,-69.844,4.8479
17.76,1.5739,-0.015551,2.982,-0.49589,0.096745,0.12865,0.85334,7.46,5.1546,0.11591,0.58307,-0.54412,-0.1855,0.5829,13.534,-2.2027,0,0,0,4.612,4.7418,4.6235,4.8201,-6.1461,-28.313,-2.9873,20.831,-68.353,5.0519
17.77,1.6485,0.036667,2.9831,-0.49225,0.098287,0.13579,0.85416,7.4655,5.2886,0.093739,0.624,-0.56584,-0.18217,0.52247,13.248,-2.2323,0,0,0,4.5322,4.6639,4.5341,4.7455,-5.9395,-28.989,-2.9358,20.488,-66.833,5.2555
17.78,1.7232,0.090211,2.9839,-0.48838,0.099781,0.14301,0.85503,7.4705,5.4196,0.071271,0.66711,-0.59034,-0.17908,0.4641,12.955,-2.2614,0,0,0,4.451,4.5848,4.4428,4.67,-5.7364,-29.649,-2.8822,20.129,-65.283,5.4584
17.79,1.798,0.14505,2.9845,-0.48426,0.10122,0.15031,0.85595,7.4748,5.5476,0.048514,0.71253,-0.61785,-0.17624,0.40773,12.655,-2.2899,0,0,0,4.3686,4.5045,4.3496,4.594,-5.537,-30.294,-2.8266,19.756,-63.706,5.6607
17.8,1.8727,0.20115,2.9849,-0.47988,0.10259,0.15771,0.85692,7.4786,5.6727,0.025474,0.76042,-0.64865,-0.17367,0.35335,12.349,-2.3179,0,0,0,4.2852,4.4232,4.2544,4.5174,-5.3413,-30.923,-2.769,19.368,-62.101,5.8621
17.81,1.9475,0.25849,2.985,-0.47522,0.10388,0.16519,0.85796,7.4819,5.7946,0.0021576,0.81095,-0.68301,-0.17137,0.30089,12.036,-2.3453,0,0,0,4.2007,4.3408,4.1572,4.4405,-5.1496,-31.536,-2.7094,18.967,-60.47,6.0628
17.82,2.0224,0.31703,2.9849,-0.47026,0.10508,0.17278,0.85905,7.4846,5.9134,-0.02143,0.86429,-0.72125,-0.16935,0.25034,11.718,-2.3721,0,0,0,4.1154,4.2576,4.0581,4.3634,-4.962,-32.133,-2.6478,18.552,-58.814,6.2624
17.83,2.0972,0.37675,2.9846,-0.46498,0.10617,0.18047,0.86021,7.4869,6.0289,-0.045282,0.9206,-0.76373,-0.16764,0.20164,11.394,-2.3982,0,0,0,4.0293,4.1736,3.9572,4.2863,-4.7787,-32.712,-2.5841,18.123,-57.132,6.4611
17.84,2.1721,0.4376,2.984,-0.45936,0.10715,0.18827,0.86143,7.4887,6.1412,-0.069393,0.9801,-0.8108,-0.16624,0.15475,11.064,-2.4238,0,0,0,3.9427,4.0889,3.8544,4.2094,-4.5996,-33.275,-2.5185,17.682,-55.427,6.6586
17.85,2.247,0.49956,2.9832,-0.45338,0.10799,0.19619,0.86273,7.49,6.2502,-0.093755,1.043,-0.8629,-0.16517,0.10963,10.728,-2.4486,0,0,0,3.8556,4.0035,3.7497,4.1328,-4.4251,-33.821,-2.451,17.229,-53.699,6.8549
17.86,2.3219,0.56259,2.9821,-0.44701,0.10867,0.20424,0.8641,7.4909,6.3558,-0.11836,1.1094,-0.92046,-0.16445,0.066236,10.388,-2.4728,0,0,0,3.7682,3.9177,3.6433,4.0568,-4.2551,-34.349,-2.3814,16.764,-51.949,7.0499
17.87,2.3968,0.62667,2.9808,-0.44023,0.10917,0.21241,0.86554,7.4913,6.4579,-0.14321,1.1797,-0.98398,-0.16409,0.024515,10.041,-2.4962,0,0,0,3.6807,3.8316,3.5352,3.9815,-4.0898,-34.86,-2.31,16.287,-50.178,7.2435
17.88,2.4717,0.69174,2.9793,-0.433,0.10948,0.22071,0.86707,7.4914,6.5566,-0.16828,1.254,-1.054,-0.16411,-0.015577,9.6904,-2.519,0,0,0,3.5933,3.7451,3.4254,3.9072,-3.9294,-35.353,-2.2366,15.8,-48.387,7.4357
17.89,2.5466,0.75779,2.9774,-0.42531,0.10955,0.22913,0.86868,7.491,6.6517,-0.19358,1.3324,-1.131,-0.16454,-0.054088,9.3345,-2.541,0,0,0,3.5062,3.6586,3.3141,3.8342,-3.7738,-35.827,-2.1613,15.301,-46.576,7.6263
17.9,2.6215,0.82476,2.9754,-0.41711,0.10937,0.23769,0.87038,7.4903,6.7433,-0.2191,1.4154,-1.2156,-0.16539,-0.09107,8.9739,-2.5622,0,0,0,3.4197,3.5721,3.2013,3.7625,-3.6234,-36.284,-2.0841,14.793,-44.746,7.8153
17.91,2.6964,0.89264,2.9731,-0.40836,0.1089,0.24638,0.87217,7.4892,6.8312,-0.24483,1.503,-1.3084,-0.16669,-0.12657,8.6089,-2.5826,0,0,0,3.3338,3.4857,3.0873,3.6924,-3.478,-36.722,-2.005,14.274,-42.898,8.0026
17.92,2.7713,0.96137,2.9705,-0.39904,0.10811,0.25519,0.87405,7.4878,6.9154,-0.27075,1.5954,-1.41,-0.16846,-0.16065,8.2395,-2.6023,0,0,0,3.2489,3.3996,2.9722,3.6242,-3.3379,-37.142,-1.924,13.747,-41.034,8.188
17.93,2.8462,1.0309,2.9677,-0.38909,0.10696,0.26412,0.87602,7.486,6.996,-0.29687,1.6927,-1.521,-0.17072,-0.19335,7.8661,-2.6211,0,0,0,3.1653,3.3139,2.8563,3.5578,-3.2031,-37.543,-1.8412,13.21,-39.153,8.3716
17.94,2.921,1.1013,2.9646,-0.37849,0.1054,0.27315,0.87808,7.4839,7.0727,-0.32317,1.7952,-1.642,-0.17347,-0.22473,7.4887,-2.6391,0,0,0,3.0832,3.2289,2.7401,3.4936,-3.0737,-37.925,-1.7566,12.664,-37.257,8.5531
17.95,2.9959,1.1724,2.9612,-0.36717,0.10339,0.28228,0.88024,7.4815,7.1457,-0.34965,1.9029,-1.7735,-0.17675,-0.25484,7.1077,-2.6562,0,0,0,3.0029,3.1447,2.6241,3.4314,-2.9499,-38.288,-1.6702,12.11,-35.347,8.7326
17.96,3.0707,1.2442,2.9576,-0.3551,0.10089,0.29147,0.88248,7.4788,7.2149,-0.37629,2.0157,-1.9159,-0.18056,-0.28374,6.723,-2.6725,0,0,0,2.9246,3.0615,2.5088,3.3714,-2.8316,-38.632,-1.5819,11.549,-33.423,8.9099
17.97,3.1454,1.3167,2.9537,-0.34222,0.097841,0.3007,0.88481,7.4758,7.2802,-0.40309,2.1335,-2.0694,-0.1849,-0.31149,6.3351,-2.6879,0,0,0,2.8486,2.9797,2.3952,3.3132,-2.7189,-38.956,-1.492,10.98,-31.487,9.085
17.98,3.2202,1.3898,2.9495,-0.32849,0.094196,0.30995,0.88722,7.4726,7.3416,-0.43005,2.2562,-2.2341,-0.18978,-0.33814,5.944,-2.7023,0,0,0,2.7751,2.8994,2.2843,3.2568,-2.612,-39.262,-1.4003,10.404,-29.539,9.2578
17.99,3.2949,1.4635,2.9451,-0.31385,0.089901,0.31915,0.88969,7.4691,7.399,-0.45714,2.3832,-2.4096,-0.19516,-0.36375,5.5499,-2.7159,0,0,0,2.7043,2.821,2.1774,3.2015,-2.5109,-39.547,-1.3068,9.8214,-27.579,9.4281
18,3.3696,1.5377,2.9404,-0.29827,0.084906,0.32827,0.89222,7.4653,7.4525,-0.48436,2.5142,-2.5952,-0.20103,-0.38838,5.1531,-2.7285,0,0,0,2.6364,2.745,2.0762,3.1467,-2.4156,-39.813,-1.2117,9.2327,-25.61,9.596
18.01,3.4442,1.6125,2.9354,-0.2817,0.079162,0.33723,0.89479,7.4613,7.5021,-0.5117,2.6482,-2.7898,-0.20733,-0.41208,4.7537,-2.7401,0,0,0,2.5714,2.6717,1.9825,3.0916,-2.3262,-40.059,-1.1149,8.6382,-23.632,9.7612
18.02,3.5188,1.6878,2.9301,-0.2641,0.072628,0.34597,0.89738,7.4571,7.5476,-0.53916,2.7842,-2.9914,-0.214,-0.43492,4.352,-2.7507,0,0,0,2.5093,2.6017,1.8986,3.0351,-2.2428,-40.286,-1.0165,8.0383,-21.645,9.9238
18.03,3.5933,1.7635,2.9246,-0.24544,0.065271,0.35439,0.89995,7.4526,7.5891,-0.56672,2.9209,-3.1975,-0.22093,-0.45696,3.9481,-2.7604,0,0,0,2.4501,2.5357,1.827,2.9759,-2.1655,-40.492,-0.91645,7.4335,-19.65,10.084
18.04,3.6678,1.8395,2.9188,-0.22571,0.05707,0.3624,0.90247,7.4479,7.6266,-0.59436,3.0566,-3.4047,-0.22802,-0.47825,3.5422,-2.7691,0,0,0,2.3937,2.4742,1.7703,2.9126,-2.0942,-40.679,-0.81482,6.8241,-17.649,10.241
18.05,3.7423,1.916,2.9127,-0.20491,0.048024,0.36989,0.90492,7.4431,7.66,-0.62209,3.1895,-3.6087,-0.23511,-0.49886,3.1346,-2.7767,0,0,0,2.34,2.4179,1.7311,2.8439,-2.029,-40.845,-0.71164,6.2106,-15.642,10.395
18.06,3.8167,1.9927,2.9063,-0.18306,0.03815,0.37674,0.90725,7.438,7.6893,-0.64989,3.3173,-3.8044,-0.24203,-0.51885,2.7254,-2.7833,0,0,0,2.289,2.3675,1.7121,2.7685,-1.97,-40.992,-0.60694,5.5933,-13.63,10.546
18.07,3.8911,2.0697,2.8997,-0.1602,0.027491,0.38281,0.90941,7.4327,7.7145,-0.67776,3.4374,-3.986,-0.24857,-0.53828,2.3148,-2.7888,0,0,0,2.2407,2.3236,1.7152,2.6857,-1.9171,-41.118,-0.50074,4.9727,-11.614,10.693
18.08,3.9654,2.147,2.8928,-0.13639,0.016121,0.388,0.91137,7.4272,7.7355,-0.70567,3.5474,-4.1473,-0.25453,-0.55722,1.9031,-2.7933,0,0,0,2.1954,2.2866,1.7416,2.5951,-1.8705,-41.224,-0.39308,4.3492,-9.5948,10.838
18.09,4.0396,2.2244,2.8856,-0.11174,0.0041409,0.39216,0.91308,7.4215,7.7525,-0.73362,3.6445,-4.2819,-0.25967,-0.57572,1.4904,-2.7967,0,0,0,2.1537,2.2567,1.7915,2.4976,-1.8302,-41.31,-0.28399,3.7232,-7.5731,10.979
18.1,4.1138,2.302,2.8781,-0.086356,-0.0083178,0.39519,0.91449,7.4157,7.7654,-0.7616,3.7262,-4.384,-0.26379,-0.59384,1.077,-2.799,0,0,0,2.1165,2.2339,1.8637,2.3948,-1.7961,-41.375,-0.17351,3.0951,-5.5499,11.117
18.11,4.1879,2.3797,2.8704,-0.060396,-0.021097,0.39698,0.91559,7.4097,7.7741,-0.78959,3.7901,-4.4485,-0.26668,-0.61166,0.66295,-2.8002,0,0,0,2.0849,2.2178,1.9557,2.2894,-1.7683,-41.421,-0.061656,2.4653,-3.5259,11.252
18.12,4.262,2.4575,2.8623,-0.034026,-0.034017,0.39747,0.91635,7.4035,7.7786,-0.8176,3.8344,-4.4717,-0.26818,-0.62923,0.24861,-2.8002,0,0,0,2.0605,2.2079,2.0636,2.1851,-1.7468,-41.446,0.051523,1.8341,-1.5021,11.383
18.13,4.336,2.5353,2.854,-0.0074299,-0.046885,0.39661,0.91676,7.3971,7.779,-0.84559,3.8579,-4.4518,-0.26816,-0.64661,-0.16589,-2.7991,0,0,0,2.0448,2.2037,2.1827,2.0863,-1.7316,-41.451,0.16599,1.2021,0.52065,11.51
18.14,4.4099,2.6131,2.8454,0.019202,-0.059506,0.39437,0.91682,7.3905,7.7753,-0.87358,3.8599,-4.389,-0.26659,-0.66388,-0.58034,-2.7969,0,0,0,2.0391,2.2044,2.3077,1.9974,-1.7227,-41.435,0.28172,0.56966,2.5415,11.634
18.15,4.4838,2.6908,2.8365,0.045678,-0.071689,0.39078,0.91655,7.3838,7.7674,-0.90153,3.8404,-4.2856,-0.26344,-0.68109,-0.99454,-2.7935,0,0,0,2.0446,2.2096,2.4336,1.9225,-1.7202,-41.4,0.39866,-0.062889,4.5597,11.754
18.16,4.5576,2.7684,2.8274,0.071817,-0.08326,0.38589,0.91597,7.3769,7.7554,-0.92944,3.8003,-4.1454,-0.25877,-0.69831,-1.4083,-2.7889,0,0,0,2.0619,2.2189,2.5559,1.8651,-1.724,-41.344,0.51679,-0.6951,6.5743,11.87
18.17,4.6313,2.8459,2.8179,0.097453,-0.094068,0.37977,0.91511,7.3698,7.7393,-0.9573,3.741,-3.9739,-0.2527,-0.71559,-1.8214,-2.7831,0,0,0,2.0911,2.2324,2.671,1.8276,-1.7341,-41.268,0.63605,-1.3266,8.5844,11.982
18.18,4.705,2.9232,2.8082,0.12244,-0.10399,0.37251,0.91402,7.3626,7.719,-0.9851,3.6644,-3.7775,-0.24535,-0.73301,-2.2336,-2.7762,0,0,0,2.1317,2.2502,2.7768,1.811,-1.7505,-41.173,0.75642,-1.9569,10.589,12.09
18.19,4.7786,3.0002,2.7982,0.14666,-0.11294,0.36424,0.91272,7.3552,7.6946,-1.0128,3.5726,-3.5627,-0.23691,-0.75062,-2.6447,-2.768,0,0,0,2.1828,2.2727,2.8722,1.8155,-1.7732,-41.057,0.87784,-2.5856,12.588,12.194
18.2,4.8521,3.0771,2.788,0.17001,-0.12087,0.35507,0.91127,7.3476,7.6661,-1.0405,3.468,-3.336,-0.22756,-0.76849,-3.0546,-2.7586,0,0,0,2.2433,2.3003,2.9573,1.84,-1.8022,-40.921,1.0003,-3.2124,14.58,12.293
18.21,4.9255,3.1536,2.7774,0.19243,-0.12773,0.34514,0.90969,7.3398,7.6335,-1.068,3.3532,-3.1036,-0.21746,-0.78669,-3.4631,-2.748,0,0,0,2.3118,2.3334,3.0329,1.8828,-1.8375,-40.765,1.1237,-3.8368,16.563,12.389
18.22,4.9989,3.2297,2.7666,0.21386,-0.13354,0.33457,0.90801,7.3318,7.5968,-1.0954,3.2304,-2.8707,-0.20681,-0.80526,-3.8699,-2.7362,0,0,0,2.3869,2.3724,3.1004,1.9418,-1.879,-40.59,1.248,-4.4584,18.539,12.479
18.23,5.0722,3.3055,2.7555,0.23428,-0.13832,0.32349,0.90627,7.3237,7.5561,-1.1227,3.1019,-2.6417,-0.19575,-0.82429,-4.2748,-2.723,0,0,0,2.4672,2.4173,3.1615,2.0145,-1.9266,-40.394,1.3733,-5.0768,20.504,12.566
18.24,5.1454,3.3808,2.7442,0.25368,-0.14211,0.31201,0.90449,7.3154,7.5113,-1.1499,2.9698,-2.4201,-0.18442,-0.84382,-4.6777,-2.7087,0,0,0,2.5515,2.4683,3.218,2.0986,-1.9805,-40.18,1.4993,-5.6917,22.459,12.648
18.25,5.2185,3.4557,2.7325,0.27206,-0.14497,0.30024,0.90268,7.3068,7.4626,-1.1769,2.8358,-2.2084,-0.17296,-0.86392,-5.0783,-2.6931,0,0,0,2.6389,2.5251,3.2714,2.1918,-2.0404,-39.945,1.6262,-6.3025,24.403,12.725
18.26,5.2915,3.5301,2.7206,0.28943,-0.14696,0.28826,0.90085,7.2981,7.4098,-1.2037,2.7015,-2.0086,-0.16144,-0.88465,-5.4765,-2.6762,0,0,0,2.7286,2.5876,3.3233,2.2921,-2.1065,-39.692,1.7538,-6.9089,26.335,12.797
18.27,5.3644,3.6039,2.7085,0.30582,-0.14816,0.27617,0.89903,7.2891,7.353,-1.2304,2.5681,-1.8217,-0.14996,-0.90607,-5.8721,-2.658,0,0,0,2.8198,2.6553,3.3748,2.3977,-2.1786,-39.419,1.8821,-7.5105,28.253,12.864
18.28,5.4373,3.6771,2.696,0.32127,-0.14862,0.26403,0.89721,7.28,7.2924,-1.2569,2.4368,-1.6483,-0.13858,-0.92824,-6.2648,-2.6385,0,0,0,2.912,2.7277,3.4269,2.5071,-2.2567,-39.127,2.0111,-8.1068,30.158,12.927
18.29,5.51,3.7497,2.6833,0.33579,-0.14844,0.25191,0.8954,7.2706,7.2278,-1.2832,2.3083,-1.4885,-0.12734,-0.95122,-6.6546,-2.6178,0,0,0,3.005,2.8045,3.4804,2.6191,-2.3407,-38.815,2.1406,-8.6975,32.048,12.985
18.3,5.5827,3.8216,2.6704,0.34945,-0.14768,0.23986,0.89361,7.2609,7.1593,-1.3092,2.1834,-1.3423,-0.11628,-0.97507,-7.0411,-2.5957,0,0,0,3.0983,2.885,3.5356,2.7328,-2.4306,-38.486,2.2708,-9.2822,33.923,13.037
18.31,5.6552,3.8929,2.6571,0.36226,-0.14641,0.22792,0.89184,7.2511,7.0869,-1.3351,2.0625,-1.209,-0.10542,-0.99985,-7.4242,-2.5723,0,0,0,3.1919,2.9688,3.5931,2.8473,-2.5264,-38.137,2.4014,-9.8604,35.781,13.084
18.32,5.7277,3.9634,2.6437,0.37429,-0.14469,0.21612,0.89009,7.2409,7.0108,-1.3607,1.9459,-1.0881,-0.094772,-1.0256,-7.8038,-2.5477,0,0,0,3.2854,3.0554,3.6528,2.962,-2.6278,-37.77,2.5324,-10.432,37.622,13.126
18.33,5.8001,4.0331,2.6299,0.38555,-0.14258,0.20449,0.88837,7.2305,6.9309,-1.386,1.8339,-0.97901,-0.084345,-1.0524,-8.1796,-2.5217,0,0,0,3.3789,3.1443,3.7148,3.0765,-2.735,-37.385,2.6639,-10.996,39.444,13.163
18.34,5.8723,4.102,2.6159,0.39611,-0.14014,0.19305,0.88667,7.2199,6.8472,-1.4111,1.7266,-0.88081,-0.074141,-1.0803,-8.5514,-2.4944,0,0,0,3.4722,3.2351,3.7792,3.1904,-2.8477,-36.981,2.7957,-11.552,41.248,13.194
18.35,5.9445,4.17,2.6017,0.40599,-0.13742,0.18182,0.885,7.2089,6.7599,-1.4359,1.6241,-0.79276,-0.064158,-1.1094,-8.9191,-2.4658,0,0,0,3.5652,3.3273,3.8458,3.3034,-2.966,-36.56,2.9277,-12.101,43.032,13.22
18.36,6.0165,4.2372,2.5872,0.41524,-0.13446,0.1708,0.88336,7.1977,6.6689,-1.4604,1.5264,-0.71407,-0.054389,-1.1397,-9.2825,-2.4358,0,0,0,3.6578,3.4207,3.9145,3.4153,-3.0897,-36.121,3.06,-12.64,44.795,13.24
18.37,6.0884,4.3034,2.5725,0.42389,-0.13131,0.16001,0.88175,7.1861,6.5742,-1.4846,1.4333,-0.64397,-0.044827,-1.1712,-9.6415,-2.4046,0,0,0,3.7501,3.5148,3.985,3.526,-3.2188,-35.664,3.1925,-13.171,46.537,13.254
18.38,6.1602,4.3686,2.5575,0.43197,-0.12799,0.14943,0.88016,7.1743,6.476,-1.5085,1.3448,-0.58172,-0.035462,-1.2041,-9.9958,-2.372,0,0,0,3.8419,3.6095,4.0571,3.6353,-3.3531,-35.19,3.3251,-13.693,48.256,13.262
18.39,6.2319,4.4329,2.5423,0.43953,-0.12455,0.13909,0.87861,7.162,6.3743,-1.5321,1.2608,-0.52663,-0.026284,-1.2383,-10.345,-2.3381,0,0,0,3.9332,3.7043,4.1307,3.7432,-3.4926,-34.699,3.4577,-14.205,49.952,13.265
18.4,6.3035,4.4961,2.5269,0.44659,-0.12101,0.12896,0.87709,7.1495,6.2692,-1.5553,1.1811,-0.47806,-0.01728,-1.2739,-10.69,-2.3028,0,0,0,4.024,3.7992,4.2055,3.8495,-3.6372,-34.191,3.5904,-14.707,51.624,13.262
18.41,6.3749,4.5583,2.5112,0.45318,-0.11739,0.11905,0.8756,7.1366,6.1606,-1.5781,1.1055,-0.4354,-0.0084394,-1.3111,-11.029,-2.2663,0,0,0,4.1141,3.8938,4.2813,3.9543,-3.7867,-33.667,3.723,-15.198,53.271,13.252
18.42,6.4462,4.6193,2.4953,0.45934,-0.11371,0.10936,0.87414,7.1233,6.0486,-1.6006,1.0339,-0.3981,0.00025002,-1.3497,-11.363,-2.2284,0,0,0,4.2034,3.988,4.3579,4.0576,-3.9411,-33.126,3.8554,-15.678,54.892,13.237
18.43,6.5174,4.6792,2.4792,0.46508,-0.11,0.099865,0.87271,7.1096,5.9333,-1.6227,0.96602,-0.36566,0.0088002,-1.3899,-11.691,-2.1892,0,0,0,4.2921,4.0816,4.4351,4.1592,-4.1002,-32.569,3.9877,-16.148,56.486,13.215
18.44,6.5884,4.738,2.4629,0.47043,-0.10628,0.090571,0.87132,7.0955,5.8148,-1.6444,0.90175,-0.33762,0.017223,-1.4317,-12.014,-2.1486,0,0,0,4.3798,4.1745,4.5127,4.2591,-4.264,-31.996,4.1197,-16.605,58.053,13.187
18.45,6.6593,4.7955,2.4463,0.47541,-0.10254,0.081466,0.86996,7.0809,5.693,-1.6656,0.84089,-0.31357,0.025529,-1.4752,-12.331,-2.1068,0,0,0,4.4667,4.2665,4.5904,4.3574,-4.4323,-31.408,4.2514,-17.05,59.591,13.153
18.46,6.73,4.8518,2.4296,0.48006,-0.098814,0.072541,0.86863,7.0659,5.5682,-1.6865,0.78325,-0.29313,0.033731,-1.5204,-12.642,-2.0636,0,0,0,4.5527,4.3576,4.6682,4.454,-4.605,-30.804,4.3827,-17.482,61.1,13.112
18.47,6.8006,4.9069,2.4126,0.48437,-0.095104,0.063787,0.86733,7.0505,5.4402,-1.7069,0.72867,-0.27597,0.041838,-1.5673,-12.947,-2.0191,0,0,0,4.6376,4.4475,4.7458,4.5489,-4.7819,-30.186,4.5136,-17.902,62.579,13.064
18.48,6.871,4.9606,2.3954,0.48839,-0.09142,0.055195,0.86607,7.0346,5.3092,-1.7269,0.67698,-0.26177,0.04986,-1.616,-13.246,-1.9733,0,0,0,4.7214,4.5363,4.8232,4.6421,-4.9629,-29.553,4.644,-18.308,64.028,13.01
18.49,6.9413,5.013,2.3781,0.49212,-0.087769,0.046756,0.86483,7.0182,5.1753,-1.7464,0.62802,-0.25026,0.057809,-1.6666,-13.538,-1.9262,0,0,0,4.8041,4.6237,4.9001,4.7335,-5.148,-28.905,4.7738,-18.701,65.444,12.949
18.5,7.0114,5.0641,2.3605,0.49557,-0.084158,0.038459,0.86362,7.0013,5.0385,-1.7654,0.58162,-0.2412,0.065692,-1.719,-13.824,-1.8778,0,0,0,4.8856,4.7098,4.9764,4.8232,-5.3369,-28.244,4.9029,-19.079,66.827,12.881
18.51,7.0813,5.1138,2.3428,0.49877,-0.080592,0.030297,0.86245,6.9838,4.8989,-1.7839,0.53766,-0.23438,0.073519,-1.7733,-14.103,-1.8282,0,0,0,4.9658,4.7945,5.0521,4.9111,-5.5295,-27.569,5.0314,-19.442,68.177,12.806
18.52,7.151,5.1621,2.3248,0.50173,-0.077076,0.022259,0.8613,6.9658,4.7565,-1.8019,0.49598,-0.22958,0.081299,-1.8296,-14.375,-1.7772,0,0,0,5.0447,4.8776,5.1269,4.9971,-5.7257,-26.881,5.159,-19.791,69.493,12.725
18.53,7.2206,5.2089,2.3067,0.50446,-0.073614,0.014338,0.86017,6.9472,4.6114,-1.8195,0.45647,-0.22664,0.089039,-1.8878,-14.641,-1.725,0,0,0,5.1222,4.9592,5.2008,5.0814,-5.9253,-26.179,5.2858,-20.124,70.774,12.636
18.54,7.29,5.2543,2.2884,0.50697,-0.070209,0.0065252,0.85908,6.928,4.4637,-1.8364,0.41899,-0.2254,0.096747,-1.9481,-14.899,-1.6715,0,0,0,5.1983,5.0391,5.2737,5.1638,-6.1281,-25.465,5.4117,-20.442,72.018,12.54
18.55,7.3592,5.2982,2.27,0.50927,-0.066863,-0.0011886,0.858,6.9082,4.3134,-1.8529,0.38344,-0.22571,0.10443,-2.0104,-15.15,-1.6168,0,0,0,5.2729,5.1174,5.3454,5.2444,-6.3341,-24.739,5.5366,-20.743,73.225,12.437
18.56,7.4281,5.3406,2.2514,0.51138,-0.063579,-0.008811,0.85695,6.8878,4.1607,-1.8688,0.3497,-0.22746,0.1121,-2.0748,-15.394,-1.5608,0,0,0,5.346,5.194,5.416,5.3231,-6.5429,-24.001,5.6604,-21.027,74.395,12.326
18.57,7.4969,5.3814,2.2326,0.51331,-0.060359,-0.01635,0.85592,6.8667,4.0056,-1.8841,0.31768,-0.23052,0.11975,-2.1413,-15.63,-1.5036,0,0,0,5.4175,5.2687,5.4853,5.3999,-6.7546,-23.251,5.7831,-21.295,75.526,12.208
18.58,7.5655,5.4207,2.2137,0.51506,-0.057205,-0.023812,0.85491,6.845,3.8481,-1.8988,0.28728,-0.23481,0.1274,-2.2099,-15.859,-1.4451,0,0,0,5.4874,5.3417,5.5532,5.4748,-6.9688,-22.491,5.9046,-21.545,76.617,12.083
18.59,7.6338,5.4583,2.1946,0.51664,-0.054117,-0.031205,0.85392,6.8225,3.6884,-1.913,0.25842,-0.24023,0.13505,-2.2807,-16.08,-1.3855,0,0,0,5.5556,5.4128,5.6198,5.5477,-7.1854,-21.719,6.0247,-21.777,77.668,11.95
18.6,7.7019,5.4944,2.1754,0.51805,-0.051097,-0.038536,0.85295,6.7993,3.5265,-1.9265,0.23101,-0.2467,0.14271,-2.3536,-16.293,-1.3246,0,0,0,5.6222,5.4821,5.6848,5.6187,-7.4042,-20.937,6.1435,-21.991,78.678,11.809
18.61,7.7698,5.5289,2.1561,0.51932,-0.048145,-0.04581,0.85199,6.7754,3.3626,-1.9395,0.20498,-0.25414,0.15038,-2.4288,-16.499,-1.2626,0,0,0,5.6871,5.5494,5.7483,5.6878,-7.6251,-20.146,6.2609,-22.186,79.646,11.66
18.62,7.8374,5.5617,2.1367,0.52044,-0.045264,-0.053035,0.85105,6.7508,3.1966,-1.9518,0.18026,-0.26251,0.15807,-2.5061,-16.696,-1.1994,0,0,0,5.7502,5.6148,5.8102,5.7548,-7.8479,-19.345,6.3767,-22.362,80.57,11.503
18.63,7.9048,5.5928,2.1171,0.52141,-0.042453,-0.060216,0.85012,6.7253,3.0287,-1.9635,0.15678,-0.27173,0.16578,-2.5857,-16.885,-1.1351,0,0,0,5.8115,5.6783,5.8705,5.8199,-8.0723,-18.534,6.4909,-22.518,81.451,11.339
18.64,7.9719,5.6222,2.0974,0.52226,-0.039713,-0.067358,0.8492,6.699,2.8589,-1.9745,0.1345,-0.28177,0.17351,-2.6676,-17.067,-1.0696,0,0,0,5.871,5.7397,5.9292,5.883,-8.2982,-17.716,6.6035,-22.655,82.288,11.167
18.65,8.0388,5.65,2.0776,0.52297,-0.037045,-0.074467,0.84828,6.6719,2.6874,-1.9849,0.11334,-0.29257,0.18128,-2.7517,-17.24,-1.003,0,0,0,5.9286,5.7992,5.9861,5.9441,-8.5253,-16.889,6.7142,-22.771,83.078,10.986
18.66,8.1054,5.676,2.0577,0.52356,-0.03445,-0.081548,0.84738,6.644,2.5142,-1.9945,0.09326,-0.30409,0.18908,-2.8381,-17.404,-0.93533,0,0,0,5.9844,5.8566,6.0412,6.0031,-8.7536,-16.054,6.8232,-22.867,83.823,10.797
18.67,8.1717,5.7002,2.0377,0.52402,-0.031928,-0.088605,0.84648,6.6152,2.3393,-2.0036,0.074217,-0.3163,0.19691,-2.9268,-17.561,-0.86656,0,0,0,6.0383,5.9121,6.0946,6.0601,-8.9826,-15.213,6.9302,-22.942,84.52,10.6
18.68,8.2377,5.7228,2.0176,0.52437,-0.02948,-0.095643,0.84559,6.5855,2.163,-2.0119,0.056164,-0.32917,0.20479,-3.0177,-17.709,-0.79673,0,0,0,6.0904,5.9655,6.1461,6.1151,-9.2123,-14.364,7.0351,-22.995,85.169,10.394
18.69,8.3034,5.7435,1.9975,0.52461,-0.027106,-0.10267,0.84469,6.5548,1.9852,-2.0195,0.039063,-0.34266,0.21271,-3.111,-17.848,-0.72586,0,0,0,6.1405,6.0168,6.1959,6.168,-9.4424,-13.509,7.138,-23.026,85.769,10.18
18.7,8.3688,5.7625,1.9772,0.52475,-0.024809,-0.10968,0.8438,6.5232,1.806,-2.0264,0.022878,-0.35676,0.22068,-3.2066,-17.979,-0.65398,0,0,0,6.1887,6.0661,6.2437,6.2189,-9.6728,-12.649,7.2387,-23.035,86.32,9.9576
18.71,8.4338,5.7796,1.9569,0.52477,-0.022588,-0.11668,0.8429,6.4907,1.6256,-2.0326,0.0075765,-0.37143,0.22869,-3.3045,-18.101,-0.5811,0,0,0,6.235,6.1134,6.2897,6.2677,-9.9031,-11.783,7.3371,-23.021,86.819,9.7264
18.72,8.4986,5.795,1.9366,0.5247,-0.020444,-0.12368,0.84201,6.4571,1.4441,-2.038,-0.006872,-0.38666,0.23676,-3.4047,-18.214,-0.50724,0,0,0,6.2793,6.1586,6.3338,6.3145,-10.133,-10.913,7.4332,-22.983,87.268,9.4864
18.73,8.563,5.8085,1.9162,0.52453,-0.018379,-0.13068,0.8411,6.4226,1.2614,-2.0427,-0.020494,-0.40243,0.24488,-3.5071,-18.319,-0.43244,0,0,0,6.3218,6.2017,6.376,6.3593,-10.363,-10.038,7.5268,-22.923,87.664,9.2375
18.74,8.627,5.8202,1.8957,0.52426,-0.016393,-0.13768,0.84019,6.387,1.0777,-2.0467,-0.033316,-0.41871,0.25306,-3.6119,-18.415,-0.35671,0,0,0,6.3622,6.2428,6.4164,6.402,-10.591,-9.1595,7.6179,-22.838,88.006,8.9798
18.75,8.6907,5.83,1.8753,0.5239,-0.014489,-0.14468,0.83927,6.3503,0.8931,-2.0498,-0.045358,-0.4355,0.26129,-3.719,-18.502,-0.28009,0,0,0,6.4008,6.2819,6.4548,6.4426,-10.819,-8.2779,7.7064,-22.729,88.295,8.7131
18.76,8.754,5.838,1.8547,0.52346,-0.012666,-0.15169,0.83835,6.3126,0.70768,-2.0523,-0.056641,-0.45277,0.26958,-3.8283,-18.581,-0.2026,0,0,0,6.4374,6.3189,6.4913,6.4813,-11.046,-7.3938,7.7922,-22.595,88.529,8.4373
18.77,8.817,5.8442,1.8342,0.52292,-0.010927,-0.1587,0.83741,6.2738,0.52152,-2.0539,-0.067184,-0.47052,0.27792,-3.9399,-18.65,-0.12426,0,0,0,6.4721,6.3539,6.5258,6.5179,-11.271,-6.5075,7.8751,-22.436,88.707,8.1523
18.78,8.8795,5.8485,1.8137,0.5223,-0.0092723,-0.16573,0.83645,6.2338,0.33471,-2.0547,-0.077003,-0.48872,0.28632,-4.0537,-18.711,-0.045103,0,0,0,6.5048,6.3869,6.5585,6.5525,-11.495,-5.6198,7.9552,-22.251,88.828,7.8581
18.79,8.9416,5.8509,1.7931,0.52159,-0.0077045,-0.17277,0.83548,6.1927,0.14733,-2.0548,-0.086113,-0.50736,0.29479,-4.1698,-18.763,0.034837,0,0,0,6.5357,6.4179,6.5893,6.5851,-11.716,-4.7312,8.0322,-22.04,88.892,7.5545
18.8,9.0033,5.8514,1.7726,0.52081,-0.0062249,-0.17982,0.8345,6.1504,-0.040516,-2.054,-0.094527,-0.52643,0.3033,-4.288,-18.805,0.11553,0,0,0,6.5647,6.447,6.6182,6.6157,-11.935,-3.8422,8.1062,-21.804,88.898,7.2416
18.81,9.0646,5.8501,1.752,0.51994,-0.0048353,-0.18688,0.83349,6.1069,-0.22875,-2.0525,-0.10226,-0.54592,0.31188,-4.4085,-18.839,0.19695,0,0,0,6.5918,6.4741,6.6452,6.6444,-12.152,-2.9534,8.177,-21.541,88.847,6.9196
18.82,9.1255,5.8468,1.7315,0.519,-0.0035375,-0.19396,0.83247,6.0622,-0.41728,-2.0501,-0.10931,-0.56581,0.3205,-4.531,-18.865,0.27906,0,0,0,6.6171,6.4993,6.6703,6.6711,-12.366,-2.0654,8.2446,-21.253,88.74,6.5887
18.83,9.1859,5.8417,1.711,0.51798,-0.0023334,-0.20105,0.83142,6.0163,-0.60601,-2.0469,-0.11571,-0.5861,0.32919,-4.6558,-18.881,0.36183,0,0,0,6.6405,6.5226,6.6936,6.6959,-12.577,-1.1788,8.3088,-20.941,88.577,6.2493
18.84,9.2458,5.8347,1.6906,0.51689,-0.0012251,-0.20816,0.83036,5.9691,-0.79486,-2.0429,-0.12145,-0.60676,0.33792,-4.7826,-18.888,0.44523,0,0,0,6.6622,6.544,6.7151,6.7189,-12.785,-0.29406,8.3696,-20.604,88.361,5.9014
18.85,9.3052,5.8258,1.6702,0.51573,-0.00021465,-0.21528,0.82926,5.9206,-0.98374,-2.038,-0.12655,-0.62779,0.34671,-4.9114,-18.887,0.52921,0,0,0,6.682,6.5636,6.7348,6.7399,-12.989,0.58824,8.4268,-20.243,88.091,5.5455
18.86,9.3642,5.815,1.6498,0.5145,0.00069579,-0.22242,0.82814,5.8709,-1.1726,-2.0323,-0.13101,-0.64917,0.35554,-5.0423,-18.876,0.61375,0,0,0,6.7001,6.5814,6.7528,6.7591,-13.19,1.4676,8.4804,-19.859,87.768,5.1818
18.87,9.4227,5.8024,1.6295,0.51319,0.001504,-0.22957,0.827,5.8198,-1.3612,-2.0257,-0.13485,-0.6709,0.36443,-5.1752,-18.857,0.69881,0,0,0,6.7165,6.5974,6.7689,6.7766,-13.386,2.3434,8.5304,-19.451,87.394,4.8104
18.88,9.4806,5.7878,1.6093,0.51182,0.0022076,-0.23674,0.82583,5.7673,-1.5497,-2.0183,-0.13807,-0.69296,0.37336,-5.3101,-18.83,0.78435,0,0,0,6.7312,6.6116,6.7834,6.7922,-13.579,3.2153,8.5766,-19.022,86.969,4.4317
18.89,9.538,5.7714,1.5892,0.51038,0.0028043,-0.24392,0.82462,5.7136,-1.7378,-2.01,-0.14068,-0.71533,0.38233,-5.4468,-18.793,0.87033,0,0,0,6.7443,6.6242,6.7962,6.8062,-13.766,4.0826,8.619,-18.57,86.494,4.0459
18.9,9.5949,5.7531,1.5691,0.50888,0.0032917,-0.25111,0.82339,5.6584,-1.9255,-2.0009,-0.14268,-0.73801,0.39135,-5.5854,-18.748,0.95671,0,0,0,6.7557,6.6351,6.8074,6.8184,-13.95,4.945,8.6575,-18.097,85.97,3.6532
18.91,9.6512,5.7329,1.5492,0.50731,0.0036674,-0.25832,0.82213,5.6018,-2.1127,-1.9909,-0.14408,-0.76098,0.40041,-5.7258,-18.694,1.0435,0,0,0,6.7656,6.6444,6.8169,6.829,-14.128,5.8019,8.6921,-17.603,85.398,3.2539
18.92,9.7069,5.7108,1.5293,0.50568,0.0039289,-0.26554,0.82083,5.5439,-2.2994,-1.98,-0.14489,-0.78423,0.4095,-5.8679,-18.632,1.1305,0,0,0,6.7739,6.6521,6.8249,6.8379,-14.302,6.6528,8.7226,-17.089,84.779,2.8483
18.93,9.762,5.6869,1.5096,0.50399,0.0040737,-0.27277,0.8195,5.4845,-2.4853,-1.9683,-0.14512,-0.80774,0.41862,-6.0118,-18.561,1.2179,0,0,0,6.7808,6.6583,6.8314,6.8453,-14.47,7.4973,8.749,-16.554,84.114,2.4366
18.94,9.8166,5.6611,1.4899,0.50224,0.0040994,-0.28,0.81813,5.4236,-2.6706,-1.9557,-0.14477,-0.8315,0.42777,-6.1573,-18.482,1.3055,0,0,0,6.7862,6.663,6.8364,6.8511,-14.633,8.3349,8.7713,-16,83.404,2.019
18.95,9.8705,5.6335,1.4705,0.50043,0.0040036,-0.28724,0.81673,5.3613,-2.855,-1.9422,-0.14385,-0.85549,0.43695,-6.3044,-18.394,1.3933,0,0,0,6.7903,6.6663,6.84,6.8554,-14.79,9.1652,8.7894,-15.427,82.649,1.5958
18.96,9.9238,5.604,1.4511,0.49856,0.0037838,-0.29449,0.81529,5.2975,-3.0384,-1.9278,-0.14238,-0.87969,0.44614,-6.4531,-18.299,1.4813,0,0,0,6.793,6.6682,6.8422,6.8583,-14.941,9.9878,8.8032,-14.835,81.851,1.1673
18.97,9.9765,5.5727,1.4319,0.49663,0.0034377,-0.30174,0.81382,5.2323,-3.2209,-1.9125,-0.14034,-0.90409,0.45535,-6.6032,-18.195,1.5694,0,0,0,6.7944,6.6689,6.843,6.8598,-15.087,10.802,8.8127,-14.225,81.01,0.73368
18.98,10.028,5.5396,1.4129,0.49465,0.0029629,-0.30899,0.81231,5.1655,-3.4023,-1.8964,-0.13777,-0.92866,0.46457,-6.7548,-18.083,1.6575,0,0,0,6.7946,6.6682,6.8426,6.86,-15.226,11.608,8.8178,-13.597,80.127,0.2952
18.99,10.08,5.5047,1.394,0.49261,0.0023572,-0.31625,0.81075,5.0972,-3.5825,-1.8794,-0.13466,-0.95339,0.47379,-6.9077,-17.963,1.7457,0,0,0,6.7936,6.6664,6.8409,6.8588,-15.359,12.404,8.8186,-12.952,79.203,-0.14788
19,10.13,5.468,1.3753,0.49051,0.0016183,-0.3235,0.80916,5.0273,-3.7615,-1.8615,-0.13102,-0.97825,0.48301,-7.0619,-17.835,1.8339,0,0,0,6.7915,6.6635,6.8381,6.8565,-15.485,13.192,8.8149,-12.29,78.24,-0.59531
19.01,10.18,5.4295,1.3568,0.48836,0.00074435,-0.33074,0.80753,4.9559,-3.9392,-1.8427,-0.12686,-1.0032,0.49222,-7.2174,-17.699,1.922,0,0,0,6.7883,6.6595,6.8341,6.8529,-15.604,13.969,8.8067,-11.612,77.237,-1.0468
19.02,10.229,5.3892,1.3384,0.48616,-0.00026676,-0.33798,0.80587,4.883,-4.1155,-1.823,-0.1222,-1.0283,0.50141,-7.374,-17.555,2.01,0,0,0,6.7841,6.6545,6.8291,6.8481,-15.717,14.736,8.7939,-10.918,76.197,-1.5022
19.03,10.278,5.3471,1.3203,0.4839,-0.0014168,-0.34521,0.80415,4.8084,-4.2903,-1.8025,-0.11704,-1.0534,0.51057,-7.5317,-17.404,2.0979,0,0,0,6.7789,6.6485,6.823,6.8423,-15.823,15.493,8.7766,-10.209,75.119,-1.9612
19.04,10.326,5.3034,1.3024,0.4816,-0.0027075,-0.35243,0.8024,4.7323,-4.4635,-1.7811,-0.1114,-1.0786,0.5197,-7.6904,-17.245,2.1855,0,0,0,6.7729,6.6417,6.816,6.8354,-15.921,16.239,8.7547,-9.485,74.005,-2.4235
19.05,10.373,5.2579,1.2847,0.47924,-0.0041404,-0.35964,0.80061,4.6546,-4.6352,-1.7588,-0.10529,-1.1037,0.52879,-7.8501,-17.079,2.2729,0,0,0,6.766,6.6341,6.8082,6.8276,-16.012,16.973,8.7281,-8.7465,72.856,-2.889
19.06,10.419,5.2107,1.2672,0.47683,-0.0057168,-0.36683,0.79877,4.5753,-4.8051,-1.7356,-0.098721,-1.1289,0.53783,-8.0107,-16.906,2.3601,0,0,0,6.7584,6.6258,6.7995,6.8189,-16.096,17.696,8.6969,-7.9941,71.672,-3.3573
19.07,10.464,5.1618,1.25,0.47438,-0.0074379,-0.374,0.79689,4.4944,-4.9732,-1.7116,-0.091708,-1.154,0.5468,-8.172,-16.725,2.4469,0,0,0,6.7501,6.6168,6.7901,6.8092,-16.172,18.406,8.661,-7.2283,70.454,-3.8282
19.08,10.509,5.1112,1.233,0.47187,-0.0093046,-0.38115,0.79497,4.4119,-5.1396,-1.6867,-0.084267,-1.179,0.5557,-8.3341,-16.538,2.5333,0,0,0,6.7412,6.6072,6.7799,6.7988,-16.24,19.105,8.6203,-6.4496,69.204,-4.3014
19.09,10.552,5.059,1.2162,0.46931,-0.011318,-0.38828,0.793,4.3277,-5.304,-1.6609,-0.076411,-1.2039,0.56452,-8.4968,-16.343,2.6192,0,0,0,6.7317,6.5971,6.7691,6.7877,-16.301,19.79,8.5749,-5.6583,67.922,-4.7767
19.1,10.595,5.0051,1.1998,0.46671,-0.013478,-0.39539,0.79099,4.2419,-5.4664,-1.6343,-0.068159,-1.2287,0.57324,-8.6601,-16.142,2.7047,0,0,0,6.7217,6.5865,6.7578,6.7758,-16.354,20.463,8.5248,-4.855,66.609,-5.2539
19.11,10.637,4.9497,1.1836,0.46406,-0.015785,-0.40247,0.78893,4.1545,-5.6268,-1.6068,-0.059526,-1.2532,0.58186,-8.8238,-15.934,2.7897,0,0,0,6.7112,6.5756,6.746,6.7634,-16.398,21.122,8.4698,-4.0402,65.266,-5.7327
19.12,10.678,4.8926,1.1676,0.46136,-0.01824,-0.40952,0.78683,4.0655,-5.7851,-1.5785,-0.05053,-1.2776,0.59036,-8.988,-15.72,2.8741,0,0,0,6.7004,6.5644,6.7337,6.7503,-16.434,21.768,8.4101,-3.2143,63.893,-6.2129
19.13,10.718,4.834,1.152,0.45862,-0.020841,-0.41654,0.78468,3.9748,-5.9412,-1.5494,-0.04119,-1.3016,0.59872,-9.1525,-15.499,2.9579,0,0,0,6.6893,6.5529,6.7211,6.7368,-16.462,22.4,8.3456,-2.3778,62.493,-6.6941
19.14,10.758,4.7738,1.1366,0.45583,-0.023589,-0.42352,0.78249,3.8824,-6.095,-1.5194,-0.031525,-1.3254,0.60694,-9.3172,-15.272,3.041,0,0,0,6.678,6.5413,6.7081,6.7228,-16.482,23.018,8.2762,-1.5312,61.065,-7.1762
19.15,10.796,4.7121,1.1216,0.453,-0.026483,-0.43048,0.78024,3.7884,-6.2466,-1.4885,-0.021556,-1.3488,0.615,-9.4821,-15.039,3.1234,0,0,0,6.6664,6.5296,6.695,6.7085,-16.493,23.621,8.2021,-0.6749,59.611,-7.6589
19.16,10.834,4.6489,1.1069,0.45012,-0.029522,-0.43739,0.77795,3.6928,-6.3958,-1.4569,-0.011301,-1.3719,0.62289,-9.6471,-14.799,3.205,0,0,0,6.6548,6.5179,6.6816,6.6938,-16.495,24.21,8.1231,0.19057,58.132,-8.142
19.17,10.87,4.5842,1.0925,0.4472,-0.032704,-0.44426,0.77561,3.5955,-6.5426,-1.4244,-0.00078385,-1.3945,0.63059,-9.812,-14.554,3.2859,0,0,0,6.6431,6.5063,6.6682,6.6789,-16.489,24.784,8.0392,1.0647,56.628,-8.6251
19.18,10.905,4.518,1.0784,0.44424,-0.036027,-0.45109,0.77322,3.4965,-6.6869,-1.3912,0.0099748,-1.4166,0.63809,-9.9768,-14.304,3.3658,0,0,0,6.6315,6.4948,6.6547,6.6638,-16.474,25.343,7.9506,1.9471,55.1,-9.1081
19.19,10.94,4.4505,1.0646,0.44123,-0.039491,-0.45788,0.77078,3.3959,-6.8286,-1.3571,0.020952,-1.4382,0.64538,-10.141,-14.048,3.4449,0,0,0,6.6199,6.4834,6.6413,6.6485,-16.45,25.886,7.8571,2.8373,53.549,-9.5907
19.2,10.973,4.3815,1.0512,0.43818,-0.043092,-0.46462,0.76829,3.2937,-6.9678,-1.3223,0.032125,-1.4593,0.65243,-10.306,-13.786,3.5229,0,0,0,6.6085,6.4724,6.6279,6.6332,-16.417,26.413,7.7587,3.7348,51.977,-10.073
19.21,11.006,4.3111,1.0382,0.43509,-0.046828,-0.47131,0.76575,3.1898,-7.1043,-1.2867,0.04347,-1.4797,0.65924,-10.47,-13.519,3.6,0,0,0,6.5972,6.4616,6.6147,6.6179,-16.375,26.925,7.6556,4.6391,50.383,-10.554
19.22,11.037,4.2394,1.0255,0.43196,-0.050695,-0.47796,0.76315,3.0843,-7.2382,-1.2503,0.054964,-1.4995,0.66579,-10.633,-13.248,3.676,0,0,0,6.5862,6.4513,6.6017,6.6027,-16.324,27.421,7.5477,5.5497,48.77,-11.034
19.23,11.067,4.1664,1.0132,0.42879,-0.054692,-0.48455,0.7605,2.9772,-7.3693,-1.2132,0.066581,-1.5185,0.67207,-10.796,-12.971,3.751,0,0,0,6.5756,6.4414,6.589,6.5875,-16.264,27.901,7.4349,6.4662,47.137,-11.512
19.24,11.097,4.092,1.0013,0.42559,-0.058815,-0.49108,0.7578,2.8684,-7.4976,-1.1753,0.078298,-1.5368,0.67807,-10.959,-12.69,3.8247,0,0,0,6.5653,6.4319,6.5766,6.5725,-16.195,28.364,7.3174,7.388,45.486,-11.989
19.25,11.125,4.0164,0.98969,0.42235,-0.063059,-0.49756,0.75504,2.758,-7.623,-1.1367,0.090088,-1.5543,0.68376,-11.12,-12.404,3.8973,0,0,0,6.5554,6.4231,6.5646,6.5578,-16.117,28.81,7.1952,8.3148,43.817,-12.464
19.26,11.152,3.9396,0.97852,0.41907,-0.067421,-0.50398,0.75222,2.646,-7.7456,-1.0973,0.10193,-1.571,0.68913,-11.281,-12.114,3.9686,0,0,0,6.546,6.4148,6.5531,6.5433,-16.029,29.24,7.0682,9.2461,42.132,-12.937
19.27,11.178,3.8615,0.96775,0.41576,-0.071896,-0.51034,0.74935,2.5324,-7.8653,-1.0573,0.11379,-1.5868,0.69419,-11.441,-11.819,4.0386,0,0,0,6.537,6.4072,6.542,6.5292,-15.932,29.653,6.9364,10.181,40.432,-13.407
19.28,11.202,3.7823,0.95738,0.41242,-0.07648,-0.51664,0.74642,2.4172,-7.982,-1.0166,0.12566,-1.6017,0.6989,-11.599,-11.521,4.1073,0,0,0,6.5287,6.4003,6.5315,6.5155,-15.825,30.049,6.8,11.12,38.717,-13.875
19.29,11.226,3.7019,0.94742,0.40904,-0.081168,-0.52288,0.74343,2.3004,-8.0957,-0.97516,0.13749,-1.6156,0.70326,-11.757,-11.218,4.1746,0,0,0,6.5209,6.3941,6.5216,6.5023,-15.709,30.427,6.659,12.062,36.988,-14.34
19.3,11.248,3.6204,0.93788,0.40564,-0.085955,-0.52905,0.74039,2.182,-8.2064,-0.93308,0.14928,-1.6285,0.70726,-11.914,-10.912,4.2405,0,0,0,6.5138,6.3887,6.5123,6.4896,-15.584,30.788,6.5132,13.006,35.246,-14.801
19.31,11.27,3.5378,0.92876,0.4022,-0.090836,-0.53516,0.73728,2.0621,-8.3139,-0.89036,0.16099,-1.6403,0.7109,-12.069,-10.602,4.3049,0,0,0,6.5074,6.3841,6.5036,6.4774,-15.449,31.132,6.3629,13.953,33.492,-15.26
19.32,11.29,3.4541,0.92007,0.39875,-0.095806,-0.54119,0.73412,1.9407,-8.4184,-0.84699,0.1726,-1.6511,0.71415,-12.223,-10.29,4.3677,0,0,0,6.5016,6.3804,6.4957,6.4658,-15.305,31.458,6.2081,14.901,31.727,-15.714
19.33,11.308,3.3694,0.91182,0.39526,-0.10086,-0.54716,0.7309,1.8177,-8.5197,-0.80301,0.18409,-1.6608,0.71701,-12.375,-9.9734,4.429,0,0,0,6.4966,6.3774,6.4885,6.4549,-15.151,31.767,6.0487,15.85,29.952,-16.165
19.34,11.326,3.2837,0.90402,0.39176,-0.10599,-0.55305,0.72762,1.6932,-8.6178,-0.75842,0.19543,-1.6694,0.71949,-12.526,-9.6542,4.4887,0,0,0,6.4923,6.3754,6.4821,6.4447,-14.988,32.057,5.8848,16.8,28.167,-16.612
19.35,11.342,3.1971,0.89666,0.38824,-0.11119,-0.55887,0.72428,1.5672,-8.7128,-0.71324,0.2066,-1.6768,0.72156,-12.675,-9.3323,4.5467,0,0,0,6.4888,6.3742,6.4765,6.4352,-14.815,32.33,5.7164,17.75,26.375,-17.054
19.36,11.357,3.1095,0.88975,0.3847,-0.11645,-0.56461,0.72087,1.4397,-8.8045,-0.66749,0.21758,-1.683,0.72323,-12.822,-9.0077,4.603,0,0,0,6.4861,6.3739,6.4717,6.4265,-14.633,32.585,5.5437,18.699,24.574,-17.492
19.37,11.371,3.021,0.88331,0.38114,-0.12178,-0.57028,0.71741,1.3108,-8.8929,-0.62118,0.22835,-1.6881,0.7245,-12.967,-8.6807,4.6576,0,0,0,6.4842,6.3746,6.4678,6.4186,-14.441,32.821,5.3666,19.648,22.767,-17.924
19.38,11.384,2.9316,0.87733,0.37758,-0.12715,-0.57587,0.71389,1.1804,-8.9781,-0.57434,0.23888,-1.692,0.72536,-13.111,-8.3513,4.7103,0,0,0,6.4832,6.3761,6.4647,6.4116,-14.24,33.04,5.1852,20.596,20.955,-18.352
19.39,11.395,2.8414,0.87182,0.374,-0.13257,-0.58138,0.71031,1.0485,-9.0599,-0.52698,0.24917,-1.6947,0.72581,-13.252,-8.0199,4.7612,0,0,0,6.4829,6.3785,6.4625,6.4054,-14.029,33.24,4.9996,21.542,19.138,-18.774
19.4,11.405,2.7504,0.86679,0.37042,-0.13804,-0.58681,0.70667,0.91533,-9.1385,-0.47912,0.25918,-1.6961,0.72586,-13.391,-7.6866,4.8103,0,0,0,6.4835,6.3819,6.4612,6.4001,-13.809,33.423,4.8098,22.486,17.316,-19.19
19.41,11.413,2.6587,0.86224,0.36683,-0.14353,-0.59216,0.70298,0.78073,-9.2137,-0.43078,0.26891,-1.6964,0.7255,-13.528,-7.3515,4.8574,0,0,0,6.4849,6.3861,6.4607,6.3958,-13.58,33.587,4.6158,23.427,15.492,-19.601
19.42,11.42,2.5662,0.85818,0.36324,-0.14906,-0.59743,0.69923,0.64478,-9.2855,-0.38198,0.27833,-1.6955,0.72474,-13.663,-7.0149,4.9026,0,0,0,6.4871,6.3911,6.4611,6.3923,-13.341,33.732,4.4178,24.365,13.666,-20.005
19.43,11.426,2.473,0.85461,0.35965,-0.1546,-0.60261,0.69542,0.50749,-9.354,-0.33274,0.28743,-1.6934,0.72359,-13.795,-6.6769,4.9458,0,0,0,6.4902,6.3971,6.4624,6.3898,-13.092,33.86,4.2157,25.3,11.839,-20.403
19.44,11.43,2.3791,0.85153,0.35606,-0.16017,-0.60772,0.69155,0.36889,-9.419,-0.28307,0.29621,-1.6902,0.72206,-13.925,-6.3378,4.9869,0,0,0,6.494,6.4038,6.4646,6.3883,-12.835,33.969,4.0098,26.23,10.011,-20.795
19.45,11.433,2.2846,0.84895,0.35249,-0.16574,-0.61273,0.68764,0.22901,-9.4807,-0.23301,0.30464,-1.6858,0.72014,-14.052,-5.9976,5.026,0,0,0,6.4987,6.4113,6.4676,6.3877,-12.568,34.06,3.7999,27.156,8.1839,-21.179
19.46,11.435,2.1895,0.84687,0.34892,-0.17131,-0.61766,0.68367,0.087866,-9.539,-0.18256,0.31272,-1.6803,0.71785,-14.176,-5.6566,5.0629,0,0,0,6.5041,6.4196,6.4715,6.3881,-12.291,34.133,3.5862,28.077,6.3584,-21.556
19.47,11.435,2.0938,0.8453,0.34536,-0.17688,-0.62251,0.67965,-0.054502,-9.5938,-0.13176,0.32043,-1.6737,0.7152,-14.297,-5.315,5.0977,0,0,0,6.5103,6.4287,6.4762,6.3894,-12.006,34.187,3.3688,28.992,4.5353,-21.926
19.48,11.434,1.9976,0.84423,0.34182,-0.18245,-0.62727,0.67558,-0.19807,-9.6453,-0.080616,0.32777,-1.6661,0.71221,-14.416,-4.9729,5.1302,0,0,0,6.5172,6.4384,6.4817,6.3916,-11.712,34.224,3.1477,29.902,2.7156,-22.289
19.49,11.431,1.9009,0.84368,0.3383,-0.188,-0.63194,0.67146,-0.34281,-9.6933,-0.02916,0.33473,-1.6574,0.70888,-14.532,-4.6306,5.1606,0,0,0,6.5247,6.4488,6.4879,6.3947,-11.408,34.242,2.923,30.805,0.90006,-22.643
19.5,11.427,1.8038,0.84365,0.33479,-0.19353,-0.63653,0.6673,-0.48869,-9.7379,0.022588,0.34131,-1.6478,0.70522,-14.644,-4.2882,5.1887,0,0,0,6.533,6.4598,6.4949,6.3988,-11.096,34.242,2.6949,31.701,-0.91032,-22.989
19.51,11.421,1.7062,0.84414,0.33132,-0.19904,-0.64103,0.66309,-0.63568,-9.7791,0.074606,0.34751,-1.6372,0.70126,-14.753,-3.9458,5.2145,0,0,0,6.5418,6.4714,6.5026,6.4037,-10.774,34.224,2.4633,32.59,-2.7147,-23.327
19.52,11.414,1.6082,0.84514,0.32786,-0.20452,-0.64545,0.65884,-0.78375,-9.8168,0.12687,0.35331,-1.6257,0.697,-14.86,-3.6038,5.238,0,0,0,6.5513,6.4835,6.511,6.4095,-10.444,34.187,2.2284,33.47,-4.5121,-23.656
19.53,11.406,1.5099,0.84667,0.32444,-0.20997,-0.64978,0.65455,-0.93286,-9.8511,0.17936,0.35871,-1.6134,0.69247,-14.962,-3.2621,5.259,0,0,0,6.5613,6.4961,6.52,6.416,-10.105,34.133,1.9902,34.343,-6.3016,-23.976
19.54,11.396,1.4112,0.84873,0.32104,-0.21538,-0.65403,0.65023,-1.083,-9.8821,0.23204,0.36373,-1.6002,0.68767,-15.062,-2.9211,5.2777,0,0,0,6.5718,6.5091,6.5296,6.4234,-9.757,34.061,1.7489,35.207,-8.0825,-24.287
19.55,11.384,1.3122,0.85132,0.31768,-0.22075,-0.65819,0.64586,-1.2341,-9.9096,0.2849,0.36835,-1.5864,0.68263,-15.157,-2.581,5.294,0,0,0,6.5828,6.5225,6.5397,6.4314,-9.4006,33.972,1.5045,36.061,-9.8537,-24.589
19.56,11.371,1.213,0.85443,0.31435,-0.22608,-0.66226,0.64147,-1.3861,-9.9337,0.33792,0.37258,-1.5718,0.67736,-15.25,-2.2418,5.3078,0,0,0,6.5941,6.5362,6.5503,6.4402,-9.0358,33.864,1.2571,36.906,-11.614,-24.881
19.57,11.356,1.1136,0.85807,0.31106,-0.23135,-0.66626,0.63704,-1.5391,-9.9544,0.39105,0.37643,-1.5566,0.67188,-15.338,-1.9037,5.3191,0,0,0,6.6059,6.5502,6.5614,6.4496,-8.6626,33.739,1.0069,37.74,-13.364,-25.163
19.58,11.34,1.0139,0.86225,0.30781,-0.23658,-0.67017,0.63258,-1.6929,-9.9718,0.44429,0.37989,-1.5407,0.6662,-15.423,-1.567,5.328,0,0,0,6.6179,6.5644,6.5728,6.4595,-8.281,33.597,0.75388,38.564,-15.1,-25.435
19.59,11.322,0.91415,0.86696,0.30459,-0.24175,-0.674,0.6281,-1.8475,-9.9858,0.4976,0.38297,-1.5244,0.66035,-15.504,-1.2318,5.3342,0,0,0,6.6302,6.5787,6.5846,6.47,-7.8913,33.438,0.49821,39.377,-16.824,-25.697
19.6,11.303,0.81424,0.8722,0.30142,-0.24686,-0.67774,0.62359,-2.0029,-9.9964,0.55097,0.38567,-1.5076,0.65434,-15.581,-0.89834,5.3379,0,0,0,6.6427,6.5931,6.5967,6.481,-7.4935,33.261,0.23997,40.178,-18.533,-25.948
19.61,11.282,0.71423,0.87798,0.29829,-0.25192,-0.68141,0.61906,-2.1591,-10.004,0.60435,0.38801,-1.4903,0.64819,-15.653,-0.56669,5.339,0,0,0,6.6553,6.6075,6.6089,6.4924,-7.0878,33.067,-0.020716,40.967,-20.228,-26.188
19.62,11.26,0.61417,0.88429,0.29521,-0.25691,-0.685,0.61451,-2.316,-10.008,0.65774,0.38999,-1.4727,0.64192,-15.722,-0.23706,5.3375,0,0,0,6.6681,6.622,6.6214,6.5041,-6.6742,32.856,-0.28375,41.743,-21.906,-26.417
19.63,11.236,0.51409,0.89114,0.29217,-0.26183,-0.68851,0.60994,-2.4735,-10.008,0.71109,0.39161,-1.4547,0.63554,-15.787,0.090377,5.3333,0,0,0,6.6808,6.6363,6.6339,6.5161,-6.253,32.629,-0.54902,42.506,-23.568,-26.634
19.64,11.21,0.41402,0.89851,0.28918,-0.26669,-0.69195,0.60536,-2.6317,-10.006,0.76439,0.39289,-1.4364,0.62907,-15.847,0.41546,5.3265,0,0,0,6.6935,6.6504,6.6465,6.5283,-5.8242,32.385,-0.8164,43.256,-25.212,-26.84
19.65,11.183,0.31398,0.90642,0.28624,-0.27149,-0.69531,0.60076,-2.7905,-10,0.81761,0.39383,-1.418,0.62253,-15.903,0.73802,5.317,0,0,0,6.7061,6.6644,6.659,6.5406,-5.3879,32.125,-1.0858,43.992,-26.837,-27.034
19.66,11.155,0.21402,0.91486,0.28334,-0.27621,-0.69859,0.59615,-2.9498,-9.9912,0.87073,0.39444,-1.3993,0.61593,-15.955,1.0579,5.3048,0,0,0,6.7185,6.6781,6.6714,6.553,-4.9444,31.848,-1.357,44.713,-28.443,-27.216
19.67,11.124,0.11417,0.92384,0.28049,-0.28086,-0.70181,0.59153,-3.1096,-9.979,0.9237,0.39473,-1.3805,0.6093,-16.002,1.3749,5.2898,0,0,0,6.7307,6.6914,6.6837,6.5654,-4.4937,31.556,-1.6301,45.419,-30.028,-27.385
19.68,11.092,0.014453,0.93334,0.27769,-0.28544,-0.70495,0.5869,-3.2698,-9.9637,0.97651,0.39471,-1.3617,0.60264,-16.045,1.689,5.2722,0,0,0,6.7426,6.7043,6.6958,6.5778,-4.036,31.248,-1.9047,46.11,-31.592,-27.542
19.69,11.059,-0.085095,0.94337,0.27494,-0.28995,-0.70803,0.58227,-3.4304,-9.9453,1.0291,0.39438,-1.3428,0.59596,-16.083,1.9998,5.2517,0,0,0,6.7542,6.7168,6.7076,6.59,-3.5715,30.924,-2.1809,46.785,-33.134,-27.686
19.7,11.024,-0.18444,0.95392,0.27224,-0.29438,-0.71103,0.57763,-3.5914,-9.9237,1.0815,0.39377,-1.3239,0.5893,-16.116,2.3074,5.2285,0,0,0,6.7653,6.7287,6.719,6.602,-3.1004,30.585,-2.4584,47.444,-34.652,-27.817
19.71,10.987,-0.28356,0.965,0.26959,-0.29874,-0.71397,0.57299,-3.7527,-9.8991,1.1337,0.39288,-1.305,0.58265,-16.145,2.6115,5.2026,0,0,0,6.776,6.7401,6.73,6.6137,-2.6227,30.231,-2.7372,48.086,-36.146,-27.934
19.72,10.949,-0.38241,0.97659,0.26699,-0.30303,-0.71685,0.56834,-3.9143,-9.8715,1.1856,0.39171,-1.2862,0.57604,-16.169,2.912,5.1738,0,0,0,6.7861,6.7508,6.7405,6.625,-2.1387,29.862,-3.017,48.71,-37.616,-28.038
19.73,10.909,-0.48098,0.98871,0.26443,-0.30724,-0.71967,0.5637,-4.0761,-9.8409,1.2372,0.39028,-1.2676,0.56948,-16.188,3.2087,5.1422,0,0,0,6.7956,6.7608,6.7505,6.6359,-1.6486,29.479,-3.2979,49.317,-39.06,-28.127
19.74,10.867,-0.57922,1.0013,0.26193,-0.31138,-0.72242,0.55906,-4.2381,-9.8073,1.2884,0.3886,-1.2491,0.56297,-16.202,3.5015,5.1078,0,0,0,6.8044,6.77,6.7598,6.6463,-1.1525,29.081,-3.5795,49.905,-40.476,-28.203
19.75,10.824,-0.67712,1.0145,0.25947,-0.31545,-0.72511,0.55442,-4.4001,-9.7709,1.3393,0.38667,-1.2308,0.55654,-16.211,3.7903,5.0706,0,0,0,6.8125,6.7783,6.7685,6.6561,-0.65054,28.669,-3.8619,50.475,-41.866,-28.264
19.76,10.779,-0.77463,1.0281,0.25705,-0.31944,-0.72775,0.54979,-4.5623,-9.7316,1.3898,0.38451,-1.2127,0.55019,-16.215,4.0748,5.0306,0,0,0,6.8198,6.7858,6.7765,6.6652,-0.14303,28.244,-4.1448,51.025,-43.226,-28.311
19.77,10.733,-0.87174,1.0423,0.25469,-0.32336,-0.73033,0.54516,-4.7244,-9.6894,1.4399,0.38213,-1.1948,0.54394,-16.214,4.3551,4.9877,0,0,0,6.8262,6.7924,6.7836,6.6737,0.36989,27.805,-4.428,51.556,-44.557,-28.342
19.78,10.685,-0.96841,1.0569,0.25237,-0.3272,-0.73285,0.54053,-4.8865,-9.6445,1.4896,0.37953,-1.1773,0.53779,-16.207,4.6309,4.942,0,0,0,6.8317,6.7979,6.7899,6.6813,0.88802,27.353,-4.7116,52.067,-45.858,-28.359
19.79,10.635,-1.0646,1.0721,0.25009,-0.33098,-0.73533,0.53591,-5.0485,-9.5968,1.5387,0.37672,-1.16,0.53176,-16.196,4.9021,4.8935,0,0,0,6.8363,6.8023,6.7953,6.6882,1.4112,26.888,-4.9952,52.557,-47.128,-28.36
19.8,10.584,-1.1603,1.0877,0.24786,-0.33468,-0.73775,0.5313,-5.2104,-9.5464,1.5874,0.37371,-1.1431,0.52586,-16.179,5.1686,4.8421,0,0,0,6.8398,6.8056,6.7997,6.6941,1.9391,26.41,-5.2787,53.025,-48.365,-28.345
19.81,10.531,-1.2555,1.1038,0.24566,-0.33831,-0.74012,0.5267,-5.3721,-9.4934,1.6356,0.37051,-1.1265,0.5201,-16.157,5.4303,4.7879,0,0,0,6.8422,6.8078,6.803,6.699,2.4716,25.921,-5.562,53.473,-49.569,-28.315
19.82,10.476,-1.3502,1.1204,0.24351,-0.34187,-0.74245,0.52211,-5.5335,-9.4379,1.6832,0.36713,-1.1104,0.51449,-16.13,5.687,4.7309,0,0,0,6.8434,6.8087,6.8053,6.7029,3.0085,25.419,-5.845,53.898,-50.74,-28.268
19.83,10.42,-1.4443,1.1375,0.2414,-0.34536,-0.74472,0.51753,-5.6947,-9.3797,1.7302,0.36357,-1.0946,0.50904,-16.097,5.9386,4.671,0,0,0,6.8435,6.8083,6.8064,6.7057,3.5495,24.906,-6.1273,54.301,-51.875,-28.205
19.84,10.362,-1.5378,1.155,0.23933,-0.34878,-0.74696,0.51295,-5.8554,-9.3191,1.7766,0.35985,-1.0792,0.50375,-16.059,6.1851,4.6084,0,0,0,6.8423,6.8065,6.8063,6.7073,4.0944,24.382,-6.409,54.681,-52.975,-28.126
19.85,10.303,-1.6307,1.173,0.23729,-0.35214,-0.74915,0.50839,-6.0158,-9.256,1.8223,0.35596,-1.0643,0.49864,-16.015,6.4262,4.5429,0,0,0,6.8398,6.8034,6.805,6.7077,4.643,23.847,-6.6898,55.037,-54.038,-28.029
19.86,10.242,-1.7229,1.1914,0.23529,-0.35543,-0.7513,0.50384,-6.1757,-9.1906,1.8674,0.35191,-1.0499,0.49372,-15.966,6.662,4.4746,0,0,0,6.8359,6.7988,6.8023,6.7068,5.1951,23.301,-6.9695,55.369,-55.063,-27.916
19.87,10.18,-1.8145,1.2103,0.23332,-0.35865,-0.75341,0.49929,-6.3351,-9.1228,1.9118,0.34771,-1.0359,0.48899,-15.911,6.8922,4.4035,0,0,0,6.8306,6.7927,6.7983,6.7047,5.7503,22.746,-7.248,55.677,-56.05,-27.784
19.88,10.115,-1.9053,1.2297,0.23139,-0.36181,-0.75549,0.49476,-6.4939,-9.0528,1.9555,0.34337,-1.0225,0.48447,-15.851,7.1169,4.3296,0,0,0,6.8239,6.7851,6.793,6.7011,6.3085,22.18,-7.5252,55.96,-56.998,-27.636
19.89,10.05,-1.9955,1.2495,0.22948,-0.36491,-0.75753,0.49024,-6.6521,-8.9805,1.9984,0.33889,-1.0095,0.48015,-15.785,7.3358,4.253,0,0,0,6.8157,6.7759,6.7861,6.6962,6.8694,21.606,-7.8007,56.218,-57.905,-27.469
19.9,9.9824,-2.0849,1.2696,0.2276,-0.36794,-0.75953,0.48573,-6.8096,-8.9061,2.0405,0.33427,-0.99715,0.47606,-15.713,7.5489,4.1736,0,0,0,6.8059,6.7651,6.7778,6.6898,7.4328,21.022,-8.0745,56.45,-58.772,-27.284
19.91,9.9136,-2.1736,1.2903,0.22575,-0.37092,-0.7615,0.48122,-6.9664,-8.8295,2.0819,0.32953,-0.9853,0.4722,-15.636,7.7562,4.0915,0,0,0,6.7945,6.7526,6.768,6.6819,7.9983,20.43,-8.3463,56.655,-59.596,-27.081
19.92,9.8431,-2.2615,1.3113,0.22393,-0.37383,-0.76344,0.47673,-7.1223,-8.751,2.1224,0.32465,-0.97402,0.46859,-15.553,7.9575,4.0067,0,0,0,6.7816,6.7384,6.7566,6.6724,8.5658,19.831,-8.616,56.834,-60.377,-26.859
19.93,9.7711,-2.3486,1.3327,0.22212,-0.37669,-0.76534,0.47224,-7.2774,-8.6704,2.162,0.31966,-0.96333,0.46522,-15.465,8.1528,3.9192,0,0,0,6.7669,6.7224,6.7436,6.6614,9.1349,19.223,-8.8834,56.986,-61.114,-26.618
19.94,9.6976,-2.4349,1.3545,0.22034,-0.37949,-0.76722,0.46777,-7.4316,-8.5879,2.2007,0.31454,-0.95324,0.46211,-15.371,8.342,3.829,0,0,0,6.7506,6.7046,6.729,6.6488,9.7054,18.608,-9.1483,57.109,-61.806,-26.358
19.95,9.6225,-2.5204,1.3767,0.21857,-0.38223,-0.76908,0.4633,-7.5848,-8.5036,2.2386,0.3093,-0.94378,0.45927,-15.271,8.5249,3.7362,0,0,0,6.7325,6.685,6.7127,6.6345,10.277,17.987,-9.4105,57.205,-62.453,-26.079
19.96,9.5459,-2.605,1.3993,0.21682,-0.38492,-0.7709,0.45884,-7.737,-8.4174,2.2755,0.30395,-0.93495,0.4567,-15.165,8.7017,3.6408,0,0,0,6.7127,6.6635,6.6947,6.6186,10.849,17.36,-9.6699,57.272,-63.053,-25.78
19.97,9.4678,-2.6887,1.4222,0.21508,-0.38755,-0.77271,0.45438,-7.8881,-8.3296,2.3114,0.29849,-0.92677,0.45443,-15.054,8.8721,3.5428,0,0,0,6.6911,6.6402,6.6751,6.601,11.422,16.726,-9.9261,57.31,-63.606,-25.461
19.98,9.3881,-2.7716,1.4455,0.21336,-0.39014,-0.77449,0.44993,-8.038,-8.24,2.3463,0.29291,-0.91928,0.45246,-14.937,9.0362,3.4423,0,0,0,6.6676,6.6149,6.6537,6.5816,11.996,16.088,-10.179,57.318,-64.111,-25.122
19.99,9.307,-2.8535,1.4691,0.21164,-0.39267,-0.77625,0.44549,-8.1868,-8.1489,2.3802,0.28723,-0.91247,0.4508,-14.814,9.1939,3.3393,0,0,0,6.6424,6.5876,6.6305,6.5605,12.569,15.444,-10.428,57.296,-64.566,-24.763
20,9.2244,-2.9346,1.4931,0.20993,-0.39515,-0.77799,0.44104,-8.3343,-8.0562,2.4131,0.28143,-0.90638,0.44947,-14.685,9.3451,3.2338,0,0,0,6.6152,6.5583,6.6056,6.5377,13.141,14.796,-10.674,57.243,-64.971,-24.383
20.01,9.1403,-3.0146,1.5174,0.20822,-0.39758,-0.77971,0.4366,-8.4805,-7.962,2.4449,0.27552,-0.90103,0.44848,-14.551,9.4898,3.1258,0,0,0,6.5862,6.5271,6.5789,6.5131,13.713,14.145,-10.916,57.16,-65.324,-23.982
20.02,9.0548,-3.0938,1.542,0.20652,-0.39997,-0.78142,0.43216,-8.6253,-7.8664,2.4756,0.2695,-0.89644,0.44783,-14.411,9.6279,3.0154,0,0,0,6.5553,6.4938,6.5503,6.4867,14.284,13.49,-11.154,57.045,-65.626,-23.56
20.03,8.9678,-3.172,1.5669,0.20481,-0.40231,-0.78311,0.42772,-8.7687,-7.7695,2.5052,0.26338,-0.89263,0.44755,-14.265,9.7596,2.9027,0,0,0,6.5224,6.4584,6.52,6.4585,14.854,12.833,-11.387,56.898,-65.875,-23.116
20.04,8.8794,-3.2492,1.5921,0.20309,-0.40461,-0.78478,0.42327,-8.9106,-7.6712,2.5336,0.25714,-0.88963,0.44766,-14.114,9.8846,2.7877,0,0,0,6.4877,6.421,6.4879,6.4285,15.422,12.173,-11.616,56.718,-66.07,-22.651
20.05,8.7896,-3.3254,1.6176,0.20137,-0.40686,-0.78645,0.41883,-9.0509,-7.5718,2.5609,0.25079,-0.88747,0.44816,-13.957,10.003,2.6704,0,0,0,6.451,6.3814,6.4539,6.3968,15.988,11.511,-11.84,56.506,-66.211,-22.164
20.06,8.6984,-3.4006,1.6433,0.19964,-0.40907,-0.7881,0.41437,-9.1897,-7.4712,2.587,0.24432,-0.88617,0.44907,-13.794,10.115,2.5509,0,0,0,6.4123,6.3398,6.4182,6.3632,16.552,10.849,-12.059,56.26,-66.295,-21.655
20.07,8.6058,-3.4748,1.6693,0.19789,-0.41124,-0.78974,0.40991,-9.3268,-7.3695,2.6119,0.23774,-0.88576,0.45042,-13.626,10.22,2.4293,0,0,0,6.3717,6.296,6.3806,6.3279,17.114,10.186,-12.273,55.98,-66.324,-21.123
20.08,8.5119,-3.548,1.6956,0.19613,-0.41337,-0.79137,0.40544,-9.4622,-7.2668,2.6356,0.23104,-0.88629,0.45221,-13.452,10.319,2.3055,0,0,0,6.3292,6.2501,6.3412,6.2908,17.672,9.5225,-12.482,55.666,-66.295,-20.569
20.09,8.4166,-3.6201,1.722,0.19434,-0.41547,-0.793,0.40096,-9.5958,-7.1632,2.658,0.22422,-0.88778,0.45449,-13.272,10.41,2.1797,0,0,0,6.2847,6.202,6.3,6.252,18.227,8.8599,-12.684,55.318,-66.21,-19.992
20.1,8.32,-3.6913,1.7487,0.19252,-0.41752,-0.79462,0.39647,-9.7276,-7.0586,2.6792,0.21727,-0.89027,0.45725,-13.087,10.496,2.0518,0,0,0,6.2382,6.1517,6.2571,6.2114,18.778,8.1985,-12.881,54.937,-66.068,-19.394
20.11,8.222,-3.7613,1.7756,0.19068,-0.41954,-0.79624,0.39196,-9.8576,-6.9533,2.6991,0.2102,-0.8938,0.46054,-12.897,10.574,1.922,0,0,0,6.1898,6.0993,6.2124,6.1691,19.325,7.5387,-13.072,54.523,-65.873,-18.775
20.12,8.1228,-3.8303,1.8027,0.1888,-0.42153,-0.79785,0.38743,-9.9856,-6.8472,2.7176,0.20299,-0.89842,0.46437,-12.701,10.647,1.7904,0,0,0,6.1395,6.0447,6.1659,6.1251,19.868,6.8812,-13.257,54.076,-65.624,-18.136
20.13,8.0223,-3.8983,1.83,0.18689,-0.42348,-0.79946,0.38288,-10.112,-6.7404,2.7349,0.19564,-0.90417,0.46876,-12.5,10.712,1.6569,0,0,0,6.0873,5.988,6.1178,6.0794,20.407,6.2264,-13.435,53.598,-65.323,-17.477
20.14,7.9206,-3.9651,1.8574,0.18493,-0.42541,-0.80107,0.37831,-10.236,-6.6329,2.7508,0.18815,-0.9111,0.47376,-12.293,10.771,1.5217,0,0,0,6.0332,5.929,6.0679,6.0321,20.94,5.5749,-13.606,53.088,-64.97,-16.799
20.15,7.8176,-4.0309,1.885,0.18293,-0.4273,-0.80268,0.37371,-10.357,-6.525,2.7653,0.1805,-0.91926,0.47938,-12.081,10.824,1.3848,0,0,0,5.9772,5.8679,6.0165,5.9832,21.468,4.9272,-13.771,52.547,-64.568,-16.102
20.16,7.7135,-4.0956,1.9127,0.18087,-0.42916,-0.80429,0.36909,-10.477,-6.4165,2.7785,0.1727,-0.92872,0.48567,-11.863,10.87,1.2463,0,0,0,5.9193,5.8046,5.9634,5.9328,21.991,4.2837,-13.928,51.977,-64.116,-15.387
20.17,7.6081,-4.1592,1.9405,0.17875,-0.43099,-0.80591,0.36443,-10.595,-6.3076,2.7902,0.16474,-0.93952,0.49264,-11.641,10.909,1.1063,0,0,0,5.8596,5.7391,5.9087,5.8808,22.508,3.645,-14.078,51.376,-63.616,-14.655
20.18,7.5016,-4.2218,1.9685,0.17657,-0.4328,-0.80753,0.35973,-10.71,-6.1983,2.8006,0.1566,-0.95173,0.50035,-11.413,10.943,0.96478,0,0,0,5.7981,5.6715,5.8525,5.8273,23.019,3.0116,-14.221,50.747,-63.07,-13.906
20.19,7.3939,-4.2832,1.9965,0.17433,-0.43458,-0.80915,0.355,-10.823,-6.0888,2.8095,0.14827,-0.96543,0.50883,-11.181,10.969,0.82188,0,0,0,5.7348,5.6017,5.7949,5.7725,23.523,2.3838,-14.357,50.089,-62.477,-13.141
20.2,7.2851,-4.3435,2.0247,0.172,-0.43634,-0.81078,0.35022,-10.934,-5.979,2.817,0.13976,-0.98068,0.51813,-10.943,10.99,0.67767,0,0,0,5.6698,5.5297,5.7358,5.7163,24.02,1.7622,-14.484,49.403,-61.84,-12.36
20.21,7.1752,-4.4028,2.0529,0.16959,-0.43807,-0.81242,0.3454,-11.042,-5.869,2.8231,0.13104,-0.99758,0.52828,-10.7,11.005,0.53223,0,0,0,5.6031,5.4555,5.6754,5.6588,24.511,1.1471,-14.604,48.689,-61.159,-11.565
20.22,7.0643,-4.4609,2.0811,0.1671,-0.43979,-0.81407,0.34053,-11.148,-5.7589,2.8277,0.1221,-1.0162,0.53934,-10.453,11.013,0.38563,0,0,0,5.5348,5.3792,5.6137,5.6001,24.994,0.53912,-14.715,47.948,-60.436,-10.755
20.23,6.9523,-4.518,2.1094,0.1645,-0.44148,-0.81573,0.3356,-11.251,-5.6487,2.8308,0.11294,-1.0367,0.55136,-10.2,11.016,0.23795,0,0,0,5.4648,5.3008,5.5508,5.5403,25.47,-0.061455,-14.819,47.181,-59.671,-9.9316
20.24,6.8393,-4.5739,2.1377,0.16181,-0.44315,-0.81739,0.33062,-11.351,-5.5386,2.8324,0.10354,-1.059,0.56439,-9.9433,11.012,0.089277,0,0,0,5.3932,5.2202,5.4867,5.4793,25.937,-0.65418,-14.914,46.389,-58.866,-9.095
20.25,6.7253,-4.6287,2.1661,0.15899,-0.4448,-0.81907,0.32556,-11.45,-5.4285,2.8326,0.093892,-1.0834,0.5785,-9.6816,11.003,-0.060303,0,0,0,5.3201,5.1375,5.4216,5.4175,26.397,-1.2387,-15.001,45.57,-58.022,-8.2459
20.26,6.6103,-4.6825,2.1944,0.15606,-0.44643,-0.82077,0.32044,-11.545,-5.3186,2.8312,0.083974,-1.1099,0.59375,-9.4154,10.987,-0.21071,0,0,0,5.2456,5.0526,5.3555,5.3547,26.849,-1.8145,-15.079,44.727,-57.139,-7.3849
20.27,6.4944,-4.7351,2.2227,0.15299,-0.44805,-0.82247,0.31525,-11.638,-5.2088,2.8283,0.073773,-1.1388,0.61021,-9.1447,10.966,-0.36185,0,0,0,5.1697,4.9657,5.2886,5.2911,27.292,-2.3813,-15.148,43.86,-56.219,-6.5126
20.28,6.3776,-4.7866,2.2509,0.14978,-0.44965,-0.82419,0.30997,-11.728,-5.0993,2.824,0.063275,-1.17,0.62795,-8.8696,10.94,-0.51364,0,0,0,5.0924,4.8766,5.2208,5.2268,27.726,-2.9388,-15.209,42.969,-55.264,-5.6296
20.29,6.2598,-4.8371,2.2792,0.14642,-0.45124,-0.82593,0.30461,-11.815,-4.99,2.8181,0.052462,-1.2037,0.64706,-8.5902,10.908,-0.666,0,0,0,5.0138,4.7854,5.1525,5.1619,28.151,-3.4865,-15.261,42.055,-54.273,-4.7365
20.3,6.1413,-4.8864,2.3073,0.1429,-0.45281,-0.82768,0.29915,-11.9,-4.8811,2.8106,0.041316,-1.2402,0.66761,-8.3066,10.87,-0.81883,0,0,0,4.934,4.6921,5.0835,5.0965,28.567,-4.0241,-15.304,41.118,-53.248,-3.834
20.31,6.0218,-4.9347,2.3354,0.1392,-0.45437,-0.82944,0.2936,-11.981,-4.7726,2.8017,0.02982,-1.2794,0.6897,-8.0189,10.827,-0.97204,0,0,0,4.8531,4.5968,5.0142,5.0307,28.973,-4.5513,-15.338,40.159,-52.191,-2.9226
20.32,5.9016,-4.9819,2.3633,0.1353,-0.45592,-0.83122,0.28794,-12.06,-4.6646,2.7912,0.017953,-1.3218,0.71342,-7.7272,10.779,-1.1256,0,0,0,4.7712,4.4993,4.9445,4.9647,29.37,-5.0678,-15.362,39.179,-51.102,-2.0029
20.33,5.7807,-5.028,2.3912,0.13121,-0.45745,-0.83301,0.28216,-12.136,-4.5571,2.7792,0.0056957,-1.3673,0.73887,-7.4315,10.726,-1.2793,0,0,0,4.6883,4.3999,4.8748,4.8985,29.757,-5.5733,-15.378,38.177,-49.982,-1.0756
20.34,5.6589,-5.073,2.4189,0.1269,-0.45897,-0.83482,0.27626,-12.209,-4.4501,2.7656,-0.0069724,-1.4162,0.76616,-7.1321,10.668,-1.4331,0,0,0,4.6045,4.2984,4.805,4.8323,30.133,-6.0674,-15.384,37.156,-48.833,-0.1412
20.35,5.5365,-5.117,2.4465,0.12235,-0.46048,-0.83664,0.27023,-12.279,-4.3437,2.7505,-0.020073,-1.4687,0.7954,-6.8289,10.604,-1.5869,0,0,0,4.5201,4.1949,4.7354,4.7662,30.5,-6.5498,-15.38,36.114,-47.655,0.79961
20.36,5.4134,-5.1599,2.4739,0.11756,-0.46197,-0.83847,0.26406,-12.345,-4.238,2.7339,-0.033628,-1.525,0.82671,-6.5221,10.537,-1.7406,0,0,0,4.4349,4.0894,4.6661,4.7003,30.856,-7.0204,-15.368,35.052,-46.45,1.7463
20.37,5.2896,-5.2018,2.5012,0.11249,-0.46345,-0.84031,0.25774,-12.409,-4.133,2.7157,-0.04766,-1.5853,0.86021,-6.2118,10.464,-1.8942,0,0,0,4.3493,3.982,4.5973,4.6347,31.201,-7.4787,-15.345,33.972,-45.219,2.6981
20.38,5.1652,-5.2426,2.5282,0.10714,-0.46492,-0.84216,0.25125,-12.47,-4.0288,2.696,-0.06219,-1.6499,0.89603,-5.8981,10.387,-2.0475,0,0,0,4.2633,3.8728,4.5292,4.5695,31.535,-7.9247,-15.314,32.874,-43.962,3.6546
20.39,5.0402,-5.2824,2.5551,0.10148,-0.46637,-0.84402,0.2446,-12.527,-3.9253,2.6748,-0.077242,-1.7189,0.9343,-5.5811,10.306,-2.2005,0,0,0,4.1771,3.7617,4.462,4.5049,31.858,-8.3579,-15.272,31.758,-42.681,4.6152
20.4,4.9147,-5.3211,2.5817,0.095501,-0.46781,-0.84587,0.23777,-12.581,-3.8227,2.652,-0.092838,-1.7926,0.97515,-5.261,10.22,-2.3529,0,0,0,4.0909,3.649,4.3958,4.4409,32.17,-8.7782,-15.221,30.624,-41.378,5.5791
20.41,4.7886,-5.3588,2.6081,0.089168,-0.46922,-0.84773,0.23074,-12.632,-3.7209,2.6277,-0.109,-1.8711,1.0187,-4.9378,10.13,-2.5049,0,0,0,4.0047,3.5348,4.331,4.3776,32.471,-9.1854,-15.161,29.474,-40.052,6.5458
20.42,4.662,-5.3955,2.6343,0.082464,-0.47061,-0.84957,0.22351,-12.68,-3.6201,2.6019,-0.12574,-1.9547,1.0651,-4.6116,10.036,-2.6561,0,0,0,3.9189,3.4191,4.2676,4.3151,32.76,-9.5792,-15.09,28.308,-38.706,7.5148
20.43,4.535,-5.4312,2.6601,0.075364,-0.47198,-0.8514,0.21606,-12.724,-3.5202,2.5746,-0.14309,-2.0436,1.1145,-4.2826,9.9386,-2.8066,0,0,0,3.8337,3.3023,4.206,4.2533,33.037,-9.9594,-15.01,27.126,-37.339,8.4853
20.44,4.4076,-5.4659,2.6857,0.067844,-0.47331,-0.8532,0.20838,-12.766,-3.4213,2.5458,-0.16105,-2.138,1.167,-3.9509,9.8371,-2.9563,0,0,0,3.7492,3.1845,4.1463,4.1922,33.302,-10.326,-14.921,25.929,-35.955,9.4568
20.45,4.2797,-5.4996,2.7111,0.059879,-0.47461,-0.85497,0.20046,-12.803,-3.3235,2.5155,-0.17964,-2.2378,1.2226,-3.6166,9.7321,-3.105,0,0,0,3.6658,3.0661,4.0887,4.1318,33.555,-10.678,-14.821,24.718,-34.552,10.429
20.46,4.1515,-5.5324,2.736,0.051443,-0.47587,-0.8567,0.19228,-12.838,-3.2267,2.4837,-0.19887,-2.3433,1.2815,-3.2799,9.6236,-3.2527,0,0,0,3.5837,2.9475,4.0335,4.072,33.796,-11.017,-14.712,23.492,-33.133,11.4
20.47,4.023,-5.5642,2.7607,0.04251,-0.47708,-0.85837,0.18383,-12.869,-3.131,2.4504,-0.21874,-2.4543,1.3437,-2.9407,9.5118,-3.3992,0,0,0,3.5033,2.8293,3.9808,4.0125,34.025,-11.341,-14.593,22.254,-31.699,12.371
20.48,3.8941,-5.595,2.7851,0.033054,-0.47823,-0.85997,0.1751,-12.897,-3.0365,2.4157,-0.23923,-2.5709,1.4092,-2.5994,9.3968,-3.5445,0,0,0,3.425,2.712,3.9308,3.9532,34.241,-11.651,-14.465,21.002,-30.25,13.341
20.49,3.765,-5.6249,2.809,0.023052,-0.4793,-0.86148,0.16608,-12.921,-2.9431,2.3795,-0.26035,-2.6927,1.4781,-2.256,9.2788,-3.6885,0,0,0,3.3491,2.5963,3.8835,3.8937,34.445,-11.946,-14.326,19.738,-28.788,14.308
20.5,3.6357,-5.6539,2.8326,0.012478,-0.4803,-0.86289,0.15675,-12.942,-2.8509,2.3419,-0.28205,-2.8195,1.5501,-1.9105,9.158,-3.831,0,0,0,3.276,2.4832,3.8392,3.8335,34.636,-12.227,-14.179,18.462,-27.313,15.273
20.51,3.5062,-5.6819,2.8559,0.0013134,-0.48121,-0.86417,0.14711,-12.959,-2.7599,2.3029,-0.30431,-2.9508,1.6252,-1.5633,9.0343,-3.972,0,0,0,3.2062,2.3736,3.7979,3.7721,34.814,-12.492,-14.021,17.175,-25.828,16.234
20.52,3.3766,-5.7091,2.8787,-0.010462,-0.482,-0.86531,0.13714,-12.973,-2.6702,2.2625,-0.32707,-3.086,1.7031,-1.2143,8.9082,-4.1114,0,0,0,3.1402,2.2689,3.7594,3.709,34.98,-12.743,-13.854,15.877,-24.333,17.192
20.53,3.2468,-5.7353,2.9011,-0.022863,-0.48267,-0.86627,0.12685,-12.983,-2.5818,2.2207,-0.35026,-3.224,1.7835,-0.86373,8.7795,-4.2491,0,0,0,3.0786,2.1704,3.7238,3.6434,35.132,-12.979,-13.677,14.568,-22.829,18.145
20.54,3.1169,-5.7607,2.9231,-0.035898,-0.48319,-0.86702,0.11622,-12.99,-2.4946,2.1775,-0.3738,-3.3639,1.8659,-0.5117,8.6486,-4.3849,0,0,0,3.0218,2.0796,3.6908,3.5745,35.271,-13.2,-13.491,13.25,-21.316,19.093
20.55,2.987,-5.7852,2.9447,-0.049571,-0.48354,-0.86755,0.10527,-12.994,-2.4088,2.133,-0.39758,-3.5042,1.9497,-0.15835,8.5156,-4.5189,0,0,0,2.9704,1.9982,3.66,3.5016,35.397,-13.405,-13.295,11.924,-19.798,20.036
20.56,2.857,-5.8089,2.9658,-0.063878,-0.48371,-0.86782,0.093996,-12.993,-2.3243,2.0871,-0.42148,-3.6433,2.0343,0.19619,8.3806,-4.6508,0,0,0,2.9249,1.9281,3.6312,3.424,35.509,-13.596,-13.09,10.588,-18.273,20.972
20.57,2.7271,-5.8317,2.9864,-0.078806,-0.48367,-0.86779,0.082409,-12.99,-2.2412,2.04,-0.44534,-3.7795,2.1188,0.55179,8.2437,-4.7806,0,0,0,2.8858,1.8711,3.6039,3.3408,35.609,-13.771,-12.876,9.2444,-16.744,21.901
20.58,2.5972,-5.8537,3.0066,-0.094332,-0.48339,-0.86744,0.070525,-12.982,-2.1595,1.9915,-0.46899,-3.9104,2.2023,0.90832,8.1052,-4.9083,0,0,0,2.8537,1.829,3.5774,3.2517,35.694,-13.93,-12.652,7.8933,-15.211,22.823
20.59,2.4675,-5.8749,3.0262,-0.11042,-0.48286,-0.86674,0.058369,-12.972,-2.0791,1.9418,-0.49225,-4.034,2.2835,1.2656,7.9652,-5.0336,0,0,0,2.8289,1.8035,3.5511,3.1561,35.766,-14.075,-12.419,6.5352,-13.677,23.736
20.6,2.3378,-5.8953,3.0454,-0.12703,-0.48205,-0.86566,0.045969,-12.957,-2.0002,1.8909,-0.51491,-4.1476,2.3614,1.6236,7.8238,-5.1566,0,0,0,2.8118,1.796,3.5244,3.0543,35.825,-14.204,-12.178,5.1708,-12.14,24.641
20.61,2.2083,-5.9149,3.064,-0.14411,-0.48095,-0.86418,0.033361,-12.939,-1.9226,1.8387,-0.53675,-4.2489,2.4347,1.9821,7.6812,-5.2772,0,0,0,2.8024,1.8076,3.4965,2.9465,35.87,-14.318,-11.927,3.8004,-10.604,25.537
20.62,2.0791,-5.9338,3.0822,-0.16158,-0.47953,-0.86228,0.020587,-12.918,-1.8465,1.7853,-0.55755,-4.3353,2.502,2.3409,7.5375,-5.3951,0,0,0,2.8009,1.8389,3.467,2.8337,35.901,-14.416,-11.667,2.4248,-9.068,26.423
20.63,1.95,-5.9519,3.0997,-0.17936,-0.47778,-0.85994,0.0076958,-12.892,-1.7719,1.7308,-0.57707,-4.4047,2.562,2.7001,7.3929,-5.5105,0,0,0,2.8072,1.8899,3.4354,2.7173,35.918,-14.499,-11.398,1.0443,-7.5342,27.298
20.64,1.8212,-5.9692,3.1168,0.19736,0.47569,0.85717,0.0052599,-12.863,-1.6987,1.6751,-0.59511,-4.4551,2.6136,3.0593,7.2475,-5.6231,0,0,0,2.8209,1.9598,3.4013,2.5991,35.922,-14.567,-11.121,-0.34043,-6.0035,28.162
20.65,1.6927,-5.9859,3.1332,0.2155,0.47326,0.85396,0.018223,-12.831,-1.6269,1.6184,-0.61146,-4.4849,2.6555,3.4184,7.1016,-5.7329,0,0,0,2.8417,2.0473,3.3648,2.4814,35.911,-14.619,-10.835,-1.7289,-4.4768,29.014
20.66,1.5646,-6.0018,3.1491,0.23366,0.4705,0.85033,0.031136,-12.795,-1.5567,1.5605,-0.62594,-4.493,2.6869,3.7774,6.9552,-5.8398,0,0,0,2.869,2.1504,3.3262,2.3668,35.887,-14.656,-10.541,-3.1205,-2.9553,29.854
20.67,1.4369,-6.017,3.1644,0.25174,0.46741,0.8463,0.043938,-12.756,-1.4878,1.5016,-0.63841,-4.4789,2.7072,4.1361,6.8085,-5.9437,0,0,0,2.9021,2.2665,3.2859,2.2583,35.849,-14.678,-10.238,-4.5147,-1.4402,30.681
20.68,1.3095,-6.0315,3.1792,0.26964,0.464,0.8419,0.056573,-12.712,-1.4205,1.4416,-0.64875,-4.4429,2.7157,4.4944,6.6617,-6.0445,0,0,0,2.9403,2.3928,3.2449,2.1584,35.797,-14.685,-9.9271,-5.9111,0.067689,31.495
20.69,1.1826,-6.0454,3.1933,0.28726,0.46031,0.83716,0.068987,-12.666,-1.3546,1.3807,-0.65688,-4.3855,2.7126,4.852,6.5149,-6.1422,0,0,0,2.9827,2.5261,3.2041,2.07,35.731,-14.677,-9.6082,-7.309,1.5671,32.294
20.7,1.0562,-6.0586,3.2068,0.3045,0.45634,0.83214,0.08113,-12.615,-1.2902,1.3188,-0.66278,-4.3082,2.6978,5.209,6.3682,-6.2366,0,0,0,3.0287,2.6632,3.1647,1.9952,35.651,-14.654,-9.2813,-8.7079,3.057,33.079
20.71,0.93033,-6.0712,3.2196,0.32128,0.45215,0.82686,0.092962,-12.562,-1.2272,1.256,-0.66645,-4.2126,2.6718,5.565,6.2218,-6.3278,0,0,0,3.0774,2.8013,3.128,1.9358,35.557,-14.616,-8.9467,-10.107,4.5362,33.848
20.72,0.805,-6.0832,3.2319,0.33752,0.44776,0.82139,0.10445,-12.504,-1.1657,1.1922,-0.66793,-4.1009,2.6353,5.92,6.0759,-6.4155,0,0,0,3.1283,2.9378,3.0953,1.893,35.449,-14.563,-8.6044,-11.507,6.0038,34.601
20.73,0.68026,-6.0945,3.2435,0.35316,0.44321,0.81577,0.11556,-12.443,-1.1057,1.1277,-0.6673,-3.9754,2.5892,6.2739,5.9306,-6.4998,0,0,0,3.1807,3.0704,3.0678,1.8675,35.327,-14.496,-8.2547,-12.905,7.4586,35.338
20.74,0.55615,-6.1053,3.2544,0.36815,0.43854,0.81006,0.12628,-12.379,-1.0471,1.0623,-0.66464,-3.8387,2.5345,6.6265,5.7861,-6.5806,0,0,0,3.2343,3.1976,3.0465,1.8593,35.19,-14.414,-7.8977,-14.303,8.8995,36.057
20.75,0.4327,-6.1155,3.2647,0.38245,0.4338,0.8043,0.13661,-12.311,-0.98999,0.99607,-0.66009,-3.6931,2.4722,6.9777,5.6424,-6.6578,0,0,0,3.2887,3.3183,3.0322,1.868,35.04,-14.318,-7.5336,-15.699,10.326,36.759
20.76,0.30995,-6.1251,3.2744,0.39602,0.42901,0.79852,0.14653,-12.239,-0.93428,0.92912,-0.65377,-3.5411,2.4036,7.3273,5.4998,-6.7312,0,0,0,3.3437,3.4317,3.0255,1.8926,34.876,-14.208,-7.1626,-17.092,11.735,37.442
20.77,0.18793,-6.1342,3.2833,0.40886,0.42423,0.79278,0.15606,-12.164,-0.87999,0.86145,-0.64583,-3.3849,2.3297,7.6752,5.3583,-6.801,0,0,0,3.3992,3.5376,3.0269,1.932,34.699,-14.083,-6.7848,-18.483,13.128,38.107
20.78,0.066677,-6.1427,3.2916,0.42095,0.41949,0.7871,0.16522,-12.086,-0.82711,0.79311,-0.63641,-3.2266,2.2518,8.0212,5.2181,-6.8669,0,0,0,3.4552,3.6363,3.0364,1.9848,34.507,-13.945,-6.4005,-19.871,14.503,38.751
20.79,-0.053772,-6.1507,3.2992,0.43228,0.41483,0.78151,0.17402,-12.004,-0.77562,0.72413,-0.62564,-3.0679,2.1708,8.3653,5.0794,-6.929,0,0,0,3.5117,3.728,3.054,2.0493,34.301,-13.793,-6.0098,-21.254,15.858,39.376
20.8,-0.17338,-6.1582,3.3061,0.44287,0.41028,0.77604,0.18249,-11.918,-0.72551,0.65454,-0.61367,-2.9104,2.0877,8.7072,4.9423,-6.9871,0,0,0,3.5688,3.8134,3.0795,2.1241,34.082,-13.628,-5.6131,-22.634,17.193,39.979
20.81,-0.29213,-6.1652,3.3123,0.45271,0.40589,0.77068,0.19065,-11.829,-0.67677,0.5844,-0.60063,-2.7553,2.0035,9.0469,4.8069,-7.0412,0,0,0,3.6265,3.8932,3.1124,2.2075,33.849,-13.449,-5.2103,-24.008,18.507,40.562
20.82,-0.40996,-6.1718,3.3177,0.46183,0.40168,0.76547,0.19856,-11.737,-0.62937,0.51373,-0.58665,-2.6037,1.9188,9.3841,4.6734,-7.0913,0,0,0,3.6849,3.968,3.1524,2.2982,33.602,-13.258,-4.8019,-25.377,19.798,41.122
20.83,-0.52686,-6.1778,3.3225,0.47022,0.39769,0.76039,0.20624,-11.642,-0.5833,0.44259,-0.57183,-2.4564,1.8343,9.7188,4.5418,-7.1372,0,0,0,3.7441,4.0387,3.1989,2.3946,33.341,-13.054,-4.388,-26.74,21.065,41.659
20.84,-0.64279,-6.1834,3.3266,0.47791,0.39395,0.75546,0.21374,-11.543,-0.53853,0.371,-0.55629,-2.3139,1.7505,10.051,4.4124,-7.179,0,0,0,3.8042,4.1059,3.2513,2.4957,33.067,-12.837,-3.9688,-28.096,22.308,42.174
20.85,-0.75771,-6.1886,3.3299,0.48492,0.3905,0.75065,0.22111,-11.441,-0.49504,0.29902,-0.54012,-2.1768,1.668,10.38,4.2851,-7.2166,0,0,0,3.8652,4.1704,3.309,2.6002,32.779,-12.607,-3.5446,-29.445,23.524,42.664
20.86,-0.87159,-6.1933,3.3326,0.49124,0.38736,0.74597,0.22839,-11.335,-0.45282,0.22668,-0.52341,-2.0452,1.5871,10.706,4.1602,-7.2499,0,0,0,3.9271,4.2326,3.3715,2.7073,32.478,-12.366,-3.1156,-30.787,24.714,43.13
20.87,-0.98441,-6.1977,3.3345,0.4969,0.38458,0.7414,0.23563,-11.227,-0.41183,0.15404,-0.50625,-1.9195,1.508,11.03,4.0378,-7.2789,0,0,0,3.99,4.2932,3.4381,2.8162,32.163,-12.113,-2.6821,-32.12,25.876,43.571
20.88,-1.0961,-6.2016,3.3357,0.50189,0.38218,0.73691,0.2429,-11.115,-0.37205,0.081121,-0.48872,-1.7995,1.4311,11.35,3.918,-7.3035,0,0,0,4.0538,4.3525,3.5084,2.926,31.836,-11.849,-2.2443,-33.445,27.009,43.986
20.89,-1.2067,-6.2051,3.3361,0.50624,0.3802,0.73249,0.25025,-11,-0.33346,0.0079807,-0.47088,-1.6854,1.3564,11.666,3.8009,-7.3238,0,0,0,4.1185,4.4109,3.5818,3.0363,31.495,-11.573,-1.8024,-34.761,28.112,44.375
20.9,-1.3161,-6.2082,3.3358,0.50994,0.37869,0.7281,0.25773,-10.881,-0.29602,-0.06534,-0.45282,-1.5771,1.2841,11.979,3.6866,-7.3396,0,0,0,4.1841,4.4687,3.6578,3.1465,31.14,-11.287,-1.3568,-36.066,29.184,44.737
20.91,-1.4243,-6.211,3.3348,0.51298,0.37767,0.72372,0.26543,-10.76,-0.25972,-0.1388,-0.4346,-1.4744,1.2142,12.289,3.5752,-7.3509,0,0,0,4.2505,4.526,3.736,3.2562,30.773,-10.99,-0.90778,-37.361,30.223,45.072
20.92,-1.5313,-6.2134,3.333,0.51536,0.3772,0.71929,0.27339,-10.636,-0.22451,-0.21234,-0.4163,-1.3771,1.1468,12.595,3.4668,-7.3577,0,0,0,4.3177,4.5832,3.8159,3.3652,30.393,-10.682,-0.45551,-38.646,31.229,45.378
20.93,-1.637,-6.2155,3.3305,0.51707,0.37731,0.71479,0.2817,-10.508,-0.19037,-0.28593,-0.39799,-1.2853,1.0819,12.897,3.3616,-7.36,0,0,0,4.3855,4.6402,3.8974,3.473,30,-10.365,-0.0003138,-39.919,32.2,45.656
20.94,-1.7414,-6.2173,3.3273,0.51809,0.37806,0.71015,0.29043,-10.378,-0.15727,-0.35953,-0.37974,-1.1985,1.0195,13.195,3.2596,-7.3577,0,0,0,4.4539,4.6972,3.9799,3.5796,29.595,-10.038,0.45751,-41.18,33.136,45.904
20.95,-1.8446,-6.2187,3.3234,0.51839,0.37948,0.70532,0.29965,-10.244,-0.12517,-0.43307,-0.36165,-1.1167,0.95948,13.489,3.1609,-7.3508,0,0,0,4.5228,4.7542,4.0632,3.6847,29.177,-9.7025,0.91767,-42.428,34.035,46.123
20.96,-1.9463,-6.2198,3.3187,0.51794,0.38164,0.70024,0.30944,-10.108,-0.094037,-0.50653,-0.34379,-1.0397,0.90185,13.778,3.0655,-7.3393,0,0,0,4.5921,4.8111,4.1471,3.7881,28.746,-9.3578,1.3799,-43.664,34.897,46.311
20.97,-2.0467,-6.2206,3.3132,0.5167,0.38457,0.69483,0.31989,-9.9688,-0.063844,-0.57985,-0.32628,-0.96721,0.84654,14.064,2.9737,-7.3232,0,0,0,4.6617,4.8681,4.2313,3.8899,28.304,-9.0047,1.8438,-44.886,35.719,46.468
20.98,-2.1457,-6.221,3.3071,0.51463,0.38834,0.68901,0.33107,-9.8268,-0.034551,-0.65298,-0.30923,-0.89912,0.79347,14.344,2.8855,-7.3025,0,0,0,4.7316,4.9249,4.3155,3.9899,27.849,-8.6436,2.3091,-46.094,36.502,46.593
20.99,-2.2432,-6.2212,3.3002,0.51168,0.39297,0.68269,0.34306,-9.6819,-0.0061223,-0.72588,-0.29277,-0.83524,0.74258,14.621,2.8009,-7.277,0,0,0,4.8016,4.9816,4.3996,4.0881,27.382,-8.2748,2.7755,-47.287,37.244,46.686
21,-2.3393,-6.2212,3.2925,0.50777,0.39852,0.67578,0.35593,-9.5344,0.021479,-0.7985,-0.27703,-0.77541,0.69379,14.892,2.72,-7.247,0,0,0,4.8717,5.038,4.4833,4.1844,26.903,-7.8989,3.2427,-48.465,37.943,46.746
21.01,-2.4339,-6.2208,3.2842,0.50284,0.40499,0.66816,0.36973,-9.3841,0.04829,-0.8708,-0.26219,-0.7195,0.64701,15.159,2.6429,-7.2122,0,0,0,4.9418,5.0942,4.5665,4.2788,26.413,-7.5161,3.7104,-49.627,38.6,46.772
21.02,-2.527,-6.2202,3.2751,0.49683,0.41242,0.65972,0.3845,-9.2312,0.07435,-0.94273,-0.24841,-0.66739,0.60217,15.42,2.5697,-7.1727,0,0,0,5.0119,5.15,4.6491,4.3714,25.911,-7.127,4.1781,-50.773,39.212,46.765
21.03,-2.6185,-6.2193,3.2653,0.48967,0.42078,0.65035,0.40027,-9.0757,0.099698,-1.0142,-0.2359,-0.61898,0.55918,15.677,2.5004,-7.1286,0,0,0,5.0817,5.2054,4.7308,4.4621,25.397,-6.732,4.6455,-51.902,39.779,46.722
21.04,-2.7085,-6.2182,3.2548,0.48129,0.43003,0.63995,0.417,-8.9177,0.12437,-1.0853,-0.22486,-0.5742,0.51797,15.928,2.4351,-7.0798,0,0,0,5.1513,5.2602,4.8116,4.551,24.873,-6.3316,5.1124,-53.013,40.3,46.644
21.05,-2.7969,-6.2169,3.2436,0.47167,0.44011,0.62843,0.43464,-8.7572,0.14841,-1.1558,-0.2155,-0.53301,0.47847,16.174,2.3738,-7.0264,0,0,0,5.2205,5.3145,4.8911,4.6383,24.337,-5.9262,5.5783,-54.107,40.773,46.53
21.06,-2.8836,-6.2152,3.2317,0.46077,0.4509,0.61572,0.45307,-8.5942,0.17186,-1.2258,-0.20804,-0.49539,0.44059,16.415,2.3166,-6.9683,0,0,0,5.2893,5.3682,4.9694,4.7238,23.79,-5.5163,6.0429,-55.183,41.197,46.38
21.07,-2.9688,-6.2134,3.2191,0.44861,0.46226,0.60179,0.47214,-8.4289,0.19476,-1.2952,-0.20267,-0.46132,0.40427,16.65,2.2635,-6.9055,0,0,0,5.3575,5.4212,5.0462,4.8077,23.233,-5.1024,6.5058,-56.239,41.572,46.192
21.08,-3.0522,-6.2114,3.2058,0.43527,0.47398,0.58667,0.49164,-8.2612,0.21714,-1.3639,-0.19955,-0.43082,0.36943,16.879,2.2145,-6.8382,0,0,0,5.4249,5.4736,5.1215,4.89,22.666,-4.685,6.9666,-57.276,41.896,45.967
21.09,-3.134,-6.2091,3.1919,0.42084,0.48586,0.57044,0.51131,-8.0913,0.23906,-1.4319,-0.1988,-0.40389,0.33602,17.103,2.1698,-6.7662,0,0,0,5.4914,5.5253,5.1951,4.9709,22.088,-4.2647,7.425,-58.292,42.168,45.703
21.1,-3.214,-6.2066,3.1772,0.4055,0.49765,0.55325,0.53087,-7.9192,0.26055,-1.4992,-0.20047,-0.38054,0.30397,17.321,2.1293,-6.6897,0,0,0,5.5569,5.5765,5.2669,5.0502,21.5,-3.8418,7.8805,-59.289,42.387,45.4
21.11,-3.2923,-6.2039,3.1619,0.38946,0.50913,0.53531,0.55005,-7.7449,0.28166,-1.5657,-0.20453,-0.36073,0.27321,17.533,2.093,-6.6086,0,0,0,5.6212,5.6271,5.337,5.1281,20.902,-3.4171,8.3329,-60.264,42.553,45.058
21.12,-3.3689,-6.2009,3.1459,0.37296,0.52008,0.51686,0.56857,-7.5686,0.30243,-1.6314,-0.21091,-0.34438,0.24371,17.739,2.0609,-6.523,0,0,0,5.6841,5.6771,5.4052,5.2046,20.295,-2.991,8.7816,-61.217,42.663,44.675
21.13,-3.4437,-6.1978,3.1292,0.35626,0.53031,0.49819,0.58622,-7.3902,0.32289,-1.6961,-0.21944,-0.33136,0.21539,17.939,2.0331,-6.433,0,0,0,5.7455,5.7267,5.4717,5.2795,19.678,-2.564,9.2262,-62.148,42.717,44.252
21.14,-3.5167,-6.1945,3.112,0.33962,0.53971,0.47958,0.60281,-7.2098,0.3431,-1.76,-0.22991,-0.32151,0.18822,18.133,2.0096,-6.3385,0,0,0,5.8054,5.7757,5.5363,5.3528,19.052,-2.1368,9.6665,-63.056,42.714,43.787
21.15,-3.5879,-6.191,3.094,0.32326,0.54816,0.46131,0.61823,-7.0275,0.3631,-1.8229,-0.24209,-0.31459,0.16215,18.32,1.9904,-6.2397,0,0,0,5.8635,5.8243,5.5992,5.4246,18.417,-1.7099,10.102,-63.941,42.652,43.28
21.16,-3.6573,-6.1872,3.0755,0.30739,0.55566,0.4436,0.63244,-6.8434,0.38293,-1.8848,-0.25572,-0.31035,0.13713,18.501,1.9754,-6.1365,0,0,0,5.92,5.8723,5.6604,5.4947,17.773,-1.284,10.532,-64.802,42.531,42.731
21.17,-3.7248,-6.1833,3.0564,0.29214,0.56218,0.42663,0.64544,-6.6575,0.40262,-1.9456,-0.27055,-0.3085,0.11312,18.676,1.9647,-6.0291,0,0,0,5.9747,5.9197,5.7199,5.563,17.121,-0.85951,10.956,-65.639,42.35,42.138
21.18,-3.7904,-6.1792,3.0366,0.27763,0.56778,0.41055,0.65726,-6.4699,0.42224,-2.0054,-0.28633,-0.30877,0.090086,18.843,1.9582,-5.9174,0,0,0,6.0276,5.9664,5.7778,5.6296,16.46,-0.43718,11.375,-66.451,42.106,41.501
21.19,-3.8542,-6.1749,3.0163,0.26392,0.57251,0.39544,0.66799,-6.2807,0.4418,-2.064,-0.30285,-0.31087,0.067991,19.005,1.956,-5.8016,0,0,0,6.0788,6.0123,5.8341,5.6944,15.792,-0.017591,11.786,-67.237,41.801,40.82
21.2,-3.916,-6.1703,2.9953,0.25103,0.57643,0.38135,0.6777,-6.0899,0.46137,-2.1214,-0.31992,-0.31454,0.046801,19.159,1.9579,-5.6817,0,0,0,6.1282,6.0575,5.8889,5.7573,15.116,0.39862,12.191,-67.997,41.431,40.094
21.21,-3.9759,-6.1656,2.9738,0.23895,0.57963,0.36829,0.68651,-5.8975,0.48097,-2.1776,-0.33737,-0.31955,0.026487,19.307,1.9639,-5.5578,0,0,0,6.1759,6.1017,5.9421,5.8185,14.432,0.81081,12.588,-68.731,40.997,39.322
21.22,-4.034,-6.1607,2.9518,0.22767,0.58217,0.35624,0.6945,-5.7037,0.50066,-2.2325,-0.35506,-0.32568,0.0070198,19.448,1.9741,-5.43,0,0,0,6.222,6.1449,5.9938,5.8777,13.741,1.2183,12.977,-69.438,40.496,38.504
21.23,-4.09,-6.1556,2.9292,0.21714,0.58414,0.34516,0.70178,-5.5086,0.52047,-2.2862,-0.37286,-0.33275,-0.011626,19.582,1.9883,-5.2983,0,0,0,6.2664,6.1871,6.044,5.9351,13.043,1.6205,13.358,-70.117,39.929,37.639
21.24,-4.1441,-6.1503,2.9061,0.20731,0.58559,0.33499,0.70844,-5.3121,0.54044,-2.3385,-0.39068,-0.34062,-0.029475,19.709,2.0065,-5.1628,0,0,0,6.3091,6.2281,6.0926,5.9907,12.339,2.0167,13.73,-70.768,39.293,36.727
21.25,-4.1963,-6.1448,2.8824,0.19812,0.58659,0.32569,0.71456,-5.1144,0.56061,-2.3894,-0.40841,-0.34914,-0.046549,19.829,2.0286,-5.0237,0,0,0,6.3502,6.268,6.1397,6.0445,11.628,2.4061,14.092,-71.39,38.589,35.766
21.26,-4.2464,-6.1391,2.8583,0.18951,0.58718,0.31719,0.7202,-4.9156,0.58102,-2.4389,-0.42599,-0.35821,-0.062868,19.941,2.0546,-4.881,0,0,0,6.3897,6.3066,6.1853,6.0964,10.911,2.7882,14.445,-71.983,37.814,34.757
21.27,-4.2946,-6.1332,2.8336,0.18143,0.58742,0.30942,0.72545,-4.7156,0.60172,-2.487,-0.44335,-0.36775,-0.078451,20.047,2.0843,-4.7349,0,0,0,6.4276,6.344,6.2293,6.1466,10.189,3.1622,14.787,-72.546,36.967,33.699
21.28,-4.3407,-6.1271,2.8085,0.17382,0.58735,0.30233,0.73034,-4.5147,0.62272,-2.5336,-0.46043,-0.37767,-0.093314,20.145,2.1178,-4.5853,0,0,0,6.4639,6.3801,6.2718,6.195,9.4605,3.5273,15.119,-73.078,36.048,32.59
21.29,-4.3849,-6.1207,2.783,0.16664,0.587,0.29584,0.73494,-4.3128,0.64408,-2.5787,-0.47718,-0.38794,-0.10747,20.236,2.1548,-4.4325,0,0,0,6.4987,6.4149,6.3128,6.2417,8.7272,3.8829,15.439,-73.58,35.056,31.431
21.3,-4.427,-6.1142,2.757,0.15983,0.5864,0.28991,0.73929,-4.11,0.66583,-2.6223,-0.49355,-0.39849,-0.12094,20.32,2.1954,-4.2766,0,0,0,6.5318,6.4483,6.3522,6.2866,7.989,4.2282,15.747,-74.051,33.989,30.221
21.31,-4.4671,-6.1074,2.7305,0.15334,0.58557,0.28448,0.74341,-3.9064,0.688,-2.6642,-0.5095,-0.4093,-0.13373,20.396,2.2394,-4.1176,0,0,0,6.5634,6.4803,6.3901,6.3298,7.2463,4.5624,16.043,-74.489,32.847,28.96
21.32,-4.5051,-6.1004,2.7037,0.14714,0.58454,0.2795,0.74736,-3.7021,0.71063,-2.7046,-0.52499,-0.42034,-0.14585,20.464,2.2866,-3.9558,0,0,0,6.5935,6.511,6.4265,6.3714,6.4993,4.8849,16.326,-74.895,31.627,27.646
21.33,-4.5411,-6.0932,2.6765,0.1412,0.58333,0.27492,0.75114,-3.4971,0.73375,-2.7433,-0.53998,-0.43159,-0.15732,20.526,2.337,-3.7911,0,0,0,6.6219,6.5402,6.4613,6.4112,5.7485,5.1947,16.596,-75.268,30.331,26.28
21.34,-4.575,-6.0857,2.6488,0.13548,0.58195,0.27071,0.75478,-3.2916,0.75738,-2.7804,-0.55444,-0.44303,-0.16813,20.579,2.3905,-3.6239,0,0,0,6.6489,6.5681,6.4946,6.4494,4.9941,5.4912,16.852,-75.608,28.962,24.864
21.35,-4.6069,-6.078,2.6208,0.12994,0.58041,0.26682,0.75832,-3.0856,0.78156,-2.8158,-0.56834,-0.45465,-0.17831,20.626,2.4468,-3.4542,0,0,0,6.6742,6.5945,6.5264,6.4859,4.2364,5.7737,17.093,-75.914,27.524,23.402
21.36,-4.6367,-6.0701,2.5925,0.12458,0.57873,0.26322,0.76175,-2.8791,0.80633,-2.8495,-0.58164,-0.46644,-0.18786,20.664,2.5059,-3.2821,0,0,0,6.6981,6.6195,6.5566,6.5208,3.4759,6.0415,17.319,-76.187,26.022,21.897
21.37,-4.6645,-6.0619,2.5639,0.11936,0.57692,0.25989,0.7651,-2.6723,0.83169,-2.8814,-0.59434,-0.47839,-0.1968,20.695,2.5676,-3.1078,0,0,0,6.7205,6.6432,6.5852,6.554,2.7128,6.294,17.531,-76.426,24.459,20.352
21.38,-4.6902,-6.0535,2.5349,0.11427,0.57498,0.25678,0.76838,-2.4652,0.85769,-2.9116,-0.60641,-0.4905,-0.20513,20.718,2.6317,-2.9315,0,0,0,6.7414,6.6654,6.6123,6.5856,1.9475,6.5305,17.726,-76.632,22.84,18.77
21.39,-4.7138,-6.0448,2.5056,0.10928,0.57292,0.25389,0.7716,-2.258,0.88433,-2.9401,-0.61783,-0.50276,-0.21287,20.734,2.6981,-2.7533,0,0,0,6.7608,6.6862,6.6379,6.6155,1.1803,6.7506,17.906,-76.803,21.169,17.153
21.4,-4.7353,-6.0358,2.4761,0.10439,0.57075,0.25118,0.77476,-2.0506,0.91165,-2.9667,-0.62859,-0.51518,-0.22003,20.742,2.7667,-2.5735,0,0,0,6.7788,6.7056,6.6619,6.6437,0.41155,6.9537,18.069,-76.94,19.45,15.506
21.41,-4.7548,-6.0265,2.4463,0.099586,0.56847,0.24863,0.77789,-1.8431,0.93967,-2.9915,-0.63868,-0.52774,-0.22662,20.742,2.8371,-2.392,0,0,0,6.7953,6.7236,6.6844,6.6703,-0.35839,7.1395,18.216,-77.042,17.688,13.83
21.42,-4.7722,-6.017,2.4163,0.094853,0.56609,0.24623,0.78097,-1.6358,0.9684,-3.0145,-0.64808,-0.54045,-0.23267,20.735,2.9094,-2.2092,0,0,0,6.8103,6.7403,6.7053,6.6953,-1.1292,7.3074,18.346,-77.11,15.886,12.13
21.43,-4.7875,-6.0072,2.386,0.090184,0.56361,0.24396,0.78403,-1.4285,0.99787,-3.0357,-0.6568,-0.55331,-0.23817,20.72,2.9832,-2.0252,0,0,0,6.824,6.7555,6.7247,6.7186,-1.9005,7.4571,18.459,-77.143,14.049,10.408
21.44,-4.8008,-5.997,2.3556,0.085574,0.56103,0.24181,0.78706,-1.2214,1.0281,-3.055,-0.66483,-0.56631,-0.24315,20.697,3.0585,-1.8401,0,0,0,6.8362,6.7693,6.7425,6.7402,-2.6719,7.5882,18.554,-77.141,12.181,8.6669
21.45,-4.812,-5.9866,2.3249,0.081016,0.55835,0.23976,0.79006,-1.0146,1.059,-3.0725,-0.67216,-0.57945,-0.24761,20.666,3.1349,-1.6541,0,0,0,6.847,6.7817,6.7588,6.7603,-3.4432,7.7006,18.632,-77.103,10.286,6.9102
21.46,-4.8211,-5.9758,2.2941,0.076505,0.55558,0.23781,0.79305,-0.80809,1.0908,-3.0881,-0.6788,-0.59274,-0.25159,20.628,3.2124,-1.4675,0,0,0,6.8564,6.7928,6.7735,6.7787,-4.2139,7.7939,18.692,-77.03,8.3677,5.1409
21.47,-4.8281,-5.9648,2.2632,0.07204,0.55272,0.23594,0.79601,-0.60204,1.1233,-3.1019,-0.68474,-0.60616,-0.25508,20.582,3.2908,-1.2804,0,0,0,6.8644,6.8024,6.7867,6.7955,-4.9836,7.8679,18.735,-76.922,6.4313,3.362
21.48,-4.8331,-5.9534,2.2321,0.067617,0.54978,0.23414,0.79897,-0.39648,1.1566,-3.1137,-0.69,-0.61972,-0.2581,20.528,3.3697,-1.0929,0,0,0,6.871,6.8107,6.7984,6.8106,-5.7522,7.9225,18.759,-76.778,4.4807,1.5765
21.49,-4.8361,-5.9416,2.2009,0.063235,0.54674,0.23242,0.80191,-0.1915,1.1907,-3.1237,-0.69457,-0.63342,-0.26067,20.467,3.4491,-0.90522,0,0,0,6.8762,6.8175,6.8085,6.8241,-6.5191,7.9575,18.766,-76.598,2.5198,-0.21243
21.5,-4.8369,-5.9296,2.1696,0.058893,0.54362,0.23075,0.80484,0.012833,1.2256,-3.1318,-0.69846,-0.64725,-0.26281,20.398,3.5288,-0.7176,0,0,0,6.88,6.823,6.8171,6.836,-7.284,7.9728,18.755,-76.382,0.55306,-2.0018
21.51,-4.8358,-5.9171,2.1383,0.054591,0.54041,0.22915,0.80776,0.21643,1.2613,-3.1381,-0.70168,-0.66121,-0.26452,20.321,3.6085,-0.53018,0,0,0,6.8825,6.8271,6.8241,6.8462,-8.0466,7.9685,18.726,-76.13,-1.4155,-3.7885
21.52,-4.8326,-5.9043,2.1069,0.05033,0.53712,0.22759,0.81066,0.41923,1.2977,-3.1424,-0.70423,-0.6753,-0.26583,20.237,3.6881,-0.34314,0,0,0,6.8836,6.8298,6.8295,6.8548,-8.8065,7.9445,18.679,-75.841,-3.3816,-5.5695
21.53,-4.8274,-5.8912,2.0754,0.04611,0.53374,0.22608,0.81356,0.62115,1.335,-3.1449,-0.70614,-0.68953,-0.26675,20.145,3.7674,-0.15665,0,0,0,6.8833,6.831,6.8334,6.8618,-9.5633,7.9009,18.615,-75.515,-5.3411,-7.3418
21.54,-4.8202,-5.8776,2.044,0.041933,0.53027,0.22462,0.81645,0.82211,1.3731,-3.1456,-0.70742,-0.70389,-0.2673,20.046,3.8461,0.029099,0,0,0,6.8817,6.8309,6.8358,6.8672,-10.317,7.8378,18.533,-75.153,-7.2898,-9.1023
21.55,-4.811,-5.8637,2.0125,0.037801,0.52673,0.2232,0.81934,1.022,1.4119,-3.1443,-0.70807,-0.71838,-0.26749,19.939,3.924,0.21394,0,0,0,6.8787,6.8294,6.8366,6.871,-11.066,7.7552,18.433,-74.753,-9.2235,-10.848
21.56,-4.7998,-5.8494,1.9811,0.033714,0.5231,0.22182,0.82221,1.2209,1.4516,-3.1413,-0.70811,-0.73301,-0.26734,19.824,4.0011,0.3977,0,0,0,6.8743,6.8265,6.8359,6.8731,-11.812,7.6533,18.316,-74.316,-11.138,-12.575
21.57,-4.7866,-5.8347,1.9497,0.029676,0.51938,0.22048,0.82508,1.4185,1.492,-3.1364,-0.70756,-0.74777,-0.26687,19.703,4.077,0.5802,0,0,0,6.8686,6.8221,6.8336,6.8736,-12.552,7.5325,18.181,-73.842,-13.029,-14.282
21.58,-4.7714,-5.8195,1.9184,0.025688,0.51559,0.21918,0.82793,1.6149,1.5331,-3.1297,-0.70644,-0.76267,-0.26608,19.573,4.1517,0.76127,0,0,0,6.8616,6.8163,6.8297,6.8725,-13.288,7.3929,18.03,-73.33,-14.893,-15.965
21.59,-4.7543,-5.804,1.8871,0.021753,0.51171,0.21791,0.83078,1.8099,1.575,-3.1212,-0.70477,-0.77772,-0.26501,19.437,4.2248,0.94074,0,0,0,6.8532,6.8092,6.8243,6.8697,-14.019,7.2347,17.862,-72.781,-16.725,-17.62
21.6,-4.7352,-5.788,1.856,0.017874,0.50774,0.21668,0.83362,2.0036,1.6176,-3.1109,-0.70256,-0.79292,-0.26365,19.293,4.2963,1.1185,0,0,0,6.8434,6.8005,6.8173,6.8653,-14.744,7.0585,17.678,-72.193,-18.52,-19.246
21.61,-4.7142,-5.7716,1.8249,0.014052,0.5037,0.21549,0.83645,2.1958,1.6609,-3.0988,-0.69983,-0.80827,-0.26204,19.142,4.366,1.2942,0,0,0,6.8324,6.7905,6.8087,6.8594,-15.463,6.8645,17.477,-71.567,-20.276,-20.838
21.62,-4.6913,-5.7548,1.794,0.01029,0.49957,0.21433,0.83928,2.3864,1.7049,-3.085,-0.69661,-0.82379,-0.26018,18.984,4.4336,1.468,0,0,0,6.8199,6.7791,6.7986,6.8518,-16.175,6.6531,17.261,-70.903,-21.988,-22.393
21.63,-4.6665,-5.7375,1.7632,0.006591,0.49536,0.2132,0.84209,2.5754,1.7496,-3.0695,-0.69292,-0.83948,-0.2581,18.818,4.499,1.6394,0,0,0,6.8062,6.7662,6.7869,6.8425,-16.881,6.4249,17.03,-70.201,-23.651,-23.91
21.64,-4.6398,-5.7198,1.7326,0.0029573,0.49107,0.21211,0.8449,2.7628,1.7949,-3.0522,-0.68878,-0.85536,-0.2558,18.646,4.562,1.8085,0,0,0,6.7912,6.7519,6.7736,6.8317,-17.579,6.1803,16.783,-69.459,-25.261,-25.384
21.65,-4.6112,-5.7016,1.7022,-0.00060871,0.48669,0.21106,0.84769,2.9483,1.8408,-3.0333,-0.68422,-0.87143,-0.25331,18.467,4.6225,1.975,0,0,0,6.7748,6.7361,6.7587,6.8193,-18.27,5.9198,16.522,-68.679,-26.814,-26.812
21.66,-4.5808,-5.683,1.6719,-0.0041048,0.48223,0.21005,0.85048,3.1321,1.8873,-3.0127,-0.67926,-0.88772,-0.25064,18.281,4.6803,2.1389,0,0,0,6.7571,6.7189,6.7423,6.8053,-18.952,5.6442,16.247,-67.86,-28.307,-28.192
21.67,-4.5486,-5.6639,1.6419,-0.0075287,0.47769,0.20907,0.85326,3.3139,1.9344,-2.9905,-0.67392,-0.90423,-0.24781,18.088,4.7353,2.2999,0,0,0,6.7381,6.7003,6.7244,6.7896,-19.627,5.3539,15.958,-67.002,-29.734,-29.521
21.68,-4.5146,-5.6443,1.6121,-0.010878,0.47306,0.20813,0.85602,3.4938,1.982,-2.9667,-0.66823,-0.92098,-0.24483,17.888,4.7874,2.458,0,0,0,6.7178,6.6803,6.7048,6.7724,-20.292,5.0497,15.657,-66.104,-31.092,-30.795
21.69,-4.4787,-5.6243,1.5826,-0.014152,0.46835,0.20723,0.85878,3.6717,2.0301,-2.9414,-0.66221,-0.93799,-0.24173,17.682,4.8363,2.613,0,0,0,6.6963,6.6588,6.6837,6.7537,-20.949,4.7323,15.343,-65.166,-32.376,-32.011
21.7,-4.4411,-5.6037,1.5533,-0.017347,0.46355,0.20636,0.86153,3.8474,2.0787,-2.9145,-0.6559,-0.95528,-0.23851,17.469,4.882,2.7648,0,0,0,6.6734,6.636,6.6611,6.7333,-21.595,4.4025,15.017,-64.189,-33.585,-33.169
21.71,-4.4018,-5.5827,1.5243,-0.020462,0.45867,0.20554,0.86427,4.021,2.1278,-2.8861,-0.64931,-0.97287,-0.23519,17.25,4.9243,2.9133,0,0,0,6.6493,6.6117,6.637,6.7114,-22.232,4.0609,14.68,-63.174,-34.721,-34.269
21.72,-4.3607,-5.5612,1.4956,-0.023496,0.4537,0.20476,0.86699,4.1924,2.1772,-2.8562,-0.64247,-0.99078,-0.23179,17.025,4.9632,3.0584,0,0,0,6.6239,6.586,6.6113,6.6881,-22.859,3.7083,14.332,-62.122,-35.785,-35.312
21.73,-4.3179,-5.5391,1.4672,-0.026446,0.44864,0.20402,0.86971,4.3615,2.227,-2.8249,-0.6354,-1.009,-0.22832,16.793,4.9984,3.1999,0,0,0,6.5973,6.559,6.5841,6.6632,-23.475,3.3454,13.973,-61.033,-36.776,-36.298
21.74,-4.2735,-5.5166,1.4391,-0.029312,0.44349,0.20332,0.87242,4.5283,2.2772,-2.7923,-0.62812,-1.0276,-0.22479,16.555,5.03,3.3378,0,0,0,6.5694,6.5305,6.5555,6.6369,-24.079,2.973,13.606,-59.908,-37.697,-37.229
21.75,-4.2274,-5.4936,1.4114,-0.032092,0.43824,0.20267,0.87512,4.6926,2.3276,-2.7582,-0.62065,-1.0466,-0.22121,16.312,5.0579,3.472,0,0,0,6.5403,6.5007,6.5254,6.6091,-24.673,2.5917,13.229,-58.749,-38.549,-38.106
21.76,-4.1797,-5.4701,1.3839,-0.034786,0.43291,0.20206,0.87781,4.8545,2.3783,-2.7228,-0.61301,-1.066,-0.21761,16.062,5.0818,3.6024,0,0,0,6.5099,6.4696,6.4938,6.5799,-25.254,2.2022,12.844,-57.555,-39.333,-38.928
21.77,-4.1303,-5.446,1.3569,-0.037391,0.42748,0.20149,0.88049,5.0138,2.4292,-2.6862,-0.6052,-1.0859,-0.21397,15.806,5.1019,3.7289,0,0,0,6.4784,6.4371,6.4609,6.5494,-25.824,1.8053,12.451,-56.329,-40.049,-39.698
21.78,-4.0794,-5.4215,1.3302,-0.039907,0.42196,0.20097,0.88316,5.1706,2.4803,-2.6483,-0.59725,-1.1062,-0.21032,15.545,5.1179,3.8514,0,0,0,6.4456,6.4034,6.4265,6.5175,-26.381,1.4015,12.05,-55.071,-40.699,-40.414
21.79,-4.0269,-5.3964,1.3039,-0.042334,0.41633,0.2005,0.88582,5.3247,2.5316,-2.6092,-0.58916,-1.1269,-0.20666,15.279,5.1299,3.9698,0,0,0,6.4117,6.3683,6.3908,6.4843,-26.925,0.99152,11.643,-53.781,-41.283,-41.08
21.8,-3.9729,-5.3708,1.278,-0.044669,0.41061,0.20007,0.88847,5.4761,2.5829,-2.5689,-0.58096,-1.1482,-0.20301,15.007,5.1377,4.0842,0,0,0,6.3766,6.3321,6.3538,6.4498,-27.456,0.57603,11.229,-52.461,-41.804,-41.694
21.81,-3.9174,-5.3448,1.2526,-0.046914,0.40478,0.19968,0.89111,5.6248,2.6343,-2.5275,-0.57264,-1.17,-0.19936,14.73,5.1414,4.1944,0,0,0,6.3405,6.2946,6.3155,6.4141,-27.974,0.15566,10.809,-51.112,-42.261,-42.258
21.82,-3.8604,-5.3182,1.2275,-0.049065,0.39885,0.19935,0.89374,5.7707,2.6857,-2.485,-0.56422,-1.1924,-0.19574,14.448,5.1408,4.3004,0,0,0,6.3032,6.2559,6.276,6.3773,-28.478,-0.26898,10.384,-49.734,-42.657,-42.772
21.83,-3.802,-5.291,1.2029,-0.051124,0.39281,0.19906,0.89636,5.9138,2.7371,-2.4415,-0.55571,-1.2153,-0.19213,14.16,5.136,4.402,0,0,0,6.2649,6.2161,6.2352,6.3392,-28.969,-0.69727,9.9536,-48.328,-42.991,-43.238
21.84,-3.7421,-5.2634,1.1787,-0.053089,0.38666,0.19881,0.89897,6.0539,2.7884,-2.397,-0.54711,-1.2389,-0.18856,13.868,5.1269,4.4994,0,0,0,6.2256,6.1752,6.1932,6.3001,-29.445,-1.1286,9.5191,-46.896,-43.266,-43.656
21.85,-3.6809,-5.2353,1.1549,-0.05496,0.38039,0.19862,0.90157,6.1911,2.8396,-2.3515,-0.53843,-1.2631,-0.18502,13.571,5.1134,4.5924,0,0,0,6.1853,6.1333,6.1502,6.2598,-29.907,-1.5624,9.0806,-45.437,-43.481,-44.026
21.86,-3.6183,-5.2066,1.1316,-0.056735,0.37401,0.19847,0.90416,6.3253,2.8907,-2.3051,-0.52967,-1.2879,-0.18152,13.27,5.0956,4.681,0,0,0,6.144,6.0903,6.106,6.2186,-30.353,-1.998,8.6387,-43.954,-43.639,-44.35
21.87,-3.5544,-5.1775,1.1088,-0.058416,0.36751,0.19837,0.90674,6.4565,2.9415,-2.2579,-0.52085,-1.3134,-0.17808,12.964,5.0735,4.7652,0,0,0,6.1019,6.0463,6.0608,6.1764,-30.786,-2.435,8.1938,-42.446,-43.741,-44.629
21.88,-3.4892,-5.1478,1.0865,-0.06,0.36089,0.19832,0.9093,6.5846,2.9921,-2.2099,-0.51196,-1.3396,-0.17468,12.654,5.0469,4.8449,0,0,0,6.0589,6.0015,6.0146,6.1333,-31.202,-2.8727,7.7463,-40.915,-43.786,-44.863
21.89,-3.4227,-5.1176,1.0646,-0.061488,0.35413,0.19832,0.91185,6.7096,3.0425,-2.161,-0.503,-1.3665,-0.17134,12.34,5.016,4.9201,0,0,0,6.0151,5.9558,5.9675,6.0893,-31.604,-3.3105,7.2967,-39.362,-43.777,-45.052
21.9,-3.355,-5.0869,1.0433,-0.062878,0.34725,0.19837,0.91439,6.8314,3.0925,-2.1115,-0.49398,-1.3941,-0.16807,12.022,4.9807,4.9908,0,0,0,5.9705,5.9093,5.9195,6.0445,-31.99,-3.748,6.8454,-37.788,-43.715,-45.198
21.91,-3.2861,-5.0558,1.0224,-0.064171,0.34024,0.19846,0.91692,6.95,3.1421,-2.0612,-0.4849,-1.4224,-0.16486,11.701,4.9411,5.057,0,0,0,5.9252,5.862,5.8708,5.9989,-32.359,-4.1847,6.3928,-36.192,-43.6,-45.302
21.92,-3.216,-5.0241,1.0021,-0.065365,0.33308,0.1986,0.91942,7.0654,3.1913,-2.0103,-0.47577,-1.4516,-0.16172,11.375,4.897,5.1187,0,0,0,5.8792,5.8141,5.8212,5.9527,-32.713,-4.6199,5.9395,-34.577,-43.433,-45.363
21.93,-3.1448,-4.9919,0.98221,-0.06646,0.32579,0.19879,0.92192,7.1775,3.24,-1.9589,-0.46657,-1.4814,-0.15866,11.047,4.8487,5.1758,0,0,0,5.8327,5.7656,5.771,5.9058,-33.051,-5.0532,5.4857,-32.943,-43.217,-45.384
21.94,-3.0725,-4.9593,0.96288,-0.067456,0.31835,0.19903,0.92439,7.2863,3.2882,-1.9068,-0.45731,-1.5121,-0.15568,10.714,4.796,5.2284,0,0,0,5.7856,5.7165,5.7202,5.8583,-33.372,-5.484,5.0319,-31.291,-42.951,-45.364
21.95,-2.9991,-4.9262,0.94407,-0.068352,0.31076,0.19931,0.92684,7.3918,3.3359,-1.8543,-0.44799,-1.5435,-0.15279,10.379,4.739,5.2764,0,0,0,5.738,5.6669,5.6688,5.8103,-33.677,-5.912,4.5786,-29.622,-42.636,-45.305
21.96,-2.9247,-4.8926,0.92579,-0.069147,0.30301,0.19964,0.92927,7.4939,3.383,-1.8013,-0.43861,-1.5758,-0.14998,10.041,4.6777,5.3199,0,0,0,5.69,5.617,5.617,5.7619,-33.964,-6.3366,4.126,-27.937,-42.275,-45.206
21.97,-2.8492,-4.8585,0.90805,-0.06984,0.29511,0.20001,0.93168,7.5926,3.4294,-1.7479,-0.42916,-1.6087,-0.14726,9.6999,4.6123,5.3589,0,0,0,5.6416,5.5668,5.5648,5.7131,-34.235,-6.7573,3.6746,-26.237,-41.867,-45.07
21.98,-2.7728,-4.824,0.89083,-0.070432,0.28704,0.20043,0.93406,7.6879,3.4752,-1.6942,-0.41965,-1.6425,-0.14463,9.3562,4.5426,5.3934,0,0,0,5.593,5.5163,5.5123,5.664,-34.489,-7.1738,3.2247,-24.522,-41.415,-44.896
21.99,-2.6955,-4.789,0.87416,-0.070921,0.27881,0.2009,0.93641,7.7797,3.5203,-1.6401,-0.41007,-1.677,-0.1421,9.0102,4.4688,5.4234,0,0,0,5.5441,5.4657,5.4596,5.6146,-34.726,-7.5855,2.7768,-22.794,-40.918,-44.686
22,-2.6173,-4.7536,0.85803,-0.071306,0.27041,0.20141,0.93874,7.8681,3.5646,-1.5857,-0.40042,-1.7122,-0.13968,8.6618,4.3909,5.449,0,0,0,5.495,5.4151,5.4068,5.565,-34.945,-7.992,2.3311,-21.053,-40.378,-44.44
22.01,-2.5382,-4.7177,0.84245,-0.071588,0.26184,0.20196,0.94102,7.9529,3.6081,-1.5311,-0.3907,-1.7481,-0.13736,8.3113,4.309,5.4701,0,0,0,5.4458,5.3645,5.354,5.5154,-35.147,-8.3929,1.8881,-19.3,-39.797,-44.158
22.02,-2.4582,-4.6814,0.82741,-0.071765,0.25309,0.20256,0.94327,8.0343,3.6507,-1.4763,-0.3809,-1.7847,-0.13514,7.9589,4.2231,5.4868,0,0,0,5.3967,5.3141,5.3012,5.4657,-35.331,-8.7878,1.4481,-17.536,-39.175,-43.843
22.03,-2.3775,-4.6447,0.81292,-0.071837,0.24415,0.2032,0.94548,8.1121,3.6925,-1.4214,-0.37102,-1.8219,-0.13304,7.6048,4.1333,5.4991,0,0,0,5.3475,5.2639,5.2486,5.416,-35.497,-9.1763,1.0113,-15.763,-38.513,-43.494
22.04,-2.296,-4.6076,0.79898,-0.071803,0.23504,0.20387,0.94765,8.1864,3.7334,-1.3664,-0.36106,-1.8596,-0.13105,7.249,4.0396,5.507,0,0,0,5.2985,5.214,5.1963,5.3665,-35.646,-9.5579,0.57829,-13.98,-37.812,-43.112
22.05,-2.2138,-4.5701,0.7856,-0.071663,0.22574,0.20459,0.94976,8.2571,3.7733,-1.3113,-0.35101,-1.8978,-0.12917,6.8919,3.9421,5.5106,0,0,0,5.2497,5.1646,5.1444,5.3171,-35.777,-9.9324,0.14922,-12.189,-37.074,-42.698
22.06,-2.1309,-4.5321,0.77276,-0.071416,0.21624,0.20534,0.95183,8.3242,3.8122,-1.2562,-0.34088,-1.9365,-0.12742,6.5335,3.841,5.51,0,0,0,5.2011,5.1158,5.093,5.268,-35.89,-10.299,-0.27556,-10.39,-36.299,-42.252
22.07,-2.0473,-4.4938,0.76047,-0.071062,0.20656,0.20613,0.95383,8.3878,3.8501,-1.2011,-0.33065,-1.9755,-0.12578,6.1742,3.7362,5.5051,0,0,0,5.1529,5.0676,5.0422,5.2192,-35.985,-10.658,-0.69573,-8.5857,-35.488,-41.777
22.08,-1.9631,-4.4551,0.74874,-0.0706,0.19668,0.20696,0.95577,8.4477,3.8869,-1.1461,-0.32034,-2.0148,-0.12427,5.8139,3.6278,5.4961,0,0,0,5.1051,5.0202,4.9921,5.1709,-36.062,-11.009,-1.111,-6.7753,-34.643,-41.271
22.09,-1.8783,-4.4161,0.73755,-0.07003,0.18661,0.20781,0.95765,8.504,3.9227,-1.0912,-0.30993,-2.0542,-0.12288,5.453,3.516,5.4829,0,0,0,5.0577,4.9736,4.9428,5.123,-36.12,-11.351,-1.5211,-4.9603,-33.765,-40.736
22.1,-1.793,-4.3767,0.72691,-0.069352,0.17635,0.2087,0.95945,8.5568,3.9572,-1.0364,-0.29943,-2.0936,-0.12162,5.0916,3.4008,5.4657,0,0,0,5.011,4.9281,4.8945,5.0757,-36.161,-11.684,-1.9256,-3.1414,-32.855,-40.174
22.11,-1.7072,-4.3369,0.71682,-0.068566,0.16589,0.20962,0.96117,8.6059,3.9907,-0.98187,-0.28883,-2.1329,-0.12048,4.7298,3.2824,5.4444,0,0,0,4.9648,4.8837,4.8473,5.029,-36.183,-12.008,-2.3244,-1.3196,-31.913,-39.583
22.12,-1.6209,-4.2969,0.70728,-0.067671,0.15524,0.21056,0.9628,8.6514,4.0229,-0.92755,-0.27813,-2.172,-0.11948,4.368,3.1607,5.4192,0,0,0,4.9194,4.8405,4.8013,4.9831,-36.187,-12.322,-2.7172,0.50417,-30.941,-38.966
22.13,-1.5342,-4.2565,0.69827,-0.066669,0.14439,0.21153,0.96434,8.6932,4.0539,-0.8735,-0.26734,-2.2106,-0.1186,4.0061,3.0359,5.3901,0,0,0,4.8748,4.7986,4.7566,4.9379,-36.173,-12.627,-3.1037,2.3291,-29.939,-38.323
22.14,-1.4471,-4.2158,0.6898,-0.065559,0.13336,0.21252,0.96579,8.7315,4.0836,-0.81976,-0.25646,-2.2487,-0.11785,3.6446,2.9082,5.3572,0,0,0,4.831,4.7581,4.7133,4.8936,-36.141,-12.921,-3.4836,4.1544,-28.91,-37.655
22.15,-1.3596,-4.1748,0.68187,-0.064342,0.12214,0.21353,0.96713,8.7661,4.112,-0.76637,-0.24549,-2.286,-0.11724,3.2834,2.7776,5.3205,0,0,0,4.7881,4.7192,4.6716,4.8502,-36.09,-13.205,-3.8567,5.979,-27.854,-36.962
22.16,-1.2718,-4.1336,0.67448,-0.063018,0.11075,0.21456,0.96836,8.7971,4.1391,-0.71337,-0.23444,-2.3224,-0.11675,2.9228,2.6441,5.2801,0,0,0,4.7463,4.6819,4.6315,4.8078,-36.021,-13.478,-4.2227,7.8021,-26.771,-36.245
22.17,-1.1837,-4.092,0.66761,-0.06159,0.099175,0.2156,0.96948,8.8246,4.1649,-0.66078,-0.2233,-2.3577,-0.11639,2.563,2.508,5.236,0,0,0,4.7056,4.6464,4.5932,4.7665,-35.934,-13.74,-4.5815,9.6228,-25.664,-35.506
22.18,-1.0953,-4.0503,0.66126,-0.060058,0.087437,0.21665,0.97047,8.8484,4.1893,-0.60866,-0.21209,-2.3916,-0.11615,2.2042,2.3694,5.1885,0,0,0,4.666,4.6127,4.5568,4.7263,-35.829,-13.991,-4.9328,11.44,-24.533,-34.744
22.19,-1.0067,-4.0083,0.65543,-0.058423,0.075539,0.21771,0.97133,8.8687,4.2123,-0.55702,-0.20081,-2.424,-0.11604,1.8465,2.2283,5.1374,0,0,0,4.6276,4.5808,4.5223,4.6874,-35.705,-14.231,-5.2763,13.253,-23.379,-33.961
22.2,-0.91793,-3.966,0.65012,-0.056688,0.063491,0.21877,0.97206,8.8853,4.2338,-0.50592,-0.18948,-2.4547,-0.11605,1.4902,2.0848,5.083,0,0,0,4.5906,4.551,4.4899,4.6498,-35.564,-14.459,-5.6119,15.062,-22.203,-33.157
22.21,-0.82901,-3.9236,0.64531,-0.054855,0.051304,0.21984,0.97264,8.8985,4.254,-0.45538,-0.17809,-2.4833,-0.11618,1.1353,1.9391,5.0252,0,0,0,4.5549,4.5231,4.4597,4.6135,-35.404,-14.675,-5.9394,16.864,-21.007,-32.333
22.22,-0.73997,-3.881,0.64101,-0.052926,0.038988,0.2209,0.97308,8.9081,4.2726,-0.40543,-0.16667,-2.5098,-0.11642,0.78214,1.7913,4.9642,0,0,0,4.5207,4.4974,4.4317,4.5787,-35.226,-14.879,-6.2585,18.66,-19.791,-31.49
22.23,-0.65086,-3.8381,0.6372,-0.050904,0.026557,0.22197,0.97336,8.9141,4.2898,-0.3561,-0.15522,-2.5339,-0.11676,0.43084,1.6416,4.9001,0,0,0,4.488,4.4738,4.4059,4.5455,-35.031,-15.07,-6.5692,20.447,-18.556,-30.629
22.24,-0.5617,-3.7952,0.63388,-0.048792,0.014025,0.22302,0.97349,8.9167,4.3054,-0.30744,-0.14375,-2.5554,-0.11722,0.08158,1.49,4.8328,0,0,0,4.4569,4.4523,4.3825,4.5138,-34.817,-15.25,-6.8711,22.227,-17.304,-29.75
22.25,-0.47254,-3.752,0.63105,-0.046594,0.0014067,0.22406,0.97346,8.9158,4.3196,-0.25946,-0.13229,-2.5742,-0.11776,-0.26545,1.3366,4.7627,0,0,0,4.4275,4.4331,4.3614,4.4838,-34.586,-15.417,-7.1641,23.996,-16.036,-28.854
22.26,-0.3834,-3.7088,0.62869,-0.044312,-0.011282,0.22509,0.97326,8.9114,4.3322,-0.21219,-0.12085,-2.5899,-0.1184,-0.61009,1.1817,4.6896,0,0,0,4.3998,4.416,4.3427,4.4555,-34.338,-15.57,-7.4481,25.756,-14.752,-27.942
22.27,-0.29432,-3.6654,0.6268,-0.041952,-0.024025,0.2261,0.9729,8.9036,4.3432,-0.16567,-0.10943,-2.6026,-0.11912,-0.95214,1.0253,4.6137,0,0,0,4.374,4.4012,4.3264,4.429,-34.071,-15.712,-7.7229,27.504,-13.454,-27.014
22.28,-0.20534,-3.6219,0.62538,-0.039517,-0.036804,0.22709,0.97237,8.8923,4.3527,-0.11993,-0.098073,-2.612,-0.11992,-1.2915,0.8675,4.5352,0,0,0,4.35,4.3885,4.3126,4.4043,-33.787,-15.839,-7.9883,29.24,-12.142,-26.072
22.29,-0.11649,-3.5784,0.6244,-0.037012,-0.049601,0.22806,0.97168,8.8777,4.3606,-0.074979,-0.086779,-2.6181,-0.12078,-1.6278,0.70852,4.454,0,0,0,4.3279,4.378,4.3011,4.3816,-33.486,-15.954,-8.2443,30.963,-10.819,-25.116
22.3,-0.027795,-3.5347,0.62387,-0.034442,-0.062397,0.22901,0.97081,8.8598,4.3668,-0.030856,-0.07557,-2.6206,-0.12171,-1.9611,0.54846,4.3703,0,0,0,4.3078,4.3696,4.2919,4.3608,-33.168,-16.056,-8.4906,32.672,-9.4838,-24.147
22.31,0.060699,-3.491,0.62378,-0.031811,-0.075174,0.22992,0.96978,8.8385,4.3715,0.012419,-0.064466,-2.6197,-0.12268,-2.2911,0.38745,4.2842,0,0,0,4.2897,4.3633,4.2851,4.342,-32.833,-16.144,-8.7272,34.367,-8.139,-23.165
22.32,0.14896,-3.4473,0.62412,-0.029124,-0.087911,0.23081,0.96858,8.814,4.3746,0.054821,-0.053484,-2.6151,-0.1237,-2.6177,0.22562,4.1958,0,0,0,4.2737,4.359,4.2806,4.3253,-32.481,-16.219,-8.9539,36.045,-6.7851,-22.172
22.33,0.23697,-3.4035,0.62487,-0.026388,-0.10059,0.23166,0.96722,8.7862,4.376,0.096328,-0.042641,-2.607,-0.12475,-2.9407,0.063121,4.1052,0,0,0,4.2598,4.3567,4.2783,4.3106,-32.112,-16.28,-9.1706,37.707,-5.4233,-21.168
22.34,0.32468,-3.3598,0.62604,-0.023606,-0.11319,0.23249,0.9657,8.7552,4.3758,0.13692,-0.031957,-2.5953,-0.12582,-3.2599,-0.099924,4.0124,0,0,0,4.248,4.3563,4.2781,4.2981,-31.727,-16.327,-9.3772,39.352,-4.0546,-20.154
22.35,0.41206,-3.316,0.62761,-0.020785,-0.1257,0.23327,0.96403,8.721,4.374,0.17657,-0.021447,-2.5801,-0.12691,-3.5752,-0.26337,3.9177,0,0,0,4.2383,4.3576,4.2799,4.2876,-31.325,-16.361,-9.5736,40.979,-2.68,-19.13
22.36,0.49909,-3.2723,0.62957,-0.01793,-0.13809,0.23402,0.96221,8.6837,4.3706,0.21526,-0.011128,-2.5613,-0.12801,-3.8864,-0.42709,3.821,0,0,0,4.2308,4.3608,4.2838,4.2793,-30.907,-16.381,-9.7598,42.586,-1.3007,-18.098
22.37,0.58572,-3.2286,0.63191,-0.015046,-0.15034,0.23473,0.96025,8.6433,4.3655,0.25298,-0.0010164,-2.5393,-0.1291,-4.1933,-0.59094,3.7225,0,0,0,4.2254,4.3655,4.2895,4.2731,-30.474,-16.387,-9.9356,44.173,0.082388,-17.058
22.38,0.67194,-3.185,0.63463,-0.012138,-0.16245,0.2354,0.95815,8.5998,4.3588,0.28971,0.0088746,-2.5139,-0.13018,-4.4958,-0.75478,3.6223,0,0,0,4.222,4.3718,4.297,4.2689,-30.024,-16.379,-10.101,45.739,1.4681,-16.011
22.39,0.75771,-3.1414,0.6377,-0.0092117,-0.17439,0.23604,0.95592,8.5534,4.3504,0.32542,0.018531,-2.4855,-0.13125,-4.7937,-0.91847,3.5205,0,0,0,4.2208,4.3796,4.3061,4.2668,-29.559,-16.357,-10.256,47.284,2.8554,-14.958
22.4,0.843,-3.098,0.64113,-0.0062721,-0.18615,0.23663,0.95358,8.504,4.3404,0.36011,0.027942,-2.4541,-0.13229,-5.0869,-1.0819,3.4172,0,0,0,4.2215,4.3887,4.3168,4.2668,-29.078,-16.322,-10.4,48.805,4.2433,-13.899
22.41,0.92778,-3.0546,0.6449,-0.0033239,-0.19772,0.23719,0.95113,8.4517,4.3288,0.39376,0.037096,-2.4199,-0.13329,-5.3752,-1.2449,3.3126,0,0,0,4.2242,4.3991,4.329,4.2686,-28.583,-16.272,-10.534,50.303,5.6306,-12.836
22.42,1.012,-3.0114,0.649,-0.00037175,-0.20907,0.2377,0.94857,8.3965,4.3155,0.42636,0.045983,-2.3831,-0.13426,-5.6585,-1.4073,3.2066,0,0,0,4.2288,4.4106,4.3425,4.2724,-28.072,-16.209,-10.657,51.777,7.0163,-11.768
22.43,1.0957,-2.9683,0.65343,0.0025799,-0.22021,0.23818,0.94592,8.3385,4.3006,0.45789,0.054598,-2.344,-0.13518,-5.9366,-1.569,3.0995,0,0,0,4.2353,4.4233,4.3572,4.278,-27.547,-16.132,-10.769,53.225,8.3995,-10.697
22.44,1.1788,-2.9254,0.65816,0.0055268,-0.23111,0.23862,0.9432,8.2778,4.2841,0.48835,0.062932,-2.3026,-0.13605,-6.2094,-1.7299,2.9912,0,0,0,4.2434,4.4369,4.3731,4.2853,-27.008,-16.041,-10.871,54.647,9.7789,-9.6232
22.45,1.2612,-2.8827,0.66319,0.008465,-0.24178,0.23902,0.94039,8.2143,4.266,0.51771,0.070981,-2.2592,-0.13687,-6.4767,-1.8898,2.8821,0,0,0,4.2532,4.4514,4.3899,4.2942,-26.455,-15.937,-10.962,56.041,11.154,-8.5479
22.46,1.3431,-2.8401,0.66851,0.011391,-0.25219,0.23939,0.93753,8.1483,4.2463,0.54598,0.078742,-2.2141,-0.13763,-6.7385,-2.0486,2.772,0,0,0,4.2645,4.4667,4.4076,4.3047,-25.887,-15.818,-11.042,57.408,12.522,-7.4715
22.47,1.4242,-2.7977,0.6741,0.014301,-0.26235,0.23972,0.93461,8.0796,4.2251,0.57315,0.086213,-2.1673,-0.13832,-6.9944,-2.2061,2.6613,0,0,0,4.2772,4.4827,4.4262,4.3166,-25.306,-15.686,-11.111,58.746,13.884,-6.3948
22.48,1.5046,-2.7556,0.67997,0.017192,-0.27225,0.24001,0.93165,8.0084,4.2022,0.59921,0.093392,-2.1192,-0.13895,-7.2445,-2.3622,2.5499,0,0,0,4.2912,4.4994,4.4453,4.3298,-24.712,-15.541,-11.17,60.054,15.238,-5.3187
22.49,1.5844,-2.7137,0.68608,0.020061,-0.28188,0.24028,0.92866,7.9347,4.1778,0.62415,0.10028,-2.0699,-0.13951,-7.4886,-2.5169,2.4379,0,0,0,4.3064,4.5165,4.4651,4.3441,-24.105,-15.381,-11.217,61.331,16.583,-4.2438
22.5,1.6633,-2.6721,0.69245,0.022905,-0.29125,0.24051,0.92564,7.8586,4.1519,0.64797,0.10688,-2.0196,-0.14,-7.7266,-2.6698,2.3256,0,0,0,4.3226,4.534,4.4853,4.3596,-23.486,-15.209,-11.254,62.576,17.918,-3.1708
22.51,1.7415,-2.6307,0.69904,0.025723,-0.30033,0.24071,0.9226,7.7802,4.1244,0.67066,0.11319,-1.9685,-0.14042,-7.9583,-2.821,2.2129,0,0,0,4.3398,4.5519,4.5059,4.3759,-22.854,-15.023,-11.281,63.79,19.242,-2.1007
22.52,1.8189,-2.5896,0.70586,0.028511,-0.30915,0.24088,0.91956,7.6995,4.0955,0.69222,0.11922,-1.9167,-0.14076,-8.1837,-2.9702,2.1,0,0,0,4.3577,4.5701,4.5267,4.393,-22.21,-14.824,-11.296,64.969,20.554,-1.0341
22.53,1.8955,-2.5488,0.71288,0.031268,-0.31769,0.24103,0.91652,7.6166,4.065,0.71266,0.12497,-1.8644,-0.14104,-8.4025,-3.1174,1.987,0,0,0,4.3762,4.5884,4.5476,4.4108,-21.555,-14.612,-11.301,66.115,21.852,0.028313
22.54,1.9713,-2.5083,0.72011,0.033992,-0.32595,0.24115,0.91348,7.5315,4.0331,0.73196,0.13044,-1.8118,-0.14123,-8.6147,-3.2624,1.874,0,0,0,4.3953,4.6067,4.5687,4.4292,-20.888,-14.387,-11.296,67.225,23.136,1.0857
22.55,2.0461,-2.4681,0.72752,0.036681,-0.33394,0.24125,0.91046,7.4443,3.9998,0.75014,0.13565,-1.7589,-0.14136,-8.8202,-3.4051,1.7611,0,0,0,4.4147,4.6251,4.5896,4.4479,-20.21,-14.149,-11.28,68.3,24.405,2.1372
22.56,2.1201,-2.4283,0.7351,0.039335,-0.34165,0.24133,0.90746,7.3551,3.965,0.76718,0.14059,-1.7059,-0.14141,-9.0189,-3.5454,1.6484,0,0,0,4.4344,4.6433,4.6105,4.4669,-19.522,-13.899,-11.253,69.337,25.657,3.1822
22.57,2.1932,-2.3888,0.74286,0.041952,-0.3491,0.24139,0.90449,7.2639,3.9289,0.78311,0.14528,-1.653,-0.14139,-9.2106,-3.6831,1.5361,0,0,0,4.4542,4.6614,4.6311,4.486,-18.824,-13.636,-11.216,70.337,26.892,4.2199
22.58,2.2654,-2.3497,0.75076,0.044531,-0.35627,0.24142,0.90156,7.1709,3.8914,0.79791,0.14971,-1.6001,-0.1413,-9.3953,-3.8181,1.4241,0,0,0,4.474,4.6792,4.6514,4.5052,-18.116,-13.361,-11.169,71.298,28.108,5.2496
22.59,2.3366,-2.311,0.75881,0.04707,-0.36317,0.24145,0.89866,7.0761,3.8525,0.81159,0.15391,-1.5474,-0.14114,-9.5729,-3.9503,1.3127,0,0,0,4.4937,4.6966,4.6713,4.5242,-17.398,-13.074,-11.111,72.22,29.305,6.2705
22.6,2.4069,-2.2727,0.76699,0.04957,-0.36981,0.24145,0.89581,6.9795,3.8124,0.82416,0.15786,-1.4949,-0.1409,-9.7433,-4.0795,1.2019,0,0,0,4.5131,4.7136,4.6907,4.543,-16.671,-12.775,-11.043,73.101,30.481,7.2817
22.61,2.4762,-2.2347,0.77529,0.05203,-0.37619,0.24144,0.89302,6.8812,3.771,0.83563,0.16159,-1.4427,-0.1406,-9.9063,-4.2057,1.0919,0,0,0,4.5321,4.7301,4.7095,4.5614,-15.936,-12.465,-10.966,73.941,31.636,8.2827
22.62,2.5445,-2.1973,0.7837,0.054448,-0.38231,0.24142,0.89027,6.7814,3.7283,0.846,0.1651,-1.3909,-0.14024,-10.062,-4.3288,0.98266,0,0,0,4.5506,4.746,4.7276,4.5794,-15.193,-12.143,-10.878,74.738,32.767,9.2726
22.63,2.6118,-2.1602,0.79221,0.056825,-0.38818,0.24139,0.88759,6.68,3.6844,0.85529,0.16839,-1.3395,-0.1398,-10.21,-4.4485,0.87436,0,0,0,4.5686,4.7612,4.7451,4.5968,-14.441,-11.809,-10.78,75.493,33.875,10.251
22.64,2.6781,-2.1236,0.8008,0.059159,-0.3938,0.24135,0.88497,6.5772,3.6393,0.86349,0.17148,-1.2885,-0.13931,-10.351,-4.5649,0.76709,0,0,0,4.5858,4.7757,4.7617,4.6135,-13.683,-11.465,-10.673,76.204,34.958,11.216
22.65,2.7434,-2.0874,0.80947,0.061452,-0.39917,0.24131,0.88241,6.473,3.5931,0.87063,0.17436,-1.2379,-0.13875,-10.484,-4.6778,0.66094,0,0,0,4.6022,4.7893,4.7774,4.6294,-12.918,-11.11,-10.556,76.869,36.015,12.168
22.66,2.8076,-2.0517,0.81821,0.063701,-0.4043,0.24126,0.87993,6.3675,3.5458,0.87672,0.17706,-1.1878,-0.13813,-10.609,-4.7871,0.556,0,0,0,4.6177,4.802,4.7921,4.6444,-12.146,-10.745,-10.43,77.489,37.044,13.106
22.67,2.8707,-2.0165,0.827,0.065907,-0.40919,0.2412,0.87752,6.2609,3.4974,0.88176,0.17956,-1.1382,-0.13745,-10.727,-4.8927,0.45238,0,0,0,4.6322,4.8138,4.8058,4.6585,-11.368,-10.37,-10.294,78.063,38.046,14.029
22.68,2.9328,-1.9818,0.83584,0.06807,-0.41385,0.24114,0.87518,6.153,3.4479,0.88577,0.1819,-1.089,-0.13672,-10.836,-4.9945,0.35016,0,0,0,4.6456,4.8245,4.8185,4.6715,-10.585,-9.9842,-10.149,78.589,39.019,14.937
22.69,2.9938,-1.9475,0.84472,0.070188,-0.41828,0.24108,0.87293,6.0441,3.3975,0.88877,0.18405,-1.0403,-0.13593,-10.938,-5.0923,0.24943,0,0,0,4.6578,4.8342,4.8299,4.6833,-9.7963,-9.5892,-9.9952,79.066,39.961,15.828
22.7,3.0537,-1.9138,0.85361,0.072263,-0.42248,0.24101,0.87075,5.9343,3.3461,0.89076,0.18605,-0.99203,-0.13509,-11.032,-5.1862,0.15028,0,0,0,4.6688,4.8426,4.8401,4.6939,-9.0034,-9.1851,-9.8325,79.494,40.872,16.702
22.71,3.1125,-1.8806,0.86253,0.074293,-0.42645,0.24095,0.86865,5.8235,3.2938,0.89178,0.18788,-0.94416,-0.13419,-11.118,-5.276,0.052807,0,0,0,4.6784,4.8499,4.8491,4.7032,-8.2066,-8.7719,-9.6612,79.872,41.751,17.558
22.72,3.1702,-1.8479,0.87145,0.076278,-0.43021,0.24089,0.86664,5.7119,3.2406,0.89182,0.18956,-0.8967,-0.13324,-11.196,-5.3616,-0.042913,0,0,0,4.6867,4.8558,4.8567,4.7111,-7.4062,-8.3501,-9.4814,80.2,42.597,18.396
22.73,3.2267,-1.8158,0.88036,0.078218,-0.43375,0.24084,0.86472,5.5996,3.1866,0.89092,0.19109,-0.84961,-0.13225,-11.267,-5.443,-0.13679,0,0,0,4.6934,4.8604,4.8629,4.7175,-6.6028,-7.9201,-9.2933,80.475,43.408,19.214
22.74,3.2821,-1.7842,0.88926,0.080112,-0.43707,0.24079,0.86289,5.4866,3.1317,0.8891,0.19247,-0.80285,-0.1312,-11.329,-5.52,-0.22875,0,0,0,4.6987,4.8637,4.8677,4.7225,-5.7969,-7.4821,-9.0972,80.697,44.183,20.011
22.75,3.3364,-1.7532,0.89814,0.08196,-0.44018,0.24074,0.86114,5.3731,3.0762,0.88636,0.19372,-0.7564,-0.13011,-11.382,-5.5926,-0.31871,0,0,0,4.7023,4.8655,4.8709,4.7258,-4.989,-7.0365,-8.8932,80.866,44.922,20.788
22.76,3.3896,-1.7227,0.90699,0.083761,-0.44309,0.24071,0.85949,5.259,3.0199,0.88273,0.19484,-0.71021,-0.12897,-11.428,-5.6607,-0.40659,0,0,0,4.7043,4.8658,4.8727,4.7276,-4.1797,-6.5838,-8.6815,80.98,45.624,21.544
22.77,3.4416,-1.6928,0.91579,0.085516,-0.44579,0.24068,0.85792,5.1445,2.963,0.87823,0.19583,-0.66424,-0.12779,-11.466,-5.7242,-0.49232,0,0,0,4.7046,4.8646,4.8729,4.7276,-3.3696,-6.1242,-8.4624,81.038,46.286,22.277
22.78,3.4925,-1.6634,0.92455,0.087222,-0.44828,0.24066,0.85646,5.0297,2.9054,0.87289,0.19669,-0.61844,-0.12656,-11.496,-5.7832,-0.57581,0,0,0,4.7032,4.8619,4.8715,4.7259,-2.5591,-5.6582,-8.236,81.04,46.909,22.986
22.79,3.5422,-1.6347,0.93325,0.088881,-0.45057,0.24066,0.85508,4.9147,2.8473,0.86672,0.19744,-0.57277,-0.1253,-11.517,-5.8374,-0.65701,0,0,0,4.6999,4.8575,4.8685,4.7225,-1.749,-5.1862,-8.0027,80.985,47.491,23.672
22.8,3.5908,-1.6065,0.94188,0.09049,-0.45267,0.24066,0.85381,4.7994,2.7887,0.85976,0.19807,-0.52717,-0.12398,-11.531,-5.8869,-0.73585,0,0,0,4.6949,4.8516,4.8638,4.7173,-0.93964,-4.7085,-7.7627,80.872,48.032,24.333
22.81,3.6382,-1.5789,0.95044,0.09205,-0.45456,0.24068,0.85263,4.6841,2.7296,0.85201,0.19858,-0.48159,-0.12263,-11.536,-5.9315,-0.81225,0,0,0,4.688,4.844,4.8575,4.7102,-0.13173,-4.2257,-7.5161,80.7,48.529,24.969
22.82,3.6845,-1.5519,0.95892,0.093558,-0.45625,0.24072,0.85155,4.5687,2.6701,0.84352,0.19899,-0.43597,-0.12124,-11.533,-5.9714,-0.88615,0,0,0,4.6792,4.8347,4.8494,4.7013,0.67416,-3.7381,-7.2634,80.468,48.982,25.578
22.83,3.7296,-1.5255,0.96731,0.095016,-0.45774,0.24077,0.85057,4.4534,2.6102,0.8343,0.19929,-0.39025,-0.11981,-11.523,-6.0063,-0.95749,0,0,0,4.6685,4.8238,4.8396,4.6905,1.4774,-3.2462,-7.0047,80.175,49.391,26.161
22.84,3.7735,-1.4997,0.9756,0.096421,-0.45904,0.24083,0.8497,4.3383,2.55,0.82438,0.19949,-0.34437,-0.11834,-11.504,-6.0363,-1.0262,0,0,0,4.6559,4.8112,4.8282,4.6777,2.2775,-2.7504,-6.7403,79.821,49.753,26.715
22.85,3.8163,-1.4745,0.98379,0.097772,-0.46014,0.24092,0.84892,4.2234,2.4895,0.81378,0.19959,-0.29827,-0.11683,-11.477,-6.0613,-1.0923,0,0,0,4.6414,4.7969,4.815,4.6631,3.0736,-2.2513,-6.4705,79.404,50.068,27.241
22.86,3.858,-1.4499,0.99188,0.099068,-0.46104,0.24103,0.84825,4.1088,2.4288,0.80254,0.19958,-0.25187,-0.11528,-11.442,-6.0813,-1.1556,0,0,0,4.6249,4.7808,4.8,4.6465,3.8653,-1.7492,-6.1955,78.923,50.335,27.738
22.87,3.8985,-1.4259,0.99984,0.10031,-0.46175,0.24115,0.84769,3.9946,2.3679,0.79068,0.19949,-0.20512,-0.11369,-11.4,-6.0963,-1.2162,0,0,0,4.6065,4.7631,4.7834,4.6279,4.6519,-1.2447,-5.9158,78.378,50.553,28.205
22.88,3.9379,-1.4026,1.0077,0.10149,-0.46225,0.2413,0.84723,3.8808,2.3069,0.77823,0.19929,-0.15793,-0.11207,-11.349,-6.1062,-1.2739,0,0,0,4.5861,4.7436,4.765,4.6075,5.4327,-0.73831,-5.6315,77.768,50.72,28.642
22.89,3.9761,-1.3798,1.0154,0.10262,-0.46255,0.24148,0.84688,3.7676,2.2458,0.76521,0.19901,-0.11024,-0.1104,-11.291,-6.111,-1.3288,0,0,0,4.5637,4.7225,4.7449,4.5851,6.207,-0.23049,-5.3431,77.092,50.836,29.046
22.9,4.0133,-1.3576,1.023,0.10368,-0.46265,0.24168,0.84664,3.655,2.1847,0.75166,0.19863,-0.061969,-0.1087,-11.225,-6.1108,-1.3808,0,0,0,4.5394,4.6997,4.7231,4.5607,6.9743,0.27823,-5.0507,76.349,50.899,29.419
22.91,4.0492,-1.3361,1.0304,0.10468,-0.46254,0.2419,0.84651,3.5431,2.1236,0.73761,0.19816,-0.013041,-0.10697,-11.152,-6.1055,-1.4298,0,0,0,4.5132,4.6752,4.6996,4.5344,7.7338,0.78732,-4.7548,75.539,50.909,29.758
22.92,4.0841,-1.3152,1.0377,0.10562,-0.46223,0.24215,0.8465,3.432,2.0626,0.72308,0.1976,0.036624,-0.10519,-11.071,-6.095,-1.4758,0,0,0,4.4851,4.6491,4.6745,4.5062,8.4848,1.2962,-4.4557,74.659,50.865,30.064
22.93,4.1179,-1.2948,1.0449,0.1065,-0.4617,0.24243,0.84659,3.3217,2.0017,0.7081,0.19695,0.087107,-0.10338,-10.982,-6.0795,-1.5189,0,0,0,4.4551,4.6213,4.6478,4.4762,9.2267,1.8044,-4.1536,73.71,50.764,30.335
22.94,4.1506,-1.2751,1.0519,0.10731,-0.46096,0.24274,0.84681,3.2124,1.941,0.69271,0.19622,0.13849,-0.10153,-10.886,-6.059,-1.5589,0,0,0,4.4232,4.592,4.6195,4.4442,9.9588,2.3113,-3.8491,72.69,50.607,30.571
22.95,4.1821,-1.256,1.0587,0.10804,-0.46,0.24308,0.84714,3.104,1.8805,0.67693,0.19539,0.19086,-0.099648,-10.783,-6.0333,-1.5959,0,0,0,4.3895,4.5611,4.5896,4.4105,10.68,2.8164,-3.5423,71.599,50.393,30.771
22.96,4.2126,-1.2375,1.0654,0.10871,-0.45881,0.24345,0.84759,2.9968,1.8203,0.6608,0.19448,0.2443,-0.097724,-10.672,-6.0026,-1.6298,0,0,0,4.354,4.5288,4.5583,4.3749,11.391,3.319,-3.2338,70.436,50.119,30.934
22.97,4.2421,-1.2196,1.072,0.1093,-0.4574,0.24386,0.84816,2.8906,1.7605,0.64435,0.19347,0.29889,-0.095763,-10.555,-5.9669,-1.6605,0,0,0,4.3167,4.4949,4.5255,4.3377,12.089,3.8186,-2.9238,69.199,49.786,31.059
22.98,4.2705,-1.2023,1.0783,0.10982,-0.45576,0.2443,0.84885,2.7857,1.701,0.6276,0.19238,0.35473,-0.093763,-10.431,-5.9263,-1.6882,0,0,0,4.2778,4.4597,4.4913,4.2987,12.774,4.3145,-2.6127,67.889,49.391,31.146
22.99,4.2978,-1.1856,1.0845,0.11025,-0.45387,0.24478,0.84966,2.682,1.642,0.61059,0.19119,0.4119,-0.091726,-10.3,-5.8807,-1.7128,0,0,0,4.2372,4.4231,4.4557,4.2581,13.446,4.8062,-2.301,66.503,48.935,31.194
23,4.3241,-1.1695,1.0905,0.11061,-0.45175,0.24529,0.8506,2.5797,1.5834,0.59336,0.18991,0.47048,-0.08965,-10.162,-5.8302,-1.7342,0,0,0,4.1951,4.3852,4.4188,4.2159,14.104,5.293,-1.989,65.042,48.415,31.202
23.01,4.3494,-1.1539,1.0964,0.11088,-0.44936,0.24584,0.85167,2.4788,1.5254,0.57592,0.18854,0.53055,-0.087536,-10.018,-5.7748,-1.7526,0,0,0,4.1515,4.3461,4.3808,4.1723,14.747,5.7743,-1.6771,63.504,47.832,31.17
23.02,4.3737,-1.139,1.1021,0.11106,-0.44672,0.24643,0.85286,2.3794,1.4679,0.55831,0.18707,0.5922,-0.085384,-9.867,-5.7147,-1.7678,0,0,0,4.1064,4.3058,4.3416,4.1272,15.374,6.2494,-1.3657,61.888,47.183,31.096
23.03,4.397,-1.1246,1.1075,0.11116,-0.44381,0.24707,0.85418,2.2815,1.4111,0.54057,0.1855,0.6555,-0.083193,-9.7101,-5.6499,-1.7799,0,0,0,4.0601,4.2645,4.3013,4.0808,15.984,6.7177,-1.0553,60.194,46.468,30.981
23.04,4.4193,-1.1107,1.1129,0.11116,-0.44063,0.24774,0.85564,2.1852,1.355,0.52273,0.18383,0.72052,-0.080964,-9.5473,-5.5804,-1.7889,0,0,0,4.0125,4.2221,4.26,4.0331,16.578,7.1785,-0.74624,58.421,45.686,30.822
23.05,4.4407,-1.0975,1.118,0.11106,-0.43716,0.24845,0.85722,2.0906,1.2995,0.50481,0.18205,0.78732,-0.078698,-9.3787,-5.5063,-1.7948,0,0,0,3.9639,4.1788,4.2177,3.9843,17.153,7.6312,-0.439,56.567,44.835,30.62
23.06,4.4611,-1.0847,1.123,0.11086,-0.4334,0.24921,0.85893,1.9976,1.2449,0.48684,0.18018,0.85596,-0.076394,-9.2043,-5.4278,-1.7977,0,0,0,3.9142,4.1346,4.1747,3.9346,17.709,8.075,-0.134,54.632,43.915,30.373
23.07,4.4807,-1.0726,1.1277,0.11056,-0.42934,0.25001,0.86078,1.9065,1.191,0.46886,0.17819,0.92646,-0.074053,-9.0246,-5.3449,-1.7975,0,0,0,3.8637,4.0897,4.1308,3.8839,18.245,8.5093,0.16831,52.616,42.925,30.081
23.08,4.4993,-1.0609,1.1323,0.11015,-0.42496,0.25086,0.86276,1.8172,1.138,0.4509,0.17608,0.99886,-0.071677,-8.8395,-5.2576,-1.7943,0,0,0,3.8124,4.0441,4.0863,3.8325,18.761,8.9333,0.46747,50.516,41.863,29.743
23.09,4.517,-1.0498,1.1368,0.10963,-0.42026,0.25175,0.86486,1.7297,1.0858,0.43299,0.17386,1.0732,-0.069265,-8.6494,-5.1662,-1.7882,0,0,0,3.7607,3.9979,4.0412,3.7805,19.255,9.3463,0.76302,48.333,40.728,29.359
23.1,4.5339,-1.0392,1.141,0.10899,-0.41522,0.25268,0.8671,1.6442,1.0347,0.41515,0.17152,1.1493,-0.06682,-8.4545,-5.0707,-1.7791,0,0,0,3.7085,3.9512,3.9956,3.728,19.727,9.7476,1.0545,46.065,39.52,28.927
23.11,4.5499,-1.0291,1.1451,0.10823,-0.40985,0.25366,0.86946,1.5606,0.98445,0.39741,0.16905,1.2274,-0.064343,-8.2549,-4.9713,-1.7671,0,0,0,3.6561,3.904,3.9495,3.6753,20.176,10.136,1.3414,43.711,38.237,28.448
23.12,4.5651,-1.0195,1.1489,0.10735,-0.40412,0.25469,0.87195,1.4791,0.93525,0.37981,0.16645,1.3072,-0.061836,-8.051,-4.8681,-1.7523,0,0,0,3.6036,3.8565,3.9031,3.6226,20.601,10.512,1.6233,41.271,36.878,27.919
23.13,4.5795,-1.0104,1.1527,0.10635,-0.39803,0.25575,0.87456,1.3996,0.8871,0.36238,0.16372,1.3886,-0.059301,-7.843,-4.7611,-1.7347,0,0,0,3.5514,3.8088,3.8565,3.57,21.001,10.874,1.8996,38.744,35.443,27.34
23.14,4.5931,-1.0018,1.1562,0.10521,-0.39156,0.25686,0.87729,1.3223,0.84004,0.34513,0.16085,1.4715,-0.056743,-7.6311,-4.6506,-1.7143,0,0,0,3.4996,3.7609,3.8096,3.5177,21.376,11.221,2.1699,36.128,33.929,26.711
23.15,4.6059,-0.99359,1.1596,0.10394,-0.38471,0.25802,0.88013,1.247,0.7941,0.3281,0.15783,1.5558,-0.054164,-7.4156,-4.5368,-1.6913,0,0,0,3.4485,3.7129,3.7626,3.466,21.723,11.552,2.4337,33.424,32.337,26.031
23.16,4.618,-0.98587,1.1628,0.10253,-0.37747,0.25921,0.88307,1.174,0.74931,0.31131,0.15467,1.6411,-0.051569,-7.1967,-4.4196,-1.6656,0,0,0,3.3982,3.6648,3.7155,3.4152,22.044,11.867,2.6904,30.629,30.664,25.299
23.17,4.6294,-0.9786,1.1658,0.10098,-0.36983,0.26044,0.88611,1.1031,0.70571,0.2948,0.15135,1.7271,-0.048961,-6.9748,-4.2995,-1.6375,0,0,0,3.3491,3.6168,3.6684,3.3654,22.336,12.165,2.9395,27.743,28.911,24.515
23.18,4.6401,-0.97175,1.1687,0.099288,-0.36179,0.26171,0.88924,1.0345,0.66333,0.27857,0.14789,1.8136,-0.046348,-6.7501,-4.1764,-1.6069,0,0,0,3.3015,3.569,3.6214,3.3171,22.598,12.445,3.1805,24.766,27.075,23.677
23.19,4.6501,-0.96533,1.1714,0.097452,-0.35335,0.26302,0.89245,0.96811,0.6222,0.26267,0.14426,1.8999,-0.043734,-6.5229,-4.0506,-1.5739,0,0,0,3.2556,3.5212,3.5745,3.2703,22.831,12.706,3.4128,21.697,25.156,22.784
23.2,4.6595,-0.95931,1.1739,0.095469,-0.34449,0.26435,0.89573,0.90403,0.58233,0.2471,0.14047,1.9857,-0.041126,-6.2936,-3.9223,-1.5387,0,0,0,3.2118,3.4738,3.5277,3.2256,23.032,12.948,3.636,18.533,23.153,21.837
23.21,4.6682,-0.95368,1.1763,0.09334,-0.33522,0.26571,0.89906,0.84225,0.54376,0.2319,0.13653,2.0703,-0.038533,-6.0624,-3.7917,-1.5012,0,0,0,3.1703,3.4266,3.481,3.183,23.201,13.169,3.8494,15.276,21.065,20.834
23.22,4.6763,-0.94843,1.1785,0.091064,-0.32555,0.26709,0.90243,0.78279,0.5065,0.21708,0.13242,2.1532,-0.035961,-5.8297,-3.659,-1.4617,0,0,0,3.1314,3.3798,3.4347,3.143,23.337,13.369,4.0525,11.923,18.89,19.775
23.23,4.6839,-0.94354,1.1806,0.088644,-0.31548,0.26849,0.90583,0.72566,0.47058,0.20267,0.12816,2.2335,-0.033421,-5.5958,-3.5244,-1.4202,0,0,0,3.0953,3.3334,3.3886,3.1057,23.439,13.547,4.2447,8.4735,16.628,18.658
23.24,4.6908,-0.93901,1.1826,0.08608,-0.30502,0.2699,0.90923,0.67087,0.43602,0.18869,0.12374,2.3105,-0.03092,-5.361,-3.3882,-1.3769,0,0,0,3.0625,3.2875,3.3428,3.0715,23.506,13.701,4.4254,4.9274,14.277,17.483
23.25,4.6973,-0.93482,1.1844,0.083377,-0.29419,0.27132,0.91263,0.61844,0.40282,0.17514,0.11917,2.3833,-0.02847,-5.1258,-3.2505,-1.3317,0,0,0,3.033,3.2421,3.2975,3.0406,23.537,13.832,4.5942,1.2833,11.837,16.25
23.26,4.7032,-0.93095,1.1861,0.08054,-0.283,0.27274,0.91599,0.56836,0.37101,0.16206,0.11446,2.4511,-0.026079,-4.8904,-3.1116,-1.285,0,0,0,3.0071,3.1975,3.2526,3.0133,23.532,13.938,4.7502,-2.4595,9.306,14.957
23.27,4.7087,-0.92739,1.1877,0.077575,-0.27148,0.27416,0.9193,0.52063,0.34059,0.14945,0.10962,2.513,-0.023758,-4.6553,-2.9718,-1.2368,0,0,0,2.9849,3.1536,3.2083,2.9896,23.488,14.018,4.8931,-6.3021,6.6835,13.604
23.28,4.7136,-0.92413,1.1891,0.074491,-0.25966,0.27556,0.92255,0.47525,0.31158,0.13732,0.10465,2.568,-0.021518,-4.4208,-2.8314,-1.1872,0,0,0,2.9667,3.1106,3.1647,2.9697,23.405,14.071,5.0221,-10.245,3.9682,12.189
23.29,4.7182,-0.92116,1.1904,0.071296,-0.24756,0.27695,0.9257,0.43221,0.28397,0.12571,0.099579,2.6152,-0.019367,-4.1873,-2.6905,-1.1364,0,0,0,2.9523,3.0687,3.122,2.9537,23.283,14.097,5.1367,-14.29,1.1591,10.713
23.3,4.7223,-0.91845,1.1916,0.068002,-0.23523,0.27832,0.92875,0.3915,0.25777,0.1146,0.094416,2.6538,-0.017314,-3.9553,-2.5495,-1.0845,0,0,0,2.9419,3.028,3.0803,2.9416,23.119,14.094,5.2362,-18.437,-1.7448,9.1748
23.31,4.726,-0.916,1.1927,0.064621,-0.22272,0.27965,0.93167,0.3531,0.23298,0.10402,0.089181,2.6829,-0.01537,-3.7251,-2.4087,-1.0317,0,0,0,2.9354,2.9887,3.0398,2.9334,22.914,14.062,5.32,-22.687,-4.7446,7.573
23.32,4.7294,-0.91378,1.1937,0.061167,-0.21005,0.28095,0.93445,0.31699,0.20959,0.093969,0.083895,2.7018,-0.01354,-3.4971,-2.2684,-0.97817,0,0,0,2.9326,2.951,3.0008,2.9289,22.665,13.999,5.3874,-27.041,-7.8414,5.9072
23.33,4.7324,-0.9118,1.1946,0.057655,-0.1973,0.28221,0.93707,0.28315,0.18761,0.084457,0.078581,2.7099,-0.011831,-3.2719,-2.1288,-0.92403,0,0,0,2.9334,2.9152,2.9633,2.9281,22.372,13.904,5.4379,-31.501,-11.036,4.1766
23.34,4.735,-0.91003,1.1954,0.054103,-0.1845,0.28342,0.93952,0.25154,0.16701,0.07549,0.073263,2.7067,-0.010247,-3.0498,-1.9904,-0.86947,0,0,0,2.9375,2.8815,2.9278,2.9306,22.035,13.778,5.4707,-36.066,-14.33,2.3804
23.35,4.7374,-0.90845,1.1961,0.050526,-0.17173,0.28458,0.94179,0.22214,0.14779,0.067069,0.067967,2.6918,-0.0087932,-2.8314,-1.8534,-0.81467,0,0,0,2.9446,2.85,2.8944,2.9363,21.651,13.617,5.4853,-40.738,-17.724,0.51787
23.36,4.7395,-0.90707,1.1967,0.046944,-0.15902,0.28569,0.94387,0.1949,0.12994,0.059196,0.062719,2.6651,-0.0074695,-2.617,-1.7182,-0.75982,0,0,0,2.9545,2.8209,2.8633,2.9448,21.219,13.423,5.4809,-45.518,-21.22,-1.4117
23.37,4.7413,-0.90585,1.1973,0.043373,-0.14645,0.28674,0.94575,0.16978,0.11342,0.051872,0.057545,2.6265,-0.0062762,-2.4071,-1.5851,-0.70512,0,0,0,2.9668,2.7944,2.8346,2.9559,20.74,13.193,5.4568,-50.406,-24.817,-3.4091
23.38,4.7429,-0.90479,1.1978,0.039835,-0.13407,0.28774,0.94744,0.14674,0.098229,0.045093,0.052471,2.5761,-0.0052115,-2.2024,-1.4544,-0.65076,0,0,0,2.9811,2.7707,2.8086,2.9692,20.211,12.926,5.4125,-55.403,-28.518,-5.4751
23.39,4.7443,-0.90388,1.1982,0.036346,-0.12195,0.28868,0.94893,0.12572,0.084326,0.038855,0.047524,2.5141,-0.0042718,-2.0031,-1.3267,-0.59694,0,0,0,2.9971,2.7498,2.7854,2.9844,19.632,12.622,5.3471,-60.511,-32.323,-7.6104
23.4,4.7454,-0.9031,1.1985,0.032925,-0.11013,0.28956,0.95023,0.10666,0.071684,0.033152,0.042727,2.4409,-0.0034522,-1.8099,-1.2021,-0.54389,0,0,0,3.0145,2.7317,2.7649,3.001,19,12.279,5.26,-65.73,-36.234,-9.8158
23.41,4.7464,-0.90244,1.1989,0.029591,-0.098678,0.29039,0.95135,0.089499,0.060271,0.027974,0.038105,2.3569,-0.0027464,-1.6233,-1.0812,-0.49181,0,0,0,3.0329,2.7163,2.7472,3.019,18.317,11.897,5.1505,-71.062,-40.251,-12.092
23.42,4.7472,-0.90189,1.1991,0.02636,-0.087642,0.29116,0.95229,0.07417,0.050047,0.023311,0.033677,2.2627,-0.0021469,-1.4437,-0.96433,-0.44095,0,0,0,3.052,2.7036,2.7321,3.0378,17.579,11.474,5.0179,-76.506,-44.376,-14.44
23.43,4.7479,-0.90144,1.1993,0.023249,-0.077073,0.29188,0.95306,0.060599,0.04097,0.01915,0.029465,2.1588,-0.0016454,-1.2719,-0.85188,-0.39154,0,0,0,3.0716,2.6934,2.7195,3.0573,16.786,11.009,4.8615,-82.064,-48.61,-16.86
23.44,4.7484,-0.90107,1.1995,0.020275,-0.067017,0.29255,0.95368,0.048706,0.032993,0.015475,0.025486,2.0458,-0.001233,-1.1082,-0.74429,-0.34381,0,0,0,3.0915,2.6854,2.7092,3.0773,15.937,10.501,4.6805,-87.736,-52.953,-19.353
23.45,4.7489,-0.90078,1.1996,0.017451,-0.05752,0.29318,0.95417,0.038405,0.026066,0.012268,0.021755,1.9244,-0.00090027,-0.95332,-0.642,-0.29801,0,0,0,3.1113,2.6794,2.701,3.0975,15.031,9.9496,4.4742,-93.525,-57.407,-21.921
23.46,4.7492,-0.90055,1.1997,0.014793,-0.048621,0.29376,0.95453,0.029608,0.020134,0.0095074,0.018287,1.7949,-0.00063761,-0.80779,-0.54545,-0.25441,0,0,0,3.1311,2.675,2.6944,3.1177,14.066,9.3528,4.2418,-99.43,-61.972,-24.562
23.47,4.7495,-0.90037,1.1998,0.012313,-0.040359,0.29431,0.95478,0.022217,0.015137,0.0071712,0.015093,1.658,-0.00043549,-0.6722,-0.45509,-0.21326,0,0,0,3.1506,2.6718,2.6891,3.1379,13.042,8.7098,3.9827,-105.45,-66.651,-27.28
23.48,4.7496,-0.90024,1.1999,0.010025,-0.032769,0.29483,0.95493,0.016129,0.01101,0.0052331,0.012183,1.5139,-0.00028461,-0.54715,-0.37141,-0.17485,0,0,0,3.1697,2.6695,2.6848,3.1578,11.957,8.0194,3.696,-111.59,-71.443,-30.073
23.49,4.7498,-0.90015,1.1999,0.0079411,-0.025886,0.29532,0.95501,0.011236,0.0076846,0.0036643,0.0095671,1.3631,-0.00017607,-0.43327,-0.29487,-0.13944,0,0,0,3.1884,2.6676,2.6809,3.1775,10.81,7.2806,3.381,-117.85,-76.351,-32.943
23.5,4.7499,-0.90008,1.2,0.0060723,-0.019741,0.29579,0.95503,0.0074243,0.005087,0.0024333,0.0072523,1.2056,-0.00010152,-0.33117,-0.22596,-0.10732,0,0,0,3.2066,2.6657,2.6771,3.1967,9.5994,6.492,3.0369,-124.23,-81.374,-35.891
23.51,4.7499,-0.90004,1.2,0.0044306,-0.014366,0.29624,0.955,0.0045716,0.0031383,0.0015058,0.0052458,1.0417,-5.3306e-05,-0.24149,-0.16519,-0.0788,0,0,0,3.2242,2.6633,2.6729,3.2156,8.3246,5.6527,2.6629,-130.73,-86.515,-38.918
23.52,4.75,-0.90002,1.2,0.0030278,-0.0097919,0.29667,0.95492,0.0025508,0.0017543,0.00084435,0.0035538,0.87112,-2.4555e-05,-0.16489,-0.11308,-0.054169,0,0,0,3.2413,2.6599,2.6677,3.234,6.9843,4.7613,2.2582,-137.35,-91.774,-42.023
23.53,4.75,-0.90001,1.2,0.0018757,-0.0060503,0.2971,0.95483,0.0012279,0.00084605,0.00040844,0.0021824,0.69377,-9.2957e-06,-0.10203,-0.070145,-0.033741,0,0,0,3.2578,2.6551,2.6612,3.252,5.5771,3.8168,1.8221,-144.1,-97.152,-45.209
23.54,4.75,-0.9,1.2,0.0031148,-0.0011597,-0.57364,0.8191,0.00046216,0.00031902,0.00015447,-0.49307,-0.12749,-2.5367e-06,-0.053579,-0.036926,-0.017834,0,0,0,2.5839,3.3384,2.7365,3.1859,4.1019,2.8179,1.3538,-150.97,-102.65,-48.475
23.55,4.75,-0.9,1.2,0.0011759,-0.00043626,-0.57364,0.81911,0.00010602,7.3316e-05,3.5604e-05,-0.30696,-0.079942,-3.5803e-07,-0.020224,-0.013972,-0.0067749,0,0,0,2.5705,3.3584,2.7318,3.1971,2.5573,1.7634,0.85237,-157.96,-108.27,-51.822
23.56,4.75,-0.9,1.2,0.00015516,-5.7367e-05,-0.57364,0.81911,5.0227e-06,3.4797e-06,1.6947e-06,-0.11305,-0.029647,-6.1746e-09,-0.0026671,-0.0018471,-0.00089909,0,0,0,2.5541,3.3783,2.7248,3.2076,0.94223,0.6521,0.31707,-165.08,-114.01,-55.252
23.566,4.75,-0.9,1.2,2.4938e-15,-3.5609e-15,-0.57364,0.81911,-7.1054e-15,2.8422e-14,2.8422e-14,-1.4213e-13,-3.4647e-14,3.5279e-28,-8.5265e-14,0,-2.8422e-14,0,0,0,2.5434,3.3896,2.7198,3.2132,1.1937e-12,7.9581e-13,5.6843e-13,-169.15,-117.3,-57.223
