t,p_x,p_y,p_z,q_w,q_x,q_y,q_z,v_x,v_y,v_z,w_x,w_y,w_z,a_lin_x,a_lin_y,a_lin_z,a_rot_x,a_rot_y,a_rot_z,u_1,u_2,u_3,u_4,jerk_x,jerk_y,jerk_z,snap_x,snap_y,snap_z
0,0,0,1.5,-0,0,-0.015338,0.99988,0,0,0,0,0,0,0,0,0,0,0,0,1.5771,2.5908,2.5907,1.5771,0,0,0,2107.6,-64.854,-369.18
0.01,8.6112e-07,-2.6425e-08,1.5,7.965e-05,0.0052107,-0.015338,0.99987,0.00034276,-1.0511e-05,-5.9337e-05,-0.00024652,2.0537,-7.0723e-07,0.10198,-0.003124,-0.017584,0,0,0,1.6174,2.5432,2.5435,1.6171,20.061,-0.61318,-3.4307,1906,-57.88,-317.45
0.02,1.3509e-05,-4.135e-07,1.5,0.00030831,0.020254,-0.015277,0.99968,0.0026751,-8.1784e-05,-0.00045755,-0.00069143,3.9387,-9.2175e-06,0.39464,-0.012041,-0.066938,0,0,0,1.6457,2.4971,2.4975,1.6453,38.149,-1.1595,-6.3589,1713.1,-51.485,-268.68
0.03,6.7049e-05,-2.0476e-06,1.5,0.00067185,0.044314,-0.015223,0.9989,0.0088067,-0.0002685,-0.0014877,-0.0012692,5.6634,-3.65e-05,0.85868,-0.026111,-0.14318,0,0,0,1.676,2.4472,2.4476,1.6755,54.352,-1.6448,-8.8138,1528.9,-45.653,-222.79
0.04,0.00020773,-6.3308e-06,1.5,0.0011561,0.076488,-0.015158,0.99695,0.020358,-0.00061923,-0.0033955,-0.0017388,7.1948,-8.4117e-05,1.4757,-0.044751,-0.24173,0,0,0,1.7236,2.3897,2.39,1.7232,68.755,-2.0744,-10.824,1353.1,-40.367,-179.72
0.05,0.00049711,-1.5123e-05,1.4999,0.0017432,0.11557,-0.015071,0.99318,0.038771,-0.001177,-0.0063823,-0.0018955,8.4626,-0.00013109,2.228,-0.067432,-0.35828,0,0,0,1.8022,2.3237,2.3238,1.8019,81.441,-2.4539,-12.417,1185.5,-35.61,-139.41
0.06,0.0010103,-3.0688e-05,1.4998,0.0024096,0.1599,-0.014955,0.98702,0.065315,-0.0019798,-0.010608,-0.0015436,9.3789,-0.00012448,3.099,-0.093679,-0.48878,0,0,0,1.9185,2.255,2.2549,1.9187,92.492,-2.7883,-13.621,1026.1,-31.366,-101.78
0.07,0.0018342,-5.5647e-05,1.4997,0.003126,0.20738,-0.014806,0.97814,0.10109,-0.003061,-0.016192,-0.00052226,9.8721,2.1147e-05,4.0727,-0.12307,-0.62949,0,0,0,2.0698,2.1972,2.1971,2.0707,101.99,-3.0828,-14.462,874.66,-27.616,-66.77
0.08,0.0030661,-9.2935e-05,1.4995,0.0038606,0.25569,-0.014623,0.96664,0.14706,-0.0044503,-0.02322,0.001268,9.9215,0.00041184,5.1339,-0.15522,-0.77689,0,0,0,2.2449,2.1692,2.1691,2.2468,110.01,-3.3423,-14.965,730.97,-24.346,-34.311
0.09,0.0048121,-0.00014577,1.4992,0.0045842,0.30262,-0.014414,0.95299,0.20402,-0.0061735,-0.031741,0.0038541,9.5726,0.0011532,6.2683,-0.18981,-0.92775,0,0,0,2.4305,2.1877,2.1879,2.4335,116.63,-3.5713,-15.156,594.89,-21.537,-4.3359
0.1,0.0071853,-0.0002176,1.4989,0.0052752,0.34644,-0.014188,0.93795,0.27262,-0.0082537,-0.041776,0.0071995,8.924,0.0023297,7.4622,-0.22656,-1.0791,0,0,0,2.6173,2.2614,2.262,2.6216,121.93,-3.7745,-15.06,466.27,-19.174,23.223
0.11,0.010305,-0.0003121,1.4984,0.0059218,0.38606,-0.013955,0.92235,0.35342,-0.010711,-0.053315,0.01123,8.0942,0.0039943,8.7028,-0.26523,-1.2281,0,0,0,2.8027,2.3888,2.3899,2.8081,125.98,-3.9562,-14.7,344.93,-17.239,48.432
0.12,0.014296,-0.00043314,1.4978,0.0065219,0.42103,-0.013724,0.90692,0.4468,-0.013564,-0.066321,0.015863,7.1908,0.00617,9.9779,-0.30562,-1.3723,0,0,0,2.9886,2.5615,2.5632,2.9952,128.86,-4.1206,-14.099,230.71,-15.716,71.36
0.13,0.019284,-0.00058475,1.4971,0.0070807,0.45134,-0.013499,0.89222,0.55305,-0.016829,-0.080736,0.021023,6.2931,0.0088585,11.276,-0.3476,-1.5093,0,0,0,3.1786,2.7683,2.7706,3.1862,130.62,-4.2718,-13.28,123.45,-14.587,92.073
0.14,0.0254,-0.00077114,1.4962,0.0076083,0.47731,-0.013284,0.8786,0.67236,-0.020521,-0.096477,0.026656,5.4503,0.012051,12.587,-0.39103,-1.6372,0,0,0,3.3753,2.9984,3.0014,3.384,131.35,-4.4137,-12.265,22.969,-13.836,110.64
0.15,0.032775,-0.00099664,1.4951,0.0081168,0.49939,-0.013076,0.86624,0.8048,-0.024654,-0.11344,0.032726,4.6868,0.015737,13.9,-0.43585,-1.754,0,0,0,3.5798,3.2433,3.2469,3.5895,131.1,-4.5498,-11.074,-70.885,-13.447,127.12
0.16,0.04154,-0.0012657,1.4939,0.0086197,0.51807,-0.012874,0.8552,0.95034,-0.029242,-0.13152,0.039216,4.0103,0.019908,15.206,-0.48202,-1.8582,0,0,0,3.7914,3.4961,3.5004,3.8021,129.95,-4.6837,-9.7288,-158.28,-13.402,141.6
0.17,0.051825,-0.001583,1.4925,0.00913,0.53383,-0.012672,0.84545,1.1089,-0.034299,-0.15056,0.046123,3.4186,0.024562,16.496,-0.52953,-1.9481,0,0,0,4.0086,3.7521,3.757,4.0203,127.96,-4.8189,-8.2486,-239.39,-13.685,154.12
0.18,0.06376,-0.0019533,1.4909,0.0096604,0.54709,-0.012468,0.83692,1.2802,-0.039837,-0.17043,0.053452,2.9045,0.029703,17.763,-0.57841,-2.0227,0,0,0,4.2293,4.0073,4.0129,4.242,125.18,-4.9585,-6.6525,-314.36,-14.278,164.77
0.19,0.07747,-0.0023814,1.4891,0.010223,0.55824,-0.012254,0.82953,1.464,-0.045872,-0.19096,0.061217,2.4588,0.035342,18.997,-0.62872,-2.0809,0,0,0,4.4509,4.2592,4.2655,4.4647,121.69,-5.1054,-4.9592,-383.38,-15.165,173.61
0.2,0.09308,-0.0028725,1.4871,0.01083,0.56757,-0.012027,0.82317,1.66,-0.052417,-0.21199,0.069439,2.0721,0.041496,20.194,-0.68055,-2.1217,0,0,0,4.6712,4.5054,4.5124,4.6861,117.54,-5.2627,-3.1862,-446.6,-16.33,180.7
0.21,0.11071,-0.0034315,1.4848,0.011491,0.57536,-0.011779,0.81774,1.8677,-0.059488,-0.23333,0.078142,1.7356,0.048188,21.346,-0.73402,-2.1444,0,0,0,4.888,4.7441,4.7518,4.904,112.78,-5.4329,-1.3507,-504.19,-17.755,186.12
0.22,0.13047,-0.004064,1.4824,0.012217,0.58181,-0.011507,0.81315,2.0868,-0.067103,-0.25481,0.087354,1.4414,0.055447,22.448,-0.78926,-2.1485,0,0,0,5.0992,4.9738,4.9822,5.1164,107.47,-5.6186,0.53088,-556.32,-19.424,189.93
0.23,0.15248,-0.0047755,1.4797,0.013018,0.58711,-0.011204,0.80933,2.3165,-0.07528,-0.27624,0.097106,1.1827,0.063306,23.494,-0.84645,-2.1337,0,0,0,5.3031,5.1931,5.2024,5.3216,101.67,-5.8221,2.4428,-603.14,-21.319,192.2
0.24,0.17684,-0.0055716,1.4769,0.013904,0.5914,-0.010866,0.80619,2.5564,-0.084039,-0.29742,0.10743,0.95368,0.071803,24.48,-0.90577,-2.0996,0,0,0,5.498,5.4011,5.4112,5.5179,95.425,-6.0457,4.3699,-644.83,-23.425,192.99
0.25,0.20364,-0.0064583,1.4738,0.014884,0.5948,-0.010488,0.80367,2.8059,-0.093404,-0.31817,0.11837,0.74937,0.080984,25.401,-0.96744,-2.0463,0,0,0,5.6826,5.5967,5.6077,5.704,88.789,-6.2913,6.2978,-681.56,-25.724,192.37
0.26,0.23298,-0.0074418,1.4705,0.015967,0.59741,-0.010066,0.80171,3.0642,-0.1034,-0.33828,0.12997,0.56564,0.090895,26.254,-1.0317,-1.9737,0,0,0,5.8558,5.779,5.791,5.8789,81.81,-6.5608,8.2128,-713.48,-28.199,190.41
0.27,0.26495,-0.0085284,1.467,0.017161,0.59931,-0.0095955,0.80027,3.3307,-0.11405,-0.35758,0.14227,0.399,0.10159,27.036,-1.0987,-1.8821,0,0,0,6.0166,5.9475,5.9605,6.0414,74.535,-6.8558,10.102,-740.76,-30.835,187.19
0.28,0.29962,-0.009725,1.4634,0.018477,0.60057,-0.0090726,0.79931,3.6047,-0.12538,-0.37586,0.15532,0.24648,0.11313,27.744,-1.1689,-1.7718,0,0,0,6.1641,6.1014,6.1155,6.1907,67.01,-7.1779,11.953,-763.57,-33.613,182.75
0.29,0.33707,-0.011038,1.4595,0.019922,0.60124,-0.0084941,0.79878,3.8854,-0.13744,-0.39295,0.16918,0.10557,0.12559,28.376,-1.2424,-1.6432,0,0,0,6.2976,6.2404,6.2556,6.3263,59.278,-7.5285,13.753,-782.07,-36.517,177.18
0.3,0.37735,-0.012476,1.4555,0.021504,0.60136,-0.0078572,0.79865,4.172,-0.15024,-0.40867,0.18391,-0.025854,0.13902,28.929,-1.3196,-1.4969,0,0,0,6.4167,6.3639,6.3805,6.4476,51.382,-7.9086,15.493,-796.43,-39.53,170.54
0.31,0.42053,-0.014046,1.4514,0.023233,0.60096,-0.0071591,0.79891,4.4637,-0.16384,-0.42283,0.19958,-0.14965,0.15351,29.403,-1.4007,-1.3336,0,0,0,6.521,6.4719,6.4898,6.5542,43.362,-8.3194,17.16,-806.82,-42.636,162.89
0.32,0.46664,-0.015756,1.4471,0.025116,0.60008,-0.006398,0.79952,4.7598,-0.17827,-0.43529,0.21625,-0.26741,0.16914,29.796,-1.486,-1.154,0,0,0,6.61,6.564,6.5834,6.6459,35.258,-8.7616,18.747,-813.39,-45.818,154.3
0.33,0.51573,-0.017614,1.4427,0.027162,0.59872,-0.0055722,0.80048,5.0594,-0.19358,-0.44586,0.23402,-0.38054,0.18601,30.108,-1.576,-0.95897,0,0,0,6.6838,6.6402,6.6612,6.7224,27.107,-9.236,20.244,-816.32,-49.059,144.85
0.34,0.56784,-0.01963,1.4382,0.02938,0.59691,-0.0046809,0.80175,5.3617,-0.20981,-0.45442,0.25297,-0.49031,0.20422,30.338,-1.6709,-0.74946,0,0,0,6.7421,6.7006,6.7233,6.7837,18.943,-9.7429,21.641,-815.77,-52.342,134.6
0.35,0.62297,-0.021814,1.4336,0.031778,0.59465,-0.0037237,0.80335,5.6658,-0.22701,-0.46081,0.27319,-0.59783,0.22387,30.487,-1.771,-0.52649,0,0,0,6.7851,6.745,6.7696,6.8299,10.802,-10.283,22.933,-811.91,-55.65,123.61
0.36,0.68116,-0.024174,1.4289,0.034365,0.59195,-0.002701,0.80524,5.9711,-0.24524,-0.46491,0.29481,-0.70413,0.24507,30.555,-1.8766,-0.29117,0,0,0,6.8129,6.7739,6.8005,6.8612,2.7158,-10.856,24.111,-804.9,-58.967,111.95
0.37,0.7424,-0.026722,1.4243,0.037148,0.5888,-0.001614,0.80742,6.2767,-0.26456,-0.46659,0.31792,-0.81018,0.26796,30.542,-1.9882,-0.044662,0,0,0,6.8256,6.7873,6.8161,6.8776,-5.2856,-11.462,25.17,-794.9,-62.275,99.691
0.38,0.80669,-0.029469,1.4196,0.040137,0.5852,-0.0004646,0.8099,6.5817,-0.28503,-0.46577,0.34268,-0.91689,0.29267,30.449,-2.106,0.21181,0,0,0,6.8236,6.7856,6.8167,6.8797,-13.173,-12.101,26.103,-782.08,-65.559,86.901
0.39,0.87403,-0.032427,1.415,0.043342,0.58113,0.00074434,0.81265,6.8854,-0.30671,-0.46233,0.36921,-1.0251,0.31935,30.279,-2.2303,0.47697,0,0,0,6.8072,6.7691,6.8029,6.8676,-20.918,-12.773,26.907,-766.62,-68.801,73.646
0.4,0.94439,-0.035607,1.4104,0.04677,0.57659,0.0020089,0.81569,7.187,-0.32966,-0.4562,0.39768,-1.1357,0.34815,30.031,-2.3616,0.74949,0,0,0,6.7768,6.7384,6.775,6.8419,-28.497,-13.477,27.575,-748.66,-71.984,59.992
0.41,1.0178,-0.039024,1.4059,0.050433,0.57156,0.0033239,0.819,7.4858,-0.35396,-0.44732,0.42825,-1.2495,0.37923,29.709,-2.5,1.028,0,0,0,6.7331,6.6939,6.7335,6.8032,-35.884,-14.213,28.105,-728.39,-75.092,46.007
0.42,1.0941,-0.042691,1.4014,0.054339,0.56601,0.0046831,0.82259,7.781,-0.37968,-0.43563,0.46111,-1.3674,0.41278,29.314,-2.6459,1.3111,0,0,0,6.6765,6.6362,6.6791,6.752,-43.057,-14.979,28.494,-705.96,-78.108,31.758
0.43,1.1734,-0.046623,1.3972,0.058498,0.55992,0.0060786,0.82646,8.0718,-0.40691,-0.42109,0.49647,-1.4901,0.44897,28.849,-2.7997,1.5974,0,0,0,6.6077,6.566,6.6125,6.689,-49.996,-15.774,28.74,-681.53,-81.014,17.313
0.44,1.2555,-0.050835,1.393,0.062921,0.55326,0.0075009,0.8306,8.3577,-0.4357,-0.40367,0.53454,-1.6186,0.488,28.315,-2.9615,1.8854,0,0,0,6.5275,6.484,6.5343,6.6149,-56.682,-16.599,28.84,-655.28,-83.795,2.7387
0.45,1.3405,-0.055343,1.3891,0.067619,0.54599,0.0089387,0.83501,8.6379,-0.46616,-0.38338,0.57555,-1.7537,0.53007,27.716,-3.1317,2.1737,0,0,0,6.4366,6.3908,6.4453,6.5305,-63.097,-17.45,28.794,-627.38,-86.434,-11.898
0.46,1.4283,-0.060164,1.3854,0.072602,0.53807,0.010379,0.8397,8.9118,-0.49837,-0.3602,0.61977,-1.8963,0.57536,27.054,-3.3106,2.4608,0,0,0,6.3358,6.2874,6.3463,6.4366,-69.225,-18.327,28.602,-597.97,-88.913,-26.528
0.47,1.5187,-0.065316,1.3819,0.077883,0.52946,0.011805,0.84467,9.1788,-0.5324,-0.33417,0.66745,-2.0473,0.62409,26.333,-3.4983,2.7453,0,0,0,6.2261,6.1746,6.2383,6.3342,-75.052,-19.228,28.264,-567.24,-91.215,-41.087
0.48,1.6118,-0.070818,1.3787,0.083472,0.5201,0.013199,0.84991,9.4383,-0.56836,-0.30531,0.71887,-2.2076,0.67644,25.554,-3.6952,3.0256,0,0,0,6.1085,6.0534,6.1222,6.2241,-80.566,-20.15,27.781,-535.35,-93.325,-55.505
0.49,1.7074,-0.07669,1.3758,0.089381,0.50995,0.014539,0.85542,9.6897,-0.60634,-0.27367,0.77432,-2.378,0.73259,24.723,-3.9014,3.3004,0,0,0,5.9839,5.9248,5.999,6.1072,-85.755,-21.093,27.155,-502.45,-95.226,-69.716
0.5,1.8056,-0.082952,1.3732,0.095623,0.49894,0.0158,0.8612,9.9326,-0.64642,-0.23932,0.8341,-2.5594,0.79267,23.84,-4.1171,3.5683,0,0,0,5.8535,5.7897,5.8697,5.9847,-90.612,-22.054,26.387,-468.73,-96.9,-83.653
0.51,1.9061,-0.089626,1.371,0.10221,0.48702,0.016954,0.86723,10.166,-0.68872,-0.20234,0.8985,-2.7526,0.8568,22.911,-4.3426,3.8277,0,0,0,5.7184,5.6495,5.7354,5.8575,-95.128,-23.031,25.483,-434.33,-98.33,-97.248
0.52,2.0089,-0.096734,1.3692,0.10915,0.4741,0.017969,0.8735,10.391,-0.73331,-0.1628,0.96778,-2.958,0.92503,21.939,-4.5778,4.0775,0,0,0,5.5798,5.5053,5.5974,5.7267,-99.297,-24.02,24.444,-399.44,-99.5,-110.43
0.53,2.1138,-0.1043,1.3678,0.11645,0.46012,0.018806,0.87999,10.605,-0.7803,-0.12082,1.0422,-3.1762,0.99733,20.927,-4.823,4.3162,0,0,0,5.4391,5.3583,5.4568,5.5933,-103.12,-25.02,23.276,-364.21,-100.39,-123.14
0.54,2.2209,-0.11235,1.3668,0.12413,0.445,0.019426,0.88667,10.809,-0.8298,-0.07652,1.1219,-3.4071,1.0736,19.878,-5.0782,4.5426,0,0,0,5.2975,5.2101,5.3149,5.4583,-106.58,-26.027,21.983,-328.8,-100.99,-135.31
0.55,2.33,-0.1209,1.3663,0.13219,0.42867,0.01978,0.89352,11.002,-0.8819,-0.030018,1.2071,-3.6505,1.1534,18.796,-5.3435,4.7554,0,0,0,5.1565,5.0622,5.1731,5.3229,-109.69,-27.038,20.571,-293.4,-101.28,-146.87
0.56,2.4409,-0.13,1.3662,0.14063,0.41106,0.019819,0.90048,11.185,-0.93671,0.01854,1.2978,-3.9054,1.2365,17.685,-5.619,4.9536,0,0,0,5.0174,4.916,5.0328,5.188,-112.45,-28.051,19.048,-258.15,-101.25,-157.74
0.57,2.5537,-0.13965,1.3666,0.14947,0.39209,0.019488,0.90749,11.356,-0.99432,0.069002,1.3939,-4.17,1.3222,16.548,-5.9046,5.136,0,0,0,4.8819,4.7734,4.8954,5.0546,-114.86,-29.062,17.419,-223.22,-100.86,-167.87
0.58,2.668,-0.14989,1.3676,0.15868,0.37172,0.018727,0.91449,11.516,-1.0548,0.1212,1.495,-4.442,1.4095,15.389,-6.2002,5.3017,0,0,0,4.7513,4.6362,4.7625,4.9236,-116.91,-30.067,15.693,-188.79,-100.12,-177.19
0.59,2.7839,-0.16075,1.3691,0.16828,0.3499,0.017476,0.92138,11.664,-1.1184,0.17498,1.6007,-4.7176,1.4974,14.211,-6.5059,5.4496,0,0,0,4.6273,4.5062,4.6356,4.7959,-118.63,-31.063,13.878,-155.01,-99,-185.63
0.6,2.9013,-0.17227,1.3711,0.17824,0.32661,0.015673,0.92807,11.8,-1.185,0.23013,1.7103,-4.992,1.5843,13.018,-6.8214,5.579,0,0,0,4.5113,4.3854,4.5163,4.6724,-120.02,-32.046,11.983,-122.06,-97.486,-193.13
0.61,3.0199,-0.18447,1.3737,0.18855,0.30187,0.013259,0.93442,11.924,-1.2548,0.28649,1.8226,-5.2591,1.6685,11.812,-7.1467,5.689,0,0,0,4.4047,4.2758,4.4062,4.554,-121.08,-33.012,10.019,-90.091,-95.56,-199.6
0.62,3.1397,-0.19738,1.3768,0.19917,0.27573,0.010178,0.94032,12.036,-1.3279,0.34385,1.9363,-5.5118,1.7481,10.597,-7.4816,5.7791,0,0,0,4.3089,4.1791,4.3066,4.4416,-121.82,-33.956,7.9949,-59.229,-93.214,-205.03
0.63,3.2606,-0.21104,1.3805,0.21008,0.24828,0.0063852,0.94561,12.136,-1.4045,0.40201,2.0498,-5.7417,1.8208,9.3765,-7.8258,5.8488,0,0,0,4.2251,4.0972,4.219,4.3362,-122.27,-34.875,5.9219,-29.476,-90.463,-209.41
0.64,3.3824,-0.22548,1.3849,0.22122,0.21966,0.0018462,0.95016,12.224,-1.4845,0.46075,2.1611,-5.9401,1.8843,8.1529,-8.179,5.8975,0,0,0,4.1543,4.0313,4.1446,4.2389,-122.42,-35.764,3.81,-0.82096,-87.32,-212.8
0.65,3.505,-0.24074,1.3898,0.23256,0.19008,-0.0034567,0.95382,12.299,-1.5681,0.51988,2.2682,-6.0981,1.9364,6.9291,-8.5409,5.9249,0,0,0,4.0975,3.9826,4.0843,4.1512,-122.29,-36.62,1.6691,26.75,-83.804,-215.22
0.66,3.6283,-0.25685,1.3953,0.24405,0.15977,-0.0095218,0.95646,12.362,-1.6553,0.57918,2.3689,-6.2076,1.9751,5.7081,-8.9113,5.9308,0,0,0,4.0551,3.9514,4.0389,4.0744,-121.89,-37.439,-0.49125,53.249,-79.929,-216.7
0.67,3.7522,-0.27386,1.4013,0.25562,0.12904,-0.016326,0.95799,12.413,-1.7463,0.63843,2.4612,-6.2625,1.9988,4.4923,-9.2896,5.915,0,0,0,4.0277,3.9379,4.0087,4.0103,-121.22,-38.217,-2.6618,78.69,-75.712,-217.27
0.68,3.8765,-0.29179,1.408,0.26724,0.09819,-0.023826,0.95832,12.452,-1.8412,0.69741,2.5432,-6.2586,2.0063,3.2844,-9.6755,5.8775,0,0,0,4.0154,3.9413,3.9937,3.9605,-120.31,-38.952,-4.8337,103.08,-71.17,-216.96
0.69,4.0012,-0.31069,1.4153,0.27886,0.067571,-0.031955,0.95742,12.479,-1.9399,0.75591,2.6134,-6.1948,1.9973,2.0868,-10.068,5.8184,0,0,0,4.0181,3.9607,3.9937,3.9265,-119.17,-39.64,-6.9983,126.45,-66.316,-215.82
0.7,4.1261,-0.3306,1.4231,0.29043,0.037511,-0.040634,0.9553,12.494,-2.0425,0.8137,2.6707,-6.0733,1.9721,0.90183,-10.468,5.7376,0,0,0,4.0354,3.9948,4.0082,3.9094,-117.79,-40.277,-9.1473,148.79,-61.169,-213.86
0.71,4.2511,-0.35156,1.4316,0.30192,0.0083245,-0.049768,0.952,12.497,-2.1493,0.87059,2.7146,-5.8988,1.9316,-0.26826,-10.874,5.6355,0,0,0,4.0667,4.042,4.0365,3.91,-116.19,-40.862,-11.273,170.12,-55.745,-211.12
0.72,4.376,-0.3736,1.4405,0.31332,-0.019714,-0.059256,0.94759,12.489,-2.26,0.92634,2.7451,-5.6783,1.8772,-1.4214,-11.285,5.5123,0,0,0,4.1112,4.1007,4.0776,3.9283,-114.39,-41.391,-13.367,190.46,-50.058,-207.63
0.73,4.5008,-0.39677,1.4501,0.32461,-0.046377,-0.068995,0.94219,12.469,-2.375,0.98076,2.7624,-5.4204,1.811,-2.5554,-11.701,5.3683,0,0,0,4.168,4.1696,4.1307,3.9639,-112.39,-41.862,-15.423,209.81,-44.125,-203.43
0.74,4.6253,-0.42111,1.4602,0.33577,-0.071489,-0.078883,0.93591,12.438,-2.4941,1.0336,2.7673,-5.1343,1.7351,-3.6685,-12.122,5.204,0,0,0,4.2358,4.2473,4.1948,4.0159,-110.2,-42.273,-17.434,228.2,-37.963,-198.54
0.75,4.7495,-0.44667,1.4708,0.34681,-0.094931,-0.088827,0.92888,12.395,-2.6174,1.0848,2.7609,-4.8291,1.6515,-4.7588,-12.547,5.0198,0,0,0,4.3136,4.3325,4.2688,4.0827,-107.83,-42.621,-19.392,245.63,-31.587,-193
0.76,4.8732,-0.47348,1.4818,0.35772,-0.11663,-0.098739,0.92124,12.342,-2.745,1.134,2.7443,-4.513,1.5624,-5.8245,-12.974,4.8163,0,0,0,4.4,4.4243,4.3515,4.1628,-105.29,-42.904,-21.291,262.11,-25.014,-186.84
0.77,4.9963,-0.50158,1.4934,0.3685,-0.13658,-0.10854,0.91311,12.279,-2.8769,1.181,2.7188,-4.1932,1.4698,-6.864,-13.405,4.5942,0,0,0,4.4938,4.5215,4.4419,4.2542,-102.59,-43.121,-23.127,277.67,-18.259,-180.08
0.78,5.1187,-0.53103,1.5055,0.37914,-0.15477,-0.11817,0.90462,12.205,-3.0131,1.2258,2.6856,-3.8759,1.3752,-7.8757,-13.837,4.354,0,0,0,4.5938,4.6234,4.5389,4.355,-99.738,-43.269,-24.891,292.3,-11.338,-172.77
0.79,5.2404,-0.56186,1.5179,0.38966,-0.17127,-0.12757,0.89586,12.122,-3.1537,1.2681,2.6459,-3.5656,1.28,-8.8583,-14.27,4.0966,0,0,0,4.6989,4.7292,4.6415,4.4635,-96.745,-43.347,-26.58,306.03,-4.2687,-164.93
0.8,5.3611,-0.59412,1.5308,0.40005,-0.18613,-0.13668,0.88692,12.028,-3.2985,1.3077,2.6008,-3.2658,1.1855,-9.8102,-14.703,3.8227,0,0,0,4.8078,4.8379,4.7484,4.5779,-93.62,-43.354,-28.188,318.87,2.9343,-156.6
0.81,5.4809,-0.62784,1.5441,0.4103,-0.19944,-0.14548,0.8779,11.926,-3.4477,1.3445,2.5513,-2.9788,1.0923,-10.73,-15.137,3.5331,0,0,0,4.9197,4.949,4.8588,4.6965,-90.371,-43.288,-29.711,330.83,10.255,-147.8
0.82,5.5996,-0.66309,1.5577,0.42041,-0.2113,-0.15392,0.86886,11.814,-3.6013,1.3783,2.4982,-2.7064,1.0013,-11.617,-15.569,3.2288,0,0,0,5.0336,5.0615,4.9715,4.8181,-87.006,-43.148,-31.143,341.92,17.676,-138.58
0.83,5.7172,-0.69988,1.5716,0.43037,-0.22179,-0.16199,0.85985,11.693,-3.7591,1.409,2.4423,-2.4491,0.91277,-12.47,-15.999,2.9106,0,0,0,5.1485,5.1749,5.0858,4.9412,-83.535,-42.934,-32.481,352.16,25.183,-128.95
0.84,5.8335,-0.73828,1.5859,0.44018,-0.23102,-0.16967,0.85093,11.564,-3.9212,1.4365,2.3843,-2.2073,0.82705,-13.288,-16.427,2.5795,0,0,0,5.2636,5.2884,5.2008,5.0649,-79.966,-42.644,-33.721,361.55,32.758,-118.96
0.85,5.9484,-0.77832,1.6004,0.44983,-0.2391,-0.17693,0.84213,11.428,-4.0876,1.4605,2.3246,-1.9809,0.74431,-14.069,-16.852,2.2365,0,0,0,5.3783,5.4014,5.3155,5.188,-76.307,-42.279,-34.859,370.12,40.387,-108.62
0.86,6.062,-0.82005,1.6151,0.45931,-0.2461,-0.18378,0.83348,11.283,-4.2583,1.4811,2.2638,-1.7694,0.6646,-14.813,-17.273,1.8827,0,0,0,5.4918,5.5133,5.4294,5.3099,-72.566,-41.837,-35.892,377.87,48.052,-97.989
0.87,6.1741,-0.8635,1.63,0.46861,-0.25213,-0.19021,0.82502,11.132,-4.4331,1.4982,2.2023,-1.5722,0.58792,-15.52,-17.688,1.519,0,0,0,5.6035,5.6234,5.5417,5.4296,-68.752,-41.318,-36.818,384.81,55.738,-87.08
0.88,6.2846,-0.90872,1.645,0.47773,-0.25726,-0.1962,0.81676,10.973,-4.612,1.5115,2.1402,-1.3886,0.51419,-16.188,-18.099,1.1467,0,0,0,5.7129,5.7313,5.6518,5.5466,-64.873,-40.722,-37.633,390.97,63.429,-75.93
0.89,6.3935,-0.95576,1.6602,0.48665,-0.26159,-0.20178,0.80872,10.808,-4.795,1.5211,2.078,-1.2178,0.4433,-16.817,-18.503,0.76673,0,0,0,5.8193,5.8363,5.7591,5.6603,-60.935,-40.049,-38.336,396.34,71.109,-64.57
0.9,6.5007,-1.0046,1.6754,0.49538,-0.26517,-0.20692,0.80091,10.637,-4.982,1.5268,2.0159,-1.0588,0.37513,-17.407,-18.899,0.38033,0,0,0,5.9225,5.9381,5.8631,5.7701,-56.948,-39.3,-38.924,400.96,78.762,-53.032
0.91,6.6062,-1.0554,1.6907,0.50391,-0.26809,-0.21166,0.79335,10.46,-5.173,1.5287,1.9539,-0.91091,0.3095,-17.956,-19.288,-0.011362,0,0,0,6.0218,6.0363,5.9634,5.8756,-52.919,-38.474,-39.396,404.82,86.37,-41.348
0.92,6.7099,-1.1081,1.706,0.51223,-0.2704,-0.21598,0.78604,10.278,-5.3678,1.5266,1.8922,-0.77323,0.24626,-18.465,-19.669,-0.40719,0,0,0,6.1169,6.1303,6.0596,5.9765,-48.854,-37.572,-39.75,407.94,93.92,-29.55
0.93,6.8118,-1.1628,1.7212,0.52034,-0.27215,-0.2199,0.77899,10.091,-5.5663,1.5205,1.831,-0.64495,0.18523,-18.933,-20.039,-0.80597,0,0,0,6.2075,6.2199,6.1512,6.0723,-44.763,-36.596,-39.987,410.33,101.39,-17.668
0.94,6.9117,-1.2194,1.7364,0.52824,-0.2734,-0.22343,0.7722,9.8992,-5.7685,1.5104,1.7702,-0.52531,0.12624,-19.36,-20.4,-1.2065,0,0,0,6.2933,6.3047,6.2379,6.1628,-40.65,-35.545,-40.104,412.01,108.78,-5.736
0.95,7.0097,-1.2782,1.7514,0.53593,-0.2742,-0.22658,0.76567,9.7036,-5.9743,1.4964,1.7099,-0.41358,0.069097,-19.746,-20.75,-1.6076,0,0,0,6.3739,6.3844,6.3194,6.2476,-36.525,-34.421,-40.101,412.99,116.05,6.2158
0.96,7.1058,-1.3389,1.7663,0.54341,-0.27457,-0.22936,0.75941,9.5044,-6.1835,1.4783,1.6502,-0.30905,0.013643,-20.091,-21.088,-2.0081,0,0,0,6.4491,6.4587,6.3954,6.3265,-32.393,-33.224,-39.979,413.28,123.2,18.155
0.97,7.1998,-1.4018,1.781,0.55067,-0.27457,-0.23179,0.75342,9.302,-6.396,1.4562,1.591,-0.21109,-0.040295,-20.394,-21.414,-2.4068,0,0,0,6.5186,6.5274,6.4657,6.3994,-28.261,-31.957,-39.738,412.89,130.21,30.051
0.98,7.2918,-1.4669,1.7954,0.55772,-0.27422,-0.23388,0.7477,9.0967,-6.6117,1.4302,1.5323,-0.11908,-0.092883,-20.656,-21.727,-2.8025,0,0,0,6.5823,6.5903,6.53,6.4659,-24.137,-30.621,-39.379,411.85,137.07,41.871
0.99,7.3817,-1.5341,1.8096,0.56456,-0.27355,-0.23564,0.74224,8.889,-6.8305,1.4002,1.4741,-0.032459,-0.14428,-20.877,-22.027,-3.194,0,0,0,6.6399,6.6472,6.5882,6.526,-20.027,-29.216,-38.901,410.15,143.75,53.584
1,7.4696,-1.6035,1.8234,0.57118,-0.27257,-0.23709,0.73705,8.6793,-7.0522,1.3663,1.4163,0.049306,-0.19464,-21.057,-22.311,-3.5802,0,0,0,6.6913,6.6978,6.64,6.5794,-15.936,-27.746,-38.307,407.81,150.24,65.158
1.01,7.5553,-1.6751,1.8369,0.57761,-0.27132,-0.23824,0.73212,8.468,-7.2767,1.3286,1.3588,0.12671,-0.24412,-21.196,-22.581,-3.9598,0,0,0,6.7363,6.7421,6.6854,6.6261,-11.872,-26.212,-37.599,404.85,156.54,76.561
1.02,7.6389,-1.749,1.85,0.58382,-0.26981,-0.23911,0.72745,8.2555,-7.5038,1.2871,1.3016,0.20022,-0.29287,-21.294,-22.835,-4.3317,0,0,0,6.7748,6.7799,6.7242,6.6659,-7.8413,-24.616,-36.777,401.28,162.61,87.762
1.03,7.7204,-1.8252,1.8626,0.58983,-0.26805,-0.23971,0.72304,8.0422,-7.7333,1.242,1.2446,0.27027,-0.34102,-21.353,-23.073,-4.6949,0,0,0,6.8067,6.8111,6.7562,6.6988,-3.8489,-22.961,-35.844,397.11,168.44,98.728
1.04,7.7998,-1.9037,1.8748,0.59565,-0.26605,-0.24006,0.71888,7.8286,-7.9652,1.1933,1.1877,0.33726,-0.38872,-21.371,-23.295,-5.0483,0,0,0,6.832,6.8356,6.7814,6.7245,0.098857,-21.248,-34.803,392.35,174.02,109.43
1.05,7.877,-1.9845,1.8865,0.60126,-0.26382,-0.24017,0.71498,7.6149,-8.1992,1.1411,1.1307,0.40159,-0.43611,-21.351,-23.498,-5.3907,0,0,0,6.8505,6.8533,6.7998,6.7432,3.9962,-19.481,-33.656,387.02,179.34,119.83
1.06,7.9521,-2.0677,1.8976,0.60668,-0.26137,-0.24005,0.71133,7.4017,-8.4351,1.0855,1.0736,0.46361,-0.48332,-21.292,-23.684,-5.7211,0,0,0,6.8621,6.8641,6.8112,6.7547,7.8373,-17.662,-32.408,381.13,184.37,129.91
1.07,8.025,-2.1532,1.9082,0.61191,-0.25869,-0.23973,0.70793,7.1892,-8.6728,1.0267,1.0161,0.52367,-0.53049,-21.194,-23.851,-6.0385,0,0,0,6.867,6.8681,6.8156,6.7591,11.617,-15.795,-31.06,374.69,189.09,139.62
1.08,8.0959,-2.2412,1.9181,0.61696,-0.25578,-0.23922,0.70478,6.9779,-8.9121,0.96477,0.9582,0.58209,-0.57775,-21.059,-24,-6.3419,0,0,0,6.8649,6.8652,6.813,6.7562,15.329,-13.882,-29.616,367.71,193.51,148.94
1.09,8.1646,-2.3315,1.9274,0.62181,-0.25265,-0.23852,0.70187,6.7682,-9.1527,0.8999,0.89961,0.63919,-0.62525,-20.888,-24.129,-6.6305,0,0,0,6.8561,6.8554,6.8034,6.7461,18.969,-11.926,-28.082,360.21,197.59,157.84
1.1,8.2312,-2.4242,1.9361,0.62648,-0.24929,-0.23766,0.69921,6.5603,-9.3946,0.83222,0.84019,0.69526,-0.67311,-20.68,-24.238,-6.9033,0,0,0,6.8403,6.8387,6.7868,6.7288,22.532,-9.931,-26.461,352.21,201.32,166.28
1.11,8.2958,-2.5194,1.9441,0.63097,-0.24568,-0.23666,0.69678,6.3547,-9.6374,0.76189,0.77972,0.75058,-0.72146,-20.438,-24.327,-7.1594,0,0,0,6.8178,6.8151,6.7632,6.7043,26.012,-7.9007,-24.758,343.7,204.68,174.23
1.12,8.3583,-2.617,1.9513,0.63528,-0.24182,-0.23552,0.6946,6.1517,-9.8811,0.68908,0.71798,0.80544,-0.77046,-20.16,-24.396,-7.3982,0,0,0,6.7886,6.7847,6.7327,6.6727,29.404,-5.8386,-22.978,334.72,207.67,181.67
1.13,8.4189,-2.717,1.9579,0.63941,-0.2377,-0.23426,0.69266,5.9516,-10.125,0.61398,0.65473,0.86008,-0.82023,-19.85,-24.444,-7.6188,0,0,0,6.7527,6.7475,6.6954,6.6341,32.705,-3.7487,-21.127,325.26,210.26,188.55
1.14,8.4774,-2.8195,1.9636,0.64336,-0.23329,-0.23291,0.69096,5.7548,-10.37,0.53677,0.58968,0.91477,-0.87092,-19.507,-24.471,-7.8205,0,0,0,6.7102,6.7036,6.6513,6.5885,35.908,-1.6349,-19.209,315.34,212.43,194.85
1.15,8.534,-2.9244,1.9686,0.64712,-0.22857,-0.23149,0.68949,5.5616,-10.615,0.45764,0.52254,0.96975,-0.92267,-19.132,-24.477,-8.0028,0,0,0,6.6613,6.6532,6.6006,6.536,39.01,0.49855,-17.232,304.98,214.18,200.54
1.16,8.5886,-3.0318,1.9728,0.65071,-0.22354,-0.23,0.68826,5.3722,-10.859,0.37678,0.45298,1.0252,-0.97562,-18.727,-24.461,-8.165,0,0,0,6.6061,6.5963,6.5433,6.4768,42.006,2.6472,-15.201,294.18,215.48,205.58
1.17,8.6414,-3.1416,1.9761,0.65411,-0.21814,-0.22847,0.68728,5.1871,-11.104,0.29441,0.38061,1.0814,-1.0299,-18.292,-24.424,-8.3066,0,0,0,6.5447,6.5331,6.4797,6.4109,44.892,4.8066,-13.122,282.96,216.32,209.94
1.18,8.6924,-3.2538,1.9786,0.65733,-0.21237,-0.22693,0.68653,5.0065,-11.348,0.21072,0.30504,1.1386,-1.0858,-17.829,-24.365,-8.4273,0,0,0,6.4773,6.4637,6.4098,6.3387,47.664,6.972,-11.004,271.34,216.68,213.59
1.19,8.7416,-3.3685,1.9803,0.66035,-0.20617,-0.2254,0.68602,4.8306,-11.591,0.12593,0.2258,1.1968,-1.1432,-17.339,-24.284,-8.5266,0,0,0,6.4042,6.3883,6.334,6.2601,50.318,9.1386,-8.853,259.32,216.55,216.5
1.2,8.789,-3.4857,1.9812,0.66318,-0.19951,-0.22391,0.68575,4.6598,-11.833,0.040262,0.14237,1.2562,-1.2025,-16.823,-24.182,-8.6042,0,0,0,6.3255,6.3071,6.2523,6.1756,52.849,11.301,-6.6766,246.92,215.91,218.65
1.21,8.8348,-3.6052,1.9811,0.6658,-0.19235,-0.22249,0.68572,4.4942,-12.075,-0.046078,0.054173,1.317,-1.2637,-16.283,-24.058,-8.6601,0,0,0,6.2415,6.2203,6.165,6.0852,55.255,13.455,-4.4827,234.16,214.77,220.02
1.22,8.8789,-3.7272,1.9802,0.6682,-0.18463,-0.22118,0.68593,4.3342,-12.314,-0.13287,-0.039468,1.3792,-1.327,-15.719,-23.913,-8.6939,0,0,0,6.1526,6.1281,6.0725,5.9892,57.531,15.595,-2.2788,221.06,213.14,220.64
1.23,8.9215,-3.8515,1.9785,0.67036,-0.17629,-0.22003,0.68638,4.1799,-12.553,-0.21988,-0.13933,1.4426,-1.3925,-15.133,-23.746,-8.7056,0,0,0,6.0589,6.0307,5.975,5.8881,59.675,17.716,-0.072193,207.64,211.04,220.55
1.24,8.9625,-3.9782,1.9758,0.67228,-0.16726,-0.21908,0.68707,4.0316,-12.789,-0.3069,-0.24632,1.5073,-1.4603,-14.526,-23.559,-8.6953,0,0,0,5.9609,5.9285,5.8728,5.782,61.683,19.814,2.13,193.93,208.49,219.76
1.25,9.0021,-4.1073,1.9723,0.67393,-0.15747,-0.2184,0.68799,3.8895,-13.024,-0.39371,-0.36146,1.573,-1.5305,-13.899,-23.35,-8.6631,0,0,0,5.8589,5.8217,5.7663,5.6714,63.553,21.885,4.3209,179.96,205.5,218.31
1.26,9.0403,-4.2387,1.968,0.67527,-0.14683,-0.21805,0.68913,3.7537,-13.256,-0.48009,-0.48594,1.6391,-1.6032,-13.255,-23.121,-8.609,0,0,0,5.7532,5.7106,5.6558,5.5566,65.281,23.923,6.494,165.74,202.1,216.21
1.27,9.0772,-4.3724,1.9627,0.67628,-0.13524,-0.21812,0.69049,3.6244,-13.486,-0.56582,-0.62112,1.705,-1.6785,-12.594,-22.872,-8.5333,0,0,0,5.6444,5.5955,5.5418,5.4382,66.867,25.925,8.6429,151.3,198.31,213.49
1.28,9.1129,-4.5084,1.9566,0.6769,-0.12257,-0.21871,0.69206,3.5019,-13.714,-0.65069,-0.76855,1.7698,-1.7562,-11.918,-22.603,-8.4362,0,0,0,5.5329,5.4767,5.4246,5.3165,68.307,27.888,10.762,136.66,194.13,210.17
1.29,9.1473,-4.6466,1.9497,0.67708,-0.10871,-0.21996,0.6938,3.3861,-13.938,-0.73448,-0.92997,1.8321,-1.8364,-11.229,-22.314,-8.3181,0,0,0,5.4191,5.3546,5.3047,5.1923,69.599,29.807,12.845,121.85,189.59,206.29
1.3,9.1806,-4.7871,1.942,0.67674,-0.0935,-0.22199,0.6957,3.2773,-14.16,-0.81698,-1.1073,1.8898,-1.9189,-10.527,-22.007,-8.1795,0,0,0,5.3035,5.2295,5.1827,5.066,70.743,31.679,14.886,106.89,184.71,201.87
1.31,9.2129,-4.9298,1.9334,0.67579,-0.076769,-0.225,0.69771,3.1756,-14.378,-0.898,-1.3027,1.9404,-2.0035,-9.8142,-21.681,-8.0206,0,0,0,5.1867,5.1017,5.0588,4.9385,71.737,33.5,16.88,91.807,179.5,196.92
1.32,9.2441,-5.0747,1.924,0.67409,-0.058331,-0.22919,0.69977,3.0811,-14.593,-0.97733,-1.5185,1.9803,-2.09,-9.0925,-21.337,-7.842,0,0,0,5.0692,4.9717,4.9337,4.8104,72.579,35.268,18.823,76.62,173.99,191.49
1.33,9.2745,-5.2217,1.9138,0.67149,-0.037977,-0.23482,0.7018,2.9938,-14.805,-1.0548,-1.7568,2.0047,-2.178,-8.3631,-20.976,-7.6443,0,0,0,4.9516,4.8398,4.8077,4.6828,73.269,36.979,20.708,61.355,168.18,185.58
1.34,9.304,-5.3708,1.9029,0.66778,-0.015485,-0.24219,0.70369,2.9138,-15.013,-1.1302,-2.0197,2.0074,-2.2669,-7.6276,-20.598,-7.4281,0,0,0,4.8344,4.7065,4.6815,4.5565,73.806,38.63,22.533,46.035,162.1,179.24
1.35,9.3328,-5.5219,1.8912,0.66269,0.0093665,-0.25162,0.70529,2.8413,-15.217,-1.2033,-2.3087,1.9802,-2.356,-6.8875,-20.203,-7.1939,0,0,0,4.7182,4.5724,4.5553,4.4328,74.19,40.22,24.292,30.685,155.77,172.48
1.36,9.3609,-5.6751,1.8789,0.6559,0.036781,-0.26349,0.70641,2.7761,-15.417,-1.274,-2.6239,1.9132,-2.4445,-6.1443,-19.793,-6.9425,0,0,0,4.6033,4.4379,4.4296,4.3128,74.42,41.745,25.981,15.327,149.2,165.32
1.37,9.3884,-5.8303,1.8658,0.64697,0.066905,-0.27816,0.70681,2.7184,-15.613,-1.3421,-2.9635,1.7942,-2.5314,-5.3996,-19.369,-6.6745,0,0,0,4.4902,4.304,4.3048,4.1981,74.496,43.203,27.597,-0.013823,142.42,157.8
1.38,9.4153,-5.9873,1.852,0.63541,0.099768,-0.29597,0.70619,2.6681,-15.804,-1.4074,-3.322,1.6093,-2.6154,-4.6549,-18.929,-6.3908,0,0,0,4.3791,4.1714,4.1813,4.09,74.419,44.593,29.136,-15.315,135.43,149.94
1.39,9.4417,-6.1463,1.8376,0.62067,0.1352,-0.31712,0.70422,2.6253,-15.991,-1.4698,-3.6894,1.3448,-2.6951,-3.9117,-18.477,-6.0921,0,0,0,4.2699,4.0416,4.0596,3.99,74.19,45.911,30.595,-30.552,128.26,141.76
1.4,9.4678,-6.3071,1.8226,0.60218,0.17276,-0.34162,0.70059,2.5899,-16.174,-1.5292,-4.0497,0.98907,-2.7688,-3.1716,-18.012,-5.7792,0,0,0,4.1623,3.9159,3.9402,3.8994,73.809,47.157,31.97,-45.701,120.93,133.29
1.41,9.4936,-6.4698,1.8071,0.57949,0.21162,-0.36913,0.69509,2.5618,-16.351,-1.5854,-4.3814,0.53666,-2.8348,-2.4361,-17.534,-5.453,0,0,0,4.0559,3.7963,3.8241,3.819,73.276,48.329,33.259,-60.74,113.45,124.55
1.42,9.5191,-6.6342,1.7909,0.55237,0.25058,-0.39894,0.6877,2.5411,-16.524,-1.6382,-4.6591,-0.0074482,-2.8912,-1.7066,-17.045,-5.1143,0,0,0,3.9503,3.6848,3.7128,3.7494,72.594,49.426,34.46,-75.643,105.84,115.57
1.43,9.5444,-6.8002,1.7743,0.52099,0.28817,-0.42996,0.67872,2.5277,-16.692,-1.6876,-4.8591,-0.62536,-2.9359,-0.98468,-16.546,-4.764,0,0,0,3.845,3.5832,3.6081,3.69,71.764,50.446,35.57,-90.388,98.115,106.38
1.44,9.5697,-6.968,1.7572,0.48591,0.32289,-0.4609,0.66874,2.5214,-16.855,-1.7335,-4.9647,-1.2873,-2.967,-0.2718,-16.037,-4.4032,0,0,0,3.7403,3.493,3.5124,3.6401,70.787,51.388,36.587,-104.95,90.302,96.997
1.45,9.5949,-7.1373,1.7397,0.44809,0.35344,-0.49047,0.65859,2.5222,-17.013,-1.7757,-4.971,-1.9569,-2.9829,0.43059,-15.518,-4.0326,0,0,0,3.6372,3.4153,3.428,3.5984,69.666,52.251,37.51,-119.31,82.413,87.449
1.46,9.6201,-7.3082,1.7217,0.40861,0.37899,-0.51767,0.64917,2.53,-17.166,-1.8141,-4.8851,-2.5985,-2.982,1.121,-14.992,-3.6533,0,0,0,3.5371,3.3502,3.3567,3.5635,68.402,53.036,38.336,-133.43,74.467,77.761
1.47,9.6455,-7.4806,1.7034,0.36856,0.39924,-0.54186,0.64122,2.5446,-17.313,-1.8487,-4.7226,-3.1832,-2.9633,1.7982,-14.458,-3.2662,0,0,0,3.4423,3.2978,3.2998,3.5344,66.998,53.741,39.064,-147.31,66.483,67.958
1.48,9.671,-7.6545,1.6847,0.32881,0.4143,-0.56276,0.63525,2.5659,-17.455,-1.8794,-4.5026,-3.6917,-2.9265,2.4605,-13.917,-2.8724,0,0,0,3.3551,3.2575,3.258,3.5105,65.457,54.365,39.695,-160.9,58.476,58.066
1.49,9.6968,-7.8297,1.6658,0.29,0.4246,-0.58038,0.63148,2.5937,-17.591,-1.9061,-4.2439,-4.1137,-2.8718,3.1068,-13.371,-2.4727,0,0,0,3.2776,3.229,3.2308,3.4914,63.781,54.91,40.225,-174.2,50.467,48.11
1.5,9.7229,-8.0063,1.6466,0.25257,0.43069,-0.59492,0.6299,2.628,-17.722,-1.9288,-3.962,-4.4464,-2.8001,3.7357,-12.819,-2.0682,0,0,0,3.2119,3.2115,3.2175,3.477,61.974,55.375,40.657,-187.17,42.471,38.115
1.51,9.7494,-8.1841,1.6272,0.21677,0.4332,-0.60666,0.63033,2.6684,-17.847,-1.9475,-3.6693,-4.6918,-2.713,4.3459,-12.264,-1.6599,0,0,0,3.1595,3.2045,3.2168,3.4674,60.039,55.76,40.988,-199.79,34.509,28.106
1.52,9.7763,-8.3632,1.6077,0.18274,0.43271,-0.61589,0.6325,2.7148,-17.967,-1.962,-3.3746,-4.8556,-2.6126,4.9361,-11.704,-1.2488,0,0,0,3.1214,3.2075,3.2273,3.4628,57.979,56.065,41.219,-212.04,26.596,18.108
1.53,9.8037,-8.5435,1.588,0.15055,0.42977,-0.62293,0.63608,2.767,-18.082,-1.9724,-3.0841,-4.9457,-2.5015,5.5051,-11.142,-0.83583,0,0,0,3.0981,3.2195,3.2473,3.4635,55.799,56.292,41.35,-223.9,18.752,8.147
1.54,9.8317,-8.7248,1.5683,0.12023,0.42485,-0.62807,0.64077,2.8248,-18.19,-1.9787,-2.8021,-4.9711,-2.3823,6.0517,-10.579,-0.42209,0,0,0,3.0896,3.24,3.2754,3.4696,53.503,56.441,41.382,-235.33,10.994,-1.7521
1.55,9.8602,-8.9072,1.5485,0.091764,0.41836,-0.63158,0.64627,2.888,-18.293,-1.9809,-2.5314,-4.9416,-2.258,6.5748,-10.014,-0.0085217,0,0,0,3.095,3.2681,3.3101,3.4814,51.094,56.512,41.315,-246.33,3.3402,-11.564
1.56,9.8895,-9.0907,1.5287,0.065132,0.41065,-0.6337,0.65234,2.9563,-18.39,-1.9789,-2.2737,-4.8673,-2.1312,7.0732,-9.4488,0.40389,0,0,0,3.1136,3.303,3.3501,3.4989,48.578,56.508,41.151,-256.85,-4.1918,-21.264
1.57,9.9194,-9.275,1.5089,0.040293,0.40202,-0.63466,0.65876,3.0294,-18.482,-1.9728,-2.0299,-4.7578,-2.0043,7.546,-8.884,0.81418,0,0,0,3.1437,3.3437,3.3945,3.5219,45.958,56.429,40.89,-266.89,-11.584,-30.826
1.58,9.9501,-9.4603,1.4892,0.017192,0.3927,-0.63465,0.66536,3.1071,-18.568,-1.9626,-1.8005,-4.6219,-1.8795,7.992,-8.3204,1.2214,0,0,0,3.184,3.3895,3.4422,3.5502,43.242,56.277,40.535,-276.41,-18.818,-40.226
1.59,9.9815,-9.6464,1.4697,-0.0042349,0.38289,-0.63385,0.67202,3.1891,-18.649,-1.9484,-1.5852,-4.4676,-1.7584,8.4105,-7.7587,1.6246,0,0,0,3.2327,3.4395,3.4926,3.5833,40.432,56.053,40.087,-285.4,-25.877,-49.438
1.6,10.014,-9.8332,1.4503,-0.024063,0.37275,-0.6324,0.67864,3.2752,-18.723,-1.9302,-1.3837,-4.3018,-1.6424,8.8004,-7.1996,2.0228,0,0,0,3.2882,3.4928,3.5449,3.6208,37.535,55.76,39.547,-293.82,-32.742,-58.437
1.61,10.047,-10.021,1.4311,-0.042371,0.36239,-0.63045,0.68514,3.365,-18.793,-1.908,-1.1954,-4.1303,-1.5324,9.1609,-6.6438,2.4152,0,0,0,3.3489,3.5486,3.5985,3.6619,34.558,55.399,38.919,-301.66,-39.395,-67.197
1.62,10.081,-10.209,1.4121,-0.059244,0.3519,-0.6281,0.69148,3.4583,-18.856,-1.8819,-1.0195,-3.9578,-1.429,9.4913,-6.0918,2.8009,0,0,0,3.4132,3.6062,3.653,3.7061,31.504,54.973,38.204,-308.89,-45.819,-75.694
1.63,10.116,-10.398,1.3934,-0.074769,0.34136,-0.62545,0.69763,3.5548,-18.914,-1.852,-0.85506,-3.7878,-1.3327,9.7908,-5.5445,3.179,0,0,0,3.4799,3.6648,3.7077,3.7525,28.382,54.483,37.406,-315.49,-51.995,-83.902
1.64,10.152,-10.587,1.3751,-0.089031,0.33082,-0.62258,0.70358,3.654,-18.967,-1.8183,-0.70112,-3.6233,-1.2435,10.059,-5.0024,3.5487,0,0,0,3.5477,3.7237,3.7621,3.8005,25.197,53.934,36.527,-321.43,-57.907,-91.796
1.65,10.189,-10.777,1.3571,-0.10212,0.32029,-0.61956,0.70932,3.7558,-19.014,-1.781,-0.55672,-3.4661,-1.1614,10.295,-4.466,3.9093,0,0,0,3.6156,3.7824,3.8158,3.8494,21.956,53.326,35.571,-326.69,-63.535,-99.351
1.66,10.227,-10.968,1.3395,-0.1141,0.3098,-0.61644,0.71484,3.8598,-19.056,-1.7402,-0.42088,-3.3178,-1.0862,10.498,-3.936,4.2599,0,0,0,3.6827,3.8401,3.8683,3.8984,18.665,52.664,34.541,-331.25,-68.862,-106.54
1.67,10.267,-11.158,1.3223,-0.12507,0.29936,-0.61327,0.72017,3.9657,-19.093,-1.6959,-0.29267,-3.1793,-1.0178,10.668,-3.4129,4.5999,0,0,0,3.7483,3.8964,3.9193,3.9469,15.333,51.95,33.441,-335.08,-73.87,-113.34
1.68,10.307,-11.349,1.3056,-0.1351,0.28897,-0.61007,0.7253,4.0731,-19.125,-1.6482,-0.17118,-3.0511,-0.95586,10.804,-2.8972,4.9285,0,0,0,3.8116,3.9508,3.9682,3.9944,11.966,51.188,32.276,-338.16,-78.541,-119.73
1.69,10.348,-11.541,1.2893,-0.14425,0.2786,-0.60689,0.73025,4.1816,-19.151,-1.5973,-0.055566,-2.9334,-0.89999,10.907,-2.3893,5.2452,0,0,0,3.8722,4.0028,4.0147,4.0403,8.5724,50.38,31.048,-340.46,-82.857,-125.68
1.7,10.39,-11.732,1.2736,-0.15258,0.26826,-0.60373,0.73502,4.2911,-19.173,-1.5433,0.054979,-2.8263,-0.84989,10.976,-1.8897,5.5493,0,0,0,3.9295,4.052,4.0584,4.084,5.1596,49.532,29.764,-341.97,-86.801,-131.16
1.71,10.434,-11.924,1.2585,-0.16016,0.25793,-0.60063,0.73964,4.401,-19.189,-1.4864,0.16119,-2.7297,-0.80522,11.01,-1.3988,5.8403,0,0,0,3.9832,4.0982,4.0991,4.1253,1.7357,48.646,28.427,-342.66,-90.356,-136.15
1.72,10.478,-12.116,1.2439,-0.16704,0.24757,-0.59759,0.74411,4.5112,-19.201,-1.4266,0.26376,-2.6433,-0.76565,11.01,-0.91694,6.1177,0,0,0,4.0331,4.141,4.1365,4.1638,-1.6909,47.726,27.042,-342.54,-93.525,-140.66
1.73,10.524,-12.308,1.23,-0.17326,0.23718,-0.59462,0.74844,4.6211,-19.207,-1.3641,0.36334,-2.5669,-0.73086,10.976,-0.44441,6.381,0,0,0,4.0788,4.1802,4.1705,4.1991,-5.1125,46.776,25.615,-341.64,-96.319,-144.69
1.74,10.571,-12.5,1.2166,-0.17887,0.22672,-0.59173,0.75264,4.7306,-19.209,-1.299,0.46051,-2.5,-0.70055,10.908,0.018499,6.6298,0,0,0,4.1202,4.2157,4.2007,4.231,-8.5212,45.801,24.15,-339.98,-98.748,-148.26
1.75,10.619,-12.692,1.204,-0.18391,0.21617,-0.58892,0.75672,4.8392,-19.207,-1.2315,0.55584,-2.4423,-0.67443,10.806,0.47153,6.8639,0,0,0,4.1573,4.2473,4.2271,4.2594,-11.91,44.803,22.651,-337.58,-100.82,-151.38
1.76,10.668,-12.884,1.192,-0.18842,0.2055,-0.5862,0.76068,4.9466,-19.2,-1.1618,0.64985,-2.3934,-0.65224,10.67,0.91449,7.0828,0,0,0,4.1898,4.275,4.2497,4.2841,-15.27,43.785,21.124,-334.47,-102.55,-154.06
1.77,10.718,-13.076,1.1808,-0.19242,0.19468,-0.58357,0.76454,5.0525,-19.189,-1.0899,0.74301,-2.3527,-0.63374,10.501,1.3472,7.2863,0,0,0,4.2179,4.2986,4.2683,4.3051,-18.597,42.753,19.572,-330.67,-103.95,-156.32
1.78,10.769,-13.268,1.1702,-0.19595,0.18369,-0.58103,0.76829,5.1565,-19.173,-1.0161,0.83575,-2.32,-0.61872,10.298,1.7695,7.4741,0,0,0,4.2415,4.3183,4.283,4.3223,-21.881,41.708,17.999,-326.2,-105.02,-158.15
1.79,10.821,-13.46,1.1604,-0.19902,0.1725,-0.57858,0.77193,5.2583,-19.153,-0.9405,0.9285,-2.2948,-0.60696,10.063,2.1813,7.6462,0,0,0,4.2608,4.334,4.2938,4.3356,-25.118,40.653,16.41,-321.09,-105.77,-159.58
1.8,10.874,-13.651,1.1514,-0.20165,0.16107,-0.57623,0.77547,5.3576,-19.13,-0.86325,1.0216,-2.2768,-0.59829,9.796,2.5825,7.8023,0,0,0,4.2758,4.3459,4.3009,4.3453,-28.301,39.593,14.808,-315.36,-106.23,-160.62
1.81,10.928,-13.842,1.1432,-0.20387,0.14938,-0.57397,0.7789,5.4541,-19.102,-0.78451,1.1154,-2.2654,-0.59254,9.4973,2.9732,7.9423,0,0,0,4.2867,4.3541,4.3042,4.3513,-31.424,38.53,13.199,-309.04,-106.39,-161.28
1.82,10.983,-14.033,1.1357,-0.20569,0.1374,-0.5718,0.78221,5.5475,-19.07,-0.70445,1.2102,-2.2602,-0.58956,9.1678,3.3531,8.0662,0,0,0,4.2936,4.3586,4.3041,4.3538,-34.48,37.466,11.584,-302.15,-106.27,-161.57
1.83,11.039,-14.224,1.1291,-0.20711,0.1251,-0.56973,0.7854,5.6374,-19.035,-0.62324,1.3063,-2.2609,-0.5892,8.808,3.7225,8.174,0,0,0,4.2969,4.3598,4.3007,4.353,-37.465,36.405,9.9684,-294.71,-105.87,-161.5
1.84,11.096,-14.414,1.1233,-0.20815,0.11245,-0.56776,0.78847,5.7235,-18.996,-0.54103,1.4039,-2.267,-0.59133,8.4187,4.0813,8.2656,0,0,0,4.2967,4.3579,4.2942,4.3491,-40.372,35.35,8.3552,-286.74,-105.22,-161.08
1.85,11.153,-14.604,1.1183,-0.20881,0.099432,-0.56589,0.79138,5.8057,-18.953,-0.45798,1.5031,-2.278,-0.59581,8.0008,4.4295,8.3411,0,0,0,4.2932,4.3531,4.285,4.3422,-43.198,34.302,6.7479,-278.28,-104.31,-160.33
1.86,11.212,-14.793,1.1141,-0.2091,0.086012,-0.56411,0.79414,5.8835,-18.907,-0.37426,1.604,-2.2933,-0.60252,7.555,4.7673,8.4006,0,0,0,4.2869,4.3456,4.2733,4.3328,-45.936,33.264,5.1497,-269.33,-103.16,-159.26
1.87,11.271,-14.982,1.1108,-0.20901,0.07217,-0.56245,0.79672,5.9567,-18.858,-0.29002,1.7068,-2.3124,-0.61132,7.0824,5.0948,8.4442,0,0,0,4.278,4.3359,4.2595,4.3211,-48.583,32.239,3.5638,-259.94,-101.78,-157.87
1.88,11.331,-15.17,1.1083,-0.20854,0.057883,-0.56089,0.7991,6.025,-18.805,-0.20543,1.8114,-2.3346,-0.62208,6.5837,5.4122,8.4719,0,0,0,4.267,4.3242,4.2441,4.3073,-51.134,31.23,1.9932,-250.12,-100.17,-156.19
1.89,11.391,-15.358,1.1067,-0.20769,0.043132,-0.55946,0.80126,6.0883,-18.75,-0.12063,1.9178,-2.3593,-0.63465,6.06,5.7195,8.4841,0,0,0,4.2541,4.311,4.2275,4.292,-53.584,30.237,0.44101,-239.89,-98.362,-154.21
1.9,11.453,-15.545,1.1059,-0.20644,0.027903,-0.55814,0.80317,6.1462,-18.691,-0.035797,2.0258,-2.3856,-0.64887,5.5124,6.017,8.4808,0,0,0,4.2398,4.2965,4.21,4.2754,-55.93,29.263,-1.0901,-229.27,-96.35,-151.96
1.91,11.514,-15.732,1.106,-0.20479,0.012185,-0.55696,0.80481,6.1984,-18.629,0.048931,2.1352,-2.4126,-0.66458,4.9418,6.3048,8.4624,0,0,0,4.2245,4.2813,4.1922,4.2579,-58.168,28.31,-2.5974,-218.3,-94.147,-149.45
1.92,11.576,-15.918,1.1069,-0.20273,-0.0040299,-0.55591,0.80613,6.2449,-18.565,0.1334,2.2456,-2.4393,-0.68156,4.3494,6.5833,8.429,0,0,0,4.2087,4.2656,4.1747,4.24,-60.295,27.381,-4.0782,-207,-91.765,-146.68
1.93,11.639,-16.103,1.1086,-0.20023,-0.020741,-0.55502,0.80711,6.2854,-18.498,0.21746,2.3565,-2.4648,-0.69963,3.7363,6.8525,8.3809,0,0,0,4.1928,4.25,4.1578,4.222,-62.307,26.476,-5.5301,-195.38,-89.213,-143.67
1.94,11.702,-16.288,1.1112,-0.19728,-0.037941,-0.55429,0.80772,6.3196,-18.428,0.30097,2.4675,-2.4877,-0.71853,3.1036,7.1129,8.3185,0,0,0,4.1774,4.2349,4.1423,4.2046,-64.202,25.597,-6.9508,-183.48,-86.502,-140.43
1.95,11.766,-16.472,1.1147,-0.19387,-0.055617,-0.55373,0.8079,6.3474,-18.355,0.38378,2.5777,-2.507,-0.73801,2.4526,7.3645,8.242,0,0,0,4.1628,4.2206,4.1285,4.188,-65.976,24.746,-8.3379,-171.31,-83.643,-136.97
1.96,11.829,-16.655,1.1189,-0.18996,-0.073746,-0.55336,0.80763,6.3686,-18.281,0.46577,2.6864,-2.5214,-0.75779,1.7845,7.6079,8.1518,0,0,0,4.1496,4.2077,4.1171,4.1728,-67.627,23.925,-9.6895,-158.9,-80.645,-133.3
1.97,11.893,-16.837,1.124,-0.18555,-0.092298,-0.55319,0.80687,6.383,-18.203,0.54678,2.7927,-2.5295,-0.77756,1.1005,7.8431,8.0483,0,0,0,4.1383,4.1965,4.1085,4.1595,-69.153,23.134,-11.003,-146.28,-77.519,-129.44
1.98,11.957,-17.019,1.1298,-0.1806,-0.11123,-0.55323,0.80558,6.3905,-18.124,0.62669,2.8955,-2.5301,-0.797,0.40186,8.0707,7.9319,0,0,0,4.1294,4.1874,4.1032,4.1484,-70.552,22.375,-12.278,-133.46,-74.276,-125.4
1.99,12.021,-17.2,1.1365,-0.1751,-0.13049,-0.55349,0.80372,6.391,-18.042,0.70537,2.9936,-2.5221,-0.81576,-0.31012,8.2907,7.8029,0,0,0,4.1232,4.1809,4.1018,4.1402,-71.822,21.648,-13.511,-120.47,-70.925,-121.18
2,12.085,-17.38,1.1439,-0.16902,-0.15002,-0.55398,0.80127,6.3843,-17.958,0.78271,3.0859,-2.5043,-0.83349,-1.0341,8.5037,7.6618,0,0,0,4.1204,4.1774,4.1045,4.1352,-72.961,20.956,-14.701,-107.34,-67.476,-116.81
2.01,12.148,-17.559,1.1522,-0.16235,-0.16976,-0.55471,0.7982,6.3703,-17.872,0.85857,3.171,-2.476,-0.84984,-1.7689,8.71,7.5091,0,0,0,4.1214,4.177,4.1117,4.1338,-73.968,20.299,-15.846,-94.086,-63.941,-112.28
2.02,12.212,-17.737,1.1611,-0.15508,-0.18961,-0.55568,0.79449,6.3489,-17.784,0.93285,3.2478,-2.4363,-0.86447,-2.5131,8.9098,7.3451,0,0,0,4.1264,4.1803,4.1237,4.1365,-74.843,19.678,-16.946,-80.733,-60.33,-107.62
2.03,12.275,-17.915,1.1708,-0.14719,-0.2095,-0.55689,0.79014,6.32,-17.694,1.0054,3.3149,-2.3851,-0.87705,-3.2653,9.1037,7.1703,0,0,0,4.1359,4.1874,4.1407,4.1437,-75.583,19.093,-17.998,-67.305,-56.652,-102.83
2.04,12.338,-18.091,1.1812,-0.13869,-0.22933,-0.55834,0.78513,6.2836,-17.602,1.0762,3.3711,-2.3223,-0.88727,-4.0243,9.2918,6.9852,0,0,0,4.1502,4.1987,4.1628,4.1557,-76.189,18.545,-19.002,-53.825,-52.918,-97.929
2.05,12.401,-18.267,1.1923,-0.12958,-0.24901,-0.56002,0.77947,6.2395,-17.508,1.1451,3.4155,-2.2481,-0.89486,-4.7886,9.4747,6.7904,0,0,0,4.1695,4.2143,4.19,4.1727,-76.659,18.035,-19.957,-40.318,-49.139,-92.926
2.06,12.463,-18.441,1.2041,-0.11987,-0.26844,-0.56192,0.77319,6.1878,-17.412,1.212,3.4472,-2.1634,-0.8996,-5.557,9.6526,6.5863,0,0,0,4.194,4.2344,4.2224,4.195,-76.995,17.562,-20.86,-26.807,-45.324,-87.832
2.07,12.525,-18.615,1.2166,-0.10959,-0.28753,-0.564,0.7663,6.1283,-17.315,1.2768,3.4654,-2.0691,-0.9013,-6.3281,9.8261,6.3734,0,0,0,4.2239,4.2592,4.2598,4.2228,-77.196,17.128,-21.713,-13.316,-41.485,-82.659
2.08,12.586,-18.787,1.2296,-0.098776,-0.30618,-0.56626,0.75884,6.0612,-17.216,1.3394,3.4698,-1.9665,-0.89984,-7.1005,9.9953,6.1522,0,0,0,4.259,4.2888,4.3021,4.2561,-77.261,16.733,-22.513,0.13155,-37.63,-77.419
2.09,12.646,-18.959,1.2433,-0.087463,-0.32431,-0.56866,0.75087,5.9863,-17.115,1.3998,3.4602,-1.8573,-0.89516,-7.8729,10.161,5.9233,0,0,0,4.2994,4.3233,4.3492,4.295,-77.193,16.376,-23.261,13.512,-33.772,-72.124
2.1,12.705,-19.13,1.2576,-0.075706,-0.34185,-0.57116,0.74242,5.9037,-17.013,1.4579,3.4368,-1.7432,-0.88722,-8.6439,10.323,5.6872,0,0,0,4.345,4.3625,4.4007,4.3393,-76.991,16.057,-23.956,26.803,-29.919,-66.785
2.11,12.764,-19.299,1.2725,-0.063565,-0.35872,-0.57373,0.73356,5.8135,-16.909,1.5135,3.3999,-1.6262,-0.87607,-9.4122,10.482,5.4444,0,0,0,4.3956,4.4065,4.4565,4.389,-76.657,15.777,-24.597,39.979,-26.083,-61.413
2.12,12.822,-19.468,1.2879,-0.051107,-0.37486,-0.57634,0.72436,5.7155,-16.803,1.5667,3.3503,-1.508,-0.86178,-10.177,10.639,5.1954,0,0,0,4.451,4.4553,4.5162,4.4438,-76.192,15.535,-25.184,53.017,-22.273,-56.02
2.13,12.878,-19.635,1.3038,-0.038404,-0.39025,-0.57896,0.71487,5.6099,-16.696,1.6174,3.2889,-1.3906,-0.84448,-10.936,10.793,4.9409,0,0,0,4.5109,4.5085,4.5796,4.5035,-75.598,15.332,-25.717,65.894,-18.5,-50.619
2.14,12.934,-19.802,1.3202,-0.025531,-0.40484,-0.58154,0.70517,5.4968,-16.587,1.6655,3.2167,-1.2757,-0.82432,-11.688,10.945,4.6812,0,0,0,4.5749,4.5661,4.6464,4.5678,-74.875,15.165,-26.196,78.585,-14.774,-45.22
2.15,12.988,-19.967,1.3371,-0.012565,-0.41861,-0.58407,0.69532,5.3762,-16.477,1.711,3.135,-1.1648,-0.80148,-12.433,11.096,4.4171,0,0,0,4.6427,4.6277,4.7162,4.6362,-74.027,15.036,-26.622,91.068,-11.106,-39.835
2.16,13.041,-20.131,1.3544,0.00041968,-0.43157,-0.5865,0.68539,5.2482,-16.365,1.7539,3.0451,-1.0591,-0.77615,-13.168,11.246,4.149,0,0,0,4.714,4.6932,4.7888,4.7085,-73.054,14.943,-26.993,103.32,-7.5055,-34.476
2.17,13.093,-20.294,1.3722,0.013349,-0.44373,-0.58883,0.67543,5.1129,-16.252,1.794,2.9484,-0.9599,-0.74855,-13.893,11.395,3.8774,0,0,0,4.7882,4.7621,4.8638,4.7841,-71.961,14.886,-27.311,115.31,-3.9831,-29.155
2.18,13.143,-20.456,1.3903,0.026155,-0.45508,-0.59104,0.6655,4.9704,-16.137,1.8314,2.8464,-0.86784,-0.71887,-14.607,11.544,3.6029,0,0,0,4.8651,4.8342,4.9409,4.8626,-70.749,14.863,-27.576,127.03,-0.54926,-23.883
2.19,13.192,-20.617,1.4088,0.038774,-0.46566,-0.59312,0.65564,4.8208,-16.021,1.8661,2.7402,-0.78354,-0.68735,-15.308,11.693,3.3261,0,0,0,4.9442,4.909,5.0198,4.9435,-69.422,14.874,-27.789,138.44,2.7859,-18.671
2.2,13.24,-20.777,1.4276,0.05115,-0.47551,-0.59505,0.6459,4.6643,-15.903,1.8979,2.6312,-0.70732,-0.65417,-15.995,11.842,3.0473,0,0,0,5.0251,4.9861,5.1001,5.0265,-67.981,14.918,-27.95,149.52,6.0119,-13.532
2.21,13.286,-20.935,1.4467,0.063232,-0.48465,-0.59684,0.63632,4.5009,-15.784,1.927,2.5206,-0.63932,-0.61953,-16.667,11.991,2.7672,0,0,0,5.1074,5.0652,5.1816,5.111,-66.432,14.994,-28.06,160.26,9.1187,-8.4767
2.22,13.33,-21.092,1.4662,0.074978,-0.49312,-0.59849,0.62691,4.331,-15.664,1.9533,2.4093,-0.57951,-0.58363,-17.323,12.142,2.4863,0,0,0,5.1908,5.1457,5.2639,5.1967,-64.778,15.1,-28.12,170.62,12.096,-3.5172
2.23,13.372,-21.248,1.4858,0.086353,-0.50096,-0.60001,0.61771,4.1545,-15.541,1.9767,2.2983,-0.52769,-0.54662,-17.963,12.293,2.205,0,0,0,5.2747,5.2274,5.3466,5.283,-63.021,15.236,-28.131,180.58,14.933,1.3351
2.24,13.413,-21.403,1.5057,0.097328,-0.50823,-0.60141,0.60872,3.9718,-15.418,1.9974,2.1883,-0.48357,-0.50867,-18.584,12.446,1.9239,0,0,0,5.3588,5.3097,5.4294,5.3696,-61.167,15.398,-28.094,190.12,17.619,6.0685
2.25,13.452,-21.557,1.5257,0.10788,-0.51495,-0.60269,0.59996,3.7829,-15.292,2.0152,2.0801,-0.44679,-0.46991,-19.186,12.601,1.6433,0,0,0,5.4429,5.3924,5.5121,5.4561,-59.22,15.587,-28.01,199.21,20.146,10.671
2.26,13.489,-21.709,1.546,0.118,-0.52118,-0.60386,0.59144,3.5881,-15.166,2.0302,1.9742,-0.41692,-0.43048,-19.768,12.758,1.3638,0,0,0,5.5264,5.4749,5.5943,5.5421,-57.185,15.801,-27.881,207.84,22.501,15.132
2.27,13.523,-21.86,1.5663,0.12767,-0.52695,-0.60496,0.58314,3.3876,-15.037,2.0425,1.871,-0.39348,-0.39048,-20.329,12.917,1.0858,0,0,0,5.6092,5.557,5.6758,5.6272,-55.065,16.037,-27.708,215.97,24.675,19.439
2.28,13.556,-22.01,1.5868,0.13688,-0.5323,-0.60597,0.57508,3.1816,-14.907,2.052,1.7707,-0.376,-0.35003,-20.869,13.079,0.8098,0,0,0,5.6909,5.6382,5.7561,5.7112,-52.867,16.294,-27.492,223.59,26.657,23.58
2.29,13.587,-22.158,1.6074,0.14564,-0.53726,-0.60693,0.56725,2.9703,-14.776,2.0587,1.6738,-0.364,-0.3092,-21.386,13.243,0.53612,0,0,0,5.7712,5.7183,5.835,5.7937,-50.595,16.569,-27.237,230.68,28.441,27.548
2.3,13.616,-22.305,1.628,0.15395,-0.54188,-0.60784,0.55964,2.754,-14.642,2.0627,1.5803,-0.357,-0.26808,-21.88,13.411,0.26519,0,0,0,5.8497,5.7968,5.9124,5.8744,-48.255,16.862,-26.942,237.23,30.027,31.341
2.31,13.642,-22.451,1.6486,0.16181,-0.54618,-0.60872,0.55223,2.5328,-14.507,2.064,1.4904,-0.35457,-0.22673,-22.351,13.581,-0.0025965,0,0,0,5.9264,5.8737,5.9879,5.9531,-45.852,17.169,-26.61,243.27,31.421,34.964
2.32,13.666,-22.596,1.6692,0.16923,-0.55019,-0.60959,0.54503,2.307,-14.371,2.0627,1.404,-0.35627,-0.18519,-22.797,13.754,-0.26689,0,0,0,6.0008,5.9484,6.0612,6.0295,-43.392,17.49,-26.243,248.8,32.625,38.419
2.33,13.688,-22.739,1.6899,0.17621,-0.55394,-0.61044,0.53801,2.0769,-14.232,2.0587,1.3211,-0.36174,-0.14349,-23.219,13.93,-0.52735,0,0,0,6.0729,6.0208,6.1323,6.1034,-40.878,17.821,-25.842,253.82,33.644,41.707
2.34,13.708,-22.88,1.7104,0.18278,-0.55746,-0.61131,0.53117,1.8427,-14.092,2.0521,1.2418,-0.37061,-0.10167,-23.615,14.11,-0.78364,0,0,0,6.1423,6.0907,6.2008,6.1746,-38.317,18.162,-25.41,258.36,34.482,44.833
2.35,13.725,-23.02,1.7309,0.18893,-0.56076,-0.61219,0.52448,1.6047,-13.95,2.043,1.1659,-0.38257,-0.059741,-23.985,14.294,-1.0354,0,0,0,6.209,6.1578,6.2666,6.2429,-35.713,18.51,-24.946,262.41,35.142,47.797
2.36,13.74,-23.159,1.7513,0.19468,-0.56387,-0.61309,0.51794,1.3631,-13.806,2.0314,1.0934,-0.39733,-0.017701,-24.329,14.481,-1.2825,0,0,0,6.2726,6.222,6.3296,6.3082,-33.07,18.864,-24.454,265.99,35.629,50.604
2.37,13.752,-23.296,1.7715,0.20004,-0.56681,-0.61404,0.51154,1.1182,-13.661,2.0174,1.024,-0.41464,0.024449,-24.646,14.671,-1.5244,0,0,0,6.3332,6.283,6.3895,6.3702,-30.394,19.222,-23.935,269.11,35.947,53.255
2.38,13.762,-23.432,1.7916,0.20503,-0.56959,-0.61503,0.50525,0.87031,-13.513,2.001,0.95776,-0.43428,0.066713,-24.937,14.865,-1.7611,0,0,0,6.3905,6.3408,6.4462,6.429,-27.689,19.582,-23.39,271.77,36.099,55.753
2.39,13.77,-23.567,1.8115,0.20965,-0.57222,-0.61607,0.49907,0.6196,-13.363,1.9822,0.89442,-0.45605,0.10911,-25.2,15.063,-1.9921,0,0,0,6.4444,6.3952,6.4997,6.4842,-24.96,19.944,-22.82,273.99,36.089,58.101
2.4,13.775,-23.7,1.8312,0.21392,-0.57473,-0.61717,0.49297,0.3664,-13.212,1.9611,0.83389,-0.47979,0.15164,-25.436,15.264,-2.2174,0,0,0,6.4948,6.4461,6.5498,6.536,-22.211,20.304,-22.228,275.77,35.922,60.3
2.41,13.777,-23.831,1.8507,0.21784,-0.57712,-0.61835,0.48696,0.11098,-13.058,1.9379,0.776,-0.50534,0.19434,-25.644,15.469,-2.4366,0,0,0,6.5417,6.4933,6.5964,6.5841,-19.446,20.661,-21.615,277.12,35.601,62.355
2.42,13.777,-23.961,1.87,0.22144,-0.5794,-0.61959,0.48101,-0.14638,-12.902,1.9124,0.72064,-0.53258,0.23722,-25.825,15.677,-2.6496,0,0,0,6.5849,6.5369,6.6394,6.6285,-16.67,21.015,-20.981,278.06,35.129,64.267
2.43,13.774,-24.089,1.889,0.22471,-0.58159,-0.62091,0.47511,-0.40542,-12.744,1.8849,0.66766,-0.56141,0.28031,-25.977,15.889,-2.8562,0,0,0,6.6244,6.5768,6.6789,6.6692,-13.887,21.364,-20.33,278.58,34.512,66.039
2.44,13.769,-24.216,1.9077,0.22768,-0.58369,-0.62232,0.46925,-0.66584,-12.584,1.8553,0.61692,-0.59174,0.32364,-26.102,16.104,-3.0562,0,0,0,6.6603,6.6128,6.7147,6.7061,-11.1,21.705,-19.661,278.71,33.753,67.673
2.45,13.761,-24.341,1.9261,0.23034,-0.58571,-0.62381,0.46341,-0.92737,-12.422,1.8238,0.56831,-0.62349,0.36722,-26.199,16.323,-3.2494,0,0,0,6.6923,6.6451,6.7468,6.7392,-8.3137,22.038,-18.977,278.45,32.856,69.173
2.46,13.75,-24.464,1.9442,0.2327,-0.58765,-0.6254,0.45759,-1.1897,-12.258,1.7904,0.52169,-0.65659,0.41108,-26.269,16.545,-3.4357,0,0,0,6.7207,6.6735,6.7753,6.7686,-5.5322,22.362,-18.278,277.8,31.825,70.54
2.47,13.737,-24.586,1.9619,0.23479,-0.58953,-0.62708,0.45178,-1.4526,-12.091,1.7551,0.47697,-0.69101,0.45526,-26.31,16.77,-3.6149,0,0,0,6.7452,6.6981,6.8,6.7941,-2.7589,22.674,-17.566,276.79,30.664,71.778
2.48,13.721,-24.706,1.9792,0.23659,-0.59135,-0.62885,0.44595,-1.7158,-11.923,1.7181,0.43402,-0.72669,0.49976,-26.324,16.999,-3.787,0,0,0,6.7661,6.7189,6.8211,6.8158,0.002313,22.975,-16.843,275.41,29.376,72.888
2.49,13.703,-24.824,1.9962,0.23812,-0.59312,-0.63073,0.4401,-1.979,-11.751,1.6794,0.39275,-0.7636,0.54462,-26.31,17.23,-3.9517,0,0,0,6.7832,6.736,6.8385,6.8338,2.748,23.261,-16.109,273.68,27.966,73.873
2.5,13.682,-24.941,2.0128,0.23939,-0.59483,-0.63271,0.43422,-2.2419,-11.578,1.6391,0.35307,-0.80172,0.58986,-26.269,17.464,-4.1091,0,0,0,6.7967,6.7493,6.8524,6.8481,5.4747,23.533,-15.366,271.6,26.437,74.737
2.51,13.658,-25.056,2.029,0.2404,-0.59649,-0.63479,0.4283,-2.5043,-11.402,1.5972,0.31488,-0.84102,0.63549,-26.201,17.7,-4.259,0,0,0,6.8066,6.759,6.8626,6.8587,8.1789,23.79,-14.615,269.19,24.794,75.481
2.52,13.631,-25.169,2.0448,0.24115,-0.59811,-0.63698,0.42233,-2.7659,-11.224,1.5539,0.27811,-0.88149,0.68152,-26.105,17.939,-4.4014,0,0,0,6.8129,6.765,6.8694,6.8657,10.857,24.029,-13.857,266.45,23.04,76.108
2.53,13.603,-25.28,2.0601,0.24165,-0.59969,-0.63928,0.41629,-3.0263,-11.043,1.5092,0.2427,-0.9231,0.72797,-25.984,18.181,-4.5361,0,0,0,6.8158,6.7676,6.8728,6.8693,13.507,24.25,-13.093,263.4,21.18,76.621
2.54,13.571,-25.39,2.075,0.24191,-0.60123,-0.64168,0.41018,-3.2855,-10.86,1.4632,0.20856,-0.96585,0.77484,-25.835,18.424,-4.6632,0,0,0,6.8154,6.7667,6.8728,6.8694,16.124,24.452,-12.325,260.04,19.216,77.022
2.55,13.537,-25.497,2.0893,0.24193,-0.60273,-0.64419,0.40398,-3.543,-10.675,1.416,0.17565,-1.0097,0.82213,-25.661,18.67,-4.7826,0,0,0,6.8117,6.7625,6.8696,6.8662,18.707,24.634,-11.553,256.38,17.154,77.313
2.56,13.5,-25.603,2.1033,0.2417,-0.6042,-0.64681,0.3977,-3.7986,-10.487,1.3676,0.14391,-1.0547,0.86984,-25.461,18.917,-4.8943,0,0,0,6.8049,6.7552,6.8633,6.8597,21.251,24.795,-10.779,252.43,14.997,77.499
2.57,13.461,-25.707,2.1167,0.24124,-0.60564,-0.64953,0.39131,-4.0521,-10.296,1.3181,0.1133,-1.1008,0.91796,-25.236,19.166,-4.9982,0,0,0,6.7951,6.7448,6.8539,6.8502,23.754,24.934,-10.003,248.2,12.75,77.58
2.58,13.419,-25.809,2.1296,0.24054,-0.60704,-0.65236,0.38481,-4.3032,-10.104,1.2677,0.083787,-1.1479,0.96646,-24.986,19.416,-5.0943,0,0,0,6.7824,6.7315,6.8417,6.8377,26.214,25.05,-9.2275,243.7,10.415,77.56
2.59,13.375,-25.909,2.142,0.23961,-0.60841,-0.65529,0.37819,-4.5517,-9.9081,1.2163,0.055327,-1.1961,1.0153,-24.712,19.667,-5.1827,0,0,0,6.767,6.7154,6.8267,6.8224,28.627,25.142,-8.4524,238.94,7.9966,77.44
2.6,13.328,-26.007,2.1539,0.23844,-0.60975,-0.65832,0.37144,-4.7974,-9.7102,1.164,0.027898,-1.2453,1.0645,-24.414,19.918,-5.2634,0,0,0,6.7491,6.6967,6.8092,6.8043,30.992,25.209,-7.679,233.93,5.4994,77.225
2.61,13.279,-26.103,2.1653,0.23704,-0.61105,-0.66146,0.36455,-5.04,-9.5098,1.111,0.0014806,-1.2954,1.114,-24.093,20.171,-5.3363,0,0,0,6.7287,6.6755,6.7892,6.7837,33.305,25.252,-6.9083,228.68,2.9269,76.916
2.62,13.227,-26.198,2.1762,0.23541,-0.61233,-0.66469,0.35752,-5.2792,-9.3068,1.0573,-0.023942,-1.3465,1.1637,-23.748,20.423,-5.4016,0,0,0,6.7062,6.6521,6.7669,6.7608,35.565,25.268,-6.141,223.19,0.28304,76.515
2.63,13.173,-26.29,2.1865,0.23355,-0.61358,-0.66801,0.35034,-5.5148,-9.1013,1.003,-0.048378,-1.3985,1.2136,-23.381,20.676,-5.4592,0,0,0,6.6816,6.6267,6.7424,6.7356,37.768,25.257,-5.3783,217.48,-2.4282,76.026
2.64,13.117,-26.38,2.1962,0.23146,-0.61479,-0.67143,0.343,-5.7467,-8.8933,0.94817,-0.071834,-1.4513,1.2635,-22.993,20.928,-5.5092,0,0,0,6.6551,6.5994,6.7161,6.7084,39.914,25.219,-4.6208,211.55,-5.2029,75.451
2.65,13.058,-26.467,2.2054,0.22914,-0.61597,-0.67492,0.33549,-5.9746,-8.6827,0.89286,-0.094311,-1.5048,1.3135,-22.583,21.18,-5.5516,0,0,0,6.627,6.5704,6.6879,6.6792,41.999,25.153,-3.8695,205.42,-8.0372,74.793
2.66,12.998,-26.553,2.2141,0.22659,-0.61712,-0.6785,0.32781,-6.1983,-8.4697,0.83716,-0.1158,-1.5589,1.3634,-22.153,21.431,-5.5866,0,0,0,6.5975,6.54,6.6582,6.6485,44.021,25.058,-3.1252,199.08,-10.927,74.053
2.67,12.934,-26.637,2.2222,0.22381,-0.61823,-0.68216,0.31995,-6.4176,-8.2541,0.78115,-0.13631,-1.6135,1.413,-21.703,21.681,-5.6141,0,0,0,6.5667,6.5083,6.6271,6.6162,45.98,24.934,-2.3887,192.57,-13.869,73.236
2.68,12.869,-26.718,2.2297,0.22079,-0.61931,-0.68588,0.3119,-6.6323,-8.036,0.7249,-0.15581,-1.6686,1.4623,-21.234,21.93,-5.6344,0,0,0,6.5348,6.4756,6.5948,6.5826,47.872,24.78,-1.6607,185.87,-16.858,72.343
2.69,12.802,-26.798,2.2367,0.21755,-0.62034,-0.68966,0.30367,-6.8422,-7.8155,0.66849,-0.1743,-1.7239,1.5112,-20.746,22.177,-5.6474,0,0,0,6.5022,6.4421,6.5615,6.5479,49.697,24.597,-0.94209,179,-19.891,71.376
2.7,12.732,-26.875,2.2431,0.21408,-0.62134,-0.6935,0.29525,-7.0472,-7.5925,0.61198,-0.19176,-1.7794,1.5594,-20.24,22.422,-5.6532,0,0,0,6.4689,6.4081,6.5273,6.5123,51.452,24.382,-0.23346,171.97,-22.965,70.339
2.71,12.661,-26.949,2.2489,0.21037,-0.62229,-0.69738,0.28664,-7.247,-7.3671,0.55545,-0.20817,-1.8347,1.6068,-19.717,22.664,-5.6521,0,0,0,6.4353,6.3737,6.4926,6.476,53.136,24.137,0.46446,164.8,-26.074,69.234
2.72,12.587,-27.022,2.2542,0.20644,-0.6232,-0.7013,0.27783,-7.4415,-7.1392,0.49896,-0.22352,-1.8899,1.6532,-19.178,22.904,-5.644,0,0,0,6.4014,6.3392,6.4575,6.4392,54.747,23.861,1.151,157.48,-29.215,68.063
2.73,12.512,-27.092,2.2589,0.20228,-0.62406,-0.70525,0.26882,-7.6305,-6.909,0.44259,-0.2378,-1.9446,1.6985,-18.622,23.142,-5.6291,0,0,0,6.3677,6.3048,6.4222,6.4021,56.285,23.553,1.8255,150.03,-32.384,66.83
2.74,12.435,-27.16,2.263,0.19789,-0.62487,-0.70921,0.25961,-7.8139,-6.6764,0.3864,-0.25097,-1.9986,1.7424,-18.052,23.375,-5.6075,0,0,0,6.3342,6.2708,6.3869,6.3649,57.747,23.213,2.4874,142.45,-35.578,65.537
2.75,12.356,-27.226,2.2666,0.19328,-0.62562,-0.71319,0.25021,-7.9915,-6.4415,0.33046,-0.26304,-2.0517,1.7848,-17.468,23.606,-5.5794,0,0,0,6.3011,6.2374,6.3518,6.3279,59.133,22.841,3.1361,134.76,-38.792,64.185
2.76,12.275,-27.289,2.2696,0.18845,-0.62632,-0.71716,0.24061,-8.1632,-6.2043,0.27484,-0.27398,-2.1036,1.8254,-16.87,23.832,-5.5448,0,0,0,6.2687,6.2048,6.3171,6.2911,60.442,22.437,3.7709,126.97,-42.022,62.779
2.77,12.193,-27.35,2.2721,0.18341,-0.62695,-0.72112,0.23082,-8.3288,-5.9649,0.21959,-0.28378,-2.1541,1.864,-16.259,24.054,-5.504,0,0,0,6.2372,6.1732,6.2831,6.2549,61.672,22.001,4.3915,119.08,-45.265,61.32
2.78,12.108,-27.408,2.274,0.17816,-0.62752,-0.72506,0.22085,-8.4883,-5.7232,0.16478,-0.29245,-2.203,1.9004,-15.637,24.272,-5.4571,0,0,0,6.2067,6.1428,6.2498,6.2194,62.823,21.532,4.9972,111.1,-48.516,59.811
2.79,12.023,-27.464,2.2754,0.17271,-0.62801,-0.72896,0.2107,-8.6415,-5.4794,0.11047,-0.29998,-2.2498,1.9344,-15.003,24.485,-5.4041,0,0,0,6.1775,6.1137,6.2175,6.1849,63.894,21.03,5.5875,103.05,-51.772,58.255
2.8,11.936,-27.518,2.2762,0.16705,-0.62844,-0.73281,0.20037,-8.7883,-5.2336,0.056713,-0.30637,-2.2944,1.9657,-14.359,24.692,-5.3454,0,0,0,6.1497,6.0863,6.1863,6.1515,64.884,20.496,6.1621,94.929,-55.029,56.653
2.81,11.847,-27.569,2.2766,0.16122,-0.62879,-0.7366,0.18987,-8.9287,-4.9856,0.0035766,-0.31165,-2.3365,1.9942,-13.706,24.895,-5.2809,0,0,0,6.1234,6.0606,6.1565,6.1193,65.793,19.93,6.7205,86.749,-58.282,55.01
2.82,11.757,-27.618,2.2763,0.1552,-0.62906,-0.74033,0.17922,-9.0624,-4.7357,-0.048888,-0.31581,-2.3758,2.0197,-13.043,25.091,-5.211,0,0,0,6.0988,6.0367,6.1281,6.0887,66.619,19.331,7.2622,78.519,-61.528,53.327
2.83,11.666,-27.664,2.2756,0.14901,-0.62924,-0.74397,0.16842,-9.1895,-4.4838,-0.10063,-0.3189,-2.412,2.0419,-12.373,25.281,-5.1358,0,0,0,6.076,6.0149,6.1014,6.0596,67.363,18.699,7.7869,70.249,-64.763,51.607
2.84,11.573,-27.707,2.2743,0.14267,-0.62933,-0.74752,0.15748,-9.3099,-4.2301,-0.15159,-0.32094,-2.4449,2.0609,-11.696,25.465,-5.0553,0,0,0,6.0551,5.9952,6.0764,6.0324,68.024,18.036,8.2942,61.948,-67.983,49.852
2.85,11.48,-27.748,2.2725,0.13619,-0.62934,-0.75096,0.14642,-9.4234,-3.9745,-0.20172,-0.32198,-2.4743,2.0763,-11.013,25.642,-4.9699,0,0,0,6.0363,5.9777,6.0534,6.0071,68.602,17.34,8.7838,53.624,-71.183,48.065
2.86,11.385,-27.787,2.2703,0.12958,-0.62925,-0.75429,0.13525,-9.5301,-3.7173,-0.25097,-0.32205,-2.4999,2.0882,-10.325,25.812,-4.8797,0,0,0,6.0196,5.9624,6.0323,5.9839,69.096,16.612,9.2554,45.288,-74.361,46.249
2.87,11.289,-27.823,2.2675,0.12285,-0.62907,-0.7575,0.12399,-9.6299,-3.4583,-0.2993,-0.32122,-2.5216,2.0964,-9.6316,25.974,-4.7849,0,0,0,6.005,5.9495,6.0133,5.9628,69.507,15.853,9.7087,36.949,-77.513,44.406
2.88,11.192,-27.856,2.2643,0.11602,-0.62878,-0.76058,0.11264,-9.7227,-3.1978,-0.34665,-0.31955,-2.5393,2.1009,-8.9348,26.128,-4.6856,0,0,0,5.9926,5.939,5.9965,5.944,69.835,15.062,10.143,28.614,-80.633,42.539
2.89,11.095,-27.886,2.2606,0.10911,-0.6284,-0.76352,0.10123,-9.8086,-2.9358,-0.39299,-0.31711,-2.5527,2.1017,-8.2352,26.275,-4.5821,0,0,0,5.9824,5.9308,5.9819,5.9276,70.08,14.24,10.559,20.295,-83.719,40.65
2.9,10.996,-27.915,2.2564,0.10213,-0.62792,-0.76631,0.089764,-9.8874,-2.6723,-0.43828,-0.31397,-2.562,2.0988,-7.5335,26.413,-4.4745,0,0,0,5.9744,5.9249,5.9696,5.9135,70.241,13.388,10.956,12,-86.766,38.743
2.91,10.897,-27.94,2.2518,0.095099,-0.62734,-0.76895,0.078265,-9.9593,-2.4076,-0.48247,-0.31021,-2.567,2.0923,-6.8306,26.543,-4.363,0,0,0,5.9686,5.9213,5.9596,5.9019,70.32,12.505,11.334,3.7379,-89.771,36.818
2.92,10.797,-27.963,2.2468,0.088038,-0.62665,-0.77143,0.066747,-10.024,-2.1415,-0.52553,-0.30592,-2.5677,2.0822,-6.1274,26.663,-4.2479,0,0,0,5.9649,5.92,5.9519,5.8928,70.316,11.592,11.693,-4.4817,-92.729,34.88
2.93,10.696,-27.983,2.2413,0.080961,-0.62587,-0.77375,0.055225,-10.082,-1.8743,-0.56742,-0.30118,-2.5642,2.0686,-5.4246,26.774,-4.1292,0,0,0,5.9634,5.9209,5.9465,5.886,70.23,10.651,12.032,-12.65,-95.637,32.93
2.94,10.595,-28,2.2355,0.073887,-0.62498,-0.77591,0.043715,-10.133,-1.6061,-0.6081,-0.29608,-2.5566,2.0518,-4.723,26.876,-4.0073,0,0,0,5.9639,5.9238,5.9433,5.8818,70.063,9.6798,12.351,-20.757,-98.49,30.972
2.95,10.494,-28.015,2.2292,0.066831,-0.624,-0.7779,0.032232,-10.176,-1.3368,-0.64755,-0.29072,-2.545,2.0318,-4.0236,26.968,-3.8823,0,0,0,5.9664,5.9287,5.9423,5.8798,69.815,8.6809,12.651,-28.794,-101.29,29.007
2.96,10.392,-28.027,2.2225,0.05981,-0.62292,-0.77972,0.020792,-10.213,-1.0667,-0.68574,-0.28518,-2.5296,2.0088,-3.327,27.05,-3.7543,0,0,0,5.9707,5.9355,5.9433,5.8802,69.488,7.6543,12.931,-36.752,-104.02,27.039
2.97,10.29,-28.036,2.2155,0.052839,-0.62175,-0.78138,0.0094066,-10.243,-0.79588,-0.72263,-0.27956,-2.5106,1.9832,-2.6341,27.121,-3.6237,0,0,0,5.9768,5.944,5.9464,5.8828,69.081,6.6008,13.192,-44.621,-106.69,25.069
2.98,10.187,-28.043,2.2081,-0.045935,0.62048,0.78287,0.0019094,-10.266,-0.52436,-0.7582,-0.27393,-2.4881,1.955,-1.9456,27.182,-3.4906,0,0,0,5.9845,5.9541,5.9514,5.8874,68.596,5.5209,13.433,-52.393,-109.28,23.102
2.99,10.084,-28.047,2.2003,-0.03911,0.61913,0.7842,0.013144,-10.282,-0.25228,-0.79243,-0.26839,-2.4625,1.9246,-1.2624,27.231,-3.3551,0,0,0,5.9936,5.9656,5.9582,5.894,68.033,4.4154,13.654,-60.057,-111.81,21.138
3,9.9814,-28.048,2.1922,-0.032378,0.61769,0.78538,0.024286,-10.291,0.020231,-0.8253,-0.26302,-2.434,1.8922,-0.58521,27.27,-3.2175,0,0,0,6.0041,5.9784,5.9666,5.9024,67.395,3.285,13.856,-67.606,-114.25,19.181
3.01,9.8785,-28.046,2.1838,-0.025751,0.61618,0.78639,0.035325,-10.293,0.29307,-0.85678,-0.25789,-2.4029,1.858,0.085229,27.297,-3.0781,0,0,0,6.0158,5.9922,5.9765,5.9125,66.682,2.1306,14.038,-75.03,-116.61,17.233
3.02,9.7756,-28.042,2.1751,-0.01924,0.61458,0.78726,0.046252,-10.289,0.56613,-0.88685,-0.25307,-2.3695,1.8222,0.74817,27.312,-2.9369,0,0,0,6.0285,6.0069,5.9877,5.9239,65.895,0.95302,14.2,-82.319,-118.89,15.297
3.03,9.6727,-28.035,2.1661,-0.012855,0.61291,0.78798,0.057057,-10.279,0.83928,-0.91551,-0.24864,-2.334,1.7852,1.4029,27.316,-2.7941,0,0,0,6.042,6.0224,6,5.9367,65.036,-0.24691,14.344,-89.464,-121.08,13.375
3.04,9.57,-28.025,2.1568,-0.0066038,0.61117,0.78857,0.067735,-10.261,1.1124,-0.94273,-0.24466,-2.2967,1.7472,2.0486,27.307,-2.6501,0,0,0,6.0562,6.0383,6.0132,5.9505,64.106,-1.4683,14.468,-96.456,-123.17,11.47
3.05,9.4675,-28.013,2.1472,-0.00049422,0.60937,0.78901,0.078279,-10.238,1.3854,-0.96851,-0.24118,-2.258,1.7083,2.6848,27.286,-2.5048,0,0,0,6.0709,6.0546,6.0271,5.9651,63.107,-2.7101,14.573,-103.29,-125.17,9.585
3.06,9.3653,-27.998,2.1374,0.0054675,0.6075,0.78934,0.088684,-10.208,1.6581,-0.99282,-0.23825,-2.2181,1.6689,3.3106,27.253,-2.3587,0,0,0,6.0858,6.0711,6.0416,5.9804,62.041,-3.9713,14.66,-109.95,-127.07,7.7219
3.07,9.2634,-27.98,2.1274,0.011276,0.60557,0.78954,0.098945,-10.171,1.9304,-1.0157,-0.23593,-2.1774,1.629,3.9254,27.207,-2.2117,0,0,0,6.1008,6.0875,6.0564,5.9961,60.909,-5.251,14.728,-116.42,-128.86,5.8835
3.08,9.1619,-27.959,2.1171,0.016928,0.60359,0.78962,0.10906,-10.129,2.2022,-1.0371,-0.23425,-2.136,1.589,4.5285,27.148,-2.0642,0,0,0,6.1157,6.1037,6.0713,6.012,59.713,-6.5481,14.777,-122.71,-130.54,4.0723
3.09,9.0608,-27.936,2.1066,0.02242,0.60155,0.7896,0.11903,-10.081,2.4733,-1.057,-0.23324,-2.0942,1.549,5.1194,27.076,-1.9162,0,0,0,6.1303,6.1194,6.0861,6.0278,58.455,-7.8614,14.809,-128.8,-132.11,2.2909
3.1,8.9603,-27.909,2.096,0.02775,0.59945,0.78948,0.12884,-10.027,2.7437,-1.0754,-0.23295,-2.0523,1.5092,5.6974,26.991,-1.768,0,0,0,6.1445,6.1345,6.1006,6.0434,57.138,-9.1898,14.823,-134.68,-133.56,0.54199
3.11,8.8603,-27.881,2.0851,0.032917,0.59731,0.78927,0.13851,-9.967,3.0131,-1.0923,-0.2334,-2.0105,1.4697,6.262,26.892,-1.6198,0,0,0,6.1579,6.1487,6.1145,6.0585,55.762,-10.532,14.82,-140.35,-134.89,-1.172
3.12,8.761,-27.849,2.0741,0.037921,0.59512,0.78897,0.14803,-9.9016,3.2815,-1.1078,-0.23462,-1.969,1.4307,6.8125,26.78,-1.4717,0,0,0,6.1705,6.162,6.1278,6.0729,54.331,-11.887,14.8,-145.79,-136.09,-2.8484
3.13,8.6623,-27.815,2.063,0.042762,0.59289,0.78859,0.1574,-9.8308,3.5486,-1.1218,-0.23662,-1.9279,1.3922,7.3484,26.654,-1.3239,0,0,0,6.182,6.1741,6.1401,6.0865,52.847,-13.253,14.763,-150.99,-137.17,-4.4847
3.14,8.5644,-27.778,2.0517,0.047442,0.59061,0.78814,0.16663,-9.7547,3.8145,-1.1343,-0.23942,-1.8876,1.3545,7.8693,26.515,-1.1765,0,0,0,6.1923,6.1848,6.1512,6.0988,51.312,-14.63,14.71,-155.95,-138.11,-6.0783
3.15,8.4672,-27.739,2.0403,0.051963,0.58828,0.78762,0.17571,-9.6735,4.0789,-1.1453,-0.24305,-1.8481,1.3175,8.3745,26.362,-1.0297,0,0,0,6.2012,6.194,6.1611,6.1099,49.729,-16.015,14.642,-160.65,-138.91,-7.6267
3.16,8.3709,-27.697,2.0288,0.056326,0.58591,0.78705,0.18465,-9.5873,4.3417,-1.1549,-0.24752,-1.8096,1.2815,8.8637,26.195,-0.88369,0,0,0,6.2085,6.2015,6.1695,6.1195,48.1,-17.408,14.558,-165.09,-139.58,-9.1271
3.17,8.2755,-27.652,2.0172,0.060535,0.58349,0.78641,0.19346,-9.4962,4.6027,-1.163,-0.25284,-1.7723,1.2464,9.3364,26.014,-0.73859,0,0,0,6.214,6.2071,6.1761,6.1274,46.428,-18.806,14.459,-169.26,-140.1,-10.577
3.18,8.181,-27.605,2.0055,0.064593,0.58103,0.78573,0.20213,-9.4006,4.8619,-1.1696,-0.25901,-1.7362,1.2124,9.7921,25.818,-0.59455,0,0,0,6.2176,6.2107,6.181,6.1334,44.716,-20.209,14.347,-173.14,-140.47,-11.974
3.19,8.0875,-27.555,1.9938,0.068505,0.57852,0.78501,0.21068,-9.3005,5.1191,-1.1749,-0.26607,-1.7015,1.1794,10.231,25.609,-0.4517,0,0,0,6.2192,6.2121,6.1838,6.1375,42.966,-21.615,14.22,-176.74,-140.69,-13.316
3.2,7.995,-27.502,1.9821,0.072273,0.57596,0.78424,0.2191,-9.196,5.3741,-1.1787,-0.274,-1.6683,1.1476,10.651,25.386,-0.31019,0,0,0,6.2186,6.2113,6.1845,6.1393,41.182,-23.023,14.081,-180.03,-140.76,-14.6
3.21,7.9036,-27.447,1.9703,0.075903,0.57335,0.78345,0.22741,-9.0875,5.6267,-1.1811,-0.28283,-1.6367,1.117,11.054,25.149,-0.17014,0,0,0,6.2157,6.208,6.1829,6.1388,39.367,-24.43,13.928,-183.03,-140.67,-15.826
3.22,7.8133,-27.39,1.9584,0.0794,0.57069,0.78262,0.23561,-8.975,5.877,-1.1821,-0.29258,-1.6068,1.0877,11.439,24.898,-0.031662,0,0,0,6.2103,6.2022,6.1788,6.1359,37.523,-25.835,13.764,-185.74,-140.42,-16.995
3.23,7.7241,-27.33,1.9466,0.082768,0.56797,0.78177,0.2437,-8.8588,6.1246,-1.1817,-0.30324,-1.5787,1.0595,11.804,24.632,0.10511,0,0,0,6.2023,6.1938,6.1722,6.1304,35.653,-27.238,13.589,-188.16,-140.03,-18.109
3.24,7.6361,-27.267,1.9348,0.086012,0.5652,0.7809,0.2517,-8.739,6.3696,-1.18,-0.31484,-1.5524,1.0327,12.152,24.353,0.24008,0,0,0,6.1917,6.1826,6.163,6.1222,33.76,-28.636,13.402,-190.3,-139.5,-19.168
3.25,7.5494,-27.202,1.923,0.089138,0.56236,0.78,0.25961,-8.6158,6.6117,-1.1769,-0.32739,-1.528,1.0071,12.48,24.059,0.37312,0,0,0,6.1784,6.1686,6.151,6.1112,31.848,-30.027,13.205,-192.17,-138.82,-20.173
3.26,7.4638,-27.135,1.9113,0.092151,0.55946,0.7791,0.26743,-8.4895,6.8507,-1.1725,-0.34092,-1.5056,0.98279,12.788,23.752,0.50415,0,0,0,6.1622,6.1517,6.1362,6.0974,29.918,-31.412,12.999,-193.76,-138,-21.124
3.27,7.3796,-27.065,1.8996,0.095056,0.55649,0.77818,0.27517,-8.3601,7.0867,-1.1668,-0.35545,-1.4853,0.95981,13.078,23.431,0.63307,0,0,0,6.1432,6.1318,6.1185,6.0806,27.973,-32.787,12.783,-195.09,-137.05,-22.024
3.28,7.2966,-26.993,1.8879,0.09786,0.55344,0.77726,0.28285,-8.228,7.3193,-1.1599,-0.371,-1.467,0.93814,13.348,23.097,0.75979,0,0,0,6.1212,6.1089,6.0979,6.0608,26.017,-34.152,12.559,-196.16,-135.96,-22.872
3.29,7.215,-26.919,1.8764,0.10057,0.55031,0.77632,0.29046,-8.0932,7.5485,-1.1516,-0.3876,-1.4509,0.91777,13.598,22.748,0.88422,0,0,0,6.0961,6.0829,6.0742,6.0379,24.051,-35.506,12.326,-196.97,-134.73,-23.669
3.3,7.1348,-26.842,1.8649,0.10318,0.54709,0.77539,0.29802,-7.9561,7.7742,-1.1422,-0.40529,-1.4371,0.89872,13.829,22.387,1.0063,0,0,0,6.0681,6.0538,6.0474,6.0119,22.078,-36.846,12.085,-197.53,-133.38,-24.417
3.31,7.0559,-26.763,1.8535,0.10571,0.54378,0.77445,0.30553,-7.8167,7.9962,-1.1315,-0.4241,-1.4255,0.88098,14.04,22.011,1.1259,0,0,0,6.0369,6.0215,6.0175,5.9828,20.101,-38.173,11.838,-197.84,-131.91,-25.116
3.32,6.9784,-26.682,1.8423,0.10817,0.54038,0.77351,0.31301,-7.6753,8.2144,-1.1197,-0.44408,-1.4163,0.86456,14.231,21.623,1.243,0,0,0,6.0027,5.986,5.9846,5.9505,18.122,-39.484,11.583,-197.91,-130.31,-25.767
3.33,6.9024,-26.599,1.8311,0.11055,0.53686,0.77258,0.32045,-7.5322,8.4286,-1.1067,-0.46528,-1.4095,0.84945,14.402,21.222,1.3575,0,0,0,5.9653,5.9473,5.9484,5.915,16.144,-40.778,11.323,-197.75,-128.58,-26.371
3.34,6.8278,-26.514,1.8202,0.11286,0.53323,0.77164,0.32787,-7.3874,8.6388,-1.0925,-0.48773,-1.4053,0.83567,14.554,20.808,1.4694,0,0,0,5.9248,5.9054,5.9092,5.8764,14.168,-42.055,11.056,-197.36,-126.75,-26.93
3.35,6.7547,-26.426,1.8093,0.11511,0.52948,0.77071,0.33527,-7.2411,8.8448,-1.0773,-0.5115,-1.4036,0.8232,14.686,20.381,1.5786,0,0,0,5.8813,5.8603,5.8669,5.8346,12.197,-43.313,10.784,-196.74,-124.79,-27.443
3.36,6.683,-26.337,1.7986,0.11731,0.52559,0.76979,0.34267,-7.0937,9.0464,-1.061,-0.53666,-1.4046,0.81207,14.798,19.941,1.6851,0,0,0,5.8347,5.8121,5.8215,5.7897,10.234,-44.551,10.507,-195.9,-122.73,-27.911
3.37,6.6128,-26.245,1.7881,0.11946,0.52156,0.76887,0.35007,-6.9453,9.2435,-1.0436,-0.56326,-1.4084,0.80227,14.89,19.49,1.7888,0,0,0,5.785,5.7607,5.773,5.7417,8.2801,-45.767,10.226,-194.85,-120.56,-28.336
3.38,6.5441,-26.152,1.7777,0.12156,0.51738,0.76795,0.35748,-6.796,9.4361,-1.0252,-0.59139,-1.4151,0.79382,14.963,19.026,1.8896,0,0,0,5.7323,5.7062,5.7215,5.6906,6.3378,-46.961,9.9407,-193.58,-118.28,-28.719
3.39,6.4769,-26.057,1.7676,0.12364,0.51303,0.76704,0.3649,-6.646,9.624,-1.0058,-0.62112,-1.4249,0.78672,15.017,18.551,1.9876,0,0,0,5.6768,5.6486,5.667,5.6365,4.4092,-48.132,9.6518,-192.11,-115.89,-29.06
3.4,6.4112,-25.96,1.7576,0.12568,0.50851,0.76614,0.37235,-6.4957,9.8071,-0.98547,-0.65253,-1.4378,0.781,15.052,18.064,2.0826,0,0,0,5.6183,5.588,5.6097,5.5795,2.4963,-49.279,9.3597,-190.44,-113.41,-29.36
3.41,6.347,-25.861,1.7479,0.12771,0.50379,0.76525,0.37984,-6.3451,9.9853,-0.96418,-0.68572,-1.454,0.77667,15.067,17.565,2.1748,0,0,0,5.557,5.5245,5.5496,5.5196,0.60101,-50.4,9.0647,-188.58,-110.83,-29.62
3.42,6.2843,-25.76,1.7383,0.12972,0.49887,0.76436,0.38737,-6.1944,10.158,-0.94198,-0.72079,-1.4737,0.77376,15.064,17.056,2.2639,0,0,0,5.4931,5.4581,5.4867,5.457,-1.2746,-51.495,8.7674,-186.52,-108.15,-29.841
3.43,6.2231,-25.658,1.729,0.13173,0.49373,0.76347,0.39495,-6.0439,10.326,-0.91891,-0.75785,-1.497,0.77228,15.042,16.535,2.3501,0,0,0,5.4265,5.389,5.4212,5.3917,-3.1288,-52.563,8.468,-184.28,-105.38,-30.024
3.44,6.1634,-25.553,1.72,0.13374,0.48834,0.7626,0.40259,-5.8936,10.489,-0.89499,-0.797,-1.5242,0.77226,15.001,16.004,2.4333,0,0,0,5.3574,5.3172,5.3532,5.3238,-4.9596,-53.603,8.167,-181.86,-102.52,-30.17
3.45,6.1052,-25.448,1.7111,0.13577,0.48271,0.76172,0.4103,-5.7439,10.646,-0.87025,-0.83836,-1.5553,0.77373,14.943,15.463,2.5134,0,0,0,5.286,5.2428,5.2829,5.2535,-6.7653,-54.613,7.8648,-179.26,-99.577,-30.279
3.46,6.0485,-25.341,1.7026,0.13782,0.47679,0.76085,0.41808,-5.5948,10.798,-0.84473,-0.88208,-1.5908,0.77672,14.866,14.912,2.5906,0,0,0,5.2124,5.1661,5.2103,5.181,-8.5442,-55.594,7.5616,-176.5,-96.548,-30.353
3.47,5.9933,-25.232,1.6943,0.1399,0.47058,0.75997,0.42594,-5.4466,10.945,-0.81845,-0.92826,-1.6307,0.78128,14.772,14.352,2.6647,0,0,0,5.1367,5.087,5.1356,5.1063,-10.295,-56.544,7.2578,-173.56,-93.439,-30.392
3.48,5.9396,-25.122,1.6862,0.14203,0.46404,0.7591,0.43389,-5.2995,11.085,-0.79145,-0.97706,-1.6753,0.78743,14.66,13.782,2.7357,0,0,0,5.0591,5.0059,5.059,5.0296,-12.015,-57.462,6.9539,-170.47,-90.251,-30.397
3.49,5.8873,-25.01,1.6784,0.14421,0.45716,0.75822,0.44194,-5.1535,11.22,-0.76375,-1.0286,-1.7249,0.79521,14.532,13.202,2.8038,0,0,0,4.9797,4.9228,4.9807,4.9511,-13.704,-58.349,6.65,-167.23,-86.988,-30.37
3.5,5.8365,-24.897,1.6709,0.14645,0.44991,0.75734,0.45008,-5.0089,11.349,-0.73538,-1.0831,-1.7797,0.80465,14.386,12.615,2.8687,0,0,0,4.8988,4.8379,4.9008,4.871,-15.359,-59.202,6.3466,-163.83,-83.652,-30.311
3.51,5.7871,-24.783,1.6637,0.14878,0.44225,0.75645,0.45833,-4.8658,11.472,-0.70638,-1.1406,-1.84,0.81581,14.225,12.019,2.9307,0,0,0,4.8167,4.7515,4.8196,4.7895,-16.98,-60.021,6.0439,-160.29,-80.247,-30.22
3.52,5.7392,-24.668,1.6568,0.15119,0.43417,0.75554,0.46669,-4.7245,11.59,-0.67678,-1.2013,-1.906,0.8287,14.047,11.414,2.9896,0,0,0,4.7334,4.6638,4.7373,4.7068,-18.564,-60.807,5.7423,-156.61,-76.775,-30.099
3.53,5.6926,-24.551,1.6502,0.15371,0.42562,0.75462,0.47515,-4.5849,11.701,-0.6466,-1.2653,-1.9781,0.84337,13.853,10.803,3.0455,0,0,0,4.6493,4.5751,4.6542,4.6231,-20.112,-61.557,5.442,-152.8,-73.239,-29.949
3.54,5.6475,-24.434,1.6439,0.15635,0.41657,0.75368,0.48372,-4.4474,11.806,-0.61588,-1.3328,-2.0563,0.85984,13.645,10.183,3.0985,0,0,0,4.5646,4.4856,4.5704,4.5388,-21.62,-62.271,5.1434,-148.85,-69.642,-29.771
3.55,5.6037,-24.315,1.6379,0.15912,0.40698,0.75272,0.4924,-4.3121,11.904,-0.58464,-1.4039,-2.141,0.87812,13.421,9.5572,3.1484,0,0,0,4.4796,4.3956,4.4864,4.454,-23.088,-62.949,4.8467,-144.79,-65.986,-29.565
3.56,5.5612,-24.196,1.6322,0.16203,0.39682,0.75173,0.50118,-4.1791,11.997,-0.55292,-1.4787,-2.2322,0.89821,13.183,8.9245,3.1954,0,0,0,4.3946,4.3054,4.4023,4.3691,-24.515,-63.591,4.5522,-140.6,-62.275,-29.332
3.57,5.5201,-24.075,1.6268,0.16511,0.38604,0.7507,0.51005,-4.0485,12.083,-0.52074,-1.5572,-2.3301,0.92011,12.931,8.2855,3.2395,0,0,0,4.3099,4.2155,4.3185,4.2843,-25.9,-64.195,4.2601,-136.3,-58.511,-29.073
3.58,5.4802,-23.954,1.6218,0.16837,0.37461,0.74964,0.519,-3.9205,12.162,-0.48814,-1.6395,-2.4345,0.94377,12.665,7.6407,3.2806,0,0,0,4.2258,4.1263,4.2354,4.2,-27.241,-64.761,3.9708,-131.89,-54.697,-28.79
3.59,5.4417,-23.832,1.6171,0.17181,0.36247,0.74853,0.52802,-3.7952,12.236,-0.45514,-1.7257,-2.5454,0.96914,12.386,6.9904,3.3189,0,0,0,4.1427,4.0381,4.1533,4.1165,-28.537,-65.288,3.6844,-127.37,-50.836,-28.482
3.6,5.4043,-23.709,1.6127,0.17546,0.34959,0.74736,0.53708,-3.6728,12.302,-0.42177,-1.8156,-2.6625,0.99613,12.095,6.3351,3.3543,0,0,0,4.061,3.9514,4.0726,4.0342,-29.788,-65.777,3.4012,-122.76,-46.931,-28.151
3.61,5.3682,-23.586,1.6086,0.17932,0.33591,0.74614,0.54616,-3.5534,12.362,-0.38806,-1.909,-2.7852,1.0246,11.791,5.675,3.3869,0,0,0,3.981,3.8669,3.9936,3.9533,-30.992,-66.227,3.1215,-118.05,-42.984,-27.798
3.62,5.3332,-23.462,1.6049,0.1834,0.32141,0.74485,0.55521,-3.437,12.416,-0.35404,-2.0058,-2.9128,1.0544,11.475,5.0107,3.4168,0,0,0,3.9031,3.785,3.9169,3.8744,-32.149,-66.637,2.8453,-113.25,-38.998,-27.424
3.63,5.2994,-23.338,1.6015,0.18771,0.30603,0.74349,0.56422,-3.3239,12.463,-0.31974,-2.1057,-3.0442,1.0852,11.148,4.3424,3.4438,0,0,0,3.8277,3.7064,3.8427,3.7977,-33.257,-67.007,2.573,-108.37,-34.977,-27.029
3.64,5.2668,-23.213,1.5985,0.19224,0.28974,0.74205,0.57311,-3.2141,12.503,-0.28518,-2.2081,-3.1782,1.1168,10.81,3.6707,3.4682,0,0,0,3.7552,3.6317,3.7716,3.7238,-34.316,-67.336,2.3048,-103.41,-30.923,-26.615
3.65,5.2352,-23.088,1.5958,0.19699,0.27251,0.74053,0.58185,-3.1077,12.536,-0.25038,-2.3125,-3.313,1.1489,10.462,2.9958,3.49,0,0,0,3.6861,3.5616,3.7041,3.6529,-35.325,-67.625,2.0408,-98.375,-26.838,-26.181
3.66,5.2046,-22.962,1.5935,0.20196,0.25431,0.73892,0.59036,-3.0049,12.563,-0.21539,-2.4181,-3.4465,1.1809,10.104,2.3183,3.5091,0,0,0,3.6208,3.4968,3.6405,3.5857,-36.283,-67.873,1.7812,-93.272,-22.726,-25.73
3.67,5.175,-22.837,1.5915,0.20711,0.23514,0.73723,0.59858,-2.9057,12.582,-0.18021,-2.5241,-3.5764,1.2125,9.7362,1.6385,3.5256,0,0,0,3.5597,3.438,3.5813,3.5224,-37.19,-68.08,1.5263,-88.105,-18.59,-25.262
3.68,5.1465,-22.711,1.5899,0.21242,0.21499,0.73546,0.60643,-2.8102,12.595,-0.14488,-2.6293,-3.6997,1.2431,9.36,0.95686,3.5396,0,0,0,3.5032,3.386,3.527,3.4637,-38.045,-68.245,1.276,-82.879,-14.432,-24.778
3.69,5.1188,-22.585,1.5886,0.21785,0.19387,0.73361,0.61382,-2.7185,12.601,-0.10943,-2.7326,-3.8133,1.272,8.9755,0.27376,3.5511,0,0,0,3.4518,3.3413,3.4779,3.4101,-38.847,-68.368,1.0308,-77.6,-10.254,-24.279
3.7,5.0921,-22.459,1.5877,0.22336,0.17182,0.73168,0.62067,-2.6307,12.601,-0.073867,-2.8327,-3.914,1.2987,8.5832,-0.41037,3.5602,0,0,0,3.4059,3.3046,3.4346,3.3619,-39.597,-68.45,0.79052,-72.272,-6.061,-23.765
3.71,5.0662,-22.333,1.5872,0.22888,0.14888,0.72971,0.62688,-2.5469,12.593,-0.038229,-2.9281,-3.9983,1.3224,8.1837,-1.0951,3.567,0,0,0,3.3659,3.2763,3.3974,3.3199,-40.293,-68.489,0.5555,-66.901,-1.8543,-23.238
3.72,5.0411,-22.207,1.587,0.23434,0.12513,0.72769,0.63237,-2.4671,12.579,-0.0025359,-3.0172,-4.063,1.3426,7.7776,-1.78,3.5714,0,0,0,3.3323,3.2567,3.3666,3.2844,-40.935,-68.487,0.32582,-61.491,2.3628,-22.698
3.73,5.0168,-22.081,1.5871,0.23967,0.10064,0.72567,0.63705,-2.3914,12.558,0.03319,-3.0985,-4.1051,1.3586,7.3652,-2.4647,3.5735,0,0,0,3.3055,3.2462,3.3425,3.2561,-41.522,-68.442,0.10159,-56.048,6.5876,-22.146
3.74,4.9933,-21.956,1.5876,0.24479,0.075521,0.72366,0.64085,-2.3198,12.53,0.068927,-3.1706,-4.1221,1.37,6.9473,-3.1487,3.5734,0,0,0,3.2858,3.2446,3.3253,3.2354,-42.056,-68.355,-0.11707,-50.577,10.817,-21.584
3.75,4.9704,-21.831,1.5885,0.24959,0.049899,0.7217,0.64371,-2.2524,12.495,0.10465,-3.2322,-4.1122,1.3764,6.5243,-3.8317,3.5712,0,0,0,3.2737,3.2519,3.3154,3.2228,-42.534,-68.226,-0.33006,-45.082,15.049,-21.012
3.76,4.9482,-21.706,1.5897,0.254,0.023905,0.71983,0.64557,-2.1893,12.453,0.14034,-3.282,-4.0746,1.3773,6.0968,-4.5131,3.5668,0,0,0,3.2694,3.2679,3.3128,3.2186,-42.957,-68.054,-0.53728,-39.569,19.28,-20.43
3.77,4.9266,-21.582,1.5913,0.25793,-0.0023152,0.71808,0.6464,-2.1305,12.404,0.17598,-3.3191,-4.0092,1.3728,5.6653,-5.1926,3.5604,0,0,0,3.2732,3.2921,3.3176,3.2231,-43.325,-67.84,-0.73864,-34.042,23.507,-19.841
3.78,4.9056,-21.458,1.5932,0.26129,-0.028614,0.71649,0.64618,-2.076,12.349,0.21155,-3.3429,-3.9171,1.3628,5.2305,-5.8697,3.5521,0,0,0,3.2853,3.3239,3.3298,3.2364,-43.638,-67.584,-0.93408,-28.508,27.728,-19.244
3.79,4.8851,-21.335,1.5955,0.26401,-0.054843,0.7151,0.64493,-2.0259,12.287,0.24702,-3.353,-3.8,1.3476,4.7928,-6.5441,3.5418,0,0,0,3.3057,3.363,3.3495,3.2586,-43.895,-67.286,-1.1235,-22.971,31.94,-18.641
3.8,4.8651,-21.212,1.5982,0.26603,-0.080858,0.71393,0.64265,-1.9802,12.218,0.28237,-3.3494,-3.6608,1.3273,4.3528,-7.2153,3.5296,0,0,0,3.3343,3.4086,3.3765,3.2896,-44.097,-66.945,-1.3069,-17.435,36.14,-18.033
3.81,4.8455,-21.09,1.6012,0.2673,-0.10652,0.713,0.6394,-1.9389,12.143,0.3176,-3.3324,-3.5026,1.3025,3.911,-7.8829,3.5157,0,0,0,3.3711,3.4603,3.4107,3.3291,-44.244,-66.563,-1.4841,-11.907,40.324,-17.419
3.82,4.8263,-20.969,1.6045,0.2678,-0.13171,0.71235,0.63522,-1.902,12.061,0.35268,-3.3024,-3.3291,1.2737,3.4681,-8.5464,3.5,0,0,0,3.4157,3.5175,3.4521,3.3768,-44.336,-66.139,-1.6553,-6.3906,44.491,-16.802
3.83,4.8074,-20.849,1.6082,0.2675,-0.15631,0.71196,0.63017,-1.8695,11.972,0.3876,-3.2603,-3.1441,1.2414,3.0245,-9.2055,3.4826,0,0,0,3.4678,3.5797,3.5002,3.4321,-44.372,-65.673,-1.8202,-0.89144,48.638,-16.183
3.84,4.7889,-20.73,1.6123,0.26641,-0.18023,0.71185,0.62435,-1.8415,11.876,0.42233,-3.2071,-2.9514,1.2061,2.5808,-9.8598,3.4636,0,0,0,3.5269,3.6464,3.5548,3.4945,-44.353,-65.166,-1.9789,4.5855,52.761,-15.561
3.85,4.7706,-20.612,1.6167,0.26454,-0.20339,0.71201,0.61781,-1.8179,11.775,0.45686,-3.1437,-2.7546,1.1686,2.1376,-10.509,3.443,0,0,0,3.5926,3.7173,3.6155,3.5634,-44.28,-64.618,-2.1314,10.035,56.858,-14.938
3.86,4.7525,-20.494,1.6214,0.26192,-0.22572,0.71243,0.61065,-1.7987,11.666,0.49118,-3.0714,-2.557,1.1293,1.6954,-11.152,3.421,0,0,0,3.6643,3.792,3.6821,3.6382,-44.153,-64.029,-2.2777,15.452,60.927,-14.315
3.87,4.7346,-20.378,1.6265,0.25858,-0.24718,0.71308,0.60296,-1.784,11.552,0.52528,-2.9914,-2.3615,1.0887,1.2547,-11.789,3.3975,0,0,0,3.7415,3.8702,3.754,3.7182,-43.971,-63.399,-2.4177,20.832,64.963,-13.692
3.88,4.7168,-20.263,1.6319,0.25458,-0.26772,0.71394,0.59481,-1.7736,11.431,0.55913,-2.905,-2.1706,1.0474,0.81613,-12.42,3.3726,0,0,0,3.8235,3.9515,3.8307,3.8028,-43.736,-62.73,-2.5515,26.17,68.965,-13.071
3.89,4.6991,-20.15,1.6377,0.24997,-0.28734,0.71499,0.58629,-1.7676,11.303,0.59273,-2.8133,-1.9861,1.0056,0.38016,-13.044,3.3465,0,0,0,3.9097,4.0356,3.9119,3.8915,-43.448,-62.02,-2.6791,31.46,72.929,-12.453
3.9,4.6814,-20.037,1.6438,0.2448,-0.30601,0.7162,0.57748,-1.766,11.17,0.62605,-2.7176,-1.8098,0.96393,-0.052657,-13.66,3.3191,0,0,0,3.9997,4.1224,3.997,3.9835,-43.107,-61.271,-2.8006,36.697,76.853,-11.838
3.91,4.6638,-19.926,1.6502,0.23914,-0.32374,0.71755,0.56844,-1.7687,11.03,0.6591,-2.6188,-1.6426,0.92248,-0.48181,-14.269,3.2905,0,0,0,4.0929,4.2114,4.0856,4.0784,-42.714,-60.483,-2.9159,41.877,80.735,-11.227
3.92,4.6461,-19.817,1.6569,0.23306,-0.34054,0.71899,0.55925,-1.7756,10.884,0.69186,-2.5181,-1.4854,0.88155,-0.90677,-14.87,3.2608,0,0,0,4.1886,4.3023,4.1772,4.1757,-42.27,-59.657,-3.0251,46.994,84.57,-10.621
3.93,4.6282,-19.709,1.664,0.22662,-0.35642,0.72051,0.54997,-1.7868,10.733,0.72432,-2.4163,-1.3387,0.84132,-1.327,-15.462,3.23,0,0,0,4.2865,4.395,4.2713,4.2749,-41.775,-58.792,-3.1283,52.043,88.356,-10.021
3.94,4.6103,-19.602,1.6714,0.21988,-0.3714,0.72209,0.54064,-1.8021,10.575,0.75646,-2.3142,-1.2025,0.80194,-1.7421,-16.045,3.1982,0,0,0,4.3861,4.4891,4.3674,4.3755,-41.229,-57.89,-3.2256,57.02,92.092,-9.4274
3.95,4.5922,-19.497,1.6792,0.21289,-0.38551,0.72371,0.53132,-1.8216,10.412,0.78828,-2.2125,-1.0769,0.76351,-2.1515,-16.62,3.1655,0,0,0,4.487,4.5842,4.4652,4.4771,-40.635,-56.951,-3.3169,61.919,95.772,-8.842
3.96,4.5739,-19.394,1.6872,0.20572,-0.39878,0.72534,0.52205,-1.8452,10.243,0.81976,-2.1119,-0.96162,0.72612,-2.5546,-17.184,3.1319,0,0,0,4.5887,4.6802,4.5642,4.5794,-39.991,-55.975,-3.4024,66.735,99.396,-8.2652
3.97,4.5553,-19.292,1.6955,0.19842,-0.41125,0.72697,0.51285,-1.8727,10.068,0.85091,-2.0128,-0.85637,0.6898,-2.9511,-17.739,3.0975,0,0,0,4.6908,4.7768,4.664,4.682,-39.3,-54.963,-3.4822,71.462,102.96,-7.6978
3.98,4.5364,-19.192,1.7042,0.19102,-0.42294,0.7286,0.50376,-1.9042,9.888,0.88171,-1.9157,-0.76068,0.65457,-3.3405,-18.283,3.0623,0,0,0,4.7931,4.8735,4.7642,4.7845,-38.562,-53.916,-3.5564,76.097,106.46,-7.1409
3.99,4.5172,-19.095,1.7132,0.18358,-0.4339,0.7302,0.4948,-1.9395,9.7025,0.91216,-1.821,-0.67405,0.62045,-3.7222,-18.817,3.0264,0,0,0,4.8952,4.9703,4.8646,4.8868,-37.779,-52.834,-3.6251,80.634,109.9,-6.5952
4,4.4976,-18.998,1.7225,0.17614,-0.44416,0.73179,0.48599,-1.9786,9.5117,0.94224,-1.7288,-0.59594,0.58743,-4.0959,-19.34,2.9898,0,0,0,4.9968,5.0668,4.9647,4.9884,-36.95,-51.718,-3.6884,85.068,113.26,-6.0616
4.01,4.4776,-18.904,1.732,0.16871,-0.45376,0.73334,0.47734,-2.0214,9.3158,0.97195,-1.6394,-0.52579,0.55548,-4.4611,-19.851,2.9526,0,0,0,5.0976,5.1627,5.0643,5.0892,-36.078,-50.569,-3.7464,89.393,116.56,-5.541
4.02,4.4571,-18.812,1.7419,0.16133,-0.46274,0.73486,0.46885,-2.0678,9.1147,1.0013,-1.5529,-0.46302,0.52457,-4.8173,-20.351,2.9149,0,0,0,5.1973,5.2579,5.163,5.1888,-35.162,-49.387,-3.7992,93.606,119.78,-5.0343
4.03,4.4362,-18.722,1.7521,0.15403,-0.47112,0.73636,0.46054,-2.1177,8.9088,1.0302,-1.4694,-0.40707,0.49468,-5.1642,-20.839,2.8767,0,0,0,5.2957,5.352,5.2606,5.2872,-34.206,-48.173,-3.8471,97.699,122.93,-4.5424
4.04,4.4148,-18.634,1.7625,0.14682,-0.47896,0.73782,0.4524,-2.171,8.698,1.0588,-1.389,-0.35742,0.46575,-5.5013,-21.315,2.838,0,0,0,5.3926,5.4449,5.3569,5.3839,-33.209,-46.929,-3.8901,101.67,125.99,-4.0662
4.05,4.3928,-18.548,1.7732,0.13972,-0.48627,0.73925,0.44444,-2.2277,8.4825,1.087,-1.3116,-0.31353,0.43776,-5.8282,-21.778,2.7989,0,0,0,5.4878,5.5363,5.4515,5.4789,-32.173,-45.654,-3.9285,105.51,128.97,-3.6065
4.06,4.3702,-18.464,1.7842,0.13275,-0.49309,0.74066,0.43664,-2.2875,8.2625,1.1148,-1.2373,-0.27493,0.41064,-6.1446,-22.228,2.7594,0,0,0,5.581,5.626,5.5444,5.5719,-31.099,-44.35,-3.9623,109.22,131.87,-3.1642
4.07,4.347,-18.383,1.7955,0.1259,-0.49946,0.74205,0.42901,-2.3505,8.038,1.1422,-1.1659,-0.24116,0.38436,-6.4501,-22.664,2.7196,0,0,0,5.6721,5.7138,5.6352,5.6627,-29.989,-43.017,-3.9918,112.79,134.68,-2.7403
4.08,4.3232,-18.304,1.8071,0.11919,-0.5054,0.74342,0.42154,-2.4165,7.8092,1.1692,-1.0974,-0.21179,0.35887,-6.7443,-23.088,2.6796,0,0,0,5.7609,5.7995,5.7238,5.7512,-28.844,-41.656,-4.0172,116.22,137.4,-2.3355
4.09,4.2987,-18.227,1.8189,0.11263,-0.51093,0.74478,0.41421,-2.4854,7.5763,1.1958,-1.0318,-0.18644,0.33412,-7.0269,-23.497,2.6393,0,0,0,5.8472,5.883,5.81,5.8373,-27.665,-40.269,-4.0386,119.5,140.02,-1.9508
4.1,4.2735,-18.152,1.831,0.10621,-0.51609,0.74613,0.40702,-2.557,7.3393,1.222,-0.96886,-0.16475,0.31006,-7.2975,-23.893,2.5988,0,0,0,5.9309,5.964,5.8936,5.9207,-26.454,-38.856,-4.0563,122.62,142.55,-1.5871
4.11,4.2475,-18.08,1.8433,0.09994,-0.52089,0.74747,0.39996,-2.6313,7.0985,1.2478,-0.90859,-0.1464,0.28666,-7.5558,-24.274,2.5582,0,0,0,6.0118,6.0425,5.9744,6.0013,-25.213,-37.418,-4.0704,125.59,144.98,-1.2452
4.12,4.2208,-18.01,1.8559,0.093815,-0.52536,0.74882,0.39302,-2.7081,6.8539,1.2731,-0.85084,-0.13109,0.26387,-7.8017,-24.641,2.5174,0,0,0,6.0898,6.1182,6.0524,6.079,-23.943,-35.957,-4.0813,128.39,147.31,-0.92597
4.13,4.1934,-17.943,1.8688,0.087835,-0.52952,0.75017,0.38618,-2.7873,6.6057,1.2981,-0.79551,-0.11855,0.24164,-8.0346,-24.994,2.4766,0,0,0,6.1647,6.1911,6.1274,6.1537,-22.646,-34.473,-4.089,131.02,149.53,-0.63039
4.14,4.1651,-17.878,1.8819,0.081996,-0.53339,0.75153,0.37944,-2.8687,6.3541,1.3227,-0.74248,-0.10855,0.21994,-8.2545,-25.331,2.4357,0,0,0,6.2365,6.2609,6.1993,6.2252,-21.323,-32.967,-4.0939,133.48,151.64,-0.35929
4.15,4.136,-17.816,1.8953,0.076294,-0.53699,0.75291,0.37277,-2.9523,6.0991,1.3468,-0.69165,-0.10087,0.19872,-8.461,-25.653,2.3947,0,0,0,6.305,6.3276,6.2678,6.2935,-19.977,-31.44,-4.0963,135.76,153.65,-0.11356
4.16,4.106,-17.756,1.9088,0.070726,-0.54032,0.7543,0.36617,-3.0379,5.8411,1.3706,-0.6429,-0.095319,0.17796,-8.654,-25.96,2.3537,0,0,0,6.3702,6.3911,6.333,6.3584,-18.609,-29.894,-4.0963,137.85,155.54,0.10593
4.17,4.0752,-17.699,1.9227,0.065287,-0.54342,0.75572,0.35962,-3.1254,5.58,1.3939,-0.59615,-0.091725,0.15762,-8.8331,-26.251,2.3128,0,0,0,6.4318,6.4512,6.3948,6.4198,-17.221,-28.33,-4.0943,139.76,157.31,0.29828
4.18,4.0435,-17.644,1.9367,0.059969,-0.54628,0.75716,0.35312,-3.2145,5.3161,1.4168,-0.55128,-0.089937,0.13765,-8.9983,-26.526,2.2719,0,0,0,6.4899,6.5079,6.4529,6.4776,-15.814,-26.748,-4.0904,141.47,158.96,0.46262
4.19,4.0109,-17.593,1.951,0.054769,-0.54893,0.75863,0.34664,-3.3053,5.0495,1.4393,-0.50821,-0.089822,0.11804,-9.1493,-26.786,2.231,0,0,0,6.5444,6.561,6.5074,6.5318,-14.392,-25.151,-4.0851,142.99,160.49,0.59807
4.2,3.9774,-17.544,1.9655,0.049679,-0.55137,0.76014,0.34017,-3.3975,4.7805,1.4614,-0.46683,-0.09126,0.098744,-9.2861,-27.029,2.1902,0,0,0,6.5951,6.6105,6.5582,6.5823,-12.955,-23.539,-4.0786,144.3,161.9,0.70373
4.21,3.943,-17.497,1.9802,0.044693,-0.55362,0.76168,0.33371,-3.4909,4.509,1.4831,-0.42707,-0.094149,0.079741,-9.4084,-27.256,2.1494,0,0,0,6.6421,6.6563,6.6052,6.629,-11.507,-21.913,-4.0711,145.4,163.18,0.77874
4.22,3.9076,-17.453,1.9952,0.039805,-0.55568,0.76325,0.32723,-3.5856,4.2354,1.5044,-0.38885,-0.098398,0.061003,-9.5162,-27.467,2.1087,0,0,0,6.6852,6.6984,6.6484,6.6719,-10.048,-20.276,-4.0631,146.28,164.33,0.82221
4.23,3.8713,-17.412,2.0103,0.035008,-0.55757,0.76487,0.32073,-3.6812,3.9597,1.5253,-0.3521,-0.10393,0.042504,-9.6093,-27.662,2.0682,0,0,0,6.7244,6.7366,6.6876,6.7109,-8.5817,-18.627,-4.0548,146.95,165.35,0.83391
4.24,3.834,-17.374,2.0257,0.030296,-0.55928,0.76653,0.31419,-3.7777,3.6822,1.5458,-0.31674,-0.11067,0.024219,-9.6878,-27.84,2.0277,0,0,0,6.7596,6.771,6.7229,6.7459,-7.1097,-16.969,-4.0465,147.41,166.24,0.81471
4.25,3.7957,-17.339,2.0412,0.025663,-0.56084,0.76823,0.3076,-3.8749,3.403,1.5659,-0.28272,-0.11858,0.006123,-9.7515,-28.001,1.9872,0,0,0,6.7909,6.8014,6.7542,6.777,-5.6342,-15.303,-4.0386,147.66,167,0.76559
4.26,3.7565,-17.306,2.057,0.021102,-0.56225,0.76998,0.30094,-3.9727,3.1222,1.5855,-0.24997,-0.12759,-0.011808,-9.8005,-28.146,1.9469,0,0,0,6.8182,6.8279,6.7814,6.804,-4.1573,-13.629,-4.0313,147.7,167.63,0.68754
4.27,3.7163,-17.276,2.0729,0.016608,-0.5635,0.77177,0.29421,-4.0709,2.8401,1.6048,-0.21843,-0.13768,-0.0296,-9.8347,-28.274,1.9066,0,0,0,6.8415,6.8504,6.8046,6.827,-2.6809,-11.95,-4.0249,147.54,168.14,0.58153
4.28,3.675,-17.249,2.0891,0.012176,-0.56461,0.77361,0.2874,-4.1693,2.5568,1.6237,-0.18805,-0.14883,-0.047276,-9.8541,-28.385,1.8664,0,0,0,6.8607,6.8689,6.8237,6.846,-1.207,-10.267,-4.0198,147.19,168.53,0.44857
4.29,3.6329,-17.225,2.1054,0.0077997,-0.56559,0.77548,0.28049,-4.2679,2.2725,1.6421,-0.15879,-0.161,-0.064863,-9.8588,-28.479,1.8262,0,0,0,6.8758,6.8834,6.8387,6.8609,0.26238,-8.5803,-4.0161,146.65,168.8,0.28962
4.3,3.5897,-17.204,2.1219,0.0034755,-0.56643,0.77741,0.27347,-4.3665,1.9873,1.6602,-0.1306,-0.17418,-0.082384,-9.8489,-28.556,1.786,0,0,0,6.8869,6.8938,6.8495,6.8717,1.7254,-6.8915,-4.0141,145.92,168.94,0.10567
4.31,3.5455,-17.185,2.1386,-0.00080084,-0.56714,0.77937,0.26633,-4.4649,1.7014,1.6779,-0.10345,-0.18838,-0.099864,-9.8244,-28.617,1.7459,0,0,0,6.8938,6.9002,6.8563,6.8784,3.1802,-5.2018,-4.014,145.01,168.98,-0.10228
4.32,3.5004,-17.17,2.1555,-0.0050327,-0.56772,0.78138,0.25907,-4.5629,1.415,1.6951,-0.077297,-0.20358,-0.11733,-9.7853,-28.66,1.7058,0,0,0,6.8967,6.9026,6.8589,6.881,4.625,-3.5124,-4.0162,143.92,168.89,-0.33327
4.33,3.4543,-17.157,2.1725,-0.0092229,-0.56818,0.78342,0.25167,-4.6605,1.1283,1.712,-0.052116,-0.2198,-0.1348,-9.7319,-28.687,1.6656,0,0,0,6.8956,6.9009,6.8575,6.8796,6.058,-1.8243,-4.0208,142.65,168.7,-0.5863
4.34,3.4072,-17.147,2.1897,-0.013373,-0.56852,0.7855,0.24412,-4.7575,0.84133,1.7284,-0.027881,-0.23705,-0.15231,-9.6642,-28.697,1.6253,0,0,0,6.8904,6.8952,6.8519,6.8741,7.4775,-0.13877,-4.028,141.22,168.39,-0.86038
4.35,3.3591,-17.14,2.2071,-0.017486,-0.56875,0.78761,0.23642,-4.8537,0.55438,1.7445,-0.0045696,-0.25533,-0.16989,-9.5824,-28.69,1.585,0,0,0,6.8812,6.8855,6.8423,6.8645,8.8819,1.5431,-4.038,139.62,167.98,-1.1545
4.36,3.3101,-17.136,2.2246,-0.021559,-0.56885,0.78975,0.22856,-4.9491,0.26759,1.7601,0.017834,-0.27468,-0.18755,-9.4866,-28.666,1.5446,0,0,0,6.868,6.8719,6.8286,6.851,10.269,3.2204,-4.0511,137.86,167.45,-1.4678
4.37,3.2602,-17.135,2.2423,-0.025595,-0.56884,0.79191,0.22053,-5.0434,-0.018884,1.7754,0.039344,-0.29512,-0.20532,-9.3771,-28.625,1.504,0,0,0,6.8508,6.8542,6.8109,6.8334,11.638,4.8918,-4.0674,135.94,166.82,-1.7992
4.38,3.2093,-17.137,2.2601,-0.02959,-0.56872,0.7941,0.21233,-5.1366,-0.30487,1.7902,0.059971,-0.31667,-0.22324,-9.2539,-28.568,1.4632,0,0,0,6.8296,6.8327,6.7893,6.8119,12.988,6.5565,-4.0872,133.86,166.09,-2.1476
4.39,3.1574,-17.141,2.2781,-0.033542,-0.56849,0.7963,0.20396,-5.2285,-0.59019,1.8046,0.079721,-0.33936,-0.24132,-9.1174,-28.494,1.4222,0,0,0,6.8046,6.8073,6.7636,6.7865,14.315,8.2134,-4.1105,131.64,165.26,-2.5123
4.4,3.1047,-17.148,2.2962,-0.037448,-0.56815,0.79851,0.19541,-5.3189,-0.8747,1.8186,0.098598,-0.36324,-0.25961,-8.9677,-28.404,1.381,0,0,0,6.7758,6.778,6.7341,6.7572,15.62,9.8614,-4.1375,129.27,164.33,-2.892
4.41,3.0511,-17.159,2.3145,-0.041303,-0.5677,0.80073,0.18667,-5.4078,-1.1582,1.8322,0.1166,-0.38833,-0.27813,-8.8051,-28.297,1.3395,0,0,0,6.7431,6.745,6.7006,6.7241,16.9,11.5,-4.1683,126.77,163.3,-3.286
4.42,2.9965,-17.172,2.3328,-0.045101,-0.56714,0.80294,0.17776,-5.495,-1.4406,1.8454,0.13373,-0.41468,-0.2969,-8.6298,-28.174,1.2976,0,0,0,6.7067,6.7082,6.6634,6.6872,18.155,13.127,-4.2032,124.12,162.17,-3.6931
4.43,2.9412,-17.187,2.3514,-0.048834,-0.56648,0.80515,0.16867,-5.5803,-1.7216,1.8582,0.14999,-0.44233,-0.31597,-8.4421,-28.035,1.2554,0,0,0,6.6667,6.6678,6.6224,6.6467,19.382,14.743,-4.2422,121.35,160.95,-4.1124
4.44,2.8849,-17.206,2.37,-0.052494,-0.56571,0.80735,0.15939,-5.6638,-2.0012,1.8705,0.16537,-0.47133,-0.33537,-8.2422,-27.879,1.2127,0,0,0,6.623,6.6237,6.5777,6.6024,20.581,16.346,-4.2855,118.45,159.64,-4.543
4.45,2.8279,-17.227,2.3888,-0.056073,-0.56484,0.80952,0.14995,-5.7451,-2.2792,1.8824,0.17985,-0.50173,-0.35512,-8.0305,-27.708,1.1697,0,0,0,6.5757,6.5761,6.5294,6.5546,21.751,17.935,-4.3331,115.42,158.24,-4.9837
4.46,2.77,-17.252,2.4077,-0.059558,-0.56388,0.81167,0.14033,-5.8243,-2.5553,1.8939,0.19345,-0.53358,-0.37528,-7.8073,-27.521,1.1261,0,0,0,6.525,6.525,6.4775,6.5033,22.889,19.51,-4.3852,112.27,156.75,-5.4337
4.47,2.7114,-17.278,2.4266,-0.062938,-0.56281,0.81378,0.13054,-5.9012,-2.8295,1.905,0.20615,-0.56694,-0.39587,-7.5729,-27.318,1.0819,0,0,0,6.4709,6.4705,6.4221,6.4486,23.996,21.07,-4.4418,109.01,155.17,-5.892
4.48,2.652,-17.308,2.4458,-0.066201,-0.56165,0.81586,0.1206,-5.9758,-3.1016,1.9156,0.21795,-0.60186,-0.41693,-7.3275,-27.099,1.0372,0,0,0,6.4135,6.4127,6.3633,6.3905,25.069,22.613,-4.5031,105.64,153.51,-6.3576
4.49,2.5919,-17.34,2.465,-0.069331,-0.5604,0.81789,0.1105,-6.0478,-3.3715,1.9257,0.22883,-0.63841,-0.43852,-7.0716,-26.865,0.99186,0,0,0,6.3528,6.3516,6.3011,6.3291,26.108,24.14,-4.569,102.16,151.77,-6.8295
4.5,2.5311,-17.376,2.4843,-0.072313,-0.55905,0.81987,0.10026,-6.1172,-3.6389,1.9354,0.23881,-0.67666,-0.46067,-6.8055,-26.616,0.94582,0,0,0,6.2891,6.2874,6.2357,6.2645,27.112,25.649,-4.6397,98.584,149.95,-7.3066
4.51,2.4696,-17.413,2.5037,-0.075132,-0.55762,0.82179,0.089892,-6.1838,-3.9037,1.9446,0.24787,-0.71669,-0.48342,-6.5295,-26.353,0.89905,0,0,0,6.2222,6.2202,6.1671,6.1968,28.08,27.139,-4.7152,94.906,148.05,-7.7881
4.52,2.4074,-17.454,2.5232,-0.077769,-0.5561,0.82365,0.079398,-6.2477,-4.1659,1.9534,0.25602,-0.75856,-0.50684,-6.244,-26.074,0.8515,0,0,0,6.1525,6.1499,6.0954,6.1262,29.01,28.609,-4.7955,91.134,146.07,-8.2729
4.53,2.3446,-17.497,2.5427,-0.080208,-0.5545,0.82545,0.068793,-6.3087,-4.4252,1.9617,0.26327,-0.80238,-0.53097,-5.9494,-25.78,0.80312,0,0,0,6.0799,6.0769,6.0208,6.0526,29.902,30.06,-4.8806,87.273,144.01,-8.7601
4.54,2.2812,-17.542,2.5624,-0.08243,-0.55282,0.82718,0.058088,-6.3667,-4.6815,1.9694,0.26961,-0.84823,-0.55587,-5.6461,-25.473,0.75387,0,0,0,6.0045,6.001,5.9432,5.9763,30.755,31.489,-4.9707,83.326,141.89,-9.2487
4.55,2.2173,-17.59,2.5821,-0.084415,-0.55107,0.82883,0.047293,-6.4216,-4.9346,1.9767,0.27507,-0.89621,-0.5816,-5.3344,-25.151,0.70369,0,0,0,5.9265,5.9225,5.8629,5.8973,31.568,32.897,-5.0656,79.299,139.69,-9.7377
4.56,2.1528,-17.641,2.6019,-0.086144,-0.54924,0.83042,0.036421,-6.4733,-5.1844,1.9835,0.27964,-0.94644,-0.60822,-5.0148,-24.815,0.65254,0,0,0,5.8461,5.8415,5.7798,5.8157,32.341,34.283,-5.1654,75.195,137.42,-10.226
4.57,2.0878,-17.694,2.6218,-0.087597,-0.54734,0.83192,0.025482,-6.5219,-5.4308,1.9898,0.28335,-0.99905,-0.6358,-4.6877,-24.465,0.60037,0,0,0,5.7632,5.7581,5.6943,5.7316,33.072,35.645,-5.2701,71.018,135.09,-10.713
4.58,2.0224,-17.749,2.6417,-0.088753,-0.54538,0.83335,0.014486,-6.5671,-5.6737,1.9955,0.28623,-1.0542,-0.6644,-4.3536,-24.102,0.54713,0,0,0,5.6781,5.6724,5.6062,5.6452,33.761,36.984,-5.3797,66.773,132.69,-11.197
4.59,1.9565,-17.807,2.6617,-0.089591,-0.54335,0.83471,0.0034443,-6.6089,-5.9128,2.0007,0.28829,-1.1119,-0.69412,-4.0127,-23.726,0.49276,0,0,0,5.5909,5.5845,5.5158,5.5567,34.407,38.299,-5.494,62.464,130.23,-11.678
4.6,1.8902,-17.868,2.6817,0.090091,0.54125,-0.83598,0.0076354,-6.6473,-6.1481,2.0054,0.28955,-1.1725,-0.72503,-3.6656,-23.336,0.43723,0,0,0,5.5017,5.4946,5.4232,5.466,35.01,39.589,-5.6132,58.094,127.71,-12.154
4.61,1.8236,-17.93,2.7018,0.090232,0.5391,-0.83718,0.018745,-6.6822,-6.3795,2.0095,0.29006,-1.2361,-0.7572,-3.3126,-22.934,0.38048,0,0,0,5.4107,5.4029,5.3285,5.3734,35.569,40.853,-5.7371,53.67,125.12,-12.624
4.62,1.7566,-17.995,2.7219,0.089992,0.53689,-0.83831,0.029879,-6.7135,-6.6068,2.013,0.28984,-1.303,-0.79075,-2.9543,-22.519,0.32247,0,0,0,5.3179,5.3094,5.2318,5.2791,36.083,42.091,-5.8657,49.194,122.48,-13.089
4.63,1.6893,-18.062,2.7421,0.089349,0.53461,-0.83936,0.041031,-6.7413,-6.8298,2.0159,0.28892,-1.3732,-0.82575,-2.5911,-22.092,0.26315,0,0,0,5.2236,5.2143,5.1332,5.183,36.553,43.302,-5.9988,44.671,119.78,-13.545
4.64,1.6218,-18.132,2.7622,0.088282,0.53228,-0.84034,0.052199,-6.7653,-7.0486,2.0182,0.28735,-1.4471,-0.86233,-2.2234,-21.653,0.20248,0,0,0,5.1279,5.1178,5.033,5.0856,36.976,44.487,-6.1365,40.105,117.03,-13.993
4.65,1.554,-18.203,2.7824,0.086769,0.52988,-0.84124,0.06338,-6.7857,-7.2629,2.0199,0.28517,-1.5249,-0.90057,-1.8517,-21.202,0.14041,0,0,0,5.031,5.02,4.9312,4.9867,37.355,45.643,-6.2787,35.501,114.23,-14.432
4.66,1.4861,-18.277,2.8026,0.084788,0.52741,-0.84207,0.074575,-6.8024,-7.4726,2.021,0.2824,-1.6069,-0.94061,-1.4765,-20.74,0.07689,0,0,0,4.933,4.9211,4.828,4.8868,37.686,46.771,-6.4252,30.862,111.38,-14.86
4.67,1.418,-18.353,2.8228,0.082316,0.52487,-0.84284,0.085786,-6.8152,-7.6776,2.0215,0.2791,-1.6933,-0.98255,-1.0982,-20.267,0.011889,0,0,0,4.8341,4.8213,4.7236,4.7858,37.972,47.87,-6.5759,26.193,108.48,-15.277
4.68,1.3498,-18.431,2.8431,0.07933,0.52226,-0.84353,0.097015,-6.8243,-7.8779,2.0213,0.27531,-1.7846,-1.0265,-0.71721,-19.783,-0.05464,0,0,0,4.7345,4.7208,4.6181,4.6841,38.21,48.94,-6.7307,21.498,105.53,-15.682
4.69,1.2815,-18.51,2.8633,0.075806,0.51956,-0.84415,0.10827,-6.8296,-8.0733,2.0204,0.27106,-1.881,-1.0727,-0.33411,-19.288,-0.12274,0,0,0,4.6344,4.6197,4.5117,4.5818,38.402,49.981,-6.8894,16.781,102.54,-16.073
4.7,1.2132,-18.592,2.8835,0.07172,0.51676,-0.8447,0.11956,-6.831,-8.2636,2.0188,0.2664,-1.9829,-1.1211,0.050666,-18.784,-0.19244,0,0,0,4.534,4.5183,4.4045,4.4791,38.546,50.991,-7.0521,12.047,99.502,-16.449
4.71,1.1449,-18.676,2.9036,0.067047,0.51387,-0.84517,0.13088,-6.8286,-8.4489,2.0165,0.26138,-2.0906,-1.172,0.43665,-18.269,-0.26379,0,0,0,4.4334,4.4168,4.2968,4.3762,38.642,51.971,-7.2184,7.3003,96.426,-16.811
4.72,1.0767,-18.761,2.9238,0.061761,0.51085,-0.84556,0.14226,-6.8223,-8.629,2.0135,0.25603,-2.2045,-1.2254,0.82336,-17.744,-0.33682,0,0,0,4.3329,4.3153,4.1888,4.2733,38.692,52.919,-7.3882,2.5442,93.313,-17.156
4.73,1.0085,-18.848,2.9439,0.055836,0.5077,-0.84587,0.1537,-6.8121,-8.8038,2.0098,0.2504,-2.3251,-1.2815,1.2103,-17.21,-0.41157,0,0,0,4.2327,4.2142,4.0807,4.1707,38.693,53.837,-7.5614,-2.2164,90.162,-17.483
4.74,0.94043,-18.937,2.964,0.049245,0.50441,-0.84608,0.16522,-6.7981,-8.9732,2.0053,0.24453,-2.4525,-1.3404,1.5971,-16.668,-0.48806,0,0,0,4.133,4.1137,3.9726,4.0687,38.647,54.722,-7.7378,-6.9776,86.976,-17.793
4.75,0.87253,-19.028,2.984,0.04196,0.50094,-0.84618,0.17682,-6.7801,-9.1371,2,0.23846,-2.5873,-1.4023,1.9831,-16.116,-0.56633,0,0,0,4.0339,4.0139,3.865,3.9674,38.554,55.576,-7.9172,-11.735,83.758,-18.083
4.76,0.80484,-19.12,3.004,0.033952,0.49729,-0.84617,0.18854,-6.7584,-9.2954,1.994,0.23223,-2.7296,-1.4672,2.368,-15.556,-0.64641,0,0,0,3.9358,3.9153,3.758,3.8673,38.413,56.398,-8.0994,-16.484,80.508,-18.352
4.77,0.73738,-19.213,3.0239,0.025193,0.49342,-0.84602,0.20037,-6.7328,-9.4482,1.9871,0.22588,-2.8798,-1.5352,2.7512,-14.988,-0.72833,0,0,0,3.8388,3.818,3.6519,3.7684,38.224,57.186,-8.2842,-21.221,77.229,-18.601
4.78,0.67019,-19.309,3.0437,0.015655,0.48931,-0.84572,0.21234,-6.7034,-9.5952,1.9794,0.21945,-3.038,-1.6064,3.1323,-14.413,-0.81211,0,0,0,3.7432,3.7224,3.547,3.6713,37.988,57.942,-8.4714,-25.942,73.923,-18.827
4.79,0.60332,-19.405,3.0635,0.0053084,0.48493,-0.84524,0.22445,-6.6702,-9.7364,1.9708,0.21298,-3.2042,-1.6807,3.5108,-13.83,-0.89776,0,0,0,3.6492,3.6288,3.4439,3.5761,37.705,58.665,-8.6607,-30.641,70.591,-19.03
4.8,0.5368,-19.503,3.0831,-0.005872,0.48025,-0.84456,0.23673,-6.6332,-9.8718,1.9614,0.20652,-3.3784,-1.7581,3.8863,-13.239,-0.98533,0,0,0,3.5569,3.5374,3.3427,3.4833,37.376,59.354,-8.8519,-35.316,67.236,-19.209
4.81,0.47067,-19.603,3.1027,-0.017911,0.47524,-0.84364,0.24919,-6.5924,-10.001,1.9511,0.20009,-3.5602,-1.8384,4.2582,-12.643,-1.0748,0,0,0,3.4666,3.4486,3.244,3.3932,36.999,60.009,-9.0448,-39.961,63.859,-19.362
4.82,0.40497,-19.703,3.1221,-0.03083,0.46985,-0.84246,0.26183,-6.548,-10.125,1.9399,0.19374,-3.7492,-1.9215,4.6261,-12.039,-1.1662,0,0,0,3.3785,3.3628,3.1482,3.3061,36.576,60.631,-9.239,-44.573,60.462,-19.49
4.83,0.33972,-19.805,3.1415,-0.044645,0.46406,-0.84096,0.27466,-6.4999,-10.242,1.9278,0.18751,-3.9444,-2.0071,4.9895,-11.43,-1.2596,0,0,0,3.2927,3.2802,3.0559,3.2225,36.108,61.218,-9.4345,-49.148,57.048,-19.59
4.84,0.27498,-19.908,3.1607,-0.059367,0.45783,-0.83911,0.28769,-6.4482,-10.353,1.9147,0.18145,-4.1447,-2.0946,5.3481,-10.815,-1.3549,0,0,0,3.2095,3.2013,2.9677,3.1427,35.594,61.772,-9.6307,-53.68,53.618,-19.662
4.85,0.21077,-20.012,3.1798,-0.074998,0.45111,-0.83686,0.3009,-6.393,-10.458,1.9007,0.17558,-4.3485,-2.1836,5.7013,-10.195,-1.4522,0,0,0,3.129,3.1264,2.8841,3.0671,35.034,62.291,-9.8276,-58.166,50.174,-19.705
4.86,0.14713,-20.117,3.1987,-0.091529,0.44388,-0.83416,0.31429,-6.3342,-10.557,1.8857,0.16996,-4.5537,-2.2733,6.0486,-9.5694,-1.5515,0,0,0,3.0514,3.0558,2.8059,2.9962,34.431,62.775,-10.025,-62.601,46.717,-19.718
4.87,0.084098,-20.223,3.2175,-0.10894,0.43609,-0.83095,0.32784,-6.272,-10.65,1.8696,0.16462,-4.7578,-2.3628,6.3897,-8.9393,-1.6527,0,0,0,2.9769,2.9898,2.7337,2.9302,33.783,63.225,-10.222,-66.982,43.251,-19.7
4.88,0.021702,-20.33,3.2361,-0.1272,0.42773,-0.82718,0.34152,-6.2065,-10.736,1.8526,0.15961,-4.9578,-2.4511,6.7241,-8.305,-1.7559,0,0,0,2.9057,2.9288,2.6682,2.8695,33.091,63.64,-10.419,-71.304,39.776,-19.649
4.89,-0.04002,-20.438,3.2545,-0.14625,0.41877,-0.82281,0.3553,-6.1376,-10.816,1.8345,0.15496,-5.1503,-2.537,7.0514,-7.6666,-1.8611,0,0,0,2.838,2.8731,2.61,2.8145,32.357,64.021,-10.615,-75.563,36.295,-19.566
4.9,-0.10104,-20.547,3.2728,-0.16603,0.40919,-0.81777,0.36913,-6.0655,-10.889,1.8154,0.15071,-5.3314,-2.6192,7.3711,-7.0247,-1.9682,0,0,0,2.7741,2.823,2.5598,2.7655,31.58,64.366,-10.81,-79.754,32.809,-19.448
4.91,-0.16132,-20.656,3.2908,-0.18644,0.399,-0.81202,0.38297,-5.9902,-10.956,1.7952,0.1469,-5.4971,-2.6963,7.6829,-6.3794,-2.0773,0,0,0,2.7143,2.7785,2.5181,2.7228,30.762,64.677,-11.004,-83.874,29.32,-19.296
4.92,-0.22083,-20.766,3.3087,-0.2074,0.3882,-0.80553,0.39675,-5.9118,-11.017,1.7738,0.14356,-5.6434,-2.7669,7.9862,-5.7313,-2.1883,0,0,0,2.6592,2.7401,2.4853,2.6864,29.903,64.952,-11.196,-87.917,25.831,-19.107
4.93,-0.27955,-20.876,3.3263,-0.22876,0.37681,-0.79828,0.4104,-5.8305,-11.071,1.7514,0.14072,-5.7663,-2.8297,8.2808,-5.0805,-2.3012,0,0,0,2.6091,2.7077,2.4616,2.6567,29.004,65.193,-11.386,-91.881,22.343,-18.881
4.94,-0.33743,-20.987,3.3437,-0.2504,0.36488,-0.79025,0.42386,-5.7462,-11.118,1.7278,0.1384,-5.8625,-2.8833,8.5662,-4.4275,-2.416,0,0,0,2.5647,2.6815,2.447,2.6337,28.065,65.399,-11.573,-95.76,18.858,-18.618
4.95,-0.39446,-21.098,3.3609,-0.27217,0.35246,-0.78146,0.43706,-5.6592,-11.159,1.7031,0.13661,-5.9291,-2.9268,8.842,-3.7726,-2.5326,0,0,0,2.5265,2.6616,2.4413,2.6174,27.089,65.571,-11.758,-99.55,15.379,-18.315
4.96,-0.45061,-21.21,3.3778,-0.29391,0.3396,-0.77191,0.44993,-5.5694,-11.194,1.6771,0.13536,-5.9644,-2.9592,9.1078,-3.1162,-2.6511,0,0,0,2.4952,2.6479,2.4442,2.6078,26.075,65.707,-11.939,-103.25,11.906,-17.973
4.97,-0.50584,-21.322,3.3944,-0.31548,0.3264,-0.76166,0.46241,-5.4771,-11.222,1.65,0.13464,-5.9676,-2.9802,9.3634,-2.4586,-2.7714,0,0,0,2.4715,2.6405,2.4552,2.6049,25.024,65.809,-12.117,-106.85,8.4414,-17.589
4.98,-0.56014,-21.435,3.4108,-0.33672,0.31292,-0.75074,0.47443,-5.3822,-11.243,1.6217,0.13446,-5.939,-2.9897,9.6082,-1.8002,-2.8934,0,0,0,2.4557,2.6392,2.4736,2.6084,23.938,65.876,-12.291,-110.35,4.9879,-17.164
4.99,-0.61348,-21.547,3.4268,-0.3575,0.29927,-0.73924,0.48596,-5.2849,-11.258,1.5922,0.13478,-5.8802,-2.988,9.842,-1.1412,-3.0172,0,0,0,2.4482,2.6441,2.4987,2.6183,22.818,65.908,-12.46,-113.74,1.547,-16.695
5,-0.66583,-21.66,3.4426,-0.37769,0.28554,-0.72722,0.49696,-5.1854,-11.266,1.5614,0.13557,-5.7935,-2.9755,10.064,-0.4821,-3.1426,0,0,0,2.4493,2.655,2.5297,2.6343,21.664,65.907,-12.625,-117.02,-1.8794,-16.183
5.01,-0.71718,-21.772,3.4581,-0.39719,0.27181,-0.71477,0.50741,-5.0837,-11.267,1.5293,0.13681,-5.6823,-2.9532,10.275,0.17682,-3.2697,0,0,0,2.459,2.6718,2.5658,2.656,20.478,65.871,-12.784,-120.19,-5.2894,-15.626
5.02,-0.7675,-21.885,3.4732,-0.41593,0.25818,-0.70196,0.51731,-4.9799,-11.262,1.496,0.13844,-5.5502,-2.9223,10.474,0.83521,-3.3983,0,0,0,2.4771,2.6942,2.6065,2.6833,19.26,65.801,-12.937,-123.25,-8.6811,-15.023
5.03,-0.81677,-21.998,3.488,-0.43383,0.24472,-0.68888,0.52665,-4.8743,-11.251,1.4613,0.14042,-5.4013,-2.884,10.66,1.4927,-3.5284,0,0,0,2.5032,2.7221,2.6511,2.7157,18.013,65.697,-13.084,-126.17,-12.053,-14.373
5.04,-0.86498,-22.11,3.5024,-0.45086,0.2315,-0.6756,0.53545,-4.7668,-11.232,1.4254,0.1427,-5.2397,-2.8395,10.834,2.149,-3.6599,0,0,0,2.537,2.7553,2.6991,2.7529,16.737,65.56,-13.224,-128.98,-15.402,-13.675
5.05,-0.9121,-22.222,3.5165,-0.46699,0.21858,-0.6622,0.54372,-4.6576,-11.208,1.3881,0.14521,-5.0693,-2.7904,10.995,2.8038,-3.7929,0,0,0,2.5777,2.7933,2.75,2.7946,15.434,65.389,-13.357,-131.65,-18.727,-12.928
5.06,-0.95813,-22.334,3.5302,-0.48222,0.20602,-0.64874,0.55151,-4.5469,-11.176,1.3495,0.14791,-4.8937,-2.7378,11.143,3.4567,-3.9271,0,0,0,2.6248,2.836,2.8036,2.8404,14.105,65.186,-13.483,-134.18,-22.027,-12.132
5.07,-1.003,-22.446,3.5435,-0.49656,0.19385,-0.63526,0.55884,-4.4348,-11.138,1.3096,0.15072,-4.7161,-2.683,11.277,4.1074,-4.0625,0,0,0,2.6775,2.8829,2.8594,2.8898,12.751,64.949,-13.6,-136.58,-25.299,-11.285
5.08,-1.0468,-22.557,3.5564,-0.51002,0.18209,-0.62182,0.56574,-4.3214,-11.094,1.2683,0.15358,-4.5392,-2.6271,11.398,4.7556,-4.199,0,0,0,2.7352,2.9337,2.9173,2.9426,11.374,64.68,-13.708,-138.83,-28.541,-10.386
5.09,-1.0895,-22.668,3.5688,-0.52265,0.17079,-0.60844,0.57225,-4.2069,-11.043,1.2256,0.15642,-4.3653,-2.5709,11.504,5.4009,-4.3366,0,0,0,2.7971,2.9881,2.9771,2.9985,9.9746,64.378,-13.807,-140.94,-31.751,-9.4342
5.1,-1.131,-22.778,3.5809,-0.53447,0.15994,-0.59514,0.57842,-4.0914,-10.986,1.1815,0.15918,-4.196,-2.5153,11.597,6.0431,-4.4752,0,0,0,2.8627,3.0456,3.0386,3.0569,8.5554,64.045,-13.897,-142.89,-34.928,-8.4288
5.11,-1.1713,-22.887,3.5924,-0.54552,0.14957,-0.58195,0.58427,-3.975,-10.923,1.1361,0.16177,-4.0327,-2.461,11.675,6.6817,-4.6145,0,0,0,2.9313,3.1059,3.1015,3.1178,7.1174,63.68,-13.976,-144.68,-38.07,-7.3686
5.12,-1.2105,-22.996,3.6036,-0.55585,0.13967,-0.56886,0.58985,-3.8579,-10.853,1.0892,0.16412,-3.8764,-2.4084,11.739,7.3165,-4.7546,0,0,0,3.0024,3.1686,3.1657,3.1806,5.6622,63.284,-14.044,-146.32,-41.174,-6.2527
5.13,-1.2484,-23.104,3.6142,-0.56549,0.13025,-0.55588,0.59519,-3.7403,-10.776,1.041,0.16616,-3.7278,-2.358,11.789,7.9473,-4.8954,0,0,0,3.0754,3.2335,3.2312,3.2452,4.1916,62.856,-14.101,-147.79,-44.239,-5.0801
5.14,-1.2853,-23.212,3.6244,-0.5745,0.12131,-0.54299,0.60033,-3.6222,-10.694,0.99133,0.16777,-3.5872,-2.31,11.823,8.5736,-5.0366,0,0,0,3.1501,3.3001,3.2976,3.3114,2.7071,62.399,-14.145,-149.09,-47.263,-3.8498
5.15,-1.3209,-23.318,3.6341,-0.58291,0.11285,-0.53019,0.60529,-3.5039,-10.605,0.94026,0.16888,-3.4547,-2.2646,11.843,9.1952,-5.1782,0,0,0,3.2259,3.3682,3.3649,3.3787,1.2104,61.911,-14.177,-150.21,-50.244,-2.5608
5.16,-1.3553,-23.424,3.6432,-0.59077,0.10487,-0.51746,0.61011,-3.3854,-10.51,0.88776,0.16937,-3.3305,-2.222,11.847,9.8117,-5.3201,0,0,0,3.3025,3.4375,3.4329,3.4471,-0.29664,61.394,-14.196,-151.16,-53.18,-1.2122
5.17,-1.3886,-23.528,3.6518,-0.59811,0.097383,-0.50477,0.61481,-3.267,-10.409,0.83385,0.16912,-3.2144,-2.1823,11.837,10.423,-5.4621,0,0,0,3.3797,3.5078,3.5015,3.5163,-1.8123,60.848,-14.202,-151.93,-56.069,0.19707
5.18,-1.4207,-23.632,3.6599,-0.60497,0.090384,-0.49209,0.61943,-3.1487,-10.301,0.77852,0.16799,-3.1061,-2.1454,11.811,11.029,-5.6041,0,0,0,3.4572,3.5787,3.5705,3.586,-3.3346,60.273,-14.192,-152.51,-58.91,1.6679
5.19,-1.4516,-23.734,3.6674,-0.61138,0.083884,-0.4794,0.62398,-3.0308,-10.188,0.72177,0.16584,-3.0053,-2.1113,11.77,11.628,-5.7459,0,0,0,3.5348,3.6501,3.6398,3.6563,-4.8619,59.67,-14.168,-152.9,-61.7,3.2014
5.2,-1.4813,-23.836,3.6743,-0.61738,0.077896,-0.46664,0.6285,-2.9134,-10.069,0.66361,0.16248,-2.9118,-2.08,11.714,12.222,-5.8874,0,0,0,3.6122,3.7218,3.7093,3.7268,-6.3921,59.039,-14.128,-153.1,-64.437,4.7985
5.21,-1.5098,-23.936,3.6806,-0.623,0.072438,-0.45379,0.63301,-2.7966,-9.9436,0.60403,0.15772,-2.8251,-2.0513,11.642,12.809,-6.0284,0,0,0,3.6894,3.7937,3.7788,3.7974,-7.9232,58.381,-14.072,-153.1,-67.12,6.4601
5.22,-1.5372,-24.035,3.6864,-0.62825,0.067536,-0.44078,0.63753,-2.6806,-9.8126,0.54304,0.15132,-2.745,-2.0251,11.555,13.389,-6.1688,0,0,0,3.7661,3.8654,3.8483,3.868,-9.4533,57.697,-13.999,-152.89,-69.747,8.1873
5.23,-1.5635,-24.132,3.6915,-0.63318,0.063222,-0.42755,0.6421,-2.5655,-9.6758,0.48065,0.143,-2.6709,-2.0014,11.453,13.963,-6.3083,0,0,0,3.8424,3.937,3.9177,3.9386,-10.98,56.987,-13.908,-152.48,-72.315,9.9811
5.24,-1.5885,-24.228,3.696,-0.63779,0.05954,-0.41405,0.64672,-2.4516,-9.5333,0.41688,0.13245,-2.6025,-1.9798,11.336,14.529,-6.4469,0,0,0,3.9179,4.0083,3.9868,4.0089,-12.502,56.251,-13.799,-151.85,-74.824,11.842
5.25,-1.6125,-24.323,3.6998,-0.64211,0.056542,-0.40018,0.65143,-2.3389,-9.3852,0.35172,0.11929,-2.5393,-1.9605,11.203,15.088,-6.5842,0,0,0,3.9928,4.0792,4.0556,4.079,-14.017,55.49,-13.671,-151.01,-77.27,13.772
5.26,-1.6353,-24.416,3.703,-0.64614,0.054299,-0.38585,0.65625,-2.2276,-9.2316,0.2852,0.10306,-2.4811,-1.943,11.055,15.639,-6.7202,0,0,0,4.0669,4.1496,4.1239,4.1487,-15.522,54.706,-13.523,-149.95,-79.653,15.771
5.27,-1.657,-24.507,3.7055,-0.64991,0.052895,-0.37096,0.66122,-2.1178,-9.0725,0.21732,0.083225,-2.4273,-1.9274,10.893,16.182,-6.8546,0,0,0,4.1402,4.2193,4.1918,4.218,-17.015,53.897,-13.355,-148.66,-81.97,17.841
5.28,-1.6777,-24.597,3.7074,-0.65342,0.052437,-0.35536,0.66634,-2.0098,-8.908,0.14811,0.059145,-2.3776,-1.9134,10.715,16.717,-6.9873,0,0,0,4.2125,4.2884,4.2592,4.2868,-18.494,53.066,-13.166,-147.15,-84.219,19.982
5.29,-1.6972,-24.685,3.7085,-0.65667,0.053058,-0.33891,0.67165,-1.9036,-8.7382,0.077581,0.030044,-2.3315,-1.9009,10.523,17.243,-7.1179,0,0,0,4.284,4.3567,4.326,4.355,-19.957,52.213,-12.955,-145.4,-86.398,22.196
5.3,-1.7158,-24.772,3.7089,-0.65965,0.054921,-0.3214,0.67716,-1.7993,-8.5632,0.0057585,-0.0050093,-2.2884,-1.8897,10.316,17.761,-7.2463,0,0,0,4.3545,4.4243,4.3921,4.4228,-21.401,51.339,-12.722,-143.42,-88.506,24.483
5.31,-1.7332,-24.857,3.7086,-0.66234,0.058228,-0.3026,0.6829,-1.6973,-8.383,-0.067336,-0.047132,-2.2477,-1.8796,10.095,18.27,-7.3722,0,0,0,4.4241,4.4909,4.4576,4.4899,-22.825,50.443,-12.465,-141.19,-90.541,26.845
5.32,-1.7497,-24.94,3.7075,-0.6647,0.063226,-0.28223,0.68886,-1.5975,-8.1978,-0.14168,-0.09766,-2.2086,-1.8705,9.8596,18.77,-7.4955,0,0,0,4.4927,4.5567,4.5223,4.5565,-24.224,49.528,-12.185,-138.72,-92.5,29.282
5.33,-1.7652,-25.021,3.7058,-0.66667,0.070217,-0.25994,0.69502,-1.5001,-8.0076,-0.21724,-0.15817,-2.1701,-1.8623,9.6105,19.26,-7.6159,0,0,0,4.5605,4.6215,4.5863,4.6225,-25.598,48.594,-11.879,-136,-94.382,31.795
5.34,-1.7797,-25.1,3.7032,-0.66814,0.079563,-0.23531,0.70134,-1.4053,-7.8126,-0.29398,-0.23048,-2.1308,-1.8547,9.3478,19.741,-7.733,0,0,0,4.6273,4.6852,4.6495,4.6879,-26.944,47.641,-11.549,-133.03,-96.185,34.385
5.35,-1.7933,-25.177,3.6999,-0.66898,0.091689,-0.20784,0.70771,-1.3132,-7.6128,-0.37189,-0.31661,-2.0887,-1.8476,9.0717,20.213,-7.8467,0,0,0,4.6932,4.7479,4.7118,4.7527,-28.258,46.67,-11.191,-129.81,-97.909,37.048
5.36,-1.806,-25.252,3.6958,-0.66895,0.10707,-0.17698,0.71394,-1.2239,-7.4084,-0.45091,-0.41861,-2.0412,-1.8409,8.7827,20.675,-7.9568,0,0,0,4.7584,4.8095,4.7734,4.8169,-29.539,45.683,-10.807,-126.34,-99.556,39.776
5.37,-1.8178,-25.325,3.6908,-0.66774,0.12622,-0.1421,0.71972,-1.1376,-7.1994,-0.53101,-0.53824,-1.9847,-1.8344,8.4811,21.127,-8.0628,0,0,0,4.8228,4.8698,4.8341,4.8805,-30.784,44.679,-10.396,-122.65,-101.13,42.563
5.38,-1.8288,-25.396,3.6851,-0.66492,0.14957,-0.10263,0.72455,-1.0544,-6.9859,-0.61215,-0.67637,-1.9145,-1.8279,8.1672,21.568,-8.1646,0,0,0,4.8866,4.929,4.894,4.9435,-31.991,43.661,-9.9559,-118.73,-102.62,45.402
5.39,-1.8389,-25.465,3.6786,-0.65995,0.1774,-0.058188,0.72775,-0.97431,-6.7681,-0.69428,-0.83193,-1.825,-1.8214,7.8414,22,-8.2618,0,0,0,4.9498,4.9867,4.9532,5.0058,-33.158,42.627,-9.4875,-114.6,-104.04,48.286
5.4,-1.8483,-25.531,3.6712,-0.65224,0.20959,-0.0087868,0.72841,-0.89757,-6.5459,-0.77737,-1.0007,-1.7107,-1.8147,7.5041,22.421,-8.3542,0,0,0,5.0125,5.0432,5.0117,5.0673,-34.283,41.58,-8.9901,-110.27,-105.39,51.208
5.41,-1.8569,-25.596,3.6631,-0.64132,0.24542,0.044865,0.72558,-0.82426,-6.3197,-0.86135,-1.1746,-1.5679,-1.8076,7.1559,22.831,-8.4415,0,0,0,5.0748,5.0982,5.0697,5.1279,-35.363,40.52,-8.4633,-105.73,-106.67,54.161
5.42,-1.8648,-25.658,3.654,-0.62704,0.28346,0.1012,0.71849,-0.75449,-6.0893,-0.94618,-1.3417,-1.3971,-1.8002,6.797,23.231,-8.5234,0,0,0,5.1364,5.1521,5.1273,5.1874,-36.397,39.447,-7.9068,-101.01,-107.87,57.139
5.43,-1.872,-25.717,3.6441,-0.60981,0.32172,0.15789,0.70689,-0.68835,-5.8551,-1.0318,-1.4892,-1.2048,-1.7922,6.4281,23.62,-8.5996,0,0,0,5.1973,5.205,5.1847,5.2457,-37.382,38.362,-7.3204,-96.113,-109.01,60.134
5.44,-1.8785,-25.775,3.6334,-0.59062,0.35809,0.2124,0.69125,-0.62596,-5.617,-1.1182,-1.6072,-1.0032,-1.7836,6.0496,23.998,-8.6697,0,0,0,5.2571,5.2572,5.2419,5.3028,-38.318,37.267,-6.7041,-91.042,-110.08,63.14
5.45,-1.8845,-25.83,3.6218,-0.57079,0.39086,0.26255,0.67268,-0.56739,-5.3751,-1.2052,-1.6919,-0.80603,-1.7743,5.6619,24.366,-8.7335,0,0,0,5.3157,5.3088,5.2988,5.3588,-39.203,36.161,-6.0576,-85.809,-111.08,66.15
5.46,-1.8899,-25.882,3.6093,-0.55163,0.41908,0.30706,0.65253,-0.51275,-5.1297,-1.2928,-1.7453,-0.62523,-1.7642,5.2657,24.722,-8.7908,0,0,0,5.373,5.3601,5.3552,5.4137,-40.034,35.045,-5.3811,-80.423,-112.02,69.156
5.47,-1.8948,-25.932,3.5959,-0.53412,0.44252,0.34555,0.63205,-0.46211,-4.8808,-1.381,-1.7733,-0.46804,-1.7532,4.8614,25.066,-8.8411,0,0,0,5.4289,5.4111,5.4111,5.4678,-40.811,33.921,-4.6745,-74.892,-112.89,72.153
5.48,-1.8992,-25.98,3.5817,-0.51883,0.46146,0.3783,0.61218,-0.41555,-4.6284,-1.4696,-1.7828,-0.33713,-1.7413,4.4496,25.4,-8.8841,0,0,0,5.4835,5.4618,5.4663,5.5212,-41.531,32.788,-3.9381,-69.225,-113.7,75.133
5.49,-1.9031,-26.025,3.5665,-0.50595,0.47644,0.40596,0.59348,-0.37314,-4.3728,-1.5586,-1.7798,-0.23195,-1.7284,4.031,25.722,-8.9197,0,0,0,5.5368,5.5122,5.5207,5.5739,-42.195,31.647,-3.172,-63.43,-114.44,78.09
5.5,-1.9066,-26.067,3.5505,-0.49544,0.48806,0.42927,0.57625,-0.33495,-4.114,-1.648,-1.7691,-0.15019,-1.7144,3.6059,26.033,-8.9475,0,0,0,5.5889,5.5621,5.5743,5.6259,-42.8,30.499,-2.3764,-57.516,-115.13,81.016
5.51,-1.9098,-26.107,3.5336,-0.48713,0.49688,0.44898,0.56057,-0.30104,-3.8522,-1.7375,-1.754,-0.08887,-1.6994,3.1752,26.332,-8.9672,0,0,0,5.6398,5.6116,5.627,5.6773,-43.345,29.345,-1.5518,-51.493,-115.75,83.904
5.52,-1.9127,-26.144,3.5157,-0.48077,0.50338,0.46571,0.54642,-0.27146,-3.5874,-1.8273,-1.7364,-0.045015,-1.6833,2.7393,26.62,-8.9784,0,0,0,5.6897,5.6605,5.6788,5.7281,-43.829,28.184,-0.69845,-45.368,-116.32,86.749
5.53,-1.9152,-26.179,3.497,-0.47612,0.50796,0.48003,0.53372,-0.24627,-3.3198,-1.9171,-1.7178,-0.015918,-1.6661,2.2988,26.896,-8.981,0,0,0,5.7386,5.7088,5.7298,5.7783,-44.252,27.019,0.18305,-39.15,-116.82,89.542
5.54,-1.9176,-26.211,3.4774,-0.47294,0.51093,0.49235,0.52237,-0.2255,-3.0495,-2.0069,-1.6989,0.00074874,-1.6477,1.8544,27.16,-8.9747,0,0,0,5.7866,5.7565,5.7798,5.8278,-44.612,25.848,1.0922,-32.847,-117.27,92.277
5.55,-1.9198,-26.24,3.4569,-0.47102,0.51255,0.50303,0.51224,-0.20919,-2.7767,-2.0965,-1.6799,0.0069324,-1.6282,1.4068,27.413,-8.9591,0,0,0,5.8336,5.8036,5.829,5.8765,-44.909,24.673,2.0284,-26.47,-117.67,94.948
5.56,-1.9218,-26.266,3.4355,-0.47016,0.51302,0.51237,0.50323,-0.19737,-2.5013,-2.186,-1.661,0.0042444,-1.6075,0.95647,27.654,-8.934,0,0,0,5.8796,5.8499,5.8773,5.9245,-45.141,23.495,2.9909,-20.025,-118.01,97.547
5.57,-1.9237,-26.29,3.4131,-0.4702,0.5125,0.52058,0.49524,-0.19007,-2.2236,-2.2752,-1.6422,-0.0059866,-1.5856,0.50416,27.883,-8.8992,0,0,0,5.9247,5.8955,5.9246,5.9718,-45.309,22.313,3.979,-13.522,-118.3,100.07
5.58,-1.9256,-26.311,3.39,-0.47099,0.51111,0.52785,0.48817,-0.18729,-1.9437,-2.364,-1.6235,-0.022661,-1.5626,0.050509,28.1,-8.8544,0,0,0,5.9689,5.9403,5.9711,6.0182,-45.411,21.129,4.992,-6.9699,-118.54,102.5
5.59,-1.9275,-26.329,3.3659,-0.47241,0.50896,0.53433,0.48195,-0.18906,-1.6617,-2.4522,-1.6045,-0.044863,-1.5385,-0.40384,28.305,-8.7993,0,0,0,6.0122,5.9844,6.0166,6.0638,-45.448,19.943,6.0288,-0.37669,-118.72,104.84
5.6,-1.9294,-26.344,3.3409,-0.47436,0.50615,0.54014,0.4765,-0.19537,-1.3776,-2.5399,-1.5853,-0.071822,-1.5133,-0.85823,28.499,-8.7337,0,0,0,6.0546,6.0277,6.0612,6.1086,-45.419,18.755,7.0885,6.2488,-118.86,107.09
5.61,-1.9314,-26.356,3.3151,-0.47672,0.50273,0.54538,0.47176,-0.20622,-1.0917,-2.6269,-1.5656,-0.10288,-1.4871,-1.312,28.68,-8.6574,0,0,0,6.096,6.0701,6.1048,6.1524,-45.323,17.566,8.1702,12.898,-118.95,109.22
5.62,-1.9336,-26.366,3.2884,-0.47943,0.49878,0.55014,0.46767,-0.22161,-0.80406,-2.713,-1.5452,-0.13747,-1.4598,-1.7645,28.85,-8.5702,0,0,0,6.1364,6.1117,6.1475,6.1952,-45.161,16.376,9.2726,19.562,-118.99,111.25
5.63,-1.9359,-26.372,3.2608,-0.4824,0.49434,0.55449,0.46417,-0.24151,-0.51477,-2.7983,-1.524,-0.17511,-1.4315,-2.215,29.008,-8.4719,0,0,0,6.1759,6.1524,6.1891,6.2371,-44.932,15.186,10.395,26.232,-118.99,113.15
5.64,-1.9384,-26.376,3.2324,-0.48558,0.48947,0.55848,0.46124,-0.2659,-0.22395,-2.8824,-1.5018,-0.21534,-1.4022,-2.6629,29.154,-8.3623,0,0,0,6.2144,6.1921,6.2297,6.2779,-44.636,13.996,11.535,32.9,-118.94,114.93
5.65,-1.9412,-26.377,3.2032,-0.48889,0.4842,0.56217,0.45881,-0.29475,0.06827,-2.9655,-1.4785,-0.25778,-1.3721,-3.1075,29.288,-8.2411,0,0,0,6.2519,6.2309,6.2692,6.3177,-44.274,12.807,12.693,39.557,-118.84,116.58
5.66,-1.9443,-26.375,3.1731,-0.49228,0.47859,0.5656,0.45685,-0.32803,0.36177,-3.0472,-1.454,-0.30208,-1.341,-3.5481,29.41,-8.1084,0,0,0,6.2883,6.2687,6.3076,6.3563,-43.845,11.62,13.866,46.194,-118.71,118.08
5.67,-1.9478,-26.37,3.1422,-0.49571,0.47265,0.56881,0.45533,-0.3657,0.65643,-3.1276,-1.4281,-0.34791,-1.3092,-3.9842,29.52,-7.9638,0,0,0,6.3237,6.3055,6.3449,6.3939,-43.35,10.433,15.054,52.803,-118.53,119.44
5.68,-1.9516,-26.362,3.1106,-0.49912,0.46644,0.57184,0.45421,-0.4077,0.95213,-3.2065,-1.4009,-0.39497,-1.2766,-4.4149,29.619,-7.8072,0,0,0,6.358,6.3412,6.3811,6.4302,-42.789,9.2491,16.255,59.375,-118.31,120.64
5.69,-1.9559,-26.351,3.0781,-0.50248,0.45999,0.57471,0.45346,-0.45398,1.2488,-3.2837,-1.3722,-0.44299,-1.2433,-4.8397,29.705,-7.6386,0,0,0,6.3913,6.3759,6.4161,6.4654,-42.163,8.0672,17.466,65.901,-118.06,121.68
5.7,-1.9607,-26.337,3.0449,-0.50575,0.45332,0.57746,0.45305,-0.50447,1.5462,-3.3592,-1.342,-0.49172,-1.2094,-5.258,29.78,-7.4579,0,0,0,6.4233,6.4094,6.4499,6.4993,-41.471,6.8881,18.688,72.373,-117.77,122.56
5.71,-1.966,-26.32,3.0109,-0.5089,0.44647,0.58011,0.45295,-0.55911,1.8443,-3.4328,-1.3103,-0.54092,-1.1748,-5.6689,29.843,-7.2649,0,0,0,6.4542,6.4417,6.4824,6.5319,-40.715,5.712,19.917,78.782,-117.44,123.26
5.72,-1.9719,-26.3,2.9762,-0.51188,0.43947,0.58268,0.45314,-0.61783,2.143,-3.5044,-1.2771,-0.5904,-1.1398,-6.0721,29.894,-7.0595,0,0,0,6.484,6.4729,6.5137,6.5632,-39.896,4.5395,21.152,85.119,-117.07,123.77
5.73,-1.9784,-26.277,2.9408,-0.51468,0.43234,0.58519,0.45357,-0.68053,2.4422,-3.574,-1.2424,-0.63994,-1.1042,-6.4667,29.934,-6.8418,0,0,0,6.5125,6.5028,6.5437,6.5932,-39.013,3.3708,22.392,91.376,-116.67,124.1
5.74,-1.9856,-26.251,2.9048,-0.51727,0.42513,0.58767,0.45425,-0.74713,2.7417,-3.6412,-1.2062,-0.68938,-1.0682,-6.8521,29.962,-6.6117,0,0,0,6.5398,6.5315,6.5724,6.6219,-38.069,2.2062,23.634,97.544,-116.24,124.24
5.75,-1.9934,-26.222,2.868,-0.51962,0.41785,0.59013,0.45512,-0.81754,3.0414,-3.7062,-1.1686,-0.73856,-1.0319,-7.2278,29.978,-6.3691,0,0,0,6.5658,6.5589,6.5997,6.6492,-37.063,1.0461,24.876,103.61,-115.77,124.17
5.76,-2.0019,-26.19,2.8307,-0.52172,0.41053,0.59259,0.45619,-0.89165,3.3412,-3.7686,-1.1296,-0.78735,-0.99525,-7.5932,29.983,-6.1142,0,0,0,6.5906,6.5851,6.6257,6.675,-35.997,-0.10913,26.116,109.58,-115.28,123.89
5.77,-2.0112,-26.155,2.7927,-0.52354,0.4032,0.59506,0.45742,-0.96936,3.641,-3.8284,-1.0893,-0.83561,-0.95834,-7.9476,29.976,-5.8468,0,0,0,6.6141,6.6098,6.6503,6.6995,-34.872,-1.2593,27.353,115.43,-114.75,123.4
5.78,-2.0213,-26.117,2.7541,-0.52508,0.39589,0.59756,0.45879,-1.0506,3.9406,-3.8855,-1.0477,-0.88326,-0.92123,-8.2904,29.957,-5.5671,0,0,0,6.6363,6.6332,6.6735,6.7225,-33.689,-2.4041,28.584,121.15,-114.2,122.68
5.79,-2.0322,-26.076,2.715,-0.5263,0.3886,0.6001,0.46029,-1.1351,4.2401,-3.9397,-1.005,-0.93021,-0.88398,-8.6211,29.928,-5.2752,0,0,0,6.6571,6.6553,6.6953,6.744,-32.449,-3.5431,29.806,126.75,-113.62,121.74
5.8,-2.044,-26.032,2.6753,-0.52722,0.38138,0.60269,0.4619,-1.2229,4.5392,-3.9909,-0.96132,-0.97638,-0.84662,-8.9392,29.887,-4.971,0,0,0,6.6766,6.6759,6.7156,6.7641,-31.154,-4.6763,31.018,132.2,-113.01,120.56
5.81,-2.0567,-25.986,2.6352,-0.52781,0.37423,0.60534,0.46361,-1.3139,4.8378,-4.0391,-0.91665,-1.0217,-0.80922,-9.244,29.834,-4.6549,0,0,0,6.6948,6.6952,6.7345,6.7827,-29.805,-5.8032,32.216,137.5,-112.38,119.13
5.82,-2.0703,-25.936,2.5945,-0.52806,0.36717,0.60807,0.46539,-1.4078,5.1358,-4.084,-0.87112,-1.0662,-0.77183,-9.5351,29.77,-4.3268,0,0,0,6.7116,6.713,6.7519,6.7998,-28.405,-6.9238,33.399,142.65,-111.72,117.46
5.83,-2.0849,-25.883,2.5535,-0.52798,0.36023,0.61087,0.46723,-1.5045,5.4331,-4.1256,-0.82484,-1.1098,-0.73448,-9.812,29.696,-3.9869,0,0,0,6.727,6.7295,6.7679,6.8155,-26.953,-8.0376,34.565,147.62,-111.04,115.53
5.84,-2.1004,-25.827,2.512,-0.52756,0.35341,0.61376,0.46913,-1.604,5.7297,-4.1637,-0.77791,-1.1525,-0.69723,-10.074,29.61,-3.6356,0,0,0,6.7411,6.7445,6.7824,6.8296,-25.453,-9.1446,35.709,152.43,-110.34,113.33
5.85,-2.117,-25.768,2.4702,-0.52679,0.34672,0.61675,0.47107,-1.706,6.0253,-4.1982,-0.73042,-1.1942,-0.66013,-10.321,29.513,-3.2728,0,0,0,6.7539,6.7581,6.7955,6.8423,-23.905,-10.244,36.83,157.05,-109.62,110.86
5.86,-2.1345,-25.706,2.4281,-0.52567,0.34019,0.61982,0.47304,-1.8103,6.3199,-4.2291,-0.68248,-1.2351,-0.62321,-10.552,29.405,-2.899,0,0,0,6.7652,6.7702,6.8071,6.8535,-22.312,-11.337,37.925,161.47,-108.89,108.12
5.87,-2.1532,-25.642,2.3857,-0.5242,0.33381,0.623,0.47503,-1.9169,6.6134,-4.2562,-0.63418,-1.275,-0.58652,-10.767,29.286,-2.5144,0,0,0,6.7753,6.781,6.8173,6.8633,-20.676,-12.422,38.992,165.7,-108.13,105.09
5.88,-2.1729,-25.574,2.343,-0.52238,0.3276,0.62629,0.47704,-2.0256,6.9056,-4.2794,-0.58561,-1.3141,-0.5501,-10.965,29.156,-2.1193,0,0,0,6.784,6.7904,6.8261,6.8716,-18.999,-13.499,40.026,169.71,-107.35,101.77
5.89,-2.1937,-25.504,2.3001,-0.52021,0.32156,0.62967,0.47905,-2.1362,7.1965,-4.2985,-0.53686,-1.3523,-0.514,-11.147,29.016,-1.714,0,0,0,6.7914,6.7984,6.8334,6.8785,-17.283,-14.569,41.026,173.5,-106.57,98.15
5.9,-2.2156,-25.43,2.257,-0.5177,0.3157,0.63316,0.48107,-2.2485,7.4859,-4.3136,-0.48801,-1.3897,-0.47824,-11.311,28.865,-1.2989,0,0,0,6.7975,6.8051,6.8394,6.8841,-15.53,-15.631,41.988,177.07,-105.76,94.226
5.91,-2.2387,-25.354,2.2138,-0.51485,0.31001,0.63676,0.48308,-2.3624,7.7737,-4.3245,-0.43916,-1.4262,-0.44287,-11.457,28.704,-0.87439,0,0,0,6.8023,6.8104,6.8441,6.8882,-13.742,-16.684,42.909,180.4,-104.95,89.99
5.92,-2.2629,-25.275,2.1705,-0.51165,0.30451,0.64045,0.48509,-2.4776,8.0599,-4.3311,-0.39036,-1.4619,-0.40793,-11.586,28.531,-0.44087,0,0,0,6.8059,6.8145,6.8474,6.891,-11.923,-17.73,43.787,183.49,-104.12,85.435
5.93,-2.2882,-25.193,2.1272,-0.50811,0.29918,0.64425,0.48708,-2.594,8.3443,-4.3333,-0.34171,-1.4969,-0.37345,-11.696,28.349,0.0011884,0,0,0,6.8082,6.8173,6.8494,6.8925,-10.073,-18.767,44.617,186.32,-103.28,80.555
5.94,-2.3148,-25.108,2.0839,-0.50425,0.29404,0.64815,0.48906,-2.7114,8.6269,-4.331,-0.29326,-1.5311,-0.33946,-11.787,28.156,0.4513,0,0,0,6.8094,6.8188,6.8502,6.8927,-8.197,-19.795,45.397,188.89,-102.43,75.342
5.95,-2.3425,-25.02,2.0406,-0.50005,0.28908,0.65214,0.49103,-2.8297,8.9074,-4.3242,-0.24509,-1.5645,-0.306,-11.86,27.953,0.90895,0,0,0,6.8095,6.8192,6.8498,6.8916,-6.2964,-20.815,46.123,191.2,-101.57,69.79
5.96,-2.3713,-24.93,1.9974,-0.49552,0.28429,0.65622,0.49297,-2.9486,9.1859,-4.3128,-0.19725,-1.5971,-0.27311,-11.913,27.74,1.3736,0,0,0,6.8084,6.8184,6.8482,6.8894,-4.3741,-21.827,46.792,193.22,-100.7,63.891
5.97,-2.4014,-24.837,1.9544,-0.49067,0.27967,0.66038,0.4949,-3.0679,9.4622,-4.2967,-0.14982,-1.6291,-0.24081,-11.947,27.517,1.8446,0,0,0,6.8062,6.8165,6.8455,6.886,-2.433,-22.829,47.399,194.95,-99.833,57.644
5.98,-2.4327,-24.741,1.9115,-0.48551,0.27523,0.66462,0.4968,-3.1874,9.7362,-4.2759,-0.10284,-1.6602,-0.20914,-11.961,27.283,2.3213,0,0,0,6.8031,6.8135,6.8416,6.8815,-0.47598,-23.823,47.943,196.4,-98.955,51.067
5.99,-2.4652,-24.642,1.8689,-0.48003,0.27095,0.66893,0.49868,-3.307,10.008,-4.2503,-0.056357,-1.6906,-0.17812,-11.956,27.04,2.8032,0,0,0,6.7989,6.8095,6.8368,6.8759,1.4941,-24.808,48.42,197.57,-98.071,44.179
6,-2.4988,-24.54,1.8265,-0.47425,0.26683,0.67331,0.50054,-3.4265,10.277,-4.2198,-0.010424,-1.7203,-0.14778,-11.932,26.787,3.2895,0,0,0,6.7937,6.8045,6.8309,6.8693,3.4745,-25.785,48.826,198.46,-97.181,37.001
6.01,-2.5337,-24.436,1.7845,-0.46817,0.26286,0.67775,0.50238,-3.5456,10.544,-4.1845,0.034928,-1.7492,-0.11814,-11.887,26.525,3.7795,0,0,0,6.7877,6.7985,6.8241,6.8617,5.4624,-26.752,49.159,199.07,-96.284,29.554
6.02,-2.5698,-24.33,1.7428,-0.46179,0.25905,0.68223,0.50419,-3.6642,10.807,-4.1442,0.079667,-1.7774,-0.089212,-11.822,26.252,4.2724,0,0,0,6.7808,6.7917,6.8163,6.8532,7.455,-27.71,49.416,199.41,-95.381,21.859
6.03,-2.607,-24.22,1.7016,-0.45512,0.25537,0.68676,0.50597,-3.782,11.069,-4.099,0.12377,-1.8048,-0.06102,-11.738,25.97,4.7676,0,0,0,6.773,6.784,6.8077,6.8438,9.4496,-28.66,49.595,199.47,-94.472,13.936
6.04,-2.6454,-24.108,1.6609,-0.44817,0.25184,0.69132,0.50774,-3.8989,11.327,-4.0489,0.16722,-1.8315,-0.033576,-11.633,25.679,5.2641,0,0,0,6.7644,6.7754,6.7983,6.8336,11.443,-29.6,49.694,199.26,-93.556,5.8066
6.05,-2.685,-23.994,1.6207,-0.44093,0.24843,0.69591,0.50948,-4.0146,11.582,-3.9938,0.20999,-1.8574,-0.0068897,-11.509,25.378,5.7612,0,0,0,6.7551,6.7661,6.7881,6.8225,13.434,-30.531,49.711,198.79,-92.635,-2.5096
6.06,-2.7257,-23.877,1.581,-0.43343,0.24515,0.70051,0.5112,-4.129,11.834,-3.9337,0.25209,-1.8826,0.019029,-11.365,25.068,6.258,0,0,0,6.7451,6.756,6.7771,6.8108,15.418,-31.452,49.643,198.05,-91.707,-10.991
6.07,-2.7675,-23.757,1.542,-0.42566,0.24199,0.70512,0.51289,-4.2418,12.083,-3.8686,0.2935,-1.9071,0.044175,-11.201,24.749,6.7537,0,0,0,6.7343,6.7452,6.7654,6.7983,17.394,-32.365,49.491,197.05,-90.772,-19.618
6.08,-2.8105,-23.635,1.5037,-0.41762,0.23895,0.70973,0.51457,-4.3529,12.329,-3.7986,0.33422,-1.9308,0.068542,-11.017,24.421,7.2475,0,0,0,6.7229,6.7337,6.7531,6.7851,19.359,-33.268,49.251,195.79,-89.832,-28.37
6.09,-2.8546,-23.51,1.4661,-0.40933,0.23601,0.71433,0.51622,-4.4621,12.572,-3.7237,0.37425,-1.9539,0.092128,-10.813,24.084,7.7385,0,0,0,6.7109,6.7216,6.7401,6.7713,21.309,-34.161,48.923,194.28,-88.885,-37.225
6.1,-2.8997,-23.383,1.4292,-0.40079,0.23317,0.71891,0.51785,-4.5691,12.811,-3.6438,0.41361,-1.9762,0.11493,-10.591,23.738,8.2257,0,0,0,6.6983,6.7088,6.7264,6.7569,23.243,-35.045,48.506,192.51,-87.932,-46.163
6.11,-2.946,-23.254,1.3932,-0.392,0.23043,0.72346,0.51946,-4.6738,13.047,-3.5592,0.45229,-1.9979,0.13696,-10.349,23.383,8.7083,0,0,0,6.685,6.6954,6.7122,6.7418,25.159,-35.92,47.999,190.49,-86.972,-55.163
6.12,-2.9932,-23.123,1.358,-0.38298,0.22778,0.72798,0.52105,-4.776,13.279,-3.4697,0.49032,-2.0189,0.15821,-10.088,23.02,9.1854,0,0,0,6.6713,6.6815,6.6974,6.7263,27.052,-36.785,47.402,188.21,-86.006,-64.206
6.13,-3.0415,-22.989,1.3238,-0.37372,0.22522,0.73245,0.52262,-4.8755,13.507,-3.3755,0.52771,-2.0393,0.1787,-9.8077,22.647,9.656,0,0,0,6.6569,6.667,6.6821,6.7102,28.922,-37.64,46.715,185.7,-85.034,-73.269
6.14,-3.0907,-22.852,1.2905,-0.36423,0.22274,0.73686,0.52417,-4.9721,13.731,-3.2766,0.56448,-2.059,0.19842,-9.5092,22.267,10.119,0,0,0,6.6421,6.6519,6.6662,6.6936,30.765,-38.486,45.937,182.93,-84.056,-82.333
6.15,-3.1409,-22.714,1.2583,-0.35451,0.22035,0.74121,0.52571,-5.0656,13.952,-3.1731,0.60065,-2.0782,0.21739,-9.1925,21.878,10.574,0,0,0,6.6267,6.6363,6.6498,6.6765,32.58,-39.321,45.069,179.93,-83.072,-91.376
6.16,-3.192,-22.573,1.2271,-0.34458,0.21802,0.7455,0.52723,-5.1559,14.169,-3.0651,0.63623,-2.0969,0.23562,-8.8578,21.48,11.02,0,0,0,6.6108,6.6201,6.6328,6.6589,34.363,-40.147,44.11,176.68,-82.081,-100.38
6.17,-3.244,-22.431,1.197,-0.33443,0.21576,0.7497,0.52873,-5.2427,14.382,-2.9527,0.67127,-2.115,0.25312,-8.5053,21.075,11.456,0,0,0,6.5944,6.6034,6.6154,6.6408,36.113,-40.963,43.061,173.2,-81.084,-109.32
6.18,-3.2969,-22.286,1.1681,-0.32407,0.21358,0.75382,0.53021,-5.326,14.59,-2.836,0.70578,-2.1327,0.2699,-8.1356,20.661,11.881,0,0,0,6.5776,6.5862,6.5974,6.6222,37.826,-41.769,41.924,169.49,-80.08,-118.18
6.19,-3.3505,-22.139,1.1403,-0.31351,0.21145,0.75784,0.53167,-5.4054,14.795,-2.7151,0.7398,-2.15,0.28599,-7.7489,20.24,12.295,0,0,0,6.5602,6.5685,6.579,6.6032,39.502,-42.564,40.698,165.54,-79.07,-126.93
6.2,-3.405,-21.99,1.1138,-0.30275,0.20938,0.76176,0.53313,-5.4809,14.995,-2.5902,0.77335,-2.1669,0.30139,-7.3457,19.81,12.695,0,0,0,6.5423,6.5502,6.56,6.5837,41.136,-43.35,39.385,161.37,-78.054,-135.57
6.21,-3.4601,-21.839,1.0885,-0.29178,0.20737,0.76557,0.53456,-5.5523,15.191,-2.4613,0.80647,-2.1836,0.31614,-6.9264,19.373,13.082,0,0,0,6.5239,6.5314,6.5405,6.5638,42.728,-44.125,37.987,156.96,-77.032,-144.05
6.22,-3.516,-21.686,1.0646,-0.28063,0.20542,0.76927,0.53598,-5.6194,15.383,-2.3286,0.8392,-2.2001,0.33024,-6.4913,18.928,13.454,0,0,0,6.5049,6.512,6.5205,6.5433,44.275,-44.891,36.505,152.34,-76.004,-152.38
6.23,-3.5725,-21.531,1.042,-0.26928,0.20351,0.77284,0.53739,-5.682,15.57,-2.1923,0.87155,-2.2164,0.34373,-6.041,18.475,13.812,0,0,0,6.4855,6.4921,6.5,6.5224,45.774,-45.645,34.94,147.49,-74.969,-160.51
6.24,-3.6296,-21.375,1.0207,-0.25775,0.20166,0.77628,0.53878,-5.7401,15.752,-2.0524,0.90358,-2.2326,0.35661,-5.576,18.015,14.153,0,0,0,6.4655,6.4716,6.4789,6.5011,47.224,-46.39,33.295,142.42,-73.927,-168.45
6.25,-3.6873,-21.216,1.0009,-0.24603,0.19984,0.77959,0.54016,-5.7935,15.93,-1.9092,0.9353,-2.2489,0.36892,-5.0967,17.547,14.477,0,0,0,6.445,6.4506,6.4573,6.4792,48.622,-47.124,31.572,137.14,-72.88,-176.15
6.26,-3.7455,-21.056,0.98255,-0.23413,0.19808,0.78275,0.54153,-5.842,16.103,-1.7629,0.96676,-2.2652,0.38068,-4.6037,17.072,14.784,0,0,0,6.4239,6.4289,6.4351,6.4568,49.966,-47.848,29.773,131.64,-71.826,-183.61
6.27,-3.8041,-20.894,0.96567,-0.22205,0.19635,0.78576,0.54289,-5.8855,16.271,-1.6136,0.99799,-2.2817,0.39192,-4.0976,16.59,15.073,0,0,0,6.4023,6.4067,6.4124,6.434,51.254,-48.56,27.901,125.94,-70.766,-190.8
6.28,-3.8632,-20.731,0.95029,-0.20978,0.19466,0.78861,0.54423,-5.9239,16.435,-1.4615,1.029,-2.2985,0.40265,-3.5788,16.101,15.342,0,0,0,6.3801,6.3839,6.3891,6.4106,52.484,-49.263,25.958,120.02,-69.7,-197.7
6.29,-3.9226,-20.566,0.93644,-0.19734,0.19301,0.79131,0.54556,-5.9571,16.593,-1.3068,1.0599,-2.3156,0.41292,-3.0481,15.605,15.592,0,0,0,6.3574,6.3604,6.3653,6.3867,53.654,-49.954,23.948,113.89,-68.627,-204.29
6.3,-3.9823,-20.399,0.92416,-0.18473,0.19139,0.79383,0.54689,-5.9849,16.747,-1.1498,1.0906,-2.3331,0.42274,-2.506,15.102,15.821,0,0,0,6.3341,6.3364,6.3409,6.3623,54.761,-50.635,21.873,107.57,-67.548,-210.55
6.31,-4.0422,-20.231,0.91346,-0.17193,0.1898,0.79617,0.5482,-6.0072,16.895,-0.9905,1.1212,-2.3511,0.43215,-1.9531,14.592,16.029,0,0,0,6.3103,6.3118,6.3159,6.3374,55.805,-51.305,19.738,101.04,-66.463,-216.45
6.32,-4.1024,-20.061,0.90436,-0.15896,0.18824,0.79834,0.54951,-6.0239,17.039,-0.82926,1.1516,-2.3698,0.44117,-1.3901,14.076,16.215,0,0,0,6.2859,6.2865,6.2904,6.3121,56.781,-51.965,17.546,94.312,-65.371,-221.99
6.33,-4.1627,-19.89,0.89688,-0.14581,0.1867,0.80031,0.5508,-6.0349,17.177,-0.66627,1.182,-2.3891,0.44984,-0.81768,13.553,16.38,0,0,0,6.261,6.2607,6.2644,6.2862,57.69,-52.613,15.3,87.389,-64.273,-227.14
6.34,-4.2231,-19.717,0.89104,-0.13249,0.18519,0.80209,0.55209,-6.0402,17.31,-0.50175,1.2124,-2.4091,0.45818,-0.23653,13.024,16.521,0,0,0,6.2356,6.2344,6.2379,6.2599,58.529,-53.25,13.004,80.273,-63.169,-231.87
6.35,-4.2835,-19.544,0.88685,-0.11899,0.1837,0.80366,0.55337,-6.0396,17.437,-0.33593,1.2426,-2.43,0.46623,0.35265,12.488,16.64,0,0,0,6.2097,6.2075,6.2109,6.2331,59.295,-53.876,10.664,72.965,-62.059,-236.17
6.36,-4.3439,-19.369,0.88432,-0.10531,0.18223,0.80502,0.55465,-6.0331,17.56,-0.16904,1.2728,-2.4517,0.47401,0.94913,11.946,16.734,0,0,0,6.1833,6.18,6.1835,6.2059,59.987,-54.491,8.2824,65.469,-60.942,-240.01
6.37,-4.4041,-19.193,0.88347,-0.091456,0.18078,0.80617,0.55592,-6.0206,17.676,-0.0013202,1.3029,-2.4744,0.48156,1.5521,11.398,16.805,0,0,0,6.1566,6.1522,6.1557,6.1784,60.604,-55.095,5.865,57.787,-59.819,-243.38
6.38,-4.4642,-19.015,0.8843,-0.07742,0.17933,0.80709,0.55719,-6.0021,17.787,0.16698,1.3328,-2.498,0.48892,2.1609,10.844,16.851,0,0,0,6.1295,6.1239,6.1275,6.1505,61.142,-55.688,3.4164,49.921,-58.689,-246.26
6.39,-4.5242,-18.837,0.88681,-0.063205,0.1779,0.80777,0.55845,-5.9774,17.893,0.33563,1.3627,-2.5226,0.49611,2.7747,10.285,16.873,0,0,0,6.102,6.0952,6.0991,6.1223,61.602,-56.269,0.94163,41.874,-57.553,-248.61
6.4,-4.5838,-18.657,0.89101,-0.048811,0.17647,0.80821,0.55971,-5.9466,17.993,0.50437,1.3924,-2.5483,0.50316,3.3927,9.719,16.87,0,0,0,6.0744,6.0662,6.0705,6.0939,61.979,-56.839,-1.5541,33.65,-56.411,-250.44
6.41,-4.6431,-18.477,0.8969,-0.034237,0.17505,0.80839,0.56097,-5.9095,18.087,0.67295,1.4219,-2.5749,0.51013,4.014,9.1478,16.842,0,0,0,6.0465,6.037,6.0418,6.0653,62.274,-57.397,-4.0652,25.249,-55.263,-251.7
6.42,-4.7019,-18.296,0.90447,-0.019483,0.17363,0.80832,0.56223,-5.8663,18.176,0.84113,1.4511,-2.6025,0.51703,4.6379,8.5711,16.789,0,0,0,6.0186,6.0077,6.013,6.0367,62.484,-57.944,-6.5862,16.675,-54.108,-252.39
6.43,-4.7604,-18.113,0.91372,-0.0045512,0.1722,0.80797,0.56348,-5.8168,18.259,1.0086,1.4799,-2.631,0.5239,5.2634,7.989,16.71,0,0,0,5.9908,5.9783,5.9844,6.0081,62.607,-58.479,-9.1109,7.93,-52.947,-252.47
6.44,-4.8183,-17.93,0.92464,0.010557,0.17077,0.80734,0.56474,-5.761,18.336,1.1752,1.5083,-2.6604,0.5308,5.8897,7.4015,16.607,0,0,0,5.963,5.949,5.9559,5.9796,62.642,-59.003,-11.634,-0.98305,-51.78,-251.94
6.45,-4.8756,-17.747,0.93722,0.02584,0.16933,0.80641,0.566,-5.699,18.407,1.3407,1.5361,-2.6906,0.53775,6.516,6.809,16.478,0,0,0,5.9355,5.9199,5.9278,5.9513,62.587,-59.515,-14.148,-10.062,-50.606,-250.77
6.46,-4.9322,-17.562,0.95145,0.041292,0.16788,0.80519,0.56726,-5.6307,18.472,1.5047,1.5632,-2.7215,0.54479,7.1412,6.2113,16.324,0,0,0,5.9083,5.891,5.9002,5.9234,62.44,-60.015,-16.647,-19.304,-49.426,-248.93
6.47,-4.9882,-17.377,0.96731,0.056911,0.16641,0.80365,0.56852,-5.5562,18.531,1.6671,1.5895,-2.7529,0.55197,7.7644,5.6087,16.145,0,0,0,5.8817,5.8626,5.8731,5.8959,62.2,-60.503,-19.124,-28.706,-48.24,-246.42
6.48,-5.0433,-17.192,0.98478,0.072688,0.16492,0.80179,0.56979,-5.4754,18.584,1.8275,1.6148,-2.7846,0.55933,8.3848,5.0013,15.941,0,0,0,5.8556,5.8348,5.8469,5.869,61.865,-60.98,-21.573,-38.267,-47.047,-243.2
6.49,-5.0976,-17.006,1.0038,0.088618,0.1634,0.79959,0.57106,-5.3885,18.631,1.9858,1.6389,-2.8166,0.56693,9.0014,4.3891,15.714,0,0,0,5.8304,5.8078,5.8216,5.8428,61.434,-61.444,-23.986,-47.983,-45.848,-239.26
6.5,-5.1511,-16.819,1.0245,0.10469,0.16187,0.79704,0.57233,-5.2954,18.672,2.1417,1.6616,-2.8484,0.5748,9.6132,3.7724,15.462,0,0,0,5.8061,5.7816,5.7975,5.8175,60.905,-61.897,-26.355,-57.847,-44.641,-234.59
6.51,-5.2035,-16.632,1.0467,0.12089,0.1603,0.79414,0.57361,-5.1962,18.707,2.295,1.6827,-2.8799,0.58301,10.219,3.1513,15.187,0,0,0,5.7829,5.7565,5.7746,5.7933,60.277,-62.337,-28.675,-67.835,-43.417,-229.22
6.52,-5.255,-16.445,1.0704,0.13721,0.15871,0.79088,0.57489,-5.091,18.735,2.4454,1.702,-2.9108,0.5916,10.818,2.5257,14.889,0,0,0,5.761,5.7326,5.7532,5.7703,59.548,-62.765,-30.938,-77.919,-42.165,-223.19
6.53,-5.3053,-16.258,1.0956,0.15363,0.15708,0.78724,0.57618,-4.9799,18.757,2.5927,1.7192,-2.9408,0.60064,11.41,1.896,14.568,0,0,0,5.7405,5.7101,5.7335,5.7486,58.718,-63.18,-33.137,-88.071,-40.878,-216.54
6.54,-5.3546,-16.07,1.1222,0.17014,0.15541,0.78322,0.57747,-4.8629,18.773,2.7367,1.7341,-2.9696,0.61018,11.992,1.2622,14.226,0,0,0,5.7216,5.6892,5.7156,5.7286,57.787,-63.582,-35.266,-98.263,-39.543,-209.31
6.55,-5.4026,-15.882,1.1503,0.18672,0.15371,0.77881,0.57877,-4.7401,18.782,2.8771,1.7465,-2.9968,0.62028,12.565,0.6244,13.863,0,0,0,5.7045,5.6701,5.6997,5.7102,56.753,-63.971,-37.321,-108.47,-38.151,-201.55
6.56,-5.4493,-15.694,1.1798,0.20333,0.15197,0.774,0.58007,-4.6116,18.785,3.0139,1.7562,-3.0221,0.63101,13.127,-0.017189,13.48,0,0,0,5.6892,5.6529,5.686,5.6938,55.617,-64.345,-39.296,-118.66,-36.693,-193.29
6.57,-5.4948,-15.506,1.2106,0.21998,0.15019,0.7688,0.58137,-4.4776,18.782,3.1467,1.7631,-3.0453,0.64244,13.677,-0.66245,13.077,0,0,0,5.676,5.6378,5.6746,5.6794,54.38,-64.704,-41.185,-128.8,-35.158,-184.57
6.58,-5.5389,-15.319,1.2427,0.23661,0.14837,0.76321,0.58268,-4.3381,18.772,3.2754,1.7669,-3.0659,0.65462,14.214,-1.3112,12.656,0,0,0,5.6651,5.6249,5.6656,5.6671,53.041,-65.048,-42.986,-138.88,-33.536,-175.44
6.59,-5.5815,-15.131,1.2761,0.25322,0.14651,0.75721,0.58399,-4.1933,18.756,3.3997,1.7675,-3.0838,0.66761,14.738,-1.9633,12.218,0,0,0,5.6564,5.6144,5.6592,5.6573,51.603,-65.375,-44.693,-148.86,-31.818,-165.93
6.6,-5.6227,-14.944,1.3107,0.26978,0.14461,0.75081,0.58531,-4.0434,18.733,3.5197,1.7647,-3.0987,0.6815,15.246,-2.6187,11.763,0,0,0,5.6502,5.6064,5.6554,5.6499,50.065,-65.684,-46.303,-158.71,-29.992,-156.08
6.61,-5.6624,-14.756,1.3464,0.28625,0.14267,0.74403,0.58663,-3.8884,18.703,3.6349,1.7586,-3.1103,0.69633,15.739,-3.277,11.292,0,0,0,5.6465,5.6009,5.6544,5.645,48.429,-65.974,-47.814,-168.41,-28.05,-145.95
6.62,-5.7005,-14.57,1.3833,0.30261,0.14069,0.73686,0.58794,-3.7287,18.667,3.7455,1.7489,-3.1186,0.71216,16.214,-3.9381,10.807,0,0,0,5.6453,5.5981,5.6561,5.6429,46.697,-66.244,-49.221,-177.92,-25.982,-135.55
6.63,-5.7369,-14.383,1.4213,0.31882,0.13868,0.72931,0.58926,-3.5642,18.625,3.851,1.7357,-3.1234,0.72906,16.672,-4.6018,10.308,0,0,0,5.6469,5.598,5.6607,5.6435,44.871,-66.493,-50.524,-187.23,-23.777,-124.95
6.64,-5.7717,-14.197,1.4603,0.33487,0.13662,0.72139,0.59058,-3.3953,18.575,3.9516,1.7189,-3.1246,0.74708,17.112,-5.2679,9.7969,0,0,0,5.6511,5.6006,5.6681,5.6469,42.953,-66.719,-51.72,-196.3,-21.425,-114.17
6.65,-5.8048,-14.012,1.5003,0.35073,0.13454,0.71313,0.5919,-3.2221,18.519,4.0469,1.6985,-3.1222,0.76626,17.531,-5.9361,9.2742,0,0,0,5.6581,5.606,5.6783,5.6531,40.946,-66.921,-52.807,-205.1,-18.917,-103.26
6.66,-5.8362,-13.827,1.5413,0.36636,0.13241,0.70452,0.59321,-3.0447,18.456,4.137,1.6747,-3.1163,0.78665,17.93,-6.6062,8.7411,0,0,0,5.6677,5.6142,5.6913,5.6621,38.852,-67.097,-53.784,-213.61,-16.242,-92.254
6.67,-5.8657,-13.643,1.5831,0.38174,0.13026,0.69559,0.59452,-2.8635,18.387,4.2217,1.6475,-3.107,0.80828,18.308,-7.2779,8.1988,0,0,0,5.6801,5.6252,5.707,5.674,36.675,-67.246,-54.652,-221.8,-13.39,-81.199
6.68,-5.8934,-13.459,1.6257,0.39684,0.12807,0.68636,0.59584,-2.6786,18.311,4.301,1.6169,-3.0944,0.83119,18.663,-7.951,7.6484,0,0,0,5.6951,5.6388,5.7254,5.6886,34.417,-67.364,-55.408,-229.64,-10.353,-70.133
6.69,-5.9193,-13.276,1.6691,0.41166,0.12585,0.67685,0.59714,-2.4903,18.228,4.3747,1.5833,-3.0787,0.85539,18.996,-8.6251,7.091,0,0,0,5.7126,5.6551,5.7463,5.7059,32.083,-67.452,-56.054,-237.11,-7.1182,-59.096
6.7,-5.9432,-13.094,1.7132,0.42615,0.1236,0.66706,0.59845,-2.2988,18.138,4.4428,1.5467,-3.0601,0.8809,19.305,-9.2999,6.5277,0,0,0,5.7327,5.674,5.7697,5.7259,29.677,-67.506,-56.591,-244.17,-3.6773,-48.129
6.71,-5.9652,-12.914,1.7579,0.44031,0.12132,0.65704,0.59975,-2.1043,18.042,4.5052,1.5073,-3.039,0.90771,19.589,-9.9751,5.9596,0,0,0,5.7551,5.6953,5.7954,5.7484,27.201,-67.525,-57.017,-250.8,-0.020032,-37.272
6.72,-5.9853,-12.734,1.8032,0.45413,0.119,0.64679,0.60105,-1.9071,17.939,4.562,1.4655,-3.0155,0.93582,19.849,-10.65,5.3877,0,0,0,5.7798,5.719,5.8232,5.7733,24.662,-67.506,-57.336,-256.97,3.8637,-26.567
6.73,-6.0034,-12.555,1.8491,0.46758,0.11665,0.63634,0.60235,-1.7074,17.829,4.613,1.4213,-2.99,0.96522,20.082,-11.325,4.8132,0,0,0,5.8067,5.7448,5.8531,5.8005,22.064,-67.447,-57.549,-262.65,7.9838,-16.052
6.74,-6.0194,-12.377,1.8955,0.48066,0.11426,0.62571,0.60365,-1.5055,17.712,4.6582,1.375,-2.9628,0.99586,20.29,-11.999,4.2371,0,0,0,5.8355,5.7728,5.8848,5.8297,19.411,-67.345,-57.658,-267.81,12.35,-5.7698
6.75,-6.0335,-12.201,1.9423,0.49335,0.11184,0.61492,0.60495,-1.3017,17.589,4.6977,1.327,-2.9342,1.0277,20.47,-12.672,3.6604,0,0,0,5.8661,5.8026,5.9181,5.8609,16.709,-67.199,-57.666,-272.44,16.973,4.2405
6.76,-6.0455,-12.025,1.9894,0.50566,0.10938,0.60399,0.60625,-1.0962,17.459,4.7314,1.2776,-2.9045,1.0607,20.624,-13.343,3.0841,0,0,0,5.8985,5.8343,5.953,5.8938,13.964,-67.005,-57.575,-276.49,21.862,13.938
6.77,-6.0554,-11.851,2.0369,0.51758,0.10687,0.59294,0.60755,-0.88934,17.322,4.7594,1.2269,-2.874,1.0948,20.75,-14.012,2.5092,0,0,0,5.9323,5.8675,5.9891,5.9283,11.181,-66.761,-57.388,-279.95,27.025,23.286
6.78,-6.0633,-11.679,2.0846,0.5291,0.10432,0.58179,0.60885,-0.68134,17.179,4.7816,1.1753,-2.8431,1.1299,20.847,-14.678,1.9367,0,0,0,5.9674,5.9021,6.0263,5.9641,8.3671,-66.464,-57.11,-282.81,32.453,32.277
6.79,-6.069,-11.508,2.1325,0.54022,0.10172,0.57055,0.61015,-0.47249,17.029,4.7981,1.123,-2.8118,1.1659,20.917,-15.341,1.3673,0,0,0,6.0036,5.938,6.0645,6.0011,5.5271,-66.111,-56.744,-285.09,38.129,40.915
6.8,-6.0727,-11.338,2.1805,0.55095,0.09908,0.55924,0.61146,-0.2631,16.872,4.809,1.0703,-2.7806,1.2028,20.958,-16,0.80206,0,0,0,6.0409,5.9748,6.1034,6.039,2.6671,-65.7,-56.293,-286.81,44.037,49.204
6.81,-6.0743,-11.17,2.2286,0.5613,0.096385,0.54787,0.61278,-0.053433,16.709,4.8142,1.0174,-2.7495,1.2405,20.97,-16.655,0.24173,0,0,0,6.0788,6.0125,6.1429,6.0777,-0.20719,-65.229,-55.761,-287.96,50.16,57.15
6.82,-6.0738,-11.004,2.2768,0.57125,0.093637,0.53646,0.61409,0.15621,16.539,4.8138,0.96447,-2.7189,1.2788,20.954,-17.304,-0.31289,0,0,0,6.1174,6.0509,6.1828,6.1169,-3.0903,-64.696,-55.151,-288.57,56.481,64.758
6.83,-6.0712,-10.84,2.3249,0.58083,0.090833,0.52502,0.61542,0.36554,16.363,4.808,0.91176,-2.6888,1.3177,20.908,-17.948,-0.86104,0,0,0,6.1563,6.0897,6.2228,6.1565,-5.9769,-64.099,-54.467,-288.65,62.984,72.03
6.84,-6.0665,-10.677,2.3729,0.59003,0.087973,0.51356,0.61675,0.57428,16.18,4.7966,0.85939,-2.6595,1.3571,20.834,-18.586,-1.402,0,0,0,6.1955,6.1288,6.263,6.1962,-8.8617,-63.436,-53.711,-288.21,69.651,78.973
6.85,-6.0597,-10.516,2.4208,0.59886,0.085055,0.50208,0.6181,0.78213,15.991,4.7799,0.8075,-2.631,1.397,20.731,-19.217,-1.935,0,0,0,6.2347,6.168,6.303,6.236,-11.739,-62.706,-52.888,-287.26,76.468,85.591
6.86,-6.0508,-10.357,2.4685,0.60734,0.082076,0.4906,0.61945,0.9888,15.796,4.758,0.75621,-2.6035,1.4372,20.599,-19.84,-2.4595,0,0,0,6.2738,6.2072,6.3427,6.2755,-14.605,-61.906,-52.001,-285.82,83.416,91.888
6.87,-6.0399,-10.2,2.516,0.61546,0.079036,0.47913,0.62081,1.194,15.594,4.7308,0.70564,-2.577,1.4777,20.439,-20.455,-2.9749,0,0,0,6.3126,6.2461,6.382,6.3147,-17.454,-61.037,-51.052,-283.89,90.48,97.87
6.88,-6.0269,-10.045,2.5631,0.62324,0.075933,0.46766,0.62218,1.3975,15.387,4.6985,0.65588,-2.5517,1.5185,20.25,-21.061,-3.4804,0,0,0,6.351,6.2845,6.4208,6.3534,-20.282,-60.096,-50.044,-281.49,97.642,103.54
6.89,-6.012,-9.8925,2.6099,0.63068,0.072766,0.4562,0.62357,1.5989,15.173,4.6612,0.60699,-2.5275,1.5593,20.033,-21.656,-3.9756,0,0,0,6.3888,6.3225,6.4588,6.3914,-23.083,-59.084,-48.982,-278.64,104.89,108.9
6.9,-5.995,-9.7419,2.6563,0.63779,0.069534,0.44475,0.62496,1.7981,14.953,4.619,0.55905,-2.5046,1.6001,19.789,-22.242,-4.4599,0,0,0,6.4258,6.3597,6.4959,6.4286,-25.853,-57.998,-47.867,-275.34,112.2,113.96
6.91,-5.976,-9.5935,2.7023,0.64459,0.066239,0.43333,0.62637,1.9946,14.728,4.5721,0.51211,-2.4829,1.641,19.516,-22.816,-4.9327,0,0,0,6.462,6.396,6.5321,6.4648,-28.588,-56.84,-46.704,-271.6,119.55,118.73
6.92,-5.9551,-9.4474,2.7477,0.65108,0.062878,0.42192,0.62779,2.1883,14.497,4.5204,0.4662,-2.4626,1.6818,19.217,-23.378,-5.3938,0,0,0,6.4972,6.4314,6.5671,6.4999,-31.283,-55.607,-45.494,-267.44,126.94,123.2
6.93,-5.9323,-9.3036,2.7927,0.65726,0.059453,0.41054,0.62923,2.3789,14.261,4.4642,0.42137,-2.4435,1.7224,18.891,-23.928,-5.8425,0,0,0,6.5312,6.4657,6.601,6.5337,-33.935,-54.301,-44.241,-262.88,134.35,127.38
6.94,-5.9075,-9.1622,2.837,0.66315,0.055964,0.39917,0.63068,2.566,14.019,4.4036,0.37764,-2.4256,1.7628,18.539,-24.464,-6.2784,0,0,0,6.564,6.4987,6.6335,6.5663,-36.54,-52.92,-42.947,-257.91,141.76,131.28
6.95,-5.8809,-9.0232,2.8807,0.66876,0.052411,0.38782,0.63215,2.7495,13.771,4.3387,0.33502,-2.4091,1.8029,18.16,-24.986,-6.7013,0,0,0,6.5955,6.5304,6.6645,6.5973,-39.092,-51.466,-41.616,-252.56,149.14,134.9
6.96,-5.8525,-8.8868,2.9238,0.67409,0.048797,0.37649,0.63363,2.9292,13.519,4.2696,0.29353,-2.3939,1.8428,17.757,-25.493,-7.1107,0,0,0,6.6255,6.5606,6.694,6.6269,-41.59,-49.937,-40.25,-246.84,156.5,138.24
6.97,-5.8224,-8.7528,2.9661,0.67914,0.045123,0.36517,0.63512,3.1046,13.262,4.1965,0.25318,-2.3799,1.8822,17.329,-25.985,-7.5062,0,0,0,6.6539,6.5893,6.7219,6.6548,-44.028,-48.336,-38.852,-240.76,163.8,141.32
6.98,-5.7905,-8.6215,3.0077,0.68394,0.04139,0.35387,0.63663,3.2757,12.999,4.1195,0.21397,-2.3673,1.9213,16.877,-26.46,-7.8876,0,0,0,6.6807,6.6163,6.7481,6.6809,-46.404,-46.662,-37.425,-234.34,171.03,144.13
6.99,-5.7569,-8.4929,3.0485,0.68847,0.037602,0.34257,0.63815,3.4421,12.732,4.0388,0.1759,-2.3558,1.9598,16.401,-26.918,-8.2546,0,0,0,6.7057,6.6416,6.7724,6.7053,-48.714,-44.916,-35.97,-227.57,178.18,146.68
7,-5.7216,-8.3669,3.0885,0.69276,0.033759,0.33128,0.63969,3.6036,12.461,3.9545,0.13896,-2.3456,1.9979,15.902,-27.358,-8.6069,0,0,0,6.729,6.6651,6.7949,6.7277,-50.954,-43.098,-34.492,-220.49,185.23,148.97
7.01,-5.6848,-8.2437,3.1276,0.6968,0.029866,0.31999,0.64123,3.76,12.185,3.8667,0.10316,-2.3366,2.0355,15.382,-27.779,-8.9444,0,0,0,6.7504,6.6866,6.8155,6.7482,-53.122,-41.211,-32.992,-213.09,192.17,151.01
7.02,-5.6465,-8.1232,3.1658,0.70061,0.025926,0.30869,0.6428,3.9112,11.905,3.7757,0.068491,-2.3289,2.0724,14.84,-28.182,-9.2667,0,0,0,6.7698,6.7062,6.8341,6.7667,-55.215,-39.255,-31.472,-205.4,198.96,152.81
7.03,-5.6066,-8.0056,3.2031,0.70418,0.021942,0.29738,0.64437,4.0568,11.622,3.6815,0.034941,-2.3223,2.1088,14.278,-28.564,-9.5737,0,0,0,6.7872,6.7238,6.8506,6.7831,-57.229,-37.232,-29.936,-197.42,205.61,154.36
7.04,-5.5653,-7.8908,3.2394,0.70753,0.017918,0.28606,0.64595,4.1967,11.334,3.5842,0.0025078,-2.317,2.1446,13.696,-28.926,-9.8654,0,0,0,6.8025,6.7393,6.865,6.7973,-59.162,-35.144,-28.386,-189.16,212.09,155.67
7.05,-5.5227,-7.7789,3.2747,0.71065,0.013859,0.27471,0.64754,4.3306,11.043,3.4842,-0.028815,-2.3128,2.1797,13.095,-29.267,-10.141,0,0,0,6.8158,6.7526,6.8773,6.8094,-61.012,-32.991,-26.824,-180.65,218.39,156.76
7.06,-5.4788,-7.6699,3.3091,0.71356,0.0097682,0.26333,0.64915,4.4585,10.749,3.3815,-0.05903,-2.3098,2.2142,12.476,-29.586,-10.402,0,0,0,6.8268,6.7637,6.8873,6.8193,-62.775,-30.777,-25.252,-171.89,224.49,157.61
7.07,-5.4336,-7.5639,3.3424,0.71626,0.005652,0.25192,0.65075,4.5801,10.452,3.2762,-0.088142,-2.308,2.248,11.84,-29.882,-10.646,0,0,0,6.8357,6.7726,6.8952,6.8269,-64.449,-28.502,-23.672,-162.89,230.37,158.24
7.08,-5.3872,-7.4609,3.3746,0.71875,0.0015152,0.24045,0.65236,4.6952,10.151,3.1686,-0.11615,-2.3073,2.2811,11.187,-30.156,-10.875,0,0,0,6.8423,6.7792,6.9007,6.8323,-66.032,-26.17,-22.088,-153.66,236.01,158.65
7.09,-5.3397,-7.3609,3.4057,0.72104,-0.0026365,0.22894,0.65398,4.8038,9.8486,3.0588,-0.14305,-2.3079,2.3135,10.52,-30.406,-11.088,0,0,0,6.8467,6.7835,6.904,6.8353,-67.521,-23.783,-20.5,-144.23,241.41,158.84
7.1,-5.2911,-7.2639,3.4358,0.72312,-0.006797,0.21736,0.65559,4.9056,9.5434,2.9469,-0.16885,-2.3096,2.3453,9.8373,-30.631,-11.285,0,0,0,6.8487,6.7855,6.905,6.836,-68.915,-21.343,-18.912,-134.59,246.53,158.83
7.11,-5.2416,-7.17,3.4647,0.72502,-0.01096,0.20571,0.6572,5.0005,9.2361,2.8331,-0.19353,-2.3126,2.3764,9.1415,-30.832,-11.466,0,0,0,6.8485,6.785,6.9036,6.8343,-70.212,-18.853,-17.324,-124.77,251.38,158.61
7.12,-5.1911,-7.0792,3.4924,0.72672,-0.015119,0.19398,0.6588,5.0884,8.9268,2.7176,-0.21709,-2.3167,2.4067,8.4333,-31.008,-11.632,0,0,0,6.8459,6.7822,6.8999,6.8303,-71.41,-16.316,-15.74,-114.77,255.92,158.19
7.13,-5.1398,-6.9915,3.519,0.72824,-0.019266,0.18215,0.66039,5.1691,8.616,2.6005,-0.2395,-2.3221,2.4364,7.7137,-31.158,-11.781,0,0,0,6.8409,6.777,6.8939,6.824,-72.507,-13.736,-14.161,-104.61,260.15,157.57
7.14,-5.0878,-6.9069,3.5444,0.72957,-0.023395,0.17022,0.66197,5.2426,8.3038,2.482,-0.26075,-2.3287,2.4655,6.9835,-31.283,-11.915,0,0,0,6.8337,6.7694,6.8854,6.8152,-73.502,-11.114,-12.589,-94.296,264.04,156.76
7.15,-5.035,-6.8254,3.5686,0.73072,-0.027498,0.15818,0.66353,5.3088,7.9904,2.3623,-0.28081,-2.3367,2.4938,6.244,-31.381,-12.033,0,0,0,6.824,6.7594,6.8747,6.8041,-74.393,-8.456,-11.026,-83.847,267.59,155.77
7.16,-4.9816,-6.7471,3.5917,0.7317,-0.031566,0.14601,0.66506,5.3675,7.6762,2.2414,-0.29966,-2.3459,2.5215,5.496,-31.452,-12.136,0,0,0,6.8121,6.747,6.8615,6.7906,-75.178,-5.7639,-9.4744,-73.272,270.77,154.59
7.17,-4.9277,-6.6719,3.6135,0.7325,-0.035592,0.1337,0.66656,5.4187,7.3615,2.1196,-0.31726,-2.3564,2.5486,4.7408,-31.496,-12.223,0,0,0,6.7978,6.7322,6.8461,6.7748,-75.858,-3.0419,-7.9351,-62.584,273.56,153.24
7.18,-4.8733,-6.5999,3.6341,0.73313,-0.039567,0.12123,0.66803,5.4623,7.0464,1.997,-0.33356,-2.3683,2.575,3.9792,-31.513,-12.294,0,0,0,6.7812,6.715,6.8283,6.7566,-76.43,-0.29401,-6.4103,-51.795,275.96,151.71
7.19,-4.8185,-6.531,3.6534,0.73359,-0.043482,0.10861,0.66945,5.4982,6.7313,1.8738,-0.34852,-2.3815,2.6007,3.2125,-31.502,-12.351,0,0,0,6.7623,6.6955,6.8082,6.7361,-76.893,2.4758,-4.9015,-40.918,277.93,150.01
7.2,-4.7633,-6.4653,3.6715,0.73389,-0.047328,0.095799,0.67081,5.5265,6.4165,1.7501,-0.36208,-2.3961,2.6258,2.4417,-31.463,-12.392,0,0,0,6.7412,6.6736,6.7858,6.7133,-77.248,5.2632,-3.4106,-29.964,279.48,148.15
7.21,-4.708,-6.4027,3.6884,0.73403,-0.051096,0.082799,0.67212,5.547,6.1021,1.626,-0.37417,-2.4122,2.6503,1.6679,-31.396,-12.419,0,0,0,6.7178,6.6494,6.7611,6.6883,-77.492,8.0638,-1.9391,-18.946,280.57,146.13
7.22,-4.6524,-6.3432,3.704,0.734,-0.054777,0.069592,0.67335,5.5598,5.7886,1.5017,-0.38473,-2.4297,2.6742,0.89226,-31.302,-12.431,0,0,0,6.6923,6.623,6.7343,6.661,-77.627,10.873,-0.48858,-7.8759,281.2,143.95
7.23,-4.5968,-6.2869,3.7184,0.73383,-0.058362,0.056165,0.67449,5.5649,5.4762,1.3774,-0.39368,-2.4486,2.6974,0.11579,-31.179,-12.429,0,0,0,6.6646,6.5943,6.7052,6.6316,-77.65,13.686,0.93944,3.2331,281.35,141.63
7.24,-4.5412,-6.2337,3.7316,0.73349,-0.061841,0.042502,0.67554,5.5622,5.1652,1.2532,-0.40093,-2.469,2.7199,-0.66037,-31.028,-12.413,0,0,0,6.6349,6.5636,6.674,6.6,-77.562,16.499,2.3435,14.369,281.03,139.16
7.25,-4.4856,-6.1836,3.7435,0.73301,-0.065206,0.02859,0.67648,5.5517,4.8557,1.1292,-0.40638,-2.4909,2.7418,-1.4351,-30.849,-12.382,0,0,0,6.6032,6.5307,6.6408,6.5663,-77.362,19.305,3.7221,25.519,280.26,136.55
7.26,-4.4301,-6.1366,3.7542,0.73238,-0.068448,0.014415,0.6773,5.5335,4.5483,1.0056,-0.40993,-2.5143,2.763,-2.2072,-30.642,-12.338,0,0,0,6.5695,6.4958,6.6055,6.5307,-77.051,22.102,5.074,36.67,279.03,133.81
7.27,-4.3749,-6.0926,3.7636,0.7316,-0.071558,-3.5596e-05,0.67797,5.5076,4.243,0.88249,-0.41147,-2.5392,2.7834,-2.9757,-30.407,-12.281,0,0,0,6.534,6.459,6.5682,6.4931,-76.629,24.885,6.3978,47.81,277.37,130.93
7.28,-4.32,-6.0517,3.7718,0.73068,-0.07453,-0.014774,0.67848,5.474,3.9402,0.76002,-0.4109,-2.5655,2.8031,-3.7395,-30.144,-12.21,0,0,0,6.4967,6.4203,6.5291,6.4536,-76.095,27.648,7.6923,58.926,275.28,127.94
7.29,-4.2655,-6.0138,3.7788,0.72961,-0.077356,-0.029812,0.67882,5.4328,3.6402,0.63832,-0.40809,-2.5932,2.822,-4.4973,-29.854,-12.127,0,0,0,6.4577,6.3798,6.4881,6.4123,-75.451,30.389,8.9562,70.006,272.79,124.83
7.3,-4.2114,-5.9789,3.7846,0.7284,-0.080031,-0.045159,0.67896,5.3841,3.3432,0.51752,-0.40292,-2.6224,2.8401,-5.2481,-29.537,-12.031,0,0,0,6.417,6.3376,6.4454,6.3693,-74.695,33.103,10.188,81.036,269.89,121.6
7.31,-4.1578,-5.9469,3.7892,0.72706,-0.08255,-0.060823,0.67888,5.3278,3.0496,0.39774,-0.39527,-2.653,2.8574,-5.9908,-29.192,-11.923,0,0,0,6.3748,6.2937,6.401,6.3246,-73.83,35.785,11.388,92.004,266.6,118.27
7.32,-4.1049,-5.9179,3.7926,0.72557,-0.084911,-0.076811,0.67856,5.2643,2.7595,0.27909,-0.38503,-2.6849,2.8737,-6.7243,-28.821,-11.804,0,0,0,6.3311,6.2483,6.355,6.2785,-72.856,38.433,12.554,102.9,262.94,114.84
7.33,-4.0526,-5.8917,3.7948,0.72395,-0.087113,-0.093126,0.67797,5.1934,2.4732,0.1617,-0.37208,-2.7181,2.8891,-7.4476,-28.423,-11.672,0,0,0,6.2861,6.2015,6.3075,6.2308,-71.772,41.043,13.684,113.7,258.91,111.32
7.34,-4.001,-5.8684,3.7958,0.72218,-0.089157,-0.10977,0.67709,5.1154,2.1911,0.04568,-0.35633,-2.7525,2.9035,-8.1594,-28,-11.53,0,0,0,6.2398,6.1532,6.2586,6.1818,-70.582,43.61,14.78,124.41,254.52,107.7
7.35,-3.9503,-5.8479,3.7957,0.72028,-0.091048,-0.12674,0.6759,5.0302,1.9133,-0.068864,-0.33768,-2.7881,2.917,-8.8588,-27.551,-11.377,0,0,0,6.1922,6.1037,6.2083,6.1315,-69.285,46.132,15.838,135.01,249.79,104
7.36,-3.9004,-5.8301,3.7944,0.71823,-0.092792,-0.14403,0.67438,4.9382,1.6402,-0.18182,-0.31607,-2.8247,2.9294,-9.5448,-27.078,-11.213,0,0,0,6.1436,6.053,6.1568,6.08,-67.882,48.605,16.859,145.48,244.73,100.22
7.37,-3.8515,-5.8151,3.792,0.71605,-0.094399,-0.16163,0.67249,4.8394,1.3718,-0.2931,-0.29145,-2.8623,2.9407,-10.216,-26.58,-11.04,0,0,0,6.0939,6.0011,6.1041,6.0275,-66.376,51.026,17.842,155.81,239.35,96.361
7.38,-3.8037,-5.8027,3.7886,0.71372,-0.095883,-0.17953,0.67021,4.7339,1.1086,-0.40259,-0.26379,-2.9007,2.9509,-10.872,-26.057,-10.857,0,0,0,6.0432,5.9483,6.0504,5.974,-64.766,53.391,18.786,165.99,233.67,92.437
7.39,-3.7569,-5.7929,3.784,0.71124,-0.09726,-0.19771,0.66753,4.622,0.85078,-0.5102,-0.23311,-2.9399,2.96,-11.511,-25.512,-10.664,0,0,0,5.9918,5.8945,5.9957,5.9196,-63.056,55.698,19.691,176.01,227.68,88.45
7.4,-3.7112,-5.7856,3.7784,0.7086,-0.09855,-0.21615,0.66442,4.5038,0.59848,-0.61585,-0.19943,-2.9797,2.968,-12.133,-24.944,-10.463,0,0,0,5.9395,5.8398,5.9401,5.8643,-61.247,57.944,20.555,185.85,221.41,84.406
7.41,-3.6668,-5.7809,3.7717,0.70581,-0.099777,-0.23482,0.66086,4.3794,0.35198,-0.71944,-0.16283,-3.0201,2.9748,-12.736,-24.353,-10.253,0,0,0,5.8865,5.7844,5.8837,5.8084,-59.34,60.125,21.379,195.5,214.87,80.31
7.42,-3.6237,-5.7786,3.764,0.70286,-0.10097,-0.25369,0.65684,4.2491,0.11149,-0.82089,-0.12344,-3.0609,2.9805,-13.319,-23.741,-10.036,0,0,0,5.8329,5.7283,5.8267,5.7519,-57.338,62.24,22.161,204.95,208.07,76.167
7.43,-3.5819,-5.7786,3.7553,0.69974,-0.10215,-0.27273,0.65234,4.1131,-0.12278,-0.92012,-0.081388,-3.1021,2.985,-13.882,-23.109,-9.8103,0,0,0,5.7787,5.6716,5.769,5.6949,-55.242,64.286,22.902,214.19,201.01,71.983
7.44,-3.5414,-5.781,3.7456,0.69644,-0.10336,-0.29191,0.64736,3.9716,-0.35062,-1.0171,-0.036874,-3.1434,2.9884,-14.424,-22.456,-9.5777,0,0,0,5.7241,5.6143,5.7107,5.6374,-53.054,66.26,23.601,223.21,193.72,67.763
7.45,-3.5024,-5.7856,3.7349,0.69296,-0.10463,-0.31117,0.6419,3.8247,-0.57183,-1.1117,0.0098827,-3.185,2.9907,-14.943,-21.784,-9.3384,0,0,0,5.6691,5.5566,5.6521,5.5796,-50.778,68.16,24.257,231.98,186.2,63.512
7.46,-3.465,-5.7924,3.7234,0.68928,-0.106,-0.33048,0.63595,3.6728,-0.78623,-1.2038,0.058628,-3.2266,2.9919,-15.439,-21.093,-9.0927,0,0,0,5.6137,5.4986,5.5931,5.5215,-48.416,69.983,24.871,240.5,178.46,59.237
7.47,-3.429,-5.8013,3.7109,0.68541,-0.1075,-0.34981,0.62952,3.516,-0.99363,-1.2935,0.10908,-3.2683,2.9921,-15.911,-20.384,-8.8411,0,0,0,5.558,5.4402,5.5339,5.4633,-45.969,71.728,25.442,248.76,170.52,54.942
7.48,-3.3946,-5.8123,3.6975,0.68133,-0.10917,-0.3691,0.62261,3.3546,-1.1939,-1.3806,0.16095,-3.3101,2.9913,-16.358,-19.659,-8.584,0,0,0,5.5022,5.3816,5.4744,5.4049,-43.441,73.393,25.97,256.74,162.39,50.634
7.49,-3.3619,-5.8252,3.6833,0.67702,-0.11105,-0.38832,0.61524,3.1889,-1.3867,-1.4652,0.21392,-3.352,2.9895,-16.78,-18.917,-8.3219,0,0,0,5.4462,5.3228,5.4149,5.3465,-40.835,74.975,26.454,264.43,154.08,46.316
7.5,-3.3309,-5.84,3.6682,0.67249,-0.11317,-0.40742,0.60742,3.0191,-1.5721,-1.547,0.26767,-3.3941,2.9869,-17.175,-18.159,-8.0551,0,0,0,5.3901,5.2639,5.3554,5.2882,-38.154,76.474,26.896,271.82,145.6,41.996
7.51,-3.3016,-5.8566,3.6523,0.66771,-0.11556,-0.42637,0.59918,2.8455,-1.7499,-1.6262,0.32191,-3.4364,2.9835,-17.542,-17.388,-7.7841,0,0,0,5.334,5.2049,5.2959,5.23,-35.4,77.887,27.294,278.89,136.96,37.678
7.52,-3.274,-5.8749,3.6357,0.66269,-0.11824,-0.44514,0.59052,2.6684,-1.9198,-1.7027,0.37632,-3.479,2.9793,-17.882,-16.602,-7.5093,0,0,0,5.2779,5.146,5.2366,5.1719,-32.577,79.213,27.65,285.64,128.17,33.368
7.53,-3.2482,-5.895,3.6183,0.65739,-0.12126,-0.4637,0.58147,2.488,-2.0819,-1.7764,0.43064,-3.5221,2.9745,-18.194,-15.804,-7.2312,0,0,0,5.2219,5.0871,5.1776,5.1142,-29.688,80.45,27.962,292.04,119.25,29.07
7.54,-3.2242,-5.9166,3.6002,0.65183,-0.12462,-0.48202,0.57206,2.3046,-2.2359,-1.8473,0.4846,-3.5658,2.9691,-18.476,-14.993,-6.9502,0,0,0,5.1661,5.0285,5.1188,5.0567,-26.737,81.597,28.231,298.1,110.21,24.792
7.55,-3.2021,-5.9397,3.5814,0.64597,-0.12834,-0.50007,0.5623,2.1186,-2.3817,-1.9154,0.53799,-3.6102,2.9633,-18.728,-14.172,-6.6668,0,0,0,5.1106,4.97,5.0605,4.9997,-23.728,82.654,28.458,303.79,101.06,20.538
7.56,-3.1819,-5.9642,3.5619,0.63981,-0.13244,-0.51785,0.55221,1.9301,-2.5193,-1.9807,0.59061,-3.6556,2.9572,-18.95,-13.34,-6.3812,0,0,0,5.0553,4.9118,5.0026,4.9431,-20.663,83.618,28.642,309.09,91.804,16.313
7.57,-3.1635,-5.99,3.5418,0.63333,-0.13692,-0.53533,0.54182,1.7397,-2.6485,-2.043,0.64232,-3.7022,2.9508,-19.141,-12.5,-6.0941,0,0,0,5.0004,4.8539,4.9452,4.8871,-17.547,84.49,28.784,314.01,82.462,12.123
7.58,-3.1471,-6.0171,3.521,0.62652,-0.1418,-0.55251,0.53113,1.5474,-2.7693,-2.1025,0.69299,-3.75,2.9442,-19.301,-11.651,-5.8057,0,0,0,4.946,4.7965,4.8885,4.8316,-14.384,85.267,28.884,318.53,73.044,7.9735
7.59,-3.1326,-6.0454,3.4997,0.61936,-0.14706,-0.56938,0.52016,1.3537,-2.8815,-2.1591,0.74256,-3.7992,2.9376,-19.429,-10.795,-5.5165,0,0,0,4.8922,4.7396,4.8325,4.7769,-11.178,85.95,28.944,322.63,63.561,3.8699
7.6,-3.12,-6.0747,3.4779,0.61185,-0.15272,-0.58592,0.50893,1.159,-2.9851,-2.2129,0.79098,-3.8501,2.9311,-19.524,-9.9323,-5.227,0,0,0,4.8389,4.6832,4.7773,4.7229,-7.9329,86.538,28.962,326.3,54.025,-0.18231
7.61,-3.1094,-6.105,3.4555,0.60396,-0.15875,-0.60215,0.49744,0.96336,-3.0801,-2.2637,0.83825,-3.9027,2.9248,-19.587,-9.0644,-4.9374,0,0,0,4.7864,4.6276,4.723,4.6697,-4.6534,87.031,28.94,329.52,44.447,-4.1778
7.62,-3.1007,-6.1363,3.4326,0.59567,-0.16515,-0.61806,0.48569,0.76731,-3.1664,-2.3116,0.88439,-3.9571,2.9186,-19.617,-8.192,-4.6483,0,0,0,4.7347,4.5728,4.6697,4.6175,-1.3439,87.427,28.879,332.3,34.839,-8.1111
7.63,-3.0941,-6.1683,3.4092,0.58698,-0.17192,-0.63365,0.47369,0.57113,-3.2439,-2.3566,0.92945,-4.0134,2.9128,-19.614,-7.3162,-4.36,0,0,0,4.684,4.5188,4.6175,4.5662,1.991,87.727,28.778,334.6,25.212,-11.977
7.64,-3.0893,-6.2011,3.3855,0.57787,-0.17903,-0.64892,0.46144,0.37514,-3.3127,-2.3988,0.97351,-4.0717,2.9074,-19.578,-6.4378,-4.0728,0,0,0,4.6343,4.466,4.5665,4.5161,5.3466,87.931,28.639,336.43,15.579,-15.769
7.65,-3.0866,-6.2346,3.3613,0.56831,-0.18647,-0.66386,0.44893,0.17969,-3.3727,-2.4381,1.0167,-4.1318,2.9025,-19.507,-5.5579,-3.7873,0,0,0,4.5858,4.4143,4.5168,4.4672,8.718,88.039,28.463,337.77,5.9494,-19.483
7.66,-3.0857,-6.2686,3.3367,0.55831,-0.19422,-0.67848,0.43615,-0.014893,-3.4239,-2.4746,1.0591,-4.1937,2.8979,-19.403,-4.6773,-3.5037,0,0,0,4.5387,4.364,4.4686,4.4196,12.1,88.05,28.25,338.6,-3.6635,-23.113
7.67,-3.0868,-6.303,3.3118,0.54784,-0.20226,-0.69278,0.4231,-0.20826,-3.4662,-2.5082,1.1008,-4.2573,2.8939,-19.265,-3.7972,-3.2224,0,0,0,4.4931,4.3152,4.422,4.3735,15.488,87.966,28.001,338.91,-13.249,-26.654
7.68,-3.0899,-6.3378,3.2866,0.5369,-0.21057,-0.70675,0.40977,-0.40008,-3.4998,-2.539,1.1421,-4.3224,2.8903,-19.093,-2.9184,-2.9438,0,0,0,4.4492,4.2682,4.3771,4.3289,18.877,87.785,27.717,338.7,-22.795,-30.1
7.69,-3.0948,-6.373,3.261,0.52547,-0.21912,-0.72038,0.39613,-0.59002,-3.5246,-2.5671,1.1829,-4.3886,2.8872,-18.888,-2.0418,-2.6682,0,0,0,4.4071,4.2231,4.3342,4.286,22.26,87.51,27.399,337.94,-32.29,-33.445
7.7,-3.1017,-6.4083,3.2352,0.51354,-0.22789,-0.73367,0.38218,-0.77773,-3.5407,-2.5924,1.2236,-4.4555,2.8844,-18.648,-1.1685,-2.3959,0,0,0,4.3671,4.1803,4.2933,4.2449,25.634,87.14,27.049,336.62,-41.722,-36.685
7.71,-3.1104,-6.4438,3.2092,0.50112,-0.23686,-0.74661,0.36789,-0.96287,-3.548,-2.615,1.2642,-4.5227,2.8818,-18.375,-0.29931,-2.1273,0,0,0,4.3293,4.1398,4.2548,4.2059,28.991,86.676,26.666,334.74,-51.08,-39.814
7.72,-3.1209,-6.4792,3.1829,0.48819,-0.246,-0.75918,0.35326,-1.1451,-3.5467,-2.635,1.3049,-4.5895,2.8793,-18.068,0.56473,-1.8627,0,0,0,4.294,4.1021,4.2187,4.169,32.327,86.119,26.253,332.28,-60.353,-42.826
7.73,-3.1333,-6.5147,3.1565,0.47476,-0.25528,-0.77137,0.33826,-1.3241,-3.5367,-2.6523,1.3457,-4.6553,2.8768,-17.729,1.4227,-1.6024,0,0,0,4.2614,4.0674,4.1854,4.1345,35.634,85.469,25.81,329.22,-69.528,-45.715
7.74,-3.1474,-6.5499,3.1299,0.46084,-0.26466,-0.78315,0.32287,-1.4996,-3.5182,-2.667,1.3869,-4.7191,2.874,-17.356,2.2738,-1.3466,0,0,0,4.2318,4.0359,4.155,4.1026,38.909,84.728,25.339,325.56,-78.595,-48.478
7.75,-3.1633,-6.585,3.1032,0.44644,-0.27413,-0.79451,0.30708,-1.6711,-3.4913,-2.6792,1.4284,-4.7801,2.8708,-16.951,3.117,-1.0957,0,0,0,4.2053,4.0081,4.1277,4.0733,42.144,83.898,24.841,321.28,-87.541,-51.107
7.76,-3.1808,-6.6197,3.0763,0.43157,-0.28365,-0.8054,0.29088,-1.8385,-3.4559,-2.6889,1.4704,-4.8373,2.8667,-16.513,3.9515,-0.84987,0,0,0,4.1822,3.9842,4.1039,4.0471,45.332,82.978,24.317,316.36,-96.355,-53.598
7.77,-3.2,-6.6541,3.0494,0.41627,-0.29319,-0.81582,0.27424,-2.0013,-3.4123,-2.6962,1.5128,-4.8895,2.8616,-16.044,4.7763,-0.60941,0,0,0,4.1628,3.9645,4.0837,4.0241,48.469,81.971,23.769,310.81,-105.03,-55.945
7.78,-3.2208,-6.688,3.0224,0.40055,-0.30271,-0.82571,0.25715,-2.1593,-3.3604,-2.7012,1.5557,-4.9355,2.8551,-15.544,5.5906,-0.37455,0,0,0,4.1474,3.9493,4.0674,4.0045,51.546,80.878,23.199,304.59,-113.54,-58.143
7.79,-3.2432,-6.7213,2.9954,0.38446,-0.31219,-0.83505,0.23962,-2.3121,-3.3005,-2.7038,1.599,-4.974,2.847,-15.013,6.3936,-0.14551,0,0,0,4.1361,3.939,4.0553,3.9887,54.558,79.701,22.607,297.71,-121.89,-60.186
7.8,-3.267,-6.7539,2.9683,0.36804,-0.3216,-0.8438,0.22163,-2.4594,-3.2326,-2.7041,1.6427,-5.004,2.8367,-14.453,7.1843,0.07752,0,0,0,4.1292,3.9337,4.0476,3.9768,57.498,78.441,21.996,290.15,-130.06,-62.069
7.81,-3.2923,-6.7859,2.9413,0.35135,-0.33089,-0.85193,0.20317,-2.601,-3.1569,-2.7022,1.6865,-5.024,2.8242,-13.864,7.9621,0.29434,0,0,0,4.1269,3.9338,4.0444,3.9692,60.359,77.1,21.366,281.89,-138.04,-63.786
7.82,-3.319,-6.8171,2.9143,0.33444,-0.34006,-0.85939,0.18427,-2.7366,-3.0734,-2.6982,1.7304,-5.033,2.809,-13.246,8.7261,0.50479,0,0,0,4.1295,3.9394,4.0461,3.9661,63.134,75.681,20.72,272.92,-145.82,-65.332
7.83,-3.3471,-6.8473,2.8874,0.31738,-0.34905,-0.86616,0.16491,-2.8659,-2.9824,-2.6921,1.7742,-5.03,2.7908,-12.601,9.4755,0.7087,0,0,0,4.1371,3.9508,4.0528,3.9679,65.815,74.184,20.06,263.23,-153.39,-66.702
7.84,-3.3763,-6.8767,2.8605,0.30025,-0.35786,-0.87219,0.14513,-2.9886,-2.884,-2.6841,1.8175,-5.0141,2.7694,-11.93,10.21,0.90595,0,0,0,4.1499,3.9679,4.0647,3.9747,68.396,72.614,19.387,252.83,-160.73,-67.893
7.85,-3.4068,-6.905,2.8337,0.28312,-0.36646,-0.87746,0.12493,-3.1044,-2.7783,-2.6741,1.86,-4.9845,2.7446,-11.234,10.927,1.0964,0,0,0,4.168,3.991,4.0819,3.9869,70.869,70.97,18.703,241.74,-167.85,-68.909
7.86,-3.4384,-6.9322,2.807,0.26607,-0.37484,-0.88194,0.10434,-3.2131,-2.6655,-2.6622,1.9015,-4.941,2.7164,-10.513,11.629,1.28,0,0,0,4.1915,4.0199,4.1046,4.0046,73.228,69.257,18.009,230,-174.74,-69.755
7.87,-3.471,-6.9583,2.7804,0.24919,-0.38297,-0.8856,0.083403,-3.3146,-2.5457,-2.6485,1.9414,-4.8833,2.6845,-9.7696,12.312,1.4566,0,0,0,4.2205,4.0548,4.1327,4.0281,75.467,67.476,17.308,217.64,-181.41,-70.436
7.88,-3.5047,-6.9831,2.754,0.23255,-0.39085,-0.88843,0.062143,-3.4085,-2.4193,-2.6331,1.9795,-4.8115,2.6491,-9.0043,12.978,1.6261,0,0,0,4.2549,4.0954,4.1664,4.0575,77.579,65.63,16.601,204.7,-187.84,-70.959
7.89,-3.5392,-7.0066,2.7278,0.21623,-0.39846,-0.8904,0.040607,-3.4946,-2.2862,-2.616,2.0153,-4.7262,2.6102,-8.2185,13.625,1.7886,0,0,0,4.2949,4.1416,4.2056,4.0929,79.559,63.72,15.89,191.22,-194.05,-71.326
7.9,-3.5745,-7.0288,2.7017,0.20032,-0.40582,-0.89153,0.018843,-3.5728,-2.1468,-2.5973,2.0484,-4.628,2.568,-7.4136,14.252,1.9439,0,0,0,4.3402,4.1933,4.2502,4.1344,81.402,61.75,15.175,177.23,-200.01,-71.544
7.91,-3.6106,-7.0496,2.6758,-0.18487,0.41292,0.8918,0.0030963,-3.6428,-2.0013,-2.5771,2.0783,-4.5179,2.5227,-6.5909,14.86,2.0921,0,0,0,4.3908,4.2503,4.3003,4.182,83.102,59.721,14.459,162.77,-205.75,-71.618
7.92,-3.6474,-7.0688,2.6502,-0.16994,0.41976,0.89123,0.025153,-3.7045,-1.8497,-2.5555,2.1047,-4.3971,2.4746,-5.752,15.446,2.2331,0,0,0,4.4466,4.3123,4.3555,4.2355,84.656,57.636,13.743,147.88,-211.24,-71.552
7.93,-3.6847,-7.0865,2.6247,-0.1556,0.42635,0.88982,0.047266,-3.7578,-1.6924,-2.5325,2.1272,-4.267,2.4241,-4.8983,16.012,2.367,0,0,0,4.5073,4.379,4.4158,4.2948,86.059,55.497,13.029,132.58,-216.5,-71.352
7.94,-3.7225,-7.1027,2.5995,-0.14188,0.43269,0.8876,0.069371,-3.8025,-1.5295,-2.5082,2.1453,-4.129,2.3714,-4.0314,16.556,2.4937,0,0,0,4.5727,4.4501,4.4809,4.3596,87.306,53.307,12.317,116.92,-221.51,-71.023
7.95,-3.7607,-7.1171,2.5746,-0.1288,0.43881,0.88459,0.091399,-3.8384,-1.3614,-2.4826,2.1589,-3.9848,2.317,-3.1527,17.078,2.6133,0,0,0,4.6424,4.5254,4.5506,4.4297,88.396,51.067,11.609,100.93,-226.29,-70.57
7.96,-3.7992,-7.1299,2.5499,-0.1164,0.44471,0.88083,0.11328,-3.8655,-1.1881,-2.4559,2.1677,-3.8359,2.2613,-2.264,17.577,2.7259,0,0,0,4.7163,4.6045,4.6245,4.5048,89.324,48.782,10.906,84.649,-230.81,-69.997
7.97,-3.838,-7.1409,2.5255,-0.10468,0.45039,0.87634,0.13495,-3.8836,-1.0099,-2.4281,2.1715,-3.6839,2.2045,-1.3668,18.054,2.8314,0,0,0,4.794,4.687,4.7024,4.5844,90.088,46.452,10.209,68.11,-235.09,-69.31
7.98,-3.8769,-7.15,2.5013,-0.093628,0.45588,0.87119,0.15634,-3.8928,-0.82707,-2.3993,2.1702,-3.5303,2.1472,-0.46277,18.506,2.9301,0,0,0,4.8751,4.7727,4.7839,4.6682,90.686,44.081,9.5199,51.35,-239.13,-68.515
7.99,-3.9158,-7.1574,2.4775,-0.083245,0.46117,0.86541,0.17737,-3.8929,-0.63984,-2.3696,2.1637,-3.3767,2.0895,0.44637,18.935,3.0219,0,0,0,4.9592,4.8611,4.8685,4.7557,91.114,41.67,8.8391,34.404,-242.91,-67.615
8,-3.9547,-7.1628,2.4539,-0.073507,0.46628,0.85906,0.19799,-3.8839,-0.44845,-2.3389,2.1521,-3.2243,2.0319,1.359,19.34,3.1069,0,0,0,5.0459,4.9518,4.956,4.8464,91.373,39.223,8.1679,17.309,-246.43,-66.617
8.01,-3.9935,-7.1663,2.4307,-0.064388,0.47121,0.8522,0.21812,-3.8657,-0.25313,-2.3074,2.1356,-3.0744,1.9747,2.2733,19.719,3.1853,0,0,0,5.1349,5.0445,5.0459,4.9398,91.46,36.742,7.5071,0.10052,-249.71,-65.525
8.02,-4.032,-7.1679,2.4078,-0.055853,0.47597,0.84488,0.23773,-3.8384,-0.05414,-2.2752,2.1142,-2.928,1.9181,3.1876,20.074,3.2571,0,0,0,5.2257,5.1388,5.1378,5.0354,91.375,34.23,6.8577,-17.186,-252.73,-64.344
8.03,-4.0702,-7.1674,2.3852,-0.047865,0.48056,0.83717,0.25675,-3.8019,0.14827,-2.2423,2.0882,-2.786,1.8622,4.1002,20.404,3.3224,0,0,0,5.3178,5.2343,5.2312,5.1327,91.116,31.689,6.2205,-34.515,-255.49,-63.079
8.04,-4.108,-7.1649,2.3629,-0.040384,0.48498,0.82913,0.27515,-3.7564,0.35385,-2.2088,2.058,-2.6492,1.8074,5.0093,20.708,3.3815,0,0,0,5.4109,5.3305,5.3257,5.2312,90.685,29.121,5.5964,-51.85,-257.99,-61.735
8.05,-4.1453,-7.1603,2.341,-0.033368,0.48924,0.82082,0.29289,-3.7018,0.56235,-2.1747,2.0238,-2.5181,1.7538,5.9133,20.986,3.4344,0,0,0,5.5044,5.4271,5.4208,5.3304,90.08,26.53,4.986,-69.155,-260.23,-60.318
8.06,-4.182,-7.1536,2.3195,-0.026773,0.49333,0.81231,0.30995,-3.6382,0.77349,-2.1401,1.986,-2.3934,1.7014,6.8103,21.239,3.4813,0,0,0,5.5981,5.5235,5.5162,5.4298,89.302,23.917,4.3902,-86.395,-262.2,-58.833
8.07,-4.218,-7.1448,2.2982,-0.020558,0.49726,0.80364,0.32631,-3.5656,0.98703,-2.1051,1.9451,-2.2752,1.6505,7.6988,21.465,3.5223,0,0,0,5.6914,5.6195,5.6113,5.529,88.352,21.287,3.8096,-103.53,-263.91,-57.284
8.08,-4.2533,-7.1339,2.2774,-0.014682,0.50102,0.79488,0.34195,-3.4842,1.2027,-2.0697,1.9015,-2.1638,1.6011,8.5768,21.664,3.5575,0,0,0,5.7839,5.7146,5.7058,5.6273,87.231,18.64,3.2448,-120.54,-265.35,-55.676
8.09,-4.2877,-7.1208,2.2568,-0.0091074,0.50461,0.78608,0.35689,-3.3941,1.4202,-2.034,1.8555,-2.0593,1.5532,9.4428,21.837,3.5872,0,0,0,5.8752,5.8083,5.7991,5.7245,85.942,15.981,2.6963,-137.36,-266.53,-54.015
8.1,-4.3211,-7.1055,2.2367,-0.0037972,0.50804,0.77728,0.37111,-3.2954,1.6394,-1.998,1.8076,-1.9618,1.507,10.295,21.984,3.6115,0,0,0,5.9649,5.9003,5.8909,5.82,84.485,13.311,2.1646,-153.99,-267.43,-52.306
8.11,-4.3536,-7.088,2.2169,0.0012805,0.51129,0.76852,0.38464,-3.1883,1.8598,-1.9618,1.7581,-1.871,1.4625,11.132,22.103,3.6306,0,0,0,6.0526,5.9902,5.9807,5.9134,82.863,10.633,1.6503,-170.36,-268.06,-50.554
8.12,-4.3849,-7.0683,2.1974,0.0061554,0.51438,0.75985,0.39749,-3.0728,2.0813,-1.9254,1.7074,-1.7869,1.4196,11.952,22.196,3.6446,0,0,0,6.1379,6.0775,6.0681,6.0042,81.079,7.9503,1.1537,-186.46,-268.41,-48.763
8.13,-4.415,-7.0464,2.1784,0.010853,0.51729,0.75129,0.40969,-2.9493,2.3036,-1.8889,1.6559,-1.7094,1.3784,12.753,22.262,3.6537,0,0,0,6.2203,6.1619,6.1528,6.0922,79.135,5.2656,0.67514,-202.24,-268.49,-46.939
8.14,-4.4438,-7.0222,2.1597,0.015398,0.52003,0.74288,0.42126,-2.8178,2.5265,-1.8523,1.6038,-1.6381,1.3388,13.534,22.302,3.6581,0,0,0,6.2995,6.2429,6.2342,6.1767,77.035,2.5814,0.21498,-217.66,-268.29,-45.087
8.15,-4.4713,-6.9958,2.1413,0.019808,0.5226,0.73463,0.43222,-2.6787,2.7496,-1.8157,1.5514,-1.5729,1.301,14.293,22.314,3.6581,0,0,0,6.3752,6.3203,6.3121,6.2576,74.783,-0.099286,-0.22653,-232.7,-267.81,-43.212
8.16,-4.4974,-6.9672,2.1233,0.0241,0.52499,0.72656,0.44262,-2.532,2.9727,-1.7792,1.4989,-1.5134,1.2648,15.029,22.3,3.6537,0,0,0,6.447,6.3937,6.3861,6.3345,72.382,-2.7738,-0.6492,-247.32,-267.04,-41.319
8.17,-4.5219,-6.9364,2.1057,0.02829,0.52721,0.71868,0.45249,-2.3782,3.1955,-1.7427,1.4465,-1.4595,1.2303,15.74,22.259,3.6452,0,0,0,6.5145,6.4627,6.4559,6.4069,69.838,-5.4392,-1.0529,-261.48,-266,-39.413
8.18,-4.5449,-6.9033,2.0885,0.032388,0.52926,0.71101,0.46185,-2.2173,3.4178,-1.7063,1.3945,-1.4108,1.1974,16.425,22.191,3.6327,0,0,0,6.5775,6.527,6.521,6.4745,67.154,-8.0928,-1.4374,-275.14,-264.66,-37.499
8.19,-4.5663,-6.868,2.0716,0.036404,0.53112,0.70355,0.47074,-2.0498,3.6392,-1.67,1.343,-1.3672,1.1662,17.083,22.097,3.6165,0,0,0,6.6355,6.5863,6.5812,6.5372,64.337,-10.732,-1.8028,-288.27,-263.04,-35.583
8.2,-4.5859,-6.8305,2.0551,0.040347,0.53282,0.6963,0.47921,-1.8758,3.8596,-1.634,1.292,-1.3283,1.1366,17.712,21.976,3.5967,0,0,0,6.6884,6.6402,6.6361,6.5944,61.391,-13.353,-2.1491,-300.83,-261.13,-33.669
8.21,-4.6038,-6.7908,2.0389,0.044223,0.53433,0.68927,0.48727,-1.6956,4.0787,-1.5981,1.2416,-1.2939,1.1085,18.31,21.83,3.5735,0,0,0,6.7358,6.6885,6.6856,6.6461,58.322,-15.953,-2.4762,-312.79,-258.93,-31.762
8.22,-4.6198,-6.749,2.0231,0.048036,0.53567,0.68246,0.49498,-1.5097,4.2961,-1.5625,1.192,-1.2639,1.0821,18.878,21.657,3.5472,0,0,0,6.7774,6.731,6.7293,6.6919,55.137,-18.53,-2.7844,-324.12,-256.44,-29.867
8.23,-4.6339,-6.7049,2.0077,0.05179,0.53683,0.67585,0.50235,-1.3182,4.5117,-1.5272,1.1432,-1.2381,1.0572,19.413,21.459,3.5179,0,0,0,6.8131,6.7674,6.767,6.7315,51.842,-21.081,-3.0736,-334.76,-253.65,-27.99
8.24,-4.6461,-6.6587,1.9926,0.055489,0.53782,0.66945,0.50942,-1.1215,4.7252,-1.4922,1.0952,-1.2163,1.0339,19.914,21.236,3.4858,0,0,0,6.8425,6.7974,6.7984,6.7649,48.444,-23.602,-3.3442,-344.7,-250.56,-26.135
8.25,-4.6563,-6.6104,1.9778,0.059136,0.53863,0.66324,0.51623,-0.92,4.9364,-1.4575,1.048,-1.1983,1.0122,20.381,20.987,3.4511,0,0,0,6.8655,6.8208,6.8233,6.7917,44.951,-26.091,-3.5964,-353.89,-247.17,-24.308
8.26,-4.6645,-6.56,1.9634,0.062731,0.53926,0.65723,0.5228,-0.714,5.1449,-1.4231,1.0017,-1.1841,0.99196,20.813,20.714,3.4139,0,0,0,6.8819,6.8375,6.8416,6.8118,41.369,-28.545,-3.8305,-362.31,-243.49,-22.513
8.27,-4.6706,-6.5075,1.9494,0.066277,0.5397,0.65139,0.52916,-0.50386,5.3506,-1.3892,0.95616,-1.1736,0.97334,21.208,20.417,3.3745,0,0,0,6.8915,6.8472,6.8531,6.825,37.707,-30.96,-4.0468,-369.9,-239.5,-20.756
8.28,-4.6746,-6.453,1.9356,0.069776,0.53997,0.64574,0.53534,-0.28995,5.5532,-1.3557,0.91149,-1.1668,0.9563,21.567,20.095,3.3331,0,0,0,6.8942,6.8498,6.8576,6.8312,33.974,-33.334,-4.2458,-376.64,-235.2,-19.042
8.29,-4.6764,-6.3965,1.9223,0.073228,0.54005,0.64024,0.54137,-0.072647,5.7524,-1.3225,0.86763,-1.1635,0.94086,21.888,19.75,3.2897,0,0,0,6.8898,6.8453,6.855,6.8302,30.178,-35.663,-4.4278,-382.49,-230.6,-17.376
8.3,-4.676,-6.338,1.9092,0.076637,0.53994,0.6349,0.54726,0.14768,5.9481,-1.2899,0.82456,-1.1639,0.92703,22.17,19.382,3.2446,0,0,0,6.8782,6.8334,6.8453,6.8221,26.327,-37.945,-4.5935,-387.41,-225.69,-15.762
8.31,-4.6734,-6.2775,1.8965,0.080004,0.53964,0.6297,0.55306,0.37063,6.14,-1.2577,0.78225,-1.1679,0.91486,22.414,18.991,3.1979,0,0,0,6.8594,6.8141,6.8282,6.8067,22.432,-40.176,-4.7433,-391.38,-220.48,-14.206
8.32,-4.6686,-6.2152,1.884,0.083332,0.53914,0.62463,0.55877,0.59583,6.3278,-1.2259,0.74066,-1.1756,0.90437,22.619,18.579,3.1498,0,0,0,6.8333,6.7873,6.8039,6.784,18.503,-42.353,-4.8778,-394.4,-214.96,-12.708
8.33,-4.6615,-6.151,1.8719,0.086624,0.53845,0.61968,0.56442,0.82288,6.5115,-1.1947,0.69977,-1.1871,0.89562,22.784,18.145,3.1004,0,0,0,6.7999,6.7531,6.7723,6.754,14.548,-44.474,-4.9976,-396.49,-209.15,-11.267
8.34,-4.6521,-6.085,1.8601,0.089884,0.53754,0.61484,0.57003,1.0514,6.6907,-1.1639,0.65951,-1.2025,0.88864,22.91,17.689,3.0499,0,0,0,6.7592,6.7113,6.7333,6.7166,10.576,-46.535,-5.1033,-397.68,-203.06,-9.883
8.35,-4.6405,-6.0172,1.8487,0.093115,0.53643,0.6101,0.57563,1.2809,6.8652,-1.1337,0.61983,-1.222,0.88349,22.996,17.214,2.9983,0,0,0,6.7113,6.6621,6.687,6.6719,6.5969,-48.534,-5.1954,-397.99,-196.7,-8.5545
8.36,-4.6265,-5.9477,1.8375,0.096323,0.53508,0.60545,0.58123,1.5112,7.0349,-1.104,0.58064,-1.2457,0.88021,23.042,16.719,2.946,0,0,0,6.6561,6.6053,6.6335,6.62,2.619,-50.468,-5.2746,-397.44,-190.08,-7.2806
8.37,-4.6103,-5.8765,1.8266,0.099513,0.53351,0.60088,0.58686,1.7416,7.1995,-1.0748,0.54188,-1.2739,0.87889,23.048,16.205,2.8929,0,0,0,6.5937,6.5412,6.5729,6.561,-1.3491,-52.335,-5.3412,-396.06,-183.21,-6.0604
8.38,-4.5917,-5.8037,1.816,0.10269,0.53169,0.59638,0.59253,1.972,7.3589,-1.0461,0.50346,-1.3068,0.87959,23.015,15.673,2.8392,0,0,0,6.5244,6.4698,6.5051,6.4949,-5.2994,-54.132,-5.396,-393.86,-176.11,-4.893
8.39,-4.5708,-5.7294,1.8057,0.10587,0.52962,0.59193,0.59826,2.2018,7.5129,-1.018,0.46528,-1.3447,0.88241,22.942,15.122,2.785,0,0,0,6.4481,6.3911,6.4305,6.422,-9.2238,-55.857,-5.4393,-390.89,-168.79,-3.7775
8.4,-4.5477,-5.6535,1.7956,0.10905,0.52728,0.58753,0.60407,2.4307,7.6613,-0.9904,0.42725,-1.3881,0.88743,22.83,14.556,2.7305,0,0,0,6.365,6.3054,6.349,6.3423,-13.115,-57.507,-5.4717,-387.15,-161.25,-2.7129
8.41,-4.5222,-5.5762,1.7858,0.11224,0.52464,0.58316,0.60998,2.6583,7.804,-0.96337,0.38927,-1.4372,0.89477,22.68,13.973,2.6756,0,0,0,6.2755,6.2127,6.261,6.2561,-16.964,-59.081,-5.4937,-382.67,-153.5,-1.6983
8.42,-4.4945,-5.4974,1.7763,0.11546,0.5217,0.57881,0.61601,2.8842,7.9407,-0.93689,0.35122,-1.4927,0.90456,22.491,13.374,2.6206,0,0,0,6.1795,6.1132,6.1667,6.1637,-20.766,-60.576,-5.5058,-377.47,-145.57,-0.73276
8.43,-4.4645,-5.4174,1.7671,0.11871,0.51843,0.57448,0.62218,3.108,8.0714,-0.91096,0.31298,-1.555,0.91695,22.265,12.761,2.5655,0,0,0,6.0774,6.0072,6.0662,6.0651,-24.511,-61.992,-5.5085,-371.59,-137.45,0.18457
8.44,-4.4323,-5.336,1.7581,0.12201,0.51481,0.57014,0.62851,3.3293,8.1959,-0.88558,0.27444,-1.6247,0.93208,22.001,12.135,2.5105,0,0,0,5.9695,5.8948,5.9598,5.9609,-28.195,-63.325,-5.5023,-365.03,-129.16,1.0547
8.45,-4.398,-5.2535,1.7494,0.12538,0.5108,0.5658,0.63501,3.5479,8.314,-0.86075,0.23544,-1.7026,0.95015,21.701,11.495,2.4555,0,0,0,5.8561,5.7763,5.8479,5.8512,-31.81,-64.574,-5.4876,-357.84,-120.72,1.8784
8.46,-4.3614,-5.1698,1.7409,0.12882,0.50638,0.56143,0.64171,3.7632,8.4257,-0.83647,0.19587,-1.7895,0.97135,21.365,10.843,2.4007,0,0,0,5.7375,5.652,5.7308,5.7363,-35.35,-65.739,-5.4649,-350.02,-112.12,2.6568
8.47,-4.3227,-5.085,1.7327,0.13237,0.5015,0.55702,0.64862,3.9751,8.5309,-0.81273,0.15556,-1.8862,0.99591,20.994,10.181,2.3462,0,0,0,5.614,5.5221,5.6088,5.6168,-38.808,-66.816,-5.4346,-341.6,-103.39,3.3907
8.48,-4.2819,-4.9992,1.7246,0.13603,0.49614,0.55256,0.65576,4.183,8.6293,-0.78954,0.11436,-1.9938,1.0241,20.589,9.5075,2.2921,0,0,0,5.4861,5.387,5.4823,5.493,-42.18,-67.806,-5.3972,-332.61,-94.532,4.081
8.49,-4.2391,-4.9124,1.7169,0.13983,0.49023,0.54803,0.66317,4.3868,8.721,-0.76689,0.072098,-2.1133,1.0561,20.151,8.8248,2.2383,0,0,0,5.3542,5.2471,5.3518,5.3653,-45.459,-68.707,-5.3531,-323.07,-85.558,4.7287
8.5,-4.1942,-4.8248,1.7093,0.14379,0.48372,0.54342,0.67084,4.5859,8.8058,-0.74477,0.028605,-2.2461,1.0923,19.681,8.1336,2.185,0,0,0,5.2188,5.1027,5.2178,5.2342,-48.64,-69.517,-5.3028,-313,-76.48,5.3347
8.51,-4.1474,-4.7363,1.702,0.14794,0.47657,0.53871,0.67882,4.7803,8.8836,-0.72319,-0.016307,-2.3934,1.1329,19.179,7.4348,2.1323,0,0,0,5.0805,4.9542,5.0807,5.1002,-51.717,-70.236,-5.2465,-302.43,-67.308,5.8999
8.52,-4.0986,-4.6471,1.6948,0.15232,0.46869,0.53387,0.6871,4.9694,8.9545,-0.70213,-0.062828,-2.5567,1.1784,18.647,6.7292,2.0801,0,0,0,4.9398,4.8023,4.9412,4.9639,-54.687,-70.863,-5.1849,-291.38,-58.054,6.4252
8.53,-4.048,-4.5572,1.6879,0.15694,0.46001,0.52889,0.69572,5.1531,9.0182,-0.68158,-0.11116,-2.7377,1.229,18.085,6.0178,2.0286,0,0,0,4.7974,4.6473,4.7998,4.826,-57.543,-71.397,-5.1182,-279.88,-48.729,6.9116
8.54,-3.9956,-4.4668,1.6812,0.16184,0.45046,0.52374,0.70469,5.331,9.0748,-0.66155,-0.16149,-2.9378,1.285,17.496,5.3016,1.9778,0,0,0,4.654,4.49,4.6572,4.6868,-60.283,-71.837,-5.0468,-267.94,-39.343,7.36
8.55,-3.9414,-4.3758,1.6747,0.16707,0.43992,0.5184,0.71402,5.5029,9.1242,-0.64203,-0.21403,-3.1589,1.3467,16.88,4.5814,1.9277,0,0,0,4.5103,4.3311,4.5142,4.5473,-62.901,-72.183,-4.9711,-255.59,-29.907,7.7713
8.56,-3.8855,-4.2843,1.6684,0.17265,0.42829,0.51282,0.72372,5.6685,9.1664,-0.623,-0.26895,-3.4024,1.4145,16.239,3.8582,1.8784,0,0,0,4.3673,4.1714,4.3716,4.4079,-65.393,-72.435,-4.8915,-242.86,-20.433,8.1464
8.57,-3.828,-4.1925,1.6622,0.17863,0.41547,0.50698,0.73379,5.8276,9.2014,-0.60446,-0.32643,-3.6697,1.4884,15.573,3.133,1.8299,0,0,0,4.2258,4.0118,4.2303,4.2693,-67.757,-72.592,-4.8083,-229.76,-10.931,8.4862
8.58,-3.769,-4.1003,1.6563,0.18504,0.40131,0.50084,0.74422,5.9799,9.2291,-0.5864,-0.38658,-3.9618,1.5686,14.884,2.4067,1.7822,0,0,0,4.0868,3.8537,4.0912,4.1323,-69.987,-72.654,-4.7219,-216.33,-1.4132,8.7918
8.59,-3.7085,-4.0079,1.6505,0.19192,0.3857,0.49435,0.75499,6.1252,9.2495,-0.56881,-0.44948,-4.2791,1.6548,14.173,1.6803,1.7354,0,0,0,3.9513,3.6983,3.9553,3.9974,-72.082,-72.62,-4.6326,-202.58,8.1106,9.0639
8.6,-3.6465,-3.9153,1.6449,0.1993,0.36848,0.48747,0.76607,6.2633,9.2627,-0.55168,-0.51511,-4.6209,1.7467,13.443,0.95463,1.6896,0,0,0,3.8204,3.5473,3.8238,3.8652,-74.038,-72.492,-4.5407,-188.54,17.629,9.3035
8.61,-3.5832,-3.8227,1.6395,0.2072,0.34953,0.48015,0.7774,6.394,9.2686,-0.53501,-0.58335,-4.9852,1.8436,12.693,0.23075,1.6446,0,0,0,3.6952,3.4027,3.6979,3.7363,-75.852,-72.268,-4.4466,-174.23,27.131,9.5116
8.62,-3.5187,-3.73,1.6342,0.21563,0.32871,0.47233,0.7889,6.5171,9.2673,-0.51879,-0.6539,-5.368,1.9441,11.926,-0.49041,1.6006,0,0,0,3.577,3.2669,3.579,3.6111,-77.522,-71.949,-4.3506,-159.68,36.606,9.6891
8.63,-3.4529,-3.6374,1.6291,0.22458,0.3059,0.46397,0.80045,6.6325,9.2588,-0.503,-0.72629,-5.763,2.0465,11.143,-1.2079,1.5576,0,0,0,3.4668,3.1424,3.4683,3.49,-79.045,-71.536,-4.2529,-144.91,46.042,9.8368
8.64,-3.386,-3.5448,1.6241,0.23402,0.28104,0.45501,0.81192,6.7399,9.2432,-0.48763,-0.79981,-6.161,2.1485,10.346,-1.9208,1.5156,0,0,0,3.3655,3.0322,3.3672,3.3734,-80.419,-71.028,-4.1539,-129.95,55.429,9.9557
8.65,-3.3181,-3.4525,1.6193,0.2439,0.25407,0.44544,0.82313,6.8394,9.2204,-0.47268,-0.87349,-6.5495,2.2471,9.5353,-2.6282,1.4746,0,0,0,3.2743,2.9393,3.2771,3.2619,-81.643,-70.427,-4.0539,-114.8,64.756,10.047
8.66,-3.2493,-3.3605,1.6147,0.25411,0.22504,0.43523,0.83388,6.9306,9.1906,-0.45814,-0.9461,-6.9133,2.3386,8.7134,-3.3291,1.4345,0,0,0,3.1941,2.8666,3.1992,3.1562,-82.715,-69.733,-3.9531,-99.513,74.012,10.111
8.67,-3.1795,-3.2687,1.6102,0.26453,0.19407,0.42439,0.84395,7.0136,9.1539,-0.44399,-1.0162,-7.2348,2.4191,7.8815,-4.0225,1.3955,0,0,0,3.1255,2.8164,3.1346,3.0576,-83.633,-68.947,-3.8518,-84.096,83.185,10.149
8.68,-3.109,-3.1774,1.6058,0.27501,0.16136,0.41298,0.8531,7.0882,9.1102,-0.43022,-1.0821,-7.4955,2.4845,7.0412,-4.7077,1.3575,0,0,0,3.0694,2.7901,3.084,2.9679,-84.397,-68.07,-3.7502,-68.576,92.265,10.162
8.69,-3.0378,-3.0865,1.6016,0.28534,0.12722,0.40107,0.86112,7.1544,9.0597,-0.41684,-1.1421,-7.6785,2.5312,6.1941,-5.3836,1.3205,0,0,0,3.0265,2.7881,3.0479,2.8896,-85.004,-67.102,-3.6486,-52.977,101.24,10.151
8.7,-2.966,-2.9962,1.5975,0.29534,0.092058,0.38879,0.86784,7.2121,9.0026,-0.40381,-1.1949,-7.7703,2.556,5.3416,-6.0494,1.2845,0,0,0,2.9977,2.8091,3.0265,2.8257,-85.456,-66.046,-3.5472,-37.323,110.1,10.116
8.71,-2.8936,-2.9065,1.5935,0.3048,0.056327,0.37628,0.87312,7.2612,8.9388,-0.39114,-1.239,-7.7634,2.5575,4.4855,-6.7043,1.2495,0,0,0,2.9837,2.8507,3.0195,2.7791,-85.751,-64.901,-3.4463,-21.636,118.84,10.06
8.72,-2.8208,-2.8175,1.5896,0.31354,0.020527,0.36374,0.8769,7.3018,8.8685,-0.37882,-1.2737,-7.6574,2.5352,3.6272,-7.3472,1.2156,0,0,0,2.985,2.9095,3.0267,2.7528,-85.889,-63.669,-3.3461,-5.9417,127.43,9.9815
8.73,-2.7476,-2.7292,1.5859,0.32141,-0.014852,0.35136,0.87922,7.3338,8.7919,-0.36683,-1.2987,-7.4593,2.4905,2.7682,-7.9774,1.1826,0,0,0,3.002,2.9818,3.0476,2.7486,-85.87,-62.353,-3.2468,9.738,135.88,9.8828
8.74,-2.6741,-2.6417,1.5823,0.32831,-0.049364,0.33932,0.88014,7.3571,8.709,-0.35516,-1.3141,-7.182,2.4259,1.9103,-8.594,1.1506,0,0,0,3.0345,3.0641,3.0816,2.7672,-85.694,-60.952,-3.1485,25.379,144.17,9.7646
8.75,-2.6005,-2.555,1.5788,0.33417,-0.082635,0.32778,0.87981,7.372,8.6201,-0.34381,-1.3206,-6.8423,2.3449,1.0549,-9.1961,1.1196,0,0,0,3.082,3.1535,3.1283,2.8083,-85.362,-59.47,-3.0516,40.958,152.29,9.6277
8.76,-2.5267,-2.4693,1.5754,0.33898,-0.11438,0.31689,0.8784,7.3783,8.5252,-0.33277,-1.319,-6.4585,2.2514,0.20356,-9.7831,1.0896,0,0,0,3.1434,3.248,3.1867,2.8701,-84.875,-57.907,-2.956,56.45,160.23,9.4731
8.77,-2.4529,-2.3845,1.5721,0.34276,-0.1444,0.30675,0.87611,7.3761,8.4245,-0.32202,-1.3107,-6.0483,2.1493,-0.64212,-10.354,1.0605,0,0,0,3.2175,3.3463,3.2562,2.9502,-84.234,-56.266,-2.8621,71.834,167.98,9.3017
8.78,-2.3792,-2.3008,1.569,0.34555,-0.17259,0.29742,0.87312,7.3654,8.3181,-0.31155,-1.2966,-5.6273,2.0423,-1.4806,-10.908,1.0324,0,0,0,3.3025,3.4474,3.3357,3.0457,-83.439,-54.548,-2.7701,87.084,175.53,9.1145
8.79,-2.3057,-2.2182,1.5659,0.34743,-0.19892,0.28895,0.86961,7.3465,8.2063,-0.30137,-1.278,-5.2081,1.9335,-2.3104,-11.445,1.0051,0,0,0,3.397,3.551,3.4241,3.1537,-82.492,-52.756,-2.6799,102.18,182.86,8.9123
8.8,-2.2323,-2.1367,1.563,0.34848,-0.22341,0.28133,0.86574,7.3193,8.0893,-0.29145,-1.256,-4.8002,1.8253,-3.13,-11.963,0.97875,0,0,0,3.4991,3.6567,3.5202,3.2712,-81.396,-50.892,-2.5919,117.09,189.96,8.6961
8.81,-2.1593,-2.0564,1.5601,0.34876,-0.24611,0.27455,0.86164,7.2839,7.9672,-0.28179,-1.2314,-4.4102,1.7197,-3.9378,-12.462,0.95326,0,0,0,3.6072,3.7642,3.6227,3.3956,-80.151,-48.957,-2.506,131.8,196.83,8.4667
8.82,-2.0867,-1.9774,1.5573,0.34838,-0.26712,0.26858,0.85741,7.2405,7.8401,-0.27238,-1.205,-4.0421,1.6179,-4.7325,-12.942,0.92862,0,0,0,3.7198,3.8732,3.7302,3.5247,-78.761,-46.956,-2.4226,146.29,203.45,8.2252
8.83,-2.0145,-1.8996,1.5546,0.3474,-0.28653,0.26337,0.85314,7.1893,7.7084,-0.26321,-1.1775,-3.6982,1.521,-5.5125,-13.401,0.9048,0,0,0,3.8355,3.9833,3.8415,3.6566,-77.226,-44.889,-2.3416,160.52,209.82,7.9724
8.84,-1.9429,-1.8232,1.552,0.3459,-0.30447,0.25889,0.8489,7.1304,7.5722,-0.25428,-1.1493,-3.3791,1.4294,-6.2765,-13.84,0.88178,0,0,0,3.9531,4.094,3.9553,3.7895,-75.551,-42.76,-2.2631,174.48,215.91,7.7093
8.85,-1.8719,-1.7482,1.5496,0.34394,-0.32104,0.25507,0.84474,7.0638,7.4317,-0.24557,-1.1209,-3.0845,1.3432,-7.0231,-14.256,0.85953,0,0,0,4.0713,4.2047,4.0705,3.9223,-73.738,-40.572,-2.1874,188.14,221.73,7.4368
8.86,-1.8017,-1.6746,1.5471,0.34158,-0.33635,0.25185,0.84069,6.99,7.2871,-0.23709,-1.0924,-2.8135,1.2627,-7.7509,-14.651,0.83802,0,0,0,4.1893,4.3148,4.1859,4.0536,-71.789,-38.327,-2.1144,201.47,227.26,7.1557
8.87,-1.7322,-1.6025,1.5448,0.33888,-0.3505,0.2492,0.83678,6.9089,7.1387,-0.22881,-1.0643,-2.5646,1.1875,-8.4585,-15.023,0.81723,0,0,0,4.306,4.4237,4.3007,4.1826,-69.709,-36.028,-2.0443,214.47,232.48,6.8671
8.88,-1.6635,-1.5318,1.5426,0.33588,-0.36359,0.24706,0.83304,6.8209,6.9867,-0.22074,-1.0365,-2.3362,1.1176,-9.1446,-15.371,0.79713,0,0,0,4.4207,4.5308,4.4139,4.3085,-67.501,-33.678,-1.9771,227.09,237.39,6.5719
8.89,-1.5958,-1.4627,1.5404,0.33263,-0.3757,0.24537,0.82946,6.7261,6.8314,-0.21287,-1.0093,-2.1267,1.0527,-9.8081,-15.696,0.77768,0,0,0,4.5325,4.6354,4.5247,4.4304,-65.169,-31.281,-1.9129,239.33,241.98,6.2709
8.9,-1.529,-1.3952,1.5383,0.32915,-0.38691,0.2441,0.82606,6.6248,6.6729,-0.20518,-0.98269,-1.9343,0.99236,-10.448,-15.997,0.75886,0,0,0,4.6408,4.7369,4.6323,4.5479,-62.716,-28.84,-1.8517,251.14,246.23,5.9652
8.91,-1.4633,-1.3293,1.5363,0.32549,-0.39729,0.2432,0.82285,6.5172,6.5115,-0.19769,-0.95673,-1.7574,0.93638,-11.062,-16.273,0.74064,0,0,0,4.745,4.8348,4.7361,4.6604,-60.147,-26.358,-1.7936,262.52,250.14,5.6555
8.92,-1.3987,-1.265,1.5343,0.32167,-0.4069,0.24263,0.81981,6.4036,6.3475,-0.19037,-0.93146,-1.5944,0.88441,-11.65,-16.524,0.72298,0,0,0,4.8446,4.9285,4.8356,4.7674,-57.467,-23.838,-1.7386,273.44,253.68,5.3429
8.93,-1.3352,-1.2024,1.5325,0.31771,-0.41581,0.24236,0.81696,6.2843,6.1811,-0.18323,-0.90688,-1.4439,0.83615,-12.211,-16.749,0.70585,0,0,0,4.939,5.0176,4.93,4.8685,-54.68,-21.285,-1.6868,283.87,256.87,5.0283
8.94,-1.273,-1.1414,1.5307,0.31365,-0.42406,0.24235,0.81429,6.1595,6.0126,-0.17625,-0.88301,-1.3046,0.79129,-12.743,-16.949,0.68923,0,0,0,5.0279,5.1015,5.0191,4.9632,-51.792,-18.702,-1.6381,293.79,259.67,4.7126
8.95,-1.2121,-1.0821,1.529,0.30949,-0.43169,0.24257,0.8118,6.0295,5.8422,-0.16944,-0.85983,-1.1752,0.74955,-13.247,-17.123,0.67308,0,0,0,5.1107,5.1799,5.1023,5.0514,-48.806,-16.093,-1.5925,303.17,262.08,4.3966
8.96,-1.1524,-1.0245,1.5273,0.30526,-0.43875,0.243,0.80948,5.8947,5.6702,-0.16279,-0.83734,-1.0545,0.71068,-13.719,-17.271,0.65737,0,0,0,5.1871,5.2523,5.1792,5.1326,-45.73,-13.462,-1.5501,312,264.1,4.0814
8.97,-1.0942,-0.96871,1.5257,0.30098,-0.44527,0.24362,0.80734,5.7552,5.4969,-0.15629,-0.81551,-0.94165,0.67444,-14.161,-17.392,0.64207,0,0,0,5.2568,5.3184,5.2495,5.2066,-42.568,-10.813,-1.5109,320.25,265.7,3.7679
8.98,-1.0373,-0.91461,1.5242,0.29665,-0.45128,0.24439,0.80537,5.6116,5.3225,-0.14995,-0.79433,-0.83562,0.64059,-14.57,-17.487,0.62714,0,0,0,5.3195,5.3778,5.3129,5.2732,-39.327,-8.1493,-1.4747,327.89,266.88,3.457
8.99,-0.98196,-0.86226,1.5227,0.29229,-0.4568,0.24529,0.80357,5.4639,5.1472,-0.14375,-0.77378,-0.73558,0.60895,-14.947,-17.555,0.61256,0,0,0,5.3749,5.4303,5.369,5.3321,-36.013,-5.4764,-1.4417,334.91,267.63,3.1495
9,-0.92808,-0.81167,1.5213,0.2879,-0.46187,0.24632,0.80195,5.3127,4.9715,-0.13769,-0.75383,-0.64073,0.57931,-15.29,-17.597,0.5983,0,0,0,5.4227,5.4756,5.4178,5.3831,-32.631,-2.7983,-1.4117,341.27,267.93,2.8465
9.01,-0.87572,-0.76283,1.5199,0.28351,-0.46649,0.24745,0.80049,5.1582,4.7954,-0.13178,-0.73447,-0.55037,0.55151,-15.6,-17.611,0.58432,0,0,0,5.4629,5.5136,5.4588,5.426,-29.189,-0.1194,-1.3848,346.96,267.77,2.5488
9.02,-0.82492,-0.71576,1.5187,0.27911,-0.47069,0.24866,0.79919,5.0008,4.6193,-0.12601,-0.71567,-0.4638,0.5254,-15.874,-17.599,0.57059,0,0,0,5.4951,5.5439,5.4921,5.4608,-25.694,2.5556,-1.3607,351.95,267.15,2.2574
9.03,-0.77571,-0.67045,1.5174,0.27472,-0.47449,0.24995,0.79807,4.8409,4.4435,-0.12037,-0.69742,-0.38042,0.50083,-16.113,-17.56,0.55709,0,0,0,5.5193,5.5664,5.5173,5.4873,-22.153,5.222,-1.3396,356.22,266.05,1.9732
9.04,-0.72811,-0.62689,1.5162,0.27034,-0.47788,0.2513,0.79711,4.6787,4.2682,-0.11486,-0.67968,-0.29961,0.47766,-16.317,-17.495,0.54379,0,0,0,5.5353,5.581,5.5345,5.5053,-18.572,7.8751,-1.3213,359.75,264.47,1.6971
9.05,-0.68214,-0.58508,1.5151,0.26598,-0.4809,0.2527,0.79633,4.5147,4.0937,-0.10949,-0.66244,-0.22082,0.45579,-16.485,-17.403,0.53066,0,0,0,5.543,5.5877,5.5434,5.5149,-14.96,10.51,-1.3056,362.5,262.38,1.4301
9.06,-0.63782,-0.54501,1.5141,0.26163,-0.48353,0.25414,0.79571,4.3491,3.9202,-0.10425,-0.64567,-0.1435,0.4351,-16.616,-17.285,0.51767,0,0,0,5.5424,5.5862,5.5442,5.516,-11.325,13.121,-1.2926,364.47,259.78,1.173
9.07,-0.59517,-0.50667,1.513,0.2573,-0.48579,0.25562,0.79527,4.1825,3.7481,-0.099138,-0.62936,-0.06712,0.4155,-16.711,-17.141,0.5048,0,0,0,5.5334,5.5767,5.5366,5.5086,-7.6737,15.704,-1.2821,365.61,256.67,0.92682
9.08,-0.55418,-0.47004,1.5121,0.253,-0.48768,0.25712,0.79501,4.015,3.5775,-0.094154,-0.61348,0.0088412,0.39689,-16.77,-16.971,0.49202,0,0,0,5.516,5.559,5.5207,5.4926,-4.0154,18.253,-1.274,365.92,253.02,0.69243
9.09,-0.51487,-0.43511,1.5112,0.24873,-0.48921,0.25864,0.79493,3.8472,3.4088,-0.089297,-0.59801,0.084909,0.37919,-16.791,-16.776,0.47931,0,0,0,5.4903,5.5332,5.4966,5.4681,-0.35825,20.762,-1.2682,365.36,248.82,0.47078
9.1,-0.47723,-0.40186,1.5103,0.24448,-0.49036,0.26018,0.79504,3.6793,3.2421,-0.084567,-0.58293,0.16161,0.36232,-16.777,-16.556,0.46665,0,0,0,5.4562,5.4993,5.4643,5.4351,3.2889,23.227,-1.2646,363.92,244.08,0.26277
9.11,-0.44128,-0.37026,1.5095,0.24025,-0.49114,0.26173,0.79534,3.5118,3.0777,-0.079964,-0.56821,0.23949,0.34621,-16.726,-16.311,0.45401,0,0,0,5.4138,5.4574,5.4239,5.3938,6.9171,25.642,-1.2629,361.56,238.76,0.069349
9.12,-0.407,-0.3403,1.5087,0.23604,-0.49155,0.26329,0.79583,3.3449,2.9159,-0.075487,-0.55385,0.3191,0.33079,-16.638,-16.043,0.44138,0,0,0,5.3633,5.4077,5.3755,5.3442,10.517,28.001,-1.2631,358.28,232.87,-0.10858
9.13,-0.37438,-0.31194,1.508,0.23185,-0.49157,0.26485,0.79653,3.1791,2.757,-0.071136,-0.53981,0.40104,0.31601,-16.515,-15.751,0.42874,0,0,0,5.3047,5.3502,5.3192,5.2865,14.079,30.297,-1.2651,354.03,226.4,-0.27008
9.14,-0.34341,-0.28515,1.5073,0.22768,-0.4912,0.26642,0.79744,3.0147,2.601,-0.066912,-0.52607,0.48591,0.3018,-16.357,-15.437,0.41608,0,0,0,5.2383,5.2852,5.2553,5.2209,17.594,32.527,-1.2685,348.8,219.32,-0.41424
9.15,-0.31408,-0.2599,1.5066,0.22351,-0.49041,0.268,0.79857,2.8521,2.4483,-0.062815,-0.51261,0.57439,0.28811,-16.164,-15.101,0.40337,0,0,0,5.1642,5.2129,5.1839,5.1475,21.052,34.682,-1.2733,342.57,211.64,-0.54013
9.16,-0.28636,-0.23617,1.506,0.21934,-0.48921,0.26959,0.79993,2.6916,2.299,-0.058845,-0.4994,0.66718,0.2749,-15.936,-14.744,0.39061,0,0,0,5.0827,5.1334,5.1053,5.0666,24.442,36.757,-1.2792,335.31,203.34,-0.64683
9.17,-0.26024,-0.21391,1.5054,0.21517,-0.48755,0.27118,0.80153,2.5335,2.1535,-0.055003,-0.48642,0.76503,0.26211,-15.675,-14.366,0.37778,0,0,0,4.9939,5.0472,5.0199,4.9785,27.755,38.746,-1.2861,327,194.4,-0.73342
9.18,-0.23568,-0.19309,1.5049,0.21099,-0.48544,0.27278,0.80339,2.3782,2.0118,-0.05129,-0.47363,0.86879,0.24971,-15.381,-13.969,0.36488,0,0,0,4.8983,4.9545,4.9279,4.8833,30.979,40.643,-1.2938,317.61,184.83,-0.79897
9.19,-0.21266,-0.17366,1.5044,0.20677,-0.48282,0.27439,0.80551,2.226,1.8741,-0.047706,-0.46102,0.97934,0.23764,-15.056,-13.554,0.3519,0,0,0,4.7961,4.8557,4.8296,4.7816,34.103,42.441,-1.3021,307.13,174.6,-0.84257
9.2,-0.19115,-0.15559,1.504,0.20252,-0.47968,0.27602,0.8079,2.0772,1.7408,-0.044252,-0.44855,1.0977,0.22587,-14.7,-13.121,0.33884,0,0,0,4.6876,4.7511,4.7256,4.6736,37.118,44.133,-1.3106,295.52,163.7,-0.86328
9.21,-0.17111,-0.13883,1.5035,0.19821,-0.47598,0.27766,0.81059,1.9321,1.6118,-0.040929,-0.43618,1.2248,0.21437,-14.314,-12.671,0.32569,0,0,0,4.5733,4.6413,4.6162,4.5598,40.01,45.713,-1.3192,282.76,152.13,-0.86019
9.22,-0.15249,-0.12334,1.5031,0.19384,-0.47168,0.27933,0.81359,1.791,1.4874,-0.037738,-0.42387,1.3619,0.20309,-13.9,-12.207,0.31246,0,0,0,4.4537,4.5268,4.5019,4.4406,42.769,47.173,-1.3277,268.84,139.88,-0.83237
9.23,-0.13527,-0.10907,1.5028,0.18937,-0.46672,0.28104,0.8169,1.6542,1.3677,-0.03468,-0.41159,1.5102,0.192,-13.459,-11.728,0.29914,0,0,0,4.3292,4.408,4.3833,4.3165,45.383,48.508,-1.3358,253.72,126.93,-0.7789
9.24,-0.1194,-0.09597,1.5024,0.1848,-0.46106,0.28277,0.82056,1.5219,1.2529,-0.031756,-0.3993,1.671,0.18107,-12.993,-11.237,0.28574,0,0,0,4.2004,4.2855,4.261,4.188,47.839,49.709,-1.3432,237.39,113.27,-0.69886
9.25,-0.10482,-0.083995,1.5021,0.18009,-0.45462,0.28454,0.82457,1.3944,1.143,-0.028966,-0.38693,1.8455,0.17027,-12.503,-10.735,0.27228,0,0,0,4.0679,4.16,4.1355,4.0559,50.127,50.771,-1.3497,219.82,98.887,-0.59132
9.26,-0.091491,-0.073094,1.5019,0.17523,-0.44736,0.28636,0.82895,1.2719,1.0382,-0.026311,-0.37444,2.0352,0.15958,-11.991,-10.222,0.25875,0,0,0,3.9323,4.0321,4.0075,3.9207,52.232,51.685,-1.3549,200.98,83.778,-0.45537
9.27,-0.079362,-0.063214,1.5016,0.17018,-0.43918,0.28824,0.83372,1.1546,0.93857,-0.023791,-0.36176,2.2414,0.14897,-11.459,-9.7015,0.24518,0,0,0,3.7945,3.9025,3.8778,3.7832,54.142,52.444,-1.3587,180.85,67.928,-0.29008
9.28,-0.06838,-0.054305,1.5014,0.16491,-0.43,0.29016,0.83887,1.0428,0.84419,-0.021407,-0.34884,2.4651,0.13843,-10.909,-9.1739,0.23159,0,0,0,3.6551,3.772,3.7471,3.6443,55.844,53.041,-1.3606,159.42,51.326,-0.094521
9.29,-0.058488,-0.046313,1.5012,0.1594,-0.41974,0.29214,0.84443,0.93652,0.75511,-0.019159,-0.33559,2.7073,0.12793,-10.343,-8.6413,0.21798,0,0,0,3.5151,3.6413,3.6161,3.5048,57.326,53.468,-1.3605,136.65,33.962,0.13222
9.3,-0.04963,-0.039185,1.501,0.15361,-0.4083,0.29418,0.85038,0.83598,0.67138,-0.017047,-0.32194,2.9685,0.11749,-9.763,-8.1052,0.20438,0,0,0,3.3756,3.5112,3.4856,3.3658,58.573,53.717,-1.3579,112.52,15.824,0.39107
9.31,-0.041749,-0.032867,1.5008,0.14749,-0.39558,0.29628,0.85673,0.7413,0.59301,-0.015071,-0.30781,3.2482,0.1071,-9.1721,-7.5675,0.19083,0,0,0,3.2377,3.3824,3.3564,3.2285,59.571,53.782,-1.3525,87.007,-3.0995,0.68295
9.32,-0.034784,-0.027306,1.5007,0.14102,-0.38147,0.29842,0.86345,0.65257,0.52002,-0.013231,-0.29312,3.5452,0.096784,-8.5725,-7.0302,0.17734,0,0,0,3.1027,3.2555,3.2291,3.0942,60.308,53.653,-1.3441,60.091,-22.818,1.0088
9.33,-0.028677,-0.022449,1.5006,0.13417,-0.36588,0.30061,0.8705,0.56987,0.4524,-0.011524,-0.27778,3.8568,0.086571,-7.9668,-6.4951,0.16396,0,0,0,2.972,3.1314,3.1046,2.9643,60.768,53.323,-1.3323,31.746,-43.344,1.3695
9.34,-0.023367,-0.018241,1.5005,0.1269,-0.34874,0.30282,0.87783,0.49324,0.39011,-0.0099509,-0.26173,4.1783,0.076512,-7.3581,-5.9644,0.15071,0,0,0,2.8472,3.0104,2.9833,2.8405,60.938,52.783,-1.3166,1.9496,-64.688,1.766
9.35,-0.018792,-0.014629,1.5004,0.1192,-0.32999,0.30502,0.88536,0.42271,0.33309,-0.0085093,-0.24491,4.5028,0.066678,-6.7491,-5.4402,0.13764,0,0,0,2.7299,2.8932,2.8658,2.7244,60.803,52.026,-1.2968,-29.323,-86.86,2.1993
9.36,-0.014892,-0.011562,1.5003,0.11106,-0.3096,0.30719,0.893,0.35825,0.28127,-0.0071974,-0.2273,4.8204,0.057158,-6.1431,-4.9247,0.12479,0,0,0,2.6221,2.7801,2.7526,2.6178,60.347,51.043,-1.2725,-62.095,-109.87,2.6701
9.37,-0.011607,-0.0089866,1.5002,0.1025,-0.28762,0.3093,0.90061,0.29982,0.23456,-0.0060127,-0.2089,5.1185,0.048061,-5.5433,-4.4201,0.11221,0,0,0,2.5253,2.6714,2.644,2.5226,59.556,49.826,-1.2433,-96.39,-133.73,3.1796
9.38,-0.008876,-0.0068537,1.5002,0.09354,-0.26414,0.31128,0.90807,0.24735,0.19283,-0.0049522,-0.18979,5.3816,0.03951,-4.9531,-3.929,0.099941,0,0,0,2.4413,2.5673,2.5405,2.4401,58.414,48.366,-1.2088,-132.23,-158.46,3.7285
9.39,-0.0066404,-0.0051139,1.5001,0.084255,-0.23934,0.3131,0.9152,0.20072,0.15593,-0.0040126,-0.1701,5.5922,0.031636,-4.3762,-3.4536,0.088049,0,0,0,2.3711,2.4684,2.4424,2.3716,56.906,46.654,-1.1686,-169.64,-184.06,4.3179
9.4,-0.0048426,-0.0037196,1.5001,0.074738,-0.21352,0.3147,0.92184,0.15977,0.12369,-0.0031898,-0.15003,5.7317,0.024563,-3.8163,-2.9968,0.07659,0,0,0,2.3154,2.3752,2.3504,2.3177,55.016,44.682,-1.1223,-208.65,-210.54,4.9486
9.41,-0.0034267,-0.0026252,1.5001,0.065114,-0.18704,0.31605,0.92784,0.12432,0.095923,-0.0024792,-0.12987,5.7826,0.018396,-3.2773,-2.5609,0.065625,0,0,0,2.2741,2.2885,2.2652,2.278,52.727,42.44,-1.0695,-249.27,-237.91,5.6215
9.42,-0.0023386,-0.001787,1.5,0.055539,-0.16036,0.3171,0.93309,0.094143,0.072395,-0.0018754,-0.10996,5.7304,0.013204,-2.7631,-2.1489,0.055224,0,0,0,2.2463,2.2091,2.1878,2.2517,50.025,39.92,-1.0097,-291.54,-266.19,6.3376
9.43,-0.0015271,-0.0011639,1.5,0.046188,-0.13403,0.31783,0.93749,0.068962,0.052857,-0.0013726,-0.09069,5.5653,0.009009,-2.2782,-1.7635,0.045456,0,0,0,2.2306,2.1382,2.119,2.2371,46.891,37.113,-0.94257,-335.46,-295.39,7.0979
9.44,-0.00094376,-0.00071749,1.5,0.037248,-0.10861,0.31826,0.94102,0.048467,0.037028,-0.00096392,-0.072465,5.2833,0.0057802,-1.8268,-1.4076,0.036398,0,0,0,2.2247,2.0765,2.0597,2.2321,43.31,34.009,-0.8676,-381.08,-325.51,7.9031
9.45,-0.00054337,-0.00041206,1.5,0.028907,-0.084684,0.31839,0.94373,0.032299,0.024596,-0.00064197,-0.055673,4.8865,0.0034347,-1.4135,-1.0843,0.028132,0,0,0,2.2267,2.0244,2.0101,2.2344,39.264,30.6,-0.78435,-428.41,-356.58,8.7543
9.46,-0.0002847,-0.00021537,1.5,0.021345,-0.062812,0.31826,0.94568,0.020053,0.015223,-0.00039838,-0.040664,4.3813,0.0018475,-1.0431,-0.79666,0.02074,0,0,0,2.2342,1.9816,1.9698,2.2418,34.736,26.875,-0.69236,-477.47,-388.59,9.6524
9.47,-0.00013074,-9.8656e-05,1.5,0.014722,-0.043514,0.31793,0.947,0.011277,0.0085338,-0.00022394,-0.027727,3.777,0.00086722,-0.7205,-0.54788,0.014315,0,0,0,2.2456,1.9472,1.9378,2.2526,29.709,22.825,-0.59114,-528.29,-421.56,10.598
9.48,-4.9266e-05,-3.7086e-05,1.5,0.0091825,-0.027257,0.31743,0.94784,0.0054672,0.0041246,-0.00010854,-0.017089,3.0837,0.00033291,-0.45069,-0.34128,0.0089499,0,0,0,2.2595,1.9197,1.9125,2.2654,24.164,18.44,-0.48023,-580.89,-455.51,11.593
9.49,-1.3348e-05,-1.0024e-05,1.5,0.0048502,-0.014457,0.31683,0.94836,0.0020694,0.0015565,-4.1078e-05,-0.008917,2.3098,9.166e-05,-0.239,-0.18023,0.0047445,0,0,0,2.2749,1.8971,1.892,2.2795,18.085,13.711,-0.35912,-635.3,-490.43,12.637
9.5,-1.859e-06,-1.3927e-06,1.5,0.0035484,-0.0045768,-0.015338,0.99987,0.00047549,0.00035655,-9.4378e-06,-0.9148,1.1397,1.2952e-05,-0.090844,-0.068227,0.0018031,0,0,0,2.1151,2.0538,1.7911,2.3777,11.452,8.6283,-0.22732,-691.54,-526.35,13.732
9.51,-3.0561e-08,-2.2841e-08,1.5,0.00046158,-0.00059771,-0.015338,0.99988,2.2e-05,1.6448e-05,-4.3669e-07,-0.33749,0.42298,2.1584e-07,-0.011861,-0.0088725,0.00023543,0,0,0,2.119,2.0489,1.7672,2.4007,4.2477,3.181,-0.084312,-749.63,-563.28,14.878
9.5155,-1.4211e-14,1.0658e-14,1.5,-1.4489e-15,-2.2226e-17,-0.015338,0.99988,0,4.2633e-14,5.3291e-15,1.8092e-13,-2.2641e-13,-3.3599e-28,0,2.8422e-14,-3.5527e-15,0,0,0,2.1215,2.0463,1.7541,2.4137,-2.2737e-12,-1.7053e-12,4.2633e-14,-782.65,-584.19,15.536
